SSN,File.name,Code,RSN,SID,Mw,E.Lat,E.Long,E.Dep,EpiD,Vs30_mea,S.Lat,S.Long,p.ver,peak.time,Ur,Uz,max.noise.ver.05,max.noise.rad.05,U.ratio,ray.p,i2.angle,Vp_1,Vp_2,j.angle,Vsz,SNRrad,SNRver,z_0.15,network,station,f0,Vs30_est,Res,y_bar,eta,within_res,station2,Vs30_f0,Res_f0,slope,mean_ele_500m,slope_500m,log_res,P-wave_pred,Set1_pred,Set2_pred,Set3_pred,Set4_pred
1312,RSN2052,3,2052,13099,4.27,33.9173,-117.7758,7.0,17.5,420,33.876,-117.593,1.7,1.84,0.039527627,0.200839827,0.036904327,0.006309299,0.196811695,0.153479091,69.44395478,5.179664862,6.100695365,0.104719755,632.5468538,6.2649792,5.442175575,94.88202807,CE,13099,0.35,427,-0.016529302,-0.103339769,-0.010715175,0.086810467,CE.13099,427,-0.016529302,4.117599964,219.6060028,2.600260019,-0.01652930195121094,427,423.2311140162577,453.45611520395045,408.45455970928305,423.48521953631337
1312,RSN10576,3,10576,13099,4.45,34.1081,-117.3062,14.795,36.95,420,33.876,-117.593,19.83,19.915,-0.057999847,-0.198856957,0.001589147,0.001106862,0.291666171,0.147900382,69.03344512,5.179664862,6.313637877,0.13962634,955.9078497,52.40025134,125.1344004,143.3861775,CE,13099,0.35,577,-0.317587555,-0.103339769,-0.010715175,-0.214247787,CE.13099,577,-0.317587555,4.117599964,219.6060028,2.600260019,-0.31758755523068594,577,629.2868572985278,559.1325127417613,562.92429659499,522.1619168981829
1312,RSN11504,3,11504,13099,4.73,33.7328,-117.4921,10.018,18.43,420,33.876,-117.593,24.61,24.665,-0.02417688,-0.143618268,0.025164524,0.005369382,0.168341257,0.142421923,62.05536456,5.179664862,6.202702587,0.087266463,585.0156028,4.502730482,5.707172049,87.75234042,CE,13099,0.35,410,0.024097552,-0.103339769,-0.010715175,0.12743732,CE.13099,410,0.024097552,4.117599964,219.6060028,2.600260019,0.024097551579060017,410,441.68642603331995,404.24834432639625,411.7595130299253,440.02299163062986
3044,RSN14495,11,14495, BLY,4.01,33.2617,-116.0659,5.761,153.16,1029,33.75,-114.524,36.97,37.12,0.012430865,0.023073498,0.003158004,0.001174953,0.538750791,0.165002335,88.19407374,5.179664862,6.057510055,0.244346095,1481.460381,10.57988277,7.3063549,222.2190572,CI,BLY,-999.0,764,0.297774947,0.291630497,0.384255091,0.006144449,CI.BLY,764,0.297774947,47.8932991,146.9880066,7.737730026,0.2977749466675288,764,875.098556635966,1304.2079693209078,887.8705395407685,1127.9542055429797
3044,RSN10913,11,10913, BLY,4.26,33.8776,-116.2019,10.062,155.99,1029,33.75,-114.524,20.65,20.71,9.27e-05,0.000173515,7.07e-05,3.53e-05,0.534354698,0.160907108,86.63236161,5.179664862,6.204033973,0.244346095,1509.391635,2.626062323,2.454243281,226.4087453,CI,BLY,-999.0,773,0.286063687,0.291630497,0.384255091,-0.00556681,CI.BLY,773,0.286063687,47.8932991,146.9880066,7.737730026,0.2860636872466271,773,864.0745599754581,1250.4052003552183,910.7545983872086,1206.940113283487
3044,RSN8989,11,8989, BLY,5.2,33.5328,-116.5697,15.48,191.3,1029,33.75,-114.524,14.61,14.75,0.001995832,0.00362756,0.000176971,5.96e-05,0.550185957,0.157427854,85.64188284,5.179664862,6.333749326,0.244346095,1578.497108,33.48711409,20.4980477,236.7745662,CI,BLY,-999.0,737,0.333754844,0.291630497,0.384255091,0.042124346,CI.BLY,737,0.333754844,47.8932991,146.9880066,7.737730026,0.3337548436447131,737,906.407567156171,1053.0426095982784,881.1543450649932,980.2449876249317
3044,RSN14381,11,14381, BLY,4.14,34.8632,-116.3444,6.474,208.15,1029,33.75,-114.524,25.4,25.47,0.000144945,0.000275394,0.000114407,6.8e-05,0.526319687,0.164289237,88.47784802,5.179664862,6.084678138,0.244346095,1460.703132,2.131544118,2.40714292,219.1054698,CI,BLY,-999.0,757,0.306979482,0.291630497,0.384255091,0.015348985,CI.BLY,757,0.306979482,47.8932991,146.9880066,7.737730026,0.306979482396601,757,946.9582370099075,1313.0937994000128,949.6483588803138,1133.5947217657779
3044,RSN15557,11,15557, BLY,4.06,32.6823,-116.088,9.762,187.83,1029,33.75,-114.524,28.83,28.88,2.5e-05,5e-05,1.26e-05,1.11e-05,0.499663965,0.161249418,87.30293139,5.179664862,6.194703173,0.226892803,1422.728347,2.252252252,3.968253968,213.4092521,CI,BLY,-999.0,743,0.325646691,0.291630497,0.384255091,0.034016194,CI.BLY,743,0.325646691,47.8932991,146.9880066,7.737730026,0.3256466911162903,743,882.9236855282321,1189.1049767187035,871.8008398289285,1103.6048726683339
3044,RSN13111,11,13111, BLY,4.06,33.2394,-116.2082,10.532,166.44,1029,33.75,-114.524,13.02,13.11,0.000105775,0.000197129,2.89e-05,1.99e-05,0.536576829,0.160568098,86.69371498,5.179664862,6.217520851,0.244346095,1517.534957,5.315326633,6.821072664,227.6302436,CI,BLY,-999.0,775,0.283479706,0.291630497,0.384255091,-0.008150791,CI.BLY,775,0.283479706,47.8932991,146.9880066,7.737730026,0.2834797064807022,775,882.6530908334438,1204.7968197011082,911.8809956036231,1164.6692511839858
3044,RSN10402,11,10402, BLY,4.45,34.1081,-117.3062,14.795,260.3,1029,33.75,-114.524,16.65,16.71,0.000122428,0.000167946,2.83e-05,5.6e-05,0.728973707,0.158163104,86.95116168,5.179664862,6.313637877,0.314159265,1958.221532,2.186214286,5.934487633,293.7332298,CI,BLY,-999.0,836,0.207714123,0.291630497,0.384255091,-0.083916374,CI.BLY,836,0.207714123,47.8932991,146.9880066,7.737730026,0.20771412274934775,836,926.7312946861497,937.6148753471521,1023.5389835448501,950.5629693291655
3046,RSN15536,12,15536, BOR,3.75,32.5969,-115.5741,12.269,108.42,619,33.268,-116.417,31.68,31.71,9.85e-05,0.000161586,3.26e-05,2.08e-05,0.609656335,0.158917788,83.98790004,5.179664862,6.257951442,0.27925268,1703.10376,4.735576923,4.956625767,255.465564,CI,BOR,-999.0,751,-0.193300379,-0.374657107,-0.282032514,0.181356728,CI.BOR,751,-0.193300379,20.2465992,289.8450012,13.80760002,-0.19330037907953823,751,719.7691516867586,632.0883976573101,677.436117117088,619.4476078976069
3046,RSN10914,12,10914, BOR,4.26,33.8776,-116.2019,10.062,70.5,619,33.268,-116.417,28.55,28.64,-0.002557033,-0.004260935,8.51e-05,1.24e-05,0.60011076,0.159813078,82.51797595,5.179664862,6.204033973,0.261799388,1667.645827,206.2123387,50.06974148,250.1468741,CI,BOR,-999.0,739,-0.177192648,-0.374657107,-0.282032514,0.197464459,CI.BOR,739,-0.177192648,20.2465992,289.8450012,13.80760002,-0.17719264826360526,739,758.7119280534163,667.4639100529017,705.1012260881417,703.6966868552532
3046,RSN16815,12,16815, BOR,3.49,34.309,-116.9297,9.684,124.85,619,33.268,-116.417,12.83,12.9,-0.000421287,-0.000585986,4.01e-05,5.43e-05,0.71893721,0.161093115,85.96152595,5.179664862,6.192176404,0.314159265,1904.549278,7.758508287,14.61311721,285.6823917,CI,BOR,-999.0,819,-0.279978811,-0.374657107,-0.282032514,0.094678296,CI.BOR,819,-0.279978811,20.2465992,289.8450012,13.80760002,-0.27997881116847356,819,776.3618577728085,660.4673556659948,697.0234314183076,605.8589525142727
3046,RSN9327,12,9327, BOR,4.88,34.0655,-117.0011,17.501,103.72,619,33.268,-116.417,15.03,15.3,-0.010620549,-0.008530105,4.71e-05,8.95e-05,1.245066541,0.154633498,80.81061652,5.179664862,6.383907006,0.453785606,2799.905052,118.665352,181.1062633,419.9857578,CI,BOR,-999.0,1101,-0.575868864,-0.374657107,-0.282032514,-0.201211757,CI.BOR,1101,-0.575868864,20.2465992,289.8450012,13.80760002,-0.5758688640380836,1101,801.2639403852336,757.0466156837132,535.001285772235,639.2082017870416
3046,RSN15891,12,15891, BOR,3.96,32.6554,-116.1347,12.336,72.89,619,33.268,-116.417,24.81,24.89,-0.000885212,-0.00083631,7.03e-05,1.99e-05,1.058473244,0.157764788,80.92860823,5.179664862,6.25927157,0.401425728,2505.491078,44.48301508,11.89630156,375.8236617,CI,BOR,-999.0,1011,-0.490589946,-0.374657107,-0.282032514,-0.115932839,CI.BOR,1011,-0.490589946,20.2465992,289.8450012,13.80760002,-0.4905899463358754,1011,701.4583192047161,726.2368841097773,550.2376335736128,603.8917592007894
3046,RSN13507,12,13507, BOR,4.06,32.7797,-117.3507,7.174,102.68,619,33.268,-116.417,14.57,14.63,-0.00079276,-0.000603667,0.000114,0.000157174,1.313242025,0.163484026,86.50193551,5.179664862,6.105409111,0.453785606,2711.917891,5.043836767,5.295324561,406.7876837,CI,BOR,-999.0,1075,-0.551970668,-0.374657107,-0.282032514,-0.17731356,CI.BOR,1075,-0.551970668,20.2465992,289.8450012,13.80760002,-0.5519706678771668,1075,831.2897276938527,797.6944279965021,651.151030147266,614.8138461234535
3046,RSN8990,12,8990, BOR,5.2,33.5328,-116.5697,15.48,32.62,619,33.268,-116.417,22.83,22.88,-0.15877467,-0.300837259,0.005748865,0.000933749,0.527775948,0.143048564,64.96287353,5.179664862,6.333749326,0.244346095,1681.276672,170.0399893,52.32985276,252.1915008,CI,BOR,-999.0,744,-0.183935762,-0.374657107,-0.282032514,0.190721345,CI.BOR,744,-0.183935762,20.2465992,289.8450012,13.80760002,-0.18393576214849539,744,800.2030476336806,566.9548128767561,718.2841569185154,726.9443037791727
3046,RSN8770,12,8770, BOR,5.39,33.9465,-117.7667,14.89,146.13,619,33.268,-116.417,26.87,27.39,-0.009936324,-0.00744282,0.000234082,0.000139023,1.33502133,0.157593168,84.52815583,5.179664862,6.31653763,0.471238898,2843.965442,71.47251894,31.79578097,426.5948163,CI,BOR,-999.0,1115,-0.588504411,-0.374657107,-0.282032514,-0.213847304,CI.BOR,1115,-0.588504411,20.2465992,289.8450012,13.80760002,-0.5885044112096232,1115,847.4490793901894,768.8324265158684,585.1956429438738,670.3921252614751
3046,RSN11350,12,11350, BOR,4.73,33.7328,-117.4921,10.018,112.42,619,33.268,-116.417,28.15,28.23,-0.001439798,-0.001189485,0.000364048,0.000330675,1.210437279,0.160690602,85.35530617,5.179664862,6.202702587,0.436332313,2649.342613,4.354118092,3.26738507,397.401392,CI,BOR,-999.0,1055,-0.533190773,-0.374657107,-0.282032514,-0.158533666,CI.BOR,1055,-0.533190773,20.2465992,289.8450012,13.80760002,-0.533190773225571,1055,841.6349913246087,821.5068333452709,621.1557621914445,604.5046744463298
3046,RSN17649,12,17649, BOR,3.47,33.8029,-116.1786,7.366,63.32,619,33.268,-116.417,15.96,16.03,0.0005303,0.001005677,4.03e-05,4.36e-06,0.527306426,0.162801641,84.1375615,5.179664862,6.110319177,0.244346095,1476.241767,121.6284404,24.95476427,221.4362651,CI,BOR,-999.0,762,-0.207841283,-0.374657107,-0.282032514,0.166815824,CI.BOR,762,-0.207841283,20.2465992,289.8450012,13.80760002,-0.2078412830020504,762,760.088038309468,708.3225538652007,747.3838915067321,801.5843168749687
3046,RSN10403,12,10403, BOR,4.45,34.1081,-117.3062,14.795,124.42,619,33.268,-116.417,16.85,16.95,0.003973885,0.003744218,0.000699179,0.000811422,1.061339316,0.157400444,83.60076391,5.179664862,6.313637877,0.401425728,2514.846846,4.897433148,5.355163699,377.2270269,CI,BOR,-999.0,1014,-0.493552911,-0.374657107,-0.282032514,-0.118895804,CI.BOR,1014,-0.493552911,20.2465992,289.8450012,13.80760002,-0.4935529114665327,1014,810.6424134711558,746.0129554987617,570.3753397543677,632.391608919456
3046,RSN12596,12,12596, BOR,4.11,33.5089,-116.8485,12.274,48.23,619,33.268,-116.417,13.45,13.5,0.00209582,0.002639862,3.43e-05,1.77e-05,0.793912467,0.155386325,76.51118291,5.179664862,6.258050482,0.331612558,2117.069945,118.4079096,76.96390671,317.5604918,CI,BOR,-999.0,888,-0.36086647,-0.374657107,-0.282032514,0.013790637,CI.BOR,888,-0.36086647,20.2465992,289.8450012,13.80760002,-0.3608664703075739,888,744.5749956439226,664.8440237193879,640.7562715881586,631.8839659971491
3046,RSN8183,12,8183, BOR,4.92,33.5083,-116.5143,15.2,28.21,619,33.268,-116.417,17.75,17.78,0.00748298,0.013479574,0.004783022,0.000849101,0.555134761,0.139913957,62.25895429,5.179664862,6.325747735,0.261799388,1794.797808,8.812826743,2.818212837,269.2196712,CI,BOR,-999.0,782,-0.233749468,-0.374657107,-0.282032514,0.14090764,CI.BOR,782,-0.233749468,20.2465992,289.8450012,13.80760002,-0.23374946786071504,782,800.7386962840334,581.5307552928516,722.6203043152032,645.6749817483976
3049,RSN10923,13,10923, CHN,4.26,33.8776,-116.2019,10.062,137.32,292,33.999,-117.68,23.65,23.78,0.000995667,0.004435454,0.000357844,0.000167361,0.224479175,0.160828815,86.1878825,5.179664862,6.204033973,0.104719755,684.7073971,5.94921756,12.39493746,102.7061096,CI,CHN,-999.0,447,-0.425804792,-0.152837688,-0.060213095,-0.272967104,CI.CHN,447,-0.425804792,1.372529984,207.397995,1.463750005,-0.42580479234528745,447,471.335808370389,472.4283289211841,396.3394153945966,369.3652991278545
3049,RSN15934,13,15934, CHN,3.64,33.8726,-117.7125,2.161,14.34,292,33.999,-117.68,19.2,19.36,-0.005522224,-0.029649712,0.000432142,0.000238881,0.186248827,0.167623489,84.47383318,5.179664862,5.93802414,0.087266463,548.2590954,23.11704991,68.61103989,82.23886431,CI,CHN,-999.0,395,-0.302131963,-0.152837688,-0.060213095,-0.149294274,CI.CHN,395,-0.302131963,1.372529984,207.397995,1.463750005,-0.30213196263284026,395,369.9398733272177,434.4954229910471,387.12384324711735,352.85552275073076
3049,RSN19315,13,19315, CHN,3.64,33.938,-117.7504,13.632,9.39,292,33.999,-117.68,17.6,17.65,0.001891337,0.064357365,0.00075005,0.000569462,0.029388047,0.092366927,35.46896961,5.179664862,6.282139913,0.017453293,159.0387332,3.3212699,85.80409973,23.85580998,CI,CHN,-999.0,169,0.546855087,-0.152837688,-0.060213095,0.699692776,CI.CHN,169,0.546855087,1.372529984,207.397995,1.463750005,0.5468550873452083,169,166.9083248567322,178.76969230208272,167.25531377948997,161.02223835768004
3049,RSN8190,13,8190, CHN,4.92,33.5083,-116.5143,15.2,120.79,292,33.999,-117.68,22.09,22.36,0.005982073,0.027227742,0.000841978,0.000285049,0.21970508,0.156970469,83.19520098,5.179664862,6.325747735,0.104719755,687.3031976,20.98612168,32.33783068,103.0954796,CI,CHN,-999.0,449,-0.430269085,-0.152837688,-0.060213095,-0.277431397,CI.CHN,449,-0.430269085,1.372529984,207.397995,1.463750005,-0.4302690854739728,449,474.4437760703633,464.66701893704357,393.33901129402113,385.71717669594506
3063,RSN15410,20,15410, JEM,3.99,34.0514,-117.2429,14.998,123.17,501,33.081,-116.598,21.46,21.55,0.000418924,0.000370539,3.42e-05,2.98e-05,1.130581979,0.15720174,83.45463629,5.179664862,6.319789549,0.41887902,2610.485715,14.05785235,10.83447368,391.5728573,CI,JEM,-999.0,1044,-0.734208667,-0.674489071,-0.581864478,-0.059719596,CI.JEM,1044,-0.734208667,20.58799934,1314.609985,6.39854002,-0.7342086673577191,1044,706.4717483873103,679.677536245429,756.9809722831619,704.5721874832941
3063,RSN12612,20,12612, JEM,4.11,33.5089,-116.8485,12.274,52.88,501,33.081,-116.598,13.93,14.01,-0.00232323,-0.002130054,5.47e-05,5.08e-05,1.090690348,0.156027348,77.53472891,5.179664862,6.258050482,0.41887902,2583.053669,45.73287402,38.94065814,387.4580504,CI,JEM,-999.0,1035,-0.725550605,-0.674489071,-0.581864478,-0.051061534,CI.JEM,1035,-0.725550605,20.58799934,1314.609985,6.39854002,-0.7255506046146047,1035,697.4529566280522,707.1726322611121,826.2943516811434,724.1629625836724
3063,RSN9491,20,9491, JEM,4.7,33.9275,-118.3536,11.588,188.21,501,33.081,-116.598,14.2,14.42,0.001671329,0.001225986,7.52e-05,9.66e-05,1.363252569,0.159907343,86.75935464,5.179664862,6.243621422,0.471238898,2827.736451,17.30154244,16.30300532,424.1604677,CI,JEM,-999.0,1110,-0.795509193,-0.674489071,-0.581864478,-0.121020122,CI.JEM,1110,-0.795509193,20.58799934,1314.609985,6.39854002,-0.7955091932215153,1110,792.6010910047354,720.6210429820068,864.7516142790008,738.1390660710638
3063,RSN10354,20,10354, JEM,4.63,32.3362,-115.2425,17.16,151.57,501,33.081,-116.598,22.65,22.75,-5.57e-05,-8.78e-05,2.24e-05,1.22e-05,0.634662654,0.155929148,83.8510507,5.179664862,6.37627289,0.27925268,1787.989578,4.56557377,3.919642857,268.1984367,CI,JEM,-999.0,780,-0.442687819,-0.674489071,-0.581864478,0.231801252,CI.JEM,780,-0.442687819,20.58799934,1314.609985,6.39854002,-0.44268781859877304,780,969.6621288687726,657.2501334454588,940.0468815701387,632.9267387472739
3070,RSN17510,22,17510, MSJ,3.62,33.9521,-116.3635,9.067,58.17,244,33.808,-116.968,22.95,23.02,0.000829241,0.005166883,0.00021937,0.000220993,0.160491578,0.160461039,81.94463729,5.179664862,6.170551665,0.087266463,495.6545362,3.752340572,23.55327985,74.34818043,CI,MSJ,3.83695,372,-0.421725629,-0.157974621,-0.065350028,-0.263751008,CI.MSJ,372,-0.421725629,3.882110119,465.3540039,0.641624987,-0.42172562897994403,372,385.4180432486476,397.83301401155154,372.5814540717241,350.3851462846139
3070,RSN15905,22,15905, MSJ,3.96,32.6554,-116.1347,12.336,149.58,244,33.808,-116.968,23.4,23.45,0.000295587,0.005533121,0.000866148,0.00011429,0.053421453,0.159296408,85.62000506,5.179664862,6.25927157,0.034906585,167.542589,2.586289264,6.388193473,25.13138835,CI,MSJ,3.83695,175,0.332382251,-0.157974621,-0.065350028,0.490356873,CI.MSJ,175,0.332382251,3.882110119,465.3540039,0.641624987,0.3323822513696877,175,180.77976525521947,211.19537162478753,151.69500536853462,146.3495508189905
3070,RSN15176,22,15176, MSJ,3.9,33.867,-117.1038,11.856,14.17,244,33.808,-116.968,17.84,17.93,0.003283293,0.051895716,0.001663043,0.000458906,0.063267124,0.122820495,50.13552187,5.179664862,6.24946745,0.034906585,257.2019501,7.154609005,31.20527611,38.58029252,CI,MSJ,3.83695,243,0.004106782,-0.157974621,-0.065350028,0.162081403,CI.MSJ,243,0.004106782,3.882110119,465.3540039,0.641624987,0.004106781952653904,243,266.38471472221744,256.5995414049386,239.35074611114868,251.6404563360003
3070,RSN8817,22,8817, MSJ,5.39,33.9465,-117.7667,14.89,75.47,244,33.808,-116.968,18.43,18.62,0.00776537,0.06292734,0.001909414,0.000228019,0.123402167,0.155597281,79.36912556,5.179664862,6.31653763,0.06981317,394.5159711,34.05580237,32.95636253,59.17739567,CI,MSJ,3.83695,323,-0.280484098,-0.157974621,-0.065350028,-0.122509476,CI.MSJ,323,-0.280484098,3.882110119,465.3540039,0.641624987,-0.2804840979294543,323,315.3577093512913,319.9828290986287,296.7053884668441,318.0423235247554
3070,RSN12770,22,12770, MSJ,4.26,33.9538,-116.3912,7.696,55.76,244,33.808,-116.968,21.1,21.2,0.001767725,0.011547597,0.000540267,0.000111061,0.153081655,0.162206704,82.93140488,5.179664862,6.118116656,0.06981317,467.5823122,15.91670343,21.3738707,70.13734683,CI,MSJ,3.83695,360,-0.388935806,-0.157974621,-0.065350028,-0.230961185,CI.MSJ,360,-0.388935806,3.882110119,465.3540039,0.641624987,-0.38893580615695367,360,345.6488844540865,383.1682710765619,343.3431923440978,315.05974575567814
3070,RSN10479,22,10479, MSJ,4.45,34.1081,-117.3062,14.795,45.66,244,33.808,-116.968,15.12,15.23,0.009423811,0.089536295,0.002736777,0.000175078,0.105251296,0.151133427,72.5926063,5.179664862,6.313637877,0.052359878,346.768981,53.82635739,32.71596297,52.01534715,CI,MSJ,3.83695,296,-0.193191229,-0.157974621,-0.065350028,-0.035216608,CI.MSJ,296,-0.193191229,3.882110119,465.3540039,0.641624987,-0.19319122903085795,296,309.41189288347516,320.3217088528738,297.7080288803663,290.74012431953383
3079,RSN16902,25,16902, PLM,3.6,34.2088,-117.5824,7.536,115.88,465,33.354,-116.863,14.32,14.39,8.41e-05,0.000171191,5.41e-06,1.61e-05,0.491053724,0.163279353,86.71863423,5.179664862,6.114431914,0.226892803,1385.35009,5.223602484,31.64343808,207.8025135,CI,PLM,-999.0,730,-0.451007129,-0.335573349,-0.242948756,-0.115433779,CI.PLM,730,-0.451007129,6.259709835,1675.150024,4.301589966,-0.45100712855508096,730,817.866226804568,660.9343364961061,734.3566809494533,629.4007806133918
3079,RSN16729,25,16729, PLM,3.73,33.5058,-116.7636,16.276,19.21,465,33.354,-116.863,20.04,20.09,0.002296094,0.007441843,0.000143672,6.19e-05,0.308538347,0.119975087,49.67984349,5.179664862,6.3549922,0.157079633,1243.883394,37.09360258,51.79744835,186.5825091,CI,PLM,-999.0,679,-0.378583722,-0.335573349,-0.242948756,-0.043010373,CI.PLM,679,-0.378583722,6.259709835,1675.150024,4.301589966,-0.3785837219713404,679,664.1556774261342,585.4069838198534,571.2161032046464,603.2651855236654
3079,RSN15123,25,15123, PLM,3.78,34.1353,-117.4476,5.857,102.2,465,33.354,-116.863,23.63,23.76,-0.000333858,-0.000775802,1.02e-05,6.85e-06,0.430339678,0.164778234,87.21932919,5.179664862,6.061617088,0.20943951,1226.01883,48.73839416,76.05901961,183.9028245,CI,PLM,-999.0,672,-0.368220935,-0.335573349,-0.242948756,-0.032647586,CI.PLM,672,-0.368220935,6.259709835,1675.150024,4.301589966,-0.36822093493579366,672,750.6651332044631,671.769572975702,656.2551848204398,619.3999428102959
3079,RSN9072,25,9072, PLM,5.2,33.5328,-116.5697,15.48,33.72,465,33.354,-116.863,16.12,16.24,0.029248173,0.067399015,0.003927509,0.001523372,0.433955502,0.143843266,65.65324815,5.179664862,6.333749326,0.20943951,1414.455185,19.19962622,17.1607538,212.1682778,CI,PLM,-999.0,740,-0.464612781,-0.335573349,-0.242948756,-0.129039431,CI.PLM,740,-0.464612781,6.259709835,1675.150024,4.301589966,-0.4646127806108593,740,822.9247188004938,617.5369080173666,681.4605160681119,699.5894002443135
3079,RSN12860,25,12860, PLM,4.02,33.7129,-116.0516,12.808,85.23,465,33.354,-116.863,23.82,23.91,0.001235693,0.002690317,0.000101675,4.45e-05,0.459311318,0.157983148,81.99828106,5.179664862,6.268161535,0.20943951,1350.78844,27.76838202,26.45996558,202.618266,CI,PLM,-999.0,718,-0.434432163,-0.335573349,-0.242948756,-0.098858814,CI.PLM,718,-0.434432163,6.259709835,1675.150024,4.301589966,-0.4344321634608681,718,728.8031859320946,668.7873344117256,709.9666536322039,654.0833469537083
3079,RSN17625,25,17625, PLM,3.52,33.5309,-117.6639,9.734,77.01,465,33.354,-116.863,35.16,35.2,6.58e-05,0.000201029,6.13e-05,3.23e-05,0.327467227,0.160368002,83.35763421,5.179664862,6.193801083,0.157079633,982.3988806,2.037151703,3.279429038,147.3598321,CI,PLM,-999.0,592,-0.241469229,-0.335573349,-0.242948756,0.09410412,CI.PLM,592,-0.241469229,6.259709835,1675.150024,4.301589966,-0.2414692292966496,592,634.7982061921866,589.8278991441545,589.9103623610289,543.5236431111681
3079,RSN17470,25,17470, PLM,3.59,34.0938,-117.4347,3.015,97.68,465,33.354,-116.863,42.01,42.1,-0.00011663,-0.000289544,2.04e-05,7.82e-06,0.402804845,0.168369102,88.79756202,5.179664862,5.93802414,0.191986218,1130.315374,14.91432225,14.19333333,169.5473061,CI,PLM,-999.0,640,-0.319430771,-0.335573349,-0.242948756,0.016142578,CI.PLM,640,-0.319430771,6.259709835,1675.150024,4.301589966,-0.3194307707663615,640,700.0966046033559,687.3243538659729,624.2069614785702,643.2415966847793
3079,RSN16119,25,16119, PLM,3.58,33.827,-117.0296,15.131,54.69,465,33.354,-116.863,15.01,15.05,-6.38e-05,-0.000310278,1.28e-05,1.44e-05,0.205464122,0.152796762,75.07093784,5.179664862,6.323730411,0.104719755,662.2052449,4.430555556,24.24046875,99.33078674,CI,PLM,-999.0,437,0.06210421,-0.335573349,-0.242948756,0.39767756,CI.PLM,437,0.06210421,6.259709835,1675.150024,4.301589966,0.062104210491765954,437,463.37462615633524,448.77214525320477,447.5800381795957,445.76604244635917
3079,RSN14005,25,14005, PLM,4.15,33.638,-116.7082,12.649,34.63,465,33.354,-116.863,13.29,13.38,-0.013323514,-0.029004204,0.000773091,0.000330259,0.459364905,0.150508559,70.55696822,5.179664862,6.265244507,0.20943951,1418.009391,40.342622,37.51719267,212.7014087,CI,PLM,-999.0,741,-0.46596322,-0.335573349,-0.242948756,-0.13038987,CI.PLM,741,-0.46596322,6.259709835,1675.150024,4.301589966,-0.46596321970873067,741,763.5519702154103,644.2150494951343,730.2568247039682,665.3304817785577
3079,RSN16550,25,16550, PLM,3.61,34.2449,-117.4464,12.48,112.62,465,33.354,-116.863,18.25,18.31,-0.000127251,-0.000314631,9.47e-05,3.95e-05,0.404443628,0.158844622,84.09526775,5.179664862,6.262058538,0.191986218,1202.302759,3.221544304,3.322397043,180.3454139,CI,PLM,-999.0,663,-0.354737585,-0.335573349,-0.242948756,-0.019164235,CI.PLM,663,-0.354737585,6.259709835,1675.150024,4.301589966,-0.3547375845985066,663,705.8098337268041,636.1306875439578,667.5161837500646,602.0956743317247
3079,RSN18125,25,18125, PLM,5.19,36.4034,-117.8499,9.418,350.12,465,33.354,-116.863,13.8,13.86,-5.63e-05,-0.000152753,5.83e-05,2.11e-05,0.368401928,0.161680632,88.61430508,5.179664862,6.183223963,0.174532925,1085.586115,2.668246445,2.620120069,162.8379173,CI,PLM,-999.0,629,-0.302093851,-0.335573349,-0.242948756,0.033479498,CI.PLM,629,-0.302093851,6.259709835,1675.150024,4.301589966,-0.30209385111308507,629,754.4658639153271,793.6840578602798,812.5260252143212,763.8021660607556
3079,RSN19389,25,19389, PLM,3.43,34.1381,-117.4717,5.767,103.66,465,33.354,-116.863,34.58,34.7,-0.000336064,-0.000876985,5.99e-05,4.02e-05,0.383203807,0.164897224,87.3242119,5.179664862,6.057771424,0.174532925,1101.9573,8.359800995,14.64081803,165.293595,CI,PLM,-999.0,633,-0.308433017,-0.335573349,-0.242948756,0.027140333,CI.PLM,633,-0.308433017,6.259709835,1675.150024,4.301589966,-0.3084330165568199,633,717.7119840656543,607.0615818771403,619.8932993238132,599.4530030569309
100047,RSN8670,35,8670, CADB,5.45,37.4317,-121.7767,7.486,32.61,600,37.1635,-121.6265,17.25,17.52,-0.163214037,-0.42095793,0.001236583,0.005385702,0.387720542,0.160112311,78.18271195,5.179664862,6.113244097,0.191986218,1149.827711,30.30506274,340.4202791,172.4741567,NC,CADB,7.89435,645,-0.072320662,-0.095500777,-0.002876184,0.023180115,NC.CADB,570,0.051293294,14.11769962,200.9049988,11.85639954,0.05129329438755015,570,486.2951705719451,489.86361270149445,546.4026016948229,463.78219141612306
100047,RSN17443,35,17443, CADB,3.4,37.1173,-121.5231,7.213,10.52,600,37.1635,-121.6265,19.6,19.63,0.010075207,0.02281542,0.004434571,0.001118589,0.441596377,0.134768075,55.38138791,5.179664862,6.106430378,0.20943951,1532.134419,9.007067833,5.144899022,229.8201629,NC,CADB,7.89435,780,-0.262364264,-0.095500777,-0.002876184,-0.166863487,NC.CADB,689,-0.138311616,14.11769962,200.9049988,11.85639954,-0.1383116157975124,689,648.7438833481187,577.449235626878,613.6925454892132,625.6125858251609
100047,RSN12442,35,12442, CADB,4.0,37.7338,-121.9354,14.029,68.94,600,37.1635,-121.6265,23.05,23.2,0.000689241,0.002608995,0.000630496,0.000338453,0.264178572,0.156088405,78.99545203,5.179664862,6.288820984,0.122173048,824.3685742,2.036445238,4.138004048,123.6552861,NC,CADB,7.89435,508,0.166448208,-0.095500777,-0.002876184,0.261948985,NC.CADB,508,0.166448208,14.11769962,200.9049988,11.85639954,0.16644820763766432,508,539.3419460727508,470.8439672533173,601.2796314064582,521.0376208530098
100047,RSN14855,35,14855, CADB,3.68,36.9659,-121.5943,6.068,22.12,600,37.1635,-121.6265,22.41,22.49,-0.012185797,-0.021951311,0.000432836,0.000103011,0.555128433,0.159694187,75.78055722,5.179664862,6.070114836,0.261799388,1572.474531,118.2960752,50.71507684,235.8711797,NC,CADB,7.89435,743,-0.21376639,-0.095500777,-0.002876184,-0.118265613,NC.CADB,657,-0.090754363,14.11769962,200.9049988,11.85639954,-0.09075436326846376,657,651.9986109108079,504.1826831296022,611.0445373315562,520.779090168503
100055,RSN9299,38,9299, VES,5.03,35.3852,-118.6292,7.3,65.26,393,35.8409,-119.0847,12.6,12.82,-0.015579371,-0.069899528,9.49e-05,0.000101544,0.222882352,0.162914497,84.37805878,5.179664862,6.108664217,0.104719755,671.3587122,153.4248306,736.5598314,100.7038068,CI,VES,0.23,441,-0.115235264,-0.142908487,-0.050283894,0.027673224,CI.VES,441,-0.115235264,6.998569965,152.6029968,0.573539019,-0.11523526357758485,441,402.5293398781501,380.9803366130568,400.1161839831755,335.7274556329867
100055,RSN10550,38,10550, VES,4.45,34.1081,-117.3062,14.795,251.66,393,35.8409,-119.0847,14.12,14.47,0.000174953,0.000870198,1.19e-05,1.63e-05,0.201049909,0.158146709,86.84162187,5.179664862,6.313637877,0.104719755,626.5927565,10.73331288,73.12588235,93.98891348,CI,VES,0.23,425,-0.078279557,-0.142908487,-0.050283894,0.06462893,CI.VES,425,-0.078279557,6.998569965,152.6029968,0.573539019,-0.07827955705515599,425,538.9302969972297,503.4823324847792,430.063078041436,477.2496211270801
100055,RSN18050,38,18050, VES,4.5,36.3915,-117.8683,9.117,125.4,393,35.8409,-119.0847,12.32,12.39,0.002230651,0.006867874,0.000704437,0.000845404,0.324795017,0.161665002,86.25478004,5.179664862,6.172420506,0.157079633,967.3091519,2.638562155,9.74945098,145.0963728,CI,VES,0.23,584,-0.396091371,-0.142908487,-0.050283894,-0.253182884,CI.VES,584,-0.396091371,6.998569965,152.6029968,0.573539019,-0.39609137095896596,584,640.463098329588,502.8993727634625,549.8920086723303,520.5095327561362
100055,RSN12911,38,12911, VES,4.11,36.0312,-117.7658,4.03,120.87,393,35.8409,-119.0847,21.99,22.08,0.000321155,0.001783328,0.000137785,5.38e-05,0.180087527,0.168262731,88.54143942,5.179664862,5.941161117,0.087266463,528.6801837,5.969423792,12.94283122,79.30202756,CI,VES,0.23,386,0.017972242,-0.142908487,-0.050283894,0.16088073,CI.VES,386,0.017972242,6.998569965,152.6029968,0.573539019,0.017972242404430183,386,400.97389122622576,354.6569637297927,360.4948640850049,289.1150186662592
100092,RSN12733,50,12733, BFS,4.26,33.9538,-116.3912,7.696,121.15,500,34.2388,-117.6585,20.1,20.33,0.000641681,0.000913666,3.91e-05,3.06e-05,0.702315044,0.16319085,86.7794252,5.179664862,6.118116656,0.314159265,1850.079353,20.96996732,23.36741688,277.511903,CI,BFS,7.46331,801,-0.471252849,-0.416344151,-0.323719558,-0.054908697,CI.BFS,690,-0.322083499,17.23060036,1379.599976,23.80999947,-0.3220834991691133,690,718.2119009489688,656.7373917766689,568.728439476325,613.1238441185423
100092,RSN16813,50,16813, BFS,3.49,34.309,-116.9297,9.684,67.56,500,34.2388,-117.6585,13.18,13.24,0.001542725,0.003769449,0.000251235,4.63e-05,0.409270663,0.160114092,82.50432201,5.179664862,6.192176404,0.191986218,1205.041693,33.32019438,15.00367783,180.756254,CI,BFS,7.46331,664,-0.283674051,-0.416344151,-0.323719558,0.1326701,CI.BFS,572,-0.134530893,17.23060036,1379.599976,23.80999947,-0.13453089295760634,572,590.8651216469505,499.5673029126354,616.5130098534181,569.3478903846485
100092,RSN11347,50,11347, BFS,4.73,33.7328,-117.4921,10.018,58.19,500,34.2388,-117.6585,22.85,23.05,-0.008444107,-0.014796207,0.000161057,0.000321603,0.570694039,0.159239437,81.00972095,5.179664862,6.202702587,0.261799388,1610.98045,26.25630669,91.86938165,241.6470675,CI,BFS,7.46331,720,-0.364643114,-0.416344151,-0.323719558,0.051701038,CI.BFS,620,-0.21511138,17.23060036,1379.599976,23.80999947,-0.21511137961694615,620,618.1689129958156,548.6103962905023,523.4782992226646,574.313522502246
100092,RSN14380,50,14380, BFS,4.14,34.8632,-116.3444,6.474,139.09,500,34.2388,-117.6585,17.55,17.61,-0.000218027,-0.000268729,0.000110132,9.26e-05,0.811327462,0.164216197,87.71189526,5.179664862,6.084678138,0.34906585,2039.236058,2.35450324,2.440062834,305.8854087,CI,BFS,7.46331,863,-0.545806593,-0.416344151,-0.323719558,-0.129462441,CI.BFS,744,-0.397432936,17.23060036,1379.599976,23.80999947,-0.39743293641090016,744,781.0511925358059,688.690302847124,590.6054373068251,616.5943124012754
100096,RSN16517,53,16517, CHF,3.61,34.2449,-117.4464,12.48,54.25,927,34.3334,-118.0259,15.02,15.09,0.000220839,0.000426648,1.77e-05,3.11e-06,0.517613091,0.156072616,77.7783193,5.179664862,6.262058538,0.244346095,1517.325521,71.00932476,24.10440678,227.5988282,CI,CHF,-999.0,775,0.179090536,0.091862442,0.184487035,0.087228095,CI.CHF,775,0.179090536,4.674680233,1616.569946,7.933330059,0.1790905362125077,775,739.5013403285454,652.4614113469946,733.8275441696567,615.0215218720896
100096,RSN16868,53,16868, CHF,3.6,34.2088,-117.5824,7.536,43.12,927,34.3334,-118.0259,12.62,12.7,0.000771342,0.001151373,5.32e-05,1.08e-05,0.669932619,0.161508161,80.94242789,5.179664862,6.114431914,0.296705973,1801.54145,71.42055556,21.64234962,270.2312175,CI,CHF,-999.0,784,0.167544545,0.091862442,0.184487035,0.075682104,CI.CHF,784,0.167544545,4.674680233,1616.569946,7.933330059,0.16754454521544737,784,727.8603633399471,621.5115690633094,738.9517474404626,622.0528315837527
100096,RSN17213,53,17213, CHF,3.55,34.4143,-118.665,11.644,59.46,927,34.3334,-118.0259,23.44,23.56,0.000429054,0.000557419,4.5e-05,4.33e-05,0.769715543,0.157501281,79.60094801,5.179664862,6.244866393,0.331612558,2047.042312,9.90886836,12.38708889,307.0563468,CI,CHF,-999.0,866,0.068068657,0.091862442,0.184487035,-0.023793785,CI.CHF,866,0.068068657,4.674680233,1616.569946,7.933330059,0.06806865700341991,866,690.5232637656384,683.1184240749575,712.0488090517847,651.2595109585437
100096,RSN9168,53,9168, CHF,5.03,35.3852,-118.6292,7.3,129.07,927,34.3334,-118.0259,10.55,10.8,-0.002919022,-0.003457998,0.000149085,8.97e-05,0.844136271,0.163500863,87.16009636,5.179664862,6.108664217,0.34906585,2099.627029,32.54205128,23.19480833,314.9440544,CI,CHF,-999.0,883,0.048628365,0.091862442,0.184487035,-0.043234077,CI.CHF,883,0.048628365,4.674680233,1616.569946,7.933330059,0.048628364961895265,883,813.7059781982537,888.4484667568915,840.2104096996732,812.5331305336405
100096,RSN17858,53,17858, CHF,3.14,33.909,-118.1836,6.769,49.27,927,34.3334,-118.0259,15.14,15.2,-7.08e-05,-0.000106677,2.68e-06,3.25e-06,0.663742726,0.16292305,83.14663637,5.179664862,6.094010642,0.296705973,1774.131351,21.78461538,39.80485075,266.1197027,CI,CHF,-999.0,775,0.179090536,0.091862442,0.184487035,0.087228095,CI.CHF,775,0.179090536,4.674680233,1616.569946,7.933330059,0.1790905362125077,775,668.8332205881483,633.1301364127543,664.1373089472982,587.773407017506
100096,RSN11177,53,11177, CHF,4.42,34.0665,-118.8938,12.827,85.3,927,34.3334,-118.0259,21.19,21.35,-0.001695674,-0.001849217,9.07e-06,9.17e-06,0.916968535,0.157969562,81.98557282,5.179664862,6.268505043,0.366519143,2293.026635,184.9153762,203.8828004,343.9539953,CI,CHF,-999.0,944,-0.018172601,0.091862442,0.184487035,-0.110035042,CI.CHF,944,-0.018172601,4.674680233,1616.569946,7.933330059,-0.018172600579645426,944,798.0959161538616,864.729077889306,802.686539620403,765.2422013089466
100096,RSN12004,53,12004, CHF,4.37,34.0559,-117.2442,15.833,78.35,927,34.3334,-118.0259,38.25,38.31,0.000584919,0.001300198,0.000194569,0.000146598,0.449868766,0.154797325,79.09631417,5.179664862,6.343433553,0.20943951,1354.864256,3.989952114,6.682451984,203.2296384,CI,CHF,-999.0,719,0.254092208,0.091862442,0.184487035,0.162229766,CI.CHF,719,0.254092208,4.674680233,1616.569946,7.933330059,0.254092207844808,719,754.0452504064205,689.1261454029413,805.5607710275583,673.1405756995467
100096,RSN10410,53,10410, CHF,4.45,34.1081,-117.3062,14.795,70.87,927,34.3334,-118.0259,13.64,13.85,0.004394899,0.005013381,3.31e-05,1.72e-05,0.876633802,0.155313681,78.69405976,5.179664862,6.313637877,0.366519143,2270.855871,255.5173837,151.4616616,340.6283807,CI,CHF,-999.0,937,-0.010729717,0.091862442,0.184487035,-0.102592158,CI.CHF,937,-0.010729717,4.674680233,1616.569946,7.933330059,-0.010729716672567058,937,798.8919413532628,828.3657870188076,774.3364627112127,729.6708277808292
100096,RSN19363,53,19363, CHF,3.43,34.1381,-117.4717,5.767,55.46,927,34.3334,-118.0259,27.21,27.35,0.000739866,0.000955209,3.25e-05,1.28e-05,0.7745591,0.164437724,84.95513361,5.179664862,6.057771424,0.331612558,1968.759967,57.80203125,29.39104615,295.3139951,CI,CHF,-999.0,840,0.098551674,0.091862442,0.184487035,0.006689232,CI.CHF,840,0.098551674,4.674680233,1616.569946,7.933330059,0.09855167372849571,840,767.0280310652689,657.3877115660181,791.563357964221,661.4307320006243
100096,RSN17652,53,17652, CHF,3.47,33.8029,-116.1786,7.366,180.4,927,34.3334,-118.0259,25.72,25.87,8.91e-05,9.52e-05,1.41e-05,6.71e-06,0.935743392,0.163554172,87.96317726,5.179664862,6.110319177,0.383972435,2249.814424,13.27868852,6.75177305,337.4721636,CI,CHF,-999.0,931,-0.004305712,0.091862442,0.184487035,-0.096168153,CI.CHF,931,-0.004305712,4.674680233,1616.569946,7.933330059,-0.00430571171121219,931,911.2594299380858,701.825203484796,906.244195157623,733.4456665252862
100096,RSN15321,53,15321, CHF,3.74,34.8437,-119.6912,11.07,162.93,927,34.3334,-118.0259,21.25,21.35,5.55e-05,6.79e-05,3.02e-05,1.96e-05,0.816954355,0.160162668,86.42100696,5.179664862,6.231475121,0.34906585,2100.003951,2.831632653,2.248344371,315.0005927,CI,CHF,-999.0,883,0.048628365,0.091862442,0.184487035,-0.043234077,CI.CHF,883,0.048628365,4.674680233,1616.569946,7.933330059,0.048628364961895265,883,791.7330421306591,688.3871502348451,849.2409808304069,691.7549448891644
100104,RSN9012,56,9012, DVT,5.2,33.5328,-116.5697,15.48,106.32,625,32.6592,-116.1006,16.31,16.41,-0.022488256,-0.041736111,0.002071051,0.00094414,0.53882011,0.156404146,82.14816391,5.179664862,6.333749326,0.244346095,1563.060606,23.81877264,20.15214063,234.4590909,CI,DVT,-999.0,752,-0.184984674,-0.180987683,-0.088363089,-0.003996992,CI.DVT,752,-0.184984674,15.64929962,863.0939941,20.45170021,-0.1849846742134389,752,847.1725157772192,719.2232758523464,758.546553808334,785.4567568340514
100104,RSN13232,56,13232, DVT,4.19,34.3571,-116.8418,9.486,200.51,625,32.6592,-116.1006,23.33,23.42,-0.000174928,-0.000372051,8.22e-05,5.58e-05,0.470173298,0.161519969,87.55820307,5.179664862,6.185563454,0.226892803,1351.407651,3.134910394,4.526167883,202.7111477,CI,DVT,-999.0,718,-0.138717919,-0.180987683,-0.088363089,0.042269763,CI.DVT,718,-0.138717919,15.64929962,863.0939941,20.45170021,-0.13871791931182287,718,868.103782625464,744.6186242574963,935.9487122379716,868.9930132171954
100104,RSN16598,56,16598, DVT,3.69,33.735,-117.4936,9.693,176.37,625,32.6592,-116.1006,12.03,12.1,7.11e-05,0.000137887,4.69e-05,3.29e-05,0.515434471,0.161287578,87.15621059,5.179664862,6.192470162,0.244346095,1463.326089,2.161094225,2.940021322,219.4989134,CI,DVT,-999.0,758,-0.192931736,-0.180987683,-0.088363089,-0.011944053,CI.DVT,758,-0.192931736,15.64929962,863.0939941,20.45170021,-0.19293173590597057,758,864.2128037188355,644.1846109387683,910.7601899632723,787.6445679755832
100104,RSN11375,56,11375, DVT,4.73,33.7328,-117.4921,10.018,176.11,625,32.6592,-116.1006,21.55,21.7,-0.000726399,-0.00089203,0.000108861,6.38e-05,0.814321232,0.161003955,87.03315256,5.179664862,6.202702587,0.34906585,2084.775715,11.38556426,8.194210966,312.7163573,CI,DVT,-999.0,878,-0.339894944,-0.180987683,-0.088363089,-0.158907261,CI.DVT,878,-0.339894944,15.64929962,863.0939941,20.45170021,-0.3398949438987158,878,839.0442985623989,704.6612807282812,651.0693212014659,632.8982930331141
100104,RSN17841,56,17841, DVT,3.14,33.0622,-115.8937,7.729,48.71,625,32.6592,-116.1006,22.18,22.22,0.000373229,0.000918461,0.000162419,7.89e-05,0.406364037,0.161779614,81.85231958,5.179664862,6.11885537,0.191986218,1185.32933,4.730405577,5.654886436,177.7993995,CI,DVT,-999.0,656,-0.048409139,-0.180987683,-0.088363089,0.132578543,CI.DVT,656,-0.048409139,15.64929962,863.0939941,20.45170021,-0.048409139207687524,656,644.1886457092534,623.9568234431449,693.9425497063063,751.2348310080766
100115,RSN10084,62,10084, LEV,4.18,34.3617,-118.6637,11.151,44.26,505,34.6146,-118.291,6.46,6.62,-0.002787935,-0.005374672,0.000200076,0.000208375,0.518717253,0.156133142,76.71737727,5.179664862,6.233452986,0.244346095,1519.318652,13.37941212,26.863152,227.8977978,,,-1.0,776,-0.429594091,-0.342913119,-0.250288525,-0.086680972,NA.NA,776,-0.429594091,2.213140011,967.0469971,3.833169937,-0.4295940909078588,776,773.9706882239753,660.0566106249097,745.1665370945982,695.3155347719115
100115,RSN8807,62,8807, LEV,5.39,33.9465,-117.7667,14.89,88.45,505,34.6146,-118.291,22.21,22.6,0.04247563,0.042084395,0.002425734,0.001053653,1.009296431,0.15633465,80.92898812,5.179664862,6.31653763,0.401425728,2465.117699,40.31273104,17.34913845,369.7676549,,,-1.0,999,-0.682196349,-0.342913119,-0.250288525,-0.339283231,NA.NA,999,-0.682196349,2.213140011,967.0469971,3.833169937,-0.6821963493731937,999,863.8531206556526,950.0258782941339,916.7774757132685,885.2241004339355
100115,RSN9921,62,9921, LEV,4.59,34.9977,-119.1926,10.662,92.8,505,34.6146,-118.291,3.94,4.08,0.003128385,0.006010452,0.000281253,0.000115998,0.520490841,0.159846632,83.93928011,5.179664862,6.221029194,0.244346095,1488.066124,26.96930119,21.37026805,223.2099186,,,-1.0,766,-0.41662374,-0.342913119,-0.250288525,-0.073710622,NA.NA,766,-0.41662374,2.213140011,967.0469971,3.833169937,-0.4166237404652309,766,807.5688721535597,700.9413983562185,778.8874147499215,730.7756035349863
100115,RSN10459,62,10459, LEV,4.45,34.1081,-117.3062,14.795,106.6,505,34.6146,-118.291,14.15,14.23,-0.002580233,-0.0061157,0.0022709,0.000248721,0.421903173,0.157037779,82.51529386,5.179664862,6.313637877,0.191986218,1261.115355,10.37400541,2.693073231,189.1673033,,,-1.0,686,-0.306319198,-0.342913119,-0.250288525,0.03659392,NA.NA,686,-0.306319198,2.213140011,967.0469971,3.833169937,-0.3063191984505247,686,763.4612738184618,680.7741326085003,698.2218681420871,622.4855025438762
100115,RSN9212,62,9212, LEV,5.03,35.3852,-118.6292,7.3,90.89,505,34.6146,-118.291,9.5,9.72,-0.008501908,-0.014240742,0.000304725,0.000287644,0.597012982,0.163293312,85.95098517,5.179664862,6.108664217,0.261799388,1625.763439,29.55704969,46.73309377,243.8645159,,,-1.0,725,-0.361613226,-0.342913119,-0.250288525,-0.018700107,NA.NA,725,-0.361613226,2.213140011,967.0469971,3.833169937,-0.3616132255793145,725,696.6848881125837,657.8862817624356,667.7017903425249,689.2616508123882
100115,RSN10225,62,10225, LEV,4.34,35.0174,-119.1492,9.557,90.34,505,34.6146,-118.291,7.84,7.9,-0.000499439,-0.003114033,0.000601485,0.000247623,0.160383442,0.16086213,84.50811705,5.179664862,6.187968323,0.087266463,494.0938631,2.016932999,5.177241328,74.11407947,,,-1.0,371,0.308356367,-0.342913119,-0.250288525,0.651269485,NA.NA,371,0.308356367,2.213140011,967.0469971,3.833169937,0.3083563666679252,371,365.364353791301,368.25869647934655,357.95419842522347,327.1640878241636
100115,RSN10735,62,10735, LEV,4.66,34.2983,-118.6255,8.038,46.65,505,34.6146,-118.291,20.04,20.15,0.002945436,0.004496194,0.000619738,0.000327186,0.655095357,0.161264261,81.1109515,5.179664862,6.126524324,0.296705973,1775.630838,9.002328951,7.254991625,266.3446257,,,-1.0,776,-0.429594091,-0.342913119,-0.250288525,-0.086680972,NA.NA,776,-0.429594091,2.213140011,967.0469971,3.833169937,-0.4295940909078588,776,734.5334155408459,673.8158239032565,682.876227060438,703.248635641693
100115,RSN11729,62,11729, LEV,4.5,34.3365,-116.8617,8.94,134.88,505,34.6146,-118.291,16.15,16.26,0.003153062,0.005857322,0.001570835,0.000298575,0.538311221,0.161899226,86.58353995,5.179664862,6.165704274,0.244346095,1508.886287,10.56036842,3.728795195,226.3329431,,,-1.0,773,-0.425720619,-0.342913119,-0.250288525,-0.082807501,NA.NA,773,-0.425720619,2.213140011,967.0469971,3.833169937,-0.4257206193120622,773,857.3180585052188,726.8559967202297,843.9356438349558,777.3812198547756
100166,RSN14388,72,14388, DAN,4.14,34.8632,-116.3444,6.474,91.68,477,34.6375,-115.3812,22.67,22.83,0.002522245,0.013427693,6.05e-05,5.04e-05,0.18783904,0.164044083,86.51943108,5.179664862,6.084678138,0.087266463,564.844366,50.04454365,221.9453388,84.7266549,CI,DAN,2.67374,402,0.171064402,0.086409594,0.179034187,0.084654808,CI.DAN,402,0.171064402,0.61381501,427.5369873,2.447570086,0.1710644022693204,402,406.9949381112346,577.6686184190033,388.3982881250815,457.1991226979134
100166,RSN12810,72,12810, DAN,3.81,34.1053,-117.0048,2.878,160.58,477,34.6375,-115.3812,19.65,19.72,5.84e-05,0.000588939,8.98e-05,2e-05,0.099189412,0.168394441,89.32329264,5.179664862,5.93802414,0.052359878,293.4786848,2.92,6.558340757,44.02180272,CI,DAN,2.67374,266,0.584020182,0.086409594,0.179034187,0.497610588,CI.DAN,266,0.584020182,0.61381501,427.5369873,2.447570086,0.5840201821066424,266,311.33981394652665,423.45679815227106,264.44202773860746,324.70066445249614
100166,RSN13832,72,13832, DAN,4.17,34.3277,-116.829,4.957,137.36,477,34.6375,-115.3812,18.43,18.53,0.00015843,0.00057396,0.00020196,4.48e-05,0.276029024,0.16616384,88.33341577,5.179664862,6.015610792,0.13962634,808.4810626,3.536383929,2.841948901,121.2721594,CI,DAN,2.67374,502,-0.051083629,0.086409594,0.179034187,-0.137493223,CI.DAN,502,-0.051083629,0.61381501,427.5369873,2.447570086,-0.05108362880338735,502,549.3295922734604,766.3717687806234,484.29709626165413,607.868913798911
100166,RSN9176,72,9176, DAN,5.03,35.3852,-118.6292,7.3,307.86,477,34.6375,-115.3812,7.75,7.88,8.46e-05,0.000451803,0.000133934,1.37e-05,0.187287408,0.163667226,88.82054764,5.179664862,6.108664217,0.087266463,564.5382497,6.175182482,3.373325668,84.68073746,CI,DAN,2.67374,401,0.173555064,0.086409594,0.179034187,0.08714547,CI.DAN,401,0.173555064,0.61381501,427.5369873,2.447570086,0.1735550635817722,401,510.87764976385904,757.6364267480105,426.39288106576396,567.2056851125486
100166,RSN12679,72,12679, DAN,4.34,35.8373,-117.678,6.864,247.84,477,34.6375,-115.3812,19.79,19.92,7.84e-05,0.000520499,1.39e-05,1.15e-05,0.150704893,0.163973305,88.63447628,5.179664862,6.096821743,0.06981317,455.52289,6.817391304,37.44597122,68.3284335,CI,DAN,2.67374,354,0.298219578,0.086409594,0.179034187,0.211809984,CI.DAN,354,0.298219578,0.61381501,427.5369873,2.447570086,0.2982195777545673,354,433.9908972590351,569.1200224071641,339.1291460055688,491.505188143774
100166,RSN12838,72,12838, DAN,4.02,33.7129,-116.0516,12.808,119.74,477,34.6375,-115.3812,23.95,24.11,-0.00046703,-0.000977336,0.000273665,0.000113484,0.477860815,0.158743597,84.28556089,5.179664862,6.268161535,0.226892803,1393.539179,4.115381904,3.571286061,209.0308769,CI,DAN,2.67374,732,-0.428264023,0.086409594,0.179034187,-0.514673617,CI.DAN,396,0.18610228,0.61381501,427.5369873,2.447570086,0.18610227963386095,396,408.3053884945932,530.7320160442752,406.8547820847381,555.8981275423648
100166,RSN13224,72,13224, DAN,4.19,34.3571,-116.8418,9.486,137.7,477,34.6375,-115.3812,17.6,17.65,7.2e-05,0.000591098,0.000255332,1.3e-05,0.121879062,0.16135296,86.42954081,5.179664862,6.185563454,0.052359878,375.4212389,5.538461538,2.315017311,56.31318584,CI,DAN,2.67374,313,0.4213133,0.086409594,0.179034187,0.334903707,CI.DAN,313,0.4213133,0.61381501,427.5369873,2.447570086,0.4213133003481886,313,330.0438389068316,434.65342386055414,281.1307291218236,351.3057686029809
100166,RSN12742,72,12742, DAN,4.26,33.9538,-116.3912,7.696,119.99,477,34.6375,-115.3812,22.8,22.88,0.000173367,0.000694006,0.000132369,2.04e-05,0.249806302,0.163186466,86.75219037,5.179664862,6.118116656,0.122173048,748.1601287,8.498382353,5.242964743,112.2240193,CI,DAN,2.67374,477,0.0,0.086409594,0.179034187,-0.086409594,CI.DAN,477,0.0,0.61381501,427.5369873,2.447570086,0.0,477,508.54671040413837,685.103318743611,449.9380768414213,553.9389369579972
100166,RSN13184,72,13184, DAN,4.11,33.7104,-116.0457,12.559,119.7,477,34.6375,-115.3812,14.25,14.34,-0.000535019,-0.0017849,0.000349953,0.000123242,0.299747522,0.158893115,84.40529088,5.179664862,6.263559029,0.13962634,912.4620589,4.341206731,5.100399196,136.8693088,CI,DAN,2.67374,554,-0.149648196,0.086409594,0.179034187,-0.23605779,CI.DAN,554,-0.149648196,0.61381501,427.5369873,2.447570086,-0.1496481958589424,554,576.4915472686918,755.2789004712291,522.1088518499952,722.197295184772
100166,RSN18076,72,18076, DAN,5.19,36.4034,-117.8499,9.418,297.54,477,34.6375,-115.3812,9.88,9.95,-9e-05,-0.000376735,0.000122637,4.32e-05,0.238854754,0.161662566,88.37099357,5.179664862,6.183223963,0.122173048,723.9054829,2.083333333,3.071952184,108.5858224,CI,DAN,2.67374,466,0.023330857,0.086409594,0.179034187,-0.063078737,CI.DAN,466,0.023330857,0.61381501,427.5369873,2.447570086,0.023330856762695973,466,561.8651182052018,797.7120875285289,516.9684916445952,640.2833426046182
100166,RSN10927,72,10927, DAN,4.26,33.8776,-116.2019,10.062,113.22,477,34.6375,-115.3812,26.4,26.44,-0.000281759,-0.00065704,0.000315979,0.000111912,0.428831095,0.160660421,85.37423425,5.179664862,6.204033973,0.20943951,1253.696795,2.517683537,2.079378693,188.0545193,CI,DAN,2.67374,683,-0.358978369,0.086409594,0.179034187,-0.445387962,CI.DAN,369,0.256719847,0.61381501,427.5369873,2.447570086,0.25671984684781446,369,404.3274450978838,511.09210185358756,364.61737639241585,482.7158348355907
100166,RSN16939,72,16939, DAN,3.63,34.1242,-116.405,9.555,110.04,477,34.6375,-115.3812,13.16,13.22,0.000348445,0.002581513,0.000297366,4.03e-05,0.134976985,0.161101046,85.47088867,5.179664862,6.187901101,0.06981317,416.1678969,8.646277916,8.681264839,62.42518454,CI,DAN,2.67374,335,0.353385959,0.086409594,0.179034187,0.266976365,CI.DAN,335,0.353385959,0.61381501,427.5369873,2.447570086,0.3533859590632753,335,377.12837276262735,509.80261318286836,329.50892609091636,422.96609276119307
100167,RSN17750,73,17750, ERR,3.63,32.7081,-116.029,7.885,49.26,238,33.1168,-115.8227,22.98,23.04,-0.000293418,-0.003032312,0.000348536,0.000128505,0.096763777,0.16168374,81.83731332,5.179664862,6.12225391,0.052359878,298.2548328,2.283319715,8.700140014,44.73822492,CI,ERR,0.146666667,268,-0.118716307,-0.107137855,-0.014513262,-0.011578451,CI.ERR,268,-0.118716307,7.979599953,-59.80690002,0.576366007,-0.1187163068393815,268,276.8214389495239,337.64428675900587,265.65063857430783,294.2446097227275
100167,RSN14446,73,14446, ERR,4.05,32.7091,-116.0396,7.817,49.56,238,33.1168,-115.8227,23.42,23.5,-0.000869507,-0.008302256,0.000225396,0.000250418,0.104731352,0.161754429,81.9168618,5.179664862,6.120791156,0.052359878,322.4164821,3.472222444,36.83408756,48.36247232,CI,ERR,0.146666667,282,-0.169636397,-0.107137855,-0.014513262,-0.062498542,CI.ERR,282,-0.169636397,7.979599953,-59.80690002,0.576366007,-0.16963639726663882,282,277.624012802293,334.47191830986645,266.51170416420763,282.6439028504859
100167,RSN16758,73,16758, ERR,3.72,33.1099,-116.0467,7.494,20.92,238,33.1168,-115.8227,12.71,12.82,0.009728025,0.119637427,0.000308404,0.000330158,0.081312555,0.154782935,71.13011189,5.179664862,6.113435346,0.034906585,261.9622979,29.46475627,387.9243687,39.29434469,CI,ERR,0.146666667,246,-0.033060862,-0.107137855,-0.014513262,0.074076993,CI.ERR,246,-0.033060862,7.979599953,-59.80690002,0.576366007,-0.03306086226088745,246,258.67677858095607,280.49413216847785,253.34959457280655,265.52482230203964
100177,RSN15529,77,15529, LDF,3.68,34.7251,-116.0506,2.727,91.06,448,35.1307,-115.1842,21.13,21.24,-5.6e-05,-0.00013766,1.62e-05,6.21e-06,0.407014761,0.16837449,88.88834388,5.179664862,5.93802414,0.191986218,1140.47585,9.017713366,8.497530864,171.0713775,CI,LDF,-999.0,643,-0.361351492,-0.407031705,-0.314407112,0.045680213,CI.LDF,643,-0.361351492,2.213140011,1239.449951,2.034770012,-0.36135149182263415,643,678.850551624704,1003.0683444081427,605.7423561379769,827.3151644278724
100177,RSN13535,77,13535, LDF,4.06,32.7797,-117.3507,7.174,328.8,448,35.1307,-115.1842,8.81,9.0,-3.68e-05,-9.75e-05,8.88e-06,4.43e-06,0.377384109,0.163760002,88.91834215,5.179664862,6.105409111,0.174532925,1094.806069,8.306997743,10.97972973,164.2209104,CI,LDF,-999.0,631,-0.34251263,-0.407031705,-0.314407112,0.064519075,CI.LDF,631,-0.34251263,2.213140011,1239.449951,2.034770012,-0.3425126301262278,631,794.0795155091704,1108.8823574434439,669.5847543008357,963.7723041603872
100177,RSN10082,77,10082, LDF,4.18,34.3617,-118.6637,11.151,329.84,448,35.1307,-115.1842,14.0,14.12,6.45e-05,0.000122018,1.46e-05,1.34e-05,0.528879473,0.160347957,88.22736623,5.179664862,6.233452986,0.244346095,1502.373733,4.813432836,8.35739726,225.35606,CI,LDF,-999.0,771,-0.542895141,-0.407031705,-0.314407112,-0.135863436,CI.LDF,771,-0.542895141,2.213140011,1239.449951,2.034770012,-0.5428951411483443,771,930.7595560758939,1329.4662583859179,912.2987120225908,1156.4077301778366
100177,RSN9210,77,9210, LDF,5.03,35.3852,-118.6292,7.3,314.77,448,35.1307,-115.1842,8.85,9.12,0.000934692,0.002270309,4.43e-05,2.44e-05,0.411702354,0.16366876,88.84691796,5.179664862,6.108664217,0.191986218,1184.896233,38.30704918,51.24851016,177.734435,CI,LDF,-999.0,656,-0.381367557,-0.407031705,-0.314407112,0.025664148,CI.LDF,656,-0.381367557,2.213140011,1239.449951,2.034770012,-0.3813675565291037,656,835.2491159459269,1249.3888076925207,811.8500903333704,1072.2395039982416
100200,RSN13195,85,13195, PFO,4.11,33.7104,-116.0457,12.559,39.9,763,33.6117,-116.4594,14.75,14.84,0.003224845,0.0029844,6.56e-05,9.92e-05,1.080567225,0.152743427,73.08106709,5.179664862,6.263559029,0.41887902,2626.036842,32.50851815,45.49390244,393.9055263,AZ,PFO,-1.0,1048,-0.317380834,-0.318076587,-0.225451994,0.000695753,AZ.PFO,1048,-0.317380834,10.1232996,1285.910034,6.906630039,-0.31738083359653047,1048,698.4697167122082,746.5509099937103,779.3846504917599,772.0589409930329
100200,RSN17280,85,17280, PFO,3.53,34.2894,-116.8271,6.278,82.5,763,33.6117,-116.4594,24.69,24.77,-0.000439847,-0.000320215,1.65e-05,7.31e-06,1.373599412,0.164181828,86.27184919,5.179664862,6.07791863,0.471238898,2762.838986,60.17058824,19.4069697,414.4258479,AZ,PFO,-1.0,1090,-0.356674944,-0.318076587,-0.225451994,-0.038598357,AZ.PFO,1090,-0.356674944,10.1232996,1285.910034,6.906630039,-0.35667494393873245,1090,780.239343692263,785.6860032715942,859.3850823221305,949.2549633781862
100200,RSN14254,85,14254, PFO,3.94,32.7219,-116.8133,20.237,104.06,763,33.6117,-116.4594,25.36,25.51,-0.001168651,-0.000983777,3.01e-05,1.9e-05,1.187922202,0.152629813,79.42092211,5.179664862,6.440435438,0.436332313,2764.685486,61.50794737,32.68362126,414.7028229,AZ,PFO,-1.0,1091,-0.357591955,-0.318076587,-0.225451994,-0.039515368,AZ.PFO,1091,-0.357591955,10.1232996,1285.910034,6.906630039,-0.3575919545486137,1091,710.5305662559025,798.5265931066559,693.0797090420614,799.0256852441106
100200,RSN18123,85,18123, PFO,5.19,36.4034,-117.8499,9.418,334.71,763,33.6117,-116.4594,12.67,12.73,-4.69e-05,-4.56e-05,2.2e-05,1.16e-05,1.02818718,0.161676277,88.5519124,5.179664862,6.183223963,0.401425728,2407.591411,4.043103448,2.072727273,361.1387117,AZ,PFO,-1.0,981,-0.251314428,-0.318076587,-0.225451994,0.066762159,AZ.PFO,981,-0.251314428,10.1232996,1285.910034,6.906630039,-0.25131442828090655,981,794.5670513777544,776.2072433242427,1116.544591415173,1057.7536412775073
100200,RSN17515,85,17515, PFO,3.62,33.9521,-116.3635,9.067,38.79,763,33.6117,-116.4594,19.01,19.12,-0.00749394,-0.005773561,7.5e-06,1.02e-05,1.297975364,0.15834034,77.70045033,5.179664862,6.170551665,0.453785606,2785.720743,734.7,769.8081333,417.8581115,AZ,PFO,-1.0,1097,-0.363076429,-0.318076587,-0.225451994,-0.044999842,AZ.PFO,1097,-0.363076429,10.1232996,1285.910034,6.906630039,-0.3630764289907731,1097,680.9043090882147,775.9132988540871,797.9164873410157,872.7507098336362
100200,RSN11432,85,11432, PFO,4.73,33.7328,-117.4921,10.018,96.71,763,33.6117,-116.4594,30.6,30.67,0.000544914,0.000441792,6.11e-05,7.42e-05,1.233416076,0.160498542,84.57737156,5.179664862,6.202702587,0.436332313,2675.784072,7.343854447,7.230638298,401.3676108,AZ,PFO,-1.0,1064,-0.332532639,-0.318076587,-0.225451994,-0.014456052,AZ.PFO,1064,-0.332532639,10.1232996,1285.910034,6.906630039,-0.332532638617133,1064,830.1662394460388,889.2094050208665,845.3970813781783,862.4709202610508
100200,RSN16839,85,16839, PFO,3.49,34.309,-116.9297,9.684,88.72,763,33.6117,-116.4594,14.1,14.14,-0.00252852,-0.001863172,0.000293795,0.000433251,1.357104739,0.160695566,84.29983988,5.179664862,6.192176404,0.471238898,2808.525733,5.836155023,6.341741691,421.27886,AZ,PFO,-1.0,1104,-0.369437196,-0.318076587,-0.225451994,-0.051360609,AZ.PFO,1104,-0.369437196,10.1232996,1285.910034,6.906630039,-0.3694371955525835,1104,671.7432638766759,759.7574396241383,741.5850444881695,904.3439316314955
100200,RSN19388,85,19388, PFO,3.43,34.1381,-117.4717,5.767,110.37,763,33.6117,-116.4594,37.88,37.99,-8.25e-05,-7.88e-05,3.41e-05,1.62e-05,1.046694831,0.164919567,87.49582526,5.179664862,6.057771424,0.401425728,2382.729501,5.092592593,2.31085044,357.4094252,AZ,PFO,-1.0,973,-0.243126051,-0.318076587,-0.225451994,0.074950536,AZ.PFO,973,-0.243126051,10.1232996,1285.910034,6.906630039,-0.24312605090154804,973,855.3017704693293,747.0064708010311,946.085517619872,817.0377146998267
100200,RSN18375,85,18375, PFO,3.96,34.0609,-117.0231,12.849,72.15,763,33.6117,-116.4594,16.5,16.55,0.001264888,0.000996664,0.00040049,0.000630942,1.269121345,0.15734154,80.5253772,5.179664862,6.26890146,0.453785606,2775.576723,2.004761135,2.488611451,416.3365085,AZ,PFO,-1.0,1094,-0.360337952,-0.318076587,-0.225451994,-0.042261365,AZ.PFO,1094,-0.360337952,10.1232996,1285.910034,6.906630039,-0.3603379516974696,1094,653.2539351676712,862.4574942496062,736.6637417197403,855.7000254387351
100200,RSN15744,85,15744, PFO,3.81,32.9942,-116.2977,5.726,70.12,763,33.6117,-116.4594,24.14,24.29,-0.002558531,-0.001907586,1.56e-05,1.36e-05,1.341239637,0.16472888,86.02433625,5.179664862,6.055972626,0.471238898,2726.161984,188.1272794,122.2811538,408.9242976,AZ,PFO,-1.0,1079,-0.346531934,-0.318076587,-0.225451994,-0.028455347,AZ.PFO,1079,-0.346531934,10.1232996,1285.910034,6.906630039,-0.34653193397367765,1079,817.1262461409516,848.7028226135432,907.7621657518033,961.6864811947239
100200,RSN9071,85,9071, PFO,5.2,33.5328,-116.5697,15.48,13.47,763,33.6117,-116.4594,20.74,20.78,0.092131884,0.147265824,0.000261906,0.000123243,0.62561619,0.105475551,41.91717949,5.179664862,6.333749326,0.27925268,2615.580358,747.5628149,562.2850336,392.3370537,AZ,PFO,-1.0,1045,-0.314514133,-0.318076587,-0.225451994,0.003562454,AZ.PFO,1045,-0.314514133,10.1232996,1285.910034,6.906630039,-0.31451413311445453,1045,907.3263905068746,631.3383855800088,677.3701561895163,719.1724090209119
100200,RSN12778,85,12778, PFO,4.26,33.9538,-116.3912,7.696,38.47,763,33.6117,-116.4594,23.09,23.17,-0.007967131,-0.006877664,0.000190851,0.000139352,1.158406582,0.160836417,79.74203773,5.179664862,6.118116656,0.436332313,2592.161044,57.17270653,36.03682454,388.8241566,AZ,PFO,-1.0,1038,-0.307793032,-0.318076587,-0.225451994,0.010283554,AZ.PFO,1038,-0.307793032,10.1232996,1285.910034,6.906630039,-0.3077930324413769,1038,807.5449191126918,846.9350699512188,871.2088477331499,872.7706350369614
100200,RSN9389,85,9389, PFO,4.88,34.0655,-117.0011,17.501,71.05,763,33.6117,-116.4594,16.2,16.34,-0.013244702,-0.010851769,0.001420914,0.001540409,1.220510924,0.152465067,76.73589583,5.179664862,6.383907006,0.436332313,2803.089668,8.598172304,7.637175086,420.4634502,AZ,PFO,-1.0,1102,-0.367623958,-0.318076587,-0.225451994,-0.049547372,AZ.PFO,1102,-0.367623958,10.1232996,1285.910034,6.906630039,-0.36762395842840245,1102,782.9867421323212,802.177758600989,710.7794962112412,783.571972647471
100200,RSN21189,85,21189, PFO,3.4,37.1173,-121.5231,7.213,602.53,763,33.6117,-116.4594,15.19,15.25,0.000177355,-0.000202179,7.23e-06,6.15e-06,0.877214592,0.163753045,89.40771049,5.179664862,6.106430378,0.366519143,2154.68054,28.83821138,27.96390041,323.202081,AZ,PFO,-1.0,900,-0.165136732,-0.318076587,-0.225451994,0.152939855,AZ.PFO,900,-0.165136732,10.1232996,1285.910034,6.906630039,-0.16513673203985402,900,917.7694246569729,673.7846721393984,1000.4490994671675,727.4524603041519
100263,RSN11270,89,11270, NJQ,4.39,35.6421,-120.9543,5.902,141.88,297,34.5341,-120.1774,14.35,14.5,0.00021947,0.00107149,0.000212471,6.57e-05,0.204827037,0.164820553,87.99464846,5.179664862,6.063488731,0.104719755,612.0693794,3.340487062,5.042994103,91.81040691,CI,NJQ,-999.0,420,-0.346522572,-0.33344628,-0.240821687,-0.013076292,CI.NJQ,420,-0.346522572,5.659100056,241.9720001,9.653369904,-0.3465225724747141,420,467.54752912167856,403.7193305684961,473.6887739317851,415.38786938934226
100263,RSN16346,89,16346, NJQ,3.74,34.8456,-119.2446,12.927,92.19,297,34.5341,-120.1774,19.85,19.96,0.000140196,0.000562098,0.000137672,5.26e-05,0.249414715,0.158129701,82.53303754,5.179664862,6.270295551,0.122173048,770.944866,2.665323194,4.082878145,115.6417299,CI,NJQ,-999.0,486,-0.492476485,-0.33344628,-0.240821687,-0.159030205,CI.NJQ,486,-0.492476485,5.659100056,241.9720001,9.653369904,-0.49247648509779385,486,510.37369195501054,450.0128638541329,561.1630338854536,461.7556091632929
100263,RSN19350,89,19350, NJQ,3.19,35.2167,-120.7957,8.83,94.5,297,34.5341,-120.1774,12.6,12.72,-9.42e-05,-0.000648589,0.000106147,3.31e-05,0.145186581,0.161728969,85.18741502,5.179664862,6.16138509,0.06981317,445.2865897,2.84592145,6.110290446,66.79298846,CI,NJQ,-999.0,349,-0.161339783,-0.33344628,-0.240821687,0.172106497,CI.NJQ,349,-0.161339783,5.659100056,241.9720001,9.653369904,-0.1613397833997272,349,417.5065454012823,306.3418600124221,385.5666503502011,325.22151007054816
100269,RSN14608,92,14608, SLA,4.11,35.6211,-117.5805,9.045,40.24,482,35.891,-117.2833,21.17,21.23,-0.001614225,-0.021344272,0.000603852,0.000536848,0.075628012,0.158739664,78.34439795,5.179664862,6.169722379,0.034906585,237.6805657,3.006856689,35.34685983,35.65208486,CI,SLA,-999.0,229,0.74422211,-0.245484331,-0.152859738,0.989706442,CI.SLA,229,0.74422211,8.788499832,1108.48999,5.750790119,0.7442221104963602,229,227.57788519593976,256.1019362685382,232.2557547762689,244.2889635227936
100269,RSN18284,92,18284, SLA,4.2,36.3905,-117.8695,8.829,76.52,482,35.891,-117.2833,10.32,10.61,0.00153778,0.002396246,4.24e-05,6.33e-05,0.641745299,0.161425109,84.04066746,5.179664862,6.161345296,0.27925268,1741.144845,24.29352291,56.51523585,261.1717268,CI,SLA,-999.0,764,-0.460623675,-0.245484331,-0.152859738,-0.215139344,CI.SLA,764,-0.460623675,8.788499832,1108.48999,5.750790119,-0.4606236751159205,764,785.3695670754681,788.2241232899092,771.375275258391,842.5303157346801
100269,RSN18189,92,18189, SLA,4.08,36.3983,-117.8495,7.662,75.93,482,35.891,-117.2833,11.4,11.63,0.000802153,0.001116569,0.000131434,5.17e-05,0.718408611,0.162811078,84.85569935,5.179664862,6.117348091,0.314159265,1883.505904,15.51553191,8.495282804,282.5258856,CI,SLA,-999.0,812,-0.521556226,-0.245484331,-0.152859738,-0.276071895,CI.SLA,812,-0.521556226,8.788499832,1108.48999,5.750790119,-0.5215562261110778,812,801.7027712123036,859.9213813503249,808.75220644837,853.6389407514986
100269,RSN9409,92,9409, SLA,4.88,34.0655,-117.0011,17.501,204.15,482,35.891,-117.2833,13.3,13.41,-0.000693149,-0.001612478,0.000464114,0.000154813,0.42986582,0.156128934,85.35288872,5.179664862,6.383907006,0.20943951,1292.728333,4.477330715,3.4743145,193.90925,CI,SLA,-999.0,697,-0.368841297,-0.245484331,-0.152859738,-0.123356965,CI.SLA,697,-0.368841297,8.788499832,1108.48999,5.750790119,-0.36884129670992394,697,965.0221392446316,922.5928388999881,853.4405011677941,970.4861723310489
100269,RSN8856,92,8856, SLA,5.39,33.9465,-117.7667,14.89,220.19,482,35.891,-117.2833,28.44,28.7,-0.004318474,-0.008798355,0.000555974,0.00011522,0.490827444,0.157997112,86.37089585,5.179664862,6.31653763,0.226892803,1431.128528,37.48024648,15.82511952,214.6692792,CI,SLA,-999.0,746,-0.436781486,-0.245484331,-0.152859738,-0.191297155,CI.SLA,746,-0.436781486,8.788499832,1108.48999,5.750790119,-0.43678148615316026,746,899.122618076188,929.6285962727326,921.9509594326231,1034.8464118445731
100269,RSN12423,92,12423, SLA,4.27,36.1466,-118.0613,4.057,75.65,482,35.891,-117.2833,26.42,26.61,0.000747836,0.00172361,1.74e-05,9.14e-06,0.433877713,0.168095358,87.63440997,5.179664862,5.943934512,0.20943951,1210.199737,81.82013129,99.05804598,181.5299606,CI,SLA,-999.0,666,-0.323345556,-0.245484331,-0.152859738,-0.077861225,CI.SLA,666,-0.323345556,8.788499832,1108.48999,5.750790119,-0.32334555648978913,666,624.8031977641067,696.2952606020777,587.0429951114268,594.343118263526
100269,RSN16999,92,16999, SLA,3.59,35.7823,-117.6639,7.014,36.44,482,35.891,-117.2833,12.98,13.11,0.000605243,0.00307201,5.93e-05,9.03e-05,0.197018717,0.161537926,80.25015891,5.179664862,6.101084446,0.104719755,601.5989753,6.702580288,51.80455312,90.2398463,CI,SLA,-999.0,416,0.147258854,-0.245484331,-0.152859738,0.392743185,CI.SLA,416,0.147258854,8.788499832,1108.48999,5.750790119,0.1472588537893369,416,421.10985402548124,443.58593277705313,421.0311801690499,462.4628244939666
100269,RSN14678,92,14678, SLA,3.9,35.3429,-118.5645,9.906,131.04,482,35.891,-117.2833,28.02,28.16,4.77e-05,0.00013491,2.31e-05,1.09e-05,0.353679806,0.160926596,86.05063717,5.179664862,6.199256899,0.174532925,1051.889585,4.376146789,5.84025974,157.7834378,CI,SLA,-999.0,619,-0.250161159,-0.245484331,-0.152859738,-0.004676827,CI.SLA,619,-0.250161159,8.788499832,1108.48999,5.750790119,-0.250161158633996,619,686.1179110913413,641.7434355012069,635.4546141762114,641.9488349428138
100269,RSN12714,92,12714, SLA,4.34,35.8373,-117.678,6.864,36.14,482,35.891,-117.2833,23.5,23.73,0.009917468,0.033307446,3.16e-05,5.69e-05,0.297755272,0.161633517,80.21443282,5.179664862,6.096821743,0.13962634,891.5067722,174.2964499,1054.033101,133.7260158,CI,SLA,-999.0,543,-0.119165206,-0.245484331,-0.152859738,0.126319125,CI.SLA,543,-0.119165206,8.788499832,1108.48999,5.750790119,-0.11916520588333501,543,518.8559375385723,583.1727914109639,510.657405159072,523.984231420526
100269,RSN9276,92,9276, SLA,5.03,35.3852,-118.6292,7.3,134.2,482,35.891,-117.2833,23.09,23.44,0.006321186,0.012215287,0.000210871,6.66e-05,0.51748161,0.16351578,87.26750223,5.179664862,6.108664217,0.244346095,1447.963855,94.9127027,57.92777101,217.1945783,CI,SLA,-999.0,752,-0.44479221,-0.245484331,-0.152859738,-0.199307879,CI.SLA,752,-0.44479221,8.788499832,1108.48999,5.750790119,-0.44479220989923984,752,756.8188514301395,700.6208921842306,761.1999610955866,777.0178362298776
100269,RSN9453,92,9453, SLA,4.73,36.4011,-117.8397,7.419,75.57,482,35.891,-117.2833,23.21,23.49,0.002516828,0.003660453,0.000226299,0.000173652,0.687572747,0.163010499,85.04238775,5.179664862,6.111624155,0.296705973,1817.983471,14.49351577,16.17529463,272.6975207,CI,SLA,-999.0,790,-0.494088831,-0.245484331,-0.152859738,-0.2486045,CI.SLA,790,-0.494088831,8.788499832,1108.48999,5.750790119,-0.4940888314104672,790,756.6938758884382,738.0956051395017,723.3395696370297,805.5037641497744
100269,RSN14762,92,14762, SLA,3.84,34.2268,-117.4407,8.593,185.18,482,35.891,-117.2833,26.92,27.04,0.000471448,0.002054696,0.000294765,0.000212983,0.229448877,0.162417577,87.62405761,5.179664862,6.151676073,0.104719755,692.2868413,2.21354756,6.970624056,103.8430262,CI,SLA,-999.0,451,0.066476775,-0.245484331,-0.152859738,0.311961106,CI.SLA,451,0.066476775,8.788499832,1108.48999,5.750790119,0.06647677454792156,451,533.799494529887,494.664816546469,458.5810409860514,501.5839141472572
100269,RSN17960,92,17960, SLA,4.04,36.3911,-117.8665,9.439,76.38,482,35.891,-117.2833,12.0,12.19,0.002201332,0.003625159,0.000357612,0.000110371,0.607237318,0.160694873,83.58008168,5.179664862,6.183950287,0.27925268,1679.287667,19.94484058,10.13712907,251.8931501,CI,SLA,-999.0,743,-0.432751931,-0.245484331,-0.152859738,-0.187267599,CI.SLA,743,-0.432751931,8.788499832,1108.48999,5.750790119,-0.432751930667159,743,752.771219788164,772.5750150339675,755.4065897227401,816.165155052745
100269,RSN18142,92,18142, SLA,5.19,36.4034,-117.8499,9.418,76.37,482,35.891,-117.2833,12.45,12.77,0.009611885,0.020839968,0.002653098,0.002156286,0.461223588,0.160718744,83.59592441,5.179664862,6.183223963,0.20943951,1332.397253,4.457611374,7.85495598,199.859588,CI,SLA,-999.0,712,-0.390133797,-0.245484331,-0.152859738,-0.144649466,CI.SLA,712,-0.390133797,8.788499832,1108.48999,5.750790119,-0.39013379736137566,712,693.2711614355785,622.3427651306171,644.7641540754713,647.6616846690897
100269,RSN11461,92,11461, SLA,4.73,33.7328,-117.4921,10.018,240.18,482,35.891,-117.2833,24.1,24.23,-8.62e-05,-0.000254889,3.7e-05,1.34e-05,0.338026853,0.161105403,87.83912828,5.179664862,6.202702587,0.157079633,1006.326395,6.432835821,6.888891892,150.9489593,CI,SLA,-999.0,604,-0.225630084,-0.245484331,-0.152859738,0.019854247,CI.SLA,604,-0.225630084,8.788499832,1108.48999,5.750790119,-0.2256300838842149,604,717.6973107651577,725.8123673086684,690.3875206069986,828.5120856651856
100269,RSN10527,92,10527, SLA,4.45,34.1081,-117.3062,14.795,197.8,482,35.891,-117.2833,16.5,16.62,0.000362616,0.001255673,0.000229272,1.79e-05,0.288782456,0.15799644,85.97401014,5.179664862,6.313637877,0.13962634,886.6487601,20.25787709,5.476783035,132.997314,CI,SLA,-999.0,540,-0.113625026,-0.245484331,-0.152859738,0.131859306,CI.SLA,540,-0.113625026,8.788499832,1108.48999,5.750790119,-0.11362502550772025,540,653.2867003364552,590.6422389199562,583.8694812577161,715.5655084212914
100269,RSN16562,92,16562, SLA,3.61,34.2449,-117.4464,12.48,183.22,482,35.891,-117.2833,18.9,19.02,0.000387388,0.000937599,0.00017122,0.000152917,0.413169932,0.159375158,86.39074017,5.179664862,6.262058538,0.191986218,1220.545603,2.533321998,5.475989954,183.0818405,CI,SLA,-999.0,670,-0.329333598,-0.245484331,-0.152859738,-0.083849267,CI.SLA,670,-0.329333598,8.788499832,1108.48999,5.750790119,-0.32933359833441145,670,769.5785090811111,727.7448703883965,707.7108860333301,764.2024227253121
100269,RSN18029,92,18029, SLA,5.0,36.3864,-117.8583,7.408,75.5,482,35.891,-117.2833,11.92,12.05,0.005782364,0.008858811,0.001369205,0.001322844,0.652724687,0.163019762,85.05084119,5.179664862,6.11135504,0.296705973,1751.937956,4.371160923,6.470039914,262.7906934,CI,SLA,-999.0,768,-0.465845619,-0.245484331,-0.152859738,-0.220361288,CI.SLA,768,-0.465845619,8.788499832,1108.48999,5.750790119,-0.4658456190970721,768,705.9414470288867,724.580620082624,679.8925887620027,750.7173375975937
100272,RSN9202,93,9202, ISA,5.03,35.3852,-118.6292,7.3,33.86,644,35.6628,-118.474,20.19,20.24,0.014270512,0.028789946,0.000295985,0.000229496,0.495676938,0.16061873,78.86233333,5.179664862,6.108664217,0.226892803,1419.068886,62.18196396,97.26826022,212.8603329,CI,ISA,7.194365,742,-0.141650517,-0.376516469,-0.283891875,0.234865952,CI.ISA,629,0.023567469,43.77069855,828.2440186,12.48200035,0.023567469403912966,629,569.918527955996,554.7263462363017,592.4820380484526,556.1496565494613
100272,RSN16332,93,16332, ISA,3.74,34.8456,-119.2446,12.927,114.62,644,35.6628,-118.474,21.23,21.29,-0.000510727,-0.00042268,4.95e-05,5.19e-05,1.208306624,0.158601113,83.97481501,5.179664862,6.270295551,0.436332313,2682.032981,9.840597303,8.538989899,402.3049472,CI,ISA,7.194365,1065,-0.503031352,-0.376516469,-0.283891875,-0.126514883,CI.ISA,903,-0.338023827,43.77069855,828.2440186,12.48200035,-0.3380238273126315,903,575.798991008931,811.818239616439,445.9858867884518,711.587405828056
100272,RSN10072,93,10072, ISA,4.18,34.3617,-118.6637,11.151,145.38,644,35.6628,-118.474,9.5,9.8,0.000862342,0.000891996,2.27e-05,2.02e-05,0.966756098,0.160027611,85.96771577,5.179664862,6.233452986,0.383972435,2342.339598,42.69019802,39.29497797,351.3509397,CI,ISA,7.194365,960,-0.399234558,-0.376516469,-0.283891875,-0.02271809,CI.ISA,814,-0.23426164,43.77069855,828.2440186,12.48200035,-0.23426163989818605,814,683.2415554927892,776.7080033292161,543.1594602033495,740.2087939218085
100272,RSN14204,93,14204, ISA,4.02,36.0735,-117.8947,7.001,69.38,644,35.6628,-118.474,15.96,16.06,0.000804709,0.00085085,1.48e-05,7.74e-06,0.945770659,0.163280407,84.95671286,5.179664862,6.100723215,0.383972435,2267.362584,103.9675711,57.48986486,340.1043876,CI,ISA,7.194365,936,-0.37391675,-0.376516469,-0.283891875,0.002599718,CI.ISA,793,-0.208124496,43.77069855,828.2440186,12.48200035,-0.20812449553049372,793,707.0662915595252,675.0134656582168,592.6042893623447,690.8668197737504
100272,RSN11816,93,11816, ISA,4.26,34.2844,-118.4129,8.031,153.02,644,35.6628,-118.474,49.8,50.0,-0.000209478,-0.0001818,1.9e-05,1.13e-05,1.152244633,0.163057108,87.33406711,5.179664862,6.126183158,0.436332313,2550.251742,18.53787611,9.568421053,382.5377613,CI,ISA,7.194365,1025,-0.464749165,-0.376516469,-0.283891875,-0.088232697,CI.ISA,869,-0.299644399,43.77069855,828.2440186,12.48200035,-0.29964439916103824,869,732.4515029191283,775.76037766787,577.4054054857291,742.5568967940995
100278,RSN9281,94,9281, SNCC,5.03,35.3852,-118.6292,7.3,250.99,541,33.2479,-119.5244,10.6,10.8375,0.000180457,0.000277856,4.43e-05,3.44e-05,0.649462897,0.163649538,88.55065696,5.179664862,6.108664217,0.296705973,1738.909227,5.245843023,6.27214447,260.8363841,CI,SNCC,6.697955,763,-0.343838752,-0.223899145,-0.131274551,-0.119939608,CI.SNCC,626,-0.145931092,3.930330038,266.0889893,2.341279984,-0.14593109225361722,626,680.1546173692918,508.4379527522745,820.7224555991938,655.8744636196876
100278,RSN13767,94,13767, SNCC,3.88,34.3922,-118.6127,7.9,152.43,541,33.2479,-119.5244,50.4625,50.5375,0.000136332,0.000422779,0.00014869,6.75e-05,0.322466001,0.163159775,87.3836685,5.179664862,6.122572788,0.157079633,952.2093665,2.019733333,2.843358666,142.831405,CI,SNCC,6.697955,575,-0.060950762,-0.223899145,-0.131274551,0.162948383,CI.SNCC,575,-0.060950762,3.930330038,266.0889893,2.341279984,-0.06095076195086957,575,674.915684474678,515.0755657251912,542.648813072448,468.07359531677724
100278,RSN16191,94,16191, SNCC,3.64,33.8455,-118.7007,12.777,101.22,541,33.2479,-119.5244,31.2,31.2625,-0.000289041,-0.000795462,0.000200803,4.38e-05,0.363362594,0.158455649,83.28321544,5.179664862,6.267598776,0.174532925,1094.256877,6.599109589,3.961404959,164.1385316,CI,SNCC,6.697955,631,-0.153886584,-0.223899145,-0.131274551,0.070012561,CI.SNCC,518,0.043444037,3.930330038,266.0889893,2.341279984,0.04344403658699836,518,545.3430347838304,458.3153802552305,518.2282750666212,424.51839950611543
100278,RSN9987,94,9987, SNCC,4.59,34.9977,-119.1926,10.662,196.49,541,33.2479,-119.5244,9.8,10.1,0.001043034,0.002132555,0.000160588,4.95e-05,0.489100614,0.160548148,87.16338743,5.179664862,6.221029194,0.226892803,1404.349193,21.07139394,13.27966598,210.652379,CI,SNCC,6.697955,736,-0.30781084,-0.223899145,-0.131274551,-0.083911695,CI.SNCC,604,-0.110154919,3.930330038,266.0889893,2.341279984,-0.11015491908833397,604,679.7008071616706,565.426645078879,670.1254107886799,555.2644414790777
100278,RSN13458,94,13458, SNCC,3.9,34.4032,-118.651,13.612,151.52,541,33.2479,-119.5244,6.775,7.0,-0.000173811,-0.000439647,3.57e-05,3.44e-05,0.395341346,0.15862977,85.19387513,5.179664862,6.281821568,0.191986218,1180.417665,5.052645349,12.31504202,177.0626498,CI,SNCC,6.697955,654,-0.189688073,-0.223899145,-0.131274551,0.034211072,CI.SNCC,537,0.007421184,3.930330038,266.0889893,2.341279984,0.007421184337616182,537,575.11411975162,465.2335167216917,546.4190171359656,420.3036949130671
100278,RSN10289,94,10289, SNCC,4.34,35.0174,-119.1492,9.557,199.31,541,33.2479,-119.5244,14.4,14.625,-0.000505565,-0.000866814,0.000110911,4.82e-05,0.5832452,0.161453225,87.52537833,5.179664862,6.187968323,0.261799388,1615.517557,10.48890041,7.815401538,242.3276336,CI,SNCC,6.697955,721,-0.287219858,-0.223899145,-0.131274551,-0.063320714,CI.SNCC,592,-0.090087356,3.930330038,266.0889893,2.341279984,-0.09008735603752438,592,685.0837760420055,496.3672166306272,696.7498522198698,506.7589083334147
100283,RSN16659,96,16659, VCS,3.69,33.735,-117.4936,9.693,101.05,405,34.4836,-118.1178,12.55,12.61,-0.000161951,-0.000313866,8.36e-05,3.8e-05,0.51598735,0.160867472,84.98183826,5.179664862,6.192470162,0.244346095,1468.405416,4.261868421,3.75437799,220.2608124,CI,VCS,3.2625,759,-0.62811471,-0.641257946,-0.548633353,0.013143236,CI.VCS,449,-0.103135821,3.069080114,997.302002,5.126949787,-0.1031358206357158,449,470.0585692347116,365.5262280063136,454.7318062960019,378.2473104671689
100283,RSN13474,96,13474, VCS,3.9,34.4032,-118.651,13.612,49.81,405,34.4836,-118.1178,17.36,17.42,-0.000718206,-0.002608049,0.000494046,0.000272436,0.275380635,0.153963552,75.27829636,5.179664862,6.281821568,0.13962634,870.6389877,2.636237502,5.278959854,130.5958482,CI,VCS,3.2625,532,-0.272756422,-0.641257946,-0.548633353,0.368501524,CI.VCS,532,-0.272756422,3.069080114,997.302002,5.126949787,-0.27275642223510577,532,562.1575246484673,517.8799117536629,539.2395340853756,505.7776115595719
100283,RSN10826,96,10826, VCS,4.66,34.2983,-118.6255,8.038,51.01,405,34.4836,-118.1178,14.89,15.04,-0.001900035,-0.003928195,0.000169831,6.26e-05,0.48369155,0.161566606,81.82635759,5.179664862,6.126524324,0.226892803,1382.875961,30.35199681,23.13002338,207.4313942,CI,VCS,3.2625,729,-0.587786665,-0.641257946,-0.548633353,0.053471281,CI.VCS,432,-0.064538521,3.069080114,997.302002,5.126949787,-0.06453852113757197,432,422.51901716871805,364.8956468012091,384.0755207041883,406.42899988295574
100283,RSN16376,96,16376, VCS,3.74,34.8456,-119.2446,12.927,110.81,405,34.4836,-118.1178,23.02,23.09,-0.000807693,-0.002921681,0.000326183,0.000169995,0.276447973,0.158535851,83.75542356,5.179664862,6.270295551,0.13962634,848.5776549,4.751275038,8.957183544,127.2866482,CI,VCS,3.2625,520,-0.249941744,-0.641257946,-0.548633353,0.391316202,CI.VCS,520,-0.249941744,3.069080114,997.302002,5.126949787,-0.24994174446893425,520,548.8394253424588,474.45214869999097,530.8935875387708,464.2372295998673
100283,RSN13100,96,13100, VCS,4.11,34.373,-117.6258,8.33,46.86,405,34.4836,-118.1178,12.82,12.88,0.000502541,0.001070073,4.62e-05,4.42e-05,0.469632671,0.160742458,80.74840664,5.179664862,6.140206558,0.226892803,1356.654305,11.36970588,23.16175325,203.4981458,CI,VCS,3.2625,720,-0.575364145,-0.641257946,-0.548633353,0.065893801,CI.VCS,426,-0.050552279,3.069080114,997.302002,5.126949787,-0.050552279162832114,426,440.5938300689121,369.9726406935886,405.52606990745704,384.8814391842118
100283,RSN11480,96,11480, VCS,4.73,33.7328,-117.4921,10.018,101.33,405,34.4836,-118.1178,25.1,25.28,-0.005262961,-0.005410223,0.000493612,0.000273408,0.972780786,0.160568463,84.84700523,5.179664862,6.202702587,0.383972435,2342.586585,19.24947697,10.96047705,351.3879878,CI,VCS,3.2625,960,-0.863046217,-0.641257946,-0.548633353,-0.221788271,CI.VCS,568,-0.338234352,3.069080114,997.302002,5.126949787,-0.3382343516146129,568,508.3459284110703,546.6866819022038,580.6325531705116,540.4205000606006
100283,RSN16694,96,16694, VCS,3.79,34.0456,-117.2248,15.927,95.52,405,34.4836,-118.1178,42.51,42.62,0.000534506,0.000936513,3.11e-05,2.53e-05,0.5707406,0.15563103,80.97689325,5.179664862,6.345939946,0.261799388,1648.435276,21.12671937,30.1129582,247.2652914,CI,VCS,3.2625,733,-0.593258635,-0.641257946,-0.548633353,0.047999312,CI.VCS,434,-0.069157467,3.069080114,997.302002,5.126949787,-0.06915746699386638,434,413.62268761021136,384.77045874433384,440.2953468912777,377.92982994973704
100283,RSN17202,96,17202, VCS,3.53,33.9634,-117.8198,13.862,63.9,405,34.4836,-118.1178,25.57,25.6,-0.000390343,-0.000568245,0.000244506,0.000171172,0.686926334,0.155773816,78.28013699,5.179664862,6.285731951,0.296705973,1901.185759,2.280413853,2.324053397,285.1778639,CI,VCS,3.2625,818,-0.702975269,-0.641257946,-0.548633353,-0.061717323,CI.VCS,484,-0.17819784,3.069080114,997.302002,5.126949787,-0.1781978396100934,484,405.7177312281847,395.0906217649209,435.8712141028212,395.45537571033833
100283,RSN15015,96,15015, VCS,3.74,34.1651,-117.4332,7.875,72.23,405,34.4836,-118.1178,24.77,24.89,0.001039285,0.001351065,0.000103454,8.2e-05,0.769234125,0.162583796,84.46923609,5.179664862,6.12204057,0.331612558,1982.236365,12.67420732,13.05957237,297.3354548,CI,VCS,3.2625,844,-0.734265427,-0.641257946,-0.548633353,-0.093007481,CI.VCS,500,-0.210721031,3.069080114,997.302002,5.126949787,-0.21072103131565267,500,466.0476256079459,380.14201080025657,512.020781334812,447.497877057148
100283,RSN17475,96,17475, VCS,3.59,34.0938,-117.4347,3.015,76.32,405,34.4836,-118.1178,14.57,14.63,0.000243717,0.00046361,9.73e-05,2.44e-05,0.52569453,0.168343788,88.44023683,5.179664862,5.93802414,0.244346095,1424.178258,9.988401639,4.764748201,213.6267387,CI,VCS,3.2625,743,-0.606808978,-0.641257946,-0.548633353,0.034448969,CI.VCS,440,-0.08288766,3.069080114,997.302002,5.126949787,-0.08288765980576773,440,470.647938531935,371.8279715716905,419.92437220663277,371.9456862586469
100283,RSN9423,96,9423, VCS,4.88,34.0655,-117.0011,17.501,112.81,405,34.4836,-118.1178,14.85,14.94,-0.002522158,-0.00406287,0.000826736,0.000756969,0.620782426,0.154941211,81.5444673,5.179664862,6.383907006,0.27925268,1770.39428,3.331917159,4.914349925,265.559142,CI,VCS,3.2625,774,-0.647684806,-0.641257946,-0.548633353,-0.00642686,CI.VCS,458,-0.122982117,3.069080114,997.302002,5.126949787,-0.12298211700764661,458,546.7754810966447,473.41505580571203,500.2802891877461,417.4678406756013
100283,RSN19407,96,19407, VCS,3.43,34.1381,-117.4717,5.767,70.75,405,34.4836,-118.1178,27.82,27.89,0.001218298,0.001668383,0.000403329,0.000244413,0.730227076,0.164684656,86.04788881,5.179664862,6.057771424,0.314159265,1882.866409,4.984587563,4.136531219,282.4299614,CI,VCS,3.2625,812,-0.695613273,-0.641257946,-0.548633353,-0.054355327,CI.VCS,481,-0.171980203,3.069080114,997.302002,5.126949787,-0.17198020299922234,481,458.4309979309222,379.5292171453997,476.34634681220916,410.7655505210303
100283,RSN16925,96,16925, VCS,3.6,34.2088,-117.5824,7.536,57.93,405,34.4836,-118.1178,12.38,12.44,0.001165709,0.004187942,7.77e-05,6.04e-05,0.278348806,0.162444804,83.34288324,5.179664862,6.114431914,0.13962634,833.4508817,19.29981788,53.89886744,125.0176323,CI,VCS,3.2625,512,-0.234437558,-0.641257946,-0.548633353,0.406820388,CI.VCS,512,-0.234437558,3.069080114,997.302002,5.126949787,-0.23443755793296894,512,530.5717552553346,468.4647129743235,505.7228383533394,489.82034017950895
100283,RSN14690,96,14690, VCS,3.9,35.3429,-118.5645,9.906,103.7,405,34.4836,-118.1178,21.8,21.86,-0.00023212,-0.000791453,6.69e-05,2.28e-05,0.293282961,0.160698263,85.00994722,5.179664862,6.199256899,0.13962634,884.2792578,10.18070175,11.83038864,132.6418887,CI,VCS,3.2625,539,-0.285828504,-0.641257946,-0.548633353,0.355429442,CI.VCS,539,-0.285828504,3.069080114,997.302002,5.126949787,-0.28582850380245883,539,576.8663794347625,496.1371971091986,537.0406754609148,482.6519248768925
100283,RSN17030,96,17030, VCS,3.45,33.6767,-117.9697,9.542,90.54,405,34.4836,-118.1178,38.68,38.74,-0.000193875,-0.000426003,3.98e-05,3.19e-05,0.455103091,0.160877837,84.51768535,5.179664862,6.187463428,0.20943951,1316.337406,6.077586207,10.70359296,197.4506109,CI,VCS,3.2625,706,-0.55572817,-0.641257946,-0.548633353,0.085529776,CI.VCS,418,-0.031594365,3.069080114,997.302002,5.126949787,-0.031594365418217585,418,442.1195317467979,346.1741327248352,418.60003753882614,341.77958534317384
100283,RSN17063,96,17063, VCS,3.43,34.0052,-118.2218,6.093,53.92,405,34.4836,-118.1178,36.05,36.1,-0.000628477,-0.001142728,0.00042226,0.000118676,0.549979461,0.16393104,84.40616027,5.179664862,6.071076522,0.244346095,1515.433827,5.295737976,2.706218917,227.3150741,CI,VCS,3.2625,775,-0.648975962,-0.641257946,-0.548633353,-0.007718016,CI.VCS,459,-0.125163143,3.069080114,997.302002,5.126949787,-0.12516314295400655,459,460.63912207135695,381.88308574687215,437.9009307428721,389.7145005258072
100283,RSN9298,96,9298, VCS,5.03,35.3852,-118.6292,7.3,110.4,405,34.4836,-118.1178,11.17,11.3,-0.002466162,-0.003205276,0.00093129,0.000292899,0.769407023,0.16342916,86.6920893,5.179664862,6.108664217,0.331612558,1972.273656,8.419837555,3.44175928,295.8410484,CI,VCS,3.2625,841,-0.730704593,-0.641257946,-0.548633353,-0.089446647,CI.VCS,498,-0.20671301,3.069080114,997.302002,5.126949787,-0.20671300991811403,498,452.21969703522933,490.30496658778105,490.24814453530087,485.0740710896996
100283,RSN15201,96,15201, VCS,3.9,33.867,-117.1038,11.856,115.83,405,34.4836,-118.1178,22.56,22.65,0.000559532,0.000830406,2.68e-05,3.3e-05,0.673804989,0.159292999,84.5602372,5.179664862,6.24946745,0.296705973,1834.077536,16.95551515,30.98529851,275.1116304,CI,VCS,3.2625,795,-0.674455048,-0.641257946,-0.548633353,-0.033197101,CI.VCS,471,-0.150971027,3.069080114,997.302002,5.126949787,-0.15097102690987896,471,435.2452916437184,406.56041450843975,491.05127831766777,424.6155717977658
100283,RSN14772,96,14772, VCS,3.84,34.2268,-117.4407,8.593,68.5,405,34.4836,-118.1178,24.2,24.38,0.002998583,0.003432807,0.000221243,0.00010572,0.873507803,0.161523385,83.53434934,5.179664862,6.151676073,0.366519143,2178.86111,28.36344117,15.51600277,326.8291665,CI,VCS,3.2625,908,-0.807357311,-0.641257946,-0.548633353,-0.166099365,CI.VCS,538,-0.283971493,3.069080114,997.302002,5.126949787,-0.2839714930552457,538,461.5289733535456,430.8629036943898,550.5398315416832,496.26603478129124
100283,RSN9813,96,9813, VCS,4.69,35.0172,-119.0247,9.251,101.98,405,34.4836,-118.1178,5.45,5.56,-0.000590406,-0.001112231,0.000239823,0.000128011,0.530830538,0.161334187,85.28320968,5.179664862,6.177322679,0.244346095,1497.54783,4.612150518,4.637716149,224.6321745,CI,VCS,3.2625,769,-0.641203902,-0.641257946,-0.548633353,5.4e-05,CI.VCS,455,-0.116410352,3.069080114,997.302002,5.126949787,-0.11641035184441151,455,477.0337046749124,417.9848466857875,465.6852536182291,438.4139741551672
100283,RSN13743,96,13743, VCS,3.97,33.9535,-117.7457,11.873,68.07,405,34.4836,-118.1178,11.0,11.04,-0.001115999,-0.001875493,0.000404781,0.000156195,0.595042787,0.157876335,80.64498236,5.179664862,6.249828919,0.261799388,1677.363038,7.144908608,4.633352356,251.6044557,CI,VCS,3.2625,743,-0.606808978,-0.641257946,-0.548633353,0.034448969,CI.VCS,440,-0.08288766,3.069080114,997.302002,5.126949787,-0.08288765980576773,440,422.79513211915486,369.2849422137265,438.87553043777774,377.18160662141355
100283,RSN11240,96,11240, VCS,4.42,34.0665,-118.8938,12.827,85.13,405,34.4836,-118.1178,23.6,23.69,-0.001365393,-0.00274755,0.000179573,0.000129903,0.496949491,0.157969562,81.98557282,5.179664862,6.268505043,0.226892803,1445.871752,10.5108658,15.30046276,216.8807628,CI,VCS,3.2625,751,-0.617518585,-0.641257946,-0.548633353,0.023739362,CI.VCS,445,-0.094187215,3.069080114,997.302002,5.126949787,-0.0941872150597014,445,466.0980649376351,407.24872327557875,441.116785063601,407.9287624365892
100283,RSN17598,96,17598, VCS,3.4,34.0733,-118.867,10.648,82.65,405,34.4836,-118.1178,22.0,22.05,-0.000157246,-0.000410911,0.00012882,7.78e-05,0.382677206,0.159626399,83.20743846,5.179664862,6.220655727,0.174532925,1136.972818,2.021156812,3.189807483,170.5459227,CI,VCS,3.2625,642,-0.460701237,-0.641257946,-0.548633353,0.18055671,CI.VCS,380,0.063715814,3.069080114,997.302002,5.126949787,0.06371581438610718,380,402.86362145999146,323.0517969821313,378.70497903985046,321.9719795743472
100283,RSN9116,96,9116, VCS,5.2,33.5328,-116.5697,15.48,177.69,405,34.4836,-118.1178,16.6,16.68,-0.008388168,-0.015385115,0.002219817,0.002725344,0.545213228,0.15735272,85.29671274,5.179664862,6.333749326,0.244346095,1568.084483,3.077838247,6.930803305,235.2126725,CI,VCS,3.2625,747,-0.612178118,-0.641257946,-0.548633353,0.029079828,CI.VCS,442,-0.087422815,3.069080114,997.302002,5.126949787,-0.08742281497115911,442,538.968584361185,490.4340849152481,517.7344382684054,500.48146883167385
100283,RSN17886,96,17886, VCS,3.14,33.909,-118.1836,6.769,64.02,405,34.4836,-118.1178,14.28,14.35,-0.000106131,-0.000139928,1.85e-05,1.59e-05,0.758468672,0.163389755,84.68402677,5.179664862,6.094010642,0.331612558,1954.233528,6.67490566,7.563675676,293.1350292,CI,VCS,3.2625,835,-0.723544658,-0.641257946,-0.548633353,-0.082286711,CI.VCS,494,-0.19864845,3.069080114,997.302002,5.126949787,-0.1986484500813841,494,413.8043519618753,387.5136733711115,455.2827882781025,397.80967326398894
100283,RSN12799,96,12799, VCS,4.26,33.9538,-116.3912,7.696,169.61,405,34.4836,-118.1178,24.02,24.43,0.000929802,0.000989246,4.17e-05,2.44e-05,0.939909425,0.16331932,87.71756204,5.179664862,6.118116656,0.383972435,2258.791437,38.10663934,23.72292566,338.8187156,CI,VCS,3.2625,934,-0.835589371,-0.641257946,-0.548633353,-0.194331425,CI.VCS,553,-0.311470934,3.069080114,997.302002,5.126949787,-0.3114709344157962,553,530.7507667223598,473.5970398034459,623.8542990237877,502.4700709387095
100283,RSN16568,96,16568, VCS,3.61,34.2449,-117.4464,12.48,67.2,405,34.4836,-118.1178,14.91,14.97,0.000527982,0.000877416,0.000126388,6.92e-05,0.601746998,0.157329633,80.13272762,5.179664862,6.262058538,0.27925268,1703.605592,7.629797688,6.942241352,255.5408388,CI,VCS,3.2625,751,-0.617518585,-0.641257946,-0.548633353,0.023739362,CI.VCS,445,-0.094187215,3.069080114,997.302002,5.126949787,-0.0941872150597014,445,407.03125105751855,371.26919584288646,423.5444495177162,361.76377565235373
100283,RSN14572,96,14572, VCS,3.78,34.0294,-116.7534,14.93,135.39,405,34.4836,-118.1178,17.75,17.84,0.000480007,0.000662182,0.000115056,9.55e-05,0.72488742,0.157435867,84.06512194,5.179664862,6.317747533,0.314159265,1959.771576,5.026251309,5.755301766,293.9657364,CI,VCS,3.2625,837,-0.725937003,-0.641257946,-0.548633353,-0.084679057,CI.VCS,496,-0.20268886,3.069080114,997.302002,5.126949787,-0.20268885961838912,496,424.0982073274329,415.49915726982965,505.45845369467565,440.33405639992617
100283,RSN11338,96,11338, VCS,4.78,34.1228,-116.9226,5.969,117.08,405,34.4836,-118.1178,17.1,17.17,0.00049317,0.000649347,0.00028941,0.000139726,0.759486582,0.164693778,87.52586307,5.179664862,6.066214653,0.331612558,1940.479682,3.529550692,2.24369234,291.0719523,CI,VCS,3.2625,831,-0.718742728,-0.641257946,-0.548633353,-0.077484781,CI.VCS,492,-0.194591649,3.069080114,997.302002,5.126949787,-0.19459164938576912,492,465.21213601770387,474.7006815462412,492.3066123077451,470.0097995211486
100283,RSN17442,96,17442, VCS,3.73,35.2675,-117.3498,7.92,111.77,405,34.4836,-118.1178,32.01,32.1,-0.000235325,-0.000342712,0.000103594,4.72e-05,0.686655886,0.16299653,86.40031824,5.179664862,6.122995859,0.296705973,1816.438365,4.985699153,3.308222484,272.4657548,CI,VCS,3.2625,789,-0.666879254,-0.641257946,-0.548633353,-0.025621307,CI.VCS,467,-0.142442191,3.069080114,997.302002,5.126949787,-0.14244219056235874,467,482.53840015476885,368.562619831425,499.42319768419077,415.41346859721745
100283,RSN8872,96,8872, VCS,5.39,33.9465,-117.7667,14.89,67.8,405,34.4836,-118.1178,21.19,21.49,-0.128392663,-0.146842207,0.009533862,0.003256057,0.87435803,0.154920939,78.11527963,5.179664862,6.31653763,0.366519143,2273.052673,39.43194576,15.40217459,340.957901,CI,VCS,3.2625,938,-0.839862882,-0.641257946,-0.548633353,-0.198604936,CI.VCS,555,-0.315081047,3.069080114,997.302002,5.126949787,-0.31508104663989567,555,500.28659863593685,531.7684437560628,480.49147406800955,458.1093451491272
100283,RSN11866,96,11866, VCS,4.26,34.2844,-118.4129,8.031,35.0,405,34.4836,-118.1178,30.81,30.93,-0.01540967,-0.023253145,0.000142132,7.33e-05,0.662691846,0.159650341,77.9723716,5.179664862,6.126183158,0.296705973,1808.452725,210.2274216,163.6024611,271.2679088,CI,VCS,3.2625,787,-0.664341181,-0.641257946,-0.548633353,-0.023083235,CI.VCS,466,-0.140298567,3.069080114,997.302002,5.126949787,-0.1402985670191068,466,452.31076736517184,385.7772163228552,431.6558459423055,415.9501194900077
100283,RSN17702,96,17702, VCS,3.59,34.3463,-118.5806,6.999,45.19,405,34.4836,-118.1178,13.33,13.44,0.00152744,0.003378306,4.57e-05,2.72e-05,0.452132064,0.16234421,82.05783521,5.179664862,6.100667506,0.20943951,1297.322865,56.15588235,73.92354486,194.5984298,CI,VCS,3.2625,699,-0.545763675,-0.641257946,-0.548633353,0.095494271,CI.VCS,414,-0.021978907,3.069080114,997.302002,5.126949787,-0.02197890671877545,414,425.3238854945418,347.8473770611555,398.7583641071834,366.95358446387684
100283,RSN15313,96,15313, VCS,3.86,34.1976,-117.3882,14.177,74.25,405,34.4836,-118.1178,24.9,25.14,0.00493389,0.009191597,2.24e-05,2.39e-05,0.536782744,0.156359009,79.76789982,5.179664862,6.293825021,0.244346095,1558.857104,206.4389121,410.3391518,233.8285656,CI,VCS,3.2625,756,-0.624154309,-0.641257946,-0.548633353,0.017103637,CI.VCS,448,-0.100906165,3.069080114,997.302002,5.126949787,-0.1009061653084462,448,435.6691780186857,397.1150118499271,447.61092851728137,386.2565611012551
100283,RSN13308,96,13308, VCS,4.19,34.3571,-116.8418,9.486,118.14,405,34.4836,-118.1178,18.8,18.93,0.000921004,0.001102858,0.000196329,5.6e-05,0.835106942,0.161235894,85.81597061,5.179664862,6.185563454,0.34906585,2114.959789,16.4465,5.617397328,317.2439684,CI,VCS,3.2625,888,-0.785084676,-0.641257946,-0.548633353,-0.14382673,CI.VCS,526,-0.261414146,3.069080114,997.302002,5.126949787,-0.2614141456311714,526,492.5804461800956,468.59750851095396,570.6228113788807,508.8532491840806
100283,RSN10152,96,10152, VCS,4.18,34.3617,-118.6637,11.151,51.97,405,34.4836,-118.1178,10.0,10.08,-0.001865442,-0.002511342,0.000667955,0.000197972,0.742806776,0.157217419,78.52378644,5.179664862,6.233452986,0.314159265,1995.142217,9.422756753,3.759747288,299.2713326,CI,VCS,3.2625,849,-0.740172119,-0.641257946,-0.548633353,-0.098914173,CI.VCS,503,-0.216703103,3.069080114,997.302002,5.126949787,-0.2167031029932005,503,449.51169093823415,434.896807675654,502.3405713214864,435.73293043005845
100283,RSN11760,96,11760, VCS,4.5,34.3365,-116.8617,8.94,116.63,405,34.4836,-118.1178,15.6,15.72,0.002890974,0.002976613,0.001064492,0.000562773,0.971229194,0.161802276,86.0503681,5.179664862,6.165704274,0.383972435,2322.649155,5.137016168,2.796275594,348.3973733,CI,VCS,3.2625,954,-0.856776604,-0.641257946,-0.548633353,-0.215518658,CI.VCS,565,-0.332938664,3.069080114,997.302002,5.126949787,-0.3329386640399026,565,513.7163830991822,522.7656427787742,591.4832606077072,545.6551876103193
100283,RSN13908,96,13908, VCS,4.17,34.3277,-116.829,4.957,119.75,405,34.4836,-118.1178,20.3,20.44,0.001164926,0.001458979,2.31e-05,2.7e-05,0.798453146,0.166140771,88.07936887,5.179664862,6.015610792,0.331612558,1987.305149,43.14540741,63.15926407,298.0957724,CI,VCS,3.2625,846,-0.736632292,-0.641257946,-0.548633353,-0.095374346,CI.VCS,501,-0.212719034,3.069080114,997.302002,5.126949787,-0.2127190339783258,501,517.9847166892786,451.2783954266672,527.8424866638496,462.13353503279234
100283,RSN13351,96,13351, VCS,4.2,34.3768,-117.6461,8.934,44.95,405,34.4836,-118.1178,13.19,13.25,0.002401683,0.003374533,0.001301179,0.00069505,0.711708241,0.159501244,79.5458399,5.179664862,6.165471616,0.314159265,1910.287912,3.455410402,2.593442562,286.5431868,CI,VCS,3.2625,821,-0.706636042,-0.641257946,-0.548633353,-0.065378096,CI.VCS,486,-0.182321557,3.069080114,997.302002,5.126949787,-0.1823215567939549,486,458.18994839276917,400.51276648978575,473.91782347885635,436.736804606364
100283,RSN14174,96,14174, VCS,3.81,33.8204,-117.7145,10.077,82.43,405,34.4836,-118.1178,14.98,15.1,-0.00087741,-0.001127431,7.3e-05,9.15e-05,0.778238196,0.160171167,83.60601175,5.179664862,6.204485033,0.331612558,2027.462303,9.589180328,15.44426027,304.1193455,CI,VCS,3.2625,859,-0.751881855,-0.641257946,-0.548633353,-0.110623909,CI.VCS,509,-0.228560949,3.069080114,997.302002,5.126949787,-0.22856094944398375,509,448.4800410582206,416.2159038645492,514.8340972535457,455.77729625960797
100283,RSN17828,96,17828, VCS,3.25,33.9806,-118.6693,13.117,75.46,405,34.4836,-118.1178,13.88,13.96,-0.000154363,-0.000252032,0.000110395,7.16e-05,0.612476543,0.157302794,80.70072745,5.179664862,6.273618806,0.27925268,1726.504665,2.155907821,2.283001948,258.9756998,CI,VCS,3.2625,759,-0.62811471,-0.641257946,-0.548633353,0.013143236,CI.VCS,449,-0.103135821,3.069080114,997.302002,5.126949787,-0.1031358206357158,449,381.13536881952973,380.0249249921097,413.0881432615676,351.32573761519944
100283,RSN15451,96,15451, VCS,3.99,34.0514,-117.2429,14.998,93.76,405,34.4836,-118.1178,25.07,25.19,0.000633122,0.00089504,4.1e-05,4.75e-05,0.707367668,0.156432746,81.34867558,5.179664862,6.319789549,0.314159265,1939.579566,13.32888421,21.8302439,290.9369349,CI,VCS,3.2625,830,-0.717538634,-0.641257946,-0.548633353,-0.076280687,CI.VCS,491,-0.192557061,3.069080114,997.302002,5.126949787,-0.19255706068798162,491,445.1781105679157,442.671848964257,487.8520234921499,423.3302051104104
100283,RSN10307,96,10307, VCS,4.34,35.0174,-119.1492,9.557,111.47,405,34.4836,-118.1178,13.18,13.29,-0.000162826,-0.000298789,4.98e-05,6.2e-05,0.544953694,0.161117171,85.55186731,5.179664862,6.187968323,0.244346095,1530.875867,2.626225806,5.999779116,229.6313801,CI,VCS,3.2625,780,-0.655406853,-0.641257946,-0.548633353,-0.014148906,CI.VCS,462,-0.131677824,3.069080114,997.302002,5.126949787,-0.1316778239751999,462,498.3087015422254,420.873429015866,493.27935675249563,443.5624869607847
100287,RSN13780,98,13780, GMR,4.06,34.1614,-116.9872,11.361,140.17,943,34.7846,-115.6599,13.5,13.56,0.000145265,0.000172714,2.22e-05,4.15e-05,0.841072078,0.159852956,85.7370808,5.179664862,6.238442335,0.34906585,2142.710906,3.500361446,7.77990991,321.4066359,CI,GMR,-999.0,896,0.05112587,-0.000513132,0.092111461,0.051639002,CI.GMR,896,0.05112587,4.426280022,1349.630005,11.59070015,0.05112586965852728,896,802.5710884208663,1047.61478319207,705.2267705952156,991.4722785199035
100287,RSN17425,98,17425, GMR,3.73,35.2675,-117.3498,7.92,163.26,943,34.7846,-115.6599,40.55,40.62,-0.000943654,-0.000752082,0.000154472,0.000205908,1.254722654,0.163169948,87.55403761,5.179664862,6.122995859,0.453785606,2662.731954,4.582891388,4.868727018,399.4097931,CI,GMR,-999.0,1060,-0.116957904,-0.000513132,0.092111461,-0.116444772,CI.GMR,1060,-0.116957904,4.426280022,1349.630005,11.59070015,-0.1169579044726552,1060,830.9478811366621,1117.8011641344465,687.1344079229846,1055.0729785749513
100287,RSN11384,98,11384, GMR,4.73,33.7328,-117.4921,10.018,205.16,943,34.7846,-115.6599,24.64,24.81,0.000172981,0.000216847,3.29e-05,1.94e-05,0.797708779,0.161061201,87.45638497,5.179664862,6.202702587,0.331612558,2048.753567,8.916546392,6.591094225,307.3130351,CI,GMR,-999.0,866,0.085181374,-0.000513132,0.092111461,0.085694506,CI.GMR,866,0.085181374,4.426280022,1349.630005,11.59070015,0.08518137407102255,866,836.5834159153645,1116.3876281320213,838.1565157144368,1060.9791575788036
100287,RSN12688,98,12688, GMR,4.34,35.8373,-117.678,6.864,217.54,943,34.7846,-115.6599,21.98,22.08,0.000390767,0.000381548,1.33e-05,2.26e-05,1.024162415,0.163959475,88.44490766,5.179664862,6.096821743,0.401425728,2369.082581,17.29057522,28.68781955,355.3623872,CI,GMR,-999.0,968,-0.026165805,-0.000513132,0.092111461,-0.025652672,CI.GMR,968,-0.026165805,4.426280022,1349.630005,11.59070015,-0.026165804643119017,968,931.452542372583,1184.6012481727828,857.9059622022193,1027.625445273895
100287,RSN17497,98,17497, GMR,3.62,33.9521,-116.3635,9.067,112.77,943,34.7846,-115.6599,24.13,24.18,-0.000140007,-0.000149781,4.08e-05,1.03e-05,0.934746355,0.161633772,85.84329846,5.179664862,6.170551665,0.383972435,2275.152183,13.59291262,3.671102941,341.2728275,CI,GMR,-999.0,939,0.004250803,-0.000513132,0.092111461,0.004763936,CI.GMR,939,0.004250803,4.426280022,1349.630005,11.59070015,0.0042508034251946825,939,782.7115537370165,1177.3525494326939,670.0020241113691,1073.0651011749744
100308,RSN16958,101,16958, NBS,3.63,34.1242,-116.405,9.555,74.14,419,34.7804,-116.558,11.64,11.7,-0.001356016,-0.004590025,0.000258543,0.000277677,0.295426698,0.160476845,83.22391652,5.179664862,6.187901101,0.13962634,891.4643936,4.883429308,17.7534298,133.719659,CI,NBS,-999.0,543,-0.2592384,-0.253287419,-0.160662826,-0.005950981,CI.NBS,543,-0.2592384,8.788499832,585.848999,3.908220053,-0.25923840001179776,543,576.1359231485206,592.5585107636516,547.7927473814667,601.1978639571213
100308,RSN18223,101,18223, NBS,4.36,36.3932,-117.8644,8.798,214.57,419,34.7804,-116.558,10.28,10.34,-0.000140222,-0.000509459,0.000120113,5.5e-05,0.275237474,0.162226165,87.90331909,5.179664862,6.160106881,0.13962634,825.8952311,2.549490909,4.24149759,123.8842847,CI,NBS,-999.0,509,-0.194577097,-0.253287419,-0.160662826,0.058710323,CI.NBS,509,-0.194577097,8.788499832,585.848999,3.908220053,-0.19457709662838507,509,598.4351243566826,649.4940629657739,518.1088031659601,612.848848784381
100308,RSN15639,101,15639, NBS,3.87,33.7513,-116.0218,8.756,124.38,419,34.7804,-116.558,25.52,25.61,0.00055358,0.001424001,0.000249047,0.00017494,0.388749519,0.162057604,86.39188226,5.179664862,6.158414042,0.191986218,1138.656358,3.164399223,5.717800255,170.7984537,CI,NBS,-999.0,642,-0.426717384,-0.253287419,-0.160662826,-0.173429964,CI.NBS,642,-0.426717384,8.788499832,585.848999,3.908220053,-0.42671738376782375,642,723.2301495771802,722.7544602830019,634.3772415003979,706.4760299013092
100308,RSN14412,101,14412, NBS,4.14,34.8632,-116.3444,6.474,21.59,419,34.7804,-116.558,17.43,17.5,-0.002789625,-0.020464754,0.001676755,0.000430823,0.13631364,0.158517056,74.6930194,5.179664862,6.084678138,0.06981317,427.0645604,6.475106946,12.20497568,64.05968406,CI,NBS,-999.0,340,0.208925302,-0.253287419,-0.160662826,0.462212722,CI.NBS,340,0.208925302,8.788499832,585.848999,3.908220053,0.20892530231192996,340,330.6343640527835,409.57675794521316,330.898861667581,365.75869668817637
100308,RSN13266,101,13266, NBS,4.19,34.3571,-116.8418,9.486,53.7,419,34.7804,-116.558,14.12,14.18,-0.008585723,-0.027537312,0.000207936,0.000227537,0.31178508,0.159556093,80.73147218,5.179664862,6.185563454,0.157079633,944.3048839,37.73330491,132.4316713,141.6457326,CI,NBS,-999.0,571,-0.30951829,-0.253287419,-0.160662826,-0.05623087,CI.NBS,571,-0.30951829,8.788499832,585.848999,3.908220053,-0.3095182897338731,571,579.7353651514021,641.7084094681752,535.9378099545962,588.9461694733892
100308,RSN10483,101,10483, NBS,4.45,34.1081,-117.3062,14.795,101.44,419,34.7804,-116.558,14.35,14.49,-0.004347988,-0.009551461,0.000427798,0.000655021,0.455217039,0.156901394,82.14562034,5.179664862,6.313637877,0.20943951,1349.980397,6.637936799,22.32703519,202.4970596,CI,NBS,-999.0,718,-0.538598649,-0.253287419,-0.160662826,-0.28531123,CI.NBS,718,-0.538598649,8.788499832,585.848999,3.908220053,-0.5385986491260866,718,788.4134132024341,765.1405205161244,733.6508310846754,781.523983355928
100326,RSN11263,104,11263, BCW,4.39,35.6421,-120.9543,5.902,160.37,305,34.9401,-119.4131,14.72,15.4,0.000290026,0.00135915,6.37e-05,2.32e-05,0.213387508,0.164843233,88.23411966,5.179664862,6.063488731,0.104719755,636.4806102,12.50112069,21.33673469,95.47209153,CI,BCW,-999.0,428,-0.338811419,-0.155243589,-0.062618996,-0.18356783,CI.BCW,428,-0.338811419,12.65410042,1082.400024,7.314340115,-0.3388114189743847,428,495.19134312895096,381.06607441091876,461.7461015112626,380.3197063176954
100326,RSN17894,104,17894, BCW,4.04,36.3911,-117.8665,9.439,213.37,305,34.9401,-119.4131,12.87,13.16,-2.88e-05,-0.000375462,1.31e-05,9.88e-06,0.076788211,0.161580965,87.72045313,5.179664862,6.183950287,0.034906585,237.0624022,2.914979757,28.66122137,35.55936033,CI,BCW,-999.0,229,0.286589773,-0.155243589,-0.062618996,0.441833362,CI.BCW,229,0.286589773,12.65410042,1082.400024,7.314340115,0.2865897730531719,229,256.59949596851794,208.11250991078333,236.9958329880775,210.73876848918323
100326,RSN18243,104,18243, BCW,4.2,36.3905,-117.8695,8.829,213.14,305,34.9401,-119.4131,12.9,13.07,-5.64e-05,-0.000569845,6.95e-05,1.86e-05,0.098904253,0.162190609,87.87505699,5.179664862,6.161345296,0.052359878,303.8368058,3.032258065,8.199208633,45.57552087,CI,BCW,-999.0,272,0.11450971,-0.155243589,-0.062618996,0.2697533,CI.BCW,272,0.11450971,12.65410042,1082.400024,7.314340115,0.1145097103114141,272,307.47951324786504,242.91107524754537,279.05627796524186,262.1985454068789
100326,RSN10399,104,10399, BCW,4.45,34.1081,-117.3062,14.795,214.33,305,34.9401,-119.4131,13.09,13.49,0.000443556,0.00133939,1.41e-05,3.25e-05,0.331162912,0.158056152,86.29439936,5.179664862,6.313637877,0.157079633,1006.93755,13.64787692,94.99219858,151.0406325,CI,BCW,-999.0,604,-0.683262421,-0.155243589,-0.062618996,-0.528018832,CI.BCW,604,-0.683262421,12.65410042,1082.400024,7.314340115,-0.6832624213274032,604,769.4720893670342,670.2885531265526,714.2101593008703,619.0643461961226
100395,RSN19405,120,19405, TA2,3.43,34.1381,-117.4717,5.767,33.07,586,34.382,-117.6782,21.9,21.96,-0.0020055,-0.015538119,0.000937401,7.55e-05,0.129069688,0.163159406,81.25786547,5.179664862,6.057771424,0.06981317,393.2339712,26.56291391,16.575744,58.98509568,CI,TA2,3.9829,323,0.595667466,0.329491476,0.42211607,0.26617599,CI.TA2,323,0.595667466,18.78919983,2190.179932,14.25450039,0.5956674663543557,323,328.44402338311573,329.3889138032175,390.98556595135346,413.5260325238641
100395,RSN9417,120,9417, TA2,4.88,34.0655,-117.0011,17.501,71.59,586,34.382,-117.6782,15.3,15.39,-0.002125695,-0.011452525,0.000750093,4.08e-05,0.185609325,0.152465067,76.73589583,5.179664862,6.383907006,0.087266463,600.7670163,52.10036765,15.26814008,90.11505245,CI,TA2,3.9829,416,0.342634529,0.329491476,0.42211607,0.013143053,CI.TA2,416,0.342634529,18.78919983,2190.179932,14.25450039,0.3426345293157489,416,439.08711964497195,432.1132567146583,605.4916053643354,504.8621971379984
100395,RSN16655,120,16655, TA2,3.69,33.735,-117.4936,9.693,73.76,586,34.382,-117.6782,9.6,9.63,-0.000176474,-0.001250091,0.000432463,7.65e-05,0.141168973,0.160322149,83.11565287,5.179664862,6.192470162,0.06981317,437.0088417,2.306849673,2.890631106,65.55132626,CI,TA2,3.9829,345,0.529775373,0.329491476,0.42211607,0.200283896,CI.TA2,345,0.529775373,18.78919983,2190.179932,14.25450039,0.529775372545652,345,367.67100938417167,343.10074027321775,439.46214212134896,439.9507027759859
100395,RSN14422,120,14422, TA2,4.14,34.8632,-116.3444,6.474,133.46,586,34.382,-117.6782,20.1,20.19,-0.000247848,-0.000682113,0.000123795,7.73e-05,0.363353957,0.164206096,87.62532204,5.179664862,6.084678138,0.174532925,1055.914085,3.206313066,5.510020599,158.3871128,CI,TA2,3.9829,620,-0.056399688,0.329491476,0.42211607,-0.385891165,CI.TA2,402,0.376867701,18.78919983,2190.179932,14.25450039,0.37686770095799105,402,455.37901747023267,376.30804729692767,550.8439978462716,456.57182173578866
100395,RSN16030,120,16030, TA2,3.73,35.6346,-117.5657,2.693,139.34,586,34.382,-117.6782,35.16,35.22,-3.59e-05,-8.67e-05,2.68e-05,1.09e-05,0.413675597,0.168393329,89.29199403,5.179664862,5.93802414,0.191986218,1156.394804,3.293577982,3.235074627,173.4592206,CI,TA2,3.9829,646,-0.097479714,0.329491476,0.42211607,-0.42697119,CI.TA2,419,0.33544887,18.78919983,2190.179932,14.25450039,0.33544886965487475,419,476.16882354249117,385.5834083271604,585.20285832315,480.1723794067459
100395,RSN17534,120,17534, TA2,3.62,33.9521,-116.3635,9.067,130.26,586,34.382,-117.6782,22.23,22.34,9.98e-05,0.000626735,2.22e-05,1.12e-05,0.159223781,0.161744114,86.42167472,5.179664862,6.170551665,0.087266463,487.9342351,8.910714286,28.23130631,73.19013527,CI,TA2,3.9829,368,0.465236851,0.329491476,0.42211607,0.135745375,CI.TA2,368,0.465236851,18.78919983,2190.179932,14.25450039,0.4652368514080809,368,419.285570618062,359.9663771117908,527.8204961604141,455.5975544157036
100395,RSN17300,120,17300, TA2,3.53,34.2894,-116.8271,6.278,78.99,586,34.382,-117.6782,25.35,25.42,0.00078519,0.003042582,0.000573738,7.35e-05,0.258066916,0.164144844,86.07876835,5.179664862,6.07791863,0.122173048,766.8979439,10.68285714,5.303086078,115.0346916,CI,TA2,3.9829,485,0.189170899,0.329491476,0.42211607,-0.140320578,CI.TA2,485,0.189170899,18.78919983,2190.179932,14.25450039,0.18917089863952885,485,521.7213426901596,460.94051335366277,628.2872447439711,574.7047435716406
100395,RSN17110,120,17110, TA2,3.52,34.2098,-116.4371,4.645,115.85,586,34.382,-117.6782,30.58,30.73,0.000310021,0.001314637,3.6e-05,2.57e-05,0.235822927,0.166731771,88.16866674,5.179664862,5.994593769,0.122173048,693.4537061,12.06307393,36.51769444,104.0180559,CI,TA2,3.9829,451,0.26185245,0.329491476,0.42211607,-0.067639026,CI.TA2,451,0.26185245,18.78919983,2190.179932,14.25450039,0.26185245007433355,451,512.3041670838943,443.459304582182,628.9803613512202,566.0183635252424
100395,RSN15136,120,15136, TA2,3.78,34.1353,-117.4476,5.857,34.64,586,34.382,-117.6782,23.44,23.49,0.000193118,0.00183496,5.54e-05,2.31e-05,0.105243597,0.163214139,81.6272161,5.179664862,6.061617088,0.052359878,321.0787574,8.36008658,33.12202166,48.16181361,CI,TA2,3.9829,281,0.73496512,0.329491476,0.42211607,0.405473644,CI.TA2,281,0.73496512,18.78919983,2190.179932,14.25450039,0.7349651202432668,281,275.39638065708516,305.15911510728245,350.5473632226652,365.45915120428555
100400,RSN12870,121,12870, SWS,4.02,33.7129,-116.0516,12.808,88.32,503,32.9451,-115.7999,22.55,22.61,-0.002264465,-0.010762083,0.0008451,9.66e-05,0.210411421,0.158086993,82.27080872,5.179664862,6.268161535,0.104719755,654.816859,23.44166667,12.73468584,98.22252885,CI,SWS,-999.0,435,0.145244139,-0.110490437,-0.017865843,0.255734576,CI.SWS,435,0.145244139,6.524940014,141.8809967,3.49003005,0.14524413901105504,435,445.79827902865856,546.6758322904875,415.76052958982905,501.52258073281394
100400,RSN14521,121,14521, SWS,4.01,33.2617,-116.0659,5.761,43.01,503,32.9451,-115.7999,22.09,22.23,-0.004121853,-0.006152105,3.51e-05,1.68e-05,0.669990671,0.163982439,83.37636768,5.179664862,6.057510055,0.296705973,1774.467794,245.3483929,175.2736467,266.1701691,CI,SWS,-999.0,775,-0.432272859,-0.110490437,-0.017865843,-0.321782423,CI.SWS,775,-0.432272859,6.524940014,141.8809967,3.49003005,-0.43227285925360803,775,755.0218820134912,715.5569579280785,722.7257818154427,713.7236464183965
100400,RSN17853,121,17853, SWS,3.14,33.0622,-115.8937,7.729,15.67,503,32.9451,-115.7999,16.66,16.72,-0.00548452,-0.015842449,0.000512447,7.33e-05,0.346191418,0.147298284,64.32906589,5.179664862,6.11885537,0.174532925,1127.446247,74.82291951,30.9152927,169.1169371,CI,SWS,-999.0,640,-0.240878006,-0.110490437,-0.017865843,-0.13038757,CI.SWS,640,-0.240878006,6.524940014,141.8809967,3.49003005,-0.24087800625397815,640,606.4021506217263,590.0278946751953,532.5269719590094,607.3105909363152
100400,RSN15752,121,15752, SWS,3.81,32.9942,-116.2977,5.726,46.86,503,32.9451,-115.7999,17.31,17.4,0.000474869,0.001329789,7.29e-05,1.75e-05,0.357100804,0.164223063,84.0046477,5.179664862,6.055972626,0.174532925,1039.650827,27.13537143,18.24127572,155.9476241,CI,SWS,-999.0,615,-0.201032098,-0.110490437,-0.017865843,-0.090541661,CI.SWS,615,-0.201032098,6.524940014,141.8809967,3.49003005,-0.20103209770677832,615,612.2553576394264,694.1032308177936,598.8053529999733,658.3293708262235
100400,RSN11583,121,11583, SWS,4.51,32.8882,-115.5018,9.4,28.59,503,32.9451,-115.7999,20.22,20.47,0.001492789,0.004508187,0.00015422,0.000323806,0.331128396,0.154442627,72.71850163,5.179664862,6.182598645,0.157079633,1030.400018,4.610133846,29.2321813,154.5600027,CI,SWS,-999.0,612,-0.196142112,-0.110490437,-0.017865843,-0.085651676,CI.SWS,612,-0.196142112,6.524940014,141.8809967,3.49003005,-0.19614211241258683,612,619.1840955154761,582.8737699566057,566.7994988322939,689.5397312516559
100400,RSN16804,121,16804, SWS,3.87,34.1402,-116.7627,11.324,159.89,503,32.9451,-115.7999,17.64,17.71,-5.89e-05,-0.000345776,2.49e-05,9.4e-06,0.170248578,0.159977499,86.26150674,5.179664862,6.237577418,0.087266463,526.5539206,6.265957447,13.88658635,78.98308809,CI,SWS,-999.0,385,0.267346836,-0.110490437,-0.017865843,0.377837272,CI.SWS,385,0.267346836,6.524940014,141.8809967,3.49003005,0.2673468358119546,385,419.4255938525224,526.6422512988347,360.7229478680987,429.9067886167141
100400,RSN9108,121,9108, SWS,5.2,33.5328,-116.5697,15.48,96.93,503,32.9451,-115.7999,14.47,14.56,-0.023337713,-0.063920352,0.00095062,0.000189849,0.365106139,0.156081717,81.33361914,5.179664862,6.333749326,0.174532925,1115.622131,122.9277636,67.24069765,167.3433197,CI,SWS,-999.0,637,-0.236179485,-0.110490437,-0.017865843,-0.125689049,CI.SWS,637,-0.236179485,6.524940014,141.8809967,3.49003005,-0.23617948547242396,637,689.3205365574207,719.8711139263485,605.1084364996528,646.8699826539265
100400,RSN15499,121,15499, SWS,3.88,33.1624,-115.9772,9.013,29.24,503,32.9451,-115.7999,18.89,18.95,-0.002295542,-0.00899512,0.000124686,2.02e-05,0.255198624,0.155857119,74.03001317,5.179664862,6.168508418,0.122173048,799.2439909,113.6406931,72.14218116,119.8865986,CI,SWS,-999.0,498,0.009990093,-0.110490437,-0.017865843,0.12048053,CI.SWS,498,0.009990093,6.524940014,141.8809967,3.49003005,0.00999009307508647,498,523.3447279753958,524.4803493361059,492.27729307045433,576.2141948844476
100410,RSN11478,123,11478, TUQ,4.73,33.7328,-117.4921,10.018,237.47,819,35.4358,-115.9239,18.78,18.92,-7.39e-05,-0.00012909,4.38e-05,9.55e-06,0.572330888,0.161102473,87.81168611,5.179664862,6.202702587,0.261799388,1595.852109,7.738219895,2.947260274,239.3778164,CI,TUQ,-999.0,720,0.128832872,0.249087684,0.341712278,-0.120254813,CI.TUQ,720,0.128832872,6.076459885,1279.859985,4.729360104,0.12883287184296854,720,793.6369416462289,1071.1477492603642,912.5053489630162,1159.5926113026244
100410,RSN18192,123,18192, TUQ,4.08,36.3983,-117.8495,7.662,203.99,819,35.4358,-115.9239,10.22,10.41,6.77e-05,0.000298288,1.2e-05,5.14e-06,0.226936601,0.163380697,88.11105851,5.179664862,6.117348091,0.104719755,681.0365363,13.17120623,24.85733333,102.1554804,CI,TUQ,-999.0,446,0.607765132,0.249087684,0.341712278,0.358677447,CI.TUQ,446,0.607765132,6.076459885,1279.859985,4.729360104,0.6077651318330055,446,542.0580828308364,619.6828028622173,436.608155873003,601.9229776053268
100410,RSN9296,123,9296, TUQ,5.03,35.3852,-118.6292,7.3,245.79,819,35.4358,-115.9239,20.2,20.39,0.001574679,0.003695283,0.000266236,0.000107643,0.426132176,0.163647371,88.52097037,5.179664862,6.108664217,0.20943951,1224.221413,14.62871715,13.87972701,183.633212,CI,TUQ,-999.0,672,0.197825743,0.249087684,0.341712278,-0.051261941,CI.TUQ,672,0.197825743,6.076459885,1279.859985,4.729360104,0.1978257433299202,672,798.966596938527,941.7478666211318,820.9844182746045,988.1074886030482
100410,RSN18293,123,18293, TUQ,4.2,36.3905,-117.8695,8.829,205.09,819,35.4358,-115.9239,11.0,11.1,5.49e-05,0.000308042,5.49e-05,1.75e-05,0.178252372,0.162181649,87.79139675,5.179664862,6.161345296,0.087266463,543.0854941,3.137142857,5.610965392,81.46282412,CI,TUQ,-999.0,393,0.734274472,0.249087684,0.341712278,0.485186788,CI.TUQ,393,0.734274472,6.076459885,1279.859985,4.729360104,0.7342744719838086,393,452.7699953765407,519.9384580302553,376.5168310493361,527.7854069218185
100410,RSN18236,123,18236, TUQ,4.36,36.3932,-117.8644,8.798,204.85,819,35.4358,-115.9239,10.17,10.33,8.65e-05,0.00050868,2.14e-05,1.11e-05,0.170074298,0.162215206,87.80013341,5.179664862,6.160106881,0.087266463,518.7735475,7.792792793,23.77009346,77.81603213,CI,TUQ,-999.0,382,0.762663475,0.249087684,0.341712278,0.513575791,CI.TUQ,382,0.762663475,6.076459885,1279.859985,4.729360104,0.7626634752464945,382,433.3576906951064,502.0651426020364,369.05578821471096,506.8128838256167
100410,RSN12909,123,12909, TUQ,4.11,36.0312,-117.7658,4.03,179.25,819,35.4358,-115.9239,19.99,20.13,9.97e-05,0.000512945,3.95e-05,1.13e-05,0.194423145,0.16829261,89.01926974,5.179664862,5.941161117,0.104719755,570.1221445,8.82300885,12.98594937,85.51832168,CI,TUQ,-999.0,404,0.706669206,0.249087684,0.341712278,0.457581521,CI.TUQ,404,0.706669206,6.076459885,1279.859985,4.729360104,0.7066692058919193,404,474.42928041561674,587.0083575985068,414.59149597345646,525.5636219934806
100410,RSN10548,123,10548, TUQ,4.45,34.1081,-117.3062,14.795,194.18,819,35.4358,-115.9239,13.95,14.05,-0.000709125,-0.001071986,0.000244301,0.000162094,0.661506294,0.157984241,85.91164058,5.179664862,6.313637877,0.296705973,1825.187967,4.374776364,4.387972215,273.7781951,CI,TUQ,-999.0,792,0.033522692,0.249087684,0.341712278,-0.215564992,CI.TUQ,792,0.033522692,6.076459885,1279.859985,4.729360104,0.033522692038643775,792,908.6092077488323,994.3079092445806,973.0169303335385,1285.0221356352695
100410,RSN14689,123,14689, TUQ,3.9,35.3429,-118.5645,9.906,240.13,819,35.4358,-115.9239,25.3,25.46,7.55e-05,0.000200414,7.86e-06,6.09e-06,0.3769228,0.161196836,87.85698219,5.179664862,6.199256899,0.174532925,1111.018842,12.39737274,25.49796438,166.6528263,CI,TUQ,-999.0,635,0.254459085,0.249087684,0.341712278,0.005371401,CI.TUQ,635,0.254459085,6.076459885,1279.859985,4.729360104,0.25445908496037806,635,765.3652273854481,928.2448655960504,664.66143387307,918.4479417982101
100410,RSN14360,123,14360, TUQ,4.19,33.4453,-116.439,8.875,225.82,819,35.4358,-115.9239,9.1,9.19,0.000408243,0.000643663,0.000139942,0.000108583,0.634249654,0.162154096,87.9865245,5.179664862,6.16316588,0.27925268,1718.532305,3.759732186,4.599498364,257.7798458,CI,TUQ,-999.0,757,0.07872083,0.249087684,0.341712278,-0.170366854,CI.TUQ,757,0.07872083,6.076459885,1279.859985,4.729360104,0.07872083041562128,757,902.443002122706,1135.2296622271408,927.7358700730446,1182.6181471123646
100410,RSN12722,123,12722, TUQ,4.34,35.8373,-117.678,6.864,165.01,819,35.4358,-115.9239,22.7,22.89,0.000102792,0.000419074,1.59e-05,9.84e-06,0.245284367,0.163913848,87.93964652,5.179664862,6.096821743,0.122173048,732.1183023,10.44634146,26.35685535,109.8177453,CI,TUQ,-999.0,469,0.557481315,0.249087684,0.341712278,0.308393631,CI.TUQ,469,0.557481315,6.076459885,1279.859985,4.729360104,0.5574813154067906,469,549.4942365758076,630.1664363251167,467.9366604436439,584.8403134322607
100410,RSN14425,123,14425, TUQ,4.14,34.8632,-116.3444,6.474,74.19,819,35.4358,-115.9239,17.44,17.59,-0.003197117,-0.004883866,1.67e-05,1.61e-05,0.654628381,0.163874298,85.65229324,5.179664862,6.084678138,0.296705973,1746.455394,198.5786957,292.4470659,261.9683091,CI,TUQ,-999.0,766,0.066901914,0.249087684,0.341712278,-0.18218577,CI.TUQ,766,0.066901914,6.076459885,1279.859985,4.729360104,0.0669019141124787,766,770.5061913148099,990.4085279861731,731.1089550034465,966.0456192954903
100410,RSN16567,123,16567, TUQ,3.61,34.2449,-117.4464,12.48,191.96,819,35.4358,-115.9239,17.51,17.6,-5.95e-05,-9.73e-05,2.51e-05,2.68e-05,0.611800322,0.159401198,86.54233224,5.179664862,6.262058538,0.27925268,1702.378454,2.220149254,3.876494024,255.3567681,CI,TUQ,-999.0,751,0.086678432,0.249087684,0.341712278,-0.162409252,CI.TUQ,751,0.086678432,6.076459885,1279.859985,4.729360104,0.08667843208893533,751,764.9667968901414,970.6644542285013,818.386113443252,1113.7034211799253
100410,RSN9114,123,9114, TUQ,5.2,33.5328,-116.5697,15.48,219.28,819,35.4358,-115.9239,13.5,13.68,0.00646537,0.010198872,0.001796641,0.001310107,0.633929905,0.157537231,86.19988068,5.179664862,6.333749326,0.27925268,1768.24435,4.934993859,5.676633228,265.2366525,CI,TUQ,-999.0,773,0.057805035,0.249087684,0.341712278,-0.191282649,CI.TUQ,773,0.057805035,6.076459885,1279.859985,4.729360104,0.0578050352656474,773,902.6200258653114,1047.1919174619838,970.1222565269013,1131.5341933212392
100410,RSN13570,123,13570, TUQ,4.06,32.7797,-117.3507,7.174,322.7,819,35.4358,-115.9239,2.36,2.53,2.66e-05,3.43e-05,1.47e-05,9.8e-06,0.776709499,0.163758901,88.89812918,5.179664862,6.105409111,0.331612558,1980.502715,2.714285714,2.333333333,297.0754073,CI,TUQ,-999.0,844,-0.030068411,0.249087684,0.341712278,-0.279156095,CI.TUQ,844,-0.030068411,6.076459885,1279.859985,4.729360104,-0.030068410742887686,844,985.4166159868726,1286.6140138049539,1000.2934053499785,1202.683052698895
100410,RSN17301,123,17301, TUQ,3.53,34.2894,-116.8271,6.278,151.64,819,35.4358,-115.9239,36.63,36.77,0.000282849,0.00040096,9e-05,6.36e-05,0.705430371,0.16442825,87.98478391,5.179664862,6.07791863,0.314159265,1841.779298,4.447311321,4.455111111,276.2668947,CI,TUQ,-999.0,798,0.025975486,0.249087684,0.341712278,-0.223112198,CI.TUQ,798,0.025975486,6.076459885,1279.859985,4.729360104,0.02597548640326064,798,859.1871685241993,1135.1839990816402,863.7714859317147,1092.1139495310456
100410,RSN8870,123,8870, TUQ,5.39,33.9465,-117.7667,14.89,236.24,819,35.4358,-115.9239,21.9,22.09,-0.001572971,-0.002100968,0.000433528,0.000254576,0.748689071,0.158038761,86.61738917,5.179664862,6.31653763,0.314159265,1995.285467,6.178787474,4.846210625,299.2928201,CI,TUQ,-999.0,849,-0.035975102,0.249087684,0.341712278,-0.285062787,CI.TUQ,849,-0.035975102,6.076459885,1279.859985,4.729360104,-0.03597510245827795,849,897.7658659201024,1183.3817441728736,1042.0928851976746,1294.765646108874
100410,RSN17441,123,17441, TUQ,3.73,35.2675,-117.3498,7.92,130.95,819,35.4358,-115.9239,34.8,34.88,0.000118883,0.00040634,7.89e-05,3.6e-05,0.292570998,0.163084267,86.92940204,5.179664862,6.122995859,0.13962634,869.3902575,3.302305556,5.150063371,130.4085386,CI,TUQ,-999.0,531,0.433322063,0.249087684,0.341712278,0.184234378,CI.TUQ,531,0.433322063,6.076459885,1279.859985,4.729360104,0.43332206261113093,531,616.7112805016465,709.9891440649562,532.4364943711352,675.8630811959654
100410,RSN15533,123,15533, TUQ,3.68,34.7251,-116.0506,2.727,79.69,819,35.4358,-115.9239,27.0,27.09,-0.000208085,-0.00034977,4.98e-05,4.94e-05,0.594918592,0.168364923,88.73161991,5.179664862,5.93802414,0.261799388,1572.621224,4.212246964,7.023493976,235.8931836,CI,TUQ,-999.0,743,0.097388039,0.249087684,0.341712278,-0.151699645,CI.TUQ,743,0.097388039,6.076459885,1279.859985,4.729360104,0.09738803913531058,743,779.3353449295477,951.6160852075751,703.3179327841157,876.9619689605083
100410,RSN13307,123,13307, TUQ,4.19,34.3571,-116.8418,9.486,146.15,819,35.4358,-115.9239,13.99,14.1,0.001994105,0.002767194,0.000396049,0.000290002,0.720623452,0.16138677,86.62742837,5.179664862,6.185563454,0.314159265,1904.12679,6.876176716,6.986999083,285.6190185,CI,TUQ,-999.0,819,0.0,0.249087684,0.341712278,-0.249087684,CI.TUQ,819,0.0,6.076459885,1279.859985,4.729360104,0.0,819,832.430366072011,1074.5995700574465,952.2485394163142,1233.1012439014219
100410,RSN13907,123,13907, TUQ,4.17,34.3277,-116.829,4.957,148.18,819,35.4358,-115.9239,19.5,19.64,-0.00019132,-0.000309991,2.45e-05,1.21e-05,0.617179356,0.166173138,88.44750746,5.179664862,6.015610792,0.27925268,1643.641063,15.81157025,12.65269388,246.5461595,CI,TUQ,-999.0,731,0.113670624,0.249087684,0.341712278,-0.13541706,CI.TUQ,731,0.113670624,6.076459885,1279.859985,4.729360104,0.11367062410329165,731,787.2859417324369,984.1180272005851,813.9757829055063,975.9287600417472
100410,RSN17535,123,17535, TUQ,3.62,33.9521,-116.3635,9.067,169.45,819,35.4358,-115.9239,21.04,21.19,-3.02e-05,-5.5e-05,2.01e-06,2.94e-06,0.549051893,0.161873555,87.25089103,5.179664862,6.170551665,0.244346095,1532.675047,10.27210884,27.36318408,229.9012571,CI,TUQ,-999.0,780,0.048790164,0.249087684,0.341712278,-0.20029752,CI.TUQ,780,0.048790164,6.076459885,1279.859985,4.729360104,0.04879016416943216,780,888.069820000953,1063.1190202057292,830.3024675790002,1087.6178047908736
100410,RSN17977,123,17977, TUQ,4.04,36.3911,-117.8665,9.439,204.9,819,35.4358,-115.9239,9.68,9.87,8.26e-05,0.000340213,7.87e-06,5.53e-06,0.242841807,0.161569382,87.61950327,5.179664862,6.183950287,0.122173048,735.7538967,14.93670886,43.22909784,110.3630845,CI,TUQ,-999.0,471,0.55322599,0.249087684,0.341712278,0.304138305,CI.TUQ,471,0.55322599,6.076459885,1279.859985,4.729360104,0.553225989836652,471,544.4247421102033,629.5914301460124,462.038563460993,651.8837261650955
100427,RSN11078,125,11078, JSGB,4.35,36.6065,-121.2101,6.13,106.08,376,37.284,-122.0502,22.6,22.8,-0.000783358,-0.003218388,0.000685811,0.000300638,0.243400792,0.164477301,87.17606436,5.179664862,6.072483163,0.122173048,724.3178489,2.60565198,4.692820617,108.6476773,NC,JSGB,-999.0,466,-0.214596491,0.037488864,0.130113457,-0.252085355,NC.JSGB,466,-0.214596491,19.41049957,188.0809937,4.954850197,-0.21459649073575093,466,475.52423164068955,396.3810389060506,454.74166173988203,358.29106590127225
100427,RSN20898,125,20898, JSGB,3.7,37.8077,-122.0707,11.554,58.15,376,37.284,-122.0502,10.11,10.25,-0.001021126,-0.011072038,0.000138207,0.000107528,0.092225701,0.157505841,79.51003478,5.179664862,6.242859346,0.052359878,291.9312588,9.496373038,80.11199143,43.78968882,NC,JSGB,-999.0,265,0.349859317,0.037488864,0.130113457,0.312370453,NC.JSGB,265,0.349859317,19.41049957,188.0809937,4.954850197,0.3498593174036726,265,279.34136222066894,255.5773440582899,277.99112145845936,265.737278580811
100427,RSN15821,125,15821, JSGB,3.57,37.0656,-122.2831,5.852,31.86,376,37.284,-122.0502,22.03,22.1,-0.001230108,-0.005675539,0.000365523,0.000137952,0.216738457,0.162861902,80.81291561,5.179664862,6.061407057,0.104719755,653.8948941,8.916927627,15.52717339,98.08423412,NC,JSGB,-999.0,434,-0.143455391,0.037488864,0.130113457,-0.180944255,NC.JSGB,434,-0.143455391,19.41049957,188.0809937,4.954850197,-0.1434553907105105,434,436.17523403412144,384.27811040704285,434.1364608866586,365.6928773862268
100427,RSN20102,125,20102, JSGB,4.2,37.8056,-122.1853,4.131,59.11,376,37.284,-122.0502,4.0,4.24,-0.000691396,-0.005250697,5.25e-05,0.000118563,0.131676947,0.167777503,86.85591255,5.179664862,5.951303027,0.06981317,390.0050718,5.831465128,100.0132762,58.50076077,NC,JSGB,-999.0,321,0.15814802,0.037488864,0.130113457,0.120659156,NC.JSGB,321,0.15814802,19.41049957,188.0809937,4.954850197,0.15814802025987884,321,288.5474542890099,273.161339537202,301.6460205169258,238.27232291952916
100452,RSN18047,134,18047, RCT,4.5,36.3915,-117.8683,9.117,123.84,282,36.3052,-119.2438,10.67,10.82,0.008545547,0.046019592,0.001395475,0.001429802,0.185693682,0.161653603,86.19356204,5.179664862,6.172420506,0.087266463,566.8678937,5.976734541,32.97772586,85.03018406,CI,RCT,3.7,402,-0.354545018,-0.356168493,-0.263543899,0.001623475,CI.RCT,402,-0.354545018,5.659100056,108.0770035,0.161065996,-0.3545450176809073,402,419.26609703828774,335.0833804181651,363.1242551861422,329.28754337379706
100452,RSN18187,134,18187, RCT,4.08,36.3983,-117.8495,7.662,125.58,282,36.3052,-119.2438,10.8,10.9,0.000721735,0.003909779,0.001164321,0.000161988,0.18459726,0.163234112,86.92469468,5.179664862,6.117348091,0.087266463,558.1731387,4.455484357,3.357990623,83.72597081,CI,RCT,3.7,399,-0.347054346,-0.356168493,-0.263543899,0.009114147,CI.RCT,399,-0.347054346,5.659100056,108.0770035,0.161065996,-0.3470543459517499,399,433.00499958228306,340.0913962612419,359.0675898364217,329.2202373955572
100452,RSN9769,134,9769, RCT,4.69,35.0172,-119.0247,9.251,144.28,282,36.3052,-119.2438,8.5,8.69,-0.001611656,-0.008486225,0.000302358,0.000148191,0.18991437,0.16161363,86.69773499,5.179664862,6.177322679,0.087266463,579.4561065,10.87553225,28.06681153,86.91841598,CI,RCT,3.7,407,-0.366906115,-0.356168493,-0.263543899,-0.010737622,CI.RCT,407,-0.366906115,5.659100056,108.0770035,0.161065996,-0.36690611450448074,407,432.2018864992503,334.6248019302813,366.83840925399875,345.6863458972381
100453,RSN16379,135,16379, WGR,3.74,34.8456,-119.2446,12.927,37.23,660,34.5109,-119.2741,14.15,14.26,-0.000433137,-0.006933009,6.88e-05,6.49e-05,0.062474535,0.151389863,71.66967951,5.179664862,6.270295551,0.034906585,206.0605171,6.673913713,100.7704797,30.90907757,CI,WGR,-999.0,205,1.169229856,0.347849698,0.440474291,0.821380158,CI.WGR,205,1.169229856,46.75080109,625.0280151,10.37559986,1.1692298558820626,205,225.2069767864239,222.22923926735984,243.02188374889693,246.35670648246028
100453,RSN10832,135,10832, WGR,4.66,34.2983,-118.6255,8.038,64.13,660,34.5109,-119.2741,9.58,9.95,0.004606597,0.007867195,5.35e-05,2.76e-05,0.585545066,0.162183091,83.52372751,5.179664862,6.126524324,0.261799388,1613.063639,166.9056884,147.0503738,241.9595459,CI,WGR,-999.0,721,-0.088399302,0.347849698,0.440474291,-0.436249,CI.WGR,721,-0.088399302,46.75080109,625.0280151,10.37559986,-0.08839930226447823,721,711.0986437114057,630.998484478332,664.2320562069258,643.1164874314385
100453,RSN9820,135,9820, WGR,4.69,35.0172,-119.0247,9.251,60.63,660,34.5109,-119.2741,9.2,9.34,-0.00161224,-0.006256511,0.000314002,0.000241108,0.257689886,0.160322284,82.03896181,5.179664862,6.177322679,0.122173048,784.1062749,6.686795959,19.92506736,117.6159412,CI,WGR,-999.0,492,0.293761119,0.347849698,0.440474291,-0.054088579,CI.WGR,492,0.293761119,46.75080109,625.0280151,10.37559986,0.2937611185281632,492,475.1954502788207,469.8208837141125,504.00926204805427,502.05376846607885
100453,RSN15077,135,15077, WGR,3.52,34.2871,-119.6948,5.225,45.96,660,34.5109,-119.2741,19.81,19.88,-0.000265153,-0.000649683,4.51e-05,4.46e-05,0.408126478,0.165043126,84.51511927,5.179664862,6.0312809,0.191986218,1166.236079,5.945134529,14.40538803,174.9354119,CI,WGR,-999.0,649,0.016807118,0.347849698,0.440474291,-0.331042579,CI.WGR,649,0.016807118,46.75080109,625.0280151,10.37559986,0.01680711831638071,649,671.6284094316442,559.5241369547982,658.6610833564141,540.090867988798
100458,RSN17929,136,17929, MDPB,4.04,36.3911,-117.8665,9.439,175.0,580,37.6323,-119.0794,12.45,12.72,3.74e-05,0.000489813,1.1e-05,1.37e-06,0.076258853,0.16151688,87.20730569,5.179664862,6.183950287,0.034906585,235.5310357,27.29927007,44.52845455,35.32965536,NC,MDPB,4.121806667,227,0.938078086,0.704825117,0.79744971,0.233252969,NC.MDPB,227,0.938078086,13.47599983,2372.969971,5.602079868,0.9380780860590621,227,250.08306760495128,206.03280768754968,218.43295103565634,225.17480568911327
100458,RSN18218,136,18218, MDPB,4.36,36.3932,-117.8644,8.798,174.94,580,37.6323,-119.0794,12.5,12.57,-3.48e-05,-0.000300236,0.000108841,2.87e-06,0.116007697,0.162170183,87.41913142,5.179664862,6.160106881,0.052359878,355.7789671,12.12543554,2.758482557,53.36684507,NC,MDPB,4.121806667,301,0.655917839,0.704825117,0.79744971,-0.048907278,NC.MDPB,301,0.655917839,13.47599983,2372.969971,5.602079868,0.6559178387915896,301,332.9287604595482,267.39602890957906,288.6342065996799,282.4270062645772
100458,RSN18104,136,18104, MDPB,5.19,36.4034,-117.8499,9.418,174.85,580,37.6323,-119.0794,11.63,11.77,-0.000365045,-0.002279665,0.000481261,0.000111922,0.160130863,0.161536806,87.2142442,5.179664862,6.183223963,0.087266463,491.2746474,3.26160183,4.736857963,73.69119711,NC,MDPB,4.121806667,370,0.449525098,0.704825117,0.79744971,-0.255300019,NC.MDPB,370,0.449525098,13.47599983,2372.969971,5.602079868,0.4495250979021952,370,374.86916027707855,308.2227269849289,360.0982122980067,346.27650329460783
100458,RSN18267,136,18267, MDPB,4.2,36.3905,-117.8695,8.829,174.89,580,37.6323,-119.0794,11.92,11.99,6.16e-05,0.000640058,7.58e-05,1.14e-05,0.096248184,0.162136278,87.40888545,5.179664862,6.161345296,0.052359878,295.8521559,5.403508772,8.444036939,44.37782339,NC,MDPB,4.121806667,267,0.775779445,0.704825117,0.79744971,0.070954328,NC.MDPB,267,0.775779445,13.47599983,2372.969971,5.602079868,0.7757794451402154,267,298.4764906782909,240.52932236464346,254.4221176817076,255.87853771803796
100461,RSN9068,137,9068, PDM,5.2,33.5328,-116.5697,15.48,240.27,1312,34.3034,-114.1415,13.2,13.3,0.000527413,0.000512903,8.16e-05,0.00013247,1.028289394,0.157595394,86.53292882,5.179664862,6.333749326,0.401425728,2470.066566,3.981376916,6.28557598,370.5099849,CI,PDM,-999.0,1000,0.271552691,0.269239266,0.361863859,0.002313425,CI.PDM,1000,0.271552691,17.89559937,155.1119995,8.612790108,0.27155269052189723,1000,910.2136482656368,1216.7491852506007,892.9442621646904,1352.9015833166818
100461,RSN12775,137,12775, PDM,4.26,33.9538,-116.3912,7.696,211.12,1312,34.3034,-114.1415,22.8,22.9,-0.001079785,-0.001270342,0.000394694,0.000496607,0.849995751,0.16336517,88.1649696,5.179664862,6.118116656,0.34906585,2110.361806,2.174324969,3.218549053,316.5542709,CI,PDM,-999.0,886,0.392591019,0.269239266,0.361863859,0.123351753,CI.PDM,886,0.392591019,17.89559937,155.1119995,8.612790108,0.392591018898953,886,943.4318125437543,1470.0802932416734,991.9784578957014,1356.8938232129062
100461,RSN10493,137,10493, PDM,4.45,34.1081,-117.3062,14.795,292.47,1312,34.3034,-114.1415,14.03,14.12,0.000164163,0.000155223,4.06e-05,3.54e-05,1.057595243,0.15820962,87.28589692,5.179664862,6.313637877,0.401425728,2497.360348,4.637372881,3.823226601,374.6040522,CI,PDM,-999.0,1009,0.262592949,0.269239266,0.361863859,-0.006646317,CI.PDM,1009,0.262592949,17.89559937,155.1119995,8.612790108,0.2625929491504255,1009,887.8835961195975,1136.970796552073,913.5493364181685,1394.5005558279368
100461,RSN14413,137,14413, PDM,4.14,34.8632,-116.3444,6.474,211.44,1312,34.3034,-114.1415,29.25,29.33,-0.002085112,-0.001364886,0.000324569,0.00042163,1.527682302,0.164291424,88.50682814,5.179664862,6.084678138,0.488692191,2890.572064,4.945359676,4.205226007,433.5858096,CI,PDM,-999.0,1129,0.150220405,0.269239266,0.361863859,-0.119018861,CI.PDM,1129,0.150220405,17.89559937,155.1119995,8.612790108,0.1502204053543723,1129,852.5907522504029,1160.1375091147788,812.1950337713375,1330.2345624430957
100473,RSN11244,138,11244, WNS,4.42,34.0665,-118.8938,12.827,47.72,1043,34.115,-118.38,23.15,23.23,-0.00080334,-0.001297869,9.46e-05,3.63e-05,0.618968451,0.154502693,75.5810628,5.179664862,6.268505043,0.27925268,1771.584378,22.13057851,13.71954545,265.7376567,CI,WNS,9.911153333,774,0.298284581,0.287426849,0.380051442,0.010857732,CI.WNS,759,0.317854678,36.26190186,328.7860107,8.08286953,0.3178546776051423,759,731.4441418885673,655.5998060449905,744.7968694107585,601.8304164791895
100473,RSN10159,138,10159, WNS,4.18,34.3617,-118.6637,11.151,37.84,1043,34.115,-118.38,4.0,4.06,-0.001254291,-0.002555481,0.000490146,0.000171031,0.490823704,0.154403916,74.25302241,5.179664862,6.233452986,0.226892803,1464.423809,7.333705586,5.213713873,219.6635714,CI,WNS,9.911153333,758,0.319173069,0.287426849,0.380051442,0.03174622,CI.WNS,743,0.33916041,36.26190186,328.7860107,8.08286953,0.33916041028301347,743,762.9056508314782,639.2833232405936,728.2837792630064,621.4557349647554
100473,RSN17797,138,17797, WNS,3.08,33.974,-118.4283,11.329,16.26,1043,34.115,-118.38,20.75,20.82,-0.005834966,-0.016380922,0.000960093,0.000272736,0.356204996,0.132038965,55.44870193,5.179664862,6.237694647,0.174532925,1290.17508,21.39419072,17.06180755,193.526262,CI,WNS,9.911153333,697,0.403071044,0.287426849,0.380051442,0.115644195,CI.WNS,683,0.423361595,36.26190186,328.7860107,8.08286953,0.42336159542998253,683,620.0929687689081,585.9068350798541,494.36898649430253,631.2080588415394
100473,RSN8437,138,8437, WNS,4.92,34.31,-116.848,6.3,142.53,1043,34.115,-118.38,20.2,20.55,0.006999469,0.0067633,0.001090353,0.000907787,1.03491922,0.164392724,87.84734231,5.179664862,6.078701489,0.401425728,2376.068536,7.710475034,6.202853571,356.4102804,CI,WNS,9.911153333,971,0.071529987,0.287426849,0.380051442,-0.215896862,CI.WNS,952,0.09129142,36.26190186,328.7860107,8.08286953,0.09129142020940773,952,837.298603948174,856.2941911131701,903.4790912078704,817.8990085105776
100473,RSN8877,138,8877, WNS,5.39,33.9465,-117.7667,14.89,59.64,1043,34.115,-118.38,19.6,19.75,0.00935776,0.012871278,0.004758481,0.003180194,0.727026454,0.15396114,76.5322917,5.179664862,6.31653763,0.314159265,2008.018184,2.942512312,2.704913186,301.2027276,CI,WNS,9.911153333,853,0.201096908,0.287426849,0.380051442,-0.086329942,CI.WNS,836,0.221227842,36.26190186,328.7860107,8.08286953,0.22122784191607092,836,809.5072725441385,744.9021981823455,718.6090083418973,697.0422261442367
100473,RSN16001,138,16001, WNS,3.64,33.8726,-117.7125,2.161,67.28,1043,34.115,-118.38,24.05,24.25,0.000337155,0.000478014,9.14e-05,5.12e-05,0.70532562,0.168379329,88.97671804,5.179664862,5.93802414,0.314159265,1798.377016,6.585058594,5.229912473,269.7565524,CI,WNS,9.911153333,783,0.286723759,0.287426849,0.380051442,-0.00070309,CI.WNS,767,0.307369654,36.26190186,328.7860107,8.08286953,0.30736965363351665,767,754.9688722649706,578.5298314176221,722.1353957955486,578.3165432263498
100473,RSN8358,138,8358, WNS,4.27,33.9173,-117.7758,7.0,59.87,1043,34.115,-118.38,13.56,13.61,0.00076197,0.001624454,0.000538837,0.000173751,0.469062048,0.163045642,84.09385889,5.179664862,6.100695365,0.226892803,1336.146971,4.385413609,3.014741007,200.4220457,CI,WNS,9.911153333,713,0.380375035,0.287426849,0.380051442,0.092948185,CI.WNS,699,0.400205713,36.26190186,328.7860107,8.08286953,0.4002057127669625,699,702.6284816776538,597.8508428996674,662.5106235977347,650.7383309607476
100473,RSN12041,138,12041, WNS,4.37,34.0559,-117.2442,15.833,105.03,1043,34.115,-118.38,19.4,19.47,-0.000234244,-0.000399304,9.2e-05,5.87e-05,0.586630478,0.156033659,81.8051917,5.179664862,6.343433553,0.261799388,1678.994068,3.990528109,4.34026087,251.8491102,CI,WNS,9.911153333,743,0.33916041,0.287426849,0.380051442,0.051733561,CI.WNS,728,0.359555407,36.26190186,328.7860107,8.08286953,0.3595554068040867,728,783.8876512057537,692.9040846421192,824.8382333135932,636.3867154833347
100537,RSN18628,142,18628, HCAB,3.69,37.4342,-121.7815,7.42,52.47,646,37.0254,-121.4845,21.15,21.22,-0.001992017,-0.006223658,0.000794573,0.000445362,0.320071742,0.162340773,82.82521174,5.179664862,6.111648575,0.157079633,950.5555971,4.472804146,7.83270763,142.5833396,NC,HCAB,-999.0,575,0.116429463,0.032942719,0.125567312,0.083486744,NC.HCAB,575,0.116429463,14.84619999,287.9559937,4.530789852,0.11642946298525114,575,586.5819694105664,481.85911542765456,562.5706209284509,473.07155190451897
100537,RSN21427,142,21427, HCAB,4.1,37.862,-121.9995,13.322,103.43,646,37.0254,-121.4845,6.2,6.3,-0.000583266,-0.00186015,0.000517181,0.000163569,0.31355834,0.158159529,83.11182347,5.179664862,6.277093244,0.157079633,957.5871006,3.565871284,3.596709856,143.6380651,NC,HCAB,-999.0,578,0.111225635,0.032942719,0.125567312,0.078282916,NC.HCAB,578,0.111225635,14.84619999,287.9559937,4.530789852,0.1112256351102241,578,603.5522629022136,534.9744083004205,565.2116079254874,535.4474951420153
100537,RSN21248,142,21248, HCAB,4.6,37.5255,-118.8612,10.217,239.19,646,37.0254,-121.4845,4.58,5.12,0.002191396,0.00266555,0.000182295,0.000188438,0.822117679,0.160945556,87.78222088,5.179664862,6.208627201,0.34906585,2098.097392,11.62926798,14.62217834,314.7146088,NC,HCAB,-999.0,882,-0.311392552,0.032942719,0.125567312,-0.344335271,NC.HCAB,882,-0.311392552,14.84619999,287.9559937,4.530789852,-0.3113925522241896,882,841.7518646078929,857.3776776348022,1094.2282677762805,848.8583086646614
100537,RSN19193,142,19193, HCAB,3.8,36.6888,-121.3205,4.454,40.11,646,37.0254,-121.4845,21.35,21.44,-0.000706258,-0.001600379,0.000638618,0.000203414,0.441307021,0.166539176,84.80638678,5.179664862,5.979941298,0.20943951,1239.160403,3.472022575,2.506003589,185.8740605,NC,HCAB,-999.0,677,-0.046871769,0.032942719,0.125567312,-0.079814488,NC.HCAB,677,-0.046871769,14.84619999,287.9559937,4.530789852,-0.04687176912967317,677,675.7666146850772,535.8356192172885,651.5597386303402,503.3444402887953
100537,RSN21317,142,21317, HCAB,4.2,36.8832,-121.619,7.507,19.81,646,37.0254,-121.4845,14.17,14.29,-0.00578204,-0.040721653,0.000400645,0.000206308,0.141989325,0.153823391,70.12507677,5.179664862,6.113745147,0.06981317,458.0665744,28.02625201,101.6402376,68.70998616,NC,HCAB,-999.0,355,0.598681714,0.032942719,0.125567312,0.565738995,NC.HCAB,355,0.598681714,14.84619999,287.9559937,4.530789852,0.5986817143071859,355,351.7186736430125,345.4140083787541,350.26136978845153,350.79895032066105
100537,RSN11670,142,11670, HCAB,4.3,37.2793,-121.6191,3.442,30.61,646,37.0254,-121.4845,19.14,19.2,0.004963011,0.010390392,0.001930913,0.000613028,0.477653853,0.167812276,85.18665561,5.179664862,5.93802414,0.226892803,1317.76228,8.095896109,5.381077242,197.664342,NC,HCAB,-999.0,707,-0.090231162,0.032942719,0.125567312,-0.123173881,NC.HCAB,707,-0.090231162,14.84619999,287.9559937,4.530789852,-0.09023116211397131,707,631.7793138355066,563.4111026886128,581.199966773,503.7325092416322
100537,RSN19063,142,19063, HCAB,4.0,36.6775,-121.3009,6.377,41.94,646,37.0254,-121.4845,16.63,16.89,-0.002186481,-0.004821947,0.00034271,0.000207262,0.453443631,0.162970171,82.34391009,5.179664862,6.081392586,0.20943951,1295.475717,10.54935782,14.07005048,194.3213576,NC,HCAB,-999.0,698,-0.077419599,0.032942719,0.125567312,-0.110362318,NC.HCAB,698,-0.077419599,14.84619999,287.9559937,4.530789852,-0.07741959897977058,698,699.9792175320413,551.6278666035437,669.6268646051413,553.4678356002972
100537,RSN19081,142,19081, HCAB,3.6,36.6809,-121.3013,6.35,41.57,646,37.0254,-121.4845,21.65,21.78,-0.001088104,-0.002430251,0.000455131,0.000411702,0.447733304,0.163009726,82.38190167,5.179664862,6.080457504,0.20943951,1281.481192,2.642940768,5.339673632,192.2221788,NC,HCAB,-999.0,693,-0.070230495,0.032942719,0.125567312,-0.103173214,NC.HCAB,693,-0.070230495,14.84619999,287.9559937,4.530789852,-0.07023049540730142,693,712.550055628403,550.8107853688973,670.034277536091,558.0148256246927
100537,RSN8686,142,8686, HCAB,5.45,37.4317,-121.7767,7.486,52.02,646,37.0254,-121.4845,16.63,16.87,-0.148096708,-0.307994936,0.011303743,0.009541669,0.480841373,0.162220101,82.60886464,5.179664862,6.113244097,0.226892803,1370.652701,15.52104857,27.2471637,205.5979052,NC,HCAB,-999.0,725,-0.115372151,0.032942719,0.125567312,-0.14831487,NC.HCAB,725,-0.115372151,14.84619999,287.9559937,4.530789852,-0.11537215107207288,725,631.7882724082073,625.9831257566203,620.6458640610094,624.6100569257303
100537,RSN18829,142,18829, HCAB,4.05,37.4812,-121.7987,11.01,57.76,646,37.0254,-121.4845,41.1,41.22,-0.006554579,-0.016050106,0.003635299,0.001239602,0.408382296,0.15800942,79.86541344,5.179664862,6.229990225,0.191986218,1218.808589,5.287647971,4.415071773,182.8212884,NC,HCAB,-999.0,669,-0.034984556,0.032942719,0.125567312,-0.067927275,NC.HCAB,669,-0.034984556,14.84619999,287.9559937,4.530789852,-0.03498455634562703,669,682.7433081510187,588.4445923573421,641.8566679990723,587.6353887608078
100537,RSN19147,142,19147, HCAB,3.9,36.6979,-121.3332,5.002,38.77,646,37.0254,-121.4845,15.88,15.93,-0.000582161,-0.002227442,0.000954543,0.000246591,0.261358471,0.1651941,83.82676363,5.179664862,6.018382641,0.122173048,771.1385923,2.360836365,2.333516667,115.6707888,NC,HCAB,-999.0,487,0.282535381,0.032942719,0.125567312,0.249592662,NC.HCAB,487,0.282535381,14.84619999,287.9559937,4.530789852,0.28253538070001216,487,467.3453761936736,417.52833893129616,477.9059804071963,376.5862979695476
100545,RSN15129,146,15129, RSS,3.78,34.1353,-117.4476,5.857,21.15,360,33.9733,-117.3267,20.13,20.2,-0.001949399,-0.011619016,0.0007086,0.00071096,0.16777663,0.16031288,76.34996733,5.179664862,6.061617088,0.087266463,518.0320267,2.741925003,16.39714366,77.70480401,CI,RSS,2.05,382,-0.059316577,0.040539018,0.133163611,-0.099855595,CI.RSS,382,-0.059316577,7.158249855,331.2420044,3.277760029,-0.05931657715641947,382,378.3913430195806,407.82835119402193,377.08123334269413,374.9935739457731
100545,RSN13883,146,13883, RSS,4.17,34.3277,-116.829,4.957,60.43,360,33.9733,-117.3267,19.16,19.22,-0.000816418,-0.00545544,0.000470554,0.000249089,0.149652137,0.165861547,86.16304442,5.179664862,6.015610792,0.06981317,447.2598873,3.277615631,11.59365344,67.0889831,CI,RSS,2.05,350,0.028170877,0.040539018,0.133163611,-0.012368141,CI.RSS,350,0.028170877,7.158249855,331.2420044,3.277760029,0.028170876966696845,350,328.8981679130091,376.5453885600728,327.96329514787567,342.0359204439034
100545,RSN12030,146,12030, RSS,4.37,34.0559,-117.2442,15.833,11.92,360,33.9733,-117.3267,24.6,24.63,-0.001226636,-0.017689204,0.004819569,0.000340156,0.069343769,0.093903052,36.56025077,5.179664862,6.343433553,0.034906585,368.5706049,3.606098378,3.67028753,55.28559074,CI,RSS,2.05,309,0.152762755,0.040539018,0.133163611,0.112223736,CI.RSS,309,0.152762755,7.158249855,331.2420044,3.277760029,0.15276275455240995,309,309.2259418572119,297.0851166638324,322.0034180547319,279.3531173933213
100549,RSN11274,147,11274, SMM,4.39,35.6421,-120.9543,5.902,94.29,225,35.3142,-119.9958,14.0,14.21,0.000735045,0.012688198,0.000170415,5.12e-05,0.057931373,0.164692931,86.98275016,5.179664862,6.063488731,0.034906585,175.6894548,14.35634766,74.45470176,26.35341822,CI,SMM,0.940016,182,0.212093715,-0.180500098,-0.087875505,0.392593813,CI.SMM,182,0.212093715,2.213140011,599.1740112,0.199263006,0.21209371512762498,182,179.22277270383688,180.54901904440536,174.58387222356498,144.53824840213045
100549,RSN9278,147,9278, SMM,5.03,35.3852,-118.6292,7.3,124.47,225,35.3142,-119.9958,13.61,13.96,0.001695014,0.01309028,0.000299458,8.54e-05,0.129486469,0.163487601,87.06790039,5.179664862,6.108664217,0.06981317,393.6910238,19.84793911,43.71324192,59.05365357,CI,SMM,0.940016,323,-0.361551921,-0.180500098,-0.087875505,-0.181051823,CI.SMM,323,-0.361551921,2.213140011,599.1740112,0.199263006,-0.3615519210182363,323,313.24072138601275,289.0900647013857,297.85996811152717,290.9013264997567
100549,RSN13455,147,13455, SMM,3.9,34.4032,-118.651,13.612,159.18,225,35.3142,-119.9958,26.3,26.48,7.17e-05,0.000543624,7.33e-05,7.45e-06,0.131870591,0.158684753,85.43616799,5.179664862,6.281821568,0.06981317,412.9487274,9.624161074,7.416425648,61.94230911,CI,SMM,0.940016,333,-0.392042088,-0.180500098,-0.087875505,-0.21154199,CI.SMM,333,-0.392042088,2.213140011,599.1740112,0.199263006,-0.3920420877760238,333,356.33469863633326,301.47555457170114,301.18941603813266,267.1125596929395
