SSN,File.name,Code,RSN,SID,Mw,E.Lat,E.Long,E.Dep,EpiD,Vs30_mea,S.Lat,S.Long,p.ver,peak.time,Ur,Uz,max.noise.ver.05,max.noise.rad.05,U.ratio,ray.p,i2.angle,Vp_1,Vp_2,j.angle,Vsz,SNRrad,SNRver,z_0.15,network,station,f0,Vs30_est,Res,y_bar,eta,within_res,station2,Vs30_f0,Res_f0,slope,mean_ele_500m,slope_500m,log_res,P-wave_pred,Set1_pred,Set2_pred,Set3_pred,Set4_pred
3039,RSN16086,8,16086, BBS,3.58,33.827,-117.0296,15.131,11.35,341,33.921,-116.981,16.83,16.89,-0.007772645,-0.085597566,0.003359039,0.000330356,0.090804508,0.097135931,37.89827473,5.179664862,6.323730411,0.052359878,466.1318062,23.52808788,25.48275444,69.91977093,CI,BBS,0.377483,359,-0.051439911,-0.115453137,-0.022828543,0.064013225,CI.BBS,359,-0.051439911,3.129859924,781.7869873,1.160560012,-0.05143991120476166,359,408.52168926511797,408.1447266446933,373.6134321679254,421.80324871452206
3039,RSN15250,8,15250, BBS,3.86,34.1976,-117.3882,14.177,48.52,341,33.921,-116.981,22.42,22.48,0.001507103,0.012208178,0.000734883,0.000138907,0.12345029,0.152987021,74.33853798,5.179664862,6.293825021,0.06981317,401.4013243,10.8497268,16.61241041,60.21019865,CI,BBS,0.377483,327,0.041922306,-0.115453137,-0.022828543,0.157375443,CI.BBS,327,0.041922306,3.129859924,781.7869873,1.160560012,0.041922306386263486,327,416.45829113557824,397.79546273728664,358.12284963320883,348.1439175903033
3039,RSN19359,8,19359, BBS,3.43,34.1381,-117.4717,5.767,51.32,341,33.921,-116.981,25.92,26.03,0.000821836,0.003270244,0.000545698,0.000134952,0.251307356,0.164332033,84.55388179,5.179664862,6.057771424,0.122173048,747.1483026,6.08983935,5.992772559,112.0722454,CI,BBS,0.377483,476,-0.333535377,-0.115453137,-0.022828543,-0.21808224,CI.BBS,476,-0.333535377,3.129859924,781.7869873,1.160560012,-0.3335353769479035,476,516.510121478007,506.55640043174407,476.5660326195962,458.6742975236362
3039,RSN16243,8,16243, BBS,3.64,33.223,-116.7186,8.687,81.16,341,33.921,-116.981,26.16,26.23,-0.000622381,-0.00308716,0.000141253,0.000218438,0.201603095,0.161690196,84.44239885,5.179664862,6.155594857,0.104719755,614.4818615,2.849234108,21.85553581,92.17227923,CI,BBS,0.377483,421,-0.210750356,-0.115453137,-0.022828543,-0.09529722,CI.BBS,421,-0.210750356,3.129859924,781.7869873,1.160560012,-0.2107503563988642,421,467.9022604947794,469.4408042104694,459.3563159887362,406.6940786378374
3039,RSN16511,8,16511, BBS,3.61,34.2449,-117.4464,12.48,56.0,341,33.921,-116.981,16.7,16.74,-0.000416302,-0.00226758,0.000252515,0.000206404,0.183588682,0.1562011,77.99802483,5.179664862,6.262058538,0.087266463,580.2213898,2.016927967,8.979981387,87.03320847,CI,BBS,0.377483,408,-0.179384697,-0.115453137,-0.022828543,-0.063931561,CI.BBS,408,-0.179384697,3.129859924,781.7869873,1.160560012,-0.17938469712064453,408,511.41839015354736,479.1113267630591,440.0926973544393,420.0902258789989
3039,RSN13775,8,13775, BBS,4.06,34.1614,-116.9872,11.361,26.67,341,33.921,-116.981,15.99,16.04,-0.002676964,-0.031051377,0.001018655,0.000258481,0.08621079,0.148082728,67.48892695,5.179664862,6.238442335,0.034906585,290.1916671,10.35652137,30.48272182,43.52875007,CI,BBS,0.377483,264,0.255933374,-0.115453137,-0.022828543,0.371386511,CI.BBS,264,0.255933374,3.129859924,781.7869873,1.160560012,0.25593337413720096,264,314.8985716899374,324.3622254833441,287.9019274421514,268.3766872473791
3039,RSN18058,8,18058, BBS,5.19,36.4034,-117.8499,9.418,286.55,341,33.921,-116.981,11.58,11.7,-0.000304904,-0.001364563,0.000195453,0.000136365,0.223444183,0.161657426,88.3081555,5.179664862,6.183223963,0.104719755,678.2047939,2.235940307,6.981540319,101.7307191,CI,BBS,0.377483,444,-0.263942085,-0.115453137,-0.022828543,-0.148488949,CI.BBS,444,-0.263942085,3.129859924,781.7869873,1.160560012,-0.26394208514870776,444,582.9964708618359,472.5581965314926,497.1872831680983,432.6715206883438
3039,RSN10908,8,10908, BBS,4.26,33.8776,-116.2019,10.062,72.22,341,33.921,-116.981,26.27,26.35,0.00334383,0.0183787,0.000827985,0.000612502,0.181940494,0.159888388,82.72644798,5.179664862,6.204033973,0.087266463,561.9140435,5.459296459,22.1968997,84.28710653,CI,BBS,0.377483,400,-0.15958207,-0.115453137,-0.022828543,-0.044128933,CI.BBS,400,-0.15958207,3.129859924,781.7869873,1.160560012,-0.15958206982446477,400,421.40085122721433,427.03704164598435,405.8225146316014,372.4714010876696
3039,RSN8177,8,8177, BBS,4.92,33.5083,-116.5143,15.2,63.0,341,33.921,-116.981,24.15,24.23,-0.003700095,-0.022031987,0.000858653,0.00019411,0.167941965,0.154094168,77.09990833,5.179664862,6.325747735,0.087266463,539.4546444,19.06184638,25.65877834,80.91819666,CI,BBS,0.377483,391,-0.136825083,-0.115453137,-0.022828543,-0.021371946,CI.BBS,391,-0.136825083,3.129859924,781.7869873,1.160560012,-0.1368250827018489,391,432.4947038553563,382.3745711091288,380.15218198753774,370.0013314780773
3039,RSN16699,8,16699, BBS,3.73,33.5058,-116.7636,16.276,50.27,341,33.921,-116.981,23.35,23.48,-0.001249306,-0.005822795,0.000346509,0.00029685,0.214554387,0.150225553,72.68486601,5.179664862,6.3549922,0.104719755,702.066637,4.208543035,16.8041667,105.3099956,CI,BBS,0.377483,456,-0.290610332,-0.115453137,-0.022828543,-0.175157196,CI.BBS,456,-0.290610332,3.129859924,781.7869873,1.160560012,-0.2906103322308695,456,542.6888771287079,509.84598583156384,512.8646953379834,476.4861602961505
3039,RSN17479,8,17479, BBS,3.62,33.9521,-116.3635,9.067,57.2,341,33.921,-116.981,19.1,19.16,0.001911262,0.012637582,0.000475287,0.000189247,0.151236329,0.160404301,81.80272963,5.179664862,6.170551665,0.06981317,467.2639386,10.0992988,26.58937021,70.08959079,CI,BBS,0.377483,359,-0.051439911,-0.115453137,-0.022828543,0.064013225,CI.BBS,359,-0.051439911,3.129859924,781.7869873,1.160560012,-0.05143991120476166,359,422.31853659912156,415.545683470381,398.57350371196463,355.05485781108115
3039,RSN15147,8,15147, BBS,3.9,33.867,-117.1038,11.856,12.84,341,33.921,-116.981,17.41,17.5,0.045101032,0.239691391,0.007986142,0.000632484,0.188162922,0.118661457,47.8654059,5.179664862,6.24946745,0.087266463,782.1725661,71.30778328,30.01341461,117.3258849,CI,BBS,0.377483,491,-0.364561651,-0.115453137,-0.022828543,-0.249108514,CI.BBS,491,-0.364561651,3.129859924,781.7869873,1.160560012,-0.3645616505110034,491,496.5765753973044,519.778904379815,472.5536279477119,500.504947176567
3039,RSN16577,8,16577, BBS,3.69,33.735,-117.4936,9.693,51.74,341,33.921,-116.981,13.07,13.12,0.000614017,0.002851385,0.000937265,0.000297973,0.215339753,0.159099769,80.13714303,5.179664862,6.192470162,0.104719755,665.2273617,2.060646434,3.042239921,99.78410426,CI,BBS,0.377483,438,-0.250336433,-0.115453137,-0.022828543,-0.134883297,CI.BBS,438,-0.250336433,3.129859924,781.7869873,1.160560012,-0.2503364330929294,438,482.4578579631822,479.0382287459859,458.50235902125524,419.72748498128743
3039,RSN14982,8,14982, BBS,3.74,34.1651,-117.4332,7.875,49.77,341,33.921,-116.981,21.65,21.71,0.000872126,0.006100136,0.00052289,0.000196546,0.142968276,0.161694105,81.84900965,5.179664862,6.12204057,0.06981317,438.7142211,4.437261506,11.66619365,65.80713317,CI,BBS,0.377483,346,-0.014556298,-0.115453137,-0.022828543,0.100896839,CI.BBS,346,-0.014556298,3.129859924,781.7869873,1.160560012,-0.01455629777420775,346,400.9316773703266,384.1620624131791,366.68692024808814,338.1674522992466
3039,RSN13815,8,13815, BBS,4.17,34.3277,-116.829,4.957,47.24,341,33.921,-116.981,21.4,21.52,-0.004108067,-0.02381155,0.000200358,0.000172586,0.172524131,0.165595178,84.97471681,5.179664862,6.015610792,0.087266463,515.2962416,23.80301415,118.8450174,77.29443624,CI,BBS,0.377483,380,-0.108288775,-0.115453137,-0.022828543,0.007164361,CI.BBS,380,-0.108288775,3.129859924,781.7869873,1.160560012,-0.10828877543691462,380,427.84435711316377,421.9444652624135,356.0892856502864,386.7263694590212
3039,RSN12730,8,12730, BBS,4.26,33.9538,-116.3912,7.696,54.65,341,33.921,-116.981,22.9,22.95,0.004516857,0.027069604,0.005790719,0.001022789,0.166860859,0.162159941,82.79942227,5.179664862,6.118116656,0.087266463,509.4115666,4.416215857,4.674653355,76.41173499,CI,BBS,0.377483,378,-0.103011718,-0.115453137,-0.022828543,0.012441418,CI.BBS,378,-0.103011718,3.129859924,781.7869873,1.160560012,-0.10301171833607103,378,401.8099126856988,417.8677364932006,360.1194740321302,364.1813718690541
3039,RSN10397,8,10397, BBS,4.45,34.1081,-117.3062,14.795,36.51,341,33.921,-116.981,18.42,18.52,0.029182618,0.202208245,0.00103687,0.000113556,0.144319624,0.147354638,68.48847488,5.179664862,6.313637877,0.06981317,485.8650155,256.9887809,195.0179338,72.87975233,CI,BBS,0.377483,368,-0.076200461,-0.115453137,-0.022828543,0.039252676,CI.BBS,368,-0.076200461,3.129859924,781.7869873,1.160560012,-0.07620046088541432,368,401.4265708473803,402.4891565339124,397.536769514265,360.7398260048015
3039,RSN9320,8,9320, BBS,4.88,34.0655,-117.0011,17.501,16.13,341,33.921,-116.981,15.0,15.07,-0.003975128,-0.04803923,0.00118358,0.000844664,0.082747542,0.105366584,42.27196068,5.179664862,6.383907006,0.034906585,391.5667346,4.706164818,40.58807178,58.73501019,CI,BBS,0.377483,322,0.057330932,-0.115453137,-0.022828543,0.172784068,CI.BBS,322,0.057330932,3.129859924,781.7869873,1.160560012,0.057330931739108415,322,298.62252603741246,368.8640522418673,308.59744063681865,347.5463391792875
3039,RSN8983,8,8983, BBS,5.2,33.5328,-116.5697,15.48,57.51,341,33.921,-116.981,18.82,18.95,-0.006704236,-0.03398514,9.24e-05,0.000441042,0.197269636,0.152857087,75.50247877,5.179664862,6.333749326,0.104719755,636.5437375,15.2009015,367.8045455,95.48156063,CI,BBS,0.377483,428,-0.227240718,-0.115453137,-0.022828543,-0.111787582,CI.BBS,428,-0.227240718,3.129859924,781.7869873,1.160560012,-0.22724071829827963,428,485.012966497181,425.35170582139716,388.80371298550085,399.9813049618252
3039,RSN8764,8,8764, BBS,5.39,33.9465,-117.7667,14.89,72.7,341,33.921,-116.981,27.25,27.35,0.010280593,0.05601769,0.009086797,0.00116139,0.183524047,0.155369304,78.9308112,5.179664862,6.31653763,0.087266463,583.1289726,8.851973067,6.164734394,87.46934589,CI,BBS,0.377483,409,-0.181832679,-0.115453137,-0.022828543,-0.066379542,CI.BBS,409,-0.181832679,3.129859924,781.7869873,1.160560012,-0.18183267875928522,409,446.266272570392,418.90743786510717,357.9222899829774,388.22215228017586
3039,RSN11346,8,11346, BBS,4.73,33.7328,-117.4921,10.018,51.71,341,33.921,-116.981,19.0,19.09,0.002023055,0.00785909,0.001937239,0.000338199,0.257415895,0.158660113,79.77604838,5.179664862,6.202702587,0.122173048,791.5299085,5.981847965,4.056851013,118.7294863,CI,BBS,0.377483,495,-0.372675285,-0.115453137,-0.022828543,-0.257222149,CI.BBS,495,-0.372675285,3.129859924,781.7869873,1.160560012,-0.37267528528517335,495,470.3632073381917,513.7003410370173,442.1961367232848,458.3427063677295
3039,RSN17237,8,17237, BBS,3.53,34.2894,-116.8271,6.278,43.26,341,33.921,-116.981,20.85,20.92,-0.001183659,-0.010261277,0.000721597,0.000186572,0.115351989,0.163246057,82.8373772,5.179664862,6.07791863,0.052359878,351.4626999,6.344247797,14.22023235,52.71940499,CI,BBS,0.377483,299,0.131438904,-0.115453137,-0.022828543,0.24689204,CI.BBS,299,0.131438904,3.129859924,781.7869873,1.160560012,0.13143890389283008,299,350.7771135646331,339.1136450734906,323.0153990366738,304.30132618947295
3039,RSN12592,8,12592, BBS,4.11,33.5089,-116.8485,12.274,47.33,341,33.921,-116.981,15.01,15.06,-0.001963953,-0.01064954,0.000869111,0.000273715,0.184416673,0.155200871,76.22899929,5.179664862,6.258050482,0.087266463,586.5087621,7.175174908,12.25337155,87.97631432,CI,BBS,0.377483,410,-0.184274682,-0.115453137,-0.022828543,-0.068821546,CI.BBS,410,-0.184274682,3.129859924,781.7869873,1.160560012,-0.1842746824148369,410,458.6109580538215,451.04805865288586,427.44645491350457,381.88719010933926
3039,RSN15383,8,15383, BBS,3.99,34.0514,-117.2429,14.998,28.19,341,33.921,-116.981,22.38,22.42,0.001031329,0.009035383,0.000949184,0.000260281,0.114143351,0.140476419,62.5957695,5.179664862,6.319789549,0.052359878,404.2064804,3.962367595,9.519105885,60.63097206,CI,BBS,0.377483,329,0.035824727,-0.115453137,-0.022828543,0.151277863,CI.BBS,329,0.035824727,3.129859924,781.7869873,1.160560012,0.035824726518145056,329,382.062776178991,383.7591419529768,343.319473021309,340.63652569138515
3039,RSN16811,8,16811, BBS,3.49,34.309,-116.9297,9.684,43.3,341,33.921,-116.981,11.5,11.54,-0.003394256,-0.031197516,0.003237696,0.00053623,0.108798904,0.158149011,78.31802904,5.179664862,6.192176404,0.052359878,342.4276385,6.329850997,9.635715027,51.36414578,CI,BBS,0.377483,293,0.151709868,-0.115453137,-0.022828543,0.267163005,CI.BBS,293,0.151709868,3.129859924,781.7869873,1.160560012,0.15170986826644928,293,362.8321072788946,353.18256741447436,335.99087576975563,308.89182724848297
3070,RSN17510,22,17510, MSJ,3.62,33.9521,-116.3635,9.067,58.17,244,33.808,-116.968,22.95,23.02,0.000829241,0.005166883,0.00021937,0.000220993,0.160491578,0.160461039,81.94463729,5.179664862,6.170551665,0.087266463,495.6545362,3.752340572,23.55327985,74.34818043,CI,MSJ,3.83695,372,-0.421725629,-0.157974621,-0.065350028,-0.263751008,CI.MSJ,372,-0.421725629,3.882110119,465.3540039,0.641624987,-0.42172562897994403,372,427.3447516186847,419.93507589303294,407.09522965664206,356.0980507139711
3070,RSN15905,22,15905, MSJ,3.96,32.6554,-116.1347,12.336,149.58,244,33.808,-116.968,23.4,23.45,0.000295587,0.005533121,0.000866148,0.00011429,0.053421453,0.159296408,85.62000506,5.179664862,6.25927157,0.034906585,167.542589,2.586289264,6.388193473,25.13138835,CI,MSJ,3.83695,175,0.332382251,-0.157974621,-0.065350028,0.490356873,CI.MSJ,175,0.332382251,3.882110119,465.3540039,0.641624987,0.3323822513696877,175,214.51187360170186,213.95812072549768,206.24169714306515,187.31394089335038
3070,RSN15176,22,15176, MSJ,3.9,33.867,-117.1038,11.856,14.17,244,33.808,-116.968,17.84,17.93,0.003283293,0.051895716,0.001663043,0.000458906,0.063267124,0.122820495,50.13552187,5.179664862,6.24946745,0.034906585,257.2019501,7.154609005,31.20527611,38.58029252,CI,MSJ,3.83695,243,0.004106782,-0.157974621,-0.065350028,0.162081403,CI.MSJ,243,0.004106782,3.882110119,465.3540039,0.641624987,0.004106781952653904,243,273.6531635077011,294.64251391110093,256.3293859588342,245.57124786198875
3070,RSN8817,22,8817, MSJ,5.39,33.9465,-117.7667,14.89,75.47,244,33.808,-116.968,18.43,18.62,0.00776537,0.06292734,0.001909414,0.000228019,0.123402167,0.155597281,79.36912556,5.179664862,6.31653763,0.06981317,394.5159711,34.05580237,32.95636253,59.17739567,CI,MSJ,3.83695,323,-0.280484098,-0.157974621,-0.065350028,-0.122509476,CI.MSJ,323,-0.280484098,3.882110119,465.3540039,0.641624987,-0.2804840979294543,323,351.55172244106177,339.8064644822142,286.9528447914359,307.38300837410503
3070,RSN12770,22,12770, MSJ,4.26,33.9538,-116.3912,7.696,55.76,244,33.808,-116.968,21.1,21.2,0.001767725,0.011547597,0.000540267,0.000111061,0.153081655,0.162206704,82.93140488,5.179664862,6.118116656,0.06981317,467.5823122,15.91670343,21.3738707,70.13734683,CI,MSJ,3.83695,360,-0.388935806,-0.157974621,-0.065350028,-0.230961185,CI.MSJ,360,-0.388935806,3.882110119,465.3540039,0.641624987,-0.38893580615695367,360,384.8413195070618,406.02133902796305,343.9360362990354,341.82391227327554
3070,RSN10479,22,10479, MSJ,4.45,34.1081,-117.3062,14.795,45.66,244,33.808,-116.968,15.12,15.23,0.009423811,0.089536295,0.002736777,0.000175078,0.105251296,0.151133427,72.5926063,5.179664862,6.313637877,0.052359878,346.768981,53.82635739,32.71596297,52.01534715,CI,MSJ,3.83695,296,-0.193191229,-0.157974621,-0.065350028,-0.035216608,CI.MSJ,296,-0.193191229,3.882110119,465.3540039,0.641624987,-0.19319122903085795,296,326.87220230455813,334.8615345148081,324.64404172232236,303.81971628620215
3076,RSN8824,24,8824, OLP,5.39,33.9465,-117.7667,14.89,167.67,489,32.608,-116.93,23.2,23.47,-0.027611841,-0.017841234,0.004725599,0.005757088,1.547641887,0.157763257,85.21693495,5.179664862,6.31653763,0.506145483,3035.61838,4.796147115,3.775443917,455.342757,CI,OLP,3.996666667,1172,-0.874104481,-0.368398253,-0.27577366,-0.505706227,CI.OLP,761,-0.442270868,6.639430046,149.1390076,3.718270063,-0.44227086838681373,761,476.2419386547835,356.7088780000763,380.8883804506855,439.68286065376685
3076,RSN15711,24,15711, OLP,3.81,32.4923,-116.8468,13.18,15.02,489,32.608,-116.93,13.62,13.64,0.000750021,0.005573737,0.001212168,0.000150141,0.134563314,0.120235748,48.97673098,5.179664862,6.274698597,0.06981317,555.9349307,4.995444282,4.598155536,83.39023961,CI,OLP,3.996666667,398,0.205910484,-0.368398253,-0.27577366,0.574308738,CI.OLP,398,0.205910484,6.639430046,149.1390076,3.718270063,0.20591048419043467,398,431.25068120723375,358.5369396672442,382.99617632801767,338.9075797294889
3076,RSN13543,24,13543, OLP,4.06,32.7797,-117.3507,7.174,43.81,489,32.608,-116.93,13.61,13.68,0.001131411,0.002184074,0.000204122,0.000186768,0.518027657,0.162047701,81.6374129,5.179664862,6.105409111,0.244346095,1462.31227,6.057841814,10.69984617,219.3468405,CI,OLP,3.996666667,757,-0.437000764,-0.368398253,-0.27577366,-0.06860251,CI.OLP,491,-0.004081638,6.639430046,149.1390076,3.718270063,-0.004081638319648029,491,454.46809197064664,353.59219980345654,451.66392757782717,380.7930215258273
3086,RSN14519,29,14519, SDR,4.01,33.2617,-116.0659,5.761,100.51,827,32.736,-116.942,30.25,30.31,0.002203508,0.001604072,0.000326087,0.000240726,1.373696316,0.164893764,87.24671511,5.179664862,6.057510055,0.471238898,2750.991213,9.153593712,4.919153477,412.648682,CI,SDR,7.834123333,1086,-0.272451805,-0.289512585,-0.196887992,0.01706078,CI.SDR,957,-0.145998696,11.11670017,112.0540009,3.746439934,-0.14599869642926322,957,668.6960095417504,530.9998556498603,813.7939820574776,553.457960261428
3086,RSN15048,29,15048, SDR,3.74,34.1651,-117.4332,7.875,164.95,827,32.736,-116.942,22.15,22.23,-7.38e-05,-5.05e-05,1.61e-05,2.32e-05,1.461144807,0.16319913,87.58481504,5.179664862,6.12204057,0.488692191,2860.379551,3.181034483,3.136645963,429.0569327,CI,SDR,7.834123333,1120,-0.303279269,-0.289512585,-0.196887992,-0.013766684,CI.SDR,987,-0.176865344,11.11670017,112.0540009,3.746439934,-0.17686534440979074,987,696.4572960101673,488.7737162393754,733.7632137832866,607.6608312906827
3086,RSN9408,29,9408, SDR,4.88,34.0655,-117.0011,17.501,147.56,827,32.736,-116.942,14.15,14.22,-0.002753066,-0.001744219,0.000800907,0.001055503,1.578394726,0.155652913,83.55176253,5.179664862,6.383907006,0.506145483,3099.130699,2.608297655,2.177804664,464.8696049,CI,SDR,7.834123333,1191,-0.364743874,-0.289512585,-0.196887992,-0.075231289,CI.SDR,1049,-0.237787913,11.11670017,112.0540009,3.746439934,-0.23778791337260596,1049,623.6562199879581,490.88707584617606,531.2199795053192,555.4013454815467
3086,RSN14349,29,14349, SDR,4.19,33.4453,-116.439,8.875,91.61,827,32.736,-116.942,15.75,15.84,-0.000510262,-0.000337431,2.91e-05,9.38e-06,1.512199314,0.161636688,84.9993554,5.179664862,6.16316588,0.488692191,2926.697184,54.3989339,11.59556701,439.0045776,CI,SDR,7.834123333,1139,-0.320101268,-0.289512585,-0.196887992,-0.030588683,CI.SDR,1003,-0.192946093,11.11670017,112.0540009,3.746439934,-0.19294609293824472,1003,557.6931774174162,509.70741022077004,728.5358970414898,590.5828016060108
3086,RSN12790,29,12790, SDR,4.26,33.9538,-116.3912,7.696,144.47,827,32.736,-116.942,22.14,22.34,-0.001549269,-0.001253444,2.12e-05,1.24e-05,1.236009372,0.163270097,87.31907336,5.179664862,6.118116656,0.453785606,2642.983622,124.9410484,59.12471698,396.4475433,CI,SDR,7.834123333,1054,-0.242543034,-0.289512585,-0.196887992,0.046969551,CI.SDR,928,-0.115227038,11.11670017,112.0540009,3.746439934,-0.11522703776250953,928,671.9240401619226,481.64909617235764,780.3691334444068,598.939285179555
3086,RSN10987,29,10987, SDR,4.26,33.8776,-116.2019,10.062,144.16,827,32.736,-116.942,20.95,21.09,-0.000686711,-0.000660933,5.09e-05,4.8e-05,1.039003322,0.160858226,86.34851253,5.179664862,6.204033973,0.401425728,2433.367148,14.30647917,12.98493124,365.0050722,CI,SDR,7.834123333,989,-0.178889637,-0.289512585,-0.196887992,0.110622949,CI.SDR,871,-0.051837282,11.11670017,112.0540009,3.746439934,-0.051837281828811754,871,668.8630907368153,464.58436437224947,808.5969380184782,631.7147617405365
3086,RSN17851,29,17851, SDR,3.14,33.0622,-115.8937,7.729,104.54,827,32.736,-116.942,29.86,29.92,0.000137126,8.62e-05,1.79e-05,1.92e-05,1.590002434,0.163081612,86.26217283,5.179664862,6.11885537,0.506145483,2965.85133,7.141979167,4.815642458,444.8776995,CI,SDR,7.834123333,1151,-0.330581714,-0.289512585,-0.196887992,-0.041069128,CI.SDR,1014,-0.203853489,11.11670017,112.0540009,3.746439934,-0.20385348912743773,1014,630.5975090587273,526.7835518477764,749.5026379020716,597.7190927506979
3086,RSN15720,29,15720, SDR,3.81,32.4923,-116.8468,13.18,28.46,827,32.736,-116.942,16.24,16.31,-0.002340089,-0.002457761,4.35e-05,5.08e-05,0.952122406,0.145272651,65.71933535,5.179664862,6.274698597,0.383972435,2558.13563,46.06474409,56.50025287,383.7203445,CI,SDR,7.834123333,1027,-0.216592515,-0.289512585,-0.196887992,0.07292007,CI.SDR,905,-0.090130249,11.11670017,112.0540009,3.746439934,-0.09013024867623454,905,459.46711052177466,503.4556963993847,651.4083733485893,579.2049613226505
3086,RSN8853,29,8853, SDR,5.39,33.9465,-117.7667,14.89,154.66,827,32.736,-116.942,21.4,21.84,-0.0424655,-0.025105366,0.001916679,0.002505545,1.69149095,0.157666187,84.81266178,5.179664862,6.31653763,0.523598776,3146.044107,16.94860799,13.09836754,471.9066161,CI,SDR,7.834123333,1205,-0.376430151,-0.289512585,-0.196887992,-0.086917566,CI.SDR,1061,-0.249162444,11.11670017,112.0540009,3.746439934,-0.24916244359029172,1061,608.0567121375809,483.54649595129104,493.09429949406643,568.1506413274085
100055,RSN9299,38,9299, VES,5.03,35.3852,-118.6292,7.3,65.26,393,35.8409,-119.0847,12.6,12.82,-0.015579371,-0.069899528,9.49e-05,0.000101544,0.222882352,0.162914497,84.37805878,5.179664862,6.108664217,0.104719755,671.3587122,153.4248306,736.5598314,100.7038068,CI,VES,0.23,441,-0.115235264,-0.142908487,-0.050283894,0.027673224,CI.VES,441,-0.115235264,6.998569965,152.6029968,0.573539019,-0.11523526357758485,441,433.14597223261285,385.17557255550014,344.0274524859473,442.8646801818106
100055,RSN10550,38,10550, VES,4.45,34.1081,-117.3062,14.795,251.66,393,35.8409,-119.0847,14.12,14.47,0.000174953,0.000870198,1.19e-05,1.63e-05,0.201049909,0.158146709,86.84162187,5.179664862,6.313637877,0.104719755,626.5927565,10.73331288,73.12588235,93.98891348,CI,VES,0.23,425,-0.078279557,-0.142908487,-0.050283894,0.06462893,CI.VES,425,-0.078279557,6.998569965,152.6029968,0.573539019,-0.07827955705515599,425,585.6824467922497,548.3682907261286,545.2868875921104,488.10158840435474
100055,RSN18050,38,18050, VES,4.5,36.3915,-117.8683,9.117,125.4,393,35.8409,-119.0847,12.32,12.39,0.002230651,0.006867874,0.000704437,0.000845404,0.324795017,0.161665002,86.25478004,5.179664862,6.172420506,0.157079633,967.3091519,2.638562155,9.74945098,145.0963728,CI,VES,0.23,584,-0.396091371,-0.142908487,-0.050283894,-0.253182884,CI.VES,584,-0.396091371,6.998569965,152.6029968,0.573539019,-0.39609137095896596,584,583.82275085019,548.4670884354457,509.8697666849101,559.4460244445255
100055,RSN12911,38,12911, VES,4.11,36.0312,-117.7658,4.03,120.87,393,35.8409,-119.0847,21.99,22.08,0.000321155,0.001783328,0.000137785,5.38e-05,0.180087527,0.168262731,88.54143942,5.179664862,5.941161117,0.087266463,528.6801837,5.969423792,12.94283122,79.30202756,CI,VES,0.23,386,0.017972242,-0.142908487,-0.050283894,0.16088073,CI.VES,386,0.017972242,6.998569965,152.6029968,0.573539019,0.017972242404430183,386,453.403910272422,399.317504204642,351.2772494471431,355.3977254041612
100060,RSN18931,40,18931, JELB,3.73,37.4822,-121.793,9.63,61.64,323,36.9275,-121.8276,40.88,40.96,-0.00116549,-0.005117706,0.000746638,0.000272381,0.227736906,0.15989492,81.81509219,5.179664862,6.190401578,0.104719755,698.2183117,4.278896105,6.854333693,104.7327468,NC,JELB,0.253333333,454,-0.340444875,-0.189839919,-0.097215326,-0.150604956,NC.JELB,454,-0.340444875,14.01060009,81.6969986,5.152009964,-0.3404448748186919,454,497.5316836325654,414.197659506202,482.69583051141296,459.9184815956492
100060,RSN18855,40,18855, JELB,4.05,37.4812,-121.7987,11.01,61.5,323,36.9275,-121.8276,40.9,41.04,-0.006504721,-0.030159627,0.003788638,0.000487114,0.215676426,0.15832565,80.52838684,5.179664862,6.229990225,0.104719755,669.4791641,13.35359074,7.96054598,100.4218746,NC,JELB,0.253333333,440,-0.309122404,-0.189839919,-0.097215326,-0.119282484,NC.JELB,440,-0.309122404,14.01060009,81.6969986,5.152009964,-0.30912240368965005,440,483.3493046995558,446.6012064823488,463.7976502738965,458.46274957351636
100060,RSN11630,40,11630, JELB,4.2,36.8832,-121.619,7.507,19.23,323,36.9275,-121.8276,19.3,19.34,0.017595951,0.151437457,0.024732522,0.002058872,0.116192856,0.153823391,70.12507677,5.179664862,6.113745147,0.052359878,375.6750396,8.546403565,6.123009089,56.35125594,NC,JELB,0.253333333,313,0.031449133,-0.189839919,-0.097215326,0.221289052,NC.JELB,313,0.031449133,14.01060009,81.6969986,5.152009964,0.03144913268250349,313,356.4074101235866,344.26217342597505,329.16487339130515,352.50641009019597
100060,RSN17446,40,17446, JELB,3.4,37.1173,-121.5231,7.213,34.32,323,36.9275,-121.8276,19.46,19.53,-0.00181557,-0.011268359,0.000651252,0.000265451,0.16112103,0.160934343,79.33758035,5.179664862,6.106430378,0.087266463,496.0863727,6.839567378,17.30260944,74.41295591,NC,JELB,0.253333333,372,-0.141241531,-0.189839919,-0.097215326,0.048598388,NC.JELB,372,-0.141241531,14.01060009,81.6969986,5.152009964,-0.14124153105048975,372,411.93471201341833,346.95137680004467,394.8770763296277,390.278052414254
100064,RSN14136,42,14136, JLAB,3.8,36.6815,-121.3092,5.568,64.74,477,37.1543,-121.7347,21.1,21.24,0.00066543,0.00086911,0.000265649,0.000184162,0.765644475,0.164890549,85.85285882,5.179664862,6.048749462,0.331612558,1948.509661,3.613286129,3.271647926,292.2764492,NC,JLAB,6.71517,833,-0.557517151,-0.428268892,-0.335644299,-0.129248259,NC.JLAB,684,-0.360441427,19.61330032,280.8819885,4.276450157,-0.36044142673420865,684,612.5796642585574,544.9633120598354,645.3083242990053,559.3621022586395
100064,RSN11679,42,11679, JLAB,4.3,37.2793,-121.6191,3.442,17.25,477,37.1543,-121.7347,20.73,20.84,-0.074021614,-0.166943197,0.003671779,0.000768037,0.443394009,0.166217885,80.75336803,5.179664862,5.93802414,0.20943951,1246.500156,96.3776667,45.46657002,186.9750234,NC,JLAB,6.71517,680,-0.354576307,-0.428268892,-0.335644299,0.073692585,NC.JLAB,559,-0.158632982,19.61330032,280.8819885,4.276450157,-0.1586329822667576,559,602.0768842401935,442.76597647117137,512.4427396935731,433.6756779041699
100064,RSN19195,42,19195, JLAB,3.8,36.6888,-121.3205,4.454,63.49,477,37.1543,-121.7347,21.22,21.37,0.001475921,0.001968262,0.000191469,7.22e-05,0.749860033,0.166966826,86.81136659,5.179664862,5.979941298,0.314159265,1890.565857,20.44211911,10.27979464,283.5848786,NC,JLAB,6.71517,814,-0.534443875,-0.428268892,-0.335644299,-0.106174983,NC.JLAB,669,-0.338267569,19.61330032,280.8819885,4.276450157,-0.3382675692398873,669,609.970002520342,526.3564491642935,638.3068689519737,524.5782601505126
100064,RSN15858,42,15858, JLAB,3.6,37.3892,-121.5177,5.014,32.4,477,37.1543,-121.7347,33.16,33.33,-0.001486029,-0.004066502,0.000146131,0.000223307,0.365431809,0.164762006,82.62217034,5.179664862,6.019111729,0.174532925,1057.681689,6.654645846,27.82778466,158.6522534,NC,JLAB,6.71517,621,-0.263814591,-0.428268892,-0.335644299,0.164454301,NC.JLAB,510,-0.066894235,19.61330032,280.8819885,4.276450157,-0.06689423483002965,510,523.3130568448092,415.4019943423076,507.01657972083683,451.850274716781
100064,RSN18984,42,18984, JLAB,4.51,35.7277,-121.0758,5.558,168.97,477,37.1543,-121.7347,24.97,25.08,0.000344669,0.000683908,0.000283755,0.000120328,0.503969342,0.165274821,88.43659075,5.179664862,6.048276052,0.226892803,1397.736606,2.864412273,2.410205988,209.6604909,NC,JLAB,6.71517,734,-0.430992538,-0.428268892,-0.335644299,-0.002723645,NC.JLAB,603,-0.234400706,19.61330032,280.8819885,4.276450157,-0.2344007058388442,603,642.3812687316641,515.0191570246494,591.1570572411059,447.6028280753594
100070,RSN10276,43,10276, SBI,4.34,35.0174,-119.1492,9.557,170.83,854,33.4805,-119.0299,6.93,7.0,-0.000135845,-0.00024051,0.000111705,5.46e-05,0.564818698,0.161397174,87.10141036,5.179664862,6.187968323,0.261799388,1576.844379,2.488003663,2.153081778,236.5266569,CI,SBI,-999.0,738,0.145987369,0.157690748,0.250315341,-0.011703378,CI.SBI,738,0.145987369,22.78569984,50.11539841,14.87709999,0.14598736918809774,738,776.6113352467935,566.6805291197394,780.4659360086438,580.9095963768742
100070,RSN9268,43,9268, SBI,5.03,35.3852,-118.6292,7.3,214.47,854,33.4805,-119.0299,24.3,24.7,0.003978902,0.00595647,0.00131234,0.001195113,0.667996658,0.163630352,88.30583002,5.179664862,6.108664217,0.296705973,1774.521955,3.329310283,4.53881616,266.1782933,CI,SBI,-999.0,775,0.097068164,0.157690748,0.250315341,-0.060622583,CI.SBI,775,0.097068164,22.78569984,50.11539841,14.87709999,0.09706816443522293,775,784.7091410616116,640.8644400050217,860.7222194231608,626.0939690551894
100070,RSN11450,43,11450, SBI,4.73,33.7328,-117.4921,10.018,145.44,854,33.4805,-119.0299,17.4,17.56,0.000860096,0.002236932,0.00055523,0.000149929,0.384498069,0.16090483,86.41653158,5.179664862,6.202702587,0.191986218,1135.849655,5.736688699,4.028838499,170.3774483,CI,SBI,-999.0,642,0.28534289,0.157690748,0.250315341,0.127652143,CI.SBI,642,0.28534289,22.78569984,50.11539841,14.87709999,0.285342890098609,642,654.2809524168207,602.9166802250855,831.5957451736472,590.8462391041516
100070,RSN10795,43,10795, SBI,4.66,34.2983,-118.6255,8.038,98.12,854,33.4805,-119.0299,12.88,12.94,0.001686696,0.002986638,0.000858089,0.000620034,0.564747414,0.162787801,85.80700449,5.179664862,6.126524324,0.261799388,1563.222011,2.72032824,3.480569032,234.4833017,CI,SBI,-999.0,752,0.12719487,0.157690748,0.250315341,-0.030495878,CI.SBI,752,0.12719487,22.78569984,50.11539841,14.87709999,0.12719486983873018,752,685.5439964650819,657.6169503824142,825.7695718340065,583.0259732214159
100070,RSN11968,43,11968, SBI,4.27,34.3874,-119.4398,6.219,107.5,854,33.4805,-119.0299,16.56,16.81,-0.001377506,-0.002506384,8.52e-05,0.000131,0.549598844,0.164388584,87.18126987,5.179664862,6.075787581,0.244346095,1510.399704,10.51531298,29.41765258,226.5599556,CI,SBI,-999.0,773,0.099652145,0.157690748,0.250315341,-0.058038602,CI.SBI,773,0.099652145,22.78569984,50.11539841,14.87709999,0.09965214520114785,773,751.615939640572,679.5568798825491,864.1640858043319,646.0318221480845
100070,RSN9971,43,9971, SBI,4.59,34.9977,-119.1926,10.662,168.96,854,33.4805,-119.0299,7.5,7.66,0.001394023,0.002897292,0.001093998,0.000439605,0.481146791,0.160476745,86.68877024,5.179664862,6.221029194,0.226892803,1386.264505,3.171080857,2.648352191,207.9396758,CI,SBI,-999.0,730,0.15688666,0.157690748,0.250315341,-0.000804088,CI.SBI,730,0.15688666,22.78569984,50.11539841,14.87709999,0.15688665964613335,730,750.6944973569134,632.869867734688,858.2106091248647,630.1411815011994
100070,RSN8847,43,8847, SBI,5.39,33.9465,-117.7667,14.89,127.99,854,33.4805,-119.0299,27.06,27.56,0.031140635,0.063656462,0.000797034,0.000223158,0.489198337,0.157361305,83.7092231,5.179664862,6.31653763,0.226892803,1433.023155,139.5452325,79.86668323,214.9534733,CI,SBI,-999.0,747,0.133866009,0.157690748,0.250315341,-0.023824739,CI.SBI,747,0.133866009,22.78569984,50.11539841,14.87709999,0.13386600865575282,747,729.6577354254398,686.8115216980767,1008.9138756460435,675.8826298015307
100070,RSN16183,43,16183, SBI,3.64,33.8455,-118.7007,12.777,50.71,854,33.4805,-119.0299,18.8,18.95,-0.00161057,-0.002752061,0.000168524,8.65e-05,0.585223179,0.155132888,76.48547269,5.179664862,6.267598776,0.261799388,1685.667345,18.61930636,16.33038024,252.8501018,CI,SBI,-999.0,745,0.136546975,0.157690748,0.250315341,-0.021143772,CI.SBI,745,0.136546975,22.78569984,50.11539841,14.87709999,0.1365469754090105,745,560.6881369986626,538.1076749682035,583.8098341935797,449.9515590039202
100070,RSN13448,43,13448, SBI,3.9,34.4032,-118.651,13.612,108.17,854,33.4805,-119.0299,15.79,15.98,-0.000288735,-0.000599261,1.79e-05,1.44e-05,0.481818676,0.158095064,83.27761185,5.179664862,6.281821568,0.226892803,1408.758843,20.05104167,33.47826816,211.3138265,CI,SBI,-999.0,738,0.145987369,0.157690748,0.250315341,-0.011703378,CI.SBI,738,0.145987369,22.78569984,50.11539841,14.87709999,0.14598736918809774,738,726.968831607178,550.6088540434125,735.220793314434,503.7571431925773
100070,RSN10519,43,10519, SBI,4.45,34.1081,-117.3062,14.795,174.15,854,33.4805,-119.0299,14.33,14.45,0.000137639,0.000420358,0.000175207,5.77e-05,0.327433827,0.157886131,85.4408878,5.179664862,6.313637877,0.157079633,997.7494282,2.38542461,2.399207794,149.6624142,CI,SBI,-999.0,601,0.351336259,0.157690748,0.250315341,0.193645512,CI.SBI,601,0.351336259,22.78569984,50.11539841,14.87709999,0.35133625925336265,601,654.2681667506251,523.2422122831241,809.1624180326563,569.9745013860684
100070,RSN11220,43,11220, SBI,4.42,34.0665,-118.8938,12.827,66.21,854,33.4805,-119.0299,22.24,22.38,-0.00419703,-0.006873548,0.000163956,0.000114048,0.610606043,0.156950725,79.68762945,5.179664862,6.268505043,0.27925268,1726.447424,36.80055766,41.92312572,258.9671136,CI,SBI,-999.0,759,0.117929416,0.157690748,0.250315341,-0.039761331,CI.SBI,759,0.117929416,22.78569984,50.11539841,14.87709999,0.11792941639293986,759,677.4224459761341,542.7721395047046,655.3249104920674,509.8510282252946
100070,RSN9089,43,9089, SBI,5.2,33.5328,-116.5697,15.48,228.66,854,33.4805,-119.0299,16.35,17.07,0.001162574,0.001818397,0.000153043,5.52e-05,0.639339983,0.157564129,86.35013057,5.179664862,6.333749326,0.27925268,1778.941929,21.06112319,11.88160844,266.8412894,CI,SBI,-999.0,777,0.094490843,0.157690748,0.250315341,-0.063199904,CI.SBI,777,0.094490843,22.78569984,50.11539841,14.87709999,0.09449084342092284,777,751.2446051671186,689.4652573728673,877.3613680441423,710.9649606037902
100073,RSN14099,44,14099, KCC,3.8,35.632,-120.7532,6.775,227.51,1252,37.3236,-119.3187,55.1,55.3125,-0.000166934,-0.000131562,6.66e-06,7.63e-06,1.268865536,0.164037147,88.53623391,5.179664862,6.094190843,0.453785606,2662.043948,21.87863696,19.75405405,399.3065922,BK,KCC,-999.0,1059,0.167417206,0.174492845,0.267117439,-0.007075639,BK.KCC,1059,0.167417206,88.5789032,1011.630005,10.74110031,0.1674172060586372,1059,939.8627702989122,859.6076377938025,713.0739752905685,1070.6972726738402
100073,RSN21495,44,21495, KCC,3.5,37.29562,-121.0867,4.464,156.76,1252,37.3236,-119.3187,9.375,9.5375,-0.000325307,-0.000215462,4.68e-06,6.01e-06,1.509809753,0.167161464,88.71974485,5.179664862,5.980746664,0.488692191,2828.25971,54.12762063,46.03888889,424.2389565,BK,KCC,-999.0,1110,0.120382257,0.174492845,0.267117439,-0.054110588,BK.KCC,1110,0.120382257,88.5789032,1011.630005,10.74110031,0.12038225735366392,1110,887.9623203624682,880.5726410839437,791.1051688017185,1195.1548118694373
100073,RSN19158,44,19158, KCC,3.9,36.6979,-121.3332,5.002,192.27,1252,37.3236,-119.3187,18.2875,18.475,-0.000172048,-0.000139146,3.69e-05,4.75e-05,1.236462347,0.166120751,88.79334837,5.179664862,6.018382641,0.453785606,2598.064892,3.622063158,3.770894309,389.7097338,BK,KCC,-999.0,1040,0.18552156,0.174492845,0.267117439,0.011028714,BK.KCC,1040,0.18552156,88.5789032,1011.630005,10.74110031,0.18552155952462535,1040,922.9645691508547,880.0161105764307,764.9922952577216,1011.0889151104731
100073,RSN18392,44,18392, KCC,5.0,35.9583,-120.4981,10.69,184.6,1252,37.3236,-119.3187,23.8,24.05,0.003564402,0.003129423,0.000547137,0.000809405,1.1389965,0.160501041,86.96897218,5.179664862,6.221773024,0.41887902,2566.220389,4.403731136,5.719633291,384.9330584,BK,KCC,-999.0,1030,0.19518347,0.174492845,0.267117439,0.020690625,BK.KCC,1030,0.19518347,88.5789032,1011.630005,10.74110031,0.19518347043636197,1030,806.835789201485,930.0321758065021,749.8586619364037,1026.5800404142112
100073,RSN11044,44,11044, KCC,4.3,37.0995,-121.4909,3.361,194.41,1252,37.3236,-119.3187,23.1875,23.2875,-0.003125695,-0.002564221,0.000579252,0.000703787,1.218964983,0.168393455,89.29547647,5.179664862,5.93802414,0.436332313,2536.448872,4.441251401,4.426779709,380.4673308,BK,KCC,-999.0,1021,0.203959733,0.174492845,0.267117439,0.029466888,BK.KCC,1021,0.203959733,88.5789032,1011.630005,10.74110031,0.20395973349537844,1021,935.9190912269275,881.5553540712884,803.8941437416432,943.1024798168221
100104,RSN9012,56,9012, DVT,5.2,33.5328,-116.5697,15.48,106.32,625,32.6592,-116.1006,16.31,16.41,-0.022488256,-0.041736111,0.002071051,0.00094414,0.53882011,0.156404146,82.14816391,5.179664862,6.333749326,0.244346095,1563.060606,23.81877264,20.15214063,234.4590909,CI,DVT,-999.0,752,-0.184984674,-0.180987683,-0.088363089,-0.003996992,CI.DVT,752,-0.184984674,15.64929962,863.0939941,20.45170021,-0.1849846742134389,752,776.327839216278,720.166074450759,779.2328839491189,773.5125495462376
100104,RSN13232,56,13232, DVT,4.19,34.3571,-116.8418,9.486,200.51,625,32.6592,-116.1006,23.33,23.42,-0.000174928,-0.000372051,8.22e-05,5.58e-05,0.470173298,0.161519969,87.55820307,5.179664862,6.185563454,0.226892803,1351.407651,3.134910394,4.526167883,202.7111477,CI,DVT,-999.0,718,-0.138717919,-0.180987683,-0.088363089,0.042269763,CI.DVT,718,-0.138717919,15.64929962,863.0939941,20.45170021,-0.13871791931182287,718,809.9314286574992,850.9722969577954,711.128541967021,814.1159496939038
100104,RSN16598,56,16598, DVT,3.69,33.735,-117.4936,9.693,176.37,625,32.6592,-116.1006,12.03,12.1,7.11e-05,0.000137887,4.69e-05,3.29e-05,0.515434471,0.161287578,87.15621059,5.179664862,6.192470162,0.244346095,1463.326089,2.161094225,2.940021322,219.4989134,CI,DVT,-999.0,758,-0.192931736,-0.180987683,-0.088363089,-0.011944053,CI.DVT,758,-0.192931736,15.64929962,863.0939941,20.45170021,-0.19293173590597057,758,868.310911638855,681.8513457332812,690.6447114338795,748.7120709300459
100104,RSN11375,56,11375, DVT,4.73,33.7328,-117.4921,10.018,176.11,625,32.6592,-116.1006,21.55,21.7,-0.000726399,-0.00089203,0.000108861,6.38e-05,0.814321232,0.161003955,87.03315256,5.179664862,6.202702587,0.34906585,2084.775715,11.38556426,8.194210966,312.7163573,CI,DVT,-999.0,878,-0.339894944,-0.180987683,-0.088363089,-0.158907261,CI.DVT,878,-0.339894944,15.64929962,863.0939941,20.45170021,-0.3398949438987158,878,788.5529216368133,745.855317883834,758.2216821202919,581.134956863585
100104,RSN17841,56,17841, DVT,3.14,33.0622,-115.8937,7.729,48.71,625,32.6592,-116.1006,22.18,22.22,0.000373229,0.000918461,0.000162419,7.89e-05,0.406364037,0.161779614,81.85231958,5.179664862,6.11885537,0.191986218,1185.32933,4.730405577,5.654886436,177.7993995,CI,DVT,-999.0,656,-0.048409139,-0.180987683,-0.088363089,0.132578543,CI.DVT,656,-0.048409139,15.64929962,863.0939941,20.45170021,-0.048409139207687524,656,641.9681892955675,610.2794240166928,689.7314294015138,615.6704224279927
100106,RSN18206,57,18206, EDW2,4.36,36.3932,-117.8644,8.798,168.18,1242,34.8811,-117.9939,11.53,11.7,-0.000539415,-0.000603606,5.84e-05,4.47e-05,0.893654976,0.162156027,87.31045619,5.179664862,6.160106881,0.366519143,2200.185616,12.06744966,10.33571918,330.0278424,CI,EDW2,-999.0,915,0.305554197,0.233151859,0.325776452,0.072402338,CI.EDW2,915,0.305554197,3.305500031,773.6849976,3.443459988,0.3055541972179032,915,824.6883115770127,761.9589898234684,959.5168781226506,866.0917297963786
100106,RSN9013,57,9013, EDW2,5.2,33.5328,-116.5697,15.48,198.99,1242,34.8811,-117.9939,21.77,21.89,-0.002213986,-0.00236591,0.000636633,0.000664221,0.935786349,0.157459592,85.79617447,5.179664862,6.333749326,0.383972435,2336.956564,3.333206869,3.716285521,350.5434846,CI,EDW2,-999.0,958,0.259630485,0.233151859,0.325776452,0.026478625,CI.EDW2,958,0.259630485,3.305500031,773.6849976,3.443459988,0.2596304845225639,958,816.0799345615692,760.904293156251,837.1144857300003,904.3701760236357
100106,RSN12608,57,12608, EDW2,4.11,33.5089,-116.8485,12.274,185.24,1242,34.8811,-117.9939,13.23,13.27,-1.6e-05,-2.17e-05,3.81e-06,4.39e-06,0.737148552,0.159495063,86.49377129,5.179664862,6.258050482,0.314159265,1956.562871,3.644646925,5.695538058,293.4844307,CI,EDW2,-999.0,836,0.395849649,0.233151859,0.325776452,0.16269779,CI.EDW2,836,0.395849649,3.305500031,773.6849976,3.443459988,0.39584964940872247,836,858.402061939461,729.6709521345754,889.9661768799414,789.0938040123605
100106,RSN11186,57,11186, EDW2,4.42,34.0665,-118.8938,12.827,122.48,1242,34.8811,-117.9939,22.3,22.46,-0.000789122,-0.000996836,0.000144942,4.97e-05,0.791627046,0.158771035,84.41742598,5.179664862,6.268505043,0.331612558,2068.090654,15.87770624,6.877482027,310.2135981,CI,EDW2,-999.0,872,0.353688839,0.233151859,0.325776452,0.120536979,CI.EDW2,872,0.353688839,3.305500031,773.6849976,3.443459988,0.35368883858444455,872,764.7625513168853,740.6102118403318,852.8888940161252,806.8318964248454
100106,RSN14588,57,14588, EDW2,4.11,35.6211,-117.5805,9.045,90.31,1242,34.8811,-117.9939,30.64,30.82,-0.001233601,-0.000940845,7.84e-06,5.02e-06,1.311162824,0.161423697,84.83488522,5.179664862,6.169722379,0.453785606,2744.635071,245.737251,120.0057398,411.6952607,CI,EDW2,-999.0,1085,0.135142997,0.233151859,0.325776452,-0.098008863,CI.EDW2,1085,0.135142997,3.305500031,773.6849976,3.443459988,0.13514299651886397,1085,672.0995709272441,821.6941424693061,881.4732737763519,833.3585597021636
100106,RSN12884,57,12884, EDW2,4.11,36.0312,-117.7658,4.03,129.27,1242,34.8811,-117.9939,20.55,20.68,-0.000102949,-7.98e-05,1.03e-05,1.15e-05,1.289308356,0.168269383,88.63328123,5.179664862,5.941161117,0.453785606,2613.61162,8.952086957,7.747572816,392.041743,CI,EDW2,-999.0,1045,0.172706098,0.233151859,0.325776452,-0.060445761,CI.EDW2,1045,0.172706098,3.305500031,773.6849976,3.443459988,0.17270609809451276,1045,837.9282090580033,805.3004053263719,965.6662574537128,949.5562738149105
100106,RSN12686,57,12686, EDW2,4.34,35.8373,-117.678,6.864,109.9,1242,34.8811,-117.9939,23.59,23.65,-9.53e-05,-7.11e-05,3.43e-05,4.26e-05,1.339999171,0.163778646,86.8921031,5.179664862,6.096821743,0.471238898,2740.900115,2.237089202,2.072886297,411.1350173,CI,EDW2,-999.0,1083,0.136988015,0.233151859,0.325776452,-0.096163844,CI.EDW2,1083,0.136988015,3.305500031,773.6849976,3.443459988,0.13698801549243367,1083,712.0695526171019,784.7192278029247,871.2211000509055,868.4240431626432
100106,RSN18082,57,18082, EDW2,5.19,36.4034,-117.8499,9.418,169.4,1242,34.8811,-117.9939,13.57,13.66,-0.001098699,-0.000999556,0.000237039,0.000263201,1.099187515,0.161525282,87.13147128,5.179664862,6.183223963,0.41887902,2504.991186,4.174372438,4.216841954,375.7486779,CI,EDW2,-999.0,1011,0.205783043,0.233151859,0.325776452,-0.027368816,CI.EDW2,1011,0.205783043,3.305500031,773.6849976,3.443459988,0.20578304347295262,1011,768.8447207743135,814.4022895686079,841.1763395905135,821.982267835975
100106,RSN11376,57,11376, EDW2,4.73,33.7328,-117.4921,10.018,135.49,1242,34.8811,-117.9939,29.4,29.48,-0.000981991,-0.001185412,0.000180478,8.94e-05,0.828396356,0.160856192,86.14988506,5.179664862,6.202702587,0.34906585,2109.303419,10.98423937,6.568180055,316.3955129,CI,EDW2,-999.0,886,0.337761312,0.233151859,0.325776452,0.104609453,CI.EDW2,886,0.337761312,3.305500031,773.6849976,3.443459988,0.33776131188834313,886,741.8855165131791,793.0463917262831,881.6092119407124,814.9050560928977
100106,RSN9187,57,9187, EDW2,5.03,35.3852,-118.6292,7.3,80.5,1242,34.8811,-117.9939,11.89,12.16,-0.010298235,-0.008284991,0.000315958,0.000235557,1.242998933,0.163183844,85.44049205,5.179664862,6.108664217,0.453785606,2651.193005,43.71865408,26.22181113,397.6789508,CI,EDW2,-999.0,1056,0.162234798,0.233151859,0.325776452,-0.070917061,CI.EDW2,1056,0.162234798,3.305500031,773.6849976,3.443459988,0.16223479822721742,1056,693.404896977179,850.821971097892,727.7979068944325,811.9197110639794
100106,RSN13233,57,13233, EDW2,4.19,34.3571,-116.8418,9.486,120.59,1242,34.8811,-117.9939,20.73,20.8,0.001964312,0.001734238,7.09e-05,3.99e-05,1.132665336,0.161257263,85.92108974,5.179664862,6.185563454,0.41887902,2547.157303,49.23087719,24.4603385,382.0735955,CI,EDW2,-999.0,1024,0.193006457,0.233151859,0.325776452,-0.040145402,CI.EDW2,1024,0.193006457,3.305500031,773.6849976,3.443459988,0.1930064568939711,1024,724.1012281595321,770.4810400091628,924.5505844047087,840.3229402389718
100106,RSN10710,57,10710, EDW2,4.66,34.2983,-118.6255,8.038,86.82,1242,34.8811,-117.9939,9.36,9.69,-0.002688006,-0.002779998,0.00019187,8.74e-05,0.966909557,0.162668024,85.26670665,5.179664862,6.126524324,0.383972435,2304.524223,30.75521739,14.48896649,345.6786335,CI,EDW2,-999.0,948,0.27012376,0.233151859,0.325776452,0.036971901,CI.EDW2,948,0.27012376,3.305500031,773.6849976,3.443459988,0.2701237602384028,948,696.7684689381281,841.1724494749529,781.6061929398301,798.8819282863496
100106,RSN13840,57,13840, EDW2,4.17,34.3277,-116.829,4.957,123.23,1242,34.8811,-117.9939,26.83,26.91,0.002772653,0.002358114,9.42e-05,4.81e-05,1.17579225,0.16614534,88.12695348,5.179664862,6.015610792,0.436332313,2527.389487,57.64351351,25.03305732,379.1084231,CI,EDW2,-999.0,1018,0.198883065,0.233151859,0.325776452,-0.034268794,CI.EDW2,1018,0.198883065,3.305500031,773.6849976,3.443459988,0.1988830653829563,1018,822.29460949081,800.0913859467207,953.0300731566741,901.1696175027412
100106,RSN13323,57,13323, EDW2,4.2,34.3768,-117.6461,8.934,64.39,1242,34.8811,-117.9939,16.07,16.16,-0.008409708,-0.008407232,0.000413067,0.00040435,1.00029454,0.160922498,82.82215731,5.179664862,6.165471616,0.401425728,2383.20137,20.79809076,20.3531921,357.4802055,CI,EDW2,-999.0,973,0.24409418,0.233151859,0.325776452,0.010942321,CI.EDW2,973,0.24409418,3.305500031,773.6849976,3.443459988,0.24409418030741925,973,682.1101425641226,815.0168925461475,819.5595558537894,812.7883287484573
100106,RSN9699,57,9699, EDW2,4.69,35.0172,-119.0247,9.251,95.36,1242,34.8811,-117.9939,8.52,8.65,-0.001778682,-0.002001814,0.000192225,0.000214,0.888535241,0.161262379,84.98362842,5.179664862,6.177322679,0.366519143,2204.824474,8.311598131,10.41391078,330.7236711,CI,EDW2,-999.0,916,0.304461898,0.233151859,0.325776452,0.071310039,CI.EDW2,916,0.304461898,3.305500031,773.6849976,3.443459988,0.30446189781929434,916,701.131882496423,815.9788003175315,793.9614952037107,792.735002783406
100106,RSN12750,57,12750, EDW2,4.26,33.9538,-116.3912,7.696,179.69,1242,34.8811,-117.9939,24.1,24.19,7.16e-05,0.000102355,4.7e-05,2.33e-05,0.699956002,0.163333465,87.84566448,5.179664862,6.118116656,0.296705973,1837.135943,3.072961373,2.177765957,275.5703915,CI,EDW2,-999.0,796,0.444879077,0.233151859,0.325776452,0.211727218,CI.EDW2,796,0.444879077,3.305500031,773.6849976,3.443459988,0.44487907664904114,796,819.0134984427294,690.9463579488706,866.7644827753287,751.3398311918877
100106,RSN9892,57,9892, EDW2,4.59,34.9977,-119.1926,10.662,110.27,1242,34.8811,-117.9939,3.8,3.97,0.000728129,0.000595659,0.000200769,0.000160866,1.222391472,0.160117281,84.93441577,5.179664862,6.221029194,0.436332313,2671.036263,4.52630761,2.966887318,400.6554395,CI,EDW2,-999.0,1062,0.156569061,0.233151859,0.325776452,-0.076582798,CI.EDW2,1062,0.156569061,3.305500031,773.6849976,3.443459988,0.15656906069153997,1062,664.8486011727655,771.8391511662699,831.1586485797108,828.6189448459851
100106,RSN8791,57,8791, EDW2,5.39,33.9465,-117.7667,14.89,105.76,1242,34.8811,-117.9939,22.52,22.93,-0.056796136,-0.048419396,0.004982872,0.004192867,1.173003806,0.156921212,82.39272672,5.179664862,6.31653763,0.436332313,2672.912503,13.54589497,9.717166325,400.9368755,CI,EDW2,-999.0,1063,0.155627884,0.233151859,0.325776452,-0.077523975,CI.EDW2,1063,0.155627884,3.305500031,773.6849976,3.443459988,0.15562788415147644,1063,751.1477205376917,684.02933087013,670.6933254389976,803.4067922444598
100106,RSN11915,57,11915, EDW2,4.27,34.3874,-119.4398,6.219,143.44,1242,34.8811,-117.9939,14.5,14.65,0.000380242,0.000544436,8.26e-05,3.4e-05,0.698414942,0.164476664,87.89512579,5.179664862,6.075787581,0.296705973,1821.573602,11.18358824,6.591234867,273.2360403,CI,EDW2,-999.0,791,0.451180295,0.233151859,0.325776452,0.218028436,CI.EDW2,791,0.451180295,3.305500031,773.6849976,3.443459988,0.4511802947257699,791,807.8350403470054,686.8726823763033,791.253427931926,707.3520376464378
100106,RSN18253,57,18253, EDW2,4.2,36.3905,-117.8695,8.829,167.85,1242,34.8811,-117.9939,11.79,11.89,-0.001336798,-0.000913206,0.000170236,0.000126275,1.46385097,0.162122012,87.29978003,5.179664862,6.161345296,0.488692191,2881.476167,10.58640269,5.364353016,432.2214251,CI,EDW2,-999.0,1126,0.098051454,0.233151859,0.325776452,-0.135100405,CI.EDW2,1126,0.098051454,3.305500031,773.6849976,3.443459988,0.09805145379378821,1126,727.1514178258549,697.4531860206625,778.2153615636025,893.235464234331
100106,RSN13126,57,13126, EDW2,4.06,33.2394,-116.2082,10.532,245.64,1242,34.8811,-117.9939,10.97,11.12,-0.000138271,-0.00014132,4.08e-05,3.32e-05,0.978422638,0.160713223,87.76284509,5.179664862,6.217520851,0.383972435,2348.038086,4.164789157,3.46372549,352.2057129,CI,EDW2,-999.0,962,0.255463812,0.233151859,0.325776452,0.022311953,CI.EDW2,962,0.255463812,3.305500031,773.6849976,3.443459988,0.2554638118277177,962,954.5171730997025,739.2678354955912,912.4838953243701,948.1582239773578
100106,RSN9347,57,9347, EDW2,4.88,34.0655,-117.0011,17.501,128.47,1242,34.8811,-117.9939,13.41,13.51,-0.004979342,-0.004531964,0.000121769,5.58e-05,1.098716186,0.155338196,82.59708076,5.179664862,6.383907006,0.41887902,2604.198378,89.23551971,37.21771551,390.6297567,CI,EDW2,-999.0,1042,0.17558104,0.233151859,0.325776452,-0.057570819,CI.EDW2,1042,0.17558104,3.305500031,773.6849976,3.443459988,0.1755810401801119,1042,807.2374828729033,664.7946582983755,721.0257859427285,810.2342060079602
100106,RSN18012,57,18012, EDW2,5.0,36.3864,-117.8583,7.408,167.46,1242,34.8811,-117.9939,15.19,15.3,-0.001593058,-0.001348272,0.000254834,0.000168545,1.181555602,0.163508052,87.78934248,5.179664862,6.11135504,0.436332313,2574.16016,9.451825922,5.290785374,386.124024,CI,EDW2,-999.0,1032,0.185224316,0.233151859,0.325776452,-0.047927543,CI.EDW2,1032,0.185224316,3.305500031,773.6849976,3.443459988,0.18522431645191606,1032,760.7720037001548,800.1222700108178,839.307847792787,828.8280649778646
100106,RSN12399,57,12399, EDW2,4.27,36.1466,-118.0613,4.057,140.54,1242,34.8811,-117.9939,19.3,19.49,-0.000302488,-0.000204121,2.93e-05,3.31e-05,1.481903242,0.168198059,88.74010815,5.179664862,5.943934512,0.488692191,2790.702256,9.138610272,6.966587031,418.6053384,CI,EDW2,-999.0,1099,0.122322308,0.233151859,0.325776452,-0.110829551,CI.EDW2,1099,0.122322308,3.305500031,773.6849976,3.443459988,0.12232230808980304,1099,783.4574538427458,785.5547304332623,910.7280937716405,988.261614170207
100106,RSN10428,57,10428, EDW2,4.45,34.1081,-117.3062,14.795,106.5,1242,34.8811,-117.9939,17.15,17.25,0.008227332,0.00810818,0.001759375,0.001297624,1.014695292,0.157037779,82.51529386,5.179664862,6.313637877,0.401425728,2461.172735,6.34030505,4.608557016,369.1759103,CI,EDW2,-999.0,997,0.219727493,0.233151859,0.325776452,-0.013424367,CI.EDW2,997,0.219727493,3.305500031,773.6849976,3.443459988,0.21972749253158597,997,737.9054590565781,722.5892037349342,795.0550097065257,800.5390724375567
100106,RSN17912,57,17912, EDW2,4.04,36.3911,-117.8665,9.439,167.93,1242,34.8811,-117.9939,12.85,12.94,-0.000822472,-0.000605562,6.78e-05,6.97e-05,1.358196899,0.161500374,87.08973984,5.179664862,6.183950287,0.471238898,2795.47643,11.80017217,8.93159292,419.3214645,CI,EDW2,-999.0,1100,0.121412804,0.233151859,0.325776452,-0.111739055,CI.EDW2,1100,0.121412804,3.305500031,773.6849976,3.443459988,0.12141280370696261,1100,762.1210126832283,708.9972412522351,821.8776179865554,896.4052769271013
100109,RSN9020,58,9020, GOR,5.2,33.5328,-116.5697,15.48,74.41,559,33.1537,-117.2292,19.41,19.58,0.02369514,0.016729279,0.000658687,0.000186635,1.416387415,0.154867122,78.78065844,5.179664862,6.333749326,0.471238898,2966.234543,126.9597878,25.39791889,444.9351815,CI,GOR,5.44,1151,-0.722236936,-0.63447892,-0.541854327,-0.087758015,CI.GOR,859,-0.429619449,9.207229614,125.9499969,2.980380058,-0.4296194488291558,859,497.3795012036685,497.8510970268413,480.87843825066585,501.8806202445093
100109,RSN15358,58,15358, GOR,3.87,33.928,-116.7858,18.501,95.24,559,33.1537,-117.2292,22.24,22.33,-0.000399698,-0.000342551,3.3e-05,1.69e-05,1.166826816,0.153498326,79.45337688,5.179664862,6.40467109,0.436332313,2725.593783,23.65076923,10.38033333,408.8390675,CI,GOR,5.44,1079,-0.657640492,-0.63447892,-0.541854327,-0.023161572,CI.GOR,806,-0.365934269,9.207229614,125.9499969,2.980380058,-0.36593426935152884,806,492.31664686135633,435.2195934148208,551.4366020768678,487.3378139592943
100109,RSN13996,58,13996, GOR,4.15,33.638,-116.7082,12.649,72.35,559,33.1537,-117.2292,13.76,13.82,-0.002755463,-0.003088443,0.000237066,6.99e-05,0.892184971,0.157504824,80.6824719,5.179664862,6.265244507,0.366519143,2262.942485,39.42007153,13.02777707,339.4413728,CI,GOR,5.44,935,-0.514397056,-0.63447892,-0.541854327,0.120081864,CI.GOR,698,-0.22206963,9.207229614,125.9499969,2.980380058,-0.22206962960727328,698,491.66997731059433,454.6247932029253,616.0039077766677,549.2975826530065
100109,RSN12846,58,12846, GOR,4.02,33.7129,-116.0516,12.808,125.85,559,33.1537,-117.2292,24.8,24.88,0.001286684,0.001064527,0.000177449,0.000262076,1.208690747,0.15881796,84.56036574,5.179664862,6.268161535,0.436332313,2678.769856,4.90958348,5.999058885,401.8154784,CI,GOR,5.44,1064,-0.643641197,-0.63447892,-0.541854327,-0.009162277,CI.GOR,794,-0.350933988,9.207229614,125.9499969,2.980380058,-0.350933988092037,794,534.5577348983134,426.9782380852944,634.4851464927528,559.094822316292
100111,RSN17426,59,17426, GSC,3.73,35.2675,-117.3498,7.92,49.64,679,35.3018,-116.8057,22.11,22.19,0.000356791,0.000722486,2.57e-05,1.15e-05,0.493838086,0.161647541,81.79638158,5.179664862,6.122995859,0.226892803,1405.786787,31.02530435,28.11229572,210.8680181,CI,GSC,-999.0,737,-0.081966765,-0.035106954,0.05751764,-0.046859811,CI.GSC,737,-0.081966765,38.9856987,1000.460022,7.605160236,-0.08196676463064012,737,672.2629762864157,872.8004566019512,711.9418023801934,882.7145898032503
100111,RSN12403,59,12403, GSC,4.27,36.1466,-118.0613,4.057,147.28,679,35.3018,-116.8057,20.73,20.84,0.000132309,0.000334305,1.48e-05,7.4e-06,0.395772896,0.168201354,88.79222583,5.179664862,5.943934512,0.191986218,1114.301118,17.87959459,22.58817568,167.1451677,CI,GSC,-999.0,636,0.065422564,-0.035106954,0.05751764,0.100529518,CI.GSC,636,0.065422564,38.9856987,1000.460022,7.605160236,0.06542256421857395,636,729.5890812949687,705.0570276509051,687.5926268224758,714.7187721619653
100111,RSN14728,59,14728, GSC,3.84,34.2268,-117.4407,8.593,132.67,679,35.3018,-116.8057,21.7,21.84,-0.000485584,-0.000874491,1.87e-05,1.48e-05,0.555275911,0.162284948,86.68274318,5.179664862,6.151676073,0.261799388,1547.690092,32.80972973,46.7642246,232.1535138,CI,GSC,-999.0,767,-0.121865674,-0.035106954,0.05751764,-0.08675872,CI.GSC,767,-0.121865674,38.9856987,1000.460022,7.605160236,-0.12186567380855973,767,795.9080206939673,912.9103115139479,826.7761697233863,886.1241119566469
100111,RSN15526,59,15526, GSC,3.68,34.7251,-116.0506,2.727,94.04,679,35.3018,-116.8057,22.36,22.52,0.00017141,0.000333339,1.8e-05,9.33e-06,0.51422162,0.168376523,88.92458488,5.179664862,5.93802414,0.244346095,1399.078683,18.37191854,18.51883333,209.8618025,CI,GSC,-999.0,734,-0.077887901,-0.035106954,0.05751764,-0.042780947,CI.GSC,734,-0.077887901,38.9856987,1000.460022,7.605160236,-0.07788790105581889,734,779.9995044360167,847.1704995405877,826.72708750814,772.098318603902
100111,RSN16880,59,16880, GSC,3.6,34.2088,-117.5824,7.536,140.57,679,35.3018,-116.8057,14.02,14.11,-0.000147057,-0.000280919,1.2e-05,9.49e-06,0.523484458,0.163366986,87.30784474,5.179664862,6.114431914,0.244346095,1462.660926,15.49599579,23.40991667,219.3991389,CI,GSC,-999.0,757,-0.108742126,-0.035106954,0.05751764,-0.073635172,CI.GSC,757,-0.108742126,38.9856987,1000.460022,7.605160236,-0.1087421258787522,757,803.5224117804584,926.7945553827175,847.5911076544998,869.2523255085976
100111,RSN15164,59,15164, GSC,3.9,33.867,-117.1038,11.856,161.5,679,35.3018,-116.8057,26.01,26.16,-0.000274417,-0.00067043,1.9e-05,9.84e-06,0.409314631,0.15964658,86.11843049,5.179664862,6.24946745,0.191986218,1208.682401,27.8879065,35.28578947,181.3023602,CI,GSC,-999.0,665,0.020834087,-0.035106954,0.05751764,0.055941041,CI.GSC,665,0.020834087,38.9856987,1000.460022,7.605160236,0.020834086902842053,665,757.5391332263252,743.6920759224605,745.4992294880051,793.193523207499
100111,RSN8798,59,8798, GSC,5.39,33.9465,-117.7667,14.89,174.27,679,35.3018,-116.8057,25.11,25.37,-0.012073135,-0.020617921,0.001107724,0.000733796,0.585565108,0.15780676,85.40962495,5.179664862,6.31653763,0.261799388,1657.840545,16.45298557,18.61286837,248.6760818,CI,GSC,-999.0,736,-0.080608991,-0.035106954,0.05751764,-0.045502037,CI.GSC,736,-0.080608991,38.9856987,1000.460022,7.605160236,-0.08060899117018039,736,687.8859430479819,807.1509093105532,859.1013129249347,928.3364706333559
100111,RSN16012,59,16012, GSC,3.73,35.6346,-117.5657,2.693,78.24,679,35.3018,-116.8057,32.26,32.33,0.000111411,0.000268476,6.32e-05,1.94e-05,0.414975271,0.168364417,88.72387218,5.179664862,5.93802414,0.191986218,1159.712849,5.742835052,4.248037975,173.9569274,CI,GSC,-999.0,647,0.048274833,-0.035106954,0.05751764,0.083381787,CI.GSC,647,0.048274833,38.9856987,1000.460022,7.605160236,0.04827483305779534,647,719.0035715473259,765.8020221647926,724.09310846179,721.7116232667794
100111,RSN10069,59,10069, GSC,4.18,34.3617,-118.6637,11.151,199.41,679,35.3018,-116.8057,6.58,6.74,7e-05,0.000193462,1.68e-05,1.14e-05,0.361995096,0.160214315,87.06514799,5.179664862,6.233452986,0.174532925,1078.632087,6.140350877,11.51559524,161.7948131,CI,GSC,-999.0,627,0.079674587,-0.035106954,0.05751764,0.114781541,CI.GSC,627,0.079674587,38.9856987,1000.460022,7.605160236,0.07967458692577534,627,774.5442637701915,704.3038816905389,744.3576194859651,756.6266425645875
100111,RSN13997,59,13997, GSC,4.15,33.638,-116.7082,12.649,184.78,679,35.3018,-116.8057,14.92,15.06,-7.52e-05,-0.000184399,1.45e-05,1.44e-05,0.407887925,0.159288294,86.35770917,5.179664862,6.265244507,0.191986218,1207.761407,5.222222222,12.71717241,181.1642111,CI,GSC,-999.0,665,0.020834087,-0.035106954,0.05751764,0.055941041,CI.GSC,665,0.020834087,38.9856987,1000.460022,7.605160236,0.020834086902842053,665,777.0224799873719,774.205363933114,780.3216514927294,808.9698319124847
100111,RSN18014,59,18014, GSC,5.0,36.3864,-117.8583,7.408,153.38,679,35.3018,-116.8057,13.1,13.31,0.001196209,0.001736223,0.000234607,0.000139816,0.688971737,0.163484617,87.58596003,5.179664862,6.11135504,0.296705973,1815.295248,8.555594496,7.400559233,272.2942872,CI,GSC,-999.0,789,-0.150145193,-0.035106954,0.05751764,-0.115038239,CI.GSC,789,-0.150145193,38.9856987,1000.460022,7.605160236,-0.15014519328717757,789,735.2816114583701,835.7443848521866,865.9875908732814,864.5345903876931
100112,RSN15361,60,15361, JVA,3.87,33.928,-116.7858,18.501,51.16,388,34.3662,-116.6127,23.61,23.74,-0.007141126,-0.021101376,2.81e-05,3.01e-05,0.338419935,0.14736939,70.70893293,5.179664862,6.40467109,0.157079633,1101.275437,237.246711,750.9386477,165.1913156,CI,JVA,1.53,633,-0.489465083,-0.254189139,-0.161564546,-0.235275943,CI.JVA,266,0.377509031,2.530819893,902.1489868,2.540930033,0.3775090308415745,266,288.9965014019594,337.7098749306734,294.51981637988865,291.8817026586023
100112,RSN14731,60,14731, JVA,3.84,34.2268,-117.4407,8.593,77.78,388,34.3662,-116.6127,21.04,21.14,0.001574468,0.006907143,0.000167162,0.000320287,0.227947775,0.161752057,84.2946319,5.179664862,6.151676073,0.104719755,690.8097542,4.915803639,41.3200548,103.6214631,CI,JVA,1.53,450,-0.148242243,-0.254189139,-0.161564546,0.105946896,CI.JVA,450,-0.148242243,2.530819893,902.1489868,2.540930033,-0.1482422431410919,450,485.3036745502557,520.1085927029438,465.4296900186032,491.0468025399477
100112,RSN13190,60,13190, JVA,4.11,33.7104,-116.0457,12.559,89.63,388,34.3662,-116.6127,17.51,17.57,-0.000131102,-0.000545663,5.4e-05,1.18e-05,0.240261422,0.158293924,82.51690921,5.179664862,6.263559029,0.122173048,743.430755,11.11033898,10.10487037,111.5146133,CI,JVA,1.53,474,-0.200201982,-0.254189139,-0.161564546,0.053987157,CI.JVA,474,-0.200201982,2.530819893,902.1489868,2.540930033,-0.20020198207180329,474,507.0467781418704,513.3257903501744,474.74962795336967,498.4858819051109
100112,RSN13534,60,13534, JVA,4.06,32.7797,-117.3507,7.174,188.83,388,34.3662,-116.6127,9.89,10.04,-0.000270949,-0.000570652,5.28e-05,5.9e-05,0.474806421,0.163699991,88.10900699,5.179664862,6.105409111,0.226892803,1344.237645,4.592355932,10.80780303,201.6356468,CI,JVA,1.53,716,-0.612674827,-0.254189139,-0.161564546,-0.358485688,CI.JVA,301,0.253895075,2.530819893,902.1489868,2.540930033,0.2538950748743982,301,344.0072813946868,315.12480347833514,306.30946719573154,310.3804562132196
100112,RSN17502,60,17502, JVA,3.62,33.9521,-116.3635,9.067,51.36,388,34.3662,-116.6127,18.25,18.31,0.001260556,0.004729685,0.000196948,0.00014649,0.266520157,0.15999111,80.83487884,5.179664862,6.170551665,0.122173048,810.9256432,8.605065192,24.01489226,121.6388465,CI,JVA,1.53,503,-0.25958483,-0.254189139,-0.161564546,-0.005395691,CI.JVA,503,-0.25958483,2.530819893,902.1489868,2.540930033,-0.25958483047646563,503,522.3322680948866,604.8360167435775,512.742923180794,559.2502303587364
100112,RSN15628,60,15628, JVA,3.87,33.7513,-116.0218,8.756,87.34,388,34.3662,-116.6127,22.03,22.13,0.00198151,0.007009305,0.000112102,3.36e-05,0.282697036,0.161723111,84.84666159,5.179664862,6.158414042,0.13962634,849.3033392,58.9735119,62.52613691,127.3955009,CI,JVA,1.53,520,-0.292823472,-0.254189139,-0.161564546,-0.038634333,CI.JVA,520,-0.292823472,2.530819893,902.1489868,2.540930033,-0.2928234719521994,520,533.1094805099679,566.167986314645,525.9550142643739,555.7178265336084
100112,RSN16267,60,16267, JVA,3.64,33.223,-116.7186,8.687,127.18,388,34.3662,-116.6127,28.45,28.5,-0.000319421,-0.000808135,0.000388378,0.000146215,0.395256214,0.162147524,86.48097032,5.179664862,6.155594857,0.191986218,1154.592673,2.184598023,2.080794999,173.188901,CI,JVA,1.53,646,-0.509794164,-0.254189139,-0.161564546,-0.255605025,CI.JVA,271,0.358886519,2.530819893,902.1489868,2.540930033,0.3588865187435726,271,280.8052223518237,292.8597623303819,293.1171102320313,288.98967682239373
100112,RSN14450,60,14450, JVA,4.05,32.7091,-116.0396,7.817,191.35,388,34.3662,-116.6127,43.29,43.36,-4.6e-05,-0.000217008,1.32e-05,6.59e-06,0.212085028,0.163272516,87.94516917,5.179664862,6.120791156,0.104719755,638.8488857,6.980273141,16.44,95.82733286,CI,JVA,1.53,429,-0.100451579,-0.254189139,-0.161564546,0.15373756,CI.JVA,429,-0.100451579,2.530819893,902.1489868,2.540930033,-0.10045157930474335,429,504.60883816710856,505.58919916198727,447.57273721152455,482.0488656135544
100112,RSN11395,60,11395, JVA,4.73,33.7328,-117.4921,10.018,107.37,388,34.3662,-116.6127,23.43,23.5,-0.000779457,-0.003261008,0.000787306,0.000117558,0.239023511,0.160639753,85.13724392,5.179664862,6.202702587,0.122173048,729.0019207,6.630403716,4.141982914,109.3502881,CI,JVA,1.53,468,-0.187462956,-0.254189139,-0.161564546,0.066726183,CI.JVA,468,-0.187462956,2.530819893,902.1489868,2.540930033,-0.18746295629437348,468,445.4433010739258,484.45296742410835,422.06317647626327,464.0168297792524
100112,RSN19376,60,19376, JVA,3.43,34.1381,-117.4717,5.767,83.07,388,34.3662,-116.6127,30.7,30.74,0.001833362,0.00958036,0.00405185,0.000564275,0.191366754,0.164792074,86.63192218,5.179664862,6.057771424,0.087266463,572.4742774,3.24905764,2.364440934,85.87114161,CI,JVA,1.53,405,-0.042881727,-0.254189139,-0.161564546,0.211307412,CI.JVA,405,-0.042881727,2.530819893,902.1489868,2.540930033,-0.04288172748326513,405,476.794959034199,520.4440617703387,460.5048003936685,458.99176111858014
100112,RSN9363,60,9363, JVA,4.88,34.0655,-117.0011,17.501,48.92,388,34.3662,-116.6127,15.39,15.45,0.00183255,0.012505998,0.003610091,0.000639645,0.146533697,0.148135075,71.02852468,5.179664862,6.383907006,0.06981317,490.5660212,2.864948526,3.46417805,73.58490318,CI,JVA,1.53,370,0.047502334,-0.254189139,-0.161564546,0.301691473,CI.JVA,370,0.047502334,2.530819893,902.1489868,2.540930033,0.04750233398500381,370,440.11934227346774,423.8053476370194,392.1961783699094,389.32435705635174
100114,RSN11196,61,11196, LDR,4.42,34.0665,-118.8938,12.827,114.36,378,34.9906,-118.3416,26.27,26.46,-0.001263289,-0.001899452,3.03e-05,4.39e-05,0.665080929,0.158661011,84.02496521,5.179664862,6.268505043,0.296705973,1824.408237,28.77651481,62.68818482,273.6612356,CI,LDR,-999.0,792,-0.739667196,-0.735366324,-0.642741731,-0.004300872,CI.LDR,792,-0.739667196,7.184519768,1117.209961,6.364550114,-0.739667196194838,792,727.7939271299706,677.4419029900695,826.8273477716679,740.3441951967447
100114,RSN17569,61,17569, LDR,3.4,34.0733,-118.867,10.648,112.61,378,34.9906,-118.3416,20.46,20.59,-0.000121918,-0.000215417,1.23e-05,1.27e-05,0.565961273,0.160150933,85.03239759,5.179664862,6.220655727,0.261799388,1591.590567,9.59984252,17.51357724,238.7385851,CI,LDR,-999.0,724,-0.649897197,-0.735366324,-0.642741731,0.085469128,CI.LDR,724,-0.649897197,7.184519768,1117.209961,6.364550114,-0.649897196766128,724,663.1795913421372,617.8310346098514,704.9850365969415,635.362793301693
100114,RSN9211,61,9211, LDR,5.03,35.3852,-118.6292,7.3,51.02,378,34.9906,-118.3416,15.05,15.26,-0.058446611,-0.073784971,0.000395975,9.45e-05,0.79212081,0.162365411,82.67359334,5.179664862,6.108664217,0.331612558,2023.121799,618.4826561,186.3374481,303.4682699,CI,LDR,-999.0,858,-0.819709904,-0.735366324,-0.642741731,-0.084343579,CI.LDR,858,-0.819709904,7.184519768,1117.209961,6.364550114,-0.8197099038683744,858,725.0934067519294,782.4050158499869,679.7239005358624,712.2946481480013
100114,RSN16017,61,16017, LDR,3.73,35.6346,-117.5657,2.693,100.42,378,34.9906,-118.3416,34.86,35.09,-0.000196621,-0.000307846,2.09e-05,1.21e-05,0.638697907,0.168381062,89.01028463,5.179664862,5.93802414,0.27925268,1663.443094,16.24966942,14.72947368,249.5164641,CI,LDR,-999.0,738,-0.669049629,-0.735366324,-0.642741731,0.066316695,CI.LDR,738,-0.669049629,7.184519768,1117.209961,6.364550114,-0.6690496289808845,738,746.0236177271466,650.972204976033,810.4470286350322,619.6047809390192
100114,RSN18215,61,18215, LDR,4.36,36.3932,-117.8644,8.798,161.5,378,34.9906,-118.3416,12.16,12.33,-0.001559587,-0.00205685,9.78e-05,3.87e-05,0.758240674,0.162142388,87.20975481,5.179664862,6.160106881,0.331612558,1968.876022,40.29940568,21.03118609,295.3314033,CI,LDR,-999.0,840,-0.798507696,-0.735366324,-0.642741731,-0.063141372,CI.LDR,840,-0.798507696,7.184519768,1117.209961,6.364550114,-0.7985076962177713,840,802.936926161408,739.91888149265,903.9723526446446,732.945029882947
100135,RSN17773,68,17773, WES,3.63,32.7081,-116.029,7.885,28.44,242,32.759,-115.7316,19.91,19.98,0.001755256,0.017728874,0.000920941,0.000215022,0.099005475,0.158273702,75.69444815,5.179664862,6.12225391,0.052359878,311.6716289,8.163146097,19.25082497,46.75074434,CI,WES,0.173333333,276,-0.13146314,0.013577651,0.106202244,-0.14504079,CI.WES,276,-0.13146314,5.061649799,-12.64369965,0.089606099,-0.13146313956046285,276,337.13298107691895,325.05386136714606,299.2627302379604,256.36038596282367
100135,RSN15725,68,15725, WES,3.81,32.4923,-116.8468,13.18,108.76,242,32.759,-115.7316,21.86,21.97,0.000127344,0.001186944,3.66e-05,5.48e-05,0.107287595,0.158347599,83.505873,5.179664862,6.274698597,0.052359878,337.3018191,2.32379562,32.43016393,50.59527287,CI,WES,0.173333333,290,-0.180943197,0.013577651,0.106202244,-0.194520848,CI.WES,290,-0.180943197,5.061649799,-12.64369965,0.089606099,-0.18094319682383286,290,356.5362733018472,433.6493028229912,324.2620612668091,303.99182009496997
100135,RSN14276,68,14276, WES,3.94,32.7219,-116.8133,20.237,101.47,242,32.759,-115.7316,15.6,15.67,0.000153987,0.003132957,0.000386467,7.05e-05,0.049150565,0.152473401,79.11103033,5.179664862,6.440435438,0.017453293,161.007753,2.184212766,8.106661112,24.15116295,CI,WES,0.173333333,170,0.353139289,0.013577651,0.106202244,0.339561638,CI.WES,170,0.353139289,5.061649799,-12.64369965,0.089606099,0.35313928910642467,170,248.66968857613273,283.35354266292865,233.3894388594641,218.8989001631377
100164,RSN16320,70,16320, CGO,3.74,34.8456,-119.2446,12.927,229.79,715,36.5504,-117.803,34.25,34.33,-2.47e-05,-5.01e-05,1.75e-05,9.65e-06,0.492115577,0.159264352,87.00550683,5.179664862,6.270295551,0.226892803,1422.773867,2.559585492,2.862857143,213.4160801,CI,CGO,-999.0,743,-0.038413502,-0.067945752,0.024678842,0.02953225,CI.CGO,743,-0.038413502,12.05959988,2669.620117,11.77110004,-0.03841350202375171,743,957.7379264305407,1088.8059780574965,852.0402004102217,907.9647425568168
100164,RSN18303,70,18303, CGO,3.05,36.3904,-117.8704,9.371,18.75,715,36.5504,-117.803,10.08,10.21,-0.000838999,-0.001792329,1.31e-05,2.85e-05,0.468105446,0.145130021,63.78382254,5.179664862,6.181585801,0.226892803,1498.556263,29.4385614,136.8190076,224.7834395,CI,CGO,-999.0,769,-0.072808427,-0.067945752,0.024678842,-0.004862675,CI.CGO,769,-0.072808427,12.05959988,2669.620117,11.77110004,-0.0728084268116369,769,640.5518762641203,905.4505550384815,673.5277824163085,1025.6856174419834
100164,RSN17889,70,17889, CGO,3.32,36.3834,-117.8599,7.189,19.22,715,36.5504,-117.803,10.64,10.77,-0.003247204,-0.00642501,0.000160422,5.62e-05,0.505400706,0.15487927,71.02532222,5.179664862,6.105803389,0.226892803,1494.96975,57.7794306,40.05067883,224.2454625,CI,CGO,-999.0,768,-0.07150719,-0.067945752,0.024678842,-0.003561439,CI.CGO,768,-0.07150719,12.05959988,2669.620117,11.77110004,-0.07150719045366483,768,661.3756062317798,925.9301383055032,732.447031046567,1006.3528473449492
100164,RSN17994,70,17994, CGO,3.07,36.4025,-117.8737,7.008,17.59,715,36.5504,-117.803,14.2,14.27,0.000242412,0.000475819,0.000131505,6.77e-05,0.509463621,0.153448253,69.41884295,5.179664862,6.100917913,0.226892803,1518.670888,3.580679468,3.618257861,227.8006332,CI,CGO,-999.0,776,-0.081869977,-0.067945752,0.024678842,-0.013924226,CI.CGO,776,-0.081869977,12.05959988,2669.620117,11.77110004,-0.08186997748921154,776,663.0069934870808,952.027075083564,761.0345891579625,1020.8067302740429
100164,RSN9450,70,9450, CGO,4.73,36.4011,-117.8397,7.419,16.89,715,36.5504,-117.803,15.28,15.49,-0.079179952,-0.108455727,0.001022842,0.000217128,0.730067048,0.150427657,66.83230366,5.179664862,6.111624155,0.314159265,2061.011761,364.6694669,106.0337051,309.1517642,CI,CGO,-999.0,870,-0.196210669,-0.067945752,0.024678842,-0.128264917,CI.CGO,870,-0.196210669,12.05959988,2669.620117,11.77110004,-0.19621066895462214,870,700.8315777421903,834.5050154258521,753.665405853575,970.8836308905759
100164,RSN12390,70,12390, CGO,4.27,36.1466,-118.0613,4.057,50.45,715,36.5504,-117.803,23.4,23.54,-0.000467633,-0.001046849,8.61e-06,6.89e-06,0.446704818,0.167912272,86.4300718,5.179664862,5.943934512,0.20943951,1241.665481,67.8712627,121.5852497,186.2498222,CI,CGO,-999.0,678,0.053135255,-0.067945752,0.024678842,0.121081007,CI.CGO,678,0.053135255,12.05959988,2669.620117,11.77110004,0.05313525475361214,678,713.1732060139433,750.4688968232616,724.7532058955651,803.6068226602109
100165,RSN14202,71,14202, CLC,4.02,36.0735,-117.8947,7.001,39.21,1464,35.8157,-117.5975,8.3,8.43,0.001334305,0.001488721,1.72e-05,7.13e-06,0.896276147,0.161908503,81.02590228,5.179664862,6.100723215,0.366519143,2207.383533,187.1395512,86.55354651,331.10753,CI,CLC,-999.0,917,0.467820222,0.53413576,0.626760353,-0.066315537,CI.CLC,917,0.467820222,18.78919983,767.2020264,12.03999996,0.46782022226479203,917,725.6175929497207,989.5440826880954,711.014303441645,947.7004790919643
100165,RSN15351,71,15351, CLC,3.87,33.928,-116.7858,18.501,222.18,1464,35.8157,-117.5975,23.65,23.78,7.03e-05,9.08e-05,3.58e-06,1.15e-06,0.774637708,0.155648764,85.47219357,5.179664862,6.40467109,0.331612558,2080.067111,61.13043478,25.36312849,312.0100667,CI,CLC,-999.0,876,0.513561604,0.53413576,0.626760353,-0.020574156,CI.CLC,876,0.513561604,18.78919983,767.2020264,12.03999996,0.5135616035848649,876,933.9194582713347,1113.1020742504115,919.6661239694879,1020.6812900170733
100165,RSN13221,71,13221, CLC,4.19,34.3571,-116.8418,9.486,175.88,1464,35.8157,-117.5975,20.45,20.53,-0.000524552,-0.000485676,6.47e-05,8.5e-05,1.080044992,0.161474838,87.20789054,5.179664862,6.185563454,0.41887902,2483.423261,6.1712,7.506584235,372.5134892,CI,CLC,-999.0,1004,0.377180394,0.53413576,0.626760353,-0.156955365,CI.CLC,1004,0.377180394,18.78919983,767.2020264,12.03999996,0.3771803942695824,1004,820.8496837234774,896.252039304473,728.9505562784619,924.7344990502834
100165,RSN10043,71,10043, CLC,4.18,34.3617,-118.6637,11.151,188.34,1464,35.8157,-117.5975,19.18,19.36,0.000156614,0.000214545,1.42e-05,1.61e-05,0.729984673,0.160188888,86.89283855,5.179664862,6.233452986,0.314159265,1935.274483,9.72757764,15.10880282,290.2911725,CI,CLC,-999.0,829,0.568707539,0.53413576,0.626760353,0.03457178,CI.CLC,829,0.568707539,18.78919983,767.2020264,12.03999996,0.5687075393859615,829,846.5803756945264,916.6406405644517,781.7202353425699,844.1315549667636
100165,RSN9682,71,9682, CLC,4.69,35.0172,-119.0247,9.251,157.0,1464,35.8157,-117.5975,9.16,9.39,-0.000103963,-0.000206259,1.78e-05,4.86e-05,0.504038515,0.161653554,86.95289228,5.179664862,6.177322679,0.226892803,1429.206178,2.139156379,11.58758427,214.3809267,CI,CLC,-999.0,745,0.675543476,0.53413576,0.626760353,0.141407717,CI.CLC,745,0.675543476,18.78919983,767.2020264,12.03999996,0.675543476141697,745,738.5718354232214,781.208872991985,901.2533388701493,845.8787726449752
100165,RSN14708,71,14708, CLC,3.84,34.2268,-117.4407,8.593,176.85,1464,35.8157,-117.5975,25.0,25.1,-0.000171314,-0.000251433,1.68e-05,5.93e-06,0.681349046,0.162404527,87.51557623,5.179664862,6.151676073,0.296705973,1813.142686,28.88937605,14.96625,271.9714029,CI,CLC,-999.0,788,0.619429605,0.53413576,0.626760353,0.085293845,CI.CLC,788,0.619429605,18.78919983,767.2020264,12.03999996,0.6194296046633774,788,829.3652541658619,883.3330016827466,787.8426888118539,767.8460395120537
100165,RSN14585,71,14585, CLC,4.11,35.6211,-117.5805,9.045,21.65,1464,35.8157,-117.5975,20.83,20.88,-0.004063556,-0.004705729,2.66e-05,8.68e-06,0.863533865,0.150372266,68.08754276,5.179664862,6.169722379,0.34906585,2315.01829,468.1516129,176.9071053,347.2527435,CI,CLC,-999.0,951,0.431413632,0.53413576,0.626760353,-0.102722128,CI.CLC,951,0.431413632,18.78919983,767.2020264,12.03999996,0.43141363197586635,951,601.2462825347073,896.137241575088,681.3599312692805,953.9577796638686
100165,RSN12074,71,12074, CLC,4.42,34.8927,-119.0292,16.97,165.59,1464,35.8157,-117.5975,23.76,23.9,0.000114103,0.000175968,2.83e-05,1.1e-05,0.648431854,0.156200565,84.4381845,5.179664862,6.371886121,0.27925268,1812.961712,10.373,6.21795053,271.9442568,CI,CLC,-999.0,788,0.619429605,0.53413576,0.626760353,0.085293845,CI.CLC,788,0.619429605,18.78919983,767.2020264,12.03999996,0.6194296046633774,788,806.2008055204177,928.3265921905863,892.7261421367128,978.1982829746291
100172,RSN18017,75,18017, JRC2,5.0,36.3864,-117.8583,7.408,45.04,623,35.9825,-117.8089,11.9,11.96,-0.005279313,-0.017955662,0.003030054,0.000739247,0.294019426,0.161842606,81.52397407,5.179664862,6.11135504,0.13962634,880.0598364,7.141473689,5.925855447,132.0089755,CI,JRC2,5.246016667,537,0.148548424,-0.125458709,-0.032834115,0.274007133,CI.JRC2,537,0.148548424,13.04990005,1420.880005,9.128740311,0.14854842427858816,537,512.8321590250208,463.3749772091994,561.7592519882807,677.6206625085414
100172,RSN18043,75,18043, JRC2,4.5,36.3915,-117.8683,9.117,45.7,623,35.9825,-117.8089,10.31,10.45,-0.016569592,-0.028627639,0.001876735,0.002011774,0.578797019,0.159322655,79.54774351,5.179664862,6.172420506,0.261799388,1627.602499,8.23630885,15.25395914,244.1403749,CI,JRC2,5.246016667,726,-0.153003496,-0.125458709,-0.032834115,-0.027544787,CI.JRC2,533,0.156025095,13.04990005,1420.880005,9.128740311,0.15602509462160885,533,449.30933733138914,519.7907771646411,503.9278282018834,595.274021967755
100172,RSN12693,75,12693, JRC2,4.34,35.8373,-117.678,6.864,19.98,623,35.9825,-117.8089,19.81,19.96,0.068244611,0.144159652,4.47e-05,2.91e-05,0.473396059,0.155952805,71.95554156,5.179664862,6.096821743,0.226892803,1407.560947,2345.175636,3225.048143,211.1341421,CI,JRC2,5.246016667,737,-0.168041373,-0.125458709,-0.032834115,-0.042582665,CI.JRC2,541,0.14112724,13.04990005,1420.880005,9.128740311,0.14112723994097198,541,508.199489360785,499.2768461526702,497.34693942241444,633.7611710404948
100172,RSN14643,75,14643, JRC2,3.9,35.3429,-118.5645,9.906,98.57,623,35.9825,-117.8089,20.21,20.35,0.00039111,0.000492824,7.14e-06,1.04e-05,0.793608856,0.160634014,84.75412821,5.179664862,6.199256899,0.331612558,2047.403659,37.60673077,69.02296919,307.1105489,CI,JRC2,5.246016667,866,-0.32933839,-0.125458709,-0.032834115,-0.203879681,CI.JRC2,636,-0.020652045,13.04990005,1420.880005,9.128740311,-0.020652044552669224,636,540.4915149769348,701.3022999814327,576.3430218480896,671.5893268850824
100177,RSN15529,77,15529, LDF,3.68,34.7251,-116.0506,2.727,91.06,448,35.1307,-115.1842,21.13,21.24,-5.6e-05,-0.00013766,1.62e-05,6.21e-06,0.407014761,0.16837449,88.88834388,5.179664862,5.93802414,0.191986218,1140.47585,9.017713366,8.497530864,171.0713775,CI,LDF,-999.0,643,-0.361351492,-0.407031705,-0.314407112,0.045680213,CI.LDF,643,-0.361351492,2.213140011,1239.449951,2.034770012,-0.36135149182263415,643,724.4736666788527,993.0730896875533,635.7757661988901,844.7281937507131
100177,RSN13535,77,13535, LDF,4.06,32.7797,-117.3507,7.174,328.8,448,35.1307,-115.1842,8.81,9.0,-3.68e-05,-9.75e-05,8.88e-06,4.43e-06,0.377384109,0.163760002,88.91834215,5.179664862,6.105409111,0.174532925,1094.806069,8.306997743,10.97972973,164.2209104,CI,LDF,-999.0,631,-0.34251263,-0.407031705,-0.314407112,0.064519075,CI.LDF,631,-0.34251263,2.213140011,1239.449951,2.034770012,-0.3425126301262278,631,884.79159386731,1056.4041597863443,662.0237460603722,866.2122727364241
100177,RSN10082,77,10082, LDF,4.18,34.3617,-118.6637,11.151,329.84,448,35.1307,-115.1842,14.0,14.12,6.45e-05,0.000122018,1.46e-05,1.34e-05,0.528879473,0.160347957,88.22736623,5.179664862,6.233452986,0.244346095,1502.373733,4.813432836,8.35739726,225.35606,CI,LDF,-999.0,771,-0.542895141,-0.407031705,-0.314407112,-0.135863436,CI.LDF,771,-0.542895141,2.213140011,1239.449951,2.034770012,-0.5428951411483443,771,1028.8334651542411,1187.2578846830618,942.365698905437,1150.212810329167
100177,RSN9210,77,9210, LDF,5.03,35.3852,-118.6292,7.3,314.77,448,35.1307,-115.1842,8.85,9.12,0.000934692,0.002270309,4.43e-05,2.44e-05,0.411702354,0.16366876,88.84691796,5.179664862,6.108664217,0.191986218,1184.896233,38.30704918,51.24851016,177.734435,CI,LDF,-999.0,656,-0.381367557,-0.407031705,-0.314407112,0.025664148,CI.LDF,656,-0.381367557,2.213140011,1239.449951,2.034770012,-0.3813675565291037,656,800.2983522045896,1012.0912068938038,718.9094103321772,872.3645831652809
100180,RSN18019,78,18019, LJR,5.0,36.3864,-117.8583,7.408,197.62,303,34.8076,-118.8678,11.93,12.35,-0.000818858,-0.001977359,0.000221282,0.000100994,0.414117154,0.163542451,88.12744579,5.179664862,6.11135504,0.191986218,1191.786477,8.107986613,8.935923392,178.7679716,CI,LJR,1.566666667,659,-0.776990729,-0.583633785,-0.491009192,-0.193356944,CI.LJR,280,0.078943202,6.779809952,1416.219971,9.977410316,0.07894320234011953,280,313.38129013118333,260.2767036343035,342.9361700742715,271.78223842240885
100180,RSN9730,78,9730, LJR,4.69,35.0172,-119.0247,9.251,27.32,303,34.8076,-118.8678,14.1,14.34,-0.025268091,-0.093291064,0.000307106,0.000440197,0.270852217,0.154299151,72.39336458,5.179664862,6.177322679,0.13962634,855.4285252,57.4017792,303.7748009,128.3142788,CI,LJR,1.566666667,524,-0.547758879,-0.583633785,-0.491009192,0.035874906,CI.LJR,524,-0.547758879,6.779809952,1416.219971,9.977410316,-0.5477588788116732,524,496.2342923741196,467.9286886860818,530.2770169450724,587.9159576140667
100180,RSN13329,78,13329, LJR,4.2,34.3768,-117.6461,8.934,121.84,303,34.8076,-118.8678,18.37,18.52,-0.000431139,-0.001811652,0.000377306,0.00018132,0.237981113,0.161840244,86.21729955,5.179664862,6.165471616,0.122173048,720.6061768,2.377779616,4.801545695,108.0909265,CI,LJR,1.566666667,464,-0.426151747,-0.583633785,-0.491009192,0.157482038,CI.LJR,464,-0.426151747,6.779809952,1416.219971,9.977410316,-0.4261517467168865,464,461.2228331706014,425.9069837907419,576.7428214527375,545.9935513709835
100184,RSN13341,80,13341, RRX,4.2,34.3768,-117.6461,8.934,81.26,372,34.8753,-116.9968,19.02,19.15,-0.001076819,-0.006240503,0.000243165,4.79e-05,0.172553317,0.161401788,84.33621168,5.179664862,6.165471616,0.087266463,528.7710562,22.48056367,25.66365637,79.31565843,CI,RRX,0.89,386,-0.036943515,-0.084162364,0.008462229,0.047218849,CI.RRX,386,-0.036943515,4.117599964,682.3309937,3.888880014,-0.03694351519168482,386,404.743881584548,401.8639814506919,392.4836024341463,450.34943422362653
100184,RSN12635,80,12635, RRX,4.11,33.5089,-116.8485,12.274,152.18,372,34.8753,-116.9968,15.5,15.57,-0.001252368,-0.005411491,0.000877775,0.000205118,0.231427429,0.159350644,85.73009047,5.179664862,6.258050482,0.122173048,712.7366017,6.105597753,6.165009256,106.9104903,CI,RRX,0.89,460,-0.212332635,-0.084162364,0.008462229,-0.128170271,CI.RRX,460,-0.212332635,4.117599964,682.3309937,3.888880014,-0.2123326352099948,460,528.8457270570657,469.26990487538194,500.73085607381284,519.1940207801113
100184,RSN17521,80,17521, RRX,3.62,33.9521,-116.3635,9.067,117.8,372,34.8753,-116.9968,21.73,21.81,0.000112177,0.000470396,8.12e-05,4.76e-05,0.23847438,0.161669599,86.02187848,5.179664862,6.170551665,0.122173048,722.7825588,2.356659664,5.793054187,108.4173838,CI,RRX,0.89,465,-0.223143551,-0.084162364,0.008462229,-0.138981187,CI.RRX,465,-0.223143551,4.117599964,682.3309937,3.888880014,-0.2231435513142097,465,519.3742739823026,500.502036757672,532.8009539346658,510.85056443939067
100184,RSN12901,80,12901, RRX,4.11,36.0312,-117.7658,4.03,146.01,372,34.8753,-116.9968,23.0,23.16,0.000706034,0.002252281,0.000186584,0.000197976,0.313475179,0.168280018,88.79457919,5.179664862,5.941161117,0.157079633,899.7793206,3.566260557,12.07113686,134.9668981,CI,RRX,0.89,547,-0.385554948,-0.084162364,0.008462229,-0.301392584,CI.RRX,547,-0.385554948,4.117599964,682.3309937,3.888880014,-0.38555494814883495,547,637.7280556457605,612.1922526385857,523.4304293788376,613.2108011262434
100184,RSN10509,80,10509, RRX,4.45,34.1081,-117.3062,14.795,89.72,372,34.8753,-116.9968,16.26,16.4,-0.004533557,-0.024636091,0.000131974,5.25e-05,0.184020942,0.156476325,81.09074236,5.179664862,6.313637877,0.087266463,580.5203398,86.35346667,186.6738221,87.07805097,CI,RRX,0.89,408,-0.09237332,-0.084162364,0.008462229,-0.008210956,CI.RRX,408,-0.09237332,4.117599964,682.3309937,3.888880014,-0.09237332013101529,408,450.3032756811402,437.66193713926845,437.43545348709455,462.43953690997995
100184,RSN17435,80,17435, RRX,3.73,35.2675,-117.3498,7.92,54.13,372,34.8753,-116.9968,25.34,25.41,-0.000134658,-0.000527076,5.83e-05,3.47e-05,0.255481443,0.16189153,82.41979173,5.179664862,6.122995859,0.122173048,770.2539631,3.880634006,9.040754717,115.5380945,CI,RRX,0.89,486,-0.26731477,-0.084162364,0.008462229,-0.183152406,CI.RRX,486,-0.26731477,4.117599964,682.3309937,3.888880014,-0.26731476962734746,486,509.7328089353376,532.33261068977,501.24058032004586,549.1759864474295
100184,RSN15187,80,15187, RRX,3.9,33.867,-117.1038,11.856,112.28,372,34.8753,-116.9968,22.3,22.38,-0.000273046,-0.001341329,8.07e-05,6.39e-05,0.203563971,0.1592538,84.41413429,5.179664862,6.24946745,0.104719755,629.7126243,4.273020344,16.6211772,94.45689365,CI,RRX,0.89,426,-0.135545492,-0.084162364,0.008462229,-0.051383128,CI.RRX,426,-0.135545492,4.117599964,682.3309937,3.888880014,-0.13554549199622468,426,472.3615113374321,448.06559936644146,461.60519747908717,511.4079884705557
100184,RSN13280,80,13280, RRX,4.19,34.3571,-116.8418,9.486,59.22,372,34.8753,-116.9968,20.03,20.16,-0.00251467,-0.01231966,7.72e-05,3.42e-05,0.204118436,0.159963677,81.67609526,5.179664862,6.185563454,0.104719755,628.5581185,73.52836257,159.5810881,94.28371778,CI,RRX,0.89,426,-0.135545492,-0.084162364,0.008462229,-0.051383128,CI.RRX,426,-0.135545492,4.117599964,682.3309937,3.888880014,-0.13554549199622468,426,456.49601747829206,445.06748998312986,433.9696066133233,483.9049354842764
100184,RSN10121,80,10121, RRX,4.18,34.3617,-118.6637,11.151,163.14,372,34.8753,-116.9968,7.85,7.97,0.000138173,0.001022358,0.000158777,6.15e-05,0.135150799,0.16010681,86.39229436,5.179664862,6.233452986,0.06981317,419.2818409,2.246715447,6.438955264,62.89227614,CI,RRX,0.89,336,0.101782694,-0.084162364,0.008462229,0.185945058,CI.RRX,336,0.101782694,4.117599964,682.3309937,3.888880014,0.10178269430994202,336,389.0447385174306,359.88724700670645,388.9061879120596,401.9659897203183
100184,RSN13882,80,13882, RRX,4.17,34.3277,-116.829,4.957,62.67,372,34.8753,-116.9968,19.34,19.41,-0.001302655,-0.005860034,5.85e-05,3.42e-05,0.222294761,0.165885505,86.28848868,5.179664862,6.015610792,0.104719755,657.6773919,38.08932749,100.1715214,98.65160879,CI,RRX,0.89,436,-0.158748389,-0.084162364,0.008462229,-0.074586025,CI.RRX,436,-0.158748389,4.117599964,682.3309937,3.888880014,-0.15874838907588806,436,478.3521287112298,466.0414203808622,429.92687792531893,517.1434428678981
100184,RSN9260,80,9260, RRX,5.03,35.3852,-118.6292,7.3,159.18,372,34.8753,-116.9968,12.2,12.41,0.000661508,0.003816797,0.000143287,6.28e-05,0.173315062,0.163570272,87.70210283,5.179664862,6.108664217,0.087266463,523.9978057,10.53356688,26.63742698,78.59967086,CI,RRX,0.89,384,-0.031748698,-0.084162364,0.008462229,0.052413666,CI.RRX,384,-0.031748698,4.117599964,682.3309937,3.888880014,-0.031748698314580714,384,451.15428455452457,425.8642467539636,351.9092512147428,429.8861914356049
100184,RSN14757,80,14757, RRX,3.84,34.2268,-117.4407,8.593,82.67,372,34.8753,-116.9968,21.2,21.28,-0.001461291,-0.009324578,0.000884312,0.000122378,0.156713933,0.161847775,84.64470085,5.179664862,6.151676073,0.06981317,479.4768007,11.94079818,10.54444359,71.92152011,CI,RRX,0.89,365,0.018996501,-0.084162364,0.008462229,0.103158865,CI.RRX,365,0.018996501,4.117599964,682.3309937,3.888880014,0.018996500690654727,365,419.2041627449975,410.57229210923845,405.9081269350397,454.80126886735405
100184,RSN15298,80,15298, RRX,3.86,34.1976,-117.3882,14.177,83.32,372,34.8753,-116.9968,23.19,23.28,-0.001119126,-0.006946115,0.000151882,2.82e-05,0.161115366,0.156873337,80.87089388,5.179664862,6.293825021,0.087266463,508.9112029,39.68531915,45.73362874,76.33668044,CI,RRX,0.89,378,-0.016000341,-0.084162364,0.008462229,0.068162023,CI.RRX,378,-0.016000341,4.117599964,682.3309937,3.888880014,-0.016000341346441793,378,459.7550776263308,456.19306072588626,421.7578044435268,490.291121457516
100184,RSN16962,80,16962, RRX,3.63,34.1242,-116.405,9.555,99.48,372,34.8753,-116.9968,12.6,12.67,-0.000172695,-0.000884028,9.08e-05,4.95e-05,0.195349558,0.160993418,85.01095978,5.179664862,6.187901101,0.104719755,598.7069754,3.488787879,9.735991189,89.80604631,CI,RRX,0.89,415,-0.109384666,-0.084162364,0.008462229,-0.025222302,CI.RRX,415,-0.109384666,4.117599964,682.3309937,3.888880014,-0.1093846659575517,415,469.71516753312943,458.00572741701956,466.5133065055594,492.7319524193925
100184,RSN18228,80,18228, RRX,4.36,36.3932,-117.8644,8.798,185.84,372,34.8753,-116.9968,11.55,11.64,-0.000123719,-0.000608109,0.000150977,2.35e-05,0.203448638,0.162189257,87.57323216,5.179664862,6.160106881,0.104719755,617.9789678,5.264638298,4.02782543,92.69684517,CI,RRX,0.89,422,-0.12611146,-0.084162364,0.008462229,-0.041949096,CI.RRX,422,-0.12611146,4.117599964,682.3309937,3.888880014,-0.12611145976286586,422,471.798421408224,442.8426093523474,433.9326616019381,486.4232727267355
100184,RSN13969,80,13969, RRX,3.79,34.2691,-117.4608,11.018,79.59,372,34.8753,-116.9968,15.5,15.65,-0.000721552,-0.004723771,3.74e-05,4.07e-05,0.152749159,0.159201067,82.68123255,5.179664862,6.230189198,0.06981317,475.3987271,17.72855037,126.3040374,71.30980907,CI,RRX,0.89,363,0.02449102,-0.084162364,0.008462229,0.108653384,CI.RRX,363,0.02449102,4.117599964,682.3309937,3.888880014,0.024491020008295727,363,424.2267977148741,415.55559843245743,406.437380220148,464.89901416738434
100184,RSN15982,80,15982, RRX,3.64,33.8726,-117.7125,2.161,129.25,372,34.8753,-116.9968,32.95,33.03,-7.81e-05,-0.000616937,0.000151366,1.91e-05,0.126538774,0.16839915,89.47623191,5.179664862,5.93802414,0.06981317,373.6460469,4.089005236,4.075796414,56.04690704,CI,RRX,0.89,312,0.175890666,-0.084162364,0.008462229,0.260053031,CI.RRX,312,0.175890666,4.117599964,682.3309937,3.888880014,0.1758906664636637,312,433.9193654548566,415.7704086098286,353.3636455362159,382.6386864210748
100184,RSN16638,80,16638, RRX,3.69,33.735,-117.4936,9.693,134.5,372,34.8753,-116.9968,15.68,15.77,-0.000343262,-0.001892836,0.000261498,6.61e-05,0.181347944,0.161142609,86.26041533,5.179664862,6.192470162,0.087266463,555.7821098,5.193071104,7.238433946,83.36731647,CI,RRX,0.89,398,-0.067558151,-0.084162364,0.008462229,0.016604213,CI.RRX,398,-0.067558151,4.117599964,682.3309937,3.888880014,-0.06755815101129148,398,461.76535299123543,442.9092628248211,473.5809752144015,470.0644299518959
100184,RSN15437,80,15437, RRX,3.99,34.0514,-117.2429,14.998,94.15,372,34.8753,-116.9968,21.0,21.12,-0.00098263,-0.005299101,0.000152815,3.3e-05,0.185433302,0.156470615,81.4403153,5.179664862,6.319789549,0.087266463,584.850909,29.77666667,34.67657625,87.72763635,CI,RRX,0.89,410,-0.097263305,-0.084162364,0.008462229,-0.013100941,CI.RRX,410,-0.097263305,4.117599964,682.3309937,3.888880014,-0.09726330542520767,410,500.84265937245993,494.05191747369287,464.25216109520477,513.9041835777496
100184,RSN17287,80,17287, RRX,3.53,34.2894,-116.8271,6.278,66.83,372,34.8753,-116.9968,25.8,25.85,-0.000416982,-0.001784949,0.000221247,5.69e-05,0.233610273,0.163990266,85.35776759,5.179664862,6.07791863,0.122173048,698.7712879,7.328330404,8.067675494,104.8156932,CI,RRX,0.89,454,-0.199203344,-0.084162364,0.008462229,-0.11504098,CI.RRX,454,-0.199203344,4.117599964,682.3309937,3.888880014,-0.19920334376820215,454,496.9390639300542,520.1846919216916,475.49302782256973,514.0423593588768
100184,RSN14417,80,14417, RRX,4.14,34.8632,-116.3444,6.474,59.67,372,34.8753,-116.9968,22.43,22.54,0.000516297,0.003757804,0.000583997,6.67e-05,0.137393349,0.163620127,84.60843437,5.179664862,6.084678138,0.06981317,416.9620024,7.740584708,6.434628945,62.54430036,CI,RRX,0.89,335,0.104763322,-0.084162364,0.008462229,0.188925687,CI.RRX,335,0.104763322,4.117599964,682.3309937,3.888880014,0.10476332244807995,335,370.86698110844935,370.9954567129313,351.2619376408827,409.2205408817454
100184,RSN11443,80,11443, RRX,4.73,33.7328,-117.4921,10.018,134.69,372,34.8753,-116.9968,27.9,28.03,-0.002502558,-0.013496668,0.001051652,0.000141467,0.185420399,0.160850719,86.12102487,5.179664862,6.202702587,0.087266463,568.8866291,17.69004786,12.83377771,85.33299437,CI,RRX,0.89,403,-0.080042708,-0.084162364,0.008462229,0.004119656,CI.RRX,403,-0.080042708,4.117599964,682.3309937,3.888880014,-0.08004270767353638,403,424.47962116042453,408.6909143402939,398.7062088238963,436.75023021676196
100184,RSN15008,80,15008, RRX,3.74,34.1651,-117.4332,7.875,88.39,372,34.8753,-116.9968,24.87,24.93,-0.000208485,-0.001489709,0.000262013,3.17e-05,0.139950432,0.162836593,85.48170569,5.179664862,6.12204057,0.06981317,426.6181458,6.57681388,5.685630102,63.99272187,CI,RRX,0.89,340,0.089948237,-0.084162364,0.008462229,0.174110601,CI.RRX,340,0.089948237,4.117599964,682.3309937,3.888880014,0.08994823666293872,340,399.47175614467557,394.83483767512365,390.7296121591644,422.738854510087
100184,RSN9397,80,9397, RRX,4.88,34.0655,-117.0011,17.501,89.83,372,34.8753,-116.9968,13.59,13.71,-0.016486866,-0.088270406,0.000441828,0.000478606,0.186776821,0.153960602,79.37971575,5.179664862,6.383907006,0.087266463,598.5488479,34.4476793,199.7845451,89.78232719,CI,RRX,0.89,415,-0.109384666,-0.084162364,0.008462229,-0.025222302,CI.RRX,415,-0.109384666,4.117599964,682.3309937,3.888880014,-0.1093846659575517,415,502.92973310086865,477.6577097011217,448.6302966655561,442.0014317607231
100184,RSN14563,80,14563, RRX,3.78,34.0294,-116.7534,14.93,96.46,372,34.8753,-116.9968,23.68,23.84,-0.000352782,-0.001572171,7.52e-05,5.29e-05,0.22439133,0.156609598,81.65807647,5.179664862,6.317747533,0.104719755,702.8919501,6.668846881,20.90652926,105.4337925,CI,RRX,0.89,456,-0.203598955,-0.084162364,0.008462229,-0.119436591,CI.RRX,456,-0.203598955,4.117599964,682.3309937,3.888880014,-0.20359895524124028,456,567.7947723784011,564.5946508469116,506.83795044820795,571.5678085138424
100184,RSN16908,80,16908, RRX,3.6,34.2088,-117.5824,7.536,91.41,372,34.8753,-116.9968,12.8,12.87,-0.000178984,-0.001492106,9.16e-05,6.15e-05,0.119954145,0.163117916,85.84634503,5.179664862,6.114431914,0.052359878,365.5774942,2.910308943,16.28936681,54.83662413,CI,RRX,0.89,307,0.192046107,-0.084162364,0.008462229,0.276208471,CI.RRX,307,0.192046107,4.117599964,682.3309937,3.888880014,0.19204610668594935,307,377.6919010568039,375.6554016372874,369.5567555828248,386.3730520364847
100184,RSN14615,80,14615, RRX,4.11,35.6211,-117.5805,9.045,98.33,372,34.8753,-116.9968,22.98,23.07,0.000277339,0.001599901,0.000101488,7.4e-05,0.173347673,0.161527248,85.25884555,5.179664862,6.169722379,0.087266463,530.7223701,3.747824324,15.7644352,79.60835552,CI,RRX,0.89,387,-0.039530839,-0.084162364,0.008462229,0.044631525,CI.RRX,387,-0.039530839,4.117599964,682.3309937,3.888880014,-0.03953083875663577,387,404.61924783714284,400.8400598245624,398.8409269102568,459.11776127443073
100184,RSN15375,80,15375, RRX,3.87,33.928,-116.7858,18.501,106.86,372,34.8753,-116.9968,22.9,23.02,-0.000467953,-0.002046859,0.000366585,5.93e-05,0.228620052,0.154011406,80.53714687,5.179664862,6.40467109,0.104719755,727.5651023,7.891281619,5.583586344,109.1347653,CI,RRX,0.89,467,-0.227435403,-0.084162364,0.008462229,-0.143273039,CI.RRX,467,-0.227435403,4.117599964,682.3309937,3.888880014,-0.2274354033957513,467,600.6111530707781,672.8621489195635,589.6368003256375,599.9260946031131
100184,RSN16121,80,16121, RRX,3.58,33.827,-117.0296,15.131,116.32,372,34.8753,-116.9968,22.34,22.41,-0.000448311,-0.002279425,0.000161776,4.58e-05,0.196677284,0.156954018,82.99471118,5.179664862,6.323730411,0.104719755,618.1355927,9.788449782,14.09000717,92.72033891,CI,RRX,0.89,422,-0.12611146,-0.084162364,0.008462229,-0.041949096,CI.RRX,422,-0.12611146,4.117599964,682.3309937,3.888880014,-0.12611145976286586,422,544.2126194603591,547.9894960071778,486.37204874541186,556.4675670738286
100184,RSN16843,80,16843, RRX,3.49,34.309,-116.9297,9.684,63.12,372,34.8753,-116.9968,12.47,12.53,-0.002176491,-0.011424661,0.000379814,8.06e-05,0.190508102,0.159882104,81.89777727,5.179664862,6.192176404,0.087266463,587.499394,27.00361042,30.07962055,88.1249091,CI,RRX,0.89,411,-0.09969936,-0.084162364,0.008462229,-0.015536996,CI.RRX,411,-0.09969936,4.117599964,682.3309937,3.888880014,-0.09969936022308801,411,465.4147758092148,496.8218256647725,453.40804651592777,521.2108175682737
100184,RSN19396,80,19396, RRX,3.43,34.1381,-117.4717,5.767,92.68,372,34.8753,-116.9968,32.75,32.82,-0.000339968,-0.002304956,0.000487127,5.91e-05,0.147494351,0.164851176,87.00132356,5.179664862,6.057771424,0.06981317,443.6510345,5.752419628,4.731735256,66.54765518,CI,RRX,0.89,349,0.063821932,-0.084162364,0.008462229,0.147984296,CI.RRX,349,0.063821932,4.117599964,682.3309937,3.888880014,0.06382193207071918,349,429.3663016926404,437.25552106104595,419.5312251258275,414.16802809790875
100184,RSN17101,80,17101, RRX,3.52,34.2098,-116.4371,4.645,89.94,372,34.8753,-116.9968,28.43,28.5,0.000862103,0.004221531,0.000342712,6.03e-05,0.204215802,0.166674059,87.62813858,5.179664862,5.994593769,0.104719755,603.5283933,14.29689884,12.31801338,90.529259,CI,RRX,0.89,417,-0.114192368,-0.084162364,0.008462229,-0.030030003,CI.RRX,417,-0.114192368,4.117599964,682.3309937,3.888880014,-0.11419236752565531,417,513.2698261548852,493.9514913609596,456.1702589194808,483.27499960517594
100184,RSN18133,80,18133, RRX,5.19,36.4034,-117.8499,9.418,186.32,372,34.8753,-116.9968,12.4,12.57,-0.00049407,-0.001946825,0.000192411,0.000100747,0.253782242,0.161560759,87.39468429,5.179664862,6.183223963,0.122173048,767.0043281,4.904066622,10.11805458,115.0506492,CI,RRX,0.89,485,-0.265255037,-0.084162364,0.008462229,-0.181092673,CI.RRX,485,-0.265255037,4.117599964,682.3309937,3.888880014,-0.26525503666433714,485,585.8188348719483,485.29971439356206,463.3219690424796,522.5993436015216
100184,RSN9080,80,9080, RRX,5.2,33.5328,-116.5697,15.48,154.03,372,34.8753,-116.9968,13.7,13.82,-0.001612936,-0.007865066,0.001155469,0.000728051,0.205075997,0.1571728,84.5582449,5.179664862,6.333749326,0.104719755,642.6005692,2.215416228,6.806816972,96.39008538,CI,RRX,0.89,431,-0.147214236,-0.084162364,0.008462229,-0.063051872,CI.RRX,431,-0.147214236,4.117599964,682.3309937,3.888880014,-0.14721423583060123,431,478.60184807656105,478.17576399032816,449.7527202326828,422.55960150877365
100184,RSN15127,80,15127, RRX,3.78,34.1353,-117.4476,5.857,91.94,372,34.8753,-116.9968,24.8,24.87,-0.000681327,-0.004444737,0.000473636,6.59e-05,0.153288458,0.16473277,86.91093431,5.179664862,6.061617088,0.06981317,461.0200621,10.33880121,9.384288779,69.15300932,CI,RRX,0.89,357,0.041158072,-0.084162364,0.008462229,0.125320437,CI.RRX,357,0.041158072,4.117599964,682.3309937,3.888880014,0.04115807249350745,357,415.8770483577324,417.9365112878345,398.4654294138199,434.3020204629218
100184,RSN18280,80,18280, RRX,4.2,36.3905,-117.8695,8.829,185.77,372,34.8753,-116.9968,14.88,14.93,-0.000384624,-0.001406052,0.000384833,0.000163789,0.273549026,0.162155499,87.56359645,5.179664862,6.161345296,0.13962634,821.5348782,2.348289568,3.653667955,123.2302317,CI,RRX,0.89,507,-0.309617149,-0.084162364,0.008462229,-0.225454785,CI.RRX,507,-0.309617149,4.117599964,682.3309937,3.888880014,-0.3096171493180373,507,580.1352082415749,516.3712198748915,524.9855207595966,565.9114041067243
100184,RSN16555,80,16555, RRX,3.61,34.2449,-117.4464,12.48,81.2,372,34.8753,-116.9968,14.55,14.63,-0.000492368,-0.003632957,0.000397171,0.000173023,0.13552825,0.158072654,81.83380456,5.179664862,6.262058538,0.06981317,425.8421358,2.845679476,9.147085261,63.87632037,CI,RRX,0.89,340,0.089948237,-0.084162364,0.008462229,0.174110601,CI.RRX,340,0.089948237,4.117599964,682.3309937,3.888880014,0.08994823666293872,340,425.5335555148551,420.40856560763194,388.3553812646602,464.57878980986857
100200,RSN13195,85,13195, PFO,4.11,33.7104,-116.0457,12.559,39.9,763,33.6117,-116.4594,14.75,14.84,0.003224845,0.0029844,6.56e-05,9.92e-05,1.080567225,0.152743427,73.08106709,5.179664862,6.263559029,0.41887902,2626.036842,32.50851815,45.49390244,393.9055263,AZ,PFO,-1.0,1048,-0.317380834,-0.318076587,-0.225451994,0.000695753,AZ.PFO,1048,-0.317380834,10.1232996,1285.910034,6.906630039,-0.31738083359653047,1048,570.6227514417136,742.7182334051978,736.1142999287953,722.7912815184172
100200,RSN17280,85,17280, PFO,3.53,34.2894,-116.8271,6.278,82.5,763,33.6117,-116.4594,24.69,24.77,-0.000439847,-0.000320215,1.65e-05,7.31e-06,1.373599412,0.164181828,86.27184919,5.179664862,6.07791863,0.471238898,2762.838986,60.17058824,19.4069697,414.4258479,AZ,PFO,-1.0,1090,-0.356674944,-0.318076587,-0.225451994,-0.038598357,AZ.PFO,1090,-0.356674944,10.1232996,1285.910034,6.906630039,-0.35667494393873245,1090,799.294988339148,804.7482586427687,895.3254102711918,852.2315163683024
100200,RSN14254,85,14254, PFO,3.94,32.7219,-116.8133,20.237,104.06,763,33.6117,-116.4594,25.36,25.51,-0.001168651,-0.000983777,3.01e-05,1.9e-05,1.187922202,0.152629813,79.42092211,5.179664862,6.440435438,0.436332313,2764.685486,61.50794737,32.68362126,414.7028229,AZ,PFO,-1.0,1091,-0.357591955,-0.318076587,-0.225451994,-0.039515368,AZ.PFO,1091,-0.357591955,10.1232996,1285.910034,6.906630039,-0.3575919545486137,1091,694.8317298831709,735.7992347941224,640.2086593970868,663.9733697605127
100200,RSN18123,85,18123, PFO,5.19,36.4034,-117.8499,9.418,334.71,763,33.6117,-116.4594,12.67,12.73,-4.69e-05,-4.56e-05,2.2e-05,1.16e-05,1.02818718,0.161676277,88.5519124,5.179664862,6.183223963,0.401425728,2407.591411,4.043103448,2.072727273,361.1387117,AZ,PFO,-1.0,981,-0.251314428,-0.318076587,-0.225451994,0.066762159,AZ.PFO,981,-0.251314428,10.1232996,1285.910034,6.906630039,-0.25131442828090655,981,972.9731137699372,849.5636998449337,784.8181631422506,853.7937330687839
100200,RSN17515,85,17515, PFO,3.62,33.9521,-116.3635,9.067,38.79,763,33.6117,-116.4594,19.01,19.12,-0.00749394,-0.005773561,7.5e-06,1.02e-05,1.297975364,0.15834034,77.70045033,5.179664862,6.170551665,0.453785606,2785.720743,734.7,769.8081333,417.8581115,AZ,PFO,-1.0,1097,-0.363076429,-0.318076587,-0.225451994,-0.044999842,AZ.PFO,1097,-0.363076429,10.1232996,1285.910034,6.906630039,-0.3630764289907731,1097,646.4042037055971,776.9299087220495,870.9899780723496,793.3619223955609
100200,RSN11432,85,11432, PFO,4.73,33.7328,-117.4921,10.018,96.71,763,33.6117,-116.4594,30.6,30.67,0.000544914,0.000441792,6.11e-05,7.42e-05,1.233416076,0.160498542,84.57737156,5.179664862,6.202702587,0.436332313,2675.784072,7.343854447,7.230638298,401.3676108,AZ,PFO,-1.0,1064,-0.332532639,-0.318076587,-0.225451994,-0.014456052,AZ.PFO,1064,-0.332532639,10.1232996,1285.910034,6.906630039,-0.332532638617133,1064,655.9265017964725,708.0790846871649,771.6753565856332,717.7346264427287
100200,RSN16839,85,16839, PFO,3.49,34.309,-116.9297,9.684,88.72,763,33.6117,-116.4594,14.1,14.14,-0.00252852,-0.001863172,0.000293795,0.000433251,1.357104739,0.160695566,84.29983988,5.179664862,6.192176404,0.471238898,2808.525733,5.836155023,6.341741691,421.27886,AZ,PFO,-1.0,1104,-0.369437196,-0.318076587,-0.225451994,-0.051360609,AZ.PFO,1104,-0.369437196,10.1232996,1285.910034,6.906630039,-0.3694371955525835,1104,698.9708308507379,758.8557495002091,767.6958510190658,776.3229882319141
100200,RSN19388,85,19388, PFO,3.43,34.1381,-117.4717,5.767,110.37,763,33.6117,-116.4594,37.88,37.99,-8.25e-05,-7.88e-05,3.41e-05,1.62e-05,1.046694831,0.164919567,87.49582526,5.179664862,6.057771424,0.401425728,2382.729501,5.092592593,2.31085044,357.4094252,AZ,PFO,-1.0,973,-0.243126051,-0.318076587,-0.225451994,0.074950536,AZ.PFO,973,-0.243126051,10.1232996,1285.910034,6.906630039,-0.24312605090154804,973,889.5698206940829,769.212875170479,913.3916965857359,814.7852986141679
100200,RSN18375,85,18375, PFO,3.96,34.0609,-117.0231,12.849,72.15,763,33.6117,-116.4594,16.5,16.55,0.001264888,0.000996664,0.00040049,0.000630942,1.269121345,0.15734154,80.5253772,5.179664862,6.26890146,0.453785606,2775.576723,2.004761135,2.488611451,416.3365085,AZ,PFO,-1.0,1094,-0.360337952,-0.318076587,-0.225451994,-0.042261365,AZ.PFO,1094,-0.360337952,10.1232996,1285.910034,6.906630039,-0.3603379516974696,1094,626.3140888784162,728.8817222326202,726.2440775661753,730.3545371294734
100200,RSN15744,85,15744, PFO,3.81,32.9942,-116.2977,5.726,70.12,763,33.6117,-116.4594,24.14,24.29,-0.002558531,-0.001907586,1.56e-05,1.36e-05,1.341239637,0.16472888,86.02433625,5.179664862,6.055972626,0.471238898,2726.161984,188.1272794,122.2811538,408.9242976,AZ,PFO,-1.0,1079,-0.346531934,-0.318076587,-0.225451994,-0.028455347,AZ.PFO,1079,-0.346531934,10.1232996,1285.910034,6.906630039,-0.34653193397367765,1079,763.5670689273309,814.322124804869,881.6764666167753,819.8861371839565
100200,RSN9071,85,9071, PFO,5.2,33.5328,-116.5697,15.48,13.47,763,33.6117,-116.4594,20.74,20.78,0.092131884,0.147265824,0.000261906,0.000123243,0.62561619,0.105475551,41.91717949,5.179664862,6.333749326,0.27925268,2615.580358,747.5628149,562.2850336,392.3370537,AZ,PFO,-1.0,1045,-0.314514133,-0.318076587,-0.225451994,0.003562454,AZ.PFO,1045,-0.314514133,10.1232996,1285.910034,6.906630039,-0.31451413311445453,1045,797.2547457606329,655.6880971503406,620.011763509343,605.5996222993537
100200,RSN12778,85,12778, PFO,4.26,33.9538,-116.3912,7.696,38.47,763,33.6117,-116.4594,23.09,23.17,-0.007967131,-0.006877664,0.000190851,0.000139352,1.158406582,0.160836417,79.74203773,5.179664862,6.118116656,0.436332313,2592.161044,57.17270653,36.03682454,388.8241566,AZ,PFO,-1.0,1038,-0.307793032,-0.318076587,-0.225451994,0.010283554,AZ.PFO,1038,-0.307793032,10.1232996,1285.910034,6.906630039,-0.3077930324413769,1038,643.4804851281074,771.236094999134,831.6766452757491,708.8066277317959
100200,RSN9389,85,9389, PFO,4.88,34.0655,-117.0011,17.501,71.05,763,33.6117,-116.4594,16.2,16.34,-0.013244702,-0.010851769,0.001420914,0.001540409,1.220510924,0.152465067,76.73589583,5.179664862,6.383907006,0.436332313,2803.089668,8.598172304,7.637175086,420.4634502,AZ,PFO,-1.0,1102,-0.367623958,-0.318076587,-0.225451994,-0.049547372,AZ.PFO,1102,-0.367623958,10.1232996,1285.910034,6.906630039,-0.36762395842840245,1102,711.5691877938716,730.863665106156,667.7928191724269,655.903086143104
100200,RSN21189,85,21189, PFO,3.4,37.1173,-121.5231,7.213,602.53,763,33.6117,-116.4594,15.19,15.25,0.000177355,-0.000202179,7.23e-06,6.15e-06,0.877214592,0.163753045,89.40771049,5.179664862,6.106430378,0.366519143,2154.68054,28.83821138,27.96390041,323.202081,AZ,PFO,-1.0,900,-0.165136732,-0.318076587,-0.225451994,0.152939855,AZ.PFO,900,-0.165136732,10.1232996,1285.910034,6.906630039,-0.16513673203985402,900,1838.0860655224535,1002.5106197121439,838.0076990065259,837.5280927982969
100219,RSN15884,87,15884, SHD,3.6,35.492,-120.7845,4.912,35.99,818,35.1682,-120.7613,16.13,16.24,-0.000322249,0.000743887,0.000126164,0.000118051,0.433195501,0.165222426,83.43647727,5.179664862,6.012777814,0.20943951,1229.602464,2.729743924,5.896190672,184.4403696,PG,SHD,14.2707,674,0.193632226,0.056241076,0.148865669,0.13739115,PG.SHD,779,0.048851291,25.35289955,148.2359924,18.68289948,0.048851290731998454,779,765.1026511095359,665.0761928397542,795.4308896567505,600.3619698719314
100219,RSN14977,87,14977, SHD,3.7,35.6371,-120.7559,6.53,52.02,818,35.1682,-120.7613,20.75,20.81,0.001212095,-0.002822576,0.000203818,0.000250229,0.429428495,0.163301642,83.68873726,5.179664862,6.086524027,0.20943951,1234.879577,4.843942948,13.84851191,185.2319366,PG,SHD,14.2707,676,0.190669261,0.056241076,0.148865669,0.134428185,PG.SHD,782,0.045007596,25.35289955,148.2359924,18.68289948,0.04500759605743543,782,752.6119721243514,635.4668171052731,829.6499928773427,595.6163655210876
100219,RSN8743,87,8743, SHD,5.45,37.4317,-121.7767,7.486,267.21,818,35.1682,-120.7613,11.33,11.67,0.002990495,-0.00228993,0.000351218,0.000547638,1.305932646,0.163530295,88.59793869,5.179664862,6.113244097,0.453785606,2704.551861,5.460714925,6.519967655,405.6827792,PG,SHD,14.2707,1072,-0.270419005,0.056241076,0.148865669,-0.326660081,PG.SHD,1240,-0.416004322,25.35289955,148.2359924,18.68289948,-0.4160043219963363,1240,1012.0510163989186,853.6315063976318,806.820727602212,659.1854724432443
100219,RSN19044,87,19044, SHD,4.39,35.6421,-120.9543,5.902,55.42,818,35.1682,-120.7613,22.5,22.55,-0.00046673,0.000766183,0.000169905,0.000184755,0.60916221,0.164246201,84.8130332,5.179664862,6.063488731,0.27925268,1646.857781,2.526210387,4.509478826,247.0286672,PG,SHD,14.2707,732,0.111081823,0.056241076,0.148865669,0.054840747,PG.SHD,846,-0.033657023,25.35289955,148.2359924,18.68289948,-0.03365702300347628,846,788.1938847346037,673.3867029797643,783.5392704680356,613.3703638908902
100263,RSN11270,89,11270, NJQ,4.39,35.6421,-120.9543,5.902,141.88,297,34.5341,-120.1774,14.35,14.5,0.00021947,0.00107149,0.000212471,6.57e-05,0.204827037,0.164820553,87.99464846,5.179664862,6.063488731,0.104719755,612.0693794,3.340487062,5.042994103,91.81040691,CI,NJQ,-999.0,420,-0.346522572,-0.33344628,-0.240821687,-0.013076292,CI.NJQ,420,-0.346522572,5.659100056,241.9720001,9.653369904,-0.3465225724747141,420,442.07816019715756,407.9664749633957,526.1141099920559,418.3059176155075
100263,RSN16346,89,16346, NJQ,3.74,34.8456,-119.2446,12.927,92.19,297,34.5341,-120.1774,19.85,19.96,0.000140196,0.000562098,0.000137672,5.26e-05,0.249414715,0.158129701,82.53303754,5.179664862,6.270295551,0.122173048,770.944866,2.665323194,4.082878145,115.6417299,CI,NJQ,-999.0,486,-0.492476485,-0.33344628,-0.240821687,-0.159030205,CI.NJQ,486,-0.492476485,5.659100056,241.9720001,9.653369904,-0.49247648509779385,486,558.2182914080472,447.10561947635927,599.9580595810315,441.97964276201003
100263,RSN19350,89,19350, NJQ,3.19,35.2167,-120.7957,8.83,94.5,297,34.5341,-120.1774,12.6,12.72,-9.42e-05,-0.000648589,0.000106147,3.31e-05,0.145186581,0.161728969,85.18741502,5.179664862,6.16138509,0.06981317,445.2865897,2.84592145,6.110290446,66.79298846,CI,NJQ,-999.0,349,-0.161339783,-0.33344628,-0.240821687,0.172106497,CI.NJQ,349,-0.161339783,5.659100056,241.9720001,9.653369904,-0.1613397833997272,349,427.14068895357883,359.96472469936907,457.86562364454835,348.03290856437786
100269,RSN14608,92,14608, SLA,4.11,35.6211,-117.5805,9.045,40.24,482,35.891,-117.2833,21.17,21.23,-0.001614225,-0.021344272,0.000603852,0.000536848,0.075628012,0.158739664,78.34439795,5.179664862,6.169722379,0.034906585,237.6805657,3.006856689,35.34685983,35.65208486,CI,SLA,-999.0,229,0.74422211,-0.245484331,-0.152859738,0.989706442,CI.SLA,229,0.74422211,8.788499832,1108.48999,5.750790119,0.7442221104963602,229,264.90893171113606,266.54033656664086,248.30755155800156,360.98645559713714
100269,RSN18284,92,18284, SLA,4.2,36.3905,-117.8695,8.829,76.52,482,35.891,-117.2833,10.32,10.61,0.00153778,0.002396246,4.24e-05,6.33e-05,0.641745299,0.161425109,84.04066746,5.179664862,6.161345296,0.27925268,1741.144845,24.29352291,56.51523585,261.1717268,CI,SLA,-999.0,764,-0.460623675,-0.245484331,-0.152859738,-0.215139344,CI.SLA,764,-0.460623675,8.788499832,1108.48999,5.750790119,-0.4606236751159205,764,675.2324024415461,876.6622556737768,747.7328427603112,902.276250288727
100269,RSN18189,92,18189, SLA,4.08,36.3983,-117.8495,7.662,75.93,482,35.891,-117.2833,11.4,11.63,0.000802153,0.001116569,0.000131434,5.17e-05,0.718408611,0.162811078,84.85569935,5.179664862,6.117348091,0.314159265,1883.505904,15.51553191,8.495282804,282.5258856,CI,SLA,-999.0,812,-0.521556226,-0.245484331,-0.152859738,-0.276071895,CI.SLA,812,-0.521556226,8.788499832,1108.48999,5.750790119,-0.5215562261110778,812,717.5799033748625,968.6118656397632,785.7246063755692,956.2477339133336
100269,RSN9409,92,9409, SLA,4.88,34.0655,-117.0011,17.501,204.15,482,35.891,-117.2833,13.3,13.41,-0.000693149,-0.001612478,0.000464114,0.000154813,0.42986582,0.156128934,85.35288872,5.179664862,6.383907006,0.20943951,1292.728333,4.477330715,3.4743145,193.90925,CI,SLA,-999.0,697,-0.368841297,-0.245484331,-0.152859738,-0.123356965,CI.SLA,697,-0.368841297,8.788499832,1108.48999,5.750790119,-0.36884129670992394,697,796.0488093211783,948.4419697642109,836.8463053685339,956.8809976823403
100269,RSN8856,92,8856, SLA,5.39,33.9465,-117.7667,14.89,220.19,482,35.891,-117.2833,28.44,28.7,-0.004318474,-0.008798355,0.000555974,0.00011522,0.490827444,0.157997112,86.37089585,5.179664862,6.31653763,0.226892803,1431.128528,37.48024648,15.82511952,214.6692792,CI,SLA,-999.0,746,-0.436781486,-0.245484331,-0.152859738,-0.191297155,CI.SLA,746,-0.436781486,8.788499832,1108.48999,5.750790119,-0.43678148615316026,746,778.0194847643651,928.8200775626368,915.0120987800303,1041.8209000048064
100269,RSN12423,92,12423, SLA,4.27,36.1466,-118.0613,4.057,75.65,482,35.891,-117.2833,26.42,26.61,0.000747836,0.00172361,1.74e-05,9.14e-06,0.433877713,0.168095358,87.63440997,5.179664862,5.943934512,0.20943951,1210.199737,81.82013129,99.05804598,181.5299606,CI,SLA,-999.0,666,-0.323345556,-0.245484331,-0.152859738,-0.077861225,CI.SLA,666,-0.323345556,8.788499832,1108.48999,5.750790119,-0.32334555648978913,666,697.2623533261597,727.3424789874994,630.0330464443532,747.3915237319104
100269,RSN16999,92,16999, SLA,3.59,35.7823,-117.6639,7.014,36.44,482,35.891,-117.2833,12.98,13.11,0.000605243,0.00307201,5.93e-05,9.03e-05,0.197018717,0.161537926,80.25015891,5.179664862,6.101084446,0.104719755,601.5989753,6.702580288,51.80455312,90.2398463,CI,SLA,-999.0,416,0.147258854,-0.245484331,-0.152859738,0.392743185,CI.SLA,416,0.147258854,8.788499832,1108.48999,5.750790119,0.1472588537893369,416,450.25821759100353,481.24792867435167,428.5453814577417,556.6171434557484
100269,RSN14678,92,14678, SLA,3.9,35.3429,-118.5645,9.906,131.04,482,35.891,-117.2833,28.02,28.16,4.77e-05,0.00013491,2.31e-05,1.09e-05,0.353679806,0.160926596,86.05063717,5.179664862,6.199256899,0.174532925,1051.889585,4.376146789,5.84025974,157.7834378,CI,SLA,-999.0,619,-0.250161159,-0.245484331,-0.152859738,-0.004676827,CI.SLA,619,-0.250161159,8.788499832,1108.48999,5.750790119,-0.250161158633996,619,644.6597303595465,685.1917492679688,663.672514703072,723.0491132215988
100269,RSN12714,92,12714, SLA,4.34,35.8373,-117.678,6.864,36.14,482,35.891,-117.2833,23.5,23.73,0.009917468,0.033307446,3.16e-05,5.69e-05,0.297755272,0.161633517,80.21443282,5.179664862,6.096821743,0.13962634,891.5067722,174.2964499,1054.033101,133.7260158,CI,SLA,-999.0,543,-0.119165206,-0.245484331,-0.152859738,0.126319125,CI.SLA,543,-0.119165206,8.788499832,1108.48999,5.750790119,-0.11916520588333501,543,557.1180382491729,516.1298994889453,529.7559073686126,665.3279542920122
100269,RSN9276,92,9276, SLA,5.03,35.3852,-118.6292,7.3,134.2,482,35.891,-117.2833,23.09,23.44,0.006321186,0.012215287,0.000210871,6.66e-05,0.51748161,0.16351578,87.26750223,5.179664862,6.108664217,0.244346095,1447.963855,94.9127027,57.92777101,217.1945783,CI,SLA,-999.0,752,-0.44479221,-0.245484331,-0.152859738,-0.199307879,CI.SLA,752,-0.44479221,8.788499832,1108.48999,5.750790119,-0.44479220989923984,752,715.6829940831896,784.7407250065125,697.807244915399,852.9622833528285
100269,RSN9453,92,9453, SLA,4.73,36.4011,-117.8397,7.419,75.57,482,35.891,-117.2833,23.21,23.49,0.002516828,0.003660453,0.000226299,0.000173652,0.687572747,0.163010499,85.04238775,5.179664862,6.111624155,0.296705973,1817.983471,14.49351577,16.17529463,272.6975207,CI,SLA,-999.0,790,-0.494088831,-0.245484331,-0.152859738,-0.2486045,CI.SLA,790,-0.494088831,8.788499832,1108.48999,5.750790119,-0.4940888314104672,790,694.4253780861745,830.0571419530155,685.7447769000185,890.9193584376897
100269,RSN14762,92,14762, SLA,3.84,34.2268,-117.4407,8.593,185.18,482,35.891,-117.2833,26.92,27.04,0.000471448,0.002054696,0.000294765,0.000212983,0.229448877,0.162417577,87.62405761,5.179664862,6.151676073,0.104719755,692.2868413,2.21354756,6.970624056,103.8430262,CI,SLA,-999.0,451,0.066476775,-0.245484331,-0.152859738,0.311961106,CI.SLA,451,0.066476775,8.788499832,1108.48999,5.750790119,0.06647677454792156,451,541.205152507583,553.4812983317752,557.5148874245838,541.2833133737764
100269,RSN17960,92,17960, SLA,4.04,36.3911,-117.8665,9.439,76.38,482,35.891,-117.2833,12.0,12.19,0.002201332,0.003625159,0.000357612,0.000110371,0.607237318,0.160694873,83.58008168,5.179664862,6.183950287,0.27925268,1679.287667,19.94484058,10.13712907,251.8931501,CI,SLA,-999.0,743,-0.432751931,-0.245484331,-0.152859738,-0.187267599,CI.SLA,743,-0.432751931,8.788499832,1108.48999,5.750790119,-0.432751930667159,743,670.6606297413766,872.6159201075158,718.9609548574296,876.8545763109128
100269,RSN18142,92,18142, SLA,5.19,36.4034,-117.8499,9.418,76.37,482,35.891,-117.2833,12.45,12.77,0.009611885,0.020839968,0.002653098,0.002156286,0.461223588,0.160718744,83.59592441,5.179664862,6.183223963,0.20943951,1332.397253,4.457611374,7.85495598,199.859588,CI,SLA,-999.0,712,-0.390133797,-0.245484331,-0.152859738,-0.144649466,CI.SLA,712,-0.390133797,8.788499832,1108.48999,5.750790119,-0.39013379736137566,712,633.2309113025979,640.7489153187772,611.3710657773913,841.3078693482267
100269,RSN11461,92,11461, SLA,4.73,33.7328,-117.4921,10.018,240.18,482,35.891,-117.2833,24.1,24.23,-8.62e-05,-0.000254889,3.7e-05,1.34e-05,0.338026853,0.161105403,87.83912828,5.179664862,6.202702587,0.157079633,1006.326395,6.432835821,6.888891892,150.9489593,CI,SLA,-999.0,604,-0.225630084,-0.245484331,-0.152859738,0.019854247,CI.SLA,604,-0.225630084,8.788499832,1108.48999,5.750790119,-0.2256300838842149,604,712.9598785482237,755.9635959357613,723.237800694175,716.843743790576
100269,RSN10527,92,10527, SLA,4.45,34.1081,-117.3062,14.795,197.8,482,35.891,-117.2833,16.5,16.62,0.000362616,0.001255673,0.000229272,1.79e-05,0.288782456,0.15799644,85.97401014,5.179664862,6.313637877,0.13962634,886.6487601,20.25787709,5.476783035,132.997314,CI,SLA,-999.0,540,-0.113625026,-0.245484331,-0.152859738,0.131859306,CI.SLA,540,-0.113625026,8.788499832,1108.48999,5.750790119,-0.11362502550772025,540,628.8954901116349,693.9614842265285,645.7519984636377,722.8679410949525
100269,RSN16562,92,16562, SLA,3.61,34.2449,-117.4464,12.48,183.22,482,35.891,-117.2833,18.9,19.02,0.000387388,0.000937599,0.00017122,0.000152917,0.413169932,0.159375158,86.39074017,5.179664862,6.262058538,0.191986218,1220.545603,2.533321998,5.475989954,183.0818405,CI,SLA,-999.0,670,-0.329333598,-0.245484331,-0.152859738,-0.083849267,CI.SLA,670,-0.329333598,8.788499832,1108.48999,5.750790119,-0.32933359833441145,670,800.4101123518823,875.4312729282703,783.2519368575498,805.0469486218329
100269,RSN18029,92,18029, SLA,5.0,36.3864,-117.8583,7.408,75.5,482,35.891,-117.2833,11.92,12.05,0.005782364,0.008858811,0.001369205,0.001322844,0.652724687,0.163019762,85.05084119,5.179664862,6.11135504,0.296705973,1751.937956,4.371160923,6.470039914,262.7906934,CI,SLA,-999.0,768,-0.465845619,-0.245484331,-0.152859738,-0.220361288,CI.SLA,768,-0.465845619,8.788499832,1108.48999,5.750790119,-0.4658456190970721,768,668.2870144962025,770.7283095303117,638.8791995349503,869.7278358503893
100327,RSN14625,105,14625, CAR,3.9,35.3429,-118.5645,9.906,116.57,310,35.3082,-119.8458,30.78,30.86,0.000186515,0.001206102,6.92e-05,1.24e-05,0.154642488,0.160828095,85.57165442,5.179664862,6.199256899,0.06981317,476.2877666,15.04153226,17.42921965,71.44316499,CI,CAR,-999.0,363,-0.157830537,-0.044416603,0.04820799,-0.113413933,CI.CAR,363,-0.157830537,6.998569965,767.2050171,7.722229958,-0.15783053678565828,363,402.8152209835587,355.09724971606875,440.95904141494486,406.6037880688251
100327,RSN11264,105,11264, CAR,4.39,35.6421,-120.9543,5.902,107.21,310,35.3082,-119.8458,15.3,15.49,0.000818726,0.00709915,0.000826197,3.35e-05,0.115327319,0.164742122,87.32704643,5.179664862,6.063488731,0.052359878,348.1974686,24.43958209,8.592563275,52.22962029,CI,CAR,-999.0,297,0.042840159,-0.044416603,0.04820799,0.087256762,CI.CAR,297,0.042840159,6.998569965,767.2050171,7.722229958,0.04284015867649238,297,317.3498025180317,315.64032052927826,333.5429694750064,349.51795839329685
100327,RSN17901,105,17901, CAR,4.04,36.3911,-117.8665,9.439,215.42,310,35.3082,-119.8458,13.67,13.9,-6.29e-05,-0.000536651,1.59e-05,9.85e-06,0.11719028,0.161583343,87.74173514,5.179664862,6.183950287,0.052359878,360.6621988,6.385786802,33.75163522,54.09932982,CI,CAR,-999.0,304,0.019544596,-0.044416603,0.04820799,0.063961199,CI.CAR,304,0.019544596,6.998569965,767.2050171,7.722229958,0.01954459607297032,304,384.85686416217277,328.1256861844809,411.5241344981624,349.7309607224149
100327,RSN16319,105,16319, CAR,3.74,34.8456,-119.2446,12.927,75.1,310,35.3082,-119.8458,21.56,21.64,-0.000140635,-0.001292266,6e-05,1.22e-05,0.1088279,0.157450139,80.8440553,5.179664862,6.270295551,0.052359878,344.0381628,11.52745902,21.53776667,51.60572442,CI,CAR,-999.0,294,0.05299253,-0.044416603,0.04820799,0.097409134,CI.CAR,294,0.05299253,6.998569965,767.2050171,7.722229958,0.05299253014051075,294,373.7493866138732,304.22537999510996,372.4757469179306,381.72228230933143
100327,RSN18172,105,18172, CAR,4.08,36.3983,-117.8495,7.662,217.14,310,35.3082,-119.8458,13.19,13.31,-3.88e-05,-0.000238198,2.19e-05,9.58e-06,0.162939647,0.163391107,88.22519818,5.179664862,6.117348091,0.087266463,494.0013137,4.050104384,10.876621,74.10019706,CI,CAR,-999.0,371,-0.179629765,-0.044416603,0.04820799,-0.135213162,CI.CAR,371,-0.179629765,6.998569965,767.2050171,7.722229958,-0.1796297651282428,371,459.3256676797598,373.4273549289587,498.68311733267166,381.72506338606485
100341,RSN14475,107,14475, SAL,4.05,32.7091,-116.0396,7.817,63.52,253,33.2801,-115.9859,25.66,25.73,-0.00106217,-0.009579701,0.000669202,0.000189455,0.110877197,0.162398872,83.72544076,5.179664862,6.120791156,0.052359878,339.7600846,5.60645008,14.31511113,50.96401269,CI,SAL,0.206666667,291,-0.139933778,-0.106360308,-0.013735714,-0.033573471,CI.SAL,291,-0.139933778,5.061649799,11.31519985,2.160559893,-0.13993377844397248,291,327.8901699450549,363.29772458025036,300.9963495203729,313.43848713052614
100341,RSN13160,107,13160, SAL,4.06,33.2394,-116.2082,10.532,21.2,253,33.2801,-115.9859,10.52,10.59,0.008612742,0.101645799,0.00533418,0.000162816,0.084732888,0.145189214,64.51753114,5.179664862,6.217520851,0.034906585,290.9375001,52.89862176,19.05556224,43.64062502,CI,SAL,0.206666667,264,-0.042559614,-0.106360308,-0.013735714,0.063800693,CI.SAL,264,-0.042559614,5.061649799,11.31519985,2.160559893,-0.04255961441879563,264,308.5404164987103,323.2519145737365,286.84910429495966,264.7481630652114
100341,RSN14344,107,14344, SAL,4.19,33.4453,-116.439,8.875,45.98,253,33.2801,-115.9859,12.41,12.51,0.003288788,0.022701615,0.005241326,0.000446771,0.144870241,0.159716351,79.85279535,5.179664862,6.16316588,0.06981317,449.9354027,7.361238755,4.331273231,67.49031041,CI,SAL,0.206666667,351,-0.327396735,-0.106360308,-0.013735714,-0.221036427,CI.SAL,351,-0.327396735,5.061649799,11.31519985,2.160559893,-0.3273967347383451,351,388.351961682697,423.259415793492,359.8208006730469,361.0178388387934
100341,RSN14008,107,14008, SAL,4.15,33.638,-116.7082,12.649,78.0,253,33.2801,-115.9859,15.76,15.82,0.001232434,0.01283847,0.000963029,0.000105312,0.095995423,0.157768176,81.28573488,5.179664862,6.265244507,0.052359878,303.252194,11.70269295,13.33134309,45.4878291,CI,SAL,0.206666667,271,-0.068729332,-0.106360308,-0.013735714,0.037630976,CI.SAL,271,-0.068729332,5.061649799,11.31519985,2.160559893,-0.06872933215218069,271,313.85712434896254,383.02414925849973,294.8051155723372,300.5022441134096
100341,RSN10515,107,10515, SAL,4.45,34.1081,-117.3062,14.795,153.03,253,33.2801,-115.9859,16.56,16.8,0.001227822,0.007310799,0.000856219,0.000343639,0.167946375,0.157730433,84.78008418,5.179664862,6.313637877,0.087266463,527.0317001,3.572999572,8.538468546,79.05475502,CI,SAL,0.206666667,386,-0.422447881,-0.106360308,-0.013735714,-0.316087573,CI.SAL,386,-0.422447881,5.061649799,11.31519985,2.160559893,-0.42244788073731065,386,440.6601485259102,531.3622545837945,419.3246409739076,428.08156274530455
100341,RSN12863,107,12863, SAL,4.02,33.7129,-116.0516,12.808,48.39,253,33.2801,-115.9859,22.75,22.82,-0.001129832,-0.021593407,0.001476038,8.85e-05,0.052323016,0.154728022,75.89722959,5.179664862,6.268161535,0.017453293,168.875444,12.76646328,14.6293029,25.3313166,CI,SAL,0.206666667,176,0.362905494,-0.106360308,-0.013735714,0.469265801,CI.SAL,176,0.362905494,5.061649799,11.31519985,2.160559893,0.362905493689369,176,223.4847078363396,260.7882405182249,201.50252211831125,201.05737179478137
100343,RSN10752,108,10752, MPI,4.66,34.2983,-118.6255,8.038,74.37,474,34.8126,-119.1453,6.35,6.45,-0.000953262,-0.004200797,0.000484768,0.000165709,0.226924055,0.16247134,84.49307928,5.179664862,6.126524324,0.104719755,684.8122895,5.752626592,8.665582299,102.7218434,CI,MPI,-999.0,447,0.058648727,-0.176599475,-0.083974881,0.235248202,CI.MPI,447,0.058648727,4.674680233,2646.120117,4.196090221,0.0586487270815077,447,443.3844244424733,406.0462892332456,428.1487396697461,442.45734413470484
100343,RSN16343,108,16343, MPI,3.74,34.8456,-119.2446,12.927,9.79,474,34.8126,-119.1453,12.35,12.42,0.014118291,0.057848037,0.00428009,0.000616342,0.244058254,0.096062863,37.03785476,5.179664862,6.270295551,0.122173048,1243.329714,22.90658595,13.51561229,186.4994571,CI,MPI,-999.0,679,-0.359413806,-0.176599475,-0.083974881,-0.182814331,CI.MPI,679,-0.359413806,4.674680233,2646.120117,4.196090221,-0.3594138058636194,679,660.7083408380995,668.0439689947998,627.8858948012157,705.8638661535949
100343,RSN11945,108,11945, MPI,4.27,34.3874,-119.4398,6.219,54.36,474,34.8126,-119.1453,14.61,14.72,-0.00298764,-0.008841513,2.75e-06,4.44e-06,0.337910468,0.163795496,84.37611818,5.179664862,6.075787581,0.157079633,989.4922384,672.8918919,3215.095636,148.4238358,CI,MPI,-999.0,596,-0.229033345,-0.176599475,-0.083974881,-0.052433871,CI.MPI,596,-0.229033345,4.674680233,2646.120117,4.196090221,-0.2290333453702731,596,606.0463146833494,565.2344873708447,570.8363200816361,546.5127010458025
100356,RSN11955,110,11955, PHL,4.27,34.3874,-119.4398,6.219,151.75,384,35.4077,-120.5456,14.3125,14.5375,0.000222028,0.00022696,6.41e-06,6.25e-06,0.978272522,0.164488183,88.00729269,5.179664862,6.075787581,0.383972435,2293.955276,35.52448,35.40717629,344.0932914,CI,PHL,4.276666667,945,-0.900542375,-0.918401194,-0.8257766,0.017858819,CI.PHL,633,-0.49982787,3.069080114,387.6669922,3.995280027,-0.49982786955644887,633,566.0816775216088,438.53901886701306,636.5196101461,425.0514658972478
100356,RSN10773,110,10773, PHL,4.66,34.2983,-118.6255,8.038,214.43,384,35.4077,-120.5456,17.0,17.2,0.00034967,0.000451155,0.00011968,9.52e-05,0.775055494,0.163135654,88.10750686,5.179664862,6.126524324,0.331612558,1985.30443,3.673004202,3.769677473,297.7956645,CI,PHL,4.276666667,845,-0.788694075,-0.918401194,-0.8257766,0.129707119,CI.PHL,566,-0.387951526,3.069080114,387.6669922,3.995280027,-0.3879515256154562,566,564.7686534928939,469.85005915871415,623.1752850445934,434.61235385311664
100356,RSN14666,110,14666, PHL,3.9,35.3429,-118.5645,9.906,180.16,384,35.4077,-120.5456,23.0625,23.1875,9.68e-05,6.88e-05,2.02e-05,1.74e-05,1.407610254,0.161108126,87.13566827,5.179664862,6.199256899,0.471238898,2844.115456,5.563218391,3.405940594,426.6173184,CI,PHL,4.276666667,1115,-1.065967131,-0.918401194,-0.8257766,-0.147565938,CI.PHL,746,-0.664083048,3.069080114,387.6669922,3.995280027,-0.6640830476160335,746,508.0942995732166,407.4048193866167,524.4071714097278,476.0379267437241
100395,RSN19405,120,19405, TA2,3.43,34.1381,-117.4717,5.767,33.07,586,34.382,-117.6782,21.9,21.96,-0.0020055,-0.015538119,0.000937401,7.55e-05,0.129069688,0.163159406,81.25786547,5.179664862,6.057771424,0.06981317,393.2339712,26.56291391,16.575744,58.98509568,CI,TA2,3.9829,323,0.595667466,0.329491476,0.42211607,0.26617599,CI.TA2,323,0.595667466,18.78919983,2190.179932,14.25450039,0.5956674663543557,323,368.5947544234643,339.0739221649634,388.3043331863073,477.1987858365794
100395,RSN9417,120,9417, TA2,4.88,34.0655,-117.0011,17.501,71.59,586,34.382,-117.6782,15.3,15.39,-0.002125695,-0.011452525,0.000750093,4.08e-05,0.185609325,0.152465067,76.73589583,5.179664862,6.383907006,0.087266463,600.7670163,52.10036765,15.26814008,90.11505245,CI,TA2,3.9829,416,0.342634529,0.329491476,0.42211607,0.013143053,CI.TA2,416,0.342634529,18.78919983,2190.179932,14.25450039,0.3426345293157489,416,506.4682083221514,405.1618360870957,632.7717849438725,529.6273400432588
100395,RSN16655,120,16655, TA2,3.69,33.735,-117.4936,9.693,73.76,586,34.382,-117.6782,9.6,9.63,-0.000176474,-0.001250091,0.000432463,7.65e-05,0.141168973,0.160322149,83.11565287,5.179664862,6.192470162,0.06981317,437.0088417,2.306849673,2.890631106,65.55132626,CI,TA2,3.9829,345,0.529775373,0.329491476,0.42211607,0.200283896,CI.TA2,345,0.529775373,18.78919983,2190.179932,14.25450039,0.529775372545652,345,410.8069446141905,363.3720482904132,478.45455321481325,498.65839947542634
100395,RSN14422,120,14422, TA2,4.14,34.8632,-116.3444,6.474,133.46,586,34.382,-117.6782,20.1,20.19,-0.000247848,-0.000682113,0.000123795,7.73e-05,0.363353957,0.164206096,87.62532204,5.179664862,6.084678138,0.174532925,1055.914085,3.206313066,5.510020599,158.3871128,CI,TA2,3.9829,620,-0.056399688,0.329491476,0.42211607,-0.385891165,CI.TA2,402,0.376867701,18.78919983,2190.179932,14.25450039,0.37686770095799105,402,423.23036457512427,380.3914687690837,505.24290810374913,459.1806521543952
100395,RSN16030,120,16030, TA2,3.73,35.6346,-117.5657,2.693,139.34,586,34.382,-117.6782,35.16,35.22,-3.59e-05,-8.67e-05,2.68e-05,1.09e-05,0.413675597,0.168393329,89.29199403,5.179664862,5.93802414,0.191986218,1156.394804,3.293577982,3.235074627,173.4592206,CI,TA2,3.9829,646,-0.097479714,0.329491476,0.42211607,-0.42697119,CI.TA2,419,0.33544887,18.78919983,2190.179932,14.25450039,0.33544886965487475,419,497.9413522370423,412.27162194257136,554.8974730175909,429.61418987291756
100395,RSN17534,120,17534, TA2,3.62,33.9521,-116.3635,9.067,130.26,586,34.382,-117.6782,22.23,22.34,9.98e-05,0.000626735,2.22e-05,1.12e-05,0.159223781,0.161744114,86.42167472,5.179664862,6.170551665,0.087266463,487.9342351,8.910714286,28.23130631,73.19013527,CI,TA2,3.9829,368,0.465236851,0.329491476,0.42211607,0.135745375,CI.TA2,368,0.465236851,18.78919983,2190.179932,14.25450039,0.4652368514080809,368,436.0779707021325,378.4723490123202,523.1145153620172,524.1602200770625
100395,RSN17300,120,17300, TA2,3.53,34.2894,-116.8271,6.278,78.99,586,34.382,-117.6782,25.35,25.42,0.00078519,0.003042582,0.000573738,7.35e-05,0.258066916,0.164144844,86.07876835,5.179664862,6.07791863,0.122173048,766.8979439,10.68285714,5.303086078,115.0346916,CI,TA2,3.9829,485,0.189170899,0.329491476,0.42211607,-0.140320578,CI.TA2,485,0.189170899,18.78919983,2190.179932,14.25450039,0.18917089863952885,485,533.7072052701386,472.5405723710178,595.261555233039,627.1540174515025
100395,RSN17110,120,17110, TA2,3.52,34.2098,-116.4371,4.645,115.85,586,34.382,-117.6782,30.58,30.73,0.000310021,0.001314637,3.6e-05,2.57e-05,0.235822927,0.166731771,88.16866674,5.179664862,5.994593769,0.122173048,693.4537061,12.06307393,36.51769444,104.0180559,CI,TA2,3.9829,451,0.26185245,0.329491476,0.42211607,-0.067639026,CI.TA2,451,0.26185245,18.78919983,2190.179932,14.25450039,0.26185245007433355,451,577.3054605709181,468.0598528061802,583.0964186548842,575.6996225118138
100395,RSN15136,120,15136, TA2,3.78,34.1353,-117.4476,5.857,34.64,586,34.382,-117.6782,23.44,23.49,0.000193118,0.00183496,5.54e-05,2.31e-05,0.105243597,0.163214139,81.6272161,5.179664862,6.061617088,0.052359878,321.0787574,8.36008658,33.12202166,48.16181361,CI,TA2,3.9829,281,0.73496512,0.329491476,0.42211607,0.405473644,CI.TA2,281,0.73496512,18.78919983,2190.179932,14.25450039,0.7349651202432668,281,337.8362767292952,295.5938486843396,347.21292907896446,433.24020559598944
100410,RSN11478,123,11478, TUQ,4.73,33.7328,-117.4921,10.018,237.47,819,35.4358,-115.9239,18.78,18.92,-7.39e-05,-0.00012909,4.38e-05,9.55e-06,0.572330888,0.161102473,87.81168611,5.179664862,6.202702587,0.261799388,1595.852109,7.738219895,2.947260274,239.3778164,CI,TUQ,-999.0,720,0.128832872,0.249087684,0.341712278,-0.120254813,CI.TUQ,720,0.128832872,6.076459885,1279.859985,4.729360104,0.12883287184296854,720,737.9957623217838,952.1424351745843,850.6353714544051,1023.744216336614
100410,RSN18192,123,18192, TUQ,4.08,36.3983,-117.8495,7.662,203.99,819,35.4358,-115.9239,10.22,10.41,6.77e-05,0.000298288,1.2e-05,5.14e-06,0.226936601,0.163380697,88.11105851,5.179664862,6.117348091,0.104719755,681.0365363,13.17120623,24.85733333,102.1554804,CI,TUQ,-999.0,446,0.607765132,0.249087684,0.341712278,0.358677447,CI.TUQ,446,0.607765132,6.076459885,1279.859985,4.729360104,0.6077651318330055,446,529.7455567105434,612.8806336631545,509.0624660194545,626.86854791194
100410,RSN9296,123,9296, TUQ,5.03,35.3852,-118.6292,7.3,245.79,819,35.4358,-115.9239,20.2,20.39,0.001574679,0.003695283,0.000266236,0.000107643,0.426132176,0.163647371,88.52097037,5.179664862,6.108664217,0.20943951,1224.221413,14.62871715,13.87972701,183.633212,CI,TUQ,-999.0,672,0.197825743,0.249087684,0.341712278,-0.051261941,CI.TUQ,672,0.197825743,6.076459885,1279.859985,4.729360104,0.1978257433299202,672,759.0729194492847,885.3821612547847,772.0622011671696,861.7933844781726
100410,RSN18293,123,18293, TUQ,4.2,36.3905,-117.8695,8.829,205.09,819,35.4358,-115.9239,11.0,11.1,5.49e-05,0.000308042,5.49e-05,1.75e-05,0.178252372,0.162181649,87.79139675,5.179664862,6.161345296,0.087266463,543.0854941,3.137142857,5.610965392,81.46282412,CI,TUQ,-999.0,393,0.734274472,0.249087684,0.341712278,0.485186788,CI.TUQ,393,0.734274472,6.076459885,1279.859985,4.729360104,0.7342744719838086,393,470.13764699741154,531.0302042834238,449.8279473404794,543.7168846354092
100410,RSN18236,123,18236, TUQ,4.36,36.3932,-117.8644,8.798,204.85,819,35.4358,-115.9239,10.17,10.33,8.65e-05,0.00050868,2.14e-05,1.11e-05,0.170074298,0.162215206,87.80013341,5.179664862,6.160106881,0.087266463,518.7735475,7.792792793,23.77009346,77.81603213,CI,TUQ,-999.0,382,0.762663475,0.249087684,0.341712278,0.513575791,CI.TUQ,382,0.762663475,6.076459885,1279.859985,4.729360104,0.7626634752464945,382,447.5424319869521,508.3181865114988,426.10845113950495,535.7969075385778
100410,RSN12909,123,12909, TUQ,4.11,36.0312,-117.7658,4.03,179.25,819,35.4358,-115.9239,19.99,20.13,9.97e-05,0.000512945,3.95e-05,1.13e-05,0.194423145,0.16829261,89.01926974,5.179664862,5.941161117,0.104719755,570.1221445,8.82300885,12.98594937,85.51832168,CI,TUQ,-999.0,404,0.706669206,0.249087684,0.341712278,0.457581521,CI.TUQ,404,0.706669206,6.076459885,1279.859985,4.729360104,0.7066692058919193,404,496.90255674467653,592.3006466259401,416.4626976448121,606.5638448817148
100410,RSN10548,123,10548, TUQ,4.45,34.1081,-117.3062,14.795,194.18,819,35.4358,-115.9239,13.95,14.05,-0.000709125,-0.001071986,0.000244301,0.000162094,0.661506294,0.157984241,85.91164058,5.179664862,6.313637877,0.296705973,1825.187967,4.374776364,4.387972215,273.7781951,CI,TUQ,-999.0,792,0.033522692,0.249087684,0.341712278,-0.215564992,CI.TUQ,792,0.033522692,6.076459885,1279.859985,4.729360104,0.033522692038643775,792,812.7417174005126,1060.6470672251708,846.9702759584321,1169.5691171790509
100410,RSN14689,123,14689, TUQ,3.9,35.3429,-118.5645,9.906,240.13,819,35.4358,-115.9239,25.3,25.46,7.55e-05,0.000200414,7.86e-06,6.09e-06,0.3769228,0.161196836,87.85698219,5.179664862,6.199256899,0.174532925,1111.018842,12.39737274,25.49796438,166.6528263,CI,TUQ,-999.0,635,0.254459085,0.249087684,0.341712278,0.005371401,CI.TUQ,635,0.254459085,6.076459885,1279.859985,4.729360104,0.25445908496037806,635,848.3711317157558,898.4070594857757,737.8462256076275,855.2373963706417
100410,RSN14360,123,14360, TUQ,4.19,33.4453,-116.439,8.875,225.82,819,35.4358,-115.9239,9.1,9.19,0.000408243,0.000643663,0.000139942,0.000108583,0.634249654,0.162154096,87.9865245,5.179664862,6.16316588,0.27925268,1718.532305,3.759732186,4.599498364,257.7798458,CI,TUQ,-999.0,757,0.07872083,0.249087684,0.341712278,-0.170366854,CI.TUQ,757,0.07872083,6.076459885,1279.859985,4.729360104,0.07872083041562128,757,830.6502120659442,980.7648069705795,889.5281975286018,1005.3803325502496
100410,RSN12722,123,12722, TUQ,4.34,35.8373,-117.678,6.864,165.01,819,35.4358,-115.9239,22.7,22.89,0.000102792,0.000419074,1.59e-05,9.84e-06,0.245284367,0.163913848,87.93964652,5.179664862,6.096821743,0.122173048,732.1183023,10.44634146,26.35685535,109.8177453,CI,TUQ,-999.0,469,0.557481315,0.249087684,0.341712278,0.308393631,CI.TUQ,469,0.557481315,6.076459885,1279.859985,4.729360104,0.5574813154067906,469,503.7347451949632,581.0908942291979,487.6777364184355,683.9952797413351
100410,RSN14425,123,14425, TUQ,4.14,34.8632,-116.3444,6.474,74.19,819,35.4358,-115.9239,17.44,17.59,-0.003197117,-0.004883866,1.67e-05,1.61e-05,0.654628381,0.163874298,85.65229324,5.179664862,6.084678138,0.296705973,1746.455394,198.5786957,292.4470659,261.9683091,CI,TUQ,-999.0,766,0.066901914,0.249087684,0.341712278,-0.18218577,CI.TUQ,766,0.066901914,6.076459885,1279.859985,4.729360104,0.0669019141124787,766,694.8576289468575,1072.7513760961867,710.3148951894708,955.5433204692407
100410,RSN16567,123,16567, TUQ,3.61,34.2449,-117.4464,12.48,191.96,819,35.4358,-115.9239,17.51,17.6,-5.95e-05,-9.73e-05,2.51e-05,2.68e-05,0.611800322,0.159401198,86.54233224,5.179664862,6.262058538,0.27925268,1702.378454,2.220149254,3.876494024,255.3567681,CI,TUQ,-999.0,751,0.086678432,0.249087684,0.341712278,-0.162409252,CI.TUQ,751,0.086678432,6.076459885,1279.859985,4.729360104,0.08667843208893533,751,819.9382370451219,1093.660222663825,839.7428483184511,1005.6881952073128
100410,RSN9114,123,9114, TUQ,5.2,33.5328,-116.5697,15.48,219.28,819,35.4358,-115.9239,13.5,13.68,0.00646537,0.010198872,0.001796641,0.001310107,0.633929905,0.157537231,86.19988068,5.179664862,6.333749326,0.27925268,1768.24435,4.934993859,5.676633228,265.2366525,CI,TUQ,-999.0,773,0.057805035,0.249087684,0.341712278,-0.191282649,CI.TUQ,773,0.057805035,6.076459885,1279.859985,4.729360104,0.0578050352656474,773,748.213663081416,1039.348201971007,892.6119758732895,1144.0259962750404
100410,RSN13570,123,13570, TUQ,4.06,32.7797,-117.3507,7.174,322.7,819,35.4358,-115.9239,2.36,2.53,2.66e-05,3.43e-05,1.47e-05,9.8e-06,0.776709499,0.163758901,88.89812918,5.179664862,6.105409111,0.331612558,1980.502715,2.714285714,2.333333333,297.0754073,CI,TUQ,-999.0,844,-0.030068411,0.249087684,0.341712278,-0.279156095,CI.TUQ,844,-0.030068411,6.076459885,1279.859985,4.729360104,-0.030068410742887686,844,993.2137771697393,1116.9327873826683,882.1359087555765,1054.9986268114033
100410,RSN17301,123,17301, TUQ,3.53,34.2894,-116.8271,6.278,151.64,819,35.4358,-115.9239,36.63,36.77,0.000282849,0.00040096,9e-05,6.36e-05,0.705430371,0.16442825,87.98478391,5.179664862,6.07791863,0.314159265,1841.779298,4.447311321,4.455111111,276.2668947,CI,TUQ,-999.0,798,0.025975486,0.249087684,0.341712278,-0.223112198,CI.TUQ,798,0.025975486,6.076459885,1279.859985,4.729360104,0.02597548640326064,798,819.3149541669364,1158.0540990284915,872.8370009361665,1019.9972545357439
100410,RSN8870,123,8870, TUQ,5.39,33.9465,-117.7667,14.89,236.24,819,35.4358,-115.9239,21.9,22.09,-0.001572971,-0.002100968,0.000433528,0.000254576,0.748689071,0.158038761,86.61738917,5.179664862,6.31653763,0.314159265,1995.285467,6.178787474,4.846210625,299.2928201,CI,TUQ,-999.0,849,-0.035975102,0.249087684,0.341712278,-0.285062787,CI.TUQ,849,-0.035975102,6.076459885,1279.859985,4.729360104,-0.03597510245827795,849,749.5911497617662,1090.4981846551652,916.2239164977096,1177.0262311597644
100410,RSN17441,123,17441, TUQ,3.73,35.2675,-117.3498,7.92,130.95,819,35.4358,-115.9239,34.8,34.88,0.000118883,0.00040634,7.89e-05,3.6e-05,0.292570998,0.163084267,86.92940204,5.179664862,6.122995859,0.13962634,869.3902575,3.302305556,5.150063371,130.4085386,CI,TUQ,-999.0,531,0.433322063,0.249087684,0.341712278,0.184234378,CI.TUQ,531,0.433322063,6.076459885,1279.859985,4.729360104,0.43332206261113093,531,595.4927569885255,727.9015476371984,602.5663887546192,706.5149294162783
100410,RSN15533,123,15533, TUQ,3.68,34.7251,-116.0506,2.727,79.69,819,35.4358,-115.9239,27.0,27.09,-0.000208085,-0.00034977,4.98e-05,4.94e-05,0.594918592,0.168364923,88.73161991,5.179664862,5.93802414,0.261799388,1572.621224,4.212246964,7.023493976,235.8931836,CI,TUQ,-999.0,743,0.097388039,0.249087684,0.341712278,-0.151699645,CI.TUQ,743,0.097388039,6.076459885,1279.859985,4.729360104,0.09738803913531058,743,753.6701681213,1081.4294696108175,787.1551410552074,907.1903146774563
100410,RSN13307,123,13307, TUQ,4.19,34.3571,-116.8418,9.486,146.15,819,35.4358,-115.9239,13.99,14.1,0.001994105,0.002767194,0.000396049,0.000290002,0.720623452,0.16138677,86.62742837,5.179664862,6.185563454,0.314159265,1904.12679,6.876176716,6.986999083,285.6190185,CI,TUQ,-999.0,819,0.0,0.249087684,0.341712278,-0.249087684,CI.TUQ,819,0.0,6.076459885,1279.859985,4.729360104,0.0,819,784.0029106609269,1086.6528171560951,888.9604076647253,1101.2223692194948
100410,RSN13907,123,13907, TUQ,4.17,34.3277,-116.829,4.957,148.18,819,35.4358,-115.9239,19.5,19.64,-0.00019132,-0.000309991,2.45e-05,1.21e-05,0.617179356,0.166173138,88.44750746,5.179664862,6.015610792,0.27925268,1643.641063,15.81157025,12.65269388,246.5461595,CI,TUQ,-999.0,731,0.113670624,0.249087684,0.341712278,-0.13541706,CI.TUQ,731,0.113670624,6.076459885,1279.859985,4.729360104,0.11367062410329165,731,773.385479097746,1007.3014364726346,725.3727313580132,861.0959538606174
100410,RSN17535,123,17535, TUQ,3.62,33.9521,-116.3635,9.067,169.45,819,35.4358,-115.9239,21.04,21.19,-3.02e-05,-5.5e-05,2.01e-06,2.94e-06,0.549051893,0.161873555,87.25089103,5.179664862,6.170551665,0.244346095,1532.675047,10.27210884,27.36318408,229.9012571,CI,TUQ,-999.0,780,0.048790164,0.249087684,0.341712278,-0.20029752,CI.TUQ,780,0.048790164,6.076459885,1279.859985,4.729360104,0.04879016416943216,780,868.8445857324472,1114.5911648748977,903.0764457136254,1027.8046523331739
100410,RSN17977,123,17977, TUQ,4.04,36.3911,-117.8665,9.439,204.9,819,35.4358,-115.9239,9.68,9.87,8.26e-05,0.000340213,7.87e-06,5.53e-06,0.242841807,0.161569382,87.61950327,5.179664862,6.183950287,0.122173048,735.7538967,14.93670886,43.22909784,110.3630845,CI,TUQ,-999.0,471,0.55322599,0.249087684,0.341712278,0.304138305,CI.TUQ,471,0.55322599,6.076459885,1279.859985,4.729360104,0.553225989836652,471,579.9212019327068,649.419200735264,549.6844792615258,635.2532295011107
100431,RSN19390,127,19390, PLS,3.43,34.1381,-117.4717,5.767,40.09,699,33.7953,-117.6091,24.58,24.68,-0.00200485,-0.006883002,0.00020407,4.71e-05,0.291275534,0.163793428,82.84974706,5.179664862,6.057771424,0.13962634,862.0877895,42.56581741,33.72863233,129.3131684,CI,PLS,-999.0,527,0.282450194,0.261777577,0.354402171,0.020672616,CI.PLS,527,0.282450194,10.85949993,1109.569946,5.178880215,0.2824501936924477,527,553.3470249939593,495.80388917771586,543.8042796280158,502.9829580576802
100431,RSN17626,127,17626, PLS,3.52,33.5309,-117.6639,9.734,29.76,699,33.7953,-117.6091,28.03,28.09,-0.002075616,-0.007648001,9.2e-05,7.55e-05,0.271393224,0.154127512,72.67580781,5.179664862,6.193801083,0.13962634,857.9761939,27.49160265,83.13044565,128.6964291,CI,PLS,-999.0,525,0.28625248,0.261777577,0.354402171,0.024474902,CI.PLS,525,0.28625248,10.85949993,1109.569946,5.178880215,0.2862524796421866,525,537.4996354986113,464.64505100635756,515.5142949313563,486.3025829586512
100431,RSN13085,127,13085, PLS,4.11,34.373,-117.6258,8.33,64.1,699,33.7953,-117.6091,14.66,14.77,-0.004530963,-0.022495511,0.000231321,6.83e-05,0.201416303,0.161734583,83.25745829,5.179664862,6.140206558,0.104719755,613.7660489,66.33913616,97.24802763,92.06490734,CI,PLS,-999.0,420,0.509396031,0.261777577,0.354402171,0.247618454,CI.PLS,420,0.509396031,10.85949993,1109.569946,5.178880215,0.5093960309563963,420,451.637229463773,433.9512985781829,442.85406421417343,461.33946223696273
100431,RSN14335,127,14335, PLS,4.19,33.4453,-116.439,8.875,115.31,699,33.7953,-117.6091,19.2,19.36,0.000911604,0.001583914,0.000194341,8.96e-05,0.575538825,0.161868522,86.04834552,5.179664862,6.16316588,0.261799388,1595.110883,10.17415179,8.150179324,239.2666325,CI,PLS,-999.0,721,-0.030988395,0.261777577,0.354402171,-0.292765972,CI.PLS,721,-0.030988395,10.85949993,1109.569946,5.178880215,-0.03098839505113915,721,726.8408422734811,641.5482464937947,761.3636477177947,608.324223833748
100453,RSN16379,135,16379, WGR,3.74,34.8456,-119.2446,12.927,37.23,660,34.5109,-119.2741,14.15,14.26,-0.000433137,-0.006933009,6.88e-05,6.49e-05,0.062474535,0.151389863,71.66967951,5.179664862,6.270295551,0.034906585,206.0605171,6.673913713,100.7704797,30.90907757,CI,WGR,-999.0,205,1.169229856,0.347849698,0.440474291,0.821380158,CI.WGR,205,1.169229856,46.75080109,625.0280151,10.37559986,1.1692298558820626,205,275.8073861489394,228.3077621688376,277.9307052897651,281.2770624242345
100453,RSN10832,135,10832, WGR,4.66,34.2983,-118.6255,8.038,64.13,660,34.5109,-119.2741,9.58,9.95,0.004606597,0.007867195,5.35e-05,2.76e-05,0.585545066,0.162183091,83.52372751,5.179664862,6.126524324,0.261799388,1613.063639,166.9056884,147.0503738,241.9595459,CI,WGR,-999.0,721,-0.088399302,0.347849698,0.440474291,-0.436249,CI.WGR,721,-0.088399302,46.75080109,625.0280151,10.37559986,-0.08839930226447823,721,631.0394834542338,616.4106672621623,754.6250610807181,591.0664072733293
100453,RSN9820,135,9820, WGR,4.69,35.0172,-119.0247,9.251,60.63,660,34.5109,-119.2741,9.2,9.34,-0.00161224,-0.006256511,0.000314002,0.000241108,0.257689886,0.160322284,82.03896181,5.179664862,6.177322679,0.122173048,784.1062749,6.686795959,19.92506736,117.6159412,CI,WGR,-999.0,492,0.293761119,0.347849698,0.440474291,-0.054088579,CI.WGR,492,0.293761119,46.75080109,625.0280151,10.37559986,0.2937611185281632,492,467.67823506461207,445.9529529470791,545.9518458278828,558.2340773767621
100453,RSN15077,135,15077, WGR,3.52,34.2871,-119.6948,5.225,45.96,660,34.5109,-119.2741,19.81,19.88,-0.000265153,-0.000649683,4.51e-05,4.46e-05,0.408126478,0.165043126,84.51511927,5.179664862,6.0312809,0.191986218,1166.236079,5.945134529,14.40538803,174.9354119,CI,WGR,-999.0,649,0.016807118,0.347849698,0.440474291,-0.331042579,CI.WGR,649,0.016807118,46.75080109,625.0280151,10.37559986,0.01680711831638071,649,654.3339400335577,587.1692223225132,683.8399084557865,579.6290199005356
100461,RSN9068,137,9068, PDM,5.2,33.5328,-116.5697,15.48,240.27,1312,34.3034,-114.1415,13.2,13.3,0.000527413,0.000512903,8.16e-05,0.00013247,1.028289394,0.157595394,86.53292882,5.179664862,6.333749326,0.401425728,2470.066566,3.981376916,6.28557598,370.5099849,CI,PDM,-999.0,1000,0.271552691,0.269239266,0.361863859,0.002313425,CI.PDM,1000,0.271552691,17.89559937,155.1119995,8.612790108,0.27155269052189723,1000,849.7416054304405,1351.6581038545723,806.3143602445858,1149.955138935245
100461,RSN12775,137,12775, PDM,4.26,33.9538,-116.3912,7.696,211.12,1312,34.3034,-114.1415,22.8,22.9,-0.001079785,-0.001270342,0.000394694,0.000496607,0.849995751,0.16336517,88.1649696,5.179664862,6.118116656,0.34906585,2110.361806,2.174324969,3.218549053,316.5542709,CI,PDM,-999.0,886,0.392591019,0.269239266,0.361863859,0.123351753,CI.PDM,886,0.392591019,17.89559937,155.1119995,8.612790108,0.392591018898953,886,897.1538279908879,1406.6064826254376,846.4612751204569,1265.5337188936378
100461,RSN10493,137,10493, PDM,4.45,34.1081,-117.3062,14.795,292.47,1312,34.3034,-114.1415,14.03,14.12,0.000164163,0.000155223,4.06e-05,3.54e-05,1.057595243,0.15820962,87.28589692,5.179664862,6.313637877,0.401425728,2497.360348,4.637372881,3.823226601,374.6040522,CI,PDM,-999.0,1009,0.262592949,0.269239266,0.361863859,-0.006646317,CI.PDM,1009,0.262592949,17.89559937,155.1119995,8.612790108,0.2625929491504255,1009,1048.4983327766668,1319.9840501301353,802.9920142131027,1278.0148482891136
100461,RSN14413,137,14413, PDM,4.14,34.8632,-116.3444,6.474,211.44,1312,34.3034,-114.1415,29.25,29.33,-0.002085112,-0.001364886,0.000324569,0.00042163,1.527682302,0.164291424,88.50682814,5.179664862,6.084678138,0.488692191,2890.572064,4.945359676,4.205226007,433.5858096,CI,PDM,-999.0,1129,0.150220405,0.269239266,0.361863859,-0.119018861,CI.PDM,1129,0.150220405,17.89559937,155.1119995,8.612790108,0.1502204053543723,1129,813.4873280412277,1096.5220170643227,702.2453003548702,1227.6745905341036
100549,RSN11274,147,11274, SMM,4.39,35.6421,-120.9543,5.902,94.29,225,35.3142,-119.9958,14.0,14.21,0.000735045,0.012688198,0.000170415,5.12e-05,0.057931373,0.164692931,86.98275016,5.179664862,6.063488731,0.034906585,175.6894548,14.35634766,74.45470176,26.35341822,CI,SMM,0.940016,182,0.212093715,-0.180500098,-0.087875505,0.392593813,CI.SMM,182,0.212093715,2.213140011,599.1740112,0.199263006,0.21209371512762498,182,197.35832107220588,196.53558984752985,166.54709821566777,172.51902488180514
100549,RSN9278,147,9278, SMM,5.03,35.3852,-118.6292,7.3,124.47,225,35.3142,-119.9958,13.61,13.96,0.001695014,0.01309028,0.000299458,8.54e-05,0.129486469,0.163487601,87.06790039,5.179664862,6.108664217,0.06981317,393.6910238,19.84793911,43.71324192,59.05365357,CI,SMM,0.940016,323,-0.361551921,-0.180500098,-0.087875505,-0.181051823,CI.SMM,323,-0.361551921,2.213140011,599.1740112,0.199263006,-0.3615519210182363,323,356.17485638100857,306.83838194077157,248.03855378616882,287.88342496790574
100549,RSN13455,147,13455, SMM,3.9,34.4032,-118.651,13.612,159.18,225,35.3142,-119.9958,26.3,26.48,7.17e-05,0.000543624,7.33e-05,7.45e-06,0.131870591,0.158684753,85.43616799,5.179664862,6.281821568,0.06981317,412.9487274,9.624161074,7.416425648,61.94230911,CI,SMM,0.940016,333,-0.392042088,-0.180500098,-0.087875505,-0.21154199,CI.SMM,333,-0.392042088,2.213140011,599.1740112,0.199263006,-0.3920420877760238,333,415.12549067096006,316.59552698129494,391.38396299369225,326.14147931529067
100550,RSN16334,148,16334, LCP,3.74,34.8456,-119.2446,12.927,95.54,259,34.7355,-120.28,22.4,22.56,0.000149974,0.001371996,0.000135852,5.93e-05,0.109310554,0.158213637,82.76878145,5.179664862,6.270295551,0.052359878,343.8785432,2.529072513,10.09919618,51.58178148,CI,LCP,-999.0,294,-0.126751706,-0.453355065,-0.360730472,0.32660336,CI.LCP,294,-0.126751706,13.99709988,229.7550049,7.260879993,-0.12675170563914406,294,367.27672245544477,301.44703384458506,374.453246074561,330.81097021612277
100550,RSN11929,148,11929, LCP,4.27,34.3874,-119.4398,6.219,86.24,259,34.7355,-120.28,26.3,26.42,0.000965969,0.005449462,0.000579496,0.000161621,0.177259427,0.164270957,86.4447287,5.179664862,6.075787581,0.087266463,533.2819536,5.976754258,9.403795712,79.99229304,CI,LCP,-999.0,388,-0.404177278,-0.453355065,-0.360730472,0.049177788,CI.LCP,388,-0.404177278,13.99709988,229.7550049,7.260879993,-0.40417727792373626,388,412.8917061934423,407.7484844148682,415.4299702355037,399.2033710707376
100550,RSN15065,148,15065, LCP,3.52,34.2871,-119.6948,5.225,73.22,259,34.7355,-120.28,23.4,23.46,0.000267033,0.001047162,0.000381252,0.000105999,0.255005889,0.165509476,86.59451355,5.179664862,6.0312809,0.122173048,752.0985992,2.519203011,2.746640018,112.8147899,CI,LCP,-999.0,478,-0.612782671,-0.453355065,-0.360730472,-0.159427605,CI.LCP,478,-0.612782671,13.99709988,229.7550049,7.260879993,-0.6127826707919191,478,545.5049890016563,465.7859557543225,525.8480119287608,425.3372895840872
100550,RSN10081,148,10081, LCP,4.18,34.3617,-118.6637,11.151,154.04,259,34.7355,-120.28,5.81,6.13,0.000177112,0.000660489,3.19e-05,6.15e-05,0.268152776,0.160068177,86.17929531,5.179664862,6.233452986,0.13962634,816.9255485,2.879869919,20.70498433,122.5388323,CI,LCP,-999.0,506,-0.669708608,-0.453355065,-0.360730472,-0.216353542,CI.LCP,506,-0.669708608,13.99709988,229.7550049,7.260879993,-0.6697086075879284,506,561.8620374918738,471.8139471620786,588.3989152688067,473.2874595111916
