SSN,File.name,Code,RSN,SID,Mw,E.Lat,E.Long,E.Dep,EpiD,Vs30_mea,S.Lat,S.Long,p.ver,peak.time,Ur,Uz,max.noise.ver.05,max.noise.rad.05,U.ratio,ray.p,i2.angle,Vp_1,Vp_2,j.angle,Vsz,SNRrad,SNRver,z_0.15,network,station,f0,Vs30_est,Res,y_bar,eta,within_res,station2,Vs30_f0,Res_f0,slope,mean_ele_500m,slope_500m,log_res,P-wave_pred,Set1_pred,Set2_pred,Set3_pred,Set4_pred
3042,RSN9325,10,9325, BLA2,4.88,34.0655,-117.0011,17.501,56.41,524,34.069,-116.39,17.3,17.49,0.007241619,0.010710347,0.000536433,0.000363197,0.676133006,0.15003688,73.29980004,5.179664862,6.383907006,0.296705973,1951.985171,19.93854299,19.96586153,292.7977757,CI,BLA2,-999.0,834,-0.464741718,-0.396256054,-0.30363146,-0.068485665,CI.BLA2,834,-0.464741718,7.391310215,1259.880005,9.323880196,-0.4647417180377049,834,791.8203760376618,848.5013905087444,782.8429928251268,820.9920160918921
3042,RSN15150,10,15150, BLA2,3.9,33.867,-117.1038,11.856,69.67,524,34.069,-116.39,20.27,20.35,0.002107176,0.003141326,0.000194997,5.44e-05,0.670792079,0.158012655,80.92944144,5.179664862,6.24946745,0.296705973,1843.071925,38.73485294,16.10961194,276.4607888,CI,BLA2,-999.0,798,-0.420616913,-0.396256054,-0.30363146,-0.02436086,CI.BLA2,798,-0.420616913,7.391310215,1259.880005,9.323880196,-0.42061691312876714,798,692.8657210809888,855.1057409078164,743.6594109045917,836.0684913173661
3042,RSN16090,10,16090, BLA2,3.58,33.827,-117.0296,15.131,64.93,524,34.069,-116.39,15.91,15.98,-0.000447484,-0.000706926,4.72e-05,3.56e-05,0.632999493,0.154300614,77.3577101,5.179664862,6.323730411,0.27925268,1803.396359,12.56977528,14.97724576,270.5094539,CI,BLA2,-999.0,785,-0.404192033,-0.396256054,-0.30363146,-0.00793598,CI.BLA2,785,-0.404192033,7.391310215,1259.880005,9.323880196,-0.40419203346136623,785,606.0933060418373,754.0385082511593,754.7119350788653,826.7909635356624
3042,RSN8182,10,8182, BLA2,4.92,33.5083,-116.5143,15.2,63.4,524,34.069,-116.39,22.82,22.9,-0.044306273,-0.067171536,0.002922215,0.000345875,0.659598925,0.154094168,77.09990833,5.179664862,6.325747735,0.296705973,1867.403186,128.0990907,22.986514,280.1104779,CI,BLA2,-999.0,806,-0.430592058,-0.396256054,-0.30363146,-0.034336005,CI.BLA2,806,-0.430592058,7.391310215,1259.880005,9.323880196,-0.430592058185586,806,747.1826679291303,794.0442432827645,774.0771747147752,800.3583352385008
3042,RSN9865,10,9865, BLA2,4.59,34.9977,-119.1926,10.662,277.15,524,34.069,-116.39,11.5,11.72,0.000615346,0.000818042,3.69e-05,4.45e-05,0.752218189,0.160645983,87.98776655,5.179664862,6.221029194,0.314159265,1969.072814,13.828,22.16915989,295.3609221,CI,BLA2,-999.0,840,-0.471910208,-0.396256054,-0.30363146,-0.075654154,CI.BLA2,840,-0.471910208,7.391310215,1259.880005,9.323880196,-0.4719102075163173,840,887.9817052064989,873.9242855113195,838.6951610943122,922.892284457433
3042,RSN13180,10,13180, BLA2,4.11,33.7104,-116.0457,12.559,50.96,524,34.069,-116.39,17.06,17.12,-0.000851716,-0.002635884,8.96e-05,0.0001084,0.323123391,0.155388649,76.72670188,5.179664862,6.263559029,0.157079633,1001.680259,7.857158672,29.41834821,150.2520389,CI,BLA2,-999.0,603,-0.140425512,-0.396256054,-0.30363146,0.255830541,CI.BLA2,603,-0.140425512,7.391310215,1259.880005,9.323880196,-0.14042551240614376,603,564.836452293369,579.487426804203,624.2373634403697,729.7088239544504
3042,RSN8988,10,8988, BLA2,5.2,33.5328,-116.5697,15.48,61.76,524,34.069,-116.39,17.55,17.64,-0.08305987,-0.101254021,5.09e-05,8.48e-05,0.820311815,0.153478193,76.4320549,5.179664862,6.333749326,0.34906585,2197.137509,979.4795991,1989.273497,329.5706264,CI,BLA2,-999.0,914,-0.556338887,-0.396256054,-0.30363146,-0.160082834,CI.BLA2,914,-0.556338887,7.391310215,1259.880005,9.323880196,-0.5563388871331076,914,793.7225598630694,826.1684186041145,806.9889867953765,831.8985244384388
3042,RSN14530,10,14530, BLA2,3.78,34.0294,-116.7534,14.93,33.84,524,34.069,-116.39,20.14,20.2,0.00415506,0.010002485,5.16e-05,6.01e-05,0.415402728,0.145824584,67.11436034,5.179664862,6.317747533,0.191986218,1340.151063,69.13577371,193.8466085,201.0226595,CI,BLA2,-999.0,714,-0.309391278,-0.396256054,-0.30363146,0.086864775,CI.BLA2,714,-0.309391278,7.391310215,1259.880005,9.323880196,-0.30939127801854216,714,627.1430474741494,658.2050348075717,714.7982658731885,730.9493784102877
3042,RSN12595,10,12595, BLA2,4.11,33.5089,-116.8485,12.274,75.25,524,34.069,-116.39,12.5,12.52,-0.000829125,-0.002145224,0.000667071,0.000306075,0.386497889,0.157971358,81.3375221,5.179664862,6.258050482,0.191986218,1162.200801,2.708894879,3.215885565,174.3301202,CI,BLA2,-999.0,648,-0.212399012,-0.396256054,-0.30363146,0.183857041,CI.BLA2,648,-0.212399012,7.391310215,1259.880005,9.323880196,-0.21239901203123246,648,616.7971211353661,635.5046089842052,656.7182573564717,727.8820706175718
3042,RSN8769,10,8769, BLA2,5.39,33.9465,-117.7667,14.89,127.9,524,34.069,-116.39,27.21,27.38,0.005385704,0.00636295,0.000462061,0.000277411,0.846416233,0.157361305,83.7092231,5.179664862,6.31653763,0.34906585,2185.184946,19.41416887,13.77080082,327.7777419,CI,BLA2,-999.0,910,-0.551952915,-0.396256054,-0.30363146,-0.155696862,CI.BLA2,910,-0.551952915,7.391310215,1259.880005,9.323880196,-0.5519529151898537,910,767.0500521837857,874.4207702889448,837.0128290006087,869.4623124223953
3055,RSN18327,16,18327, DPP,3.05,33.5043,-116.561,11.461,66.34,611,32.999,-116.942,13.55,13.61,0.00017045,0.000203671,2.93e-05,3.51e-05,0.836886682,0.158201433,80.85730303,5.179664862,6.240750508,0.34906585,2158.383988,4.856125356,6.951228669,323.7575982,CI,DPP,-999.0,902,-0.389517561,-0.419009726,-0.326385133,0.029492165,CI.DPP,902,-0.389517561,2.213140011,484.9679871,5.799489975,-0.3895175608910284,902,686.279127894638,581.033893831263,678.8363796854918,604.754910291175
3055,RSN17371,16,17371, DPP,3.56,33.0804,-116.4826,10.835,43.85,611,32.999,-116.942,19.03,19.08,0.004652712,0.007829562,4.8e-05,0.000104188,0.594249305,0.156397394,76.82070488,5.179664862,6.225560001,0.261799388,1691.521485,44.65688947,163.115875,253.7282228,CI,DPP,-999.0,747,-0.200968226,-0.419009726,-0.326385133,0.2180415,CI.DPP,747,-0.200968226,2.213140011,484.9679871,5.799489975,-0.20096822596122177,747,682.9924714220333,508.0779436972323,696.5157328345022,555.997501961802
3055,RSN13230,16,13230, DPP,4.19,34.3571,-116.8418,9.486,150.92,611,32.999,-116.942,22.37,22.47,-0.000929605,-0.000768645,2.29e-05,1.57e-05,1.209407695,0.161405201,86.74035365,5.179664862,6.185563454,0.436332313,2636.562678,59.21050955,33.56528384,395.4844017,CI,DPP,-999.0,1052,-0.543351434,-0.419009726,-0.326385133,-0.124341708,CI.DPP,1052,-0.543351434,2.213140011,484.9679871,5.799489975,-0.5433514341260599,1052,729.0613808449891,586.5913281659117,805.4730137913236,740.0859895620732
3055,RSN16712,16,16712, DPP,3.73,33.5058,-116.7636,16.276,58.61,611,32.999,-116.942,21.65,21.78,-0.002660067,-0.00209031,1.79e-05,1.58e-05,1.272570716,0.151992878,74.99728398,5.179664862,6.3549922,0.453785606,2876.740171,168.3586709,116.777095,431.5110257,CI,DPP,-999.0,1125,-0.610441355,-0.419009726,-0.326385133,-0.19143163,CI.DPP,1125,-0.610441355,2.213140011,484.9679871,5.799489975,-0.610441355466925,1125,671.5206369635074,697.2958611406585,704.9295061502665,782.5611333972686
3055,RSN10933,16,10933, DPP,4.26,33.8776,-116.2019,10.062,119.3,611,32.999,-116.942,33.4,33.52,-0.003456136,-0.003099219,0.000148267,7e-05,1.115163658,0.160712228,85.6084981,5.179664862,6.204033973,0.41887902,2536.039244,49.37337143,20.90295885,380.4058866,CI,DPP,-999.0,1021,-0.513440859,-0.419009726,-0.326385133,-0.094431133,CI.DPP,1021,-0.513440859,2.213140011,484.9679871,5.799489975,-0.5134408589930697,1021,698.1351301237675,589.9618501960731,805.5366263477407,737.7657765601487
3055,RSN8788,16,8788, DPP,5.39,33.9465,-117.7667,14.89,130.08,611,32.999,-116.942,29.11,29.53,-0.044895346,-0.031483761,0.001451065,0.001400032,1.425984239,0.157404751,83.85438756,5.179664862,6.31653763,0.471238898,2926.411746,32.06737132,21.69700255,438.9617619,CI,DPP,-999.0,1139,-0.622809004,-0.419009726,-0.326385133,-0.203799278,CI.DPP,1139,-0.622809004,2.213140011,484.9679871,5.799489975,-0.6228090042755863,1139,707.0426196127348,663.2687287331033,749.0856517485068,685.9067942296186
3055,RSN16942,16,16942, DPP,3.63,34.1242,-116.405,9.555,134.39,611,32.999,-116.942,13.49,13.57,-0.000387818,-0.000302063,1.3e-05,1.11e-05,1.283899883,0.161272399,86.31961617,5.179664862,6.187901101,0.453785606,2721.933824,34.93855856,23.23561538,408.2900736,CI,DPP,-999.0,1078,-0.567765792,-0.419009726,-0.326385133,-0.148756066,CI.DPP,1078,-0.567765792,2.213140011,484.9679871,5.799489975,-0.5677657922973465,1078,725.1495326462097,621.2813437187183,799.474857931362,756.1828746845051
3055,RSN16256,16,16256, DPP,3.64,33.223,-116.7186,8.687,32.43,611,32.999,-116.942,16.87,16.93,-0.007829933,-0.010309267,0.000212187,1.38e-05,0.759504371,0.157678481,76.07339924,5.179664862,6.155594857,0.331612558,2026.845225,567.3864493,48.58576162,304.0267838,CI,DPP,-999.0,859,-0.340671963,-0.419009726,-0.326385133,0.078337763,CI.DPP,859,-0.340671963,2.213140011,484.9679871,5.799489975,-0.3406719628126593,859,731.3723673885175,586.5197006027864,827.0184644926975,640.8474324900828
3055,RSN15944,16,15944, DPP,3.64,33.8726,-117.7125,2.161,120.51,611,32.999,-116.942,34.05,34.15,-0.00013362,-0.000112093,3.72e-05,3.4e-05,1.19204789,0.168398172,89.44102278,5.179664862,5.93802414,0.436332313,2509.93034,3.93,3.013252688,376.489551,CI,DPP,-999.0,1012,-0.504586891,-0.419009726,-0.326385133,-0.085577165,CI.DPP,1012,-0.504586891,2.213140011,484.9679871,5.799489975,-0.5045868906758155,1012,810.8498700672744,650.9806945097963,976.5892622939044,717.7325432654527
3055,RSN19335,16,19335, DPP,3.09,33.9522,-117.7991,13.107,132.38,611,32.999,-116.942,13.61,13.65,-4.5e-05,-7.81e-05,2.2e-05,1.11e-05,0.575920403,0.158725585,84.71973239,5.179664862,6.273446412,0.261799388,1627.520346,4.054054054,3.55,244.1280519,CI,DPP,-999.0,726,-0.172453056,-0.419009726,-0.326385133,0.24655667,CI.DPP,726,-0.172453056,2.213140011,484.9679871,5.799489975,-0.17245305565320024,726,624.8214957031272,540.1612711321251,589.0532836060098,468.9529887786684
3055,RSN17839,16,17839, DPP,3.14,33.0622,-115.8937,7.729,98.19,611,32.999,-116.942,29.43,29.5,0.000266355,0.000577959,2.39e-05,7.23e-06,0.460853818,0.163029258,85.99048181,5.179664862,6.11885537,0.20943951,1312.637704,36.84024896,24.18238494,196.8956556,CI,DPP,-999.0,705,-0.143100844,-0.419009726,-0.326385133,0.275908882,CI.DPP,705,-0.143100844,2.213140011,484.9679871,5.799489975,-0.14310084364067333,705,712.5304356711866,525.0473291630094,649.9263583485716,491.6970313670299
3063,RSN15410,20,15410, JEM,3.99,34.0514,-117.2429,14.998,123.17,501,33.081,-116.598,21.46,21.55,0.000418924,0.000370539,3.42e-05,2.98e-05,1.130581979,0.15720174,83.45463629,5.179664862,6.319789549,0.41887902,2610.485715,14.05785235,10.83447368,391.5728573,CI,JEM,-999.0,1044,-0.734208667,-0.674489071,-0.581864478,-0.059719596,CI.JEM,1044,-0.734208667,20.58799934,1314.609985,6.39854002,-0.7342086673577191,1044,695.9162168326229,610.8773912216578,732.2314260359499,778.0564676872892
3063,RSN12612,20,12612, JEM,4.11,33.5089,-116.8485,12.274,52.88,501,33.081,-116.598,13.93,14.01,-0.00232323,-0.002130054,5.47e-05,5.08e-05,1.090690348,0.156027348,77.53472891,5.179664862,6.258050482,0.41887902,2583.053669,45.73287402,38.94065814,387.4580504,CI,JEM,-999.0,1035,-0.725550605,-0.674489071,-0.581864478,-0.051061534,CI.JEM,1035,-0.725550605,20.58799934,1314.609985,6.39854002,-0.7255506046146047,1035,714.2050444965224,661.5095032985797,753.5225400755406,780.4878719941992
3063,RSN9491,20,9491, JEM,4.7,33.9275,-118.3536,11.588,188.21,501,33.081,-116.598,14.2,14.42,0.001671329,0.001225986,7.52e-05,9.66e-05,1.363252569,0.159907343,86.75935464,5.179664862,6.243621422,0.471238898,2827.736451,17.30154244,16.30300532,424.1604677,CI,JEM,-999.0,1110,-0.795509193,-0.674489071,-0.581864478,-0.121020122,CI.JEM,1110,-0.795509193,20.58799934,1314.609985,6.39854002,-0.7955091932215153,1110,714.6192879510966,572.5249789611322,714.4139550422937,755.2181905396238
3063,RSN10354,20,10354, JEM,4.63,32.3362,-115.2425,17.16,151.57,501,33.081,-116.598,22.65,22.75,-5.57e-05,-8.78e-05,2.24e-05,1.22e-05,0.634662654,0.155929148,83.8510507,5.179664862,6.37627289,0.27925268,1787.989578,4.56557377,3.919642857,268.1984367,CI,JEM,-999.0,780,-0.442687819,-0.674489071,-0.581864478,0.231801252,CI.JEM,780,-0.442687819,20.58799934,1314.609985,6.39854002,-0.44268781859877304,780,805.4396456261278,703.430841726323,811.5636488191376,595.9787555573315
3082,RSN14517,27,14517, RXH,4.01,33.2617,-116.0659,5.761,42.2,309,33.183,-115.623,20.3,20.43,0.000677085,0.00305885,0.000302922,0.000242409,0.221352841,0.163927241,83.21230329,5.179664862,6.057510055,0.104719755,662.8442834,2.793151244,10.09781396,99.42664251,CI,RXH,4.186403333,437,-0.346591918,-0.407405332,-0.314780739,0.060813414,CI.RXH,437,-0.346591918,0.0,-70.9733963,0.0122753,-0.3465919181978441,437,462.9223514645488,567.2124287640186,393.3363766125087,350.1132640339543
3082,RSN9085,27,9085, RXH,5.2,33.5328,-116.5697,15.48,96.28,309,33.183,-115.623,12.58,12.78,-0.012905,-0.043378445,0.000213116,0.000286978,0.297497988,0.156081717,81.33361914,5.179664862,6.333749326,0.13962634,922.4833249,44.96860387,203.5438212,138.3724987,CI,RXH,4.186403333,559,-0.592808196,-0.407405332,-0.314780739,-0.185402864,CI.RXH,559,-0.592808196,0.0,-70.9733963,0.0122753,-0.5928081962573533,559,587.8525881162421,666.8109708393963,485.6071479159646,417.0720537548353
3082,RSN16777,27,16777, RXH,3.72,33.1099,-116.0467,7.494,40.35,309,33.183,-115.623,13.45,13.54,0.00218657,0.011382116,0.001006174,0.000662202,0.192105745,0.161352573,80.54625451,5.179664862,6.113435346,0.087266463,586.8559378,3.301968282,11.31227402,88.02839067,CI,RXH,4.186403333,410,-0.282815883,-0.407405332,-0.314780739,0.12458945,CI.RXH,410,-0.282815883,0.0,-70.9733963,0.0122753,-0.282815882800608,410,438.8990048659116,531.3306617455011,382.72528158435995,331.7474845717283
3086,RSN14519,29,14519, SDR,4.01,33.2617,-116.0659,5.761,100.51,827,32.736,-116.942,30.25,30.31,0.002203508,0.001604072,0.000326087,0.000240726,1.373696316,0.164893764,87.24671511,5.179664862,6.057510055,0.471238898,2750.991213,9.153593712,4.919153477,412.648682,CI,SDR,7.834123333,1086,-0.272451805,-0.289512585,-0.196887992,0.01706078,CI.SDR,957,-0.145998696,11.11670017,112.0540009,3.746439934,-0.14599869642926322,957,690.7065549096094,530.4442175283592,816.8482945596827,671.4799774085146
3086,RSN15048,29,15048, SDR,3.74,34.1651,-117.4332,7.875,164.95,827,32.736,-116.942,22.15,22.23,-7.38e-05,-5.05e-05,1.61e-05,2.32e-05,1.461144807,0.16319913,87.58481504,5.179664862,6.12204057,0.488692191,2860.379551,3.181034483,3.136645963,429.0569327,CI,SDR,7.834123333,1120,-0.303279269,-0.289512585,-0.196887992,-0.013766684,CI.SDR,987,-0.176865344,11.11670017,112.0540009,3.746439934,-0.17686534440979074,987,683.4836844567767,504.85338525211193,801.5790828347584,667.3734002243872
3086,RSN9408,29,9408, SDR,4.88,34.0655,-117.0011,17.501,147.56,827,32.736,-116.942,14.15,14.22,-0.002753066,-0.001744219,0.000800907,0.001055503,1.578394726,0.155652913,83.55176253,5.179664862,6.383907006,0.506145483,3099.130699,2.608297655,2.177804664,464.8696049,CI,SDR,7.834123333,1191,-0.364743874,-0.289512585,-0.196887992,-0.075231289,CI.SDR,1049,-0.237787913,11.11670017,112.0540009,3.746439934,-0.23778791337260596,1049,623.3661954155467,495.49031050423537,608.9380271691813,630.0200023436593
3086,RSN14349,29,14349, SDR,4.19,33.4453,-116.439,8.875,91.61,827,32.736,-116.942,15.75,15.84,-0.000510262,-0.000337431,2.91e-05,9.38e-06,1.512199314,0.161636688,84.9993554,5.179664862,6.16316588,0.488692191,2926.697184,54.3989339,11.59556701,439.0045776,CI,SDR,7.834123333,1139,-0.320101268,-0.289512585,-0.196887992,-0.030588683,CI.SDR,1003,-0.192946093,11.11670017,112.0540009,3.746439934,-0.19294609293824472,1003,588.2478740163584,523.1019989174572,696.9953070203346,668.0779432069407
3086,RSN12790,29,12790, SDR,4.26,33.9538,-116.3912,7.696,144.47,827,32.736,-116.942,22.14,22.34,-0.001549269,-0.001253444,2.12e-05,1.24e-05,1.236009372,0.163270097,87.31907336,5.179664862,6.118116656,0.453785606,2642.983622,124.9410484,59.12471698,396.4475433,CI,SDR,7.834123333,1054,-0.242543034,-0.289512585,-0.196887992,0.046969551,CI.SDR,928,-0.115227038,11.11670017,112.0540009,3.746439934,-0.11522703776250953,928,670.2373723317098,482.5452511010321,749.6853582110477,653.4922520020835
3086,RSN10987,29,10987, SDR,4.26,33.8776,-116.2019,10.062,144.16,827,32.736,-116.942,20.95,21.09,-0.000686711,-0.000660933,5.09e-05,4.8e-05,1.039003322,0.160858226,86.34851253,5.179664862,6.204033973,0.401425728,2433.367148,14.30647917,12.98493124,365.0050722,CI,SDR,7.834123333,989,-0.178889637,-0.289512585,-0.196887992,0.110622949,CI.SDR,871,-0.051837282,11.11670017,112.0540009,3.746439934,-0.051837281828811754,871,637.71000643791,475.3109416526733,732.326182774091,610.8827054157138
3086,RSN17851,29,17851, SDR,3.14,33.0622,-115.8937,7.729,104.54,827,32.736,-116.942,29.86,29.92,0.000137126,8.62e-05,1.79e-05,1.92e-05,1.590002434,0.163081612,86.26217283,5.179664862,6.11885537,0.506145483,2965.85133,7.141979167,4.815642458,444.8776995,CI,SDR,7.834123333,1151,-0.330581714,-0.289512585,-0.196887992,-0.041069128,CI.SDR,1014,-0.203853489,11.11670017,112.0540009,3.746439934,-0.20385348912743773,1014,619.2216972175825,565.536747161492,618.6023134274068,665.4369407080337
3086,RSN15720,29,15720, SDR,3.81,32.4923,-116.8468,13.18,28.46,827,32.736,-116.942,16.24,16.31,-0.002340089,-0.002457761,4.35e-05,5.08e-05,0.952122406,0.145272651,65.71933535,5.179664862,6.274698597,0.383972435,2558.13563,46.06474409,56.50025287,383.7203445,CI,SDR,7.834123333,1027,-0.216592515,-0.289512585,-0.196887992,0.07292007,CI.SDR,905,-0.090130249,11.11670017,112.0540009,3.746439934,-0.09013024867623454,905,654.1284469071405,542.2900280991561,726.5751680239372,605.4607188437167
3086,RSN8853,29,8853, SDR,5.39,33.9465,-117.7667,14.89,154.66,827,32.736,-116.942,21.4,21.84,-0.0424655,-0.025105366,0.001916679,0.002505545,1.69149095,0.157666187,84.81266178,5.179664862,6.31653763,0.523598776,3146.044107,16.94860799,13.09836754,471.9066161,CI,SDR,7.834123333,1205,-0.376430151,-0.289512585,-0.196887992,-0.086917566,CI.SDR,1061,-0.249162444,11.11670017,112.0540009,3.746439934,-0.24916244359029172,1061,574.0529959002572,520.6387540818358,617.4371611804073,598.2244069096047
3096,RSN18162,33,18162, WWC,5.19,36.4034,-117.8499,9.418,303.08,587,33.941,-116.409,11.32,11.48,-0.000478037,-0.000611096,7.97e-05,0.00015123,0.782261169,0.161664718,88.39803925,5.179664862,6.183223963,0.331612558,2015.481882,3.160993189,7.667452949,302.3222823,CI,WWC,-999.0,855,-0.376076649,-0.382631253,-0.29000666,0.006554604,CI.WWC,855,-0.376076649,7.592470169,589.1959839,16.11199951,-0.3760766491086631,855,848.6720598827562,869.489969394934,834.9855801188031,784.9791212410182
3096,RSN17982,33,17982, WWC,4.04,36.3911,-117.8665,9.439,302.52,587,33.941,-116.409,10.37,10.48,4.61e-05,5.91e-05,6.43e-06,8.25e-06,0.779277513,0.161645415,88.39404501,5.179664862,6.183950287,0.331612558,2010.718572,5.587878788,9.191290824,301.6077858,CI,WWC,-999.0,854,-0.374906374,-0.382631253,-0.29000666,0.007724879,CI.WWC,854,-0.374906374,7.592470169,589.1959839,16.11199951,-0.37490637396047344,854,897.3281951285147,799.9989522149572,886.9491502754531,695.3098101107134
3096,RSN18239,33,18239, WWC,4.36,36.3932,-117.8644,8.798,302.64,587,33.941,-116.409,11.98,12.12,-0.00018984,-0.000232912,1.31e-05,1.15e-05,0.815070445,0.162280396,88.51597153,5.179664862,6.160106881,0.34906585,2069.580166,16.50782609,17.77954198,310.4370249,CI,WWC,-999.0,873,-0.396910736,-0.382631253,-0.29000666,-0.014279483,CI.WWC,873,-0.396910736,7.592470169,589.1959839,16.11199951,-0.39691073601150517,873,906.133297694181,818.8531318462204,818.175655810131,714.7448788171553
100058,RSN16061,39,16061, JBMB,3.71,37.7173,-121.8076,16.702,53.77,584,37.3186,-122.1531,33.13,33.22,-0.00030377,-0.002151997,0.000265024,0.000123773,0.141157424,0.150389379,73.19770337,5.179664862,6.365528716,0.06981317,465.8346009,2.454250927,8.120007999,69.87519014,NC,JBMB,-999.0,359,0.486578594,0.357566142,0.450190736,0.129012452,NC.JBMB,359,0.486578594,7.979599953,783.901001,7.634349823,0.48657859433994854,359,369.8289067380921,366.7909214506531,367.2332970211373,342.81868805550704
100058,RSN8689,39,8689, JBMB,5.45,37.4317,-121.7767,7.486,35.62,584,37.3186,-122.1531,15.03,15.17,0.017050601,0.062126057,0.010275147,0.002590543,0.274451678,0.160681697,79.19975102,5.179664862,6.113244097,0.13962634,831.6175075,6.581863725,6.04624508,124.7426261,NC,JBMB,-999.0,511,0.133531393,0.357566142,0.450190736,-0.22403475,NC.JBMB,511,0.133531393,7.979599953,783.901001,7.634349823,0.13353139262452274,511,525.5703540015196,477.91716691751617,424.97884256408605,500.9346120009621
100058,RSN18851,39,18851, JBMB,4.05,37.4812,-121.7987,11.01,36.2,584,37.3186,-122.1531,40.6,40.66,-0.004816486,-0.021192898,0.001039499,0.000354639,0.227268883,0.154326302,74.03947051,5.179664862,6.229990225,0.104719755,721.9978258,13.58137712,20.38760788,108.2996739,NC,JBMB,-999.0,465,0.227863577,0.357566142,0.450190736,-0.129702565,NC.JBMB,465,0.227863577,7.979599953,783.901001,7.634349823,0.22786357724087125,465,452.8295608717329,395.3811930986684,510.16199501128034,416.5731878872543
100058,RSN12293,39,12293, JBMB,4.23,37.901,-122.1038,14.378,64.79,584,37.3186,-122.1531,15.49,15.59,-0.001580634,-0.008088683,0.000563441,0.000333952,0.195412967,0.155256831,78.0113675,5.179664862,6.300455998,0.104719755,621.0227715,4.733117334,14.35586512,93.15341573,NC,JBMB,-999.0,423,0.322528804,0.357566142,0.450190736,-0.035037339,NC.JBMB,423,0.322528804,7.979599953,783.901001,7.634349823,0.3225288037819496,423,413.02828100116125,385.1133138593363,430.01243740591605,359.14851591104383
100058,RSN12527,39,12527, JBMB,4.1,37.862,-121.9995,13.322,61.82,584,37.3186,-122.1531,19.8,19.9,-0.002173951,-0.018241601,0.00049012,0.000365179,0.119175431,0.156052596,78.39471405,5.179664862,6.277093244,0.052359878,379.6831167,5.953110666,37.21864237,56.95246751,NC,JBMB,-999.0,315,0.617328344,0.357566142,0.450190736,0.259762202,NC.JBMB,315,0.617328344,7.979599953,783.901001,7.634349823,0.6173283440025941,315,320.65157348538963,316.9695062680034,343.34931376863256,314.7659665199478
100061,RSN14064,41,14064, JFP,3.7,37.8077,-122.0707,11.554,50.74,437,37.3605,-122.1899,35.82,35.98,-0.001276256,-0.005401324,0.000247597,0.000127405,0.236285826,0.156591891,77.84488639,5.179664862,6.242859346,0.122173048,739.7309305,10.01731486,21.8149816,110.9596396,NC,JFP,4.586666667,473,-0.079162193,-0.147989208,-0.055364615,0.068827015,NC.JFP,473,-0.079162193,12.65410042,276.7990112,16.2343998,-0.07916219339634267,473,486.3596831557981,385.7900395595782,588.1754536085562,422.9511840485243
100061,RSN11109,41,11109, JFP,4.5,38.3669,-122.5881,6.985,117.07,437,37.3605,-122.1899,20.1,20.23,0.000597232,0.002358286,0.001033856,0.000138202,0.253248111,0.163705445,87.02081613,5.179664862,6.100276528,0.122173048,755.457406,4.321442526,2.281058484,113.3186109,NC,JFP,4.586666667,480,-0.093852909,-0.147989208,-0.055364615,0.054136299,NC.JFP,480,-0.093852909,12.65410042,276.7990112,16.2343998,-0.09385290880634667,480,487.00737003655973,442.83796202588167,623.8811087706521,422.78766668449754
100061,RSN17725,41,17725, JFP,3.41,37.8651,-122.2381,9.076,56.17,437,37.3605,-122.1899,20.61,20.67,-0.000305946,-0.00097177,0.000104935,9.1e-05,0.314834012,0.160331953,81.64659047,5.179664862,6.170889681,0.157079633,948.1163157,3.362043956,9.260685186,142.2174474,NC,JFP,4.586666667,573,-0.270952522,-0.147989208,-0.055364615,-0.122963314,NC.JFP,573,-0.270952522,12.65410042,276.7990112,16.2343998,-0.27095252161914996,573,591.0836594887837,447.18440275769825,672.4047924016228,458.0423756568893
100073,RSN14099,44,14099, KCC,3.8,35.632,-120.7532,6.775,227.51,1252,37.3236,-119.3187,55.1,55.3125,-0.000166934,-0.000131562,6.66e-06,7.63e-06,1.268865536,0.164037147,88.53623391,5.179664862,6.094190843,0.453785606,2662.043948,21.87863696,19.75405405,399.3065922,BK,KCC,-999.0,1059,0.167417206,0.174492845,0.267117439,-0.007075639,BK.KCC,1059,0.167417206,88.5789032,1011.630005,10.74110031,0.1674172060586372,1059,846.0029787372206,1067.728866607579,845.8378650113624,1038.2884053925884
100073,RSN21495,44,21495, KCC,3.5,37.29562,-121.0867,4.464,156.76,1252,37.3236,-119.3187,9.375,9.5375,-0.000325307,-0.000215462,4.68e-06,6.01e-06,1.509809753,0.167161464,88.71974485,5.179664862,5.980746664,0.488692191,2828.25971,54.12762063,46.03888889,424.2389565,BK,KCC,-999.0,1110,0.120382257,0.174492845,0.267117439,-0.054110588,BK.KCC,1110,0.120382257,88.5789032,1011.630005,10.74110031,0.12038225735366392,1110,840.9462229696269,1079.0975241259282,780.1432286230942,1011.2757751229153
100073,RSN19158,44,19158, KCC,3.9,36.6979,-121.3332,5.002,192.27,1252,37.3236,-119.3187,18.2875,18.475,-0.000172048,-0.000139146,3.69e-05,4.75e-05,1.236462347,0.166120751,88.79334837,5.179664862,6.018382641,0.453785606,2598.064892,3.622063158,3.770894309,389.7097338,BK,KCC,-999.0,1040,0.18552156,0.174492845,0.267117439,0.011028714,BK.KCC,1040,0.18552156,88.5789032,1011.630005,10.74110031,0.18552155952462535,1040,889.508414179578,988.9230859564834,812.443056412002,974.352466674338
100073,RSN18392,44,18392, KCC,5.0,35.9583,-120.4981,10.69,184.6,1252,37.3236,-119.3187,23.8,24.05,0.003564402,0.003129423,0.000547137,0.000809405,1.1389965,0.160501041,86.96897218,5.179664862,6.221773024,0.41887902,2566.220389,4.403731136,5.719633291,384.9330584,BK,KCC,-999.0,1030,0.19518347,0.174492845,0.267117439,0.020690625,BK.KCC,1030,0.19518347,88.5789032,1011.630005,10.74110031,0.19518347043636197,1030,772.6404468337055,1124.655288904718,697.6659494074837,836.8882051721966
100073,RSN11044,44,11044, KCC,4.3,37.0995,-121.4909,3.361,194.41,1252,37.3236,-119.3187,23.1875,23.2875,-0.003125695,-0.002564221,0.000579252,0.000703787,1.218964983,0.168393455,89.29547647,5.179664862,5.93802414,0.436332313,2536.448872,4.441251401,4.426779709,380.4673308,BK,KCC,-999.0,1021,0.203959733,0.174492845,0.267117439,0.029466888,BK.KCC,1021,0.203959733,88.5789032,1011.630005,10.74110031,0.20395973349537844,1021,925.4082381507187,1019.2663240447193,893.2050153263169,921.4029112633809
100090,RSN17799,48,17799, BAK,3.28,35.1325,-118.9412,4.611,27.81,275,35.3444,-119.1045,14.4,14.47,-0.000407126,-0.003232221,0.000463119,0.000192624,0.125958622,0.165299957,82.09307752,5.179664862,5.99209381,0.06981317,378.9335345,2.113578786,6.979245075,56.84003018,CI,BAK,0.13,315,-0.135801541,-0.155996277,-0.063371684,0.020194736,CI.BAK,315,-0.135801541,2.745059967,115.1940002,0.257090002,-0.1358015411590614,315,344.4445783150265,357.5954671999836,276.27377450295666,302.13552148959855
100090,RSN12667,48,12667, BAK,4.34,35.8373,-117.678,6.864,140.37,275,35.3444,-119.1045,21.75,21.82,0.000524257,0.005207464,0.001125601,0.00011117,0.100674156,0.163874122,87.5842925,5.179664862,6.096821743,0.052359878,306.0433567,4.715813619,4.626385371,45.90650351,CI,BAK,0.13,273,0.007299302,-0.155996277,-0.063371684,0.16329558,CI.BAK,273,0.007299302,2.745059967,115.1940002,0.257090002,0.0072993024816119245,273,293.9329799209658,282.1024740536222,260.06227527640806,250.0400778673606
100090,RSN9152,48,9152, BAK,5.03,35.3852,-118.6292,7.3,43.43,275,35.3444,-119.1045,12.5,12.67,0.016249295,0.098164732,0.001278526,0.00051476,0.165530885,0.16189077,81.46923439,5.179664862,6.108664217,0.087266463,506.2997624,31.56673984,76.7796134,75.94496436,CI,BAK,0.13,376,-0.312818046,-0.155996277,-0.063371684,-0.156821768,CI.BAK,376,-0.312818046,2.745059967,115.1940002,0.257090002,-0.31281804572332295,376,384.5552761535048,375.8404268138436,271.1761358920171,348.8377944662531
100090,RSN18197,48,18197, BAK,4.36,36.3932,-117.8644,8.798,161.51,275,35.3444,-119.1045,13.11,13.26,-0.001028456,-0.007424872,0.000213211,0.00020513,0.138514927,0.162142388,87.20975481,5.179664862,6.160106881,0.06981317,424.1327995,5.01367913,34.82405692,63.61991993,CI,BAK,0.13,339,-0.20922901,-0.155996277,-0.063371684,-0.053232732,CI.BAK,339,-0.20922901,2.745059967,115.1940002,0.257090002,-0.20922900971387826,339,363.52725397998995,321.66778968840356,320.6082974050315,294.12671696584056
100090,RSN18241,48,18241, BAK,4.2,36.3905,-117.8695,8.829,160.98,275,35.3444,-119.1045,13.19,13.34,-0.001002647,-0.008179709,0.00015142,7.57e-05,0.122577352,0.162105825,87.18109013,5.179664862,6.161345296,0.052359878,375.7871557,13.24500661,54.02000396,56.36807336,CI,BAK,0.13,313,-0.129432093,-0.155996277,-0.063371684,0.026564185,CI.BAK,313,-0.129432093,2.745059967,115.1940002,0.257090002,-0.12943209287358126,313,352.613515583492,317.6765679155897,309.2077366221835,278.953166736582
100091,RSN14493,49,14493, BEL,4.01,33.2617,-116.0659,5.761,82.19,796,34.0006,-115.9982,27.28,27.42,-0.000904187,-0.000951643,2.67e-05,6.04e-06,0.950132982,0.164792763,86.59420195,5.179664862,6.057510055,0.383972435,2252.442659,149.6998344,35.64205993,337.8663989,CI,BEL,-999.0,932,-0.157733629,0.085610816,0.178235409,-0.243344444,CI.BEL,932,-0.157733629,14.83349991,1330.719971,1.703959942,-0.1577336288412079,932,768.7399649566296,946.3627593852653,931.0345392458986,1054.9011630448604
100091,RSN15148,49,15148, BEL,3.9,33.867,-117.1038,11.856,103.29,796,34.0006,-115.9982,24.6,24.7,0.001087614,0.001843527,0.000151355,2.3e-05,0.58996366,0.159114974,83.92480187,5.179664862,6.24946745,0.261799388,1653.563216,47.28756522,12.18015262,248.0344824,CI,BEL,-999.0,734,0.081090157,0.085610816,0.178235409,-0.004520658,CI.BEL,734,0.081090157,14.83349991,1330.719971,1.703959942,0.0810901572298679,734,690.4287224540283,852.8689956855934,693.9558820164144,711.8811087264746
100091,RSN16088,49,16088, BEL,3.58,33.827,-117.0296,15.131,97.31,796,34.0006,-115.9982,16.2,16.28,0.000264893,0.000639394,5.18e-05,7.89e-06,0.414287275,0.156448687,81.62631328,5.179664862,6.323730411,0.191986218,1246.264454,33.57325729,12.34351351,186.9396681,CI,BEL,-999.0,680,0.157506388,0.085610816,0.178235409,0.071895572,CI.BEL,680,0.157506388,14.83349991,1330.719971,1.703959942,0.15750638767423109,680,648.4060646803343,791.7332027407828,612.4463126234722,556.1579849244941
100091,RSN13817,49,13817, BEL,4.17,34.3277,-116.829,4.957,84.76,796,34.0006,-115.9982,21.5,21.59,0.000890871,0.00244091,0.000201964,4.46e-05,0.364974843,0.166045565,87.27050765,5.179664862,6.015610792,0.174532925,1048.343304,19.9746861,12.08586679,157.2514956,CI,BEL,-999.0,618,0.253110728,0.085610816,0.178235409,0.167499913,CI.BEL,618,0.253110728,14.83349991,1330.719971,1.703959942,0.2531107283866927,618,636.4461193225159,708.3443396137452,561.694135266768,475.22875145442697
100091,RSN16746,49,16746, BEL,3.72,33.1099,-116.0467,7.494,98.89,796,34.0006,-115.9982,31.63,31.69,-0.000181162,-0.000252159,5.92e-05,3.58e-05,0.718444318,0.163208802,86.1698517,5.179664862,6.113435346,0.314159265,1878.979801,5.060391061,4.259442568,281.8469702,CI,BEL,-999.0,810,-0.017435062,0.085610816,0.178235409,-0.103045877,CI.BEL,810,-0.017435062,14.83349991,1330.719971,1.703959942,-0.017435061822101083,810,757.6231642551268,919.0116538649172,759.2991134313829,869.1103335729548
100091,RSN15385,49,15385, BEL,3.99,34.0514,-117.2429,14.998,115.1,796,34.0006,-115.9982,21.95,22.07,0.000261707,0.000583171,3.41e-05,7.04e-06,0.448765472,0.157053578,82.9997227,5.179664862,6.319789549,0.20943951,1332.653141,37.17428977,17.10178886,199.8979712,CI,BEL,-999.0,712,0.111521274,0.085610816,0.178235409,0.025910459,CI.BEL,712,0.111521274,14.83349991,1330.719971,1.703959942,0.11152127443240722,712,699.9177177432821,809.9472019126256,695.2243247706195,587.1836211035487
100091,RSN16578,49,16578, BEL,3.69,33.735,-117.4936,9.693,141.47,796,34.0006,-115.9982,17.48,17.57,0.00014818,0.000331633,2.97e-05,4.46e-06,0.446818487,0.161176036,86.44690301,5.179664862,6.192470162,0.20943951,1293.836479,33.22421525,11.16609428,194.0754719,CI,BEL,-999.0,698,0.131380083,0.085610816,0.178235409,0.045769268,CI.BEL,698,0.131380083,14.83349991,1330.719971,1.703959942,0.13138008308201066,698,766.7869929931076,808.297245535142,684.5602720606404,549.4271693235395
100091,RSN15555,49,15555, BEL,4.06,32.6823,-116.088,9.762,146.45,796,34.0006,-115.9982,26.2,26.31,-0.000217628,-0.000384977,1.07e-05,1.26e-05,0.565303008,0.161134313,86.54195926,5.179664862,6.194703173,0.261799388,1580.460094,17.27206349,35.97915888,237.0690141,CI,BEL,-999.0,735,0.079728687,0.085610816,0.178235409,-0.005882129,CI.BEL,735,0.079728687,14.83349991,1330.719971,1.703959942,0.07972868663154653,735,772.1993953118216,885.2842864319213,700.3154548385679,693.2034532665228
100091,RSN8317,49,8317, BEL,4.27,33.9173,-117.7758,7.0,164.21,796,34.0006,-115.9982,15.3,15.4,0.001449592,0.002250213,0.000883323,0.000500218,0.644202327,0.163803431,87.8789036,5.179664862,6.100695365,0.27925268,1720.634545,2.897920507,2.547440744,258.0951818,CI,BEL,-999.0,757,0.050235932,0.085610816,0.178235409,-0.035374883,CI.BEL,757,0.050235932,14.83349991,1330.719971,1.703959942,0.05023593240693458,757,828.6773423396709,846.7641636119591,726.4914885885433,733.5725498104566
100091,RSN16512,49,16512, BEL,3.61,34.2449,-117.4464,12.48,136.32,796,34.0006,-115.9982,13.7,13.84,4.71e-05,8.79e-05,2.22e-05,3.92e-06,0.535658738,0.159117619,85.13943024,5.179664862,6.262058538,0.244346095,1529.303446,12.01530612,3.959459459,229.3955169,CI,BEL,-999.0,779,0.02158814,0.085610816,0.178235409,-0.064022676,CI.BEL,779,0.02158814,14.83349991,1330.719971,1.703959942,0.021588139973634846,779,755.6890288463762,847.2759254363148,721.2435197991402,705.4834630821274
100091,RSN17407,49,17407, BEL,3.66,34.2987,-116.8617,15.28,86.23,796,34.0006,-115.9982,15.81,15.89,0.000164947,0.00066613,3.01e-05,2.04e-05,0.247620289,0.155842275,80.46336424,5.179664862,6.328063842,0.122173048,776.9543269,8.085637255,22.13056478,116.543149,CI,BEL,-999.0,489,0.487236696,0.085610816,0.178235409,0.401625881,CI.BEL,489,0.487236696,14.83349991,1330.719971,1.703959942,0.4872366963695107,489,489.0134437988838,581.5719260089511,455.18483954478313,399.6851046433564
100091,RSN16864,49,16864, BEL,3.6,34.2088,-117.5824,7.536,147.99,796,34.0006,-115.9982,40.78,40.86,0.000121074,0.000221267,4.62e-05,2.39e-05,0.547186333,0.163383855,87.4367442,5.179664862,6.114431914,0.244346095,1514.474562,5.065857741,4.789329004,227.1711843,CI,BEL,-999.0,774,0.028027312,0.085610816,0.178235409,-0.057583503,CI.BEL,774,0.028027312,14.83349991,1330.719971,1.703959942,0.028027312254655712,774,855.9172630878529,926.2552448300514,758.803228039769,673.3239802865493
100091,RSN8767,49,8767, BEL,5.39,33.9465,-117.7667,14.89,163.55,796,34.0006,-115.9982,25.18,25.42,0.018378477,0.021237889,0.002295683,0.002273399,0.865362721,0.157735846,85.09940284,5.179664862,6.31653763,0.34906585,2209.793629,8.084140531,9.251228937,331.4690444,CI,BEL,-999.0,918,-0.142598205,0.085610816,0.178235409,-0.22820902,CI.BEL,918,-0.142598205,14.83349991,1330.719971,1.703959942,-0.14259820477610763,918,790.7504334229745,917.4394336142421,792.9701202154819,938.6299008006029
100091,RSN14700,49,14700, BEL,3.84,34.2268,-117.4407,8.593,135.43,796,34.0006,-115.9982,20.62,20.73,0.000317145,0.000966106,2.4e-05,6.93e-06,0.328270825,0.162296979,86.75684979,5.179664862,6.151676073,0.157079633,972.878693,45.76406926,40.25441667,145.931804,CI,BEL,-999.0,587,0.304574366,0.085610816,0.178235409,0.21896355,CI.BEL,587,0.304574366,14.83349991,1330.719971,1.703959942,0.3045743660162863,587,647.7512232928437,672.7184139011063,582.0555479034032,437.57431462503604
100091,RSN17120,49,17120, BEL,3.53,33.9634,-117.8198,13.862,168.38,796,34.0006,-115.9982,39.59,39.69,2.82e-05,0.000121054,7.17e-06,6.01e-06,0.23270239,0.158620707,85.59589003,5.179664862,6.285731951,0.122173048,719.7611287,4.6921797,16.88340307,107.9641693,CI,BEL,-999.0,464,0.539714634,0.085610816,0.178235409,0.454103818,CI.BEL,464,0.539714634,14.83349991,1330.719971,1.703959942,0.5397146336181278,464,528.7498989179475,571.6142137196762,425.82836886297775,392.2089545509283
100091,RSN13109,49,13109, BEL,4.06,33.2394,-116.2082,10.532,86.65,796,34.0006,-115.9982,13.45,13.52,-0.00192886,-0.002192454,0.000407911,0.000283174,0.879772592,0.159833942,83.6015162,5.179664862,6.217520851,0.366519143,2211.377811,6.811571684,5.374834216,331.7066717,CI,BEL,-999.0,918,-0.142598205,0.085610816,0.178235409,-0.22820902,CI.BEL,918,-0.142598205,14.83349991,1330.719971,1.703959942,-0.14259820477610763,918,739.3356700716906,909.7927307012179,809.9100689993159,1102.6606716547358
100091,RSN15686,49,15686, BEL,3.81,32.4923,-116.8468,13.18,185.03,796,34.0006,-115.9982,22.61,22.72,-6.53e-05,-7.73e-05,6.67e-06,6.25e-06,0.844967925,0.159018377,86.19215934,5.179664862,6.274698597,0.34906585,2160.127194,10.448,11.5892054,324.0190791,CI,BEL,-999.0,902,-0.125015334,0.085610816,0.178235409,-0.21062615,CI.BEL,902,-0.125015334,14.83349991,1330.719971,1.703959942,-0.12501533421824096,902,728.9447237764753,850.7318725087937,889.4108132337918,1092.6135838686641
100091,RSN12593,49,12593, BEL,4.11,33.5089,-116.8485,12.274,95.82,796,34.0006,-115.9982,15.7,15.78,0.002150437,0.002950239,0.000563935,0.000490578,0.728902812,0.158657131,83.16083188,5.179664862,6.258050482,0.314159265,1951.995278,4.383476226,5.231523137,292.7992917,CI,BEL,-999.0,834,-0.046634217,0.085610816,0.178235409,-0.132245032,CI.BEL,834,-0.046634217,14.83349991,1330.719971,1.703959942,-0.046634216514363835,834,714.2629132464194,895.7093814269668,755.3671313789134,946.4473148541043
100091,RSN14379,49,14379, BEL,4.14,34.8632,-116.3444,6.474,100.84,796,34.0006,-115.9982,20.95,21.03,0.000163317,0.0002105,7.18e-05,6.13e-05,0.775850245,0.164096575,86.83517117,5.179664862,6.084678138,0.331612558,1975.000138,2.664225122,2.931754875,296.2500207,CI,BEL,-999.0,842,-0.056180828,0.085610816,0.178235409,-0.141791644,CI.BEL,842,-0.056180828,14.83349991,1330.719971,1.703959942,-0.05618082839794347,842,774.3703060441811,879.3251370374479,823.7377305904031,875.23222465126
100091,RSN9323,49,9323, BEL,4.88,34.0655,-117.0011,17.501,92.9,796,34.0006,-115.9982,12.45,12.64,0.001976966,0.002596934,0.000115451,7.12e-05,0.761269257,0.15413044,79.72224984,5.179664862,6.383907006,0.331612558,2076.682979,27.7663764,22.49381989,311.5024469,CI,BEL,-999.0,875,-0.094624701,0.085610816,0.178235409,-0.180235516,CI.BEL,875,-0.094624701,14.83349991,1330.719971,1.703959942,-0.09462470051323102,875,794.4299678198855,931.7280678458095,694.2724176220859,913.2360996297036
100091,RSN16245,49,16245, BEL,3.64,33.223,-116.7186,8.687,109.12,796,34.0006,-115.9982,33.04,33.23,-0.000377779,-0.00045958,8.69e-06,7e-06,0.822009379,0.162036228,85.89086652,5.179664862,6.155594857,0.34906585,2083.802438,53.96842857,52.88607595,312.5703657,CI,BEL,-999.0,877,-0.096907807,0.085610816,0.178235409,-0.182518622,CI.BEL,877,-0.096907807,14.83349991,1330.719971,1.703959942,-0.09690780652779996,877,764.3885693420067,900.9191784139122,817.6942752275481,1030.6941034047272
100091,RSN10400,49,10400, BEL,4.45,34.1081,-117.3062,14.795,121.35,796,34.0006,-115.9982,11.7,11.83,0.001540626,0.002543127,0.000122497,2.71e-05,0.605799883,0.157350974,83.44215977,5.179664862,6.313637877,0.27925268,1711.9446,56.8496679,20.76072883,256.79169,CI,BEL,-999.0,754,0.054206818,0.085610816,0.178235409,-0.031403998,CI.BEL,754,0.054206818,14.83349991,1330.719971,1.703959942,0.05420681783642678,754,707.2187941162239,865.2288320803599,683.1820589483351,749.3865071320054
100091,RSN15889,49,15889, BEL,3.96,32.6554,-116.1347,12.336,149.73,796,34.0006,-115.9982,23.37,23.51,-0.000146619,-0.00024733,1.05e-05,1.22e-05,0.592806736,0.159296408,85.62000506,5.179664862,6.25927157,0.261799388,1657.693718,12.01795082,23.5552381,248.6540577,CI,BEL,-999.0,736,0.078369067,0.085610816,0.178235409,-0.007241748,CI.BEL,736,0.078369067,14.83349991,1330.719971,1.703959942,0.0783690671155064,736,716.8058597625934,825.6024052106883,745.4711567072085,718.1505404871526
100091,RSN15612,49,15612, BEL,3.87,33.7513,-116.0218,8.756,27.74,796,34.0006,-115.9982,17.42,17.49,0.007904897,0.014574904,0.000694721,0.000514365,0.542363621,0.155603612,73.38975319,5.179664862,6.158414042,0.244346095,1579.212124,15.36826378,20.97950688,236.8818186,CI,BEL,-999.0,736,0.078369067,0.085610816,0.178235409,-0.007241748,CI.BEL,736,0.078369067,14.83349991,1330.719971,1.703959942,0.0783690671155064,736,718.0130396674529,818.9081469783953,665.995939157009,658.3707616694958
100091,RSN16700,49,16700, BEL,3.73,33.5058,-116.7636,16.276,89.67,796,34.0006,-115.9982,18.8,18.87,0.000339583,0.000409755,0.000145861,6.25e-05,0.82874655,0.155038001,80.15210912,5.179664862,6.3549922,0.34906585,2189.039083,5.433328,2.809215623,328.3558625,CI,BEL,-999.0,911,-0.134943711,0.085610816,0.178235409,-0.220554527,CI.BEL,911,-0.134943711,14.83349991,1330.719971,1.703959942,-0.13494371141557515,911,692.5141391864202,881.4939896843464,776.8787783531989,1166.4704023615832
100091,RSN8986,49,8986, BEL,5.2,33.5328,-116.5697,15.48,74.13,796,34.0006,-115.9982,20.59,20.74,0.03164686,0.034853301,0.000366791,9.17e-05,0.908001804,0.154867122,78.78065844,5.179664862,6.333749326,0.366519143,2325.528975,345.1129771,95.0222361,348.8293463,CI,BEL,-999.0,955,-0.182112155,0.085610816,0.178235409,-0.26772297,CI.BEL,955,-0.182112155,14.83349991,1330.719971,1.703959942,-0.18211215463634733,955,792.6810041928743,919.5946416507767,795.4479216639145,977.0312649955366
100091,RSN14983,49,14983, BEL,3.74,34.1651,-117.4332,7.875,133.7,796,34.0006,-115.9982,21.5,21.73,0.000262273,0.000293764,2e-05,7.05e-06,0.892799055,0.163123129,87.01853878,5.179664862,6.12204057,0.366519143,2185.896164,37.20184397,14.6882,327.8844246,CI,BEL,-999.0,910,-0.133845414,0.085610816,0.178235409,-0.219456229,CI.BEL,910,-0.133845414,14.83349991,1330.719971,1.703959942,-0.1338454136665126,910,814.1699978066298,892.9387746879379,883.1133547860601,1074.7236218925298
100091,RSN16812,49,16812, BEL,3.49,34.309,-116.9297,9.684,92.46,796,34.0006,-115.9982,13.12,13.21,0.00018882,0.000733542,1.47e-05,4.08e-06,0.257408391,0.16076376,84.54885278,5.179664862,6.192176404,0.122173048,781.151101,46.27941176,49.90081633,117.1726652,CI,BEL,-999.0,491,0.483155058,0.085610816,0.178235409,0.397544242,CI.BEL,491,0.483155058,14.83349991,1330.719971,1.703959942,0.4831550580498627,491,547.6473097170077,601.4010782013561,462.14852497417587,394.4447048573512
100091,RSN17313,49,17313, BEL,3.56,33.4509,-116.5827,10.563,81.56,796,34.0006,-115.9982,28.47,28.57,0.000315302,0.000395782,4.55e-05,3.8e-05,0.796657261,0.159677172,83.18335114,5.179664862,6.218365755,0.331612558,2064.760615,8.297421053,8.698505495,309.7140923,CI,BEL,-999.0,871,-0.090042791,0.085610816,0.178235409,-0.175653607,CI.BEL,871,-0.090042791,14.83349991,1330.719971,1.703959942,-0.09004279100811985,871,727.3754661099321,917.6649892499562,808.8352046262357,1023.0038975581795
100091,RSN16934,49,16934, BEL,3.63,34.1242,-116.405,9.555,39.98,796,34.0006,-115.9982,11.86,11.92,0.00215355,0.009053399,0.000466745,9.37e-05,0.23787202,0.15765964,77.31244106,5.179664862,6.187901101,0.122173048,739.3930905,22.98345784,19.39688481,110.9089636,CI,BEL,-999.0,473,0.520503797,0.085610816,0.178235409,0.434892982,CI.BEL,473,0.520503797,14.83349991,1330.719971,1.703959942,0.5205037973524504,473,490.3448083785239,566.2264817231259,443.65653580627105,409.92517181024306
100091,RSN17480,49,17480, BEL,3.62,33.9521,-116.3635,9.067,34.18,796,34.0006,-115.9982,16.25,16.32,0.005188963,0.016751483,0.000211041,6.29e-06,0.309761417,0.157424619,76.26318558,5.179664862,6.170551665,0.157079633,951.4133125,824.954372,79.37549102,142.7119969,CI,BEL,-999.0,575,0.325229145,0.085610816,0.178235409,0.239618329,CI.BEL,575,0.325229145,14.83349991,1330.719971,1.703959942,0.3252291450470324,575,580.2343301744645,665.2869881203912,519.6468007342573,485.40102676589373
100091,RSN10910,49,10910, BEL,4.26,33.8776,-116.2019,10.062,23.25,796,34.0006,-115.9982,16.26,16.32,-0.008873149,-0.024717884,0.000913813,6.7e-05,0.358976908,0.149037077,67.61279194,5.179664862,6.204033973,0.174532925,1150.935996,132.4350597,27.04917089,172.6403994,CI,BEL,-999.0,645,0.210348869,0.085610816,0.178235409,0.124738053,CI.BEL,645,0.210348869,14.83349991,1330.719971,1.703959942,0.2103488690486106,645,637.6947952674744,665.5899598043443,610.977671075122,535.2582319890461
100091,RSN17647,49,17647, BEL,3.47,33.8029,-116.1786,7.366,27.55,796,34.0006,-115.9982,19.1,19.17,0.004367615,0.007289641,9.78e-05,5.24e-05,0.599153641,0.158962062,76.2420152,5.179664862,6.110319177,0.261799388,1674.563842,83.3514313,74.53620654,251.1845763,CI,BEL,-999.0,742,0.070249943,0.085610816,0.178235409,-0.015360873,CI.BEL,742,0.070249943,14.83349991,1330.719971,1.703959942,0.07024994267700269,742,699.694987519709,811.5485305642559,657.8602795826589,691.1821028975223
100091,RSN15251,49,15251, BEL,3.86,34.1976,-117.3882,14.177,130.12,796,34.0006,-115.9982,24.05,24.23,0.00042843,0.000888782,4.54e-06,1.23e-05,0.482041712,0.158063409,84.16762059,5.179664862,6.293825021,0.226892803,1409.575426,34.83170732,195.7669604,211.4363139,CI,BEL,-999.0,738,0.075655361,0.085610816,0.178235409,-0.009955454,CI.BEL,738,0.075655361,14.83349991,1330.719971,1.703959942,0.07565536124391059,738,725.0358925421883,818.6485048684489,702.104980293722,642.6915192816267
100091,RSN17362,49,17362, BEL,3.56,33.0804,-116.4826,10.835,111.54,796,34.0006,-115.9982,31.75,31.79,-0.000800639,-0.001206113,0.000390972,0.000176838,0.663817917,0.159989915,84.89082177,5.179664862,6.225560001,0.296705973,1806.803,4.52752802,3.084908894,271.02045,CI,BEL,-999.0,786,0.012642393,0.085610816,0.178235409,-0.072968422,CI.BEL,786,0.012642393,14.83349991,1330.719971,1.703959942,0.012642393415176478,786,715.8664199494643,830.698814911701,747.512639274557,826.1112878418185
100091,RSN17070,49,17070, BEL,3.52,34.2098,-116.4371,4.645,46.68,796,34.0006,-115.9982,18.13,18.2,0.000339044,0.001103762,0.000187027,2.81e-05,0.307171067,0.16627241,85.36915187,5.179664862,5.994593769,0.157079633,893.893077,12.06562278,5.901618483,134.0839616,CI,BEL,-999.0,544,0.380649939,0.085610816,0.178235409,0.295039123,CI.BEL,544,0.380649939,14.83349991,1330.719971,1.703959942,0.3806499389884408,544,564.0657450081571,651.209214201841,479.07987732802064,456.1912932703384
100091,RSN15522,49,15522, BEL,3.68,34.7251,-116.0506,2.727,80.51,796,34.0006,-115.9982,22.15,22.23,-0.000137241,-0.000173142,4.62e-05,1.85e-05,0.792650961,0.168365961,88.74767021,5.179664862,5.93802414,0.331612558,1951.859857,7.418432432,3.747662338,292.7789786,CI,BEL,-999.0,834,-0.046634217,0.085610816,0.178235409,-0.132245032,CI.BEL,834,-0.046634217,14.83349991,1330.719971,1.703959942,-0.046634216514363835,834,727.8877218175325,874.2100591312259,771.0905470311836,837.9928460050925
100091,RSN17833,49,17833, BEL,3.14,33.0622,-115.8937,7.729,104.53,796,34.0006,-115.9982,30.4,30.55,-0.000106884,-0.000133529,8.62e-06,5.03e-06,0.80045582,0.163081612,86.26217283,5.179664862,6.11885537,0.331612558,2027.840156,21.24930417,15.49060325,304.1760234,CI,BEL,-999.0,859,-0.076169736,0.085610816,0.178235409,-0.161780552,CI.BEL,859,-0.076169736,14.83349991,1330.719971,1.703959942,-0.07616973613987188,859,728.8791458148722,841.9729868725683,742.3699099056998,952.6062363875816
100091,RSN14285,49,14285, BEL,4.19,33.4453,-116.439,8.875,73.91,796,34.0006,-115.9982,21.82,21.87,-0.000710782,-0.001216282,7.76e-05,3.48e-05,0.584389148,0.16129238,83.75808565,5.179664862,6.16316588,0.261799388,1619.539037,20.42477011,15.67373711,242.9308556,CI,BEL,-999.0,723,0.096189964,0.085610816,0.178235409,0.010579148,CI.BEL,723,0.096189964,14.83349991,1330.719971,1.703959942,0.09618996368561827,723,734.3551719427867,833.5649604009205,635.934593707389,644.3964400174417
100091,RSN17896,49,17896, BEL,4.04,36.3911,-117.8665,9.439,315.1,796,34.0006,-115.9982,11.73,11.86,9.72e-05,0.000194976,8.39e-06,7.22e-06,0.498431691,0.161650189,88.45558475,5.179664862,6.183950287,0.226892803,1416.365808,13.46260388,23.23909416,212.4548712,CI,BEL,-999.0,741,0.071598561,0.085610816,0.178235409,-0.014012255,CI.BEL,741,0.071598561,14.83349991,1330.719971,1.703959942,0.0715985605482965,741,811.1454102925295,777.4646205581314,799.4780528861855,557.3138753071686
100091,RSN14217,49,14217, BEL,3.94,32.7219,-116.8133,20.237,160.83,796,34.0006,-115.9982,15.23,15.34,-0.000188375,-0.000229188,6.13e-06,3.49e-06,0.821923696,0.15414492,83.10146116,5.179664862,6.440435438,0.34906585,2190.337255,53.9756447,37.38792822,328.5505883,CI,BEL,-999.0,912,-0.136040804,0.085610816,0.178235409,-0.22165162,CI.BEL,912,-0.136040804,14.83349991,1330.719971,1.703959942,-0.1360408042299479,912,794.7485400831252,959.2443663313367,770.6614389746678,1073.2287631600475
100091,RSN18321,49,18321, BEL,3.05,33.5043,-116.561,11.461,75.82,796,34.0006,-115.9982,14.6,14.66,3.44e-05,6.45e-05,1.36e-05,1.6e-05,0.533002884,0.158659651,81.9537063,5.179664862,6.240750508,0.244346095,1527.715046,2.15,4.742647059,229.1572569,CI,BEL,-999.0,779,0.02158814,0.085610816,0.178235409,-0.064022676,CI.BEL,779,0.02158814,14.83349991,1330.719971,1.703959942,0.021588139973634846,779,669.3900679051054,776.3658094019896,625.0296856602814,674.5088232426012
100091,RSN9862,49,9862, BEL,4.59,34.9977,-119.1926,10.662,313.53,796,34.0006,-115.9982,9.3,9.57,8.4e-05,0.000137217,8.81e-06,3.38e-06,0.612149718,0.160668083,88.22623412,5.179664862,6.221029194,0.27925268,1689.671782,24.85207101,15.57514188,253.4507673,CI,BEL,-999.0,747,0.063534001,0.085610816,0.178235409,-0.022076815,CI.BEL,747,0.063534001,14.83349991,1330.719971,1.703959942,0.06353400071156567,747,824.8836376463544,840.3394306556189,762.4925321090003,654.7351675391427
100091,RSN15097,49,15097, BEL,3.78,34.1353,-117.4476,5.857,134.63,796,34.0006,-115.9982,20.59,20.71,0.00014137,0.000311114,7.71e-06,3.93e-06,0.454399594,0.164862584,87.90855646,5.179664862,6.061617088,0.20943951,1282.862053,35.97201018,40.35201038,192.429308,CI,BEL,-999.0,694,0.137127225,0.085610816,0.178235409,0.05151641,CI.BEL,694,0.137127225,14.83349991,1330.719971,1.703959942,0.13712722533757837,694,773.0535927280706,835.4352466656259,653.9098866361253,542.9322710960977
100091,RSN15728,49,15728, BEL,3.81,32.9942,-116.2977,5.726,115.04,796,34.0006,-115.9982,12.88,13.01,-0.000798524,-0.000837847,0.00027603,0.000289031,0.953066783,0.164982015,87.60511381,5.179664862,6.055972626,0.383972435,2253.797652,2.762762472,3.035347607,338.0696478,CI,BEL,-999.0,932,-0.157733629,0.085610816,0.178235409,-0.243344444,CI.BEL,932,-0.157733629,14.83349991,1330.719971,1.703959942,-0.1577336288412079,932,810.2937762048886,933.6112148595203,908.4571972814636,1065.151748057056
100091,RSN14428,49,14428, BEL,4.05,32.7091,-116.0396,7.817,143.29,796,34.0006,-115.9982,36.48,36.58,-0.000401207,-0.000577669,2.62e-05,9.55e-06,0.694527426,0.163189631,87.25150926,5.179664862,6.120791156,0.296705973,1828.815197,42.01120419,22.04843511,274.3222796,CI,BEL,-999.0,794,0.002515725,0.085610816,0.178235409,-0.083095091,CI.BEL,794,0.002515725,14.83349991,1330.719971,1.703959942,0.0025157245972469156,794,820.1564600816066,881.1853024225306,767.8698211235813,823.366014643901
100091,RSN17238,49,17238, BEL,3.53,34.2894,-116.8271,6.278,82.89,796,34.0006,-115.9982,29.39,29.47,0.00043056,0.001486827,7.72e-05,2.42e-05,0.289583218,0.164181828,86.27184919,5.179664862,6.07791863,0.13962634,855.4317189,17.79173554,19.2594171,128.3147578,CI,BEL,-999.0,524,0.418107502,0.085610816,0.178235409,0.332496686,CI.BEL,524,0.418107502,14.83349991,1330.719971,1.703959942,0.4181075015233411,524,552.9922933481911,633.5603794323915,478.93950287613575,422.25806499747597
100091,RSN15346,49,15346, BEL,3.87,33.928,-116.7858,18.501,73.24,796,34.0006,-115.9982,21.44,21.52,0.002318641,0.005232752,0.000181805,4.42e-05,0.443101609,0.151718388,76.33809491,5.179664862,6.40467109,0.20943951,1364.868016,52.45794118,28.78222271,204.7302024,CI,BEL,-999.0,723,0.096189964,0.085610816,0.178235409,0.010579148,CI.BEL,723,0.096189964,14.83349991,1330.719971,1.703959942,0.09618996368561827,723,680.6118854720874,858.8389508740665,672.8163094511415,617.74618744444
100091,RSN13371,49,13371, BEL,3.9,34.4032,-118.651,13.612,248.54,796,34.0006,-115.9982,9.52,9.64,-1.88e-05,-3.17e-05,1.02e-05,8.55e-06,0.593227502,0.15898238,87.07697428,5.179664862,6.281821568,0.261799388,1661.858193,2.198830409,3.107843137,249.278729,CI,BEL,-999.0,737,0.077011294,0.085610816,0.178235409,-0.008599522,CI.BEL,737,0.077011294,14.83349991,1330.719971,1.703959942,0.07701129365504666,737,735.6146419792352,784.7247033137673,735.5219447348876,657.5341810970709
100091,RSN10030,49,10030, BEL,4.18,34.3617,-118.6637,11.151,248.97,796,34.0006,-115.9982,16.7,16.95,-0.000225176,-0.000367357,7.22e-05,5.36e-05,0.612962075,0.160289423,87.64663017,5.179664862,6.233452986,0.27925268,1695.332731,4.201044776,5.088047091,254.2999097,CI,BEL,-999.0,749,0.060860202,0.085610816,0.178235409,-0.024750613,CI.BEL,749,0.060860202,14.83349991,1330.719971,1.703959942,0.060860202327163826,749,814.0340828047283,816.6476205570398,768.5768225667042,685.7431611317143
100091,RSN17742,49,17742, BEL,3.63,32.7081,-116.029,7.885,143.38,796,34.0006,-115.9982,37.0,37.09,-0.00012732,-0.000209137,6.63e-06,1.1e-05,0.608787592,0.16314688,87.22413556,5.179664862,6.12225391,0.27925268,1657.195226,11.57454545,31.54404223,248.5792839,CI,BEL,-999.0,736,0.078369067,0.085610816,0.178235409,-0.007241748,CI.BEL,736,0.078369067,14.83349991,1330.719971,1.703959942,0.0783690671155064,736,788.8397517135442,858.713633589113,720.9287925941043,715.5343856130187
100091,RSN12830,49,12830, BEL,4.02,33.7129,-116.0516,12.808,32.29,796,34.0006,-115.9982,19.68,19.72,-0.007033751,-0.015715847,0.003087571,0.001031057,0.447557852,0.149087258,69.14800146,5.179664862,6.268161535,0.20943951,1400.690964,6.821883756,5.090035824,210.1036446,CI,BEL,-999.0,735,0.079728687,0.085610816,0.178235409,-0.005882129,CI.BEL,735,0.079728687,14.83349991,1330.719971,1.703959942,0.07972868663154653,735,678.4110559356776,743.9202172875002,644.4186265742858,633.1536446031963
100091,RSN13209,49,13209, BEL,4.19,34.3571,-116.8418,9.486,87.25,796,34.0006,-115.9982,18.55,18.65,0.000697535,0.001613375,0.000128032,4.94e-05,0.432345251,0.160885415,84.36461493,5.179664862,6.185563454,0.20943951,1260.647663,14.1201417,12.60134185,189.0971495,CI,BEL,-999.0,685,0.150180348,0.085610816,0.178235409,0.064569532,CI.BEL,685,0.150180348,14.83349991,1330.719971,1.703959942,0.15018034758215748,685,711.4570820690773,781.6954868403512,598.3363234642684,550.4244605512515
100091,RSN14529,49,14529, BEL,3.78,34.0294,-116.7534,14.93,69.83,796,34.0006,-115.9982,19.96,20.02,0.000180707,0.000908461,3.93e-05,1.03e-05,0.198915173,0.155064086,78.42296004,5.179664862,6.317747533,0.104719755,632.5212695,17.54436893,23.11605598,94.87819043,CI,BEL,-999.0,427,0.622815173,0.085610816,0.178235409,0.537204357,CI.BEL,427,0.622815173,14.83349991,1330.719971,1.703959942,0.6228151726157583,427,434.0839269290275,506.36564665100536,399.0075190110023,366.5645876502803
100091,RSN13179,49,13179, BEL,4.11,33.7104,-116.0457,12.559,32.49,796,34.0006,-115.9982,16.1,16.17,-0.02185078,-0.042952438,0.001281012,0.000380705,0.508720365,0.149592809,69.55097494,5.179664862,6.263559029,0.226892803,1555.983371,57.39556875,33.53008247,233.3975057,CI,BEL,-999.0,759,0.047597408,0.085610816,0.178235409,-0.038013407,CI.BEL,759,0.047597408,14.83349991,1330.719971,1.703959942,0.04759740844875271,759,689.6904719406442,777.1335027510104,655.1422803171542,676.6612499351077
100091,RSN12732,49,12732, BEL,4.26,33.9538,-116.3912,7.696,36.69,796,34.0006,-115.9982,23.22,23.27,0.007094904,0.014368909,0.005116951,0.001327009,0.493767803,0.160537465,79.16937116,5.179664862,6.118116656,0.226892803,1415.343695,5.346537966,2.808099784,212.3015543,CI,BEL,-999.0,740,0.072949,0.085610816,0.178235409,-0.012661816,CI.BEL,740,0.072949,14.83349991,1330.719971,1.703959942,0.07294899964616786,740,744.8692589082232,814.1384246804693,652.7462283806858,620.2282575306078
100092,RSN12733,50,12733, BFS,4.26,33.9538,-116.3912,7.696,121.15,500,34.2388,-117.6585,20.1,20.33,0.000641681,0.000913666,3.91e-05,3.06e-05,0.702315044,0.16319085,86.7794252,5.179664862,6.118116656,0.314159265,1850.079353,20.96996732,23.36741688,277.511903,CI,BFS,7.46331,801,-0.471252849,-0.416344151,-0.323719558,-0.054908697,CI.BFS,690,-0.322083499,17.23060036,1379.599976,23.80999947,-0.3220834991691133,690,680.6035045307328,590.5689900406479,496.4145506596256,445.29972287266526
100092,RSN16813,50,16813, BFS,3.49,34.309,-116.9297,9.684,67.56,500,34.2388,-117.6585,13.18,13.24,0.001542725,0.003769449,0.000251235,4.63e-05,0.409270663,0.160114092,82.50432201,5.179664862,6.192176404,0.191986218,1205.041693,33.32019438,15.00367783,180.756254,CI,BFS,7.46331,664,-0.283674051,-0.416344151,-0.323719558,0.1326701,CI.BFS,572,-0.134530893,17.23060036,1379.599976,23.80999947,-0.13453089295760634,572,589.7508383030877,509.06239540227557,548.4109190262694,479.4371360413861
100092,RSN11347,50,11347, BFS,4.73,33.7328,-117.4921,10.018,58.19,500,34.2388,-117.6585,22.85,23.05,-0.008444107,-0.014796207,0.000161057,0.000321603,0.570694039,0.159239437,81.00972095,5.179664862,6.202702587,0.261799388,1610.98045,26.25630669,91.86938165,241.6470675,CI,BFS,7.46331,720,-0.364643114,-0.416344151,-0.323719558,0.051701038,CI.BFS,620,-0.21511138,17.23060036,1379.599976,23.80999947,-0.21511137961694615,620,588.3965893994601,507.13177613817095,483.49540862678816,510.0742350452938
100092,RSN14380,50,14380, BFS,4.14,34.8632,-116.3444,6.474,139.09,500,34.2388,-117.6585,17.55,17.61,-0.000218027,-0.000268729,0.000110132,9.26e-05,0.811327462,0.164216197,87.71189526,5.179664862,6.084678138,0.34906585,2039.236058,2.35450324,2.440062834,305.8854087,CI,BFS,7.46331,863,-0.545806593,-0.416344151,-0.323719558,-0.129462441,CI.BFS,744,-0.397432936,17.23060036,1379.599976,23.80999947,-0.39743293641090016,744,719.5167637659341,634.167698678737,500.91223096793965,446.76238191409703
100097,RSN17778,54,17778, CIA,3.08,33.974,-118.4283,11.329,63.47,505,33.4019,-118.415,19.58,19.63,-0.000111991,-0.000243718,2.48e-05,2.87e-05,0.459512586,0.158136164,80.54157415,5.179664862,6.237694647,0.20943951,1349.973951,3.902125436,9.82733871,202.4960927,CI,CIA,-999.0,718,-0.35191114,-0.322735427,-0.230110834,-0.029175712,CI.CIA,718,-0.35191114,5.790719986,455.6470032,8.358940125,-0.3519111397728638,718,650.2939234798184,556.1866166925241,642.1372622932903,592.6084448952058
100097,RSN9170,54,9170, CIA,5.03,35.3852,-118.6292,7.3,220.88,505,33.4019,-118.415,6.3,6.55,-0.000394075,-0.000666098,6.74e-05,3.99e-05,0.591616776,0.163634216,88.35221969,5.179664862,6.108664217,0.261799388,1611.301568,9.876566416,9.882759644,241.6952352,CI,CIA,-999.0,720,-0.354692783,-0.322735427,-0.230110834,-0.031957355,CI.CIA,720,-0.354692783,5.790719986,455.6470032,8.358940125,-0.35469278273474103,720,768.6190524103738,707.3178533142668,777.6195341428862,791.4219931548257
100097,RSN10692,54,10692, CIA,4.66,34.2983,-118.6255,8.038,101.32,505,33.4019,-118.415,22.15,22.2,-0.000376887,-0.000921577,0.00015689,6.6e-05,0.408959207,0.162821926,85.9741614,5.179664862,6.126524324,0.191986218,1184.224145,5.710409091,5.874032762,177.6336218,CI,CIA,-999.0,656,-0.26160236,-0.322735427,-0.230110834,0.061133068,CI.CIA,656,-0.26160236,5.790719986,455.6470032,8.358940125,-0.26160235966872847,656,643.1401202466011,629.3121010283921,660.9896392470688,699.8259852260747
100106,RSN18206,57,18206, EDW2,4.36,36.3932,-117.8644,8.798,168.18,1242,34.8811,-117.9939,11.53,11.7,-0.000539415,-0.000603606,5.84e-05,4.47e-05,0.893654976,0.162156027,87.31045619,5.179664862,6.160106881,0.366519143,2200.185616,12.06744966,10.33571918,330.0278424,CI,EDW2,-999.0,915,0.305554197,0.233151859,0.325776452,0.072402338,CI.EDW2,915,0.305554197,3.305500031,773.6849976,3.443459988,0.3055541972179032,915,796.5677378973752,785.0186569996822,835.6659966883134,866.0692633268002
100106,RSN9013,57,9013, EDW2,5.2,33.5328,-116.5697,15.48,198.99,1242,34.8811,-117.9939,21.77,21.89,-0.002213986,-0.00236591,0.000636633,0.000664221,0.935786349,0.157459592,85.79617447,5.179664862,6.333749326,0.383972435,2336.956564,3.333206869,3.716285521,350.5434846,CI,EDW2,-999.0,958,0.259630485,0.233151859,0.325776452,0.026478625,CI.EDW2,958,0.259630485,3.305500031,773.6849976,3.443459988,0.2596304845225639,958,800.7136749322359,820.8818140333458,817.8893370472489,933.598139946928
100106,RSN12608,57,12608, EDW2,4.11,33.5089,-116.8485,12.274,185.24,1242,34.8811,-117.9939,13.23,13.27,-1.6e-05,-2.17e-05,3.81e-06,4.39e-06,0.737148552,0.159495063,86.49377129,5.179664862,6.258050482,0.314159265,1956.562871,3.644646925,5.695538058,293.4844307,CI,EDW2,-999.0,836,0.395849649,0.233151859,0.325776452,0.16269779,CI.EDW2,836,0.395849649,3.305500031,773.6849976,3.443459988,0.39584964940872247,836,770.0566667123423,778.0630142375803,833.4524897446611,822.3431284024754
100106,RSN11186,57,11186, EDW2,4.42,34.0665,-118.8938,12.827,122.48,1242,34.8811,-117.9939,22.3,22.46,-0.000789122,-0.000996836,0.000144942,4.97e-05,0.791627046,0.158771035,84.41742598,5.179664862,6.268505043,0.331612558,2068.090654,15.87770624,6.877482027,310.2135981,CI,EDW2,-999.0,872,0.353688839,0.233151859,0.325776452,0.120536979,CI.EDW2,872,0.353688839,3.305500031,773.6849976,3.443459988,0.35368883858444455,872,726.9060569971319,762.7614329386519,759.845672442255,753.252436763206
100106,RSN14588,57,14588, EDW2,4.11,35.6211,-117.5805,9.045,90.31,1242,34.8811,-117.9939,30.64,30.82,-0.001233601,-0.000940845,7.84e-06,5.02e-06,1.311162824,0.161423697,84.83488522,5.179664862,6.169722379,0.453785606,2744.635071,245.737251,120.0057398,411.6952607,CI,EDW2,-999.0,1085,0.135142997,0.233151859,0.325776452,-0.098008863,CI.EDW2,1085,0.135142997,3.305500031,773.6849976,3.443459988,0.13514299651886397,1085,698.7163107309125,978.1453287397969,859.7574842545368,1111.1241173723
100106,RSN12884,57,12884, EDW2,4.11,36.0312,-117.7658,4.03,129.27,1242,34.8811,-117.9939,20.55,20.68,-0.000102949,-7.98e-05,1.03e-05,1.15e-05,1.289308356,0.168269383,88.63328123,5.179664862,5.941161117,0.453785606,2613.61162,8.952086957,7.747572816,392.041743,CI,EDW2,-999.0,1045,0.172706098,0.233151859,0.325776452,-0.060445761,CI.EDW2,1045,0.172706098,3.305500031,773.6849976,3.443459988,0.17270609809451276,1045,814.3557531100379,968.4312770863482,1006.0444031668857,1040.3343529360675
100106,RSN12686,57,12686, EDW2,4.34,35.8373,-117.678,6.864,109.9,1242,34.8811,-117.9939,23.59,23.65,-9.53e-05,-7.11e-05,3.43e-05,4.26e-05,1.339999171,0.163778646,86.8921031,5.179664862,6.096821743,0.471238898,2740.900115,2.237089202,2.072886297,411.1350173,CI,EDW2,-999.0,1083,0.136988015,0.233151859,0.325776452,-0.096163844,CI.EDW2,1083,0.136988015,3.305500031,773.6849976,3.443459988,0.13698801549243367,1083,719.7574445129874,949.172924806559,884.5239942488496,1080.649561764691
100106,RSN18082,57,18082, EDW2,5.19,36.4034,-117.8499,9.418,169.4,1242,34.8811,-117.9939,13.57,13.66,-0.001098699,-0.000999556,0.000237039,0.000263201,1.099187515,0.161525282,87.13147128,5.179664862,6.183223963,0.41887902,2504.991186,4.174372438,4.216841954,375.7486779,CI,EDW2,-999.0,1011,0.205783043,0.233151859,0.325776452,-0.027368816,CI.EDW2,1011,0.205783043,3.305500031,773.6849976,3.443459988,0.20578304347295262,1011,747.0436501699234,788.6443508108581,754.4644777904458,870.979589375522
100106,RSN11376,57,11376, EDW2,4.73,33.7328,-117.4921,10.018,135.49,1242,34.8811,-117.9939,29.4,29.48,-0.000981991,-0.001185412,0.000180478,8.94e-05,0.828396356,0.160856192,86.14988506,5.179664862,6.202702587,0.34906585,2109.303419,10.98423937,6.568180055,316.3955129,CI,EDW2,-999.0,886,0.337761312,0.233151859,0.325776452,0.104609453,CI.EDW2,886,0.337761312,3.305500031,773.6849976,3.443459988,0.33776131188834313,886,754.822375595237,725.6452792461394,732.3818435933695,724.2629575969721
100106,RSN9187,57,9187, EDW2,5.03,35.3852,-118.6292,7.3,80.5,1242,34.8811,-117.9939,11.89,12.16,-0.010298235,-0.008284991,0.000315958,0.000235557,1.242998933,0.163183844,85.44049205,5.179664862,6.108664217,0.453785606,2651.193005,43.71865408,26.22181113,397.6789508,CI,EDW2,-999.0,1056,0.162234798,0.233151859,0.325776452,-0.070917061,CI.EDW2,1056,0.162234798,3.305500031,773.6849976,3.443459988,0.16223479822721742,1056,650.4065678559172,834.9424985535783,786.3177993754616,954.7531373306188
100106,RSN13233,57,13233, EDW2,4.19,34.3571,-116.8418,9.486,120.59,1242,34.8811,-117.9939,20.73,20.8,0.001964312,0.001734238,7.09e-05,3.99e-05,1.132665336,0.161257263,85.92108974,5.179664862,6.185563454,0.41887902,2547.157303,49.23087719,24.4603385,382.0735955,CI,EDW2,-999.0,1024,0.193006457,0.233151859,0.325776452,-0.040145402,CI.EDW2,1024,0.193006457,3.305500031,773.6849976,3.443459988,0.1930064568939711,1024,711.21036682095,897.2017090074656,828.7276663096607,1002.5895794916485
100106,RSN10710,57,10710, EDW2,4.66,34.2983,-118.6255,8.038,86.82,1242,34.8811,-117.9939,9.36,9.69,-0.002688006,-0.002779998,0.00019187,8.74e-05,0.966909557,0.162668024,85.26670665,5.179664862,6.126524324,0.383972435,2304.524223,30.75521739,14.48896649,345.6786335,CI,EDW2,-999.0,948,0.27012376,0.233151859,0.325776452,0.036971901,CI.EDW2,948,0.27012376,3.305500031,773.6849976,3.443459988,0.2701237602384028,948,723.0909489597084,776.4980502504642,791.379191964658,823.9794675882149
100106,RSN13840,57,13840, EDW2,4.17,34.3277,-116.829,4.957,123.23,1242,34.8811,-117.9939,26.83,26.91,0.002772653,0.002358114,9.42e-05,4.81e-05,1.17579225,0.16614534,88.12695348,5.179664862,6.015610792,0.436332313,2527.389487,57.64351351,25.03305732,379.1084231,CI,EDW2,-999.0,1018,0.198883065,0.233151859,0.325776452,-0.034268794,CI.EDW2,1018,0.198883065,3.305500031,773.6849976,3.443459988,0.1988830653829563,1018,811.3917389159894,936.1834765946302,986.5610020721908,995.7359893528326
100106,RSN13323,57,13323, EDW2,4.2,34.3768,-117.6461,8.934,64.39,1242,34.8811,-117.9939,16.07,16.16,-0.008409708,-0.008407232,0.000413067,0.00040435,1.00029454,0.160922498,82.82215731,5.179664862,6.165471616,0.401425728,2383.20137,20.79809076,20.3531921,357.4802055,CI,EDW2,-999.0,973,0.24409418,0.233151859,0.325776452,0.010942321,CI.EDW2,973,0.24409418,3.305500031,773.6849976,3.443459988,0.24409418030741925,973,740.3660848998798,866.6784135313954,883.786878593438,933.5591447237006
100106,RSN9699,57,9699, EDW2,4.69,35.0172,-119.0247,9.251,95.36,1242,34.8811,-117.9939,8.52,8.65,-0.001778682,-0.002001814,0.000192225,0.000214,0.888535241,0.161262379,84.98362842,5.179664862,6.177322679,0.366519143,2204.824474,8.311598131,10.41391078,330.7236711,CI,EDW2,-999.0,916,0.304461898,0.233151859,0.325776452,0.071310039,CI.EDW2,916,0.304461898,3.305500031,773.6849976,3.443459988,0.30446189781929434,916,734.8818884561307,742.3736215421894,747.07395002644,758.4265948241552
100106,RSN12750,57,12750, EDW2,4.26,33.9538,-116.3912,7.696,179.69,1242,34.8811,-117.9939,24.1,24.19,7.16e-05,0.000102355,4.7e-05,2.33e-05,0.699956002,0.163333465,87.84566448,5.179664862,6.118116656,0.296705973,1837.135943,3.072961373,2.177765957,275.5703915,CI,EDW2,-999.0,796,0.444879077,0.233151859,0.325776452,0.211727218,CI.EDW2,796,0.444879077,3.305500031,773.6849976,3.443459988,0.44487907664904114,796,841.1079388383006,747.8437357746432,790.597449263562,720.351467838067
100106,RSN9892,57,9892, EDW2,4.59,34.9977,-119.1926,10.662,110.27,1242,34.8811,-117.9939,3.8,3.97,0.000728129,0.000595659,0.000200769,0.000160866,1.222391472,0.160117281,84.93441577,5.179664862,6.221029194,0.436332313,2671.036263,4.52630761,2.966887318,400.6554395,CI,EDW2,-999.0,1062,0.156569061,0.233151859,0.325776452,-0.076582798,CI.EDW2,1062,0.156569061,3.305500031,773.6849976,3.443459988,0.15656906069153997,1062,662.1490798661288,865.4990219398719,757.6015537282681,974.6981768548964
100106,RSN8791,57,8791, EDW2,5.39,33.9465,-117.7667,14.89,105.76,1242,34.8811,-117.9939,22.52,22.93,-0.056796136,-0.048419396,0.004982872,0.004192867,1.173003806,0.156921212,82.39272672,5.179664862,6.31653763,0.436332313,2672.912503,13.54589497,9.717166325,400.9368755,CI,EDW2,-999.0,1063,0.155627884,0.233151859,0.325776452,-0.077523975,CI.EDW2,1063,0.155627884,3.305500031,773.6849976,3.443459988,0.15562788415147644,1063,771.1174895320574,811.2194803525373,837.4093138883092,847.7944216632608
100106,RSN11915,57,11915, EDW2,4.27,34.3874,-119.4398,6.219,143.44,1242,34.8811,-117.9939,14.5,14.65,0.000380242,0.000544436,8.26e-05,3.4e-05,0.698414942,0.164476664,87.89512579,5.179664862,6.075787581,0.296705973,1821.573602,11.18358824,6.591234867,273.2360403,CI,EDW2,-999.0,791,0.451180295,0.233151859,0.325776452,0.218028436,CI.EDW2,791,0.451180295,3.305500031,773.6849976,3.443459988,0.4511802947257699,791,811.3202033095674,736.4893485803864,785.1032128395001,680.3299179461379
100106,RSN18253,57,18253, EDW2,4.2,36.3905,-117.8695,8.829,167.85,1242,34.8811,-117.9939,11.79,11.89,-0.001336798,-0.000913206,0.000170236,0.000126275,1.46385097,0.162122012,87.29978003,5.179664862,6.161345296,0.488692191,2881.476167,10.58640269,5.364353016,432.2214251,CI,EDW2,-999.0,1126,0.098051454,0.233151859,0.325776452,-0.135100405,CI.EDW2,1126,0.098051454,3.305500031,773.6849976,3.443459988,0.09805145379378821,1126,728.8631673190557,945.6483166536937,820.0180183137298,1087.4785751429729
100106,RSN13126,57,13126, EDW2,4.06,33.2394,-116.2082,10.532,245.64,1242,34.8811,-117.9939,10.97,11.12,-0.000138271,-0.00014132,4.08e-05,3.32e-05,0.978422638,0.160713223,87.76284509,5.179664862,6.217520851,0.383972435,2348.038086,4.164789157,3.46372549,352.2057129,CI,EDW2,-999.0,962,0.255463812,0.233151859,0.325776452,0.022311953,CI.EDW2,962,0.255463812,3.305500031,773.6849976,3.443459988,0.2554638118277177,962,847.6287417334787,859.3257579054239,920.8137143523551,1032.03029104181
100106,RSN9347,57,9347, EDW2,4.88,34.0655,-117.0011,17.501,128.47,1242,34.8811,-117.9939,13.41,13.51,-0.004979342,-0.004531964,0.000121769,5.58e-05,1.098716186,0.155338196,82.59708076,5.179664862,6.383907006,0.41887902,2604.198378,89.23551971,37.21771551,390.6297567,CI,EDW2,-999.0,1042,0.17558104,0.233151859,0.325776452,-0.057570819,CI.EDW2,1042,0.17558104,3.305500031,773.6849976,3.443459988,0.1755810401801119,1042,779.3092711650595,835.7546355195732,791.7693447325292,938.2564615478158
100106,RSN18012,57,18012, EDW2,5.0,36.3864,-117.8583,7.408,167.46,1242,34.8811,-117.9939,15.19,15.3,-0.001593058,-0.001348272,0.000254834,0.000168545,1.181555602,0.163508052,87.78934248,5.179664862,6.11135504,0.436332313,2574.16016,9.451825922,5.290785374,386.124024,CI,EDW2,-999.0,1032,0.185224316,0.233151859,0.325776452,-0.047927543,CI.EDW2,1032,0.185224316,3.305500031,773.6849976,3.443459988,0.18522431645191606,1032,738.5010547909286,801.3986334206281,802.0458582812065,941.8923107383002
100106,RSN12399,57,12399, EDW2,4.27,36.1466,-118.0613,4.057,140.54,1242,34.8811,-117.9939,19.3,19.49,-0.000302488,-0.000204121,2.93e-05,3.31e-05,1.481903242,0.168198059,88.74010815,5.179664862,5.943934512,0.488692191,2790.702256,9.138610272,6.966587031,418.6053384,CI,EDW2,-999.0,1099,0.122322308,0.233151859,0.325776452,-0.110829551,CI.EDW2,1099,0.122322308,3.305500031,773.6849976,3.443459988,0.12232230808980304,1099,786.7471000163383,986.7536500938891,939.7376043333959,1072.0699047667686
100106,RSN10428,57,10428, EDW2,4.45,34.1081,-117.3062,14.795,106.5,1242,34.8811,-117.9939,17.15,17.25,0.008227332,0.00810818,0.001759375,0.001297624,1.014695292,0.157037779,82.51529386,5.179664862,6.313637877,0.401425728,2461.172735,6.34030505,4.608557016,369.1759103,CI,EDW2,-999.0,997,0.219727493,0.233151859,0.325776452,-0.013424367,CI.EDW2,997,0.219727493,3.305500031,773.6849976,3.443459988,0.21972749253158597,997,728.936220191109,839.5150775283853,747.8683923987434,916.2297092684121
100106,RSN17912,57,17912, EDW2,4.04,36.3911,-117.8665,9.439,167.93,1242,34.8811,-117.9939,12.85,12.94,-0.000822472,-0.000605562,6.78e-05,6.97e-05,1.358196899,0.161500374,87.08973984,5.179664862,6.183950287,0.471238898,2795.47643,11.80017217,8.93159292,419.3214645,CI,EDW2,-999.0,1100,0.121412804,0.233151859,0.325776452,-0.111739055,CI.EDW2,1100,0.121412804,3.305500031,773.6849976,3.443459988,0.12141280370696261,1100,731.7222466174356,951.6450279807116,874.218194313644,1100.1036474299685
100109,RSN9020,58,9020, GOR,5.2,33.5328,-116.5697,15.48,74.41,559,33.1537,-117.2292,19.41,19.58,0.02369514,0.016729279,0.000658687,0.000186635,1.416387415,0.154867122,78.78065844,5.179664862,6.333749326,0.471238898,2966.234543,126.9597878,25.39791889,444.9351815,CI,GOR,5.44,1151,-0.722236936,-0.63447892,-0.541854327,-0.087758015,CI.GOR,859,-0.429619449,9.207229614,125.9499969,2.980380058,-0.4296194488291558,859,549.2795921589257,494.95501659027803,584.1044772889979,586.8308451368953
100109,RSN15358,58,15358, GOR,3.87,33.928,-116.7858,18.501,95.24,559,33.1537,-117.2292,22.24,22.33,-0.000399698,-0.000342551,3.3e-05,1.69e-05,1.166826816,0.153498326,79.45337688,5.179664862,6.40467109,0.436332313,2725.593783,23.65076923,10.38033333,408.8390675,CI,GOR,5.44,1079,-0.657640492,-0.63447892,-0.541854327,-0.023161572,CI.GOR,806,-0.365934269,9.207229614,125.9499969,2.980380058,-0.36593426935152884,806,542.5721622874688,490.5406606439723,563.0955790778446,618.9436477805197
100109,RSN13996,58,13996, GOR,4.15,33.638,-116.7082,12.649,72.35,559,33.1537,-117.2292,13.76,13.82,-0.002755463,-0.003088443,0.000237066,6.99e-05,0.892184971,0.157504824,80.6824719,5.179664862,6.265244507,0.366519143,2262.942485,39.42007153,13.02777707,339.4413728,CI,GOR,5.44,935,-0.514397056,-0.63447892,-0.541854327,0.120081864,CI.GOR,698,-0.22206963,9.207229614,125.9499969,2.980380058,-0.22206962960727328,698,540.9204794486099,454.6358256280844,594.8892873658275,582.2605974706191
100109,RSN12846,58,12846, GOR,4.02,33.7129,-116.0516,12.808,125.85,559,33.1537,-117.2292,24.8,24.88,0.001286684,0.001064527,0.000177449,0.000262076,1.208690747,0.15881796,84.56036574,5.179664862,6.268161535,0.436332313,2678.769856,4.90958348,5.999058885,401.8154784,CI,GOR,5.44,1064,-0.643641197,-0.63447892,-0.541854327,-0.009162277,CI.GOR,794,-0.350933988,9.207229614,125.9499969,2.980380058,-0.350933988092037,794,509.1609224381398,452.2545966814005,606.8224875569554,623.0042481898531
100112,RSN15361,60,15361, JVA,3.87,33.928,-116.7858,18.501,51.16,388,34.3662,-116.6127,23.61,23.74,-0.007141126,-0.021101376,2.81e-05,3.01e-05,0.338419935,0.14736939,70.70893293,5.179664862,6.40467109,0.157079633,1101.275437,237.246711,750.9386477,165.1913156,CI,JVA,1.53,633,-0.489465083,-0.254189139,-0.161564546,-0.235275943,CI.JVA,266,0.377509031,2.530819893,902.1489868,2.540930033,0.3775090308415745,266,248.0530042024727,274.3124703022002,250.9567097849569,215.77752852331975
100112,RSN14731,60,14731, JVA,3.84,34.2268,-117.4407,8.593,77.78,388,34.3662,-116.6127,21.04,21.14,0.001574468,0.006907143,0.000167162,0.000320287,0.227947775,0.161752057,84.2946319,5.179664862,6.151676073,0.104719755,690.8097542,4.915803639,41.3200548,103.6214631,CI,JVA,1.53,450,-0.148242243,-0.254189139,-0.161564546,0.105946896,CI.JVA,450,-0.148242243,2.530819893,902.1489868,2.540930033,-0.1482422431410919,450,490.0422307055538,480.3536097797464,439.3240145086117,374.7276739339448
100112,RSN13190,60,13190, JVA,4.11,33.7104,-116.0457,12.559,89.63,388,34.3662,-116.6127,17.51,17.57,-0.000131102,-0.000545663,5.4e-05,1.18e-05,0.240261422,0.158293924,82.51690921,5.179664862,6.263559029,0.122173048,743.430755,11.11033898,10.10487037,111.5146133,CI,JVA,1.53,474,-0.200201982,-0.254189139,-0.161564546,0.053987157,CI.JVA,474,-0.200201982,2.530819893,902.1489868,2.540930033,-0.20020198207180329,474,468.22035401423,459.8881073158078,441.6215380203258,365.2247710610667
100112,RSN13534,60,13534, JVA,4.06,32.7797,-117.3507,7.174,188.83,388,34.3662,-116.6127,9.89,10.04,-0.000270949,-0.000570652,5.28e-05,5.9e-05,0.474806421,0.163699991,88.10900699,5.179664862,6.105409111,0.226892803,1344.237645,4.592355932,10.80780303,201.6356468,CI,JVA,1.53,716,-0.612674827,-0.254189139,-0.161564546,-0.358485688,CI.JVA,301,0.253895075,2.530819893,902.1489868,2.540930033,0.2538950748743982,301,363.70496834782676,324.7749443409491,312.01165961108813,259.7599729781573
100112,RSN17502,60,17502, JVA,3.62,33.9521,-116.3635,9.067,51.36,388,34.3662,-116.6127,18.25,18.31,0.001260556,0.004729685,0.000196948,0.00014649,0.266520157,0.15999111,80.83487884,5.179664862,6.170551665,0.122173048,810.9256432,8.605065192,24.01489226,121.6388465,CI,JVA,1.53,503,-0.25958483,-0.254189139,-0.161564546,-0.005395691,CI.JVA,503,-0.25958483,2.530819893,902.1489868,2.540930033,-0.25958483047646563,503,521.1195796768225,522.0590500885812,483.4443718961897,410.39333154210243
100112,RSN15628,60,15628, JVA,3.87,33.7513,-116.0218,8.756,87.34,388,34.3662,-116.6127,22.03,22.13,0.00198151,0.007009305,0.000112102,3.36e-05,0.282697036,0.161723111,84.84666159,5.179664862,6.158414042,0.13962634,849.3033392,58.9735119,62.52613691,127.3955009,CI,JVA,1.53,520,-0.292823472,-0.254189139,-0.161564546,-0.038634333,CI.JVA,520,-0.292823472,2.530819893,902.1489868,2.540930033,-0.2928234719521994,520,554.3511627867736,532.8353160955845,492.1905599468496,386.28863745044293
100112,RSN16267,60,16267, JVA,3.64,33.223,-116.7186,8.687,127.18,388,34.3662,-116.6127,28.45,28.5,-0.000319421,-0.000808135,0.000388378,0.000146215,0.395256214,0.162147524,86.48097032,5.179664862,6.155594857,0.191986218,1154.592673,2.184598023,2.080794999,173.188901,CI,JVA,1.53,646,-0.509794164,-0.254189139,-0.161564546,-0.255605025,CI.JVA,271,0.358886519,2.530819893,902.1489868,2.540930033,0.3588865187435726,271,296.55706879373736,275.38961864385107,262.3353114063585,205.60718245347223
100112,RSN14450,60,14450, JVA,4.05,32.7091,-116.0396,7.817,191.35,388,34.3662,-116.6127,43.29,43.36,-4.6e-05,-0.000217008,1.32e-05,6.59e-06,0.212085028,0.163272516,87.94516917,5.179664862,6.120791156,0.104719755,638.8488857,6.980273141,16.44,95.82733286,CI,JVA,1.53,429,-0.100451579,-0.254189139,-0.161564546,0.15373756,CI.JVA,429,-0.100451579,2.530819893,902.1489868,2.540930033,-0.10045157930474335,429,488.55047413424376,440.50120563148874,470.8382041733861,362.6930985396191
100112,RSN11395,60,11395, JVA,4.73,33.7328,-117.4921,10.018,107.37,388,34.3662,-116.6127,23.43,23.5,-0.000779457,-0.003261008,0.000787306,0.000117558,0.239023511,0.160639753,85.13724392,5.179664862,6.202702587,0.122173048,729.0019207,6.630403716,4.141982914,109.3502881,CI,JVA,1.53,468,-0.187462956,-0.254189139,-0.161564546,0.066726183,CI.JVA,468,-0.187462956,2.530819893,902.1489868,2.540930033,-0.18746295629437348,468,456.55120660025636,464.11335952197953,422.41532270080626,374.66444285856494
100112,RSN19376,60,19376, JVA,3.43,34.1381,-117.4717,5.767,83.07,388,34.3662,-116.6127,30.7,30.74,0.001833362,0.00958036,0.00405185,0.000564275,0.191366754,0.164792074,86.63192218,5.179664862,6.057771424,0.087266463,572.4742774,3.24905764,2.364440934,85.87114161,CI,JVA,1.53,405,-0.042881727,-0.254189139,-0.161564546,0.211307412,CI.JVA,405,-0.042881727,2.530819893,902.1489868,2.540930033,-0.04288172748326513,405,451.9989559175591,447.73672426700773,385.99698605335055,375.72894307662233
100112,RSN9363,60,9363, JVA,4.88,34.0655,-117.0011,17.501,48.92,388,34.3662,-116.6127,15.39,15.45,0.00183255,0.012505998,0.003610091,0.000639645,0.146533697,0.148135075,71.02852468,5.179664862,6.383907006,0.06981317,490.5660212,2.864948526,3.46417805,73.58490318,CI,JVA,1.53,370,0.047502334,-0.254189139,-0.161564546,0.301691473,CI.JVA,370,0.047502334,2.530819893,902.1489868,2.540930033,0.04750233398500381,370,393.411210799412,373.6088944960452,316.64311979468744,375.3885348816112
100117,RSN18217,63,18217, LRL,4.36,36.3932,-117.8644,8.798,102.71,511,35.4795,-117.6821,11.01,11.21,-0.010267242,-0.007986439,0.000117662,8.35e-05,1.285584456,0.161853154,85.58507065,5.179664862,6.160106881,0.453785606,2713.744373,122.960982,67.87611123,407.061656,CI,LRL,-999.0,1075,-0.74370635,-0.628944422,-0.536319829,-0.114761928,CI.LRL,1075,-0.74370635,22.71949959,1283.589966,5.832890034,-0.7437063503580585,1075,684.6524665820709,1070.1675374156957,809.2509037676583,1141.3851012732828
100117,RSN8810,63,8810, LRL,5.39,33.9465,-117.7667,14.89,170.24,511,35.4795,-117.6821,24.23,24.46,0.010708416,0.015618538,0.001693686,0.000359841,0.68562218,0.157782559,85.30145787,5.179664862,6.31653763,0.296705973,1874.479786,29.75874345,9.221625496,281.1719679,CI,LRL,-999.0,809,-0.459429327,-0.628944422,-0.536319829,0.169515096,CI.LRL,809,-0.459429327,22.71949959,1283.589966,5.832890034,-0.4594293268547869,809,785.1343217832236,901.1294260992369,817.132212963142,783.1179487387783
100117,RSN12894,63,12894, LRL,4.11,36.0312,-117.7658,4.03,61.68,511,35.4795,-117.6821,21.74,21.84,0.001171391,0.001186809,9.96e-05,0.00012503,0.987009004,0.168103051,87.10901904,5.179664862,5.941161117,0.383972435,2255.729908,9.368879469,11.91575301,338.3594862,CI,LRL,-999.0,933,-0.602035611,-0.628944422,-0.536319829,0.026908812,CI.LRL,933,-0.602035611,22.71949959,1283.589966,5.832890034,-0.6020356106436395,933,735.6353353527661,1002.5415053282996,926.0511910145954,950.7885618689595
100117,RSN17927,63,17927, LRL,4.04,36.3911,-117.8665,9.439,102.51,511,35.4795,-117.6821,12.89,13.01,-0.002160229,-0.001847666,2.15e-05,5.23e-05,1.169166601,0.161147398,85.22377655,5.179664862,6.183950287,0.436332313,2598.722894,41.30456979,85.93795349,389.8084341,CI,LRL,-999.0,1040,-0.710606402,-0.628944422,-0.536319829,-0.081661979,CI.LRL,1040,-0.710606402,22.71949959,1283.589966,5.832890034,-0.710606401931714,1040,719.2567669486688,1079.2366391332769,831.1453791736425,1143.5600112652837
100133,RSN17595,66,17595, TEH,3.4,34.0733,-118.867,10.648,141.17,895,35.2913,-118.4208,19.34,19.49,-5.65e-05,-8.29e-05,4.02e-06,4.63e-06,0.681517165,0.160374385,86.05773524,5.179664862,6.220655727,0.296705973,1836.413945,12.20302376,20.62189055,275.4620918,CI,TEH,-999.0,796,0.117224532,0.128041945,0.220666538,-0.010817413,CI.TEH,796,0.117224532,14.38210011,873.9069824,3.575030088,0.11722453243047237,796,727.0587804195505,766.5139203221713,730.2190128147444,725.2615197782957
100133,RSN14610,66,14610, TEH,4.11,35.6211,-117.5805,9.045,84.6,895,35.2913,-118.4208,20.91,20.99,-0.001069154,-0.00191922,0.000123779,3.83e-05,0.557077597,0.161325792,84.46374569,5.179664862,6.169722379,0.261799388,1560.80756,27.91524804,15.50521494,234.121134,CI,TEH,-999.0,754,0.17143135,0.128041945,0.220666538,0.043389405,CI.TEH,754,0.17143135,14.38210011,873.9069824,3.575030088,0.17143135026689915,754,777.162388365837,694.8063217667179,689.366892920128,592.6773654488311
100133,RSN15341,66,15341, TEH,3.74,34.8437,-119.6912,11.07,126.07,895,35.2913,-118.4208,22.08,22.26,-0.000134037,-0.000171784,4.35e-06,6.84e-06,0.780264264,0.15994908,85.35721674,5.179664862,6.231475121,0.331612558,2033.717623,19.59605263,39.49057471,305.0576435,CI,TEH,-999.0,861,0.038729214,0.128041945,0.220666538,-0.089312731,CI.TEH,861,0.038729214,14.38210011,873.9069824,3.575030088,0.03872921384712491,861,725.5085127582051,826.2097999568123,847.3272205030948,798.9914856867283
100133,RSN13349,66,13349, TEH,4.2,34.3768,-117.6461,8.934,123.75,895,35.2913,-118.4208,15.7,15.79,-0.000234742,-0.000382457,2.97e-05,1.17e-05,0.613772731,0.161851698,86.27913538,5.179664862,6.165471616,0.27925268,1680.616732,20.0634188,12.87734007,252.0925098,CI,TEH,-999.0,744,0.184782683,0.128041945,0.220666538,0.056740738,CI.TEH,744,0.184782683,14.38210011,873.9069824,3.575030088,0.18478268344176385,744,758.4429009559909,686.1088806732141,687.5431346395841,596.9850757163238
100164,RSN16320,70,16320, CGO,3.74,34.8456,-119.2446,12.927,229.79,715,36.5504,-117.803,34.25,34.33,-2.47e-05,-5.01e-05,1.75e-05,9.65e-06,0.492115577,0.159264352,87.00550683,5.179664862,6.270295551,0.226892803,1422.773867,2.559585492,2.862857143,213.4160801,CI,CGO,-999.0,743,-0.038413502,-0.067945752,0.024678842,0.02953225,CI.CGO,743,-0.038413502,12.05959988,2669.620117,11.77110004,-0.03841350202375171,743,756.0444205971545,974.0571551670739,869.7191432518732,844.0847095642044
100164,RSN18303,70,18303, CGO,3.05,36.3904,-117.8704,9.371,18.75,715,36.5504,-117.803,10.08,10.21,-0.000838999,-0.001792329,1.31e-05,2.85e-05,0.468105446,0.145130021,63.78382254,5.179664862,6.181585801,0.226892803,1498.556263,29.4385614,136.8190076,224.7834395,CI,CGO,-999.0,769,-0.072808427,-0.067945752,0.024678842,-0.004862675,CI.CGO,769,-0.072808427,12.05959988,2669.620117,11.77110004,-0.0728084268116369,769,651.5011436669432,838.6234034918842,701.1508818658936,793.9550862096773
100164,RSN17889,70,17889, CGO,3.32,36.3834,-117.8599,7.189,19.22,715,36.5504,-117.803,10.64,10.77,-0.003247204,-0.00642501,0.000160422,5.62e-05,0.505400706,0.15487927,71.02532222,5.179664862,6.105803389,0.226892803,1494.96975,57.7794306,40.05067883,224.2454625,CI,CGO,-999.0,768,-0.07150719,-0.067945752,0.024678842,-0.003561439,CI.CGO,768,-0.07150719,12.05959988,2669.620117,11.77110004,-0.07150719045366483,768,718.6347278217894,824.43283223136,728.6611887224524,753.1297297180888
100164,RSN17994,70,17994, CGO,3.07,36.4025,-117.8737,7.008,17.59,715,36.5504,-117.803,14.2,14.27,0.000242412,0.000475819,0.000131505,6.77e-05,0.509463621,0.153448253,69.41884295,5.179664862,6.100917913,0.226892803,1518.670888,3.580679468,3.618257861,227.8006332,CI,CGO,-999.0,776,-0.081869977,-0.067945752,0.024678842,-0.013924226,CI.CGO,776,-0.081869977,12.05959988,2669.620117,11.77110004,-0.08186997748921154,776,703.7638882967981,841.4574932457033,721.4979213059992,774.5573503648325
100164,RSN9450,70,9450, CGO,4.73,36.4011,-117.8397,7.419,16.89,715,36.5504,-117.803,15.28,15.49,-0.079179952,-0.108455727,0.001022842,0.000217128,0.730067048,0.150427657,66.83230366,5.179664862,6.111624155,0.314159265,2061.011761,364.6694669,106.0337051,309.1517642,CI,CGO,-999.0,870,-0.196210669,-0.067945752,0.024678842,-0.128264917,CI.CGO,870,-0.196210669,12.05959988,2669.620117,11.77110004,-0.19621066895462214,870,805.6836413628922,867.8693611834871,702.6574843121037,869.0887222669634
100164,RSN12390,70,12390, CGO,4.27,36.1466,-118.0613,4.057,50.45,715,36.5504,-117.803,23.4,23.54,-0.000467633,-0.001046849,8.61e-06,6.89e-06,0.446704818,0.167912272,86.4300718,5.179664862,5.943934512,0.20943951,1241.665481,67.8712627,121.5852497,186.2498222,CI,CGO,-999.0,678,0.053135255,-0.067945752,0.024678842,0.121081007,CI.CGO,678,0.053135255,12.05959988,2669.620117,11.77110004,0.05313525475361214,678,644.0174047463978,675.4811815797553,714.3670807071043,596.8073565459823
100167,RSN17750,73,17750, ERR,3.63,32.7081,-116.029,7.885,49.26,238,33.1168,-115.8227,22.98,23.04,-0.000293418,-0.003032312,0.000348536,0.000128505,0.096763777,0.16168374,81.83731332,5.179664862,6.12225391,0.052359878,298.2548328,2.283319715,8.700140014,44.73822492,CI,ERR,0.146666667,268,-0.118716307,-0.107137855,-0.014513262,-0.011578451,CI.ERR,268,-0.118716307,7.979599953,-59.80690002,0.576366007,-0.1187163068393815,268,310.4070094101402,353.59783087254084,257.2888290739698,262.0333248266967
100167,RSN14446,73,14446, ERR,4.05,32.7091,-116.0396,7.817,49.56,238,33.1168,-115.8227,23.42,23.5,-0.000869507,-0.008302256,0.000225396,0.000250418,0.104731352,0.161754429,81.9168618,5.179664862,6.120791156,0.052359878,322.4164821,3.472222444,36.83408756,48.36247232,CI,ERR,0.146666667,282,-0.169636397,-0.107137855,-0.014513262,-0.062498542,CI.ERR,282,-0.169636397,7.979599953,-59.80690002,0.576366007,-0.16963639726663882,282,304.5753944386874,365.42714251119725,266.9666728473183,279.6393273581993
100167,RSN16758,73,16758, ERR,3.72,33.1099,-116.0467,7.494,20.92,238,33.1168,-115.8227,12.71,12.82,0.009728025,0.119637427,0.000308404,0.000330158,0.081312555,0.154782935,71.13011189,5.179664862,6.113435346,0.034906585,261.9622979,29.46475627,387.9243687,39.29434469,CI,ERR,0.146666667,246,-0.033060862,-0.107137855,-0.014513262,0.074076993,CI.ERR,246,-0.033060862,7.979599953,-59.80690002,0.576366007,-0.03306086226088745,246,283.13267836783433,313.6570787280209,266.1724474616837,266.55821219566656
100172,RSN18017,75,18017, JRC2,5.0,36.3864,-117.8583,7.408,45.04,623,35.9825,-117.8089,11.9,11.96,-0.005279313,-0.017955662,0.003030054,0.000739247,0.294019426,0.161842606,81.52397407,5.179664862,6.11135504,0.13962634,880.0598364,7.141473689,5.925855447,132.0089755,CI,JRC2,5.246016667,537,0.148548424,-0.125458709,-0.032834115,0.274007133,CI.JRC2,537,0.148548424,13.04990005,1420.880005,9.128740311,0.14854842427858816,537,533.2344260338318,506.2398803412947,487.0948769303224,518.2920830534747
100172,RSN18043,75,18043, JRC2,4.5,36.3915,-117.8683,9.117,45.7,623,35.9825,-117.8089,10.31,10.45,-0.016569592,-0.028627639,0.001876735,0.002011774,0.578797019,0.159322655,79.54774351,5.179664862,6.172420506,0.261799388,1627.602499,8.23630885,15.25395914,244.1403749,CI,JRC2,5.246016667,726,-0.153003496,-0.125458709,-0.032834115,-0.027544787,CI.JRC2,533,0.156025095,13.04990005,1420.880005,9.128740311,0.15602509462160885,533,519.6335981037116,508.35047670419846,496.6955351428573,460.331293795456
100172,RSN12693,75,12693, JRC2,4.34,35.8373,-117.678,6.864,19.98,623,35.9825,-117.8089,19.81,19.96,0.068244611,0.144159652,4.47e-05,2.91e-05,0.473396059,0.155952805,71.95554156,5.179664862,6.096821743,0.226892803,1407.560947,2345.175636,3225.048143,211.1341421,CI,JRC2,5.246016667,737,-0.168041373,-0.125458709,-0.032834115,-0.042582665,CI.JRC2,541,0.14112724,13.04990005,1420.880005,9.128740311,0.14112723994097198,541,544.5583341215813,526.4626196208334,539.369984745803,498.84537424131906
100172,RSN14643,75,14643, JRC2,3.9,35.3429,-118.5645,9.906,98.57,623,35.9825,-117.8089,20.21,20.35,0.00039111,0.000492824,7.14e-06,1.04e-05,0.793608856,0.160634014,84.75412821,5.179664862,6.199256899,0.331612558,2047.403659,37.60673077,69.02296919,307.1105489,CI,JRC2,5.246016667,866,-0.32933839,-0.125458709,-0.032834115,-0.203879681,CI.JRC2,636,-0.020652045,13.04990005,1420.880005,9.128740311,-0.020652044552669224,636,541.3638144903647,688.1657774250596,555.4293814723094,660.7123739440117
100180,RSN18019,78,18019, LJR,5.0,36.3864,-117.8583,7.408,197.62,303,34.8076,-118.8678,11.93,12.35,-0.000818858,-0.001977359,0.000221282,0.000100994,0.414117154,0.163542451,88.12744579,5.179664862,6.11135504,0.191986218,1191.786477,8.107986613,8.935923392,178.7679716,CI,LJR,1.566666667,659,-0.776990729,-0.583633785,-0.491009192,-0.193356944,CI.LJR,280,0.078943202,6.779809952,1416.219971,9.977410316,0.07894320234011953,280,283.17909953131567,276.1771643448865,329.49538107914873,298.11190656887356
100180,RSN9730,78,9730, LJR,4.69,35.0172,-119.0247,9.251,27.32,303,34.8076,-118.8678,14.1,14.34,-0.025268091,-0.093291064,0.000307106,0.000440197,0.270852217,0.154299151,72.39336458,5.179664862,6.177322679,0.13962634,855.4285252,57.4017792,303.7748009,128.3142788,CI,LJR,1.566666667,524,-0.547758879,-0.583633785,-0.491009192,0.035874906,CI.LJR,524,-0.547758879,6.779809952,1416.219971,9.977410316,-0.5477588788116732,524,529.7020760418933,498.0002624947817,533.6426973208017,612.7881469843361
100180,RSN13329,78,13329, LJR,4.2,34.3768,-117.6461,8.934,121.84,303,34.8076,-118.8678,18.37,18.52,-0.000431139,-0.001811652,0.000377306,0.00018132,0.237981113,0.161840244,86.21729955,5.179664862,6.165471616,0.122173048,720.6061768,2.377779616,4.801545695,108.0909265,CI,LJR,1.566666667,464,-0.426151747,-0.583633785,-0.491009192,0.157482038,CI.LJR,464,-0.426151747,6.779809952,1416.219971,9.977410316,-0.4261517467168865,464,492.27742989498273,436.6769030778349,558.2507200134877,462.05317330603754
100193,RSN18312,81,18312, CWC,3.47,36.3879,-117.8711,9.151,19.62,580,36.4399,-118.0802,11.1375,11.225,0.004615961,0.01295591,0.000438149,0.000102935,0.356282296,0.147554339,65.63739747,5.179664862,6.173678858,0.174532925,1154.735904,44.84345461,29.56964412,173.2103856,CI,CWC,4.476666667,646,-0.1077714,-0.327516162,-0.234891569,0.219744762,CI.CWC,441,0.273983228,65.97869873,1687.25,27.37660027,0.27398322809361897,441,434.9140034789882,427.2228982900667,388.6719661306882,391.74802907510184
100193,RSN17907,81,17907, CWC,4.04,36.3911,-117.8665,9.439,19.92,580,36.4399,-118.0802,10.875,11.0375,0.032846565,0.045606087,4.57e-05,0.000137847,0.72022327,0.147787203,66.05122243,5.179664862,6.183950287,0.314159265,2078.558946,238.28277,997.9450109,311.7838419,CI,CWC,4.476666667,876,-0.412337987,-0.327516162,-0.234891569,-0.084821825,CI.CWC,599,-0.032233495,65.97869873,1687.25,27.37660027,-0.032233494574984256,599,489.9785618302263,623.8584368302712,352.83419976769886,420.6859791744556
100193,RSN18305,81,18305, CWC,3.05,36.3904,-117.8704,9.371,19.6,580,36.4399,-118.0802,11.4625,11.5125,0.001187815,0.004449262,0.000203266,5.27e-05,0.266969127,0.146684394,65.0589552,5.179664862,6.181585801,0.122173048,885.8827985,22.53918406,21.88886484,132.8824198,CI,CWC,4.476666667,540,0.071458964,-0.327516162,-0.234891569,0.398975126,CI.CWC,540,0.071458964,65.97869873,1687.25,27.37660027,0.07145896398214457,540,546.8550517455478,577.290762117887,526.361468473939,552.5705173525114
100193,RSN9881,81,9881, CWC,4.59,34.9977,-119.1926,10.662,189.04,580,36.4399,-118.0802,9.8,9.8875,-0.001253383,-0.001042209,0.000294109,0.000205861,1.202622367,0.16053097,87.04224609,5.179664862,6.221029194,0.436332313,2643.931554,6.088491749,3.543614782,396.5897331,CI,CWC,4.476666667,1054,-0.597319626,-0.327516162,-0.234891569,-0.269803463,CI.CWC,720,-0.216223108,65.97869873,1687.25,27.37660027,-0.21622310846963622,720,505.32975731285785,818.3554005268552,305.2859889128994,398.5236616125514
100193,RSN14630,81,14630, CWC,3.9,35.3429,-118.5645,9.906,129.33,580,36.4399,-118.0802,35.6875,35.775,-0.000963378,-0.00080937,3.25e-05,2.67e-05,1.190280658,0.160920609,86.01988156,5.179664862,6.199256899,0.436332313,2624.714665,36.08157303,24.90369231,393.7071998,CI,CWC,4.476666667,1048,-0.591610761,-0.327516162,-0.234891569,-0.264094599,CI.CWC,716,-0.210652063,65.97869873,1687.25,27.37660027,-0.21065206342018072,716,493.8532642728044,784.9194910066574,310.69829344486817,414.06752099275997
100200,RSN13195,85,13195, PFO,4.11,33.7104,-116.0457,12.559,39.9,763,33.6117,-116.4594,14.75,14.84,0.003224845,0.0029844,6.56e-05,9.92e-05,1.080567225,0.152743427,73.08106709,5.179664862,6.263559029,0.41887902,2626.036842,32.50851815,45.49390244,393.9055263,AZ,PFO,-1.0,1048,-0.317380834,-0.318076587,-0.225451994,0.000695753,AZ.PFO,1048,-0.317380834,10.1232996,1285.910034,6.906630039,-0.31738083359653047,1048,724.9527455991383,795.791254405966,740.0925585755209,878.3375179376121
100200,RSN17280,85,17280, PFO,3.53,34.2894,-116.8271,6.278,82.5,763,33.6117,-116.4594,24.69,24.77,-0.000439847,-0.000320215,1.65e-05,7.31e-06,1.373599412,0.164181828,86.27184919,5.179664862,6.07791863,0.471238898,2762.838986,60.17058824,19.4069697,414.4258479,AZ,PFO,-1.0,1090,-0.356674944,-0.318076587,-0.225451994,-0.038598357,AZ.PFO,1090,-0.356674944,10.1232996,1285.910034,6.906630039,-0.35667494393873245,1090,759.1533699556732,852.4933364700021,791.1031354318073,926.8638258402193
100200,RSN14254,85,14254, PFO,3.94,32.7219,-116.8133,20.237,104.06,763,33.6117,-116.4594,25.36,25.51,-0.001168651,-0.000983777,3.01e-05,1.9e-05,1.187922202,0.152629813,79.42092211,5.179664862,6.440435438,0.436332313,2764.685486,61.50794737,32.68362126,414.7028229,AZ,PFO,-1.0,1091,-0.357591955,-0.318076587,-0.225451994,-0.039515368,AZ.PFO,1091,-0.357591955,10.1232996,1285.910034,6.906630039,-0.3575919545486137,1091,744.4420157924743,788.866542632647,704.7038406692843,945.547654452733
100200,RSN18123,85,18123, PFO,5.19,36.4034,-117.8499,9.418,334.71,763,33.6117,-116.4594,12.67,12.73,-4.69e-05,-4.56e-05,2.2e-05,1.16e-05,1.02818718,0.161676277,88.5519124,5.179664862,6.183223963,0.401425728,2407.591411,4.043103448,2.072727273,361.1387117,AZ,PFO,-1.0,981,-0.251314428,-0.318076587,-0.225451994,0.066762159,AZ.PFO,981,-0.251314428,10.1232996,1285.910034,6.906630039,-0.25131442828090655,981,852.9446086636716,796.557925698727,840.4350897775442,967.6563868514405
100200,RSN17515,85,17515, PFO,3.62,33.9521,-116.3635,9.067,38.79,763,33.6117,-116.4594,19.01,19.12,-0.00749394,-0.005773561,7.5e-06,1.02e-05,1.297975364,0.15834034,77.70045033,5.179664862,6.170551665,0.453785606,2785.720743,734.7,769.8081333,417.8581115,AZ,PFO,-1.0,1097,-0.363076429,-0.318076587,-0.225451994,-0.044999842,AZ.PFO,1097,-0.363076429,10.1232996,1285.910034,6.906630039,-0.3630764289907731,1097,714.9919591997411,878.5732832247647,755.5546955163601,929.56368519955
100200,RSN11432,85,11432, PFO,4.73,33.7328,-117.4921,10.018,96.71,763,33.6117,-116.4594,30.6,30.67,0.000544914,0.000441792,6.11e-05,7.42e-05,1.233416076,0.160498542,84.57737156,5.179664862,6.202702587,0.436332313,2675.784072,7.343854447,7.230638298,401.3676108,AZ,PFO,-1.0,1064,-0.332532639,-0.318076587,-0.225451994,-0.014456052,AZ.PFO,1064,-0.332532639,10.1232996,1285.910034,6.906630039,-0.332532638617133,1064,658.1174754310653,719.2739445480057,778.5649236003387,859.5427365366177
100200,RSN16839,85,16839, PFO,3.49,34.309,-116.9297,9.684,88.72,763,33.6117,-116.4594,14.1,14.14,-0.00252852,-0.001863172,0.000293795,0.000433251,1.357104739,0.160695566,84.29983988,5.179664862,6.192176404,0.471238898,2808.525733,5.836155023,6.341741691,421.27886,AZ,PFO,-1.0,1104,-0.369437196,-0.318076587,-0.225451994,-0.051360609,AZ.PFO,1104,-0.369437196,10.1232996,1285.910034,6.906630039,-0.3694371955525835,1104,699.1857857340135,812.5031841883979,683.8197968601708,940.2992596996231
100200,RSN19388,85,19388, PFO,3.43,34.1381,-117.4717,5.767,110.37,763,33.6117,-116.4594,37.88,37.99,-8.25e-05,-7.88e-05,3.41e-05,1.62e-05,1.046694831,0.164919567,87.49582526,5.179664862,6.057771424,0.401425728,2382.729501,5.092592593,2.31085044,357.4094252,AZ,PFO,-1.0,973,-0.243126051,-0.318076587,-0.225451994,0.074950536,AZ.PFO,973,-0.243126051,10.1232996,1285.910034,6.906630039,-0.24312605090154804,973,790.8564722198462,795.8566890351473,827.4694417699951,868.997920755356
100200,RSN18375,85,18375, PFO,3.96,34.0609,-117.0231,12.849,72.15,763,33.6117,-116.4594,16.5,16.55,0.001264888,0.000996664,0.00040049,0.000630942,1.269121345,0.15734154,80.5253772,5.179664862,6.26890146,0.453785606,2775.576723,2.004761135,2.488611451,416.3365085,AZ,PFO,-1.0,1094,-0.360337952,-0.318076587,-0.225451994,-0.042261365,AZ.PFO,1094,-0.360337952,10.1232996,1285.910034,6.906630039,-0.3603379516974696,1094,677.2237399935864,783.8828083506198,697.9975317053762,933.6559683515625
100200,RSN15744,85,15744, PFO,3.81,32.9942,-116.2977,5.726,70.12,763,33.6117,-116.4594,24.14,24.29,-0.002558531,-0.001907586,1.56e-05,1.36e-05,1.341239637,0.16472888,86.02433625,5.179664862,6.055972626,0.471238898,2726.161984,188.1272794,122.2811538,408.9242976,AZ,PFO,-1.0,1079,-0.346531934,-0.318076587,-0.225451994,-0.028455347,AZ.PFO,1079,-0.346531934,10.1232996,1285.910034,6.906630039,-0.34653193397367765,1079,764.1186273276205,845.5503232863919,839.9001811104689,933.1062054403966
100200,RSN9071,85,9071, PFO,5.2,33.5328,-116.5697,15.48,13.47,763,33.6117,-116.4594,20.74,20.78,0.092131884,0.147265824,0.000261906,0.000123243,0.62561619,0.105475551,41.91717949,5.179664862,6.333749326,0.27925268,2615.580358,747.5628149,562.2850336,392.3370537,AZ,PFO,-1.0,1045,-0.314514133,-0.318076587,-0.225451994,0.003562454,AZ.PFO,1045,-0.314514133,10.1232996,1285.910034,6.906630039,-0.31451413311445453,1045,926.5676744130271,666.1562446892914,726.9115356527063,599.7672916624454
100200,RSN12778,85,12778, PFO,4.26,33.9538,-116.3912,7.696,38.47,763,33.6117,-116.4594,23.09,23.17,-0.007967131,-0.006877664,0.000190851,0.000139352,1.158406582,0.160836417,79.74203773,5.179664862,6.118116656,0.436332313,2592.161044,57.17270653,36.03682454,388.8241566,AZ,PFO,-1.0,1038,-0.307793032,-0.318076587,-0.225451994,0.010283554,AZ.PFO,1038,-0.307793032,10.1232996,1285.910034,6.906630039,-0.3077930324413769,1038,720.5283288646043,810.1876987394871,886.408351987016,918.1645185131135
100200,RSN9389,85,9389, PFO,4.88,34.0655,-117.0011,17.501,71.05,763,33.6117,-116.4594,16.2,16.34,-0.013244702,-0.010851769,0.001420914,0.001540409,1.220510924,0.152465067,76.73589583,5.179664862,6.383907006,0.436332313,2803.089668,8.598172304,7.637175086,420.4634502,AZ,PFO,-1.0,1102,-0.367623958,-0.318076587,-0.225451994,-0.049547372,AZ.PFO,1102,-0.367623958,10.1232996,1285.910034,6.906630039,-0.36762395842840245,1102,790.3804711084443,792.4807272272996,742.2566579873644,862.0091120153219
100200,RSN21189,85,21189, PFO,3.4,37.1173,-121.5231,7.213,602.53,763,33.6117,-116.4594,15.19,15.25,0.000177355,-0.000202179,7.23e-06,6.15e-06,0.877214592,0.163753045,89.40771049,5.179664862,6.106430378,0.366519143,2154.68054,28.83821138,27.96390041,323.202081,AZ,PFO,-1.0,900,-0.165136732,-0.318076587,-0.225451994,0.152939855,AZ.PFO,900,-0.165136732,10.1232996,1285.910034,6.906630039,-0.16513673203985402,900,854.3476957305993,775.8800619868038,1270.6717662381488,711.7480071558514
100263,RSN11270,89,11270, NJQ,4.39,35.6421,-120.9543,5.902,141.88,297,34.5341,-120.1774,14.35,14.5,0.00021947,0.00107149,0.000212471,6.57e-05,0.204827037,0.164820553,87.99464846,5.179664862,6.063488731,0.104719755,612.0693794,3.340487062,5.042994103,91.81040691,CI,NJQ,-999.0,420,-0.346522572,-0.33344628,-0.240821687,-0.013076292,CI.NJQ,420,-0.346522572,5.659100056,241.9720001,9.653369904,-0.3465225724747141,420,435.1475499282846,421.4344568191153,534.7268450216409,452.34949957006995
100263,RSN16346,89,16346, NJQ,3.74,34.8456,-119.2446,12.927,92.19,297,34.5341,-120.1774,19.85,19.96,0.000140196,0.000562098,0.000137672,5.26e-05,0.249414715,0.158129701,82.53303754,5.179664862,6.270295551,0.122173048,770.944866,2.665323194,4.082878145,115.6417299,CI,NJQ,-999.0,486,-0.492476485,-0.33344628,-0.240821687,-0.159030205,CI.NJQ,486,-0.492476485,5.659100056,241.9720001,9.653369904,-0.49247648509779385,486,502.60475731748556,456.03325183833334,549.0958529311016,502.1268788926193
100263,RSN19350,89,19350, NJQ,3.19,35.2167,-120.7957,8.83,94.5,297,34.5341,-120.1774,12.6,12.72,-9.42e-05,-0.000648589,0.000106147,3.31e-05,0.145186581,0.161728969,85.18741502,5.179664862,6.16138509,0.06981317,445.2865897,2.84592145,6.110290446,66.79298846,CI,NJQ,-999.0,349,-0.161339783,-0.33344628,-0.240821687,0.172106497,CI.NJQ,349,-0.161339783,5.659100056,241.9720001,9.653369904,-0.1613397833997272,349,436.1503073067822,414.94805478467947,426.070188368926,418.70694525228714
100269,RSN14608,92,14608, SLA,4.11,35.6211,-117.5805,9.045,40.24,482,35.891,-117.2833,21.17,21.23,-0.001614225,-0.021344272,0.000603852,0.000536848,0.075628012,0.158739664,78.34439795,5.179664862,6.169722379,0.034906585,237.6805657,3.006856689,35.34685983,35.65208486,CI,SLA,-999.0,229,0.74422211,-0.245484331,-0.152859738,0.989706442,CI.SLA,229,0.74422211,8.788499832,1108.48999,5.750790119,0.7442221104963602,229,234.72096997977522,248.01131454234232,243.32616736988786,297.5954748784469
100269,RSN18284,92,18284, SLA,4.2,36.3905,-117.8695,8.829,76.52,482,35.891,-117.2833,10.32,10.61,0.00153778,0.002396246,4.24e-05,6.33e-05,0.641745299,0.161425109,84.04066746,5.179664862,6.161345296,0.27925268,1741.144845,24.29352291,56.51523585,261.1717268,CI,SLA,-999.0,764,-0.460623675,-0.245484331,-0.152859738,-0.215139344,CI.SLA,764,-0.460623675,8.788499832,1108.48999,5.750790119,-0.4606236751159205,764,757.6409317083674,837.4155003036509,744.4715962158016,768.2348333249909
100269,RSN18189,92,18189, SLA,4.08,36.3983,-117.8495,7.662,75.93,482,35.891,-117.2833,11.4,11.63,0.000802153,0.001116569,0.000131434,5.17e-05,0.718408611,0.162811078,84.85569935,5.179664862,6.117348091,0.314159265,1883.505904,15.51553191,8.495282804,282.5258856,CI,SLA,-999.0,812,-0.521556226,-0.245484331,-0.152859738,-0.276071895,CI.SLA,812,-0.521556226,8.788499832,1108.48999,5.750790119,-0.5215562261110778,812,768.8751202809427,927.4556179946035,812.8992461354375,840.5718361577456
100269,RSN9409,92,9409, SLA,4.88,34.0655,-117.0011,17.501,204.15,482,35.891,-117.2833,13.3,13.41,-0.000693149,-0.001612478,0.000464114,0.000154813,0.42986582,0.156128934,85.35288872,5.179664862,6.383907006,0.20943951,1292.728333,4.477330715,3.4743145,193.90925,CI,SLA,-999.0,697,-0.368841297,-0.245484331,-0.152859738,-0.123356965,CI.SLA,697,-0.368841297,8.788499832,1108.48999,5.750790119,-0.36884129670992394,697,873.8415787469773,860.6664545577426,770.9103816780224,811.7221074544245
100269,RSN8856,92,8856, SLA,5.39,33.9465,-117.7667,14.89,220.19,482,35.891,-117.2833,28.44,28.7,-0.004318474,-0.008798355,0.000555974,0.00011522,0.490827444,0.157997112,86.37089585,5.179664862,6.31653763,0.226892803,1431.128528,37.48024648,15.82511952,214.6692792,CI,SLA,-999.0,746,-0.436781486,-0.245484331,-0.152859738,-0.191297155,CI.SLA,746,-0.436781486,8.788499832,1108.48999,5.750790119,-0.43678148615316026,746,863.0532891234034,966.9392413118745,805.8673824498629,839.1733729570818
100269,RSN12423,92,12423, SLA,4.27,36.1466,-118.0613,4.057,75.65,482,35.891,-117.2833,26.42,26.61,0.000747836,0.00172361,1.74e-05,9.14e-06,0.433877713,0.168095358,87.63440997,5.179664862,5.943934512,0.20943951,1210.199737,81.82013129,99.05804598,181.5299606,CI,SLA,-999.0,666,-0.323345556,-0.245484331,-0.152859738,-0.077861225,CI.SLA,666,-0.323345556,8.788499832,1108.48999,5.750790119,-0.32334555648978913,666,648.9666007060367,654.5199316174678,636.5874829341849,567.5916134056031
100269,RSN16999,92,16999, SLA,3.59,35.7823,-117.6639,7.014,36.44,482,35.891,-117.2833,12.98,13.11,0.000605243,0.00307201,5.93e-05,9.03e-05,0.197018717,0.161537926,80.25015891,5.179664862,6.101084446,0.104719755,601.5989753,6.702580288,51.80455312,90.2398463,CI,SLA,-999.0,416,0.147258854,-0.245484331,-0.152859738,0.392743185,CI.SLA,416,0.147258854,8.788499832,1108.48999,5.750790119,0.1472588537893369,416,440.57187108531065,396.17647393805174,451.5381487062805,411.4643225767035
100269,RSN14678,92,14678, SLA,3.9,35.3429,-118.5645,9.906,131.04,482,35.891,-117.2833,28.02,28.16,4.77e-05,0.00013491,2.31e-05,1.09e-05,0.353679806,0.160926596,86.05063717,5.179664862,6.199256899,0.174532925,1051.889585,4.376146789,5.84025974,157.7834378,CI,SLA,-999.0,619,-0.250161159,-0.245484331,-0.152859738,-0.004676827,CI.SLA,619,-0.250161159,8.788499832,1108.48999,5.750790119,-0.250161158633996,619,667.8550150321471,626.9175097775125,654.9887894870179,559.2863527412273
100269,RSN12714,92,12714, SLA,4.34,35.8373,-117.678,6.864,36.14,482,35.891,-117.2833,23.5,23.73,0.009917468,0.033307446,3.16e-05,5.69e-05,0.297755272,0.161633517,80.21443282,5.179664862,6.096821743,0.13962634,891.5067722,174.2964499,1054.033101,133.7260158,CI,SLA,-999.0,543,-0.119165206,-0.245484331,-0.152859738,0.126319125,CI.SLA,543,-0.119165206,8.788499832,1108.48999,5.750790119,-0.11916520588333501,543,553.8491242293703,503.35729492648,487.4846353085461,467.342653640711
100269,RSN9276,92,9276, SLA,5.03,35.3852,-118.6292,7.3,134.2,482,35.891,-117.2833,23.09,23.44,0.006321186,0.012215287,0.000210871,6.66e-05,0.51748161,0.16351578,87.26750223,5.179664862,6.108664217,0.244346095,1447.963855,94.9127027,57.92777101,217.1945783,CI,SLA,-999.0,752,-0.44479221,-0.245484331,-0.152859738,-0.199307879,CI.SLA,752,-0.44479221,8.788499832,1108.48999,5.750790119,-0.44479220989923984,752,728.8321613946312,762.7144821814701,724.0465846617132,670.0975605013268
100269,RSN9453,92,9453, SLA,4.73,36.4011,-117.8397,7.419,75.57,482,35.891,-117.2833,23.21,23.49,0.002516828,0.003660453,0.000226299,0.000173652,0.687572747,0.163010499,85.04238775,5.179664862,6.111624155,0.296705973,1817.983471,14.49351577,16.17529463,272.6975207,CI,SLA,-999.0,790,-0.494088831,-0.245484331,-0.152859738,-0.2486045,CI.SLA,790,-0.494088831,8.788499832,1108.48999,5.750790119,-0.4940888314104672,790,723.1206453586648,794.1089496106268,748.6062107528508,742.2135297542733
100269,RSN14762,92,14762, SLA,3.84,34.2268,-117.4407,8.593,185.18,482,35.891,-117.2833,26.92,27.04,0.000471448,0.002054696,0.000294765,0.000212983,0.229448877,0.162417577,87.62405761,5.179664862,6.151676073,0.104719755,692.2868413,2.21354756,6.970624056,103.8430262,CI,SLA,-999.0,451,0.066476775,-0.245484331,-0.152859738,0.311961106,CI.SLA,451,0.066476775,8.788499832,1108.48999,5.750790119,0.06647677454792156,451,534.9041733897695,480.26789865242796,536.514782403759,431.6002945935185
100269,RSN17960,92,17960, SLA,4.04,36.3911,-117.8665,9.439,76.38,482,35.891,-117.2833,12.0,12.19,0.002201332,0.003625159,0.000357612,0.000110371,0.607237318,0.160694873,83.58008168,5.179664862,6.183950287,0.27925268,1679.287667,19.94484058,10.13712907,251.8931501,CI,SLA,-999.0,743,-0.432751931,-0.245484331,-0.152859738,-0.187267599,CI.SLA,743,-0.432751931,8.788499832,1108.48999,5.750790119,-0.432751930667159,743,738.7364045600265,814.8836552055977,711.7390472022015,761.1913321269036
100269,RSN18142,92,18142, SLA,5.19,36.4034,-117.8499,9.418,76.37,482,35.891,-117.2833,12.45,12.77,0.009611885,0.020839968,0.002653098,0.002156286,0.461223588,0.160718744,83.59592441,5.179664862,6.183223963,0.20943951,1332.397253,4.457611374,7.85495598,199.859588,CI,SLA,-999.0,712,-0.390133797,-0.245484331,-0.152859738,-0.144649466,CI.SLA,712,-0.390133797,8.788499832,1108.48999,5.750790119,-0.39013379736137566,712,668.7278700159186,678.7581993102004,658.9380400861224,599.2809197372792
100269,RSN11461,92,11461, SLA,4.73,33.7328,-117.4921,10.018,240.18,482,35.891,-117.2833,24.1,24.23,-8.62e-05,-0.000254889,3.7e-05,1.34e-05,0.338026853,0.161105403,87.83912828,5.179664862,6.202702587,0.157079633,1006.326395,6.432835821,6.888891892,150.9489593,CI,SLA,-999.0,604,-0.225630084,-0.245484331,-0.152859738,0.019854247,CI.SLA,604,-0.225630084,8.788499832,1108.48999,5.750790119,-0.2256300838842149,604,644.6270084915501,630.7709044339599,689.1358858378851,615.8085487257695
100269,RSN10527,92,10527, SLA,4.45,34.1081,-117.3062,14.795,197.8,482,35.891,-117.2833,16.5,16.62,0.000362616,0.001255673,0.000229272,1.79e-05,0.288782456,0.15799644,85.97401014,5.179664862,6.313637877,0.13962634,886.6487601,20.25787709,5.476783035,132.997314,CI,SLA,-999.0,540,-0.113625026,-0.245484331,-0.152859738,0.131859306,CI.SLA,540,-0.113625026,8.788499832,1108.48999,5.750790119,-0.11362502550772025,540,653.5415943948851,580.9388337519061,567.0203839632735,568.0268810867524
100269,RSN16562,92,16562, SLA,3.61,34.2449,-117.4464,12.48,183.22,482,35.891,-117.2833,18.9,19.02,0.000387388,0.000937599,0.00017122,0.000152917,0.413169932,0.159375158,86.39074017,5.179664862,6.262058538,0.191986218,1220.545603,2.533321998,5.475989954,183.0818405,CI,SLA,-999.0,670,-0.329333598,-0.245484331,-0.152859738,-0.083849267,CI.SLA,670,-0.329333598,8.788499832,1108.48999,5.750790119,-0.32933359833441145,670,712.9679871668081,771.1713999051001,698.3825341507007,714.2187686614395
100269,RSN18029,92,18029, SLA,5.0,36.3864,-117.8583,7.408,75.5,482,35.891,-117.2833,11.92,12.05,0.005782364,0.008858811,0.001369205,0.001322844,0.652724687,0.163019762,85.05084119,5.179664862,6.11135504,0.296705973,1751.937956,4.371160923,6.470039914,262.7906934,CI,SLA,-999.0,768,-0.465845619,-0.245484331,-0.152859738,-0.220361288,CI.SLA,768,-0.465845619,8.788499832,1108.48999,5.750790119,-0.4658456190970721,768,676.7881787616827,713.0598186811137,684.1000944188218,687.1877008687387
100282,RSN11428,95,11428, PASC,4.73,33.7328,-117.4921,10.018,80.45,714,34.1714,-118.1852,26.2,26.36,-0.000651642,-0.000819784,3.67e-05,2.4e-05,0.794894631,0.1601798,83.48776658,5.179664862,6.202702587,0.331612558,2055.351004,27.15175,22.33743869,308.3026506,CI,PASC,10.46789333,868,-0.195308752,-0.149843307,-0.057218713,-0.045465446,CI.PASC,872,-0.199906462,35.96979904,367.8280029,12.48719978,-0.1999064615693955,872,743.1685442101586,669.9065681635251,720.2274422207304,720.681536971596
100282,RSN13335,95,13335, PASC,4.2,34.3768,-117.6461,8.934,54.62,714,34.1714,-118.1852,15.68,15.78,-0.000203603,-0.000353343,6.41e-06,5.64e-06,0.576217506,0.160406238,81.48615136,5.179664862,6.165471616,0.261799388,1611.10307,36.0998227,55.12371295,241.6654605,CI,PASC,10.46789333,720,-0.00836825,-0.149843307,-0.057218713,0.141475057,CI.PASC,723,-0.01252626,35.96979904,367.8280029,12.48719978,-0.012526259819180652,723,724.8050809927234,622.0071646292445,708.9673041903649,689.701243270725
100282,RSN10766,95,10766, PASC,4.66,34.2983,-118.6255,8.038,42.94,714,34.1714,-118.1852,10.25,10.38,0.000218427,0.000248603,5.66e-06,3.98e-06,0.878616494,0.160871717,80.25962207,5.179664862,6.126524324,0.366519143,2195.378311,54.88115578,43.92279152,329.3067467,CI,PASC,10.46789333,913,-0.245852918,-0.149843307,-0.057218713,-0.096009612,CI.PASC,917,-0.25022451,35.96979904,367.8280029,12.48719978,-0.2502245099168805,917,740.5801984995878,668.930202637564,763.2211262700579,761.1096665186885
100296,RSN13890,100,13890, SDG,4.17,34.3277,-116.829,4.957,173.6,439,32.784,-117.1381,22.58,22.68,-0.000449026,-0.001226479,0.000243132,7.51e-05,0.366110202,0.166190185,88.68209643,5.179664862,6.015610792,0.174532925,1050.315522,5.979041278,5.044498462,157.5473283,CI,SDG,0.85,618,-0.341989044,-0.246149056,-0.153524463,-0.095839988,CI.SDG,199,0.791194588,11.06569958,87.38960266,7.724770069,0.7911945883506792,199,226.75146483943408,189.3458743532101,252.4232457768339,177.38463501843262
100296,RSN14264,100,14264, SDG,3.94,32.7219,-116.8133,20.237,31.21,439,32.784,-117.1381,20.17,20.25,0.00516193,0.03753894,0.001231308,0.000474378,0.137508665,0.130705401,57.3306539,5.179664862,6.440435438,0.06981317,522.3929413,10.88147005,30.48704305,78.3589412,CI,SDG,0.85,384,0.13385686,-0.246149056,-0.153524463,0.380005917,CI.SDG,384,0.13385686,11.06569958,87.38960266,7.724770069,0.1338568604874446,384,400.5822640853271,364.1303459276231,379.7489365184111,468.021198219343
100296,RSN15719,100,15719, SDG,3.81,32.4923,-116.8468,13.18,42.35,439,32.784,-117.1381,16.75,16.82,0.000553285,0.002512489,0.000236099,4.04e-05,0.220213963,0.152771485,73.45472802,5.179664862,6.274698597,0.104719755,707.7550221,13.69517327,10.64167574,106.1632533,CI,SDG,0.85,458,-0.042369771,-0.246149056,-0.153524463,0.203779285,CI.SDG,458,-0.042369771,11.06569958,87.38960266,7.724770069,-0.04236977103901385,458,452.1711715291969,379.02598795488313,491.8148723270426,530.6989783843659
100296,RSN13288,100,13288, SDG,4.19,34.3571,-116.8418,9.486,176.63,439,32.784,-117.1381,17.93,18.05,-0.000498898,-0.001609347,0.000146754,9.9e-05,0.310000427,0.161477021,87.22382042,5.179664862,6.185563454,0.157079633,928.1909483,5.039373737,10.96629053,139.2286422,CI,SDG,0.85,562,-0.247002437,-0.246149056,-0.153524463,-0.00085338,CI.SDG,562,-0.247002437,11.06569958,87.38960266,7.724770069,-0.2470024368185193,562,615.5183505489437,503.33493010814897,621.9547400458646,518.8098893933354
100296,RSN14348,100,14348, SDG,4.19,33.4453,-116.439,8.875,98.17,439,32.784,-117.1381,22.95,23.01,0.000319964,0.00146477,0.000416675,0.000124672,0.218439829,0.161711098,85.31045562,5.179664862,6.16316588,0.104719755,663.4859528,2.566446355,3.515377692,99.52289292,CI,SDG,0.85,438,0.002280503,-0.246149056,-0.153524463,0.248429559,CI.SDG,438,0.002280503,11.06569958,87.38960266,7.724770069,0.002280502698725151,438,455.53558497250646,428.6557325103044,490.8616157788696,511.8897474532451
100296,RSN16779,100,16779, SDG,3.72,33.1099,-116.0467,7.494,108.27,439,32.784,-117.1381,33.07,33.15,0.000218145,0.000769445,6.89e-05,7.18e-05,0.283508942,0.163273721,86.5268883,5.179664862,6.113435346,0.13962634,843.4771676,3.038231198,11.16756168,126.5215751,CI,SDG,0.85,517,-0.163543461,-0.246149056,-0.153524463,0.082605595,CI.SDG,517,-0.163543461,11.06569958,87.38960266,7.724770069,-0.1635434614332576,517,554.4018682881248,451.1566827570087,600.862014766,511.6667687599863
100296,RSN12789,100,12789, SDG,4.26,33.9538,-116.3912,7.696,147.19,439,32.784,-117.1381,23.67,23.74,-0.000624112,-0.001740859,0.00072188,0.000269084,0.358507973,0.16327499,87.35599882,5.179664862,6.118116656,0.174532925,1049.351936,2.319394687,2.411562864,157.4027904,CI,SDG,0.85,618,-0.341989044,-0.246149056,-0.153524463,-0.095839988,CI.SDG,199,0.791194588,11.06569958,87.38960266,7.724770069,0.7911945883506792,199,211.40718077398247,181.88963821240165,229.24123100485065,181.9174479543842
100296,RSN16129,100,16129, SDG,3.58,33.827,-117.0296,15.131,116.12,439,32.784,-117.1381,18.75,18.82,-0.000430105,-0.001550817,0.000321558,0.000182656,0.27734093,0.156954018,82.99471118,5.179664862,6.323730411,0.13962634,859.7042326,2.354726918,4.82282201,128.9556349,CI,SDG,0.85,526,-0.1808018,-0.246149056,-0.153524463,0.065347257,CI.SDG,526,-0.1808018,11.06569958,87.38960266,7.724770069,-0.18080179966253862,526,534.7885658446215,447.50813401270375,535.912225153183,505.1446287763587
100296,RSN8852,100,8852, SDG,5.39,33.9465,-117.7667,14.89,141.58,439,32.784,-117.1381,18.3,19.01,-0.041057283,-0.036143035,0.001178554,0.00031728,1.135966675,0.157541103,84.33398271,5.179664862,6.31653763,0.41887902,2610.998784,129.4039429,30.66727108,391.6498176,CI,SDG,0.85,1044,-0.866315355,-0.246149056,-0.153524463,-0.620166299,CI.SDG,336,0.267388253,11.06569958,87.38960266,7.724770069,0.26738825311196734,336,246.14354317257363,222.79526444808005,258.4340398799955,208.39583429242745
100296,RSN12932,100,12932, SDG,4.41,32.707,-116.04,10.16,103.27,439,32.784,-117.1381,21.96,22.2,0.001099996,0.00328376,8.39e-05,7.84e-05,0.334980656,0.160463834,84.86837984,5.179664862,6.206955363,0.157079633,1002.143712,14.03056122,39.13897497,150.3215568,CI,SDG,0.85,603,-0.317417784,-0.246149056,-0.153524463,-0.071268727,CI.SDG,194,0.816641254,11.06569958,87.38960266,7.724770069,0.8166412540118433,194,191.01165908744545,172.12487562672644,198.24257289390283,198.2335224374069
100296,RSN11455,100,11455, SDG,4.73,33.7328,-117.4921,10.018,110.28,439,32.784,-117.1381,23.21,23.4,-0.001166063,-0.003249224,0.000123235,0.000147597,0.358874375,0.160671095,85.27046558,5.179664862,6.202702587,0.174532925,1067.326929,7.900316402,26.36608106,160.0990394,CI,SDG,0.85,623,-0.350047106,-0.246149056,-0.153524463,-0.103898049,CI.SDG,200,0.786182047,11.06569958,87.38960266,7.724770069,0.7861820465271352,200,192.96274764302345,183.64000450331744,207.3574798636698,200.11254592188584
100296,RSN9093,100,9093, SDG,5.2,33.5328,-116.5697,15.48,98.53,439,32.784,-117.1381,14.5,14.68,0.001532222,0.005270501,0.000281187,9.47e-05,0.290716667,0.156154082,81.50967629,5.179664862,6.333749326,0.13962634,902.6604409,16.17974657,18.74375771,135.3990661,CI,SDG,0.85,549,-0.223599028,-0.246149056,-0.153524463,0.022550028,CI.SDG,549,-0.223599028,11.06569958,87.38960266,7.724770069,-0.22359902843435897,549,580.2196026937569,486.7279424563894,591.089276883717,616.6079581319563
100296,RSN9407,100,9407, SDG,4.88,34.0655,-117.0011,17.501,142.7,439,32.784,-117.1381,17.12,17.33,-0.005635313,-0.016471124,0.000378379,0.00021922,0.342132867,0.155582111,83.32513009,5.179664862,6.383907006,0.157079633,1053.425193,25.70619925,43.5307562,158.013779,CI,SDG,0.85,619,-0.34360586,-0.246149056,-0.153524463,-0.097456803,CI.SDG,199,0.791194588,11.06569958,87.38960266,7.724770069,0.7911945883506792,199,235.57210561925183,178.57286674463768,217.3950738677812,196.31279342053887
100296,RSN16296,100,16296, SDG,3.64,33.223,-116.7186,8.687,62.51,439,32.784,-117.1381,24.25,24.32,-0.000767336,-0.00274855,9.83e-05,7.34e-05,0.279178551,0.161179105,82.81765171,5.179664862,6.155594857,0.13962634,842.3219307,10.45416894,27.96083418,126.3482896,CI,SDG,0.85,517,-0.163543461,-0.246149056,-0.153524463,0.082605595,CI.SDG,517,-0.163543461,11.06569958,87.38960266,7.724770069,-0.1635434614332576,517,539.5832939356058,423.89525296859534,571.0826925386089,534.5416118236278
100325,RSN11275,103,11275, SMR,4.39,35.6421,-120.9543,5.902,42.74,847,35.377,-120.6125,14.44,14.61,0.054854667,0.089993449,6.53e-05,3.19e-05,0.609540673,0.163755283,83.18202504,5.179664862,6.063488731,0.27925268,1652.558925,1719.582038,1378.15389,247.8838388,CI,SMR,-999.0,734,0.143191666,0.168038928,0.260663522,-0.024847262,CI.SMR,734,0.143191666,9.207229614,340.428009,4.764039993,0.14319166603753963,734,694.8686848781248,560.2232823307345,702.815310673112,594.0608457848756
100325,RSN8858,103,8858, SMR,5.39,33.9465,-117.7667,14.89,305.33,847,35.377,-120.6125,24.47,24.89,0.002578163,0.005730122,0.000104349,3.21e-05,0.44993154,0.158149585,87.38393007,5.179664862,6.31653763,0.20943951,1326.300629,80.31660436,54.91305139,198.9450944,CI,SMR,-999.0,710,0.176435725,0.168038928,0.260663522,0.008396796,CI.SMR,710,0.176435725,9.207229614,340.428009,4.764039993,0.17643572461669343,710,860.1395914776214,802.4335586930528,834.1317409175155,784.9286816733754
100325,RSN11225,103,11225, SMR,4.42,34.0665,-118.8938,12.827,214.29,847,35.377,-120.6125,21.66,21.93,1.58e-05,4.01e-05,5.8e-06,2.16e-06,0.392589156,0.159282315,86.82186827,5.179664862,6.268505043,0.191986218,1168.461136,7.314814815,6.913793103,175.2691704,CI,SMR,-999.0,649,0.266267978,0.168038928,0.260663522,0.09822905,CI.SMR,649,0.266267978,9.207229614,340.428009,4.764039993,0.2662679779479644,649,772.0261505078731,593.0417044232651,661.4553746684136,537.2962564383564
100325,RSN10530,103,10530, SMR,4.45,34.1081,-117.3062,14.795,333.89,847,35.377,-120.6125,17.3,17.66,0.000348186,0.000541454,1.94e-05,1.99e-05,0.64305682,0.15825074,87.62066001,5.179664862,6.313637877,0.27925268,1778.707914,17.49678392,27.91,266.8061871,CI,SMR,-999.0,777,0.086260344,0.168038928,0.260663522,-0.081778584,CI.SMR,777,0.086260344,9.207229614,340.428009,4.764039993,0.08626034428440743,777,879.8101420313756,785.7560656242119,844.6680261539058,661.7193742242018
100345,RSN18998,109,18998, PMPB,3.81,35.6791,-121.1053,4.962,65.57,308,36.2159,-120.8013,21.15,21.23,-0.000506542,-0.002820391,0.000229412,5.56e-05,0.179600117,0.165907959,86.45755387,5.179664862,6.015921757,0.087266463,534.7777247,9.110467626,12.29399944,80.21665871,NC,PMPB,-999.0,389,-0.233479561,-0.253455769,-0.160831176,0.019976209,NC.PMPB,389,-0.233479561,6.045380116,778.3729858,6.695789814,-0.23347956064487185,389,425.79442156878474,406.6024643810916,424.47246210497025,384.3569920461607
100345,RSN18467,109,18467, PMPB,4.48,35.9278,-120.4785,9.525,43.21,308,36.2159,-120.8013,24.6,24.79,0.005995635,0.02906932,1.16e-05,5.68e-05,0.20625302,0.158402023,78.52619719,5.179664862,6.186889166,0.104719755,641.1259158,105.5569542,2505.975862,96.16888737,NC,PMPB,-999.0,430,-0.333685426,-0.253455769,-0.160831176,-0.080229656,NC.PMPB,430,-0.333685426,6.045380116,778.3729858,6.695789814,-0.3336854257140338,430,424.48510170627856,407.6598893716573,408.2466074960757,429.60921410070387
100345,RSN19032,109,19032, PMPB,3.67,35.7257,-121.0955,7.298,60.52,308,36.2159,-120.8013,18.18,18.28,-0.000281498,-0.002042035,8.06e-05,2.56e-05,0.13785145,0.162778492,83.906991,5.179664862,6.108613539,0.06981317,420.489406,10.99601563,25.33542184,63.0734109,NC,PMPB,-999.0,337,-0.089983147,-0.253455769,-0.160831176,0.163472622,NC.PMPB,337,-0.089983147,6.045380116,778.3729858,6.695789814,-0.08998314737878754,337,384.8488930994015,364.2490591289493,387.155584244469,351.39388278940675
100345,RSN14106,109,14106, PMPB,3.8,35.632,-120.7532,6.775,64.93,308,36.2159,-120.8013,37.81,37.9,-0.000704579,-0.003161425,0.000323942,0.000160921,0.222867472,0.163405599,84.76252393,5.179664862,6.094190843,0.104719755,669.2984012,4.378415496,9.759231591,100.3947602,NC,PMPB,-999.0,440,-0.356674944,-0.253455769,-0.160831176,-0.103219175,NC.PMPB,440,-0.356674944,6.045380116,778.3729858,6.695789814,-0.35667494393873245,440,471.23019898445847,432.50823595594784,492.03367689677947,404.6274025047127
100356,RSN11955,110,11955, PHL,4.27,34.3874,-119.4398,6.219,151.75,384,35.4077,-120.5456,14.3125,14.5375,0.000222028,0.00022696,6.41e-06,6.25e-06,0.978272522,0.164488183,88.00729269,5.179664862,6.075787581,0.383972435,2293.955276,35.52448,35.40717629,344.0932914,CI,PHL,4.276666667,945,-0.900542375,-0.918401194,-0.8257766,0.017858819,CI.PHL,633,-0.49982787,3.069080114,387.6669922,3.995280027,-0.49982786955644887,633,570.2866203725405,427.0421461157394,607.7172261464383,442.7869783343401
100356,RSN10773,110,10773, PHL,4.66,34.2983,-118.6255,8.038,214.43,384,35.4077,-120.5456,17.0,17.2,0.00034967,0.000451155,0.00011968,9.52e-05,0.775055494,0.163135654,88.10750686,5.179664862,6.126524324,0.331612558,1985.30443,3.673004202,3.769677473,297.7956645,CI,PHL,4.276666667,845,-0.788694075,-0.918401194,-0.8257766,0.129707119,CI.PHL,566,-0.387951526,3.069080114,387.6669922,3.995280027,-0.3879515256154562,566,570.9211727020967,419.0422409929195,524.685579629623,431.8280319822917
100356,RSN14666,110,14666, PHL,3.9,35.3429,-118.5645,9.906,180.16,384,35.4077,-120.5456,23.0625,23.1875,9.68e-05,6.88e-05,2.02e-05,1.74e-05,1.407610254,0.161108126,87.13566827,5.179664862,6.199256899,0.471238898,2844.115456,5.563218391,3.405940594,426.6173184,CI,PHL,4.276666667,1115,-1.065967131,-0.918401194,-0.8257766,-0.147565938,CI.PHL,746,-0.664083048,3.069080114,387.6669922,3.995280027,-0.6640830476160335,746,488.4877319987921,525.48218407153,588.837789840588,553.1431019302009
100410,RSN11478,123,11478, TUQ,4.73,33.7328,-117.4921,10.018,237.47,819,35.4358,-115.9239,18.78,18.92,-7.39e-05,-0.00012909,4.38e-05,9.55e-06,0.572330888,0.161102473,87.81168611,5.179664862,6.202702587,0.261799388,1595.852109,7.738219895,2.947260274,239.3778164,CI,TUQ,-999.0,720,0.128832872,0.249087684,0.341712278,-0.120254813,CI.TUQ,720,0.128832872,6.076459885,1279.859985,4.729360104,0.12883287184296854,720,793.3397417886615,952.0483436469511,739.0496000664049,944.589191855109
100410,RSN18192,123,18192, TUQ,4.08,36.3983,-117.8495,7.662,203.99,819,35.4358,-115.9239,10.22,10.41,6.77e-05,0.000298288,1.2e-05,5.14e-06,0.226936601,0.163380697,88.11105851,5.179664862,6.117348091,0.104719755,681.0365363,13.17120623,24.85733333,102.1554804,CI,TUQ,-999.0,446,0.607765132,0.249087684,0.341712278,0.358677447,CI.TUQ,446,0.607765132,6.076459885,1279.859985,4.729360104,0.6077651318330055,446,508.94482820104076,530.8296151171622,520.4175021660287,572.1998743829331
100410,RSN9296,123,9296, TUQ,5.03,35.3852,-118.6292,7.3,245.79,819,35.4358,-115.9239,20.2,20.39,0.001574679,0.003695283,0.000266236,0.000107643,0.426132176,0.163647371,88.52097037,5.179664862,6.108664217,0.20943951,1224.221413,14.62871715,13.87972701,183.633212,CI,TUQ,-999.0,672,0.197825743,0.249087684,0.341712278,-0.051261941,CI.TUQ,672,0.197825743,6.076459885,1279.859985,4.729360104,0.1978257433299202,672,719.3604330223745,844.1849182753085,688.8554894145918,745.6865628257516
100410,RSN18293,123,18293, TUQ,4.2,36.3905,-117.8695,8.829,205.09,819,35.4358,-115.9239,11.0,11.1,5.49e-05,0.000308042,5.49e-05,1.75e-05,0.178252372,0.162181649,87.79139675,5.179664862,6.161345296,0.087266463,543.0854941,3.137142857,5.610965392,81.46282412,CI,TUQ,-999.0,393,0.734274472,0.249087684,0.341712278,0.485186788,CI.TUQ,393,0.734274472,6.076459885,1279.859985,4.729360104,0.7342744719838086,393,438.64448488868595,462.95143508580674,452.53090277377646,526.7291112547567
100410,RSN18236,123,18236, TUQ,4.36,36.3932,-117.8644,8.798,204.85,819,35.4358,-115.9239,10.17,10.33,8.65e-05,0.00050868,2.14e-05,1.11e-05,0.170074298,0.162215206,87.80013341,5.179664862,6.160106881,0.087266463,518.7735475,7.792792793,23.77009346,77.81603213,CI,TUQ,-999.0,382,0.762663475,0.249087684,0.341712278,0.513575791,CI.TUQ,382,0.762663475,6.076459885,1279.859985,4.729360104,0.7626634752464945,382,412.2416189418688,442.67710479866395,427.88089397486993,509.52063142786835
100410,RSN12909,123,12909, TUQ,4.11,36.0312,-117.7658,4.03,179.25,819,35.4358,-115.9239,19.99,20.13,9.97e-05,0.000512945,3.95e-05,1.13e-05,0.194423145,0.16829261,89.01926974,5.179664862,5.941161117,0.104719755,570.1221445,8.82300885,12.98594937,85.51832168,CI,TUQ,-999.0,404,0.706669206,0.249087684,0.341712278,0.457581521,CI.TUQ,404,0.706669206,6.076459885,1279.859985,4.729360104,0.7066692058919193,404,463.5583833819601,485.3566749361008,460.5942652527811,532.933219151124
100410,RSN10548,123,10548, TUQ,4.45,34.1081,-117.3062,14.795,194.18,819,35.4358,-115.9239,13.95,14.05,-0.000709125,-0.001071986,0.000244301,0.000162094,0.661506294,0.157984241,85.91164058,5.179664862,6.313637877,0.296705973,1825.187967,4.374776364,4.387972215,273.7781951,CI,TUQ,-999.0,792,0.033522692,0.249087684,0.341712278,-0.215564992,CI.TUQ,792,0.033522692,6.076459885,1279.859985,4.729360104,0.033522692038643775,792,820.0875552980108,1062.6696406359542,804.0606200856688,1212.839092725122
100410,RSN14689,123,14689, TUQ,3.9,35.3429,-118.5645,9.906,240.13,819,35.4358,-115.9239,25.3,25.46,7.55e-05,0.000200414,7.86e-06,6.09e-06,0.3769228,0.161196836,87.85698219,5.179664862,6.199256899,0.174532925,1111.018842,12.39737274,25.49796438,166.6528263,CI,TUQ,-999.0,635,0.254459085,0.249087684,0.341712278,0.005371401,CI.TUQ,635,0.254459085,6.076459885,1279.859985,4.729360104,0.25445908496037806,635,721.5397517215321,766.3023297131172,683.6542235860297,737.1912278649272
100410,RSN14360,123,14360, TUQ,4.19,33.4453,-116.439,8.875,225.82,819,35.4358,-115.9239,9.1,9.19,0.000408243,0.000643663,0.000139942,0.000108583,0.634249654,0.162154096,87.9865245,5.179664862,6.16316588,0.27925268,1718.532305,3.759732186,4.599498364,257.7798458,CI,TUQ,-999.0,757,0.07872083,0.249087684,0.341712278,-0.170366854,CI.TUQ,757,0.07872083,6.076459885,1279.859985,4.729360104,0.07872083041562128,757,834.8174498528451,1036.9491369120651,832.0879939051629,1117.7536699806867
100410,RSN12722,123,12722, TUQ,4.34,35.8373,-117.678,6.864,165.01,819,35.4358,-115.9239,22.7,22.89,0.000102792,0.000419074,1.59e-05,9.84e-06,0.245284367,0.163913848,87.93964652,5.179664862,6.096821743,0.122173048,732.1183023,10.44634146,26.35685535,109.8177453,CI,TUQ,-999.0,469,0.557481315,0.249087684,0.341712278,0.308393631,CI.TUQ,469,0.557481315,6.076459885,1279.859985,4.729360104,0.5574813154067906,469,501.3886044784102,544.332477449778,494.67167712525526,537.6138335796843
100410,RSN14425,123,14425, TUQ,4.14,34.8632,-116.3444,6.474,74.19,819,35.4358,-115.9239,17.44,17.59,-0.003197117,-0.004883866,1.67e-05,1.61e-05,0.654628381,0.163874298,85.65229324,5.179664862,6.084678138,0.296705973,1746.455394,198.5786957,292.4470659,261.9683091,CI,TUQ,-999.0,766,0.066901914,0.249087684,0.341712278,-0.18218577,CI.TUQ,766,0.066901914,6.076459885,1279.859985,4.729360104,0.0669019141124787,766,742.40350340211,957.3166019178169,744.1416325678354,954.804337852192
100410,RSN16567,123,16567, TUQ,3.61,34.2449,-117.4464,12.48,191.96,819,35.4358,-115.9239,17.51,17.6,-5.95e-05,-9.73e-05,2.51e-05,2.68e-05,0.611800322,0.159401198,86.54233224,5.179664862,6.262058538,0.27925268,1702.378454,2.220149254,3.876494024,255.3567681,CI,TUQ,-999.0,751,0.086678432,0.249087684,0.341712278,-0.162409252,CI.TUQ,751,0.086678432,6.076459885,1279.859985,4.729360104,0.08667843208893533,751,714.5602158842169,986.5191326817156,747.2994111017096,1164.323353344276
100410,RSN9114,123,9114, TUQ,5.2,33.5328,-116.5697,15.48,219.28,819,35.4358,-115.9239,13.5,13.68,0.00646537,0.010198872,0.001796641,0.001310107,0.633929905,0.157537231,86.19988068,5.179664862,6.333749326,0.27925268,1768.24435,4.934993859,5.676633228,265.2366525,CI,TUQ,-999.0,773,0.057805035,0.249087684,0.341712278,-0.191282649,CI.TUQ,773,0.057805035,6.076459885,1279.859985,4.729360104,0.0578050352656474,773,813.7710972002905,1103.665162416568,788.0165342169686,1127.5087159395873
100410,RSN13570,123,13570, TUQ,4.06,32.7797,-117.3507,7.174,322.7,819,35.4358,-115.9239,2.36,2.53,2.66e-05,3.43e-05,1.47e-05,9.8e-06,0.776709499,0.163758901,88.89812918,5.179664862,6.105409111,0.331612558,1980.502715,2.714285714,2.333333333,297.0754073,CI,TUQ,-999.0,844,-0.030068411,0.249087684,0.341712278,-0.279156095,CI.TUQ,844,-0.030068411,6.076459885,1279.859985,4.729360104,-0.030068410742887686,844,911.4550504760123,1200.3821673927755,1000.7084923732656,1260.7487374471102
100410,RSN17301,123,17301, TUQ,3.53,34.2894,-116.8271,6.278,151.64,819,35.4358,-115.9239,36.63,36.77,0.000282849,0.00040096,9e-05,6.36e-05,0.705430371,0.16442825,87.98478391,5.179664862,6.07791863,0.314159265,1841.779298,4.447311321,4.455111111,276.2668947,CI,TUQ,-999.0,798,0.025975486,0.249087684,0.341712278,-0.223112198,CI.TUQ,798,0.025975486,6.076459885,1279.859985,4.729360104,0.02597548640326064,798,808.2764636900948,1033.5976306869134,776.4265867399605,1192.5922722902044
100410,RSN8870,123,8870, TUQ,5.39,33.9465,-117.7667,14.89,236.24,819,35.4358,-115.9239,21.9,22.09,-0.001572971,-0.002100968,0.000433528,0.000254576,0.748689071,0.158038761,86.61738917,5.179664862,6.31653763,0.314159265,1995.285467,6.178787474,4.846210625,299.2928201,CI,TUQ,-999.0,849,-0.035975102,0.249087684,0.341712278,-0.285062787,CI.TUQ,849,-0.035975102,6.076459885,1279.859985,4.729360104,-0.03597510245827795,849,816.3576553958089,1224.615874781314,851.4138311615992,1265.904615876204
100410,RSN17441,123,17441, TUQ,3.73,35.2675,-117.3498,7.92,130.95,819,35.4358,-115.9239,34.8,34.88,0.000118883,0.00040634,7.89e-05,3.6e-05,0.292570998,0.163084267,86.92940204,5.179664862,6.122995859,0.13962634,869.3902575,3.302305556,5.150063371,130.4085386,CI,TUQ,-999.0,531,0.433322063,0.249087684,0.341712278,0.184234378,CI.TUQ,531,0.433322063,6.076459885,1279.859985,4.729360104,0.43332206261113093,531,584.5999352156093,621.6316811447026,582.5636694902977,611.9708243237945
100410,RSN15533,123,15533, TUQ,3.68,34.7251,-116.0506,2.727,79.69,819,35.4358,-115.9239,27.0,27.09,-0.000208085,-0.00034977,4.98e-05,4.94e-05,0.594918592,0.168364923,88.73161991,5.179664862,5.93802414,0.261799388,1572.621224,4.212246964,7.023493976,235.8931836,CI,TUQ,-999.0,743,0.097388039,0.249087684,0.341712278,-0.151699645,CI.TUQ,743,0.097388039,6.076459885,1279.859985,4.729360104,0.09738803913531058,743,701.5625285518922,891.509514515307,654.2563033218607,827.2760681010941
100410,RSN13307,123,13307, TUQ,4.19,34.3571,-116.8418,9.486,146.15,819,35.4358,-115.9239,13.99,14.1,0.001994105,0.002767194,0.000396049,0.000290002,0.720623452,0.16138677,86.62742837,5.179664862,6.185563454,0.314159265,1904.12679,6.876176716,6.986999083,285.6190185,CI,TUQ,-999.0,819,0.0,0.249087684,0.341712278,-0.249087684,CI.TUQ,819,0.0,6.076459885,1279.859985,4.729360104,0.0,819,785.6935773500829,1057.0135562425728,772.8068914893908,1220.8731876774948
100410,RSN13907,123,13907, TUQ,4.17,34.3277,-116.829,4.957,148.18,819,35.4358,-115.9239,19.5,19.64,-0.00019132,-0.000309991,2.45e-05,1.21e-05,0.617179356,0.166173138,88.44750746,5.179664862,6.015610792,0.27925268,1643.641063,15.81157025,12.65269388,246.5461595,CI,TUQ,-999.0,731,0.113670624,0.249087684,0.341712278,-0.13541706,CI.TUQ,731,0.113670624,6.076459885,1279.859985,4.729360104,0.11367062410329165,731,771.530005384191,935.4726709994859,739.499261500875,919.9891093028422
100410,RSN17535,123,17535, TUQ,3.62,33.9521,-116.3635,9.067,169.45,819,35.4358,-115.9239,21.04,21.19,-3.02e-05,-5.5e-05,2.01e-06,2.94e-06,0.549051893,0.161873555,87.25089103,5.179664862,6.170551665,0.244346095,1532.675047,10.27210884,27.36318408,229.9012571,CI,TUQ,-999.0,780,0.048790164,0.249087684,0.341712278,-0.20029752,CI.TUQ,780,0.048790164,6.076459885,1279.859985,4.729360104,0.04879016416943216,780,866.8791385811943,991.4964618082327,823.9709387166193,1084.6859032592472
100410,RSN17977,123,17977, TUQ,4.04,36.3911,-117.8665,9.439,204.9,819,35.4358,-115.9239,9.68,9.87,8.26e-05,0.000340213,7.87e-06,5.53e-06,0.242841807,0.161569382,87.61950327,5.179664862,6.183950287,0.122173048,735.7538967,14.93670886,43.22909784,110.3630845,CI,TUQ,-999.0,471,0.55322599,0.249087684,0.341712278,0.304138305,CI.TUQ,471,0.55322599,6.076459885,1279.859985,4.729360104,0.553225989836652,471,541.8531008022256,561.2079611521525,527.5203420314008,591.3855848476933
100429,RSN8754,126,8754, RAMR,5.45,37.4317,-121.7767,7.486,215.18,300,35.636,-120.8698,18.12,18.41,-0.002251018,-0.01128927,0.000616852,0.000126274,0.199394476,0.163503483,88.25584212,5.179664862,6.113244097,0.104719755,601.2637368,17.82645675,18.301424,90.18956052,BK,RAMR,0.6844795,416,-0.326902786,-0.386309912,-0.293685319,0.059407127,BK.RAMR,416,-0.326902786,14.27700043,431.9190063,7.236629963,-0.32690278560506236,416,408.2452537503525,426.24816292220635,536.1582562199704,440.20403969054564
100429,RSN15081,126,15081, RAMR,3.56,36.0672,-120.1861,14.523,78.12,300,35.636,-120.8698,19.98,20.06,-0.000117905,-0.000484134,2.55e-05,3.75e-05,0.243537742,0.156210377,80.03910264,5.179664862,6.305125515,0.122173048,763.0554067,3.144133333,18.98564706,114.458311,BK,RAMR,0.6844795,483,-0.476234179,-0.386309912,-0.293685319,-0.089924267,BK.RAMR,483,-0.476234179,14.27700043,431.9190063,7.236629963,-0.4762341789963713,483,485.5013621315466,456.48279651103036,492.9992031379047,432.95904701285167
100429,RSN14108,126,14108, RAMR,3.8,35.632,-120.7532,6.775,10.57,300,35.636,-120.8698,28.62,28.72,0.091834787,0.584537881,0.000735552,0.000885032,0.157106647,0.138104296,57.31306346,5.179664862,6.094190843,0.06981317,563.284965,103.764369,794.6928035,84.49274475,BK,RAMR,0.6844795,401,-0.290178953,-0.386309912,-0.293685319,0.09613096,BK.RAMR,401,-0.290178953,14.27700043,431.9190063,7.236629963,-0.2901789526503684,401,437.80342577302633,455.2888747442305,472.35312223474466,509.2498764038459
100429,RSN18424,126,18424, RAMR,3.72,35.86,-120.4076,9.04,48.64,300,35.636,-120.8698,21.05,21.13,0.000879902,0.003495984,0.000224903,2.64e-05,0.251689279,0.159766066,80.29272422,5.179664862,6.169533303,0.122173048,769.6005287,33.32962121,15.54440803,115.4400793,BK,RAMR,0.6844795,486,-0.482426149,-0.386309912,-0.293685319,-0.096116237,BK.RAMR,486,-0.482426149,14.27700043,431.9190063,7.236629963,-0.4824261492442927,486,504.78322945067754,459.0749398481847,535.5635044353816,460.59168306399806
100429,RSN18513,126,18513, RAMR,3.4,36.0805,-120.1706,12.646,80.13,300,35.636,-120.8698,20.35,20.45,-0.000107706,-0.000355129,2.93e-05,4.38e-05,0.303285616,0.157905533,81.61398687,5.179664862,6.265188729,0.13962634,928.1181545,2.459041096,12.12044369,139.2177232,BK,RAMR,0.6844795,562,-0.627719375,-0.386309912,-0.293685319,-0.241409463,BK.RAMR,562,-0.627719375,14.27700043,431.9190063,7.236629963,-0.6277193752374899,562,585.3799542978049,514.269620149112,590.6363624640462,460.8907486536375
100429,RSN19021,126,19021, RAMR,3.9,35.6721,-121.0963,5.807,20.9,300,35.636,-120.8698,21.26,21.33,-0.000872069,-0.007323907,0.000413402,9.88e-05,0.119071535,0.159989219,75.80209476,5.179664862,6.059497783,0.052359878,370.0224404,8.826609312,17.71618667,55.50336606,BK,RAMR,0.6844795,310,-0.032789823,-0.386309912,-0.293685319,0.35352009,BK.RAMR,310,-0.032789823,14.27700043,431.9190063,7.236629963,-0.032789822822991255,310,348.1053381106439,361.95602184614955,343.657138628231,377.2716129235427
100429,RSN18521,126,18521, RAMR,3.48,35.8309,-120.3782,6.939,49.45,300,35.636,-120.8698,20.65,20.72,0.000675081,0.002692159,0.000203347,3.22e-05,0.250758342,0.162721053,82.94668801,5.179664862,6.098979266,0.122173048,752.9930573,20.96524845,13.23923638,112.9489586,BK,RAMR,0.6844795,479,-0.467918123,-0.386309912,-0.293685319,-0.08160821,BK.RAMR,479,-0.467918123,14.27700043,431.9190063,7.236629963,-0.467918122754714,479,497.4790580571225,458.79366771572955,517.2410365872331,449.0694022588848
100438,RSN12905,130,12905, SPG2,4.11,36.0312,-117.7658,4.03,92.01,924,36.2006,-118.7662,21.05,21.16,0.000667862,0.000475134,0.000111442,8.3e-05,1.405627847,0.168221959,88.07177038,5.179664862,5.941161117,0.471238898,2722.27367,8.04653012,4.263509269,408.3410505,CI,SPG2,-999.0,1078,-0.15415068,-0.028416479,0.064208115,-0.125734201,CI.SPG2,1078,-0.15415068,11.80700016,657.5360107,10.30140018,-0.15415067982725805,1078,755.2275167235209,1068.326652178292,846.1110366527637,978.0937807985624
100438,RSN18030,130,18030, SPG2,5.0,36.3864,-117.8583,7.408,84.12,924,36.2006,-118.7662,10.5,10.55,0.003711946,0.003218238,0.000413858,0.000230387,1.153409668,0.163132478,85.53162558,5.179664862,6.11135504,0.436332313,2550.325433,16.11178582,7.776188934,382.548815,CI,SPG2,-999.0,1025,-0.10373582,-0.028416479,0.064208115,-0.075319341,CI.SPG2,1025,-0.10373582,11.80700016,657.5360107,10.30140018,-0.10373581993082492,1025,667.7125097182651,845.0094290704142,783.636442305569,889.0149380419897
100438,RSN17000,130,17000, SPG2,3.59,35.7823,-117.6639,7.014,109.7,924,36.2006,-118.7662,13.25,13.31,0.000705232,0.000512872,0.000130628,9.78e-05,1.375064426,0.163651755,86.81276556,5.179664862,6.101084446,0.471238898,2773.01948,7.210961145,3.926202652,415.952922,CI,SPG2,-999.0,1093,-0.167969417,-0.028416479,0.064208115,-0.139552938,CI.SPG2,1093,-0.167969417,11.80700016,657.5360107,10.30140018,-0.16796941653485487,1093,781.3636667892428,1051.181014918323,727.4220925787655,1026.2139348343821
100438,RSN18318,130,18318, SPG2,3.47,36.3879,-117.8711,9.151,83.05,924,36.2006,-118.7662,10.63,10.67,0.00059717,0.001071702,3.01e-05,1.39e-05,0.557216569,0.161164031,84.25369115,5.179664862,6.173678858,0.261799388,1562.676167,42.9618705,35.60471761,234.4014251,CI,SPG2,-999.0,752,0.205975748,-0.028416479,0.064208115,0.234392226,CI.SPG2,752,0.205975748,11.80700016,657.5360107,10.30140018,0.205975747691844,752,737.4229810334637,717.6507168691583,695.9571663467763,617.1568767510546
100438,RSN18048,130,18048, SPG2,4.5,36.3915,-117.8683,9.117,83.39,924,36.2006,-118.7662,11.5,11.57,0.02937272,0.020196343,0.00072842,0.001232424,1.454358351,0.161223044,84.3468329,5.179664862,6.172420506,0.488692191,2890.136757,23.83329114,27.72623349,433.5205136,CI,SPG2,-999.0,1129,-0.200375493,-0.028416479,0.064208115,-0.171959014,CI.SPG2,1129,-0.200375493,11.80700016,657.5360107,10.30140018,-0.2003754925079777,1129,637.2782026363933,1054.565388723986,699.6958105062209,974.1578522790949
100438,RSN17967,130,17967, SPG2,4.04,36.3911,-117.8665,9.439,83.53,924,36.2006,-118.7662,10.42,10.44,0.000120656,0.000130121,4.74e-05,2.16e-05,0.927259893,0.160859312,84.12411221,5.179664862,6.183950287,0.366519143,2266.510995,5.585925926,2.745168776,339.9766493,CI,SPG2,-999.0,936,-0.012903405,-0.028416479,0.064208115,0.015513074,CI.SPG2,936,-0.012903405,11.80700016,657.5360107,10.30140018,-0.012903404835907573,936,740.9579204615051,880.5119826210824,762.4438792187801,835.3809763025833
100438,RSN14609,130,14609, SPG2,4.11,35.6211,-117.5805,9.045,124.86,924,36.2006,-118.7662,25.91,26.02,0.004309066,0.004804831,1.19e-05,9.96e-06,0.896819507,0.161736262,86.25781366,5.179664862,6.169722379,0.366519143,2210.528487,432.6371486,403.7673109,331.5792731,CI,SPG2,-999.0,918,0.006514681,-0.028416479,0.064208115,0.03493116,CI.SPG2,918,0.006514681,11.80700016,657.5360107,10.30140018,0.006514681021193347,918,747.954795442671,886.073499708295,740.3425905296814,800.2962504157802
100438,RSN10811,130,10811, SPG2,4.66,34.2983,-118.6255,8.038,211.44,924,36.2006,-118.7662,14.11,14.2,-0.000103049,-0.000161096,4.72e-05,3.02e-05,0.639673505,0.163133094,88.08049133,5.179664862,6.126524324,0.27925268,1718.865976,3.412218543,3.413050847,257.8298964,CI,SPG2,-999.0,757,0.199348818,-0.028416479,0.064208115,0.227765297,CI.SPG2,757,0.199348818,11.80700016,657.5360107,10.30140018,0.19934881820423556,757,804.4651201861288,751.8822188583908,804.6694056551898,672.1669996708459
100438,RSN18146,130,18146, SPG2,5.19,36.4034,-117.8499,9.418,85.32,924,36.2006,-118.7662,12.17,12.21,0.003091365,0.002400174,0.000816964,0.000863103,1.287975085,0.160921885,84.27725101,5.179664862,6.183223963,0.453785606,2731.695528,3.581687238,2.937918929,409.7543292,CI,SPG2,-999.0,1081,-0.156929746,-0.028416479,0.064208115,-0.128513267,CI.SPG2,1081,-0.156929746,11.80700016,657.5360107,10.30140018,-0.15692974599752407,1081,646.6680963759184,910.0392198828185,733.4813682019438,890.2033559337738
100438,RSN18232,130,18232, SPG2,4.36,36.3932,-117.8644,8.798,83.78,924,36.2006,-118.7662,12.15,12.23,0.013870601,0.009324181,0.000234595,0.000144948,1.487594605,0.161605746,84.56764772,5.179664862,6.160106881,0.488692191,2908.861093,95.69363496,39.74586415,436.329164,CI,SPG2,-999.0,1134,-0.204794413,-0.028416479,0.064208115,-0.176377934,CI.SPG2,1134,-0.204794413,11.80700016,657.5360107,10.30140018,-0.20479441264601306,1134,653.7662770814994,1103.8393008202208,699.9422427135446,984.4592518149316
100438,RSN10536,130,10536, SPG2,4.45,34.1081,-117.3062,14.795,267.56,924,36.2006,-118.7662,15.4,15.54,0.000498187,0.000588923,0.00011419,0.000108171,0.845928236,0.158174724,87.03124881,5.179664862,6.313637877,0.34906585,2173.173388,4.605550471,5.157395569,325.9760082,CI,SPG2,-999.0,906,0.019672766,-0.028416479,0.064208115,0.048089244,CI.SPG2,906,0.019672766,11.80700016,657.5360107,10.30140018,0.019672765598704345,906,926.1153251041187,1182.8189968507288,874.5650206211604,911.8765160057757
100438,RSN16650,130,16650, SPG2,3.69,33.735,-117.4936,9.693,297.2,924,36.2006,-118.7662,10.98,11.08,1.19e-05,1.22e-05,2.21e-06,1.53e-06,0.977695138,0.161416851,88.31780713,5.179664862,6.192470162,0.383972435,2336.834786,7.777777778,5.520361991,350.5252179,CI,SPG2,-999.0,958,-0.036135706,-0.028416479,0.064208115,-0.007719228,CI.SPG2,958,-0.036135706,11.80700016,657.5360107,10.30140018,-0.03613570632917629,958,899.4412430215762,1057.9840418342374,948.4974424011413,957.6820064340109
100438,RSN16368,130,16368, SPG2,3.74,34.8456,-119.2446,12.927,156.47,924,36.2006,-118.7662,35.3,35.37,-0.000297381,-0.000411554,7.65e-05,2.79e-05,0.722580006,0.159012051,85.59985301,5.179664862,6.270295551,0.314159265,1936.139211,10.6588172,5.37979085,290.4208817,CI,SPG2,-999.0,829,0.108491917,-0.028416479,0.064208115,0.136908395,CI.SPG2,829,0.108491917,11.80700016,657.5360107,10.30140018,0.1084919165063889,829,725.4132478214041,854.5599932873045,809.571100717834,710.3707925949302
100438,RSN18190,130,18190, SPG2,4.08,36.3983,-117.8495,7.662,85.21,924,36.2006,-118.7662,12.35,12.38,0.000692062,0.00076874,0.000148094,0.000205059,0.900254131,0.162945483,85.4109888,5.179664862,6.117348091,0.366519143,2199.095426,3.374940871,5.190892271,329.8643139,CI,SPG2,-999.0,915,0.009788006,-0.028416479,0.064208115,0.038204485,CI.SPG2,915,0.009788006,11.80700016,657.5360107,10.30140018,0.00978800636616306,915,755.0519434758372,860.5469204686419,802.3191601221235,818.3246934563027
100438,RSN12716,130,12716, SPG2,4.34,35.8373,-117.678,6.864,106.06,924,36.2006,-118.7662,22.93,23.06,0.004231387,0.004402535,1.74e-05,2.91e-05,0.961125127,0.163759777,86.77281659,5.179664862,6.096821743,0.383972435,2281.448967,145.408488,253.0192529,342.2173451,CI,SPG2,-999.0,941,-0.018231068,-0.028416479,0.064208115,0.010185411,CI.SPG2,941,-0.018231068,11.80700016,657.5360107,10.30140018,-0.018231067943695223,941,765.2180199582453,858.4928358026001,830.303560305202,824.9567330949451
100438,RSN11466,130,11466, SPG2,4.73,33.7328,-117.4921,10.018,297.48,924,36.2006,-118.7662,60.43,60.57,0.000101807,9.92e-05,1.78e-05,1.61e-05,1.02656678,0.161145277,88.25495417,5.179664862,6.202702587,0.401425728,2413.48673,6.323416149,5.573033708,362.0230095,CI,SPG2,-999.0,982,-0.060879237,-0.028416479,0.064208115,-0.032462758,CI.SPG2,982,-0.060879237,11.80700016,657.5360107,10.30140018,-0.060879236712781726,982,865.0309652308446,1079.1190711211625,800.8182988501036,939.7601007647396
100438,RSN18287,130,18287, SPG2,4.2,36.3905,-117.8695,8.829,83.26,924,36.2006,-118.7662,12.9,12.93,0.005058509,0.004350124,0.001593172,0.0012291,1.16284258,0.161567496,84.54618202,5.179664862,6.161345296,0.436332313,2585.203481,4.115620373,2.730479823,387.7805222,CI,SPG2,-999.0,1036,-0.114410351,-0.028416479,0.064208115,-0.085993873,CI.SPG2,1036,-0.114410351,11.80700016,657.5360107,10.30140018,-0.11441035117774412,1036,714.7675824537049,971.7082752501947,741.2849505395789,968.0690460144035
100438,RSN18308,130,18308, SPG2,3.05,36.3904,-117.8704,9.371,83.18,924,36.2006,-118.7662,7.18,7.21,0.001804253,0.001767525,0.000196888,0.000346601,1.020779227,0.160934378,84.17113179,5.179664862,6.181585801,0.401425728,2409.329514,5.205562015,8.977311974,361.3994271,CI,SPG2,-999.0,981,-0.059860388,-0.028416479,0.064208115,-0.031443909,CI.SPG2,981,-0.059860388,11.80700016,657.5360107,10.30140018,-0.059860387923679426,981,702.3283320881956,970.0016506846237,603.6432498304724,996.9672688439659
100438,RSN14682,130,14682, SPG2,3.9,35.3429,-118.5645,9.906,96.9,924,36.2006,-118.7662,20.51,20.57,-0.004582885,-0.007328044,0.000532145,9.43e-05,0.625390033,0.160605454,84.64432442,5.179664862,6.199256899,0.27925268,1717.291559,48.59899258,13.77076549,257.5937339,CI,SPG2,-999.0,756,0.200670695,-0.028416479,0.064208115,0.229087174,CI.SPG2,756,0.200670695,11.80700016,657.5360107,10.30140018,0.20067069546215066,756,726.585221691252,713.5512937651029,708.822697582987,609.9184166121819
100452,RSN18047,134,18047, RCT,4.5,36.3915,-117.8683,9.117,123.84,282,36.3052,-119.2438,10.67,10.82,0.008545547,0.046019592,0.001395475,0.001429802,0.185693682,0.161653603,86.19356204,5.179664862,6.172420506,0.087266463,566.8678937,5.976734541,32.97772586,85.03018406,CI,RCT,3.7,402,-0.354545018,-0.356168493,-0.263543899,0.001623475,CI.RCT,402,-0.354545018,5.659100056,108.0770035,0.161065996,-0.3545450176809073,402,402.3389691333862,365.59400075666133,359.2676775898381,327.92948481515504
100452,RSN18187,134,18187, RCT,4.08,36.3983,-117.8495,7.662,125.58,282,36.3052,-119.2438,10.8,10.9,0.000721735,0.003909779,0.001164321,0.000161988,0.18459726,0.163234112,86.92469468,5.179664862,6.117348091,0.087266463,558.1731387,4.455484357,3.357990623,83.72597081,CI,RCT,3.7,399,-0.347054346,-0.356168493,-0.263543899,0.009114147,CI.RCT,399,-0.347054346,5.659100056,108.0770035,0.161065996,-0.3470543459517499,399,440.1324456531832,383.1907189750678,395.1862749526029,329.48901968035767
100452,RSN9769,134,9769, RCT,4.69,35.0172,-119.0247,9.251,144.28,282,36.3052,-119.2438,8.5,8.69,-0.001611656,-0.008486225,0.000302358,0.000148191,0.18991437,0.16161363,86.69773499,5.179664862,6.177322679,0.087266463,579.4561065,10.87553225,28.06681153,86.91841598,CI,RCT,3.7,407,-0.366906115,-0.356168493,-0.263543899,-0.010737622,CI.RCT,407,-0.366906115,5.659100056,108.0770035,0.161065996,-0.36690611450448074,407,398.3944359359138,367.8824705899703,364.68096605728334,334.70480845813415
100458,RSN17929,136,17929, MDPB,4.04,36.3911,-117.8665,9.439,175.0,580,37.6323,-119.0794,12.45,12.72,3.74e-05,0.000489813,1.1e-05,1.37e-06,0.076258853,0.16151688,87.20730569,5.179664862,6.183950287,0.034906585,235.5310357,27.29927007,44.52845455,35.32965536,NC,MDPB,4.121806667,227,0.938078086,0.704825117,0.79744971,0.233252969,NC.MDPB,227,0.938078086,13.47599983,2372.969971,5.602079868,0.9380780860590621,227,272.3588454810092,241.56566243212845,269.5406402238326,237.67475881208168
100458,RSN18218,136,18218, MDPB,4.36,36.3932,-117.8644,8.798,174.94,580,37.6323,-119.0794,12.5,12.57,-3.48e-05,-0.000300236,0.000108841,2.87e-06,0.116007697,0.162170183,87.41913142,5.179664862,6.160106881,0.052359878,355.7789671,12.12543554,2.758482557,53.36684507,NC,MDPB,4.121806667,301,0.655917839,0.704825117,0.79744971,-0.048907278,NC.MDPB,301,0.655917839,13.47599983,2372.969971,5.602079868,0.6559178387915896,301,327.4056743719178,316.91075875597795,352.22103115282937,292.5799144452618
100458,RSN18104,136,18104, MDPB,5.19,36.4034,-117.8499,9.418,174.85,580,37.6323,-119.0794,11.63,11.77,-0.000365045,-0.002279665,0.000481261,0.000111922,0.160130863,0.161536806,87.2142442,5.179664862,6.183223963,0.087266463,491.2746474,3.26160183,4.736857963,73.69119711,NC,MDPB,4.121806667,370,0.449525098,0.704825117,0.79744971,-0.255300019,NC.MDPB,370,0.449525098,13.47599983,2372.969971,5.602079868,0.4495250979021952,370,360.15490721233806,399.13997218979,427.0697818545986,329.4249212040186
100458,RSN18267,136,18267, MDPB,4.2,36.3905,-117.8695,8.829,174.89,580,37.6323,-119.0794,11.92,11.99,6.16e-05,0.000640058,7.58e-05,1.14e-05,0.096248184,0.162136278,87.40888545,5.179664862,6.161345296,0.052359878,295.8521559,5.403508772,8.444036939,44.37782339,NC,MDPB,4.121806667,267,0.775779445,0.704825117,0.79744971,0.070954328,NC.MDPB,267,0.775779445,13.47599983,2372.969971,5.602079868,0.7757794451402154,267,304.99530093182705,281.9101485822812,309.68177189283074,265.43639995820257
100461,RSN9068,137,9068, PDM,5.2,33.5328,-116.5697,15.48,240.27,1312,34.3034,-114.1415,13.2,13.3,0.000527413,0.000512903,8.16e-05,0.00013247,1.028289394,0.157595394,86.53292882,5.179664862,6.333749326,0.401425728,2470.066566,3.981376916,6.28557598,370.5099849,CI,PDM,-999.0,1000,0.271552691,0.269239266,0.361863859,0.002313425,CI.PDM,1000,0.271552691,17.89559937,155.1119995,8.612790108,0.27155269052189723,1000,821.0243678219365,1363.1663955467357,738.0254721194606,1459.5516654783041
100461,RSN12775,137,12775, PDM,4.26,33.9538,-116.3912,7.696,211.12,1312,34.3034,-114.1415,22.8,22.9,-0.001079785,-0.001270342,0.000394694,0.000496607,0.849995751,0.16336517,88.1649696,5.179664862,6.118116656,0.34906585,2110.361806,2.174324969,3.218549053,316.5542709,CI,PDM,-999.0,886,0.392591019,0.269239266,0.361863859,0.123351753,CI.PDM,886,0.392591019,17.89559937,155.1119995,8.612790108,0.392591018898953,886,848.7068012813188,1416.471500191528,833.7435751311073,1425.9319653597047
100461,RSN10493,137,10493, PDM,4.45,34.1081,-117.3062,14.795,292.47,1312,34.3034,-114.1415,14.03,14.12,0.000164163,0.000155223,4.06e-05,3.54e-05,1.057595243,0.15820962,87.28589692,5.179664862,6.313637877,0.401425728,2497.360348,4.637372881,3.823226601,374.6040522,CI,PDM,-999.0,1009,0.262592949,0.269239266,0.361863859,-0.006646317,CI.PDM,1009,0.262592949,17.89559937,155.1119995,8.612790108,0.2625929491504255,1009,937.8409087012865,1283.4996913504642,830.2943752422166,1427.6647994702685
100461,RSN14413,137,14413, PDM,4.14,34.8632,-116.3444,6.474,211.44,1312,34.3034,-114.1415,29.25,29.33,-0.002085112,-0.001364886,0.000324569,0.00042163,1.527682302,0.164291424,88.50682814,5.179664862,6.084678138,0.488692191,2890.572064,4.945359676,4.205226007,433.5858096,CI,PDM,-999.0,1129,0.150220405,0.269239266,0.361863859,-0.119018861,CI.PDM,1129,0.150220405,17.89559937,155.1119995,8.612790108,0.1502204053543723,1129,811.232231880894,1160.3624082341926,848.5781715476635,1379.9866264792342
