SSN,File.name,Code,RSN,SID,Mw,E.Lat,E.Long,E.Dep,EpiD,Vs30_mea,S.Lat,S.Long,p.ver,peak.time,Ur,Uz,max.noise.ver.05,max.noise.rad.05,U.ratio,ray.p,i2.angle,Vp_1,Vp_2,j.angle,Vsz,SNRrad,SNRver,z_0.15,network,station,f0,Vs30_est,Res,y_bar,eta,within_res,station2,Vs30_f0,Res_f0,slope,mean_ele_500m,slope_500m,log_res,P-wave_pred,Set1_pred,Set2_pred,Set3_pred,Set4_pred
1592,RSN16013,7,16013,-999,3.73,35.6346,-117.5657,2.693,143.29,726,34.8294,-116.335,36.08,36.33,0.000118602,0.000294744,1.03e-05,1.53e-05,0.402390633,0.168394048,89.31207735,5.179664862,5.93802414,0.191986218,1129.142565,7.751764706,28.61592233,169.3713848,,,-1.0,640,0.126081838,0.103498702,0.196123295,0.022583137,NA.NA,640,0.126081838,44.26279831,898.9589844,9.174039841,0.12608183847107846,640,839.0613111583474,865.6345503661341,840.2511392014942,906.3180386956064
1592,RSN14590,7,14590,-999,4.11,35.6211,-117.5805,9.045,143.43,726,34.8294,-116.335,39.99,40.09,0.000213611,0.001516939,4.06e-05,1.21e-05,0.140817422,0.161822348,86.75737805,5.179664862,6.169722379,0.06981317,431.9001847,17.65380165,37.36302956,64.78502771,,,-1.0,343,0.749819568,0.103498702,0.196123295,0.646320866,NA.NA,343,0.749819568,44.26279831,898.9589844,9.174039841,0.7498195676588564,343,398.25560940825306,408.9414158111596,423.76803082875324,503.5086158911642
1592,RSN12691,7,12691,-999,4.34,35.8373,-117.678,6.864,165.57,726,34.8294,-116.335,25.01,25.13,0.000140563,0.000960378,1.71e-05,1.22e-05,0.146361817,0.163915136,87.95219892,5.179664862,6.096821743,0.06981317,442.8302046,11.52155738,56.16245614,66.42453069,,,-1.0,348,0.735347535,0.103498702,0.196123295,0.631848833,NA.NA,348,0.735347535,44.26279831,898.9589844,9.174039841,0.7353475350503214,348,405.9955921173631,413.67405497740526,453.96245124271456,520.9818619176979
1592,RSN8219,7,8219,-999,4.92,33.5083,-116.5143,15.2,147.82,726,34.8294,-116.335,26.3,26.5,-0.003064116,-0.003293982,0.000370207,0.000354905,0.930216542,0.157341639,84.44486918,5.179664862,6.325747735,0.366519143,2321.460886,8.633623082,8.897676165,348.2191329,,,-1.0,953,-0.272064889,0.103498702,0.196123295,-0.375563591,NA.NA,953,-0.272064889,44.26279831,898.9589844,9.174039841,-0.27206488882940594,953,904.3246114686451,981.7017662413945,934.6457385723165,1073.648503088748
1592,RSN14238,7,14238,-999,3.94,32.7219,-116.8133,20.237,237.92,726,34.8294,-116.335,25.95,26.06,-2.71e-05,-6.08e-05,7.5e-06,2.6e-06,0.445965928,0.154755732,85.33996833,5.179664862,6.440435438,0.20943951,1345.352857,10.42307692,8.106666667,201.8029286,,,-1.0,716,0.013869848,0.103498702,0.196123295,-0.089628854,NA.NA,716,0.013869848,44.26279831,898.9589844,9.174039841,0.013869847864150131,716,915.0746565499543,1006.6595367900441,879.6807975081254,1148.8838264719022
1592,RSN14729,7,14729,-999,3.84,34.2268,-117.4407,8.593,121.55,726,34.8294,-116.335,20.95,21.03,4.71e-05,0.000116053,2.25e-05,6.26e-06,0.406227975,0.16223288,86.37943632,5.179664862,6.151676073,0.191986218,1181.676041,7.523961661,5.157911111,177.2514062,,,-1.0,655,0.102914779,0.103498702,0.196123295,-0.000583923,NA.NA,655,0.102914779,44.26279831,898.9589844,9.174039841,0.10291477918954417,655,731.2250600197034,824.6444902847837,810.4706702293707,919.7235153782121
1592,RSN18015,7,18015,-999,5.0,36.3864,-117.8583,7.408,221.12,726,34.8294,-116.335,11.18,11.24,4.71e-05,0.000218673,3.43e-05,1.85e-05,0.215608623,0.16355983,88.323988,5.179664862,6.11135504,0.104719755,647.8599628,2.545945946,6.375306122,97.17899442,,,-1.0,432,0.519124427,0.103498702,0.196123295,0.415625725,NA.NA,432,0.519124427,44.26279831,898.9589844,9.174039841,0.5191244265806851,432,456.2890472452284,473.70262101399,516.8958617028137,564.3711602369259
1592,RSN13241,7,13241,-999,4.19,34.3571,-116.8418,9.486,70.05,726,34.8294,-116.335,12.38,12.47,-0.002350667,-0.0068097,0.000204123,9.05e-06,0.345193954,0.160422411,82.88659866,5.179664862,6.185563454,0.174532925,1032.53807,259.7422099,33.36076777,154.8807105,,,-1.0,613,0.169185079,0.103498702,0.196123295,0.065686377,NA.NA,613,0.169185079,44.26279831,898.9589844,9.174039841,0.16918507888858425,613,613.6579250418683,664.7130779547331,659.9936086579556,843.5349797441053
1592,RSN17257,7,17257,-999,3.53,34.2894,-116.8271,6.278,75.02,726,34.8294,-116.335,26.68,26.78,-0.000325428,-0.000736611,5.61e-06,8.97e-06,0.441791556,0.164101647,85.8646325,5.179664862,6.07791863,0.20943951,1258.730323,36.27959866,131.3032086,188.8095485,,,-1.0,685,0.058131177,0.103498702,0.196123295,-0.045367525,NA.NA,685,0.058131177,44.26279831,898.9589844,9.174039841,0.058131176562570275,685,722.216383582088,886.7082868158315,755.297231867769,976.4123320351965
1592,RSN16795,7,16795,-999,3.87,34.1402,-116.7627,11.324,85.96,726,34.8294,-116.335,14.74,14.82,0.000176751,0.000423454,2.68e-05,2.46e-05,0.417403003,0.159121346,82.99321538,5.179664862,6.237577418,0.191986218,1233.232771,7.185,15.80052239,184.9849157,,,-1.0,675,0.072837324,0.103498702,0.196123295,-0.030661378,NA.NA,675,0.072837324,44.26279831,898.9589844,9.174039841,0.07283732395226572,675,654.7480120866483,783.2667232869841,717.863169162498,960.6454265182538
1592,RSN13941,7,13941,-999,3.79,34.2691,-117.4608,11.018,120.58,726,34.8294,-116.335,20.87,21.09,-0.000451952,-0.000688561,9.04e-06,6.43e-06,0.656371476,0.159943004,85.18790853,5.179664862,6.230189198,0.296705973,1792.801917,70.28802488,76.16825221,268.9202876,,,-1.0,782,-0.074304726,0.103498702,0.196123295,-0.177803428,NA.NA,782,-0.074304726,44.26279831,898.9589844,9.174039841,-0.07430472572051539,782,782.221916427991,946.4524427078851,853.2971065989899,959.784794589732
1592,RSN18259,7,18259,-999,4.2,36.3905,-117.8695,8.829,222.1,726,34.8294,-116.335,9.88,10.01,3.73e-05,0.000129027,4.46e-06,1.07e-05,0.289337983,0.162199545,87.9619116,5.179664862,6.161345296,0.13962634,865.2084883,3.485981308,28.92982063,129.7812732,,,-1.0,529,0.316561583,0.103498702,0.196123295,0.213062881,NA.NA,529,0.316561583,44.26279831,898.9589844,9.174039841,0.3165615829664965,529,676.87998412647,654.7393039529128,726.4631032991889,729.8640802318158
1592,RSN12757,7,12757,-999,4.26,33.9538,-116.3912,7.696,97.27,726,34.8294,-116.335,23.1,23.16,-0.000339154,-0.000606615,0.000162027,7.82e-05,0.559092267,0.163052842,86.01008141,5.179664862,6.118116656,0.261799388,1548.598542,4.337007673,3.743913052,232.2897813,,,-1.0,766,-0.053632155,0.103498702,0.196123295,-0.157130857,NA.NA,766,-0.053632155,44.26279831,898.9589844,9.174039841,-0.053632154915795205,766,799.0991998094219,878.2378485743089,820.1042861004171,945.1245873711147
1592,RSN17500,7,17500,-999,3.62,33.9521,-116.3635,9.067,97.35,726,34.8294,-116.335,20.11,20.2,-0.000115983,-0.000246289,1.94e-05,1.49e-05,0.470921563,0.161490903,85.19664871,5.179664862,6.170551665,0.226892803,1353.426993,7.78409396,12.69530928,203.014049,,,-1.0,719,0.009688657,0.103498702,0.196123295,-0.093810045,NA.NA,719,0.009688657,44.26279831,898.9589844,9.174039841,0.009688657103748888,719,728.7358814953628,902.5200660293166,808.9262985943095,996.6587373139686
1592,RSN9023,7,9023,-999,5.2,33.5328,-116.5697,15.48,145.44,726,34.8294,-116.335,20.95,21.1,-0.003391675,-0.004682369,0.000754472,0.000226709,0.724350181,0.157092152,84.25789277,5.179664862,6.333749326,0.314159265,1963.069207,14.96047797,6.206153442,294.4603811,,,-1.0,838,-0.143468086,0.103498702,0.196123295,-0.246966788,NA.NA,838,-0.143468086,44.26279831,898.9589844,9.174039841,-0.14346808565728697,838,855.467719031916,906.1962712736336,904.5852922678113,972.1127387320076
1592,RSN18091,7,18091,-999,5.19,36.4034,-117.8499,9.418,222.11,726,34.8294,-116.335,12.55,12.63,-4.79e-05,-0.000106717,3.15e-05,1.66e-05,0.449219971,0.161609664,87.80872413,5.179664862,6.183223963,0.20943951,1296.183155,2.885542169,3.38784127,194.4274733,,,-1.0,699,0.037899273,0.103498702,0.196123295,-0.065599429,NA.NA,699,0.037899273,44.26279831,898.9589844,9.174039841,0.03789927259098569,699,733.5629071678434,770.123395835062,753.8854846315986,796.7670417875427
1592,RSN16825,7,16825,-999,3.49,34.309,-116.9297,9.684,79.44,726,34.8294,-116.335,10.45,10.51,0.000447665,0.001824093,0.000133799,8.76e-06,0.245417916,0.160502448,83.64723144,5.179664862,6.192176404,0.122173048,748.0633886,51.1033105,13.63308395,112.2095083,,,-1.0,476,0.422132161,0.103498702,0.196123295,0.318633459,NA.NA,476,0.422132161,44.26279831,898.9589844,9.174039841,0.42213216059337544,476,511.98519363005835,594.7055869575844,572.5052529319003,742.9394497012823
1592,RSN10070,7,10070,-999,4.18,34.3617,-118.6637,11.151,219.83,726,34.8294,-116.335,6.5,6.67,0.000158484,0.000423788,3.27e-05,9.18e-06,0.373969449,0.160251092,87.33399243,5.179664862,6.233452986,0.174532925,1109.864259,17.26405229,12.95987768,166.4796389,,,-1.0,635,0.133925016,0.103498702,0.196123295,0.030426314,NA.NA,635,0.133925016,44.26279831,898.9589844,9.174039841,0.13392501593210415,635,729.618645341986,778.241090272627,789.0522105648295,833.4684634755688
1592,RSN8328,7,8328,-999,4.27,33.9173,-117.7758,7.0,166.65,726,34.8294,-116.335,10.3,10.55,0.000653785,0.001130951,0.000102579,3.22e-05,0.578084235,0.163807474,87.91743472,5.179664862,6.100695365,0.261799388,1581.553122,20.30388199,11.02517084,237.2329683,,,-1.0,734,-0.010959014,0.103498702,0.196123295,-0.114457716,NA.NA,734,-0.010959014,44.26279831,898.9589844,9.174039841,-0.010959013789719307,734,877.4424653684051,910.0901386845021,872.7906837754632,908.1831180897833
1592,RSN9355,7,9355,-999,4.88,34.0655,-117.0011,17.501,104.54,726,34.8294,-116.335,13.0,13.12,-0.002092937,-0.003807435,0.000481575,8.36e-05,0.54969731,0.154671615,80.89833336,5.179664862,6.383907006,0.244346095,1605.512329,25.03513158,7.906213985,240.8268494,,,-1.0,718,0.011080446,0.103498702,0.196123295,-0.092418256,NA.NA,718,0.011080446,44.26279831,898.9589844,9.174039841,0.011080445776571857,718,823.4800852350469,817.2234523087047,804.0891391226871,866.2307751701089
1592,RSN17084,7,17084,-999,3.52,34.2098,-116.4371,4.645,69.37,726,34.8294,-116.335,24.76,24.85,0.000365149,0.000793139,3.61e-05,6.49e-06,0.460384929,0.166577835,86.93171413,5.179664862,5.994593769,0.20943951,1283.586827,56.2633282,21.97060942,192.5380241,,,-1.0,694,0.045078054,0.103498702,0.196123295,-0.058420648,NA.NA,694,0.045078054,44.26279831,898.9589844,9.174039841,0.04507805431799117,694,749.207481088883,888.8583294406532,756.7112019571771,986.5074289416783
1592,RSN15527,7,15527,-999,3.68,34.7251,-116.0506,2.727,28.49,726,34.8294,-116.335,17.52,17.68,0.001090494,0.003133314,0.00011733,1.99e-05,0.348032094,0.168062743,86.34017784,5.179664862,5.93802414,0.174532925,992.8490299,54.79869347,26.70513935,148.9273545,,,-1.0,598,0.193959261,0.103498702,0.196123295,0.090460559,NA.NA,598,0.193959261,44.26279831,898.9589844,9.174039841,0.19395926087416449,598,587.4963279181401,699.5913751079926,618.1190693446374,940.3226170771453
1592,RSN11388,7,11388,-999,4.73,33.7328,-117.4921,10.018,161.71,726,34.8294,-116.335,23.18,23.33,-0.000102887,-0.000222363,5.76e-05,1.38e-05,0.462697486,0.160964579,86.7740797,5.179664862,6.202702587,0.20943951,1333.896691,7.45557971,3.86046875,200.0845037,,,-1.0,712,0.019472103,0.103498702,0.196123295,-0.084026599,NA.NA,712,0.019472103,44.26279831,898.9589844,9.174039841,0.01947210341282002,712,777.492964132475,781.846891362503,780.7646837112522,829.4876555811252
1592,RSN16265,7,16265,-999,3.64,33.223,-116.7186,8.687,181.67,726,34.8294,-116.335,38.05,38.2,-0.000148161,-0.000179965,2.19e-05,2.07e-05,0.823275643,0.1623059,87.55463777,5.179664862,6.155594857,0.34906585,2082.353263,7.157536232,8.217579909,312.3529895,,,-1.0,877,-0.188956978,0.103498702,0.196123295,-0.292455679,NA.NA,877,-0.188956978,44.26279831,898.9589844,9.174039841,-0.18895697754738716,877,960.8623231468353,1004.7504446295976,1004.9073672571116,1038.5550380478326
1592,RSN11726,7,11726,-999,4.5,34.3365,-116.8617,8.94,72.97,726,34.8294,-116.335,12.94,13.08,-0.002605827,-0.005105863,4.03e-05,5.69e-06,0.510359732,0.161182716,83.61906869,5.179664862,6.165704274,0.244346095,1452.719834,457.9660808,126.6963524,217.9079751,,,-1.0,754,-0.037842353,0.103498702,0.196123295,-0.141341055,NA.NA,754,-0.037842353,44.26279831,898.9589844,9.174039841,-0.037842353183160427,754,730.0233526800098,758.3451242027837,733.5050072564081,897.7270153990838
1592,RSN14545,7,14545,-999,3.78,34.0294,-116.7534,14.93,96.72,726,34.8294,-116.335,19.85,19.91,-0.000126756,-0.00028677,2.38e-05,1.22e-05,0.442013253,0.156609598,81.65807647,5.179664862,6.317747533,0.20943951,1319.504474,10.38983607,12.04915966,197.9256711,,,-1.0,707,0.026519349,0.103498702,0.196123295,-0.076979353,NA.NA,707,0.026519349,44.26279831,898.9589844,9.174039841,0.02651934892822272,707,725.5640606157586,834.4013254161198,757.975595377713,970.9587715350044
1592,RSN13531,7,13531,-999,4.06,32.7797,-117.3507,7.174,246.03,726,34.8294,-116.335,16.18,16.27,-2.95e-05,-6.07e-05,1.68e-05,8.94e-06,0.486524709,0.16373678,88.55053821,5.179664862,6.105409111,0.226892803,1371.07904,3.299776286,3.613095238,205.661856,,,-1.0,725,0.00137836,0.103498702,0.196123295,-0.102120342,NA.NA,725,0.00137836,44.26279831,898.9589844,9.174039841,0.0013783599701211457,725,1005.1564937988694,906.5185639227581,952.1698724981578,946.0287367255845
1592,RSN13847,7,13847,-999,4.17,34.3277,-116.829,4.957,71.78,726,34.8294,-116.335,20.94,21.07,-0.003214915,-0.008687706,3.35e-05,2.77e-05,0.370053432,0.165969195,86.76459473,5.179664862,6.015610792,0.174532925,1061.722477,116.0619134,259.3345075,159.2583716,,,-1.0,622,0.154609922,0.103498702,0.196123295,0.05111122,NA.NA,622,0.154609922,44.26279831,898.9589844,9.174039841,0.15460992208561652,622,619.0016477977354,706.7141362640075,659.9342657953299,856.8346300653403
1592,RSN12404,7,12404,-999,4.27,36.1466,-118.0613,4.057,214.23,726,34.8294,-116.335,29.61,29.74,2.3e-05,0.000112059,7.73e-06,4.7e-06,0.204983758,0.168221243,89.17386293,5.179664862,5.943934512,0.104719755,600.136565,4.893617021,14.49663648,90.02048475,,,-1.0,415,0.559271495,0.103498702,0.196123295,0.455772793,NA.NA,415,0.559271495,44.26279831,898.9589844,9.174039841,0.559271494594098,415,585.196249279193,539.1202950573955,642.1458766952734,662.2414412367785
1592,RSN10442,7,10442,-999,4.45,34.1081,-117.3062,14.795,119.85,726,34.8294,-116.335,15.42,15.66,-0.006005411,-0.008511933,0.000722021,9.78e-05,0.705528429,0.157315906,83.33200261,5.179664862,6.313637877,0.314159265,1925.231848,61.40502045,11.78903799,288.7847772,,,-1.0,826,-0.129044759,0.103498702,0.196123295,-0.232543461,NA.NA,826,-0.129044759,44.26279831,898.9589844,9.174039841,-0.12904475869618182,826,831.6269643024498,925.846466097669,878.5759974695566,1034.1476630408292
1592,RSN17663,7,17663,-999,3.47,33.8029,-116.1786,7.366,114.77,726,34.8294,-116.335,22.85,22.92,-4.46e-05,-9.56e-05,1.31e-05,9.08e-06,0.466046103,0.163398482,86.77557706,5.179664862,6.110319177,0.20943951,1321.91819,4.911894273,7.297709924,198.2877285,,,-1.0,708,0.025105921,0.103498702,0.196123295,-0.078392781,NA.NA,708,0.025105921,44.26279831,898.9589844,9.174039841,0.025105921131076236,708,782.1958397606036,906.3780292574916,850.7099158735067,977.3109364543882
1592,RSN16949,7,16949,-999,3.63,34.1242,-116.405,9.555,78.49,726,34.8294,-116.335,12.54,12.6,-0.000579033,-0.001449631,9.77e-05,1.42e-05,0.399434656,0.16061739,83.6602166,5.179664862,6.187901101,0.191986218,1176.278391,40.77697183,14.83757421,176.4417587,,,-1.0,653,0.105972886,0.103498702,0.196123295,0.002474184,NA.NA,653,0.105972886,44.26279831,898.9589844,9.174039841,0.10597288554836481,653,643.5989378320481,803.9924976127959,709.2852030173108,950.343719068479
1592,RSN13070,7,13070,-999,4.11,34.373,-117.6258,8.33,128.77,726,34.8294,-116.335,18.0,18.13,-0.000185377,-0.000439077,0.00010338,1.93e-05,0.422195747,0.162590385,86.69675079,5.179664862,6.140206558,0.191986218,1218.768829,9.605025907,4.247214161,182.8153244,,,-1.0,669,0.081765955,0.103498702,0.196123295,-0.021732747,NA.NA,669,0.081765955,44.26279831,898.9589844,9.174039841,0.081765954696567,669,754.2414449098351,799.908764662834,810.3725783300523,919.51823335437
1592,RSN13998,7,13998,-999,4.15,33.638,-116.7082,12.649,136.56,726,34.8294,-116.335,15.28,15.41,-0.000212392,-0.000458729,2.68e-05,4.59e-06,0.463001572,0.159019776,85.06822693,5.179664862,6.265244507,0.20943951,1350.947602,46.27276688,17.11675373,202.6421403,,,-1.0,718,0.011080446,0.103498702,0.196123295,-0.092418256,NA.NA,718,0.011080446,44.26279831,898.9589844,9.174039841,0.011080445776571857,718,741.6469926061029,840.9716188684953,791.2475344320128,929.391599869661
1592,RSN9198,7,9198,-999,5.03,35.3852,-118.6292,7.3,218.06,726,34.8294,-116.335,6.1,6.37,0.000533187,0.002057459,4.52e-05,2.27e-05,0.259148094,0.163632324,88.32934673,5.179664862,6.108664217,0.122173048,772.3238196,23.4884141,45.51900442,115.8485729,,,-1.0,487,0.399285892,0.103498702,0.196123295,0.29578719,NA.NA,487,0.399285892,44.26279831,898.9589844,9.174039841,0.3992858917422062,487,508.38175969063553,530.3420788148597,573.9151637154298,616.270436898966
1592,RSN18210,7,18210,-999,4.36,36.3932,-117.8644,8.798,222.05,726,34.8294,-116.335,10.8,10.85,-8.18e-05,-0.000283877,3.39e-05,1.55e-05,0.288074424,0.162232965,87.96997493,5.179664862,6.160106881,0.13962634,861.5372396,5.277419355,8.373952802,129.2305859,,,-1.0,527,0.320349466,0.103498702,0.196123295,0.216850764,NA.NA,527,0.320349466,44.26279831,898.9589844,9.174039841,0.3203494662834334,527,665.2129113617109,644.5127967462537,699.0802392974663,712.473954014697
1592,RSN16102,7,16102,-999,3.58,33.827,-117.0296,15.131,128.26,726,34.8294,-116.335,26.32,26.46,-0.000336604,-0.000674022,1.85e-05,1.29e-05,0.499395746,0.157164613,83.650945,5.179664862,6.323730411,0.226892803,1459.07153,26.09333333,36.43362162,218.8607295,,,-1.0,756,-0.040491361,0.103498702,0.196123295,-0.143990063,NA.NA,756,-0.040491361,44.26279831,898.9589844,9.174039841,-0.04049136135473752,756,779.1544099535198,923.4231635090459,816.8062134731996,1019.1488746716625
1592,RSN8799,7,8799,-999,5.39,33.9465,-117.7667,14.89,164.09,726,34.8294,-116.335,21.0,21.21,-0.001724868,-0.003387746,0.000598498,0.000151794,0.509149304,0.157742887,85.12932278,5.179664862,6.31653763,0.226892803,1476.59129,11.36321594,5.660413234,221.4886935,,,-1.0,762,-0.048396541,0.103498702,0.196123295,-0.151895243,NA.NA,762,-0.048396541,44.26279831,898.9589844,9.174039841,-0.048396540861850745,762,809.4043024078734,828.349357859312,879.0113044457877,847.9247043222648
1592,RSN16673,7,16673,-999,3.79,34.0456,-117.2248,15.927,119.36,726,34.8294,-116.335,45.67,45.77,6.21e-05,0.000163403,3.24e-05,1.21e-05,0.379949589,0.156335176,82.79037787,5.179664862,6.345939946,0.174532925,1153.647794,5.132231405,5.043302469,173.0471691,,,-1.0,646,0.116750511,0.103498702,0.196123295,0.013251809,NA.NA,646,0.116750511,44.26279831,898.9589844,9.174039841,0.11675051104219403,646,685.199835030144,793.7416210638229,725.9306538649462,930.5909651661867
1592,RSN11305,7,11305,-999,4.78,34.1228,-116.9226,5.969,95.17,726,34.8294,-116.335,19.2,19.31,-0.004109972,-0.006483535,0.000612155,0.000236187,0.633909057,0.164612649,86.94158849,5.179664862,6.066214653,0.27925268,1692.200577,17.40134724,10.59132899,253.8300866,,,-1.0,748,-0.029852963,0.103498702,0.196123295,-0.133351665,NA.NA,748,-0.029852963,44.26279831,898.9589844,9.174039841,-0.029852963149681777,748,674.0501481943259,733.2856337509568,687.0051899970755,804.6291860561346
1592,RSN17919,7,17919,-999,4.04,36.3911,-117.8665,9.439,221.99,726,34.8294,-116.335,10.43,10.51,9.75e-05,0.000333875,2.24e-05,1.65e-05,0.292061292,0.161590093,87.803263,5.179664862,6.183950287,0.13962634,876.0185077,5.909090909,14.90513393,131.4027762,,,-1.0,534,0.307154176,0.103498702,0.196123295,0.203655474,NA.NA,534,0.307154176,44.26279831,898.9589844,9.174039841,0.3071541758646008,534,676.2483607253956,662.8582504861854,728.6929482764764,745.4272012913375
1592,RSN15407,7,15407,-999,3.99,34.0514,-117.2429,14.998,120.04,726,34.8294,-116.335,20.54,20.67,-0.000347121,-0.000783153,4.96e-05,3.28e-05,0.443236106,0.157131372,83.23478281,5.179664862,6.319789549,0.20943951,1318.186776,10.58295732,15.789375,197.7280164,,,-1.0,707,0.026519349,0.103498702,0.196123295,-0.076979353,NA.NA,707,0.026519349,44.26279831,898.9589844,9.174039841,0.02651934892822272,707,730.0189797330365,851.9814323252346,776.267836608115,983.9983717080445
1592,RSN12888,7,12888,-999,4.11,36.0312,-117.7658,4.03,186.17,726,34.8294,-116.335,20.95,21.13,0.000144755,0.000273,2.02e-05,9.21e-06,0.53024,0.16829445,89.05657325,5.179664862,5.941161117,0.244346095,1434.3492,15.71715527,13.51485149,215.15238,,,-1.0,747,-0.02851517,0.103498702,0.196123295,-0.132013872,NA.NA,747,-0.02851517,44.26279831,898.9589844,9.174039841,-0.02851517030802153,747,994.1485987034879,977.8258664495512,999.7423261730711,996.9226535493234
1592,RSN17464,7,17464,-999,3.59,34.0938,-117.4347,3.015,129.88,726,34.8294,-116.335,15.98,16.07,0.000107422,0.000364574,1.49e-05,1.79e-05,0.294649874,0.168385323,89.09811359,5.179664862,5.93802414,0.13962634,847.5364456,6.00122905,24.46805369,127.1304668,,,-1.0,519,0.335646132,0.103498702,0.196123295,0.23214743,NA.NA,519,0.335646132,44.26279831,898.9589844,9.174039841,0.33564613165890744,519,679.1641772803525,712.4201501553765,688.8900909255801,785.5270917944696
1592,RSN16534,7,16534,-999,3.61,34.2449,-117.4464,12.48,120.89,726,34.8294,-116.335,19.85,19.9,-2.95e-05,-9.29e-05,2.17e-05,1.04e-05,0.317357912,0.15895395,84.48969425,5.179664862,6.262058538,0.157079633,963.3177366,2.836538462,4.281105991,144.4976605,,,-1.0,582,0.221079567,0.103498702,0.196123295,0.117580865,NA.NA,582,0.221079567,44.26279831,898.9589844,9.174039841,0.22107956709335763,582,587.9826299212747,713.551227134806,669.8003600330351,842.4816972702812
1592,RSN8394,7,8394,-999,4.92,34.31,-116.848,6.3,74.44,726,34.8294,-116.335,2.15,2.2,-0.001549194,-0.003684612,0.001508762,0.000347637,0.420449841,0.164076949,85.84745544,5.179664862,6.078701489,0.191986218,1203.455942,4.456355336,2.442142631,180.5183913,,,-1.0,663,0.090775025,0.103498702,0.196123295,-0.012723677,NA.NA,663,0.090775025,44.26279831,898.9589844,9.174039841,0.09077502463893339,663,572.3169726804595,593.5871238755833,611.9652425549609,729.7542937398877
1592,RSN15165,7,15165,-999,3.9,33.867,-117.1038,11.856,128.06,726,34.8294,-116.335,20.35,20.4,-0.000150403,-0.000277352,0.000119223,6.49e-05,0.542282436,0.159423004,85.07562944,5.179664862,6.24946745,0.244346095,1541.196983,2.317457627,2.326329651,231.1795475,,,-1.0,773,-0.062729034,0.103498702,0.196123295,-0.166227736,NA.NA,773,-0.062729034,44.26279831,898.9589844,9.174039841,-0.06272903376262651,773,793.8696654788388,948.5070387795564,872.2490334191482,1015.6570291372994
1592,RSN15625,7,15625,-999,3.87,33.7513,-116.0218,8.756,123.02,726,34.8294,-116.335,22.98,23.1,0.000170671,0.000284841,2.23e-05,1.29e-05,0.599178074,0.162046909,86.33240541,5.179664862,6.158414042,0.261799388,1642.735946,13.23031008,12.77313901,246.4103919,,,-1.0,731,-0.006863445,0.103498702,0.196123295,-0.110362147,NA.NA,731,-0.006863445,44.26279831,898.9589844,9.174039841,-0.006863444924982254,731,792.3607842952325,892.3194022116946,857.9316665231544,934.0977428644113
1592,RSN15359,7,15359,-999,3.87,33.928,-116.7858,18.501,108.24,726,34.8294,-116.335,22.75,22.86,-0.000533435,-0.001175413,9.52e-05,1.89e-05,0.453827621,0.154088549,80.71091094,5.179664862,6.40467109,0.20943951,1371.116745,28.22407407,12.34677521,205.6675118,,,-1.0,725,0.00137836,0.103498702,0.196123295,-0.102120342,NA.NA,725,0.00137836,44.26279831,898.9589844,9.174039841,0.0013783599701211457,725,826.2511578304811,887.3513539673884,843.4381512489267,1078.4454649469567
1592,RSN10943,7,10943,-999,4.26,33.8776,-116.2019,10.062,106.29,726,34.8294,-116.335,25.21,25.31,-0.000215693,-0.000419647,3.04e-05,2.3e-05,0.513986571,0.160588486,85.06732419,5.179664862,6.204033973,0.244346095,1466.39298,9.377956522,13.80417763,219.958947,,,-1.0,759,-0.044451763,0.103498702,0.196123295,-0.147950464,NA.NA,759,-0.044451763,44.26279831,898.9589844,9.174039841,-0.0444517625708345,759,786.6397325939353,862.1563773205934,857.2479318366468,963.8683811331251
1592,RSN14398,7,14398,-999,4.14,34.8632,-116.3444,6.474,3.85,726,34.8294,-116.335,14.47,14.51,-0.007145952,-0.024515459,0.000892908,0.000514514,0.291487573,0.078985634,28.72473754,5.179664862,6.084678138,0.13962634,1788.922964,13.88874161,27.4557502,268.3384446,,,-1.0,780,-0.071743905,0.103498702,0.196123295,-0.175242607,NA.NA,780,-0.071743905,44.26279831,898.9589844,9.174039841,-0.07174390485884174,780,772.9856160518697,892.6743302821943,747.7890526450478,1000.0682308232465
3039,RSN16086,8,16086, BBS,3.58,33.827,-117.0296,15.131,11.35,341,33.921,-116.981,16.83,16.89,-0.007772645,-0.085597566,0.003359039,0.000330356,0.090804508,0.097135931,37.89827473,5.179664862,6.323730411,0.052359878,466.1318062,23.52808788,25.48275444,69.91977093,CI,BBS,0.377483,359,-0.051439911,-0.115453137,-0.022828543,0.064013225,CI.BBS,359,-0.051439911,3.129859924,781.7869873,1.160560012,-0.05143991120476166,359,386.839584663733,351.53511756212004,396.6634718929328,422.4148882101666
3039,RSN15250,8,15250, BBS,3.86,34.1976,-117.3882,14.177,48.52,341,33.921,-116.981,22.42,22.48,0.001507103,0.012208178,0.000734883,0.000138907,0.12345029,0.152987021,74.33853798,5.179664862,6.293825021,0.06981317,401.4013243,10.8497268,16.61241041,60.21019865,CI,BBS,0.377483,327,0.041922306,-0.115453137,-0.022828543,0.157375443,CI.BBS,327,0.041922306,3.129859924,781.7869873,1.160560012,0.041922306386263486,327,375.44747348798137,360.91945380689924,334.92734907166414,321.98162793620713
3039,RSN19359,8,19359, BBS,3.43,34.1381,-117.4717,5.767,51.32,341,33.921,-116.981,25.92,26.03,0.000821836,0.003270244,0.000545698,0.000134952,0.251307356,0.164332033,84.55388179,5.179664862,6.057771424,0.122173048,747.1483026,6.08983935,5.992772559,112.0722454,CI,BBS,0.377483,476,-0.333535377,-0.115453137,-0.022828543,-0.21808224,CI.BBS,476,-0.333535377,3.129859924,781.7869873,1.160560012,-0.3335353769479035,476,498.2340052122179,542.9586359366377,433.7880439423089,450.29475754046643
3039,RSN16243,8,16243, BBS,3.64,33.223,-116.7186,8.687,81.16,341,33.921,-116.981,26.16,26.23,-0.000622381,-0.00308716,0.000141253,0.000218438,0.201603095,0.161690196,84.44239885,5.179664862,6.155594857,0.104719755,614.4818615,2.849234108,21.85553581,92.17227923,CI,BBS,0.377483,421,-0.210750356,-0.115453137,-0.022828543,-0.09529722,CI.BBS,421,-0.210750356,3.129859924,781.7869873,1.160560012,-0.2107503563988642,421,461.1304175083331,489.1720122302247,404.2270053180946,366.43810440431434
3039,RSN16511,8,16511, BBS,3.61,34.2449,-117.4464,12.48,56.0,341,33.921,-116.981,16.7,16.74,-0.000416302,-0.00226758,0.000252515,0.000206404,0.183588682,0.1562011,77.99802483,5.179664862,6.262058538,0.087266463,580.2213898,2.016927967,8.979981387,87.03320847,CI,BBS,0.377483,408,-0.179384697,-0.115453137,-0.022828543,-0.063931561,CI.BBS,408,-0.179384697,3.129859924,781.7869873,1.160560012,-0.17938469712064453,408,462.3273598905674,445.3596590093936,407.59515960625185,382.7326217746978
3039,RSN13775,8,13775, BBS,4.06,34.1614,-116.9872,11.361,26.67,341,33.921,-116.981,15.99,16.04,-0.002676964,-0.031051377,0.001018655,0.000258481,0.08621079,0.148082728,67.48892695,5.179664862,6.238442335,0.034906585,290.1916671,10.35652137,30.48272182,43.52875007,CI,BBS,0.377483,264,0.255933374,-0.115453137,-0.022828543,0.371386511,CI.BBS,264,0.255933374,3.129859924,781.7869873,1.160560012,0.25593337413720096,264,311.9592863418234,317.6934267661024,290.19950850374875,286.2525096056239
3039,RSN18058,8,18058, BBS,5.19,36.4034,-117.8499,9.418,286.55,341,33.921,-116.981,11.58,11.7,-0.000304904,-0.001364563,0.000195453,0.000136365,0.223444183,0.161657426,88.3081555,5.179664862,6.183223963,0.104719755,678.2047939,2.235940307,6.981540319,101.7307191,CI,BBS,0.377483,444,-0.263942085,-0.115453137,-0.022828543,-0.148488949,CI.BBS,444,-0.263942085,3.129859924,781.7869873,1.160560012,-0.26394208514870776,444,488.2898982702573,494.5967427361678,450.73877745922374,456.2689681314264
3039,RSN10908,8,10908, BBS,4.26,33.8776,-116.2019,10.062,72.22,341,33.921,-116.981,26.27,26.35,0.00334383,0.0183787,0.000827985,0.000612502,0.181940494,0.159888388,82.72644798,5.179664862,6.204033973,0.087266463,561.9140435,5.459296459,22.1968997,84.28710653,CI,BBS,0.377483,400,-0.15958207,-0.115453137,-0.022828543,-0.044128933,CI.BBS,400,-0.15958207,3.129859924,781.7869873,1.160560012,-0.15958206982446477,400,423.770487700418,421.52994702770366,364.8508113462334,355.1279423477157
3039,RSN8177,8,8177, BBS,4.92,33.5083,-116.5143,15.2,63.0,341,33.921,-116.981,24.15,24.23,-0.003700095,-0.022031987,0.000858653,0.00019411,0.167941965,0.154094168,77.09990833,5.179664862,6.325747735,0.087266463,539.4546444,19.06184638,25.65877834,80.91819666,CI,BBS,0.377483,391,-0.136825083,-0.115453137,-0.022828543,-0.021371946,CI.BBS,391,-0.136825083,3.129859924,781.7869873,1.160560012,-0.1368250827018489,391,397.19178137384216,398.60136302295314,364.70327664250937,355.21466551629277
3039,RSN16699,8,16699, BBS,3.73,33.5058,-116.7636,16.276,50.27,341,33.921,-116.981,23.35,23.48,-0.001249306,-0.005822795,0.000346509,0.00029685,0.214554387,0.150225553,72.68486601,5.179664862,6.3549922,0.104719755,702.066637,4.208543035,16.8041667,105.3099956,CI,BBS,0.377483,456,-0.290610332,-0.115453137,-0.022828543,-0.175157196,CI.BBS,456,-0.290610332,3.129859924,781.7869873,1.160560012,-0.2906103322308695,456,525.0501378575927,490.4223464400115,463.3477184379717,417.04087381504695
3039,RSN17479,8,17479, BBS,3.62,33.9521,-116.3635,9.067,57.2,341,33.921,-116.981,19.1,19.16,0.001911262,0.012637582,0.000475287,0.000189247,0.151236329,0.160404301,81.80272963,5.179664862,6.170551665,0.06981317,467.2639386,10.0992988,26.58937021,70.08959079,CI,BBS,0.377483,359,-0.051439911,-0.115453137,-0.022828543,0.064013225,CI.BBS,359,-0.051439911,3.129859924,781.7869873,1.160560012,-0.05143991120476166,359,401.58943652327565,421.6303893729159,357.5105567221231,333.92592310815473
3039,RSN15147,8,15147, BBS,3.9,33.867,-117.1038,11.856,12.84,341,33.921,-116.981,17.41,17.5,0.045101032,0.239691391,0.007986142,0.000632484,0.188162922,0.118661457,47.8654059,5.179664862,6.24946745,0.087266463,782.1725661,71.30778328,30.01341461,117.3258849,CI,BBS,0.377483,491,-0.364561651,-0.115453137,-0.022828543,-0.249108514,CI.BBS,491,-0.364561651,3.129859924,781.7869873,1.160560012,-0.3645616505110034,491,516.2132874424228,507.42531671824304,531.7453117549304,532.5220796369582
3039,RSN16577,8,16577, BBS,3.69,33.735,-117.4936,9.693,51.74,341,33.921,-116.981,13.07,13.12,0.000614017,0.002851385,0.000937265,0.000297973,0.215339753,0.159099769,80.13714303,5.179664862,6.192470162,0.104719755,665.2273617,2.060646434,3.042239921,99.78410426,CI,BBS,0.377483,438,-0.250336433,-0.115453137,-0.022828543,-0.134883297,CI.BBS,438,-0.250336433,3.129859924,781.7869873,1.160560012,-0.2503364330929294,438,455.486485965837,490.7277317902888,421.2582581122371,392.55744110202335
3039,RSN14982,8,14982, BBS,3.74,34.1651,-117.4332,7.875,49.77,341,33.921,-116.981,21.65,21.71,0.000872126,0.006100136,0.00052289,0.000196546,0.142968276,0.161694105,81.84900965,5.179664862,6.12204057,0.06981317,438.7142211,4.437261506,11.66619365,65.80713317,CI,BBS,0.377483,346,-0.014556298,-0.115453137,-0.022828543,0.100896839,CI.BBS,346,-0.014556298,3.129859924,781.7869873,1.160560012,-0.01455629777420775,346,379.8146607893277,415.2057860600672,341.4464317518323,333.7783773393567
3039,RSN13815,8,13815, BBS,4.17,34.3277,-116.829,4.957,47.24,341,33.921,-116.981,21.4,21.52,-0.004108067,-0.02381155,0.000200358,0.000172586,0.172524131,0.165595178,84.97471681,5.179664862,6.015610792,0.087266463,515.2962416,23.80301415,118.8450174,77.29443624,CI,BBS,0.377483,380,-0.108288775,-0.115453137,-0.022828543,0.007164361,CI.BBS,380,-0.108288775,3.129859924,781.7869873,1.160560012,-0.10828877543691462,380,377.76341204192926,413.45933478480197,342.1987576557537,365.49702760329143
3039,RSN12730,8,12730, BBS,4.26,33.9538,-116.3912,7.696,54.65,341,33.921,-116.981,22.9,22.95,0.004516857,0.027069604,0.005790719,0.001022789,0.166860859,0.162159941,82.79942227,5.179664862,6.118116656,0.087266463,509.4115666,4.416215857,4.674653355,76.41173499,CI,BBS,0.377483,378,-0.103011718,-0.115453137,-0.022828543,0.012441418,CI.BBS,378,-0.103011718,3.129859924,781.7869873,1.160560012,-0.10301171833607103,378,392.3295409246343,405.32527071096166,347.28597972595026,352.3907175409008
3039,RSN10397,8,10397, BBS,4.45,34.1081,-117.3062,14.795,36.51,341,33.921,-116.981,18.42,18.52,0.029182618,0.202208245,0.00103687,0.000113556,0.144319624,0.147354638,68.48847488,5.179664862,6.313637877,0.06981317,485.8650155,256.9887809,195.0179338,72.87975233,CI,BBS,0.377483,368,-0.076200461,-0.115453137,-0.022828543,0.039252676,CI.BBS,368,-0.076200461,3.129859924,781.7869873,1.160560012,-0.07620046088541432,368,401.24716645546505,405.2626020857343,372.9165044436499,360.2694161213831
3039,RSN9320,8,9320, BBS,4.88,34.0655,-117.0011,17.501,16.13,341,33.921,-116.981,15.0,15.07,-0.003975128,-0.04803923,0.00118358,0.000844664,0.082747542,0.105366584,42.27196068,5.179664862,6.383907006,0.034906585,391.5667346,4.706164818,40.58807178,58.73501019,CI,BBS,0.377483,322,0.057330932,-0.115453137,-0.022828543,0.172784068,CI.BBS,322,0.057330932,3.129859924,781.7869873,1.160560012,0.057330931739108415,322,365.34269692699195,341.4634935959053,328.96807830422415,331.46842939524856
3039,RSN8983,8,8983, BBS,5.2,33.5328,-116.5697,15.48,57.51,341,33.921,-116.981,18.82,18.95,-0.006704236,-0.03398514,9.24e-05,0.000441042,0.197269636,0.152857087,75.50247877,5.179664862,6.333749326,0.104719755,636.5437375,15.2009015,367.8045455,95.48156063,CI,BBS,0.377483,428,-0.227240718,-0.115453137,-0.022828543,-0.111787582,CI.BBS,428,-0.227240718,3.129859924,781.7869873,1.160560012,-0.22724071829827963,428,433.8551095226692,425.1385012296373,391.33950518413167,375.16911526253585
3039,RSN8764,8,8764, BBS,5.39,33.9465,-117.7667,14.89,72.7,341,33.921,-116.981,27.25,27.35,0.010280593,0.05601769,0.009086797,0.00116139,0.183524047,0.155369304,78.9308112,5.179664862,6.31653763,0.087266463,583.1289726,8.851973067,6.164734394,87.46934589,CI,BBS,0.377483,409,-0.181832679,-0.115453137,-0.022828543,-0.066379542,CI.BBS,409,-0.181832679,3.129859924,781.7869873,1.160560012,-0.18183267875928522,409,384.71396068005583,391.16918990747445,366.46567511635885,340.7771764754078
3039,RSN11346,8,11346, BBS,4.73,33.7328,-117.4921,10.018,51.71,341,33.921,-116.981,19.0,19.09,0.002023055,0.00785909,0.001937239,0.000338199,0.257415895,0.158660113,79.77604838,5.179664862,6.202702587,0.122173048,791.5299085,5.981847965,4.056851013,118.7294863,CI,BBS,0.377483,495,-0.372675285,-0.115453137,-0.022828543,-0.257222149,CI.BBS,495,-0.372675285,3.129859924,781.7869873,1.160560012,-0.37267528528517335,495,484.7237128896845,474.74049482120176,430.20578672270955,410.6273468133864
3039,RSN17237,8,17237, BBS,3.53,34.2894,-116.8271,6.278,43.26,341,33.921,-116.981,20.85,20.92,-0.001183659,-0.010261277,0.000721597,0.000186572,0.115351989,0.163246057,82.8373772,5.179664862,6.07791863,0.052359878,351.4626999,6.344247797,14.22023235,52.71940499,CI,BBS,0.377483,299,0.131438904,-0.115453137,-0.022828543,0.24689204,CI.BBS,299,0.131438904,3.129859924,781.7869873,1.160560012,0.13143890389283008,299,340.5661292839368,374.26229865070616,298.73454670097976,311.3184053400617
3039,RSN12592,8,12592, BBS,4.11,33.5089,-116.8485,12.274,47.33,341,33.921,-116.981,15.01,15.06,-0.001963953,-0.01064954,0.000869111,0.000273715,0.184416673,0.155200871,76.22899929,5.179664862,6.258050482,0.087266463,586.5087621,7.175174908,12.25337155,87.97631432,CI,BBS,0.377483,410,-0.184274682,-0.115453137,-0.022828543,-0.068821546,CI.BBS,410,-0.184274682,3.129859924,781.7869873,1.160560012,-0.1842746824148369,410,430.36441494556317,432.0606232995039,393.83293423379916,381.041367182742
3039,RSN15383,8,15383, BBS,3.99,34.0514,-117.2429,14.998,28.19,341,33.921,-116.981,22.38,22.42,0.001031329,0.009035383,0.000949184,0.000260281,0.114143351,0.140476419,62.5957695,5.179664862,6.319789549,0.052359878,404.2064804,3.962367595,9.519105885,60.63097206,CI,BBS,0.377483,329,0.035824727,-0.115453137,-0.022828543,0.151277863,CI.BBS,329,0.035824727,3.129859924,781.7869873,1.160560012,0.035824726518145056,329,395.03388389791684,390.5461058302834,344.1722677447519,349.519792579237
3039,RSN16811,8,16811, BBS,3.49,34.309,-116.9297,9.684,43.3,341,33.921,-116.981,11.5,11.54,-0.003394256,-0.031197516,0.003237696,0.00053623,0.108798904,0.158149011,78.31802904,5.179664862,6.192176404,0.052359878,342.4276385,6.329850997,9.635715027,51.36414578,CI,BBS,0.377483,293,0.151709868,-0.115453137,-0.022828543,0.267163005,CI.BBS,293,0.151709868,3.129859924,781.7869873,1.160560012,0.15170986826644928,293,342.83327587753803,344.57650941019955,305.21389659270454,285.79377486828247
3040,RSN15554,9,15554, BC3,4.06,32.6823,-116.088,9.762,123.02,763,33.655,-115.454,28.26,28.35,0.000146056,0.000289651,6.57e-05,6.11e-05,0.504247262,0.161006654,85.85825716,5.179664862,6.194703173,0.226892803,1435.428096,2.390441899,4.40869102,215.3142144,CI,BC3,-999.0,748,0.019855053,-0.025573256,0.067051337,0.045428309,CI.BC3,748,0.019855053,15.84070015,1060.959961,9.405750275,0.019855053309979276,748,796.2420642611909,1032.5687619627424,908.4434086396236,1111.6918930333256
3040,RSN14284,9,14284, BC3,4.19,33.4453,-116.439,8.875,94.39,763,33.655,-115.454,14.8,14.87,0.001769217,0.002475585,0.000817163,0.000357958,0.714666327,0.16167568,85.15988751,5.179664862,6.16316588,0.314159265,1889.96605,4.942526777,3.029487385,283.4949075,CI,BC3,-999.0,814,-0.064702335,-0.025573256,0.067051337,-0.039129079,CI.BC3,814,-0.064702335,15.84070015,1060.959961,9.405750275,-0.06470233471808307,814,819.3616529047987,976.5586117673732,806.4096045356154,1039.217551286441
3040,RSN10909,9,10909, BC3,4.26,33.8776,-116.2019,10.062,73.55,763,33.655,-115.454,23.0,23.08,0.003483602,0.008826659,0.000996026,0.000142921,0.39466821,0.159923748,82.82640983,5.179664862,6.204033973,0.191986218,1169.133769,24.37431868,8.861876096,175.3700654,CI,BC3,-999.0,650,0.160285668,-0.025573256,0.067051337,0.185858924,CI.BC3,650,0.160285668,15.84070015,1060.959961,9.405750275,0.1602856683947742,650,644.4591711048492,850.8206507718171,680.7174347840323,994.0998682876221
3040,RSN11707,9,11707, BC3,4.5,34.3365,-116.8617,8.94,150.43,763,33.655,-115.454,15.88,16.18,0.000606897,0.001008103,2.83e-05,4.31e-06,0.602018592,0.161957683,86.94967379,5.179664862,6.165704274,0.27925268,1655.48309,140.8113689,35.62201413,248.3224635,CI,BC3,-999.0,735,0.037387532,-0.025573256,0.067051337,0.062960788,CI.BC3,735,0.037387532,15.84070015,1060.959961,9.405750275,0.03738753207162038,735,823.5575932695364,994.9951097561191,801.4610561513065,1040.1877227057887
3040,RSN11564,9,11564, BC3,4.51,32.8882,-115.5018,9.4,85.16,763,33.655,-115.454,22.53,22.58,5.5e-05,0.000137829,5.11e-05,2.55e-05,0.398730589,0.160922269,84.22106746,5.179664862,6.182598645,0.191986218,1172.255579,2.156862745,2.697240705,175.8383369,CI,BC3,-999.0,651,0.158748389,-0.025573256,0.067051337,0.184321645,CI.BC3,651,0.158748389,15.84070015,1060.959961,9.405750275,0.15874838907588806,651,659.4191099629976,845.1284627279082,683.9082726554814,976.091715027129
3040,RSN14215,9,14215, BC3,3.94,32.7219,-116.8133,20.237,163.64,763,33.655,-115.454,20.58,20.65,-9.53e-05,-0.000110915,2.54e-05,2.17e-05,0.859483165,0.154185737,83.22801441,5.179664862,6.440435438,0.34906585,2251.28699,4.391705069,4.366732283,337.6930485,CI,BC3,-999.0,931,-0.199001246,-0.025573256,0.067051337,-0.17342799,CI.BC3,931,-0.199001246,15.84070015,1060.959961,9.405750275,-0.19900124599261027,931,1064.1178992773,1049.3934996574678,1008.7640040132055,1106.063502008498
3040,RSN16933,9,16933, BC3,3.63,34.1242,-116.405,9.555,102.21,763,33.655,-115.454,14.03,14.15,0.000259206,0.000510766,2.4e-05,2.48e-05,0.507484945,0.161029059,85.15843398,5.179664862,6.187901101,0.226892803,1442.651928,10.45185484,21.28191667,216.3977892,CI,BC3,-999.0,750,0.017184825,-0.025573256,0.067051337,0.042758081,CI.BC3,750,0.017184825,15.84070015,1060.959961,9.405750275,0.01718482475410088,750,761.4135989916156,972.8853211316975,831.2576176575363,1047.067664879428
3040,RSN9321,9,9321, BC3,4.88,34.0655,-117.0011,17.501,150.23,763,33.655,-115.454,16.48,16.54,0.001003995,0.001976442,0.000510922,0.000415282,0.507980667,0.155692057,83.68053179,5.179664862,6.383907006,0.226892803,1493.278134,2.417622242,3.868383041,223.9917201,CI,BC3,-999.0,768,-0.006531702,-0.025573256,0.067051337,0.019041554,CI.BC3,768,-0.006531702,15.84070015,1060.959961,9.405750275,-0.006531701863215389,768,901.8911519202804,997.7319544760157,914.9101719914954,1083.9725376222561
3040,RSN15727,9,15727, BC3,3.81,32.9942,-116.2977,5.726,107.43,763,33.655,-115.454,17.9,18.02,6.95e-05,8.08e-05,8.23e-06,9.96e-06,0.860438609,0.164962366,87.4471637,5.179664862,6.055972626,0.34906585,2105.645241,6.977911647,9.817739976,315.8467862,CI,BC3,-999.0,885,-0.148329614,-0.025573256,0.067051337,-0.122756358,CI.BC3,885,-0.148329614,15.84070015,1060.959961,9.405750275,-0.14832961372347242,885,922.3451661520731,1044.0455761509647,905.0916607607774,1049.6370438566296
3040,RSN16745,9,16745, BC3,3.72,33.1099,-116.0467,7.494,81.83,763,33.655,-115.454,28.62,28.68,0.000501853,0.000781654,5.08e-05,3.23e-05,0.64204007,0.163037874,85.3591906,5.179664862,6.113435346,0.27925268,1724.49717,15.53724458,15.38688976,258.6745755,CI,BC3,-999.0,759,0.005256254,-0.025573256,0.067051337,0.03082951,CI.BC3,759,0.005256254,15.84070015,1060.959961,9.405750275,0.005256253888826556,759,788.4425968821332,941.1167952809109,783.8348771134437,1029.2014745701806
3040,RSN16244,9,16244, BC3,3.64,33.223,-116.7186,8.687,126.98,763,33.655,-115.454,30.65,30.7,0.000168385,0.000218223,8.4e-05,4.49e-05,0.771618832,0.162147524,86.48097032,5.179664862,6.155594857,0.331612558,1991.606085,3.750222717,2.597892857,298.7409128,CI,BC3,-999.0,847,-0.104442663,-0.025573256,0.067051337,-0.078869407,CI.BC3,847,-0.104442663,15.84070015,1060.959961,9.405750275,-0.10444266336759789,847,878.2989769891724,989.4500840452027,897.6820382689496,994.1293931889486
3040,RSN18059,9,18059, BC3,5.19,36.4034,-117.8499,9.418,375.2,763,33.655,-115.454,9.46,9.63,-8.39e-05,-0.000111328,1.3e-05,2e-05,0.753378047,0.161686977,88.71060308,5.179664862,6.183223963,0.314159265,1958.40446,4.195,8.563692308,293.760669,CI,BC3,-999.0,837,-0.092566039,-0.025573256,0.067051337,-0.066992783,CI.BC3,837,-0.092566039,15.84070015,1060.959961,9.405750275,-0.09256603920501849,837,1003.5457798067165,966.0064568336627,879.278218890085,939.2828663037403
3040,RSN15384,9,15384, BC3,3.99,34.0514,-117.2429,14.998,171.29,763,33.655,-115.454,25.11,25.15,2.69e-05,4.67e-05,2.29e-05,1.09e-05,0.576072859,0.157699414,85.29281728,5.179664862,6.319789549,0.261799388,1638.442322,2.467889908,2.03930131,245.7663483,CI,BC3,-999.0,729,0.045584299,-0.025573256,0.067051337,0.071157555,CI.BC3,729,0.045584299,15.84070015,1060.959961,9.405750275,0.045584299275798656,729,798.4055342909334,971.6668338363959,831.1212717847346,961.5025456169933
3040,RSN17646,9,17646, BC3,3.47,33.8029,-116.1786,7.366,69.13,763,33.655,-115.454,19.06,19.15,0.000636366,0.001196984,5.08e-05,3.81e-05,0.531641325,0.1629238,84.57233999,5.179664862,6.110319177,0.244346095,1484.727227,16.70251969,23.56267717,222.7090841,CI,BC3,-999.0,765,-0.002617803,-0.025573256,0.067051337,0.022955454,CI.BC3,765,-0.002617803,15.84070015,1060.959961,9.405750275,-0.002617802542078884,765,776.5422502213913,971.7243230075884,798.5375765746163,1100.9533768656577
3040,RSN13816,9,13816, BC3,4.17,34.3277,-116.829,4.957,147.34,763,33.655,-115.454,21.4,21.6,0.001014807,0.001311335,0.000349507,0.000135788,0.773873152,0.166172294,88.43680591,5.179664862,6.015610792,0.331612558,1947.081467,7.473465991,3.751956327,292.0622201,CI,BC3,-999.0,833,-0.087775611,-0.025573256,0.067051337,-0.062202355,CI.BC3,833,-0.087775611,15.84070015,1060.959961,9.405750275,-0.08777561088238617,833,907.9459538968879,1129.580736958458,932.9063968633947,1132.0953069192956
3040,RSN13207,9,13207, BC3,4.19,34.3571,-116.8418,9.486,150.01,763,33.655,-115.454,15.95,16.11,0.000234451,0.000568559,7.52e-05,3.37e-05,0.412360056,0.161401663,86.71837699,5.179664862,6.185563454,0.191986218,1203.190041,6.957002967,7.560625,180.4785062,CI,BC3,-999.0,663,0.140483041,-0.025573256,0.067051337,0.166056297,CI.BC3,663,0.140483041,15.84070015,1060.959961,9.405750275,0.14048304109859444,663,743.6728111172212,960.1923509616735,798.0307687731868,1014.8346839116612
3040,RSN16789,9,16789, BC3,3.87,34.1402,-116.7627,11.324,132.48,763,33.655,-115.454,16.62,16.68,-3.28e-05,-9.49e-05,2.72e-05,5.54e-06,0.345412002,0.159823098,85.49388132,5.179664862,6.237577418,0.174532925,1036.99643,5.920577617,3.488970588,155.5494645,CI,BC3,-999.0,614,0.217263103,-0.025573256,0.067051337,0.242836359,CI.BC3,614,0.217263103,15.84070015,1060.959961,9.405750275,0.21726310313731467,614,629.6330865161093,868.8663090751617,751.8048406596895,931.1488933747607
3040,RSN13108,9,13108, BC3,4.06,33.2394,-116.2082,10.532,83.92,763,33.655,-115.454,12.0,12.08,0.000528801,0.000637207,0.000136817,7.97e-05,0.829873775,0.159760041,83.36947345,5.179664862,6.217520851,0.34906585,2126.14371,6.63489335,4.65736714,318.9215565,CI,BC3,-999.0,891,-0.155086396,-0.025573256,0.067051337,-0.12951314,CI.BC3,891,-0.155086396,15.84070015,1060.959961,9.405750275,-0.155086396186352,891,812.6471322721842,948.3096182861497,780.1552918825379,1035.6230523677677
3040,RSN11287,9,11287, BC3,4.78,34.1228,-116.9226,5.969,145.43,763,33.655,-115.454,16.99,17.18,0.000998119,0.001732632,1.44e-05,2.78e-05,0.576071109,0.16474939,88.02368189,5.179664862,6.066214653,0.261799388,1568.32625,35.90356115,120.3216667,235.2489375,CI,BC3,-999.0,747,0.021192846,-0.025573256,0.067051337,0.046766102,CI.BC3,747,0.021192846,15.84070015,1060.959961,9.405750275,0.02119284615163952,747,738.3836561783339,1010.1329975658634,784.9342184476561,1009.5512326952701
3040,RSN17832,9,17832, BC3,3.14,33.0622,-115.8937,7.729,77.44,763,33.655,-115.454,26.56,26.63,-0.000109554,-0.000163927,1.51e-05,2.13e-05,0.668311235,0.162792421,84.94025583,5.179664862,6.11885537,0.296705973,1784.253296,5.143380282,10.85609272,267.6379944,CI,BC3,-999.0,779,-0.020753015,-0.025573256,0.067051337,0.004820242,CI.BC3,779,-0.020753015,15.84070015,1060.959961,9.405750275,-0.020753014586291307,779,748.386796243731,886.0899420321424,750.2262370098707,921.56661053478
3040,RSN9458,9,9458, BC3,4.93,34.0669,-116.3681,2.241,96.14,763,33.655,-115.454,44.26,44.38,0.000864465,0.001580211,0.000256,0.0002561,0.547056811,0.168391512,89.24361775,5.179664862,5.93802414,0.244346095,1469.164891,3.375497852,6.172699219,220.3747337,CI,BC3,-999.0,760,0.003939598,-0.025573256,0.067051337,0.029512854,CI.BC3,760,0.003939598,15.84070015,1060.959961,9.405750275,0.003939598004079947,760,633.16517265006,848.2536114822512,750.1963487317628,973.0318852932502
3040,RSN12829,9,12829, BC3,4.02,33.7129,-116.0516,12.808,55.78,763,33.655,-115.454,23.2,23.3,0.003387715,0.005180392,0.000656674,0.000285111,0.653949632,0.155853834,77.66546941,5.179664862,6.268161535,0.296705973,1834.961991,11.88209154,7.888833729,275.2442987,CI,BC3,-999.0,796,-0.042341155,-0.025573256,0.067051337,-0.016767898,CI.BC3,796,-0.042341155,15.84070015,1060.959961,9.405750275,-0.04234115455992615,796,684.798536333403,860.6752186702022,708.5152978136225,912.073983614347
3040,RSN10324,9,10324, BC3,4.63,32.3362,-115.2425,17.16,147.59,763,33.655,-115.454,20.35,20.43,-0.000300046,-0.00039755,0.000123722,8.23e-05,0.75473687,0.155879486,83.68392989,5.179664862,6.37627289,0.331612558,2041.709203,3.645759417,3.213252291,306.2563805,CI,BC3,-999.0,864,-0.124314738,-0.025573256,0.067051337,-0.098741481,CI.BC3,864,-0.124314738,15.84070015,1060.959961,9.405750275,-0.12431473751959832,864,950.1753753766667,964.062578656113,997.0190667969995,1049.9645633173097
3040,RSN9859,9,9859, BC3,4.59,34.9977,-119.1926,10.662,374.92,763,33.655,-115.454,8.6,8.83,0.000150555,0.000238498,8.23e-06,1.3e-05,0.631263777,0.160691204,88.51617144,5.179664862,6.221029194,0.27925268,1728.198031,11.58115385,28.97910085,259.2297047,CI,BC3,-999.0,760,0.003939598,-0.025573256,0.067051337,0.029512854,CI.BC3,760,0.003939598,15.84070015,1060.959961,9.405750275,0.003939598004079947,760,876.1861763996234,946.411053019648,841.3968489273835,875.1087972061088
3040,RSN8984,9,8984, BC3,5.2,33.5328,-116.5697,15.48,104.44,763,33.655,-115.454,21.58,21.76,0.006701273,0.008188704,0.000459619,0.000192217,0.81835578,0.156346948,81.99765764,5.179664862,6.333749326,0.34906585,2153.582127,34.86306102,17.81628697,323.0373191,CI,BC3,-999.0,900,-0.165136732,-0.025573256,0.067051337,-0.139563476,CI.BC3,900,-0.165136732,15.84070015,1060.959961,9.405750275,-0.16513673203985402,900,822.2647585341489,853.1973909084022,883.2305614761103,992.9759486916503
3040,RSN13486,9,13486, BC3,4.29,33.2262,-116.1472,10.889,80.1,763,33.655,-115.454,12.67,12.87,0.004365187,0.004065665,4.3e-05,5.73e-05,1.073671257,0.15931714,82.77447261,5.179664862,6.226943092,0.41887902,2509.405157,76.181274,94.55034884,376.4107736,CI,BC3,-999.0,1012,-0.282425819,-0.025573256,0.067051337,-0.256852562,CI.BC3,1012,-0.282425819,15.84070015,1060.959961,9.405750275,-0.28242581856295423,1012,840.4622487121762,983.7868767155851,782.3930963541864,996.0686168864446
3049,RSN10923,13,10923, CHN,4.26,33.8776,-116.2019,10.062,137.32,292,33.999,-117.68,23.65,23.78,0.000995667,0.004435454,0.000357844,0.000167361,0.224479175,0.160828815,86.1878825,5.179664862,6.204033973,0.104719755,684.7073971,5.94921756,12.39493746,102.7061096,CI,CHN,-999.0,447,-0.425804792,-0.152837688,-0.060213095,-0.272967104,CI.CHN,447,-0.425804792,1.372529984,207.397995,1.463750005,-0.42580479234528745,447,488.5569383329589,467.5038873394693,416.280530041977,390.9165325227873
3049,RSN15934,13,15934, CHN,3.64,33.8726,-117.7125,2.161,14.34,292,33.999,-117.68,19.2,19.36,-0.005522224,-0.029649712,0.000432142,0.000238881,0.186248827,0.167623489,84.47383318,5.179664862,5.93802414,0.087266463,548.2590954,23.11704991,68.61103989,82.23886431,CI,CHN,-999.0,395,-0.302131963,-0.152837688,-0.060213095,-0.149294274,CI.CHN,395,-0.302131963,1.372529984,207.397995,1.463750005,-0.30213196263284026,395,394.5933978727498,403.77710684558366,350.3373488838558,389.8273283008807
3049,RSN19315,13,19315, CHN,3.64,33.938,-117.7504,13.632,9.39,292,33.999,-117.68,17.6,17.65,0.001891337,0.064357365,0.00075005,0.000569462,0.029388047,0.092366927,35.46896961,5.179664862,6.282139913,0.017453293,159.0387332,3.3212699,85.80409973,23.85580998,CI,CHN,-999.0,169,0.546855087,-0.152837688,-0.060213095,0.699692776,CI.CHN,169,0.546855087,1.372529984,207.397995,1.463750005,0.5468550873452083,169,200.39285751446354,174.4066899437679,204.6479354047396,217.71670412571603
3049,RSN8190,13,8190, CHN,4.92,33.5083,-116.5143,15.2,120.79,292,33.999,-117.68,22.09,22.36,0.005982073,0.027227742,0.000841978,0.000285049,0.21970508,0.156970469,83.19520098,5.179664862,6.325747735,0.104719755,687.3031976,20.98612168,32.33783068,103.0954796,CI,CHN,-999.0,449,-0.430269085,-0.152837688,-0.060213095,-0.277431397,CI.CHN,449,-0.430269085,1.372529984,207.397995,1.463750005,-0.4302690854739728,449,457.96511924913625,478.7607125462632,411.22154334565994,407.8829635932876
3052,RSN12837,14,12837, CTC,4.02,33.7129,-116.0516,12.808,8.59,370,33.655,-115.99,17.38,17.44,0.035397879,0.455062759,0.004410929,0.00011023,0.077786807,0.089483615,34.11790609,5.179664862,6.268161535,0.034906585,433.5982228,321.1274517,103.1671013,65.03973342,CI,CTC,1.499275,344,0.072861348,0.249469929,0.342094522,-0.176608581,CI.CTC,344,0.072861348,9.389570236,511.5859985,8.461239815,0.07286134826487167,344,392.19187810132814,375.3295375408476,380.51699605879844,469.8336564366722
3052,RSN10926,14,10926, CTC,4.26,33.8776,-116.2019,10.062,31.54,370,33.655,-115.99,19.59,19.65,0.001414951,0.013526694,0.000779969,5.32e-05,0.104604377,0.154299616,73.19218345,5.179664862,6.204033973,0.052359878,337.5883214,26.59682331,17.34260464,50.63824821,CI,CTC,1.499275,290,0.243622083,0.249469929,0.342094522,-0.005847846,CI.CTC,290,0.243622083,9.389570236,511.5859985,8.461239815,0.2436220826577502,290,312.15049619887765,355.05120821925465,333.28506042480905,470.2391373704364
3052,RSN15210,14,15210, CTC,3.9,33.867,-117.1038,11.856,105.83,370,33.655,-115.99,23.4,23.49,0.000250775,0.002533943,0.00028321,5.76e-05,0.098966322,0.159148928,84.04078373,5.179664862,6.24946745,0.052359878,309.8362271,4.353732639,8.947222909,46.47543407,CI,CTC,1.499275,275,0.296731908,0.249469929,0.342094522,0.047261979,CI.CTC,275,0.296731908,9.389570236,511.5859985,8.461239815,0.29673190797169813,275,307.930908528229,364.4590798584405,335.2706184483206,425.7629506235794
3052,RSN16250,14,16250, CTC,3.64,33.223,-116.7186,8.687,82.98,370,33.655,-115.99,27.5,27.56,5.07e-05,0.000469873,6.52e-05,1.58e-05,0.107804845,0.161727192,84.57879578,5.179664862,6.155594857,0.052359878,331.8272724,3.208860759,7.206641104,49.77409086,CI,CTC,1.499275,287,0.25402079,0.249469929,0.342094522,0.004550861,CI.CTC,287,0.25402079,9.389570236,511.5859985,8.461239815,0.2540207898786484,287,339.88690900469635,398.7601192576974,356.5868912568098,477.2945930751106
3052,RSN8196,14,8196, CTC,4.92,33.5083,-116.5143,15.2,51.24,370,33.655,-115.99,21.82,21.89,0.00828244,0.099268432,0.002765809,7.99e-05,0.08343478,0.152070298,74.14545357,5.179664862,6.325747735,0.034906585,273.5468642,103.6600751,35.89128244,41.03202963,CI,CTC,1.499275,253,0.380113517,0.249469929,0.342094522,0.130643588,CI.CTC,253,0.380113517,9.389570236,511.5859985,8.461239815,0.38011351691074946,253,259.0236455468844,283.4860631378798,264.4461730615855,388.5704570930606
3054,RSN16099,15,16099, DNR,3.58,33.827,-117.0296,15.131,46.88,361,33.567,-116.631,17.25,17.33,0.000134656,0.001133367,6.02e-05,1.71e-05,0.118810846,0.150870694,72.56655244,5.179664862,6.323730411,0.052359878,391.5392027,7.874619883,18.82669435,58.73088041,CI,DNR,-999.0,322,0.114326413,-0.162157535,-0.069532941,0.276483948,CI.DNR,322,0.114326413,7.391310215,1272.319946,5.659110069,0.114326412788472,322,398.44518562514537,376.46221846499793,371.9866197026399,388.21713246898105
3054,RSN13389,15,13389, DNR,3.9,34.4032,-118.651,13.612,208.43,361,33.567,-116.631,16.3,16.55,-6.86e-05,-0.000210166,1.89e-05,9.52e-06,0.326439255,0.158894846,86.51341931,5.179664862,6.281821568,0.157079633,988.6876505,7.205882353,11.11989418,148.3031476,CI,DNR,-999.0,596,-0.501362709,-0.162157535,-0.069532941,-0.339205174,CI.DNR,596,-0.501362709,7.391310215,1272.319946,5.659110069,-0.5013627087324695,596,637.1200858057776,753.9415557737394,718.3198422232281,694.3195163404812
3054,RSN12684,15,12684, DNR,4.34,35.8373,-117.678,6.864,269.5,361,33.567,-116.631,21.4,21.45,1.47e-05,5.95e-05,2.74e-05,5.4e-06,0.246215253,0.163980636,88.74653415,5.179664862,6.096821743,0.122173048,734.4411395,2.722222222,2.171532847,110.1661709,CI,DNR,-999.0,470,-0.263854736,-0.162157535,-0.069532941,-0.101697202,CI.DNR,470,-0.263854736,7.391310215,1272.319946,5.659110069,-0.2638547363712238,470,665.5127779006874,576.1097344846904,612.8585836200932,627.9102965547354
3054,RSN17911,15,17911, DNR,4.04,36.3911,-117.8665,9.439,333.0,361,33.567,-116.631,11.1,11.15,-2.61e-05,-7.29e-05,2.79e-05,7.88e-06,0.357988974,0.161656401,88.53953366,5.179664862,6.183950287,0.174532925,1058.494134,3.312182741,2.612903226,158.7741201,CI,DNR,-999.0,621,-0.542453124,-0.162157535,-0.069532941,-0.380295589,CI.DNR,621,-0.542453124,7.391310215,1272.319946,5.659110069,-0.5424531236005983,621,769.3905222419007,726.0500731026314,803.3830276231279,789.1684049360144
3054,RSN18326,15,18326, DNR,3.05,33.5043,-116.561,11.461,9.52,361,33.567,-116.631,14.13,14.17,-0.000633154,-0.005548436,0.00015563,4.44e-05,0.114113958,0.104504533,40.70667477,5.179664862,6.240750508,0.052359878,543.2017399,14.26022523,35.65145537,81.48026099,CI,DNR,-999.0,393,-0.084931654,-0.162157535,-0.069532941,0.077225881,CI.DNR,393,-0.084931654,7.391310215,1272.319946,5.659110069,-0.08493165353638066,393,437.3546432064257,404.9474097936971,479.8718902741568,550.264472952429
3054,RSN11372,15,11372, DNR,4.73,33.7328,-117.4921,10.018,81.97,361,33.567,-116.631,27.54,27.63,-0.000166098,-0.002010053,0.000324771,5.81e-05,0.082633683,0.160205401,83.56848316,5.179664862,6.202702587,0.034906585,257.1802401,2.858829604,6.189139424,38.57703602,CI,DNR,-999.0,243,0.395816515,-0.162157535,-0.069532941,0.55797405,CI.DNR,243,0.395816515,7.391310215,1272.319946,5.659110069,0.3958165149923323,243,234.41575782759676,264.8502393794978,253.1711580942781,308.38430733441356
3054,RSN8787,15,8787, DNR,5.39,33.9465,-117.7667,14.89,113.33,361,33.567,-116.631,25.56,25.7,0.001126973,0.006130913,0.000166563,0.000141055,0.183818148,0.157110973,82.93039724,5.179664862,6.31653763,0.087266463,577.5588338,7.989599801,36.80837281,86.63382507,CI,DNR,-999.0,407,-0.119935227,-0.162157535,-0.069532941,0.042222308,CI.DNR,407,-0.119935227,7.391310215,1272.319946,5.659110069,-0.11993522710971405,407,378.5309713874278,435.32280737652684,401.3657750978589,433.8159305811683
3054,RSN18350,15,18350, DNR,3.34,33.5022,-116.5193,11.15,12.62,361,33.567,-116.631,14.34,14.4,-0.002487305,-0.016722756,0.001539975,0.000202343,0.148737715,0.12248587,49.77434518,5.179664862,6.233428753,0.06981317,602.0263062,12.29251815,10.85910875,90.30394593,CI,DNR,-999.0,416,-0.141807302,-0.162157535,-0.069532941,0.020350233,CI.DNR,416,-0.141807302,7.391310215,1272.319946,5.659110069,-0.14180730192838276,416,452.7188274067409,455.2852357555853,492.34743088957083,529.4751702467179
3054,RSN16941,15,16941, DNR,3.63,34.1242,-116.405,9.555,65.25,361,33.567,-116.631,12.27,12.34,-0.00054837,-0.001575053,5.28e-05,2.49e-05,0.348159993,0.160180952,82.38629928,5.179664862,6.187901101,0.174532925,1042.045123,22.02289157,29.83054924,156.3067685,CI,DNR,-999.0,616,-0.534369005,-0.162157535,-0.069532941,-0.37221147,CI.DNR,616,-0.534369005,7.391310215,1272.319946,5.659110069,-0.5343690052006389,616,599.9992204954954,651.1213318934288,619.5464906427977,621.0431061377525
3054,RSN16327,15,16327, DNR,3.74,34.8456,-119.2446,12.927,279.53,361,33.567,-116.631,26.87,26.99,6.58e-06,4.78e-05,8.61e-06,3.22e-06,0.137744775,0.159335542,87.54335272,5.179664862,6.270295551,0.06981317,429.2491571,2.043478261,5.551684088,64.38737357,CI,DNR,-999.0,341,0.056995481,-0.162157535,-0.069532941,0.219153016,CI.DNR,341,0.056995481,7.391310215,1272.319946,5.659110069,0.05699548104936358,341,428.4396420695234,454.0284980933151,462.9928696376256,478.2756285123415
3082,RSN14517,27,14517, RXH,4.01,33.2617,-116.0659,5.761,42.2,309,33.183,-115.623,20.3,20.43,0.000677085,0.00305885,0.000302922,0.000242409,0.221352841,0.163927241,83.21230329,5.179664862,6.057510055,0.104719755,662.8442834,2.793151244,10.09781396,99.42664251,CI,RXH,4.186403333,437,-0.346591918,-0.407405332,-0.314780739,0.060813414,CI.RXH,437,-0.346591918,0.0,-70.9733963,0.0122753,-0.3465919181978441,437,447.8945077525789,593.2982682777604,392.4761861163726,478.90212708284224
3082,RSN9085,27,9085, RXH,5.2,33.5328,-116.5697,15.48,96.28,309,33.183,-115.623,12.58,12.78,-0.012905,-0.043378445,0.000213116,0.000286978,0.297497988,0.156081717,81.33361914,5.179664862,6.333749326,0.13962634,922.4833249,44.96860387,203.5438212,138.3724987,CI,RXH,4.186403333,559,-0.592808196,-0.407405332,-0.314780739,-0.185402864,CI.RXH,559,-0.592808196,0.0,-70.9733963,0.0122753,-0.5928081962573533,559,571.3303365565234,615.1150561877391,508.11542429792064,512.4153828402567
3082,RSN16777,27,16777, RXH,3.72,33.1099,-116.0467,7.494,40.35,309,33.183,-115.623,13.45,13.54,0.00218657,0.011382116,0.001006174,0.000662202,0.192105745,0.161352573,80.54625451,5.179664862,6.113435346,0.087266463,586.8559378,3.301968282,11.31227402,88.02839067,CI,RXH,4.186403333,410,-0.282815883,-0.407405332,-0.314780739,0.12458945,CI.RXH,410,-0.282815883,0.0,-70.9733963,0.0122753,-0.282815882800608,410,433.93632492613807,570.9341998155546,393.0770371628538,456.844612260853
3093,RSN10998,32,10998, TOR,4.26,33.8776,-116.2019,10.062,33.64,1100,33.575,-116.226,19.09,19.22,-0.007436389,-0.018791936,5.95e-05,1.92e-05,0.395722346,0.155086759,74.18854106,5.179664862,6.204033973,0.191986218,1208.395622,387.3119271,315.8308571,181.2593433,CI,TOR,14.39045,665,0.503278418,0.341712364,0.434336957,0.161566054,CI.TOR,772,0.354080909,31.92429924,15.28190041,8.998370171,0.3540809087616852,772,716.5500675275015,788.4485358827089,709.8135303243556,859.2988365549452
3093,RSN11477,32,11477, TOR,4.73,33.7328,-117.4921,10.018,118.74,1100,33.575,-116.226,23.44,23.6,0.000684222,0.000868194,3.05e-05,1.18e-05,0.788097698,0.160743278,85.59253186,5.179664862,6.202702587,0.331612558,2036.827615,57.98491525,28.46537705,305.5241423,CI,TOR,14.39045,862,0.243810188,0.341712364,0.434336957,-0.097902176,CI.TOR,1001,0.094310679,31.92429924,15.28190041,8.998370171,0.09431067947124117,1001,977.2868692838997,954.4117096980443,1016.7874711481714,988.5526303364674
3093,RSN16307,32,16307, TOR,3.64,33.223,-116.7186,8.687,60.2,1100,33.575,-116.226,20.11,20.17,0.000356184,0.00045366,7.68e-06,1.05e-05,0.785133324,0.161092319,82.57685388,5.179664862,6.155594857,0.331612558,2027.460136,33.92228571,59.0703125,304.1190204,CI,TOR,14.39045,859,0.247296537,0.341712364,0.434336957,-0.094415827,CI.TOR,997,0.098314689,31.92429924,15.28190041,8.998370171,0.09831468882462335,997,926.1741481417462,912.1569199611309,840.6228232840812,961.9130664398651
3093,RSN10547,32,10547, TOR,4.45,34.1081,-117.3062,14.795,116.16,1100,33.575,-116.226,15.7,16.0,0.024062699,0.035492089,6e-05,3.55e-05,0.677973604,0.157259881,83.15968236,5.179664862,6.313637877,0.296705973,1865.910978,677.822507,591.5348167,279.8866467,CI,TOR,14.39045,806,0.310981716,0.341712364,0.434336957,-0.030730648,CI.TOR,936,0.161449982,31.92429924,15.28190041,8.998370171,0.16144998230886998,936,947.5628151420802,915.9393038643364,987.1551525244923,974.5551841608097
3093,RSN19406,32,19406, TOR,3.43,34.1381,-117.4717,5.767,131.11,1100,33.575,-116.226,39.46,39.53,-5.99e-05,-9.72e-05,2.3e-05,5.83e-06,0.61650887,0.164964613,87.88368405,5.179664862,6.057771424,0.27925268,1654.350163,10.27444254,4.226086957,248.1525245,CI,TOR,14.39045,735,0.40319496,0.341712364,0.434336957,0.061482596,CI.TOR,853,0.254305911,31.92429924,15.28190041,8.998370171,0.2543059112947823,853,987.957931255565,941.5503414129178,1029.253790349036,957.4562481462348
100051,RSN11664,37,11664, CHR,4.3,37.2793,-121.6191,3.442,16.86,471,37.3729,-121.7689,20.65,20.78,0.136540612,0.21302178,0.009277155,0.002267077,0.640970196,0.166217885,80.75336803,5.179664862,5.93802414,0.27925268,1689.454467,60.22760233,22.96197272,253.4181701,NC,CHR,-999.0,747,-0.461207091,-0.206074064,-0.113449471,-0.255133027,NC.CHR,747,-0.461207091,21.69300079,415.4869995,4.081309795,-0.4612070911163997,747,637.6096885279701,634.0346697902293,648.5928921584753,686.3634273840809
100051,RSN18715,37,18715, CHR,3.5,37.4729,-121.8067,7.926,11.59,471,37.3729,-121.7689,20.35,20.38,-0.001538625,-0.004814117,0.000912633,0.000371422,0.319606804,0.134258255,55.29352637,5.179664862,6.123122315,0.157079633,1147.863237,4.142525214,5.274975812,172.1794856,NC,CHR,-999.0,644,-0.312840632,-0.206074064,-0.113449471,-0.106766568,NC.CHR,644,-0.312840632,21.69300079,415.4869995,4.081309795,-0.3128406320879362,644,615.8213647373767,599.5179792903166,674.1310726073318,569.2799232208343
100051,RSN19846,37,19846, CHR,3.6,37.3892,-121.5177,5.014,22.32,471,37.3729,-121.7689,32.02,32.2,0.004025772,0.016006418,0.000346425,0.000407128,0.251509861,0.163183215,79.17884679,5.179664862,6.019111729,0.122173048,752.979029,9.888221886,46.20456953,112.9468544,NC,CHR,-999.0,479,-0.016842503,-0.206074064,-0.113449471,0.189231561,NC.CHR,479,-0.016842503,21.69300079,415.4869995,4.081309795,-0.01684250339449722,479,486.4569544549008,485.7074235542502,458.6556788514746,457.89385537206135
100051,RSN8674,37,8674, CHR,5.45,37.4317,-121.7767,7.486,6.56,471,37.3729,-121.7689,10.5,10.66,0.063233461,0.364100842,0.116295402,0.00720724,0.173670185,0.11108168,42.77096756,5.179664862,6.113244097,0.087266463,773.1336366,8.773602794,3.130827494,115.9700455,NC,CHR,-999.0,487,-0.033406029,-0.206074064,-0.113449471,0.172668035,NC.CHR,487,-0.033406029,21.69300079,415.4869995,4.081309795,-0.03340602906617196,487,552.3006806839464,470.7285194096555,454.77682344977615,493.6037015428319
100064,RSN14136,42,14136, JLAB,3.8,36.6815,-121.3092,5.568,64.74,477,37.1543,-121.7347,21.1,21.24,0.00066543,0.00086911,0.000265649,0.000184162,0.765644475,0.164890549,85.85285882,5.179664862,6.048749462,0.331612558,1948.509661,3.613286129,3.271647926,292.2764492,NC,JLAB,6.71517,833,-0.557517151,-0.428268892,-0.335644299,-0.129248259,NC.JLAB,684,-0.360441427,19.61330032,280.8819885,4.276450157,-0.36044142673420865,684,683.6403471973385,567.2665463164932,684.7431414123365,603.0509114520263
100064,RSN11679,42,11679, JLAB,4.3,37.2793,-121.6191,3.442,17.25,477,37.1543,-121.7347,20.73,20.84,-0.074021614,-0.166943197,0.003671779,0.000768037,0.443394009,0.166217885,80.75336803,5.179664862,5.93802414,0.20943951,1246.500156,96.3776667,45.46657002,186.9750234,NC,JLAB,6.71517,680,-0.354576307,-0.428268892,-0.335644299,0.073692585,NC.JLAB,559,-0.158632982,19.61330032,280.8819885,4.276450157,-0.1586329822667576,559,479.6350875873361,480.602224820564,510.1759570889544,518.4051645423095
100064,RSN19195,42,19195, JLAB,3.8,36.6888,-121.3205,4.454,63.49,477,37.1543,-121.7347,21.22,21.37,0.001475921,0.001968262,0.000191469,7.22e-05,0.749860033,0.166966826,86.81136659,5.179664862,5.979941298,0.314159265,1890.565857,20.44211911,10.27979464,283.5848786,NC,JLAB,6.71517,814,-0.534443875,-0.428268892,-0.335644299,-0.106174983,NC.JLAB,669,-0.338267569,19.61330032,280.8819885,4.276450157,-0.3382675692398873,669,694.2807584674985,554.9941854346923,665.2818588428721,590.060816544151
100064,RSN15858,42,15858, JLAB,3.6,37.3892,-121.5177,5.014,32.4,477,37.1543,-121.7347,33.16,33.33,-0.001486029,-0.004066502,0.000146131,0.000223307,0.365431809,0.164762006,82.62217034,5.179664862,6.019111729,0.174532925,1057.681689,6.654645846,27.82778466,158.6522534,NC,JLAB,6.71517,621,-0.263814591,-0.428268892,-0.335644299,0.164454301,NC.JLAB,510,-0.066894235,19.61330032,280.8819885,4.276450157,-0.06689423483002965,510,509.8584304241188,470.5211317150691,466.07362220638834,459.4411620492031
100064,RSN18984,42,18984, JLAB,4.51,35.7277,-121.0758,5.558,168.97,477,37.1543,-121.7347,24.97,25.08,0.000344669,0.000683908,0.000283755,0.000120328,0.503969342,0.165274821,88.43659075,5.179664862,6.048276052,0.226892803,1397.736606,2.864412273,2.410205988,209.6604909,NC,JLAB,6.71517,734,-0.430992538,-0.428268892,-0.335644299,-0.002723645,NC.JLAB,603,-0.234400706,19.61330032,280.8819885,4.276450157,-0.2344007058388442,603,694.5688208226071,534.2333481947604,675.6437347925233,448.7694725190068
100070,RSN10276,43,10276, SBI,4.34,35.0174,-119.1492,9.557,170.83,854,33.4805,-119.0299,6.93,7.0,-0.000135845,-0.00024051,0.000111705,5.46e-05,0.564818698,0.161397174,87.10141036,5.179664862,6.187968323,0.261799388,1576.844379,2.488003663,2.153081778,236.5266569,CI,SBI,-999.0,738,0.145987369,0.157690748,0.250315341,-0.011703378,CI.SBI,738,0.145987369,22.78569984,50.11539841,14.87709999,0.14598736918809774,738,842.439819590004,584.8847525750631,812.2953846679917,562.6488662749077
100070,RSN9268,43,9268, SBI,5.03,35.3852,-118.6292,7.3,214.47,854,33.4805,-119.0299,24.3,24.7,0.003978902,0.00595647,0.00131234,0.001195113,0.667996658,0.163630352,88.30583002,5.179664862,6.108664217,0.296705973,1774.521955,3.329310283,4.53881616,266.1782933,CI,SBI,-999.0,775,0.097068164,0.157690748,0.250315341,-0.060622583,CI.SBI,775,0.097068164,22.78569984,50.11539841,14.87709999,0.09706816443522293,775,819.4443117729646,690.0067618689478,832.1589093504299,649.1763302725217
100070,RSN11450,43,11450, SBI,4.73,33.7328,-117.4921,10.018,145.44,854,33.4805,-119.0299,17.4,17.56,0.000860096,0.002236932,0.00055523,0.000149929,0.384498069,0.16090483,86.41653158,5.179664862,6.202702587,0.191986218,1135.849655,5.736688699,4.028838499,170.3774483,CI,SBI,-999.0,642,0.28534289,0.157690748,0.250315341,0.127652143,CI.SBI,642,0.28534289,22.78569984,50.11539841,14.87709999,0.285342890098609,642,668.4881710576828,555.162979743537,694.3345134200317,604.5791908666013
100070,RSN10795,43,10795, SBI,4.66,34.2983,-118.6255,8.038,98.12,854,33.4805,-119.0299,12.88,12.94,0.001686696,0.002986638,0.000858089,0.000620034,0.564747414,0.162787801,85.80700449,5.179664862,6.126524324,0.261799388,1563.222011,2.72032824,3.480569032,234.4833017,CI,SBI,-999.0,752,0.12719487,0.157690748,0.250315341,-0.030495878,CI.SBI,752,0.12719487,22.78569984,50.11539841,14.87709999,0.12719486983873018,752,719.1041718501413,561.8413353488448,738.9858029264236,602.2711885821152
100070,RSN11968,43,11968, SBI,4.27,34.3874,-119.4398,6.219,107.5,854,33.4805,-119.0299,16.56,16.81,-0.001377506,-0.002506384,8.52e-05,0.000131,0.549598844,0.164388584,87.18126987,5.179664862,6.075787581,0.244346095,1510.399704,10.51531298,29.41765258,226.5599556,CI,SBI,-999.0,773,0.099652145,0.157690748,0.250315341,-0.058038602,CI.SBI,773,0.099652145,22.78569984,50.11539841,14.87709999,0.09965214520114785,773,824.4538196366794,564.7774496270646,912.2880785883264,624.6170761244144
100070,RSN9971,43,9971, SBI,4.59,34.9977,-119.1926,10.662,168.96,854,33.4805,-119.0299,7.5,7.66,0.001394023,0.002897292,0.001093998,0.000439605,0.481146791,0.160476745,86.68877024,5.179664862,6.221029194,0.226892803,1386.264505,3.171080857,2.648352191,207.9396758,CI,SBI,-999.0,730,0.15688666,0.157690748,0.250315341,-0.000804088,CI.SBI,730,0.15688666,22.78569984,50.11539841,14.87709999,0.15688665964613335,730,814.7436911950872,609.6542260797091,762.7580680149713,609.8895252695646
100070,RSN8847,43,8847, SBI,5.39,33.9465,-117.7667,14.89,127.99,854,33.4805,-119.0299,27.06,27.56,0.031140635,0.063656462,0.000797034,0.000223158,0.489198337,0.157361305,83.7092231,5.179664862,6.31653763,0.226892803,1433.023155,139.5452325,79.86668323,214.9534733,CI,SBI,-999.0,747,0.133866009,0.157690748,0.250315341,-0.023824739,CI.SBI,747,0.133866009,22.78569984,50.11539841,14.87709999,0.13386600865575282,747,762.062006918257,643.7268066611014,829.2244934144844,645.946247860916
100070,RSN16183,43,16183, SBI,3.64,33.8455,-118.7007,12.777,50.71,854,33.4805,-119.0299,18.8,18.95,-0.00161057,-0.002752061,0.000168524,8.65e-05,0.585223179,0.155132888,76.48547269,5.179664862,6.267598776,0.261799388,1685.667345,18.61930636,16.33038024,252.8501018,CI,SBI,-999.0,745,0.136546975,0.157690748,0.250315341,-0.021143772,CI.SBI,745,0.136546975,22.78569984,50.11539841,14.87709999,0.1365469754090105,745,640.9813977579987,511.9098674408654,637.6295594572683,417.7130420426915
100070,RSN13448,43,13448, SBI,3.9,34.4032,-118.651,13.612,108.17,854,33.4805,-119.0299,15.79,15.98,-0.000288735,-0.000599261,1.79e-05,1.44e-05,0.481818676,0.158095064,83.27761185,5.179664862,6.281821568,0.226892803,1408.758843,20.05104167,33.47826816,211.3138265,CI,SBI,-999.0,738,0.145987369,0.157690748,0.250315341,-0.011703378,CI.SBI,738,0.145987369,22.78569984,50.11539841,14.87709999,0.14598736918809774,738,738.3813845912613,558.5653614193886,750.971439190291,497.85559528329065
100070,RSN10519,43,10519, SBI,4.45,34.1081,-117.3062,14.795,174.15,854,33.4805,-119.0299,14.33,14.45,0.000137639,0.000420358,0.000175207,5.77e-05,0.327433827,0.157886131,85.4408878,5.179664862,6.313637877,0.157079633,997.7494282,2.38542461,2.399207794,149.6624142,CI,SBI,-999.0,601,0.351336259,0.157690748,0.250315341,0.193645512,CI.SBI,601,0.351336259,22.78569984,50.11539841,14.87709999,0.35133625925336265,601,617.2002560865297,573.4569345774698,718.412992323004,552.0695117651303
100070,RSN11220,43,11220, SBI,4.42,34.0665,-118.8938,12.827,66.21,854,33.4805,-119.0299,22.24,22.38,-0.00419703,-0.006873548,0.000163956,0.000114048,0.610606043,0.156950725,79.68762945,5.179664862,6.268505043,0.27925268,1726.447424,36.80055766,41.92312572,258.9671136,CI,SBI,-999.0,759,0.117929416,0.157690748,0.250315341,-0.039761331,CI.SBI,759,0.117929416,22.78569984,50.11539841,14.87709999,0.11792941639293986,759,695.3616594959277,528.4348185536021,694.4308386462743,473.3222255193891
100070,RSN9089,43,9089, SBI,5.2,33.5328,-116.5697,15.48,228.66,854,33.4805,-119.0299,16.35,17.07,0.001162574,0.001818397,0.000153043,5.52e-05,0.639339983,0.157564129,86.35013057,5.179664862,6.333749326,0.27925268,1778.941929,21.06112319,11.88160844,266.8412894,CI,SBI,-999.0,777,0.094490843,0.157690748,0.250315341,-0.063199904,CI.SBI,777,0.094490843,22.78569984,50.11539841,14.87709999,0.09449084342092284,777,912.893498283647,750.4889702037682,883.5863951338805,691.5649552677789
100089,RSN12383,47,12383, ARV,4.27,36.1466,-118.0613,4.057,132.85,348,35.1269,-118.8301,20.42,20.52,0.0001,0.000663898,0.000122175,4.01e-05,0.150562779,0.168192941,88.66319531,5.179664862,5.943934512,0.06981317,443.6851496,2.493765586,5.433992224,66.55277244,CI,ARV,-999.0,349,-0.002869442,-0.139667009,-0.047042415,0.136797566,CI.ARV,349,-0.002869442,11.20110035,241.1190033,6.969810009,-0.0028694424279525066,349,387.8652147621947,352.2539286095247,414.76747579231744,358.9289361628653
100089,RSN10669,47,10669, ARV,4.66,34.2983,-118.6255,8.038,93.81,348,35.1269,-118.8301,8.62,8.97,-0.001125238,-0.004678594,0.000224971,6.94e-05,0.240507832,0.162749155,85.62539335,5.179664862,6.126524324,0.122173048,723.7810182,16.21380403,20.79643154,108.5671527,CI,ARV,-999.0,466,-0.291983154,-0.139667009,-0.047042415,-0.152316146,CI.ARV,466,-0.291983154,11.20110035,241.1190033,6.969810009,-0.29198315435117106,466,454.5562380718351,439.32554273325104,477.83015978523076,439.7892085121538
100089,RSN17892,47,17892, ARV,4.04,36.3911,-117.8665,9.439,165.13,348,35.1269,-118.8301,12.4,12.57,-0.000242716,-0.001356784,2.8e-05,6.51e-06,0.17889046,0.161492641,87.0362714,5.179664862,6.183950287,0.087266463,547.294971,37.28356375,48.45657143,82.09424565,CI,ARV,-999.0,394,-0.12414843,-0.139667009,-0.047042415,0.015518579,CI.ARV,394,-0.12414843,11.20110035,241.1190033,6.969810009,-0.12414842952345939,394,482.94662365270807,407.05027952324343,462.71436432921536,411.06558530020607
100094,RSN17557,51,17557, BTP,3.4,34.0733,-118.867,10.648,72.72,461,34.6822,-118.574,19.32,19.45,-0.000464706,-0.00217863,1.71e-05,7.92e-05,0.213301986,0.159290803,82.26162817,5.179664862,6.220655727,0.104719755,658.4139238,5.8675,127.4052632,98.76208857,CI,BTP,3.03883,436,0.0557558,-0.042736162,0.049888431,0.098491962,CI.BTP,436,0.0557558,33.28779984,1630.880005,24.01939964,0.055755799647614346,436,475.34696981478356,423.08184436293413,476.92461281183097,437.45267555092715
100094,RSN14703,51,14703, BTP,3.84,34.2268,-117.4407,8.593,115.74,461,34.6822,-118.574,23.97,24.16,0.000198047,0.000535918,1.33e-05,1.2e-05,0.369546224,0.162197946,86.18942777,5.179664862,6.151676073,0.174532925,1085.093247,16.50391667,40.29458647,162.7639871,CI,BTP,3.03883,629,-0.310733214,-0.042736162,0.049888431,-0.267997052,CI.BTP,361,0.244520085,33.28779984,1630.880005,24.01939964,0.24452008466376807,361,399.619220533204,329.492335085532,391.77737475447503,315.3860944653355
100094,RSN17800,51,17800, BTP,3.28,35.1325,-118.9412,4.611,60.18,461,34.6822,-118.574,15.85,15.93,6.61e-05,0.000800224,1.39e-05,8.02e-06,0.082562811,0.166564073,86.43744203,5.179664862,5.99209381,0.034906585,247.1515278,8.241895262,57.57007194,37.07272917,CI,BTP,3.03883,236,0.669566238,-0.042736162,0.049888431,0.7123024,CI.BTP,236,0.669566238,33.28779984,1630.880005,24.01939964,0.6695662379710381,236,290.7202132533824,266.6686240111934,394.45715293114915,350.17608495132873
100094,RSN9673,51,9673, BTP,4.69,35.0172,-119.0247,9.251,55.5,461,34.6822,-118.574,6.5,6.73,-0.006788334,-0.013387381,0.000254671,0.000202608,0.50706963,0.160025176,81.31260859,5.179664862,6.177322679,0.226892803,1450.745311,33.50476783,52.56735553,217.6117967,CI,BTP,3.03883,753,-0.490667185,-0.042736162,0.049888431,-0.447931023,CI.BTP,432,0.064972455,33.28779984,1630.880005,24.01939964,0.06497245475253788,432,401.3204109043021,348.41727934673906,337.8296703159326,356.0020726296429
100094,RSN16317,51,16317, BTP,3.74,34.8456,-119.2446,12.927,64.01,461,34.6822,-118.574,16.53,16.6,0.001653506,0.009127857,0.000726864,6.75e-05,0.181149405,0.156610628,79.11097687,5.179664862,6.270295551,0.087266463,571.2589338,24.49638519,12.55786089,85.68884007,CI,BTP,3.03883,404,0.131983165,-0.042736162,0.049888431,0.174719327,CI.BTP,404,0.131983165,33.28779984,1630.880005,24.01939964,0.13198316503549812,404,456.84666269904835,404.2756759516266,427.77026386964366,421.6895685481204
100094,RSN12071,51,12071, BTP,4.42,34.8927,-119.0292,16.97,47.76,461,34.6822,-118.574,29.47,29.57,-0.007052385,-0.020915266,0.000443628,3.21e-05,0.337188407,0.14825874,70.85433269,5.179664862,6.371886121,0.157079633,1091.082535,219.7004673,47.14595562,163.6623803,CI,BTP,3.03883,630,-0.312321776,-0.042736162,0.049888431,-0.269585614,CI.BTP,361,0.244520085,33.28779984,1630.880005,24.01939964,0.24452008466376807,361,383.6840131337089,335.0881775803294,355.3414137581183,309.5110664805246
100095,RSN9675,52,9675, CAC,4.69,35.0172,-119.0247,9.251,128.06,399,34.1368,-118.122,13.13,13.33,0.002119666,0.005478296,0.00141462,0.001027059,0.386920731,0.161536452,86.25338516,5.179664862,6.177322679,0.191986218,1137.637294,2.063821066,3.872627278,170.6455941,CI,CAC,0.57,642,-0.475626887,0.164249416,0.256874009,-0.639876303,CI.CAC,172,0.84146694,5.490129948,232.727005,1.846899986,0.841466940076411,172,176.17412924218652,157.4469375076295,153.2764556792148,135.71093334957098
100095,RSN8774,52,8774, CAC,5.39,33.9465,-117.7667,14.89,39.01,399,34.1368,-118.122,21.8,21.97,-0.002928313,-0.035878819,0.004755755,0.000942712,0.081616754,0.148692539,69.92131188,5.179664862,6.31653763,0.034906585,273.7056313,3.106264692,7.54429507,41.0558447,CI,CAC,0.57,253,0.455571928,0.164249416,0.256874009,0.291322512,CI.CAC,253,0.455571928,5.490129948,232.727005,1.846899986,0.4555719281623434,253,252.8876089815983,244.86853686153285,235.0858766304976,248.90222744560322
100095,RSN11354,52,11354, CAC,4.73,33.7328,-117.4921,10.018,73.48,399,34.1368,-118.122,24.76,24.93,0.000777649,0.01118745,0.002921447,0.000330273,0.069510831,0.159970158,82.86088051,5.179664862,6.202702587,0.034906585,216.870989,2.354564254,3.829420832,32.53064835,CI,CAC,0.57,214,0.622985402,0.164249416,0.256874009,0.458735986,CI.CAC,214,0.622985402,5.490129948,232.727005,1.846899986,0.6229854018680125,214,205.48824266143598,222.7003742211,198.89836525034931,215.22403071281195
100095,RSN9870,52,9870, CAC,4.59,34.9977,-119.1926,10.662,137.01,399,34.1368,-118.122,6.2,6.39,0.000622212,0.003776926,0.00097038,0.000231185,0.164740312,0.160334988,85.90630006,5.179664862,6.221029194,0.087266463,508.8353047,2.691402989,3.89221336,76.32529571,CI,CAC,0.57,378,0.054067221,0.164249416,0.256874009,-0.110182195,CI.CAC,378,0.054067221,5.490129948,232.727005,1.846899986,0.054067221270275745,378,381.6260074032485,386.103886897598,345.04672108140215,336.69403504832366
100111,RSN17426,59,17426, GSC,3.73,35.2675,-117.3498,7.92,49.64,679,35.3018,-116.8057,22.11,22.19,0.000356791,0.000722486,2.57e-05,1.15e-05,0.493838086,0.161647541,81.79638158,5.179664862,6.122995859,0.226892803,1405.786787,31.02530435,28.11229572,210.8680181,CI,GSC,-999.0,737,-0.081966765,-0.035106954,0.05751764,-0.046859811,CI.GSC,737,-0.081966765,38.9856987,1000.460022,7.605160236,-0.08196676463064012,737,716.6556601153459,836.322855724881,725.4713159190227,927.3661400449258
100111,RSN12403,59,12403, GSC,4.27,36.1466,-118.0613,4.057,147.28,679,35.3018,-116.8057,20.73,20.84,0.000132309,0.000334305,1.48e-05,7.4e-06,0.395772896,0.168201354,88.79222583,5.179664862,5.943934512,0.191986218,1114.301118,17.87959459,22.58817568,167.1451677,CI,GSC,-999.0,636,0.065422564,-0.035106954,0.05751764,0.100529518,CI.GSC,636,0.065422564,38.9856987,1000.460022,7.605160236,0.06542256421857395,636,728.7353685416884,740.1918927804887,769.7533784968691,735.7174358398767
100111,RSN14728,59,14728, GSC,3.84,34.2268,-117.4407,8.593,132.67,679,35.3018,-116.8057,21.7,21.84,-0.000485584,-0.000874491,1.87e-05,1.48e-05,0.555275911,0.162284948,86.68274318,5.179664862,6.151676073,0.261799388,1547.690092,32.80972973,46.7642246,232.1535138,CI,GSC,-999.0,767,-0.121865674,-0.035106954,0.05751764,-0.08675872,CI.GSC,767,-0.121865674,38.9856987,1000.460022,7.605160236,-0.12186567380855973,767,848.1213633530376,894.4472387858552,916.8343939079198,905.1351271831594
100111,RSN15526,59,15526, GSC,3.68,34.7251,-116.0506,2.727,94.04,679,35.3018,-116.8057,22.36,22.52,0.00017141,0.000333339,1.8e-05,9.33e-06,0.51422162,0.168376523,88.92458488,5.179664862,5.93802414,0.244346095,1399.078683,18.37191854,18.51883333,209.8618025,CI,GSC,-999.0,734,-0.077887901,-0.035106954,0.05751764,-0.042780947,CI.GSC,734,-0.077887901,38.9856987,1000.460022,7.605160236,-0.07788790105581889,734,820.8787074709863,886.5160088415215,816.263745903583,857.6396169669923
100111,RSN16880,59,16880, GSC,3.6,34.2088,-117.5824,7.536,140.57,679,35.3018,-116.8057,14.02,14.11,-0.000147057,-0.000280919,1.2e-05,9.49e-06,0.523484458,0.163366986,87.30784474,5.179664862,6.114431914,0.244346095,1462.660926,15.49599579,23.40991667,219.3991389,CI,GSC,-999.0,757,-0.108742126,-0.035106954,0.05751764,-0.073635172,CI.GSC,757,-0.108742126,38.9856987,1000.460022,7.605160236,-0.1087421258787522,757,883.3849244251296,914.9339783499825,912.6997255688184,901.1245797723403
100111,RSN15164,59,15164, GSC,3.9,33.867,-117.1038,11.856,161.5,679,35.3018,-116.8057,26.01,26.16,-0.000274417,-0.00067043,1.9e-05,9.84e-06,0.409314631,0.15964658,86.11843049,5.179664862,6.24946745,0.191986218,1208.682401,27.8879065,35.28578947,181.3023602,CI,GSC,-999.0,665,0.020834087,-0.035106954,0.05751764,0.055941041,CI.GSC,665,0.020834087,38.9856987,1000.460022,7.605160236,0.020834086902842053,665,705.488595996843,742.1598458463772,777.9907998603975,803.6902903787272
100111,RSN8798,59,8798, GSC,5.39,33.9465,-117.7667,14.89,174.27,679,35.3018,-116.8057,25.11,25.37,-0.012073135,-0.020617921,0.001107724,0.000733796,0.585565108,0.15780676,85.40962495,5.179664862,6.31653763,0.261799388,1657.840545,16.45298557,18.61286837,248.6760818,CI,GSC,-999.0,736,-0.080608991,-0.035106954,0.05751764,-0.045502037,CI.GSC,736,-0.080608991,38.9856987,1000.460022,7.605160236,-0.08060899117018039,736,780.3857053298132,805.0957183561944,821.1740419199554,761.875275632806
100111,RSN16012,59,16012, GSC,3.73,35.6346,-117.5657,2.693,78.24,679,35.3018,-116.8057,32.26,32.33,0.000111411,0.000268476,6.32e-05,1.94e-05,0.414975271,0.168364417,88.72387218,5.179664862,5.93802414,0.191986218,1159.712849,5.742835052,4.248037975,173.9569274,CI,GSC,-999.0,647,0.048274833,-0.035106954,0.05751764,0.083381787,CI.GSC,647,0.048274833,38.9856987,1000.460022,7.605160236,0.04827483305779534,647,702.7635626383877,758.2025978574441,699.3021274993632,775.034525134951
100111,RSN10069,59,10069, GSC,4.18,34.3617,-118.6637,11.151,199.41,679,35.3018,-116.8057,6.58,6.74,7e-05,0.000193462,1.68e-05,1.14e-05,0.361995096,0.160214315,87.06514799,5.179664862,6.233452986,0.174532925,1078.632087,6.140350877,11.51559524,161.7948131,CI,GSC,-999.0,627,0.079674587,-0.035106954,0.05751764,0.114781541,CI.GSC,627,0.079674587,38.9856987,1000.460022,7.605160236,0.07967458692577534,627,710.2051300089759,715.9852820380707,745.2114728461597,741.948854891175
100111,RSN13997,59,13997, GSC,4.15,33.638,-116.7082,12.649,184.78,679,35.3018,-116.8057,14.92,15.06,-7.52e-05,-0.000184399,1.45e-05,1.44e-05,0.407887925,0.159288294,86.35770917,5.179664862,6.265244507,0.191986218,1207.761407,5.222222222,12.71717241,181.1642111,CI,GSC,-999.0,665,0.020834087,-0.035106954,0.05751764,0.055941041,CI.GSC,665,0.020834087,38.9856987,1000.460022,7.605160236,0.020834086902842053,665,703.6919442653243,771.6944282047571,764.1479138751631,770.686524819856
100111,RSN18014,59,18014, GSC,5.0,36.3864,-117.8583,7.408,153.38,679,35.3018,-116.8057,13.1,13.31,0.001196209,0.001736223,0.000234607,0.000139816,0.688971737,0.163484617,87.58596003,5.179664862,6.11135504,0.296705973,1815.295248,8.555594496,7.400559233,272.2942872,CI,GSC,-999.0,789,-0.150145193,-0.035106954,0.05751764,-0.115038239,CI.GSC,789,-0.150145193,38.9856987,1000.460022,7.605160236,-0.15014519328717757,789,752.4050066637731,824.4455205565099,775.0538024329386,802.7329004415479
100114,RSN11196,61,11196, LDR,4.42,34.0665,-118.8938,12.827,114.36,378,34.9906,-118.3416,26.27,26.46,-0.001263289,-0.001899452,3.03e-05,4.39e-05,0.665080929,0.158661011,84.02496521,5.179664862,6.268505043,0.296705973,1824.408237,28.77651481,62.68818482,273.6612356,CI,LDR,-999.0,792,-0.739667196,-0.735366324,-0.642741731,-0.004300872,CI.LDR,792,-0.739667196,7.184519768,1117.209961,6.364550114,-0.739667196194838,792,780.39243963123,691.8282644890392,823.4733648082507,721.7805784715858
100114,RSN17569,61,17569, LDR,3.4,34.0733,-118.867,10.648,112.61,378,34.9906,-118.3416,20.46,20.59,-0.000121918,-0.000215417,1.23e-05,1.27e-05,0.565961273,0.160150933,85.03239759,5.179664862,6.220655727,0.261799388,1591.590567,9.59984252,17.51357724,238.7385851,CI,LDR,-999.0,724,-0.649897197,-0.735366324,-0.642741731,0.085469128,CI.LDR,724,-0.649897197,7.184519768,1117.209961,6.364550114,-0.649897196766128,724,704.9141284300134,637.7184978054609,756.3551191510778,647.8809090359226
100114,RSN9211,61,9211, LDR,5.03,35.3852,-118.6292,7.3,51.02,378,34.9906,-118.3416,15.05,15.26,-0.058446611,-0.073784971,0.000395975,9.45e-05,0.79212081,0.162365411,82.67359334,5.179664862,6.108664217,0.331612558,2023.121799,618.4826561,186.3374481,303.4682699,CI,LDR,-999.0,858,-0.819709904,-0.735366324,-0.642741731,-0.084343579,CI.LDR,858,-0.819709904,7.184519768,1117.209961,6.364550114,-0.8197099038683744,858,679.8862806110787,708.5354209334205,744.3504968993726,761.7096337982088
100114,RSN16017,61,16017, LDR,3.73,35.6346,-117.5657,2.693,100.42,378,34.9906,-118.3416,34.86,35.09,-0.000196621,-0.000307846,2.09e-05,1.21e-05,0.638697907,0.168381062,89.01028463,5.179664862,5.93802414,0.27925268,1663.443094,16.24966942,14.72947368,249.5164641,CI,LDR,-999.0,738,-0.669049629,-0.735366324,-0.642741731,0.066316695,CI.LDR,738,-0.669049629,7.184519768,1117.209961,6.364550114,-0.6690496289808845,738,834.1243497242289,715.0856143329247,782.166563406242,638.2016638898671
100114,RSN18215,61,18215, LDR,4.36,36.3932,-117.8644,8.798,161.5,378,34.9906,-118.3416,12.16,12.33,-0.001559587,-0.00205685,9.78e-05,3.87e-05,0.758240674,0.162142388,87.20975481,5.179664862,6.160106881,0.331612558,1968.876022,40.29940568,21.03118609,295.3314033,CI,LDR,-999.0,840,-0.798507696,-0.735366324,-0.642741731,-0.063141372,CI.LDR,840,-0.798507696,7.184519768,1117.209961,6.364550114,-0.7985076962177713,840,937.8336984377239,824.0206223119238,878.8091404740937,828.3920217532509
100117,RSN18217,63,18217, LRL,4.36,36.3932,-117.8644,8.798,102.71,511,35.4795,-117.6821,11.01,11.21,-0.010267242,-0.007986439,0.000117662,8.35e-05,1.285584456,0.161853154,85.58507065,5.179664862,6.160106881,0.453785606,2713.744373,122.960982,67.87611123,407.061656,CI,LRL,-999.0,1075,-0.74370635,-0.628944422,-0.536319829,-0.114761928,CI.LRL,1075,-0.74370635,22.71949959,1283.589966,5.832890034,-0.7437063503580585,1075,933.4074558576848,1222.5120292850947,934.6190716258976,1261.7320995534308
100117,RSN8810,63,8810, LRL,5.39,33.9465,-117.7667,14.89,170.24,511,35.4795,-117.6821,24.23,24.46,0.010708416,0.015618538,0.001693686,0.000359841,0.68562218,0.157782559,85.30145787,5.179664862,6.31653763,0.296705973,1874.479786,29.75874345,9.221625496,281.1719679,CI,LRL,-999.0,809,-0.459429327,-0.628944422,-0.536319829,0.169515096,CI.LRL,809,-0.459429327,22.71949959,1283.589966,5.832890034,-0.4594293268547869,809,838.5674534609406,846.7542239792365,861.628394166613,808.8548755407745
100117,RSN12894,63,12894, LRL,4.11,36.0312,-117.7658,4.03,61.68,511,35.4795,-117.6821,21.74,21.84,0.001171391,0.001186809,9.96e-05,0.00012503,0.987009004,0.168103051,87.10901904,5.179664862,5.941161117,0.383972435,2255.729908,9.368879469,11.91575301,338.3594862,CI,LRL,-999.0,933,-0.602035611,-0.628944422,-0.536319829,0.026908812,CI.LRL,933,-0.602035611,22.71949959,1283.589966,5.832890034,-0.6020356106436395,933,875.3766954732857,978.6645827840032,873.9485873270495,1014.3440555405676
100117,RSN17927,63,17927, LRL,4.04,36.3911,-117.8665,9.439,102.51,511,35.4795,-117.6821,12.89,13.01,-0.002160229,-0.001847666,2.15e-05,5.23e-05,1.169166601,0.161147398,85.22377655,5.179664862,6.183950287,0.436332313,2598.722894,41.30456979,85.93795349,389.8084341,CI,LRL,-999.0,1040,-0.710606402,-0.628944422,-0.536319829,-0.081661979,CI.LRL,1040,-0.710606402,22.71949959,1283.589966,5.832890034,-0.710606401931714,1040,905.9784494608825,1144.7858908946798,929.5102696201562,1217.639560935925
100133,RSN17595,66,17595, TEH,3.4,34.0733,-118.867,10.648,141.17,895,35.2913,-118.4208,19.34,19.49,-5.65e-05,-8.29e-05,4.02e-06,4.63e-06,0.681517165,0.160374385,86.05773524,5.179664862,6.220655727,0.296705973,1836.413945,12.20302376,20.62189055,275.4620918,CI,TEH,-999.0,796,0.117224532,0.128041945,0.220666538,-0.010817413,CI.TEH,796,0.117224532,14.38210011,873.9069824,3.575030088,0.11722453243047237,796,804.9794984646815,684.8784018423579,830.2671831467229,729.8694671215761
100133,RSN14610,66,14610, TEH,4.11,35.6211,-117.5805,9.045,84.6,895,35.2913,-118.4208,20.91,20.99,-0.001069154,-0.00191922,0.000123779,3.83e-05,0.557077597,0.161325792,84.46374569,5.179664862,6.169722379,0.261799388,1560.80756,27.91524804,15.50521494,234.121134,CI,TEH,-999.0,754,0.17143135,0.128041945,0.220666538,0.043389405,CI.TEH,754,0.17143135,14.38210011,873.9069824,3.575030088,0.17143135026689915,754,779.6125777778263,709.0006085301849,727.0640176409601,674.3931247858144
100133,RSN15341,66,15341, TEH,3.74,34.8437,-119.6912,11.07,126.07,895,35.2913,-118.4208,22.08,22.26,-0.000134037,-0.000171784,4.35e-06,6.84e-06,0.780264264,0.15994908,85.35721674,5.179664862,6.231475121,0.331612558,2033.717623,19.59605263,39.49057471,305.0576435,CI,TEH,-999.0,861,0.038729214,0.128041945,0.220666538,-0.089312731,CI.TEH,861,0.038729214,14.38210011,873.9069824,3.575030088,0.03872921384712491,861,854.3393779902974,757.0416970422831,866.8401595591387,806.9898086312492
100133,RSN13349,66,13349, TEH,4.2,34.3768,-117.6461,8.934,123.75,895,35.2913,-118.4208,15.7,15.79,-0.000234742,-0.000382457,2.97e-05,1.17e-05,0.613772731,0.161851698,86.27913538,5.179664862,6.165471616,0.27925268,1680.616732,20.0634188,12.87734007,252.0925098,CI,TEH,-999.0,744,0.184782683,0.128041945,0.220666538,0.056740738,CI.TEH,744,0.184782683,14.38210011,873.9069824,3.575030088,0.18478268344176385,744,802.5225707211491,722.593840425458,773.895855404252,667.7478768788851
100167,RSN17750,73,17750, ERR,3.63,32.7081,-116.029,7.885,49.26,238,33.1168,-115.8227,22.98,23.04,-0.000293418,-0.003032312,0.000348536,0.000128505,0.096763777,0.16168374,81.83731332,5.179664862,6.12225391,0.052359878,298.2548328,2.283319715,8.700140014,44.73822492,CI,ERR,0.146666667,268,-0.118716307,-0.107137855,-0.014513262,-0.011578451,CI.ERR,268,-0.118716307,7.979599953,-59.80690002,0.576366007,-0.1187163068393815,268,304.6456806896605,378.2577963211858,268.4194708203655,306.61484604101645
100167,RSN14446,73,14446, ERR,4.05,32.7091,-116.0396,7.817,49.56,238,33.1168,-115.8227,23.42,23.5,-0.000869507,-0.008302256,0.000225396,0.000250418,0.104731352,0.161754429,81.9168618,5.179664862,6.120791156,0.052359878,322.4164821,3.472222444,36.83408756,48.36247232,CI,ERR,0.146666667,282,-0.169636397,-0.107137855,-0.014513262,-0.062498542,CI.ERR,282,-0.169636397,7.979599953,-59.80690002,0.576366007,-0.16963639726663882,282,315.08793197481964,375.34877086181524,270.2593534786036,313.8880213918167
100167,RSN16758,73,16758, ERR,3.72,33.1099,-116.0467,7.494,20.92,238,33.1168,-115.8227,12.71,12.82,0.009728025,0.119637427,0.000308404,0.000330158,0.081312555,0.154782935,71.13011189,5.179664862,6.113435346,0.034906585,261.9622979,29.46475627,387.9243687,39.29434469,CI,ERR,0.146666667,246,-0.033060862,-0.107137855,-0.014513262,0.074076993,CI.ERR,246,-0.033060862,7.979599953,-59.80690002,0.576366007,-0.03306086226088745,246,280.8070684806118,342.65246926318036,265.98223447248427,279.469306229589
100172,RSN18017,75,18017, JRC2,5.0,36.3864,-117.8583,7.408,45.04,623,35.9825,-117.8089,11.9,11.96,-0.005279313,-0.017955662,0.003030054,0.000739247,0.294019426,0.161842606,81.52397407,5.179664862,6.11135504,0.13962634,880.0598364,7.141473689,5.925855447,132.0089755,CI,JRC2,5.246016667,537,0.148548424,-0.125458709,-0.032834115,0.274007133,CI.JRC2,537,0.148548424,13.04990005,1420.880005,9.128740311,0.14854842427858816,537,482.72999185330116,436.8711414211017,500.62150594396144,527.784631745009
100172,RSN18043,75,18043, JRC2,4.5,36.3915,-117.8683,9.117,45.7,623,35.9825,-117.8089,10.31,10.45,-0.016569592,-0.028627639,0.001876735,0.002011774,0.578797019,0.159322655,79.54774351,5.179664862,6.172420506,0.261799388,1627.602499,8.23630885,15.25395914,244.1403749,CI,JRC2,5.246016667,726,-0.153003496,-0.125458709,-0.032834115,-0.027544787,CI.JRC2,533,0.156025095,13.04990005,1420.880005,9.128740311,0.15602509462160885,533,491.622486004094,504.851637159542,473.2277233272069,494.8914687145911
100172,RSN12693,75,12693, JRC2,4.34,35.8373,-117.678,6.864,19.98,623,35.9825,-117.8089,19.81,19.96,0.068244611,0.144159652,4.47e-05,2.91e-05,0.473396059,0.155952805,71.95554156,5.179664862,6.096821743,0.226892803,1407.560947,2345.175636,3225.048143,211.1341421,CI,JRC2,5.246016667,737,-0.168041373,-0.125458709,-0.032834115,-0.042582665,CI.JRC2,541,0.14112724,13.04990005,1420.880005,9.128740311,0.14112723994097198,541,514.2083785955899,526.0346296785987,496.2047525667736,506.974063120341
100172,RSN14643,75,14643, JRC2,3.9,35.3429,-118.5645,9.906,98.57,623,35.9825,-117.8089,20.21,20.35,0.00039111,0.000492824,7.14e-06,1.04e-05,0.793608856,0.160634014,84.75412821,5.179664862,6.199256899,0.331612558,2047.403659,37.60673077,69.02296919,307.1105489,CI,JRC2,5.246016667,866,-0.32933839,-0.125458709,-0.032834115,-0.203879681,CI.JRC2,636,-0.020652045,13.04990005,1420.880005,9.128740311,-0.020652044552669224,636,617.1370253123943,694.1536715278036,597.8179481434443,688.1334747607003
100177,RSN15529,77,15529, LDF,3.68,34.7251,-116.0506,2.727,91.06,448,35.1307,-115.1842,21.13,21.24,-5.6e-05,-0.00013766,1.62e-05,6.21e-06,0.407014761,0.16837449,88.88834388,5.179664862,5.93802414,0.191986218,1140.47585,9.017713366,8.497530864,171.0713775,CI,LDF,-999.0,643,-0.361351492,-0.407031705,-0.314407112,0.045680213,CI.LDF,643,-0.361351492,2.213140011,1239.449951,2.034770012,-0.36135149182263415,643,719.2319225351949,953.1548258903968,611.3694254375229,912.5991256154836
100177,RSN13535,77,13535, LDF,4.06,32.7797,-117.3507,7.174,328.8,448,35.1307,-115.1842,8.81,9.0,-3.68e-05,-9.75e-05,8.88e-06,4.43e-06,0.377384109,0.163760002,88.91834215,5.179664862,6.105409111,0.174532925,1094.806069,8.306997743,10.97972973,164.2209104,CI,LDF,-999.0,631,-0.34251263,-0.407031705,-0.314407112,0.064519075,CI.LDF,631,-0.34251263,2.213140011,1239.449951,2.034770012,-0.3425126301262278,631,871.634613060286,964.4398434613913,798.066050771899,932.9801747111534
100177,RSN10082,77,10082, LDF,4.18,34.3617,-118.6637,11.151,329.84,448,35.1307,-115.1842,14.0,14.12,6.45e-05,0.000122018,1.46e-05,1.34e-05,0.528879473,0.160347957,88.22736623,5.179664862,6.233452986,0.244346095,1502.373733,4.813432836,8.35739726,225.35606,CI,LDF,-999.0,771,-0.542895141,-0.407031705,-0.314407112,-0.135863436,CI.LDF,771,-0.542895141,2.213140011,1239.449951,2.034770012,-0.5428951411483443,771,903.3944311797333,1071.973129897453,869.8920938069308,1029.998722167463
100177,RSN9210,77,9210, LDF,5.03,35.3852,-118.6292,7.3,314.77,448,35.1307,-115.1842,8.85,9.12,0.000934692,0.002270309,4.43e-05,2.44e-05,0.411702354,0.16366876,88.84691796,5.179664862,6.108664217,0.191986218,1184.896233,38.30704918,51.24851016,177.734435,CI,LDF,-999.0,656,-0.381367557,-0.407031705,-0.314407112,0.025664148,CI.LDF,656,-0.381367557,2.213140011,1239.449951,2.034770012,-0.3813675565291037,656,828.4842494273352,892.6305307725945,704.8901784177115,898.5861795174598
100193,RSN18312,81,18312, CWC,3.47,36.3879,-117.8711,9.151,19.62,580,36.4399,-118.0802,11.1375,11.225,0.004615961,0.01295591,0.000438149,0.000102935,0.356282296,0.147554339,65.63739747,5.179664862,6.173678858,0.174532925,1154.735904,44.84345461,29.56964412,173.2103856,CI,CWC,4.476666667,646,-0.1077714,-0.327516162,-0.234891569,0.219744762,CI.CWC,441,0.273983228,65.97869873,1687.25,27.37660027,0.27398322809361897,441,385.14279109814623,500.95271866753313,347.413373982285,458.0462809377463
100193,RSN17907,81,17907, CWC,4.04,36.3911,-117.8665,9.439,19.92,580,36.4399,-118.0802,10.875,11.0375,0.032846565,0.045606087,4.57e-05,0.000137847,0.72022327,0.147787203,66.05122243,5.179664862,6.183950287,0.314159265,2078.558946,238.28277,997.9450109,311.7838419,CI,CWC,4.476666667,876,-0.412337987,-0.327516162,-0.234891569,-0.084821825,CI.CWC,599,-0.032233495,65.97869873,1687.25,27.37660027,-0.032233494574984256,599,479.8692132393003,680.4012650361301,374.30321294827604,470.7630120409129
100193,RSN18305,81,18305, CWC,3.05,36.3904,-117.8704,9.371,19.6,580,36.4399,-118.0802,11.4625,11.5125,0.001187815,0.004449262,0.000203266,5.27e-05,0.266969127,0.146684394,65.0589552,5.179664862,6.181585801,0.122173048,885.8827985,22.53918406,21.88886484,132.8824198,CI,CWC,4.476666667,540,0.071458964,-0.327516162,-0.234891569,0.398975126,CI.CWC,540,0.071458964,65.97869873,1687.25,27.37660027,0.07145896398214457,540,527.1466687282855,653.8231917019326,467.1550404373794,619.6491846108366
100193,RSN9881,81,9881, CWC,4.59,34.9977,-119.1926,10.662,189.04,580,36.4399,-118.0802,9.8,9.8875,-0.001253383,-0.001042209,0.000294109,0.000205861,1.202622367,0.16053097,87.04224609,5.179664862,6.221029194,0.436332313,2643.931554,6.088491749,3.543614782,396.5897331,CI,CWC,4.476666667,1054,-0.597319626,-0.327516162,-0.234891569,-0.269803463,CI.CWC,720,-0.216223108,65.97869873,1687.25,27.37660027,-0.21622310846963622,720,678.8216975995689,830.3556267010847,448.124623849166,533.2949680956395
100193,RSN14630,81,14630, CWC,3.9,35.3429,-118.5645,9.906,129.33,580,36.4399,-118.0802,35.6875,35.775,-0.000963378,-0.00080937,3.25e-05,2.67e-05,1.190280658,0.160920609,86.01988156,5.179664862,6.199256899,0.436332313,2624.714665,36.08157303,24.90369231,393.7071998,CI,CWC,4.476666667,1048,-0.591610761,-0.327516162,-0.234891569,-0.264094599,CI.CWC,716,-0.210652063,65.97869873,1687.25,27.37660027,-0.21065206342018072,716,646.5786579432003,803.2713720155665,400.4006692525315,533.5871431155309
100195,RSN10439,83,10439, GRA,4.45,34.1081,-117.3062,14.795,320.47,386,36.9961,-117.3662,15.62,15.76,0.000194851,0.000549316,8.97e-05,3.75e-05,0.354715236,0.158239399,87.52381465,5.179664862,6.313637877,0.174532925,1072.543619,5.196026667,6.123924192,160.8815429,CI,GRA,0.145362,625,-0.48191428,-0.263488365,-0.170863772,-0.218425915,CI.GRA,90,1.456027699,4.468639851,697.4530029,9.097610474,1.456027699134566,90,104.74331424448008,103.73732649602,104.82070425278697,106.23516872926776
100195,RSN17990,83,17990, GRA,3.67,36.403,-117.8749,7.11,79.99,386,36.9961,-117.3662,14.09,14.23,0.000385533,0.001621183,2.2e-05,1.38e-05,0.237809838,0.163334545,85.52097692,5.179664862,6.103705693,0.122173048,713.5268725,27.93717391,73.69013636,107.0290309,CI,GRA,0.145362,461,-0.177560674,-0.263488365,-0.170863772,0.085927692,CI.GRA,461,-0.177560674,4.468639851,697.4530029,9.097610474,-0.1775606735318176,461,492.980278123449,542.8763938626852,540.9729682526307,562.850294270013
100195,RSN18257,83,18257, GRA,4.2,36.3905,-117.8695,8.829,80.87,386,36.9961,-117.3662,10.86,11.03,-0.001983629,-0.007280291,9.65e-05,5.62e-05,0.272465609,0.16151105,84.34039522,5.179664862,6.161345296,0.13962634,821.7688926,35.29588968,75.44343005,123.2653339,CI,GRA,0.145362,507,-0.272673634,-0.263488365,-0.170863772,-0.009185269,CI.GRA,507,-0.272673634,4.468639851,697.4530029,9.097610474,-0.2726736341263525,507,533.4656458549359,558.6491898559073,566.0240264485878,585.2353719741681
100195,RSN18089,83,18089, GRA,5.19,36.4034,-117.8499,9.418,78.7,386,36.9961,-117.3662,14.9,14.99,-0.000609107,-0.002824558,0.000628934,0.000283134,0.215646797,0.160770029,83.76093497,5.179664862,6.183223963,0.104719755,659.2136783,2.151302917,4.491024495,98.88205175,CI,GRA,0.145362,436,-0.121804874,-0.263488365,-0.170863772,0.141683492,CI.GRA,436,-0.121804874,4.468639851,697.4530029,9.097610474,-0.12180487388420325,436,393.91808854002284,391.052520293076,433.87517779716035,476.0407552441838
100272,RSN9202,93,9202, ISA,5.03,35.3852,-118.6292,7.3,33.86,644,35.6628,-118.474,20.19,20.24,0.014270512,0.028789946,0.000295985,0.000229496,0.495676938,0.16061873,78.86233333,5.179664862,6.108664217,0.226892803,1419.068886,62.18196396,97.26826022,212.8603329,CI,ISA,7.194365,742,-0.141650517,-0.376516469,-0.283891875,0.234865952,CI.ISA,629,0.023567469,43.77069855,828.2440186,12.48200035,0.023567469403912966,629,531.3256918855085,499.27325575463567,550.346698028022,563.7945038682312
100272,RSN16332,93,16332, ISA,3.74,34.8456,-119.2446,12.927,114.62,644,35.6628,-118.474,21.23,21.29,-0.000510727,-0.00042268,4.95e-05,5.19e-05,1.208306624,0.158601113,83.97481501,5.179664862,6.270295551,0.436332313,2682.032981,9.840597303,8.538989899,402.3049472,CI,ISA,7.194365,1065,-0.503031352,-0.376516469,-0.283891875,-0.126514883,CI.ISA,903,-0.338023827,43.77069855,828.2440186,12.48200035,-0.3380238273126315,903,721.6287495551977,802.2865550255527,603.1336884132268,766.9387363699406
100272,RSN10072,93,10072, ISA,4.18,34.3617,-118.6637,11.151,145.38,644,35.6628,-118.474,9.5,9.8,0.000862342,0.000891996,2.27e-05,2.02e-05,0.966756098,0.160027611,85.96771577,5.179664862,6.233452986,0.383972435,2342.339598,42.69019802,39.29497797,351.3509397,CI,ISA,7.194365,960,-0.399234558,-0.376516469,-0.283891875,-0.02271809,CI.ISA,814,-0.23426164,43.77069855,828.2440186,12.48200035,-0.23426163989818605,814,799.0127861635817,815.9720465737814,707.3785172420834,753.4874185530159
100272,RSN14204,93,14204, ISA,4.02,36.0735,-117.8947,7.001,69.38,644,35.6628,-118.474,15.96,16.06,0.000804709,0.00085085,1.48e-05,7.74e-06,0.945770659,0.163280407,84.95671286,5.179664862,6.100723215,0.383972435,2267.362584,103.9675711,57.48986486,340.1043876,CI,ISA,7.194365,936,-0.37391675,-0.376516469,-0.283891875,0.002599718,CI.ISA,793,-0.208124496,43.77069855,828.2440186,12.48200035,-0.20812449553049372,793,744.7329425864821,848.2819980329299,614.0535201752144,750.9583153829257
100272,RSN11816,93,11816, ISA,4.26,34.2844,-118.4129,8.031,153.02,644,35.6628,-118.474,49.8,50.0,-0.000209478,-0.0001818,1.9e-05,1.13e-05,1.152244633,0.163057108,87.33406711,5.179664862,6.126183158,0.436332313,2550.251742,18.53787611,9.568421053,382.5377613,CI,ISA,7.194365,1025,-0.464749165,-0.376516469,-0.283891875,-0.088232697,CI.ISA,869,-0.299644399,43.77069855,828.2440186,12.48200035,-0.29964439916103824,869,844.3678897957901,943.266056452669,749.1609928863985,861.468159493481
100286,RSN9974,97,9974, SCZ2,4.59,34.9977,-119.1926,10.662,118.38,313,33.9954,-119.6351,9.8,10.05,0.002134143,0.010966234,0.001193991,0.000113677,0.194610392,0.160199781,85.27915803,5.179664862,6.221029194,0.104719755,599.4789941,18.77374491,9.184519816,89.92184912,CI,SCZ2,1.0,415,-0.28207533,-0.249759413,-0.157134819,-0.032315917,CI.SCZ2,415,-0.28207533,11.46700001,402.6470032,9.571990013,-0.28207532969054494,415,413.5638705067729,400.11781584897375,471.1961764276812,461.4482646591094
100286,RSN11221,97,11221, SCZ2,4.42,34.0665,-118.8938,12.827,68.91,313,33.9954,-119.6351,19.11,19.28,0.000868215,0.00334661,8.2e-05,0.000220534,0.259431162,0.157098833,79.98914195,5.179664862,6.268505043,0.122173048,805.2677575,3.936875947,40.81231707,120.7901636,CI,SCZ2,1.0,501,-0.470402911,-0.249759413,-0.157134819,-0.220643498,CI.SCZ2,501,-0.470402911,11.46700001,402.6470032,9.571990013,-0.4704029105447116,501,506.3464659820351,428.3495671901687,541.7133779262783,490.1075014982132
100286,RSN15075,97,15075, SCZ2,3.52,34.2871,-119.6948,5.225,32.82,313,33.9954,-119.6351,16.82,16.92,-0.002988509,-0.024216172,0.000167968,0.000202996,0.123409634,0.164283492,82.23895791,5.179664862,6.0312809,0.06981317,373.6788794,14.7220093,144.1713422,56.05183191,CI,SCZ2,1.0,312,0.003200003,-0.249759413,-0.157134819,0.252959415,CI.SCZ2,312,0.003200003,11.46700001,402.6470032,9.571990013,0.003200002730670448,312,342.39913851895926,296.8272600144373,370.1940311336427,388.8953687572217
100287,RSN13780,98,13780, GMR,4.06,34.1614,-116.9872,11.361,140.17,943,34.7846,-115.6599,13.5,13.56,0.000145265,0.000172714,2.22e-05,4.15e-05,0.841072078,0.159852956,85.7370808,5.179664862,6.238442335,0.34906585,2142.710906,3.500361446,7.77990991,321.4066359,CI,GMR,-999.0,896,0.05112587,-0.000513132,0.092111461,0.051639002,CI.GMR,896,0.05112587,4.426280022,1349.630005,11.59070015,0.05112586965852728,896,896.2745251997882,1125.1152363391082,860.3371498186161,1150.947681064456
100287,RSN17425,98,17425, GMR,3.73,35.2675,-117.3498,7.92,163.26,943,34.7846,-115.6599,40.55,40.62,-0.000943654,-0.000752082,0.000154472,0.000205908,1.254722654,0.163169948,87.55403761,5.179664862,6.122995859,0.453785606,2662.731954,4.582891388,4.868727018,399.4097931,CI,GMR,-999.0,1060,-0.116957904,-0.000513132,0.092111461,-0.116444772,CI.GMR,1060,-0.116957904,4.426280022,1349.630005,11.59070015,-0.1169579044726552,1060,1014.8248500434196,1283.084245551013,898.0941377566269,1107.21692218635
100287,RSN11384,98,11384, GMR,4.73,33.7328,-117.4921,10.018,205.16,943,34.7846,-115.6599,24.64,24.81,0.000172981,0.000216847,3.29e-05,1.94e-05,0.797708779,0.161061201,87.45638497,5.179664862,6.202702587,0.331612558,2048.753567,8.916546392,6.591094225,307.3130351,CI,GMR,-999.0,866,0.085181374,-0.000513132,0.092111461,0.085694506,CI.GMR,866,0.085181374,4.426280022,1349.630005,11.59070015,0.08518137407102255,866,984.7706825838637,1054.9901848343302,876.372826276445,1048.7511060280804
100287,RSN12688,98,12688, GMR,4.34,35.8373,-117.678,6.864,217.54,943,34.7846,-115.6599,21.98,22.08,0.000390767,0.000381548,1.33e-05,2.26e-05,1.024162415,0.163959475,88.44490766,5.179664862,6.096821743,0.401425728,2369.082581,17.29057522,28.68781955,355.3623872,CI,GMR,-999.0,968,-0.026165805,-0.000513132,0.092111461,-0.025652672,CI.GMR,968,-0.026165805,4.426280022,1349.630005,11.59070015,-0.026165804643119017,968,1034.9015353516934,1259.9358334548565,969.7931043709187,1129.6331803725632
100287,RSN17497,98,17497, GMR,3.62,33.9521,-116.3635,9.067,112.77,943,34.7846,-115.6599,24.13,24.18,-0.000140007,-0.000149781,4.08e-05,1.03e-05,0.934746355,0.161633772,85.84329846,5.179664862,6.170551665,0.383972435,2275.152183,13.59291262,3.671102941,341.2728275,CI,GMR,-999.0,939,0.004250803,-0.000513132,0.092111461,0.004763936,CI.GMR,939,0.004250803,4.426280022,1349.630005,11.59070015,0.0042508034251946825,939,889.4957423026084,1178.781113038129,804.2888025136224,1128.7015954329036
100308,RSN16958,101,16958, NBS,3.63,34.1242,-116.405,9.555,74.14,419,34.7804,-116.558,11.64,11.7,-0.001356016,-0.004590025,0.000258543,0.000277677,0.295426698,0.160476845,83.22391652,5.179664862,6.187901101,0.13962634,891.4643936,4.883429308,17.7534298,133.719659,CI,NBS,-999.0,543,-0.2592384,-0.253287419,-0.160662826,-0.005950981,CI.NBS,543,-0.2592384,8.788499832,585.848999,3.908220053,-0.25923840001179776,543,555.6321458616821,639.388064512506,534.710002404943,581.1186672765299
100308,RSN18223,101,18223, NBS,4.36,36.3932,-117.8644,8.798,214.57,419,34.7804,-116.558,10.28,10.34,-0.000140222,-0.000509459,0.000120113,5.5e-05,0.275237474,0.162226165,87.90331909,5.179664862,6.160106881,0.13962634,825.8952311,2.549490909,4.24149759,123.8842847,CI,NBS,-999.0,509,-0.194577097,-0.253287419,-0.160662826,0.058710323,CI.NBS,509,-0.194577097,8.788499832,585.848999,3.908220053,-0.19457709662838507,509,636.9193549576288,598.6061916611344,571.473254747946,581.2268027705913
100308,RSN15639,101,15639, NBS,3.87,33.7513,-116.0218,8.756,124.38,419,34.7804,-116.558,25.52,25.61,0.00055358,0.001424001,0.000249047,0.00017494,0.388749519,0.162057604,86.39188226,5.179664862,6.158414042,0.191986218,1138.656358,3.164399223,5.717800255,170.7984537,CI,NBS,-999.0,642,-0.426717384,-0.253287419,-0.160662826,-0.173429964,CI.NBS,642,-0.426717384,8.788499832,585.848999,3.908220053,-0.42671738376782375,642,720.4249441989658,778.6374288696028,664.2392497373379,672.3927341816898
100308,RSN14412,101,14412, NBS,4.14,34.8632,-116.3444,6.474,21.59,419,34.7804,-116.558,17.43,17.5,-0.002789625,-0.020464754,0.001676755,0.000430823,0.13631364,0.158517056,74.6930194,5.179664862,6.084678138,0.06981317,427.0645604,6.475106946,12.20497568,64.05968406,CI,NBS,-999.0,340,0.208925302,-0.253287419,-0.160662826,0.462212722,CI.NBS,340,0.208925302,8.788499832,585.848999,3.908220053,0.20892530231192996,340,358.9557296900686,370.51090998537313,350.4905636622628,403.8977970779469
100308,RSN13266,101,13266, NBS,4.19,34.3571,-116.8418,9.486,53.7,419,34.7804,-116.558,14.12,14.18,-0.008585723,-0.027537312,0.000207936,0.000227537,0.31178508,0.159556093,80.73147218,5.179664862,6.185563454,0.157079633,944.3048839,37.73330491,132.4316713,141.6457326,CI,NBS,-999.0,571,-0.30951829,-0.253287419,-0.160662826,-0.05623087,CI.NBS,571,-0.30951829,8.788499832,585.848999,3.908220053,-0.3095182897338731,571,566.0296400759873,591.3836779986855,531.2890360706174,583.4517743888927
100308,RSN10483,101,10483, NBS,4.45,34.1081,-117.3062,14.795,101.44,419,34.7804,-116.558,14.35,14.49,-0.004347988,-0.009551461,0.000427798,0.000655021,0.455217039,0.156901394,82.14562034,5.179664862,6.313637877,0.20943951,1349.980397,6.637936799,22.32703519,202.4970596,CI,NBS,-999.0,718,-0.538598649,-0.253287419,-0.160662826,-0.28531123,CI.NBS,718,-0.538598649,8.788499832,585.848999,3.908220053,-0.5385986491260866,718,739.8951675114264,786.1964300387241,696.6497313237768,746.3248679315559
100327,RSN14625,105,14625, CAR,3.9,35.3429,-118.5645,9.906,116.57,310,35.3082,-119.8458,30.78,30.86,0.000186515,0.001206102,6.92e-05,1.24e-05,0.154642488,0.160828095,85.57165442,5.179664862,6.199256899,0.06981317,476.2877666,15.04153226,17.42921965,71.44316499,CI,CAR,-999.0,363,-0.157830537,-0.044416603,0.04820799,-0.113413933,CI.CAR,363,-0.157830537,6.998569965,767.2050171,7.722229958,-0.15783053678565828,363,412.92631448058694,375.97349543532266,432.35984031263354,402.8211481514625
100327,RSN11264,105,11264, CAR,4.39,35.6421,-120.9543,5.902,107.21,310,35.3082,-119.8458,15.3,15.49,0.000818726,0.00709915,0.000826197,3.35e-05,0.115327319,0.164742122,87.32704643,5.179664862,6.063488731,0.052359878,348.1974686,24.43958209,8.592563275,52.22962029,CI,CAR,-999.0,297,0.042840159,-0.044416603,0.04820799,0.087256762,CI.CAR,297,0.042840159,6.998569965,767.2050171,7.722229958,0.04284015867649238,297,317.24302043413945,305.87487166438507,328.4698232911632,335.2735433207677
100327,RSN17901,105,17901, CAR,4.04,36.3911,-117.8665,9.439,215.42,310,35.3082,-119.8458,13.67,13.9,-6.29e-05,-0.000536651,1.59e-05,9.85e-06,0.11719028,0.161583343,87.74173514,5.179664862,6.183950287,0.052359878,360.6621988,6.385786802,33.75163522,54.09932982,CI,CAR,-999.0,304,0.019544596,-0.044416603,0.04820799,0.063961199,CI.CAR,304,0.019544596,6.998569965,767.2050171,7.722229958,0.01954459607297032,304,413.4364027001402,312.8444995846821,409.163420623145,329.8132319212211
100327,RSN16319,105,16319, CAR,3.74,34.8456,-119.2446,12.927,75.1,310,35.3082,-119.8458,21.56,21.64,-0.000140635,-0.001292266,6e-05,1.22e-05,0.1088279,0.157450139,80.8440553,5.179664862,6.270295551,0.052359878,344.0381628,11.52745902,21.53776667,51.60572442,CI,CAR,-999.0,294,0.05299253,-0.044416603,0.04820799,0.097409134,CI.CAR,294,0.05299253,6.998569965,767.2050171,7.722229958,0.05299253014051075,294,340.58297483960604,302.4527801513636,346.9213997008776,344.8562714638505
100327,RSN18172,105,18172, CAR,4.08,36.3983,-117.8495,7.662,217.14,310,35.3082,-119.8458,13.19,13.31,-3.88e-05,-0.000238198,2.19e-05,9.58e-06,0.162939647,0.163391107,88.22519818,5.179664862,6.117348091,0.087266463,494.0013137,4.050104384,10.876621,74.10019706,CI,CAR,-999.0,371,-0.179629765,-0.044416603,0.04820799,-0.135213162,CI.CAR,371,-0.179629765,6.998569965,767.2050171,7.722229958,-0.1796297651282428,371,509.7157114998095,375.56091194573384,517.453310861457,383.0199407061276
100341,RSN14475,107,14475, SAL,4.05,32.7091,-116.0396,7.817,63.52,253,33.2801,-115.9859,25.66,25.73,-0.00106217,-0.009579701,0.000669202,0.000189455,0.110877197,0.162398872,83.72544076,5.179664862,6.120791156,0.052359878,339.7600846,5.60645008,14.31511113,50.96401269,CI,SAL,0.206666667,291,-0.139933778,-0.106360308,-0.013735714,-0.033573471,CI.SAL,291,-0.139933778,5.061649799,11.31519985,2.160559893,-0.13993377844397248,291,329.58022324602086,377.8664545090869,290.0950572205237,342.01091309131175
100341,RSN13160,107,13160, SAL,4.06,33.2394,-116.2082,10.532,21.2,253,33.2801,-115.9859,10.52,10.59,0.008612742,0.101645799,0.00533418,0.000162816,0.084732888,0.145189214,64.51753114,5.179664862,6.217520851,0.034906585,290.9375001,52.89862176,19.05556224,43.64062502,CI,SAL,0.206666667,264,-0.042559614,-0.106360308,-0.013735714,0.063800693,CI.SAL,264,-0.042559614,5.061649799,11.31519985,2.160559893,-0.04255961441879563,264,310.861045466286,336.9001426451417,298.7866962642046,306.39073954705964
100341,RSN14344,107,14344, SAL,4.19,33.4453,-116.439,8.875,45.98,253,33.2801,-115.9859,12.41,12.51,0.003288788,0.022701615,0.005241326,0.000446771,0.144870241,0.159716351,79.85279535,5.179664862,6.16316588,0.06981317,449.9354027,7.361238755,4.331273231,67.49031041,CI,SAL,0.206666667,351,-0.327396735,-0.106360308,-0.013735714,-0.221036427,CI.SAL,351,-0.327396735,5.061649799,11.31519985,2.160559893,-0.3273967347383451,351,377.5713646083992,437.2183528905082,338.11368462342597,388.79222970195553
100341,RSN14008,107,14008, SAL,4.15,33.638,-116.7082,12.649,78.0,253,33.2801,-115.9859,15.76,15.82,0.001232434,0.01283847,0.000963029,0.000105312,0.095995423,0.157768176,81.28573488,5.179664862,6.265244507,0.052359878,303.252194,11.70269295,13.33134309,45.4878291,CI,SAL,0.206666667,271,-0.068729332,-0.106360308,-0.013735714,0.037630976,CI.SAL,271,-0.068729332,5.061649799,11.31519985,2.160559893,-0.06872933215218069,271,291.4958163804044,349.44885890343824,262.26593623944507,318.6145587254534
100341,RSN10515,107,10515, SAL,4.45,34.1081,-117.3062,14.795,153.03,253,33.2801,-115.9859,16.56,16.8,0.001227822,0.007310799,0.000856219,0.000343639,0.167946375,0.157730433,84.78008418,5.179664862,6.313637877,0.087266463,527.0317001,3.572999572,8.538468546,79.05475502,CI,SAL,0.206666667,386,-0.422447881,-0.106360308,-0.013735714,-0.316087573,CI.SAL,386,-0.422447881,5.061649799,11.31519985,2.160559893,-0.42244788073731065,386,395.8466127010098,517.3604615236569,382.56291387438904,432.2235005578856
100341,RSN12863,107,12863, SAL,4.02,33.7129,-116.0516,12.808,48.39,253,33.2801,-115.9859,22.75,22.82,-0.001129832,-0.021593407,0.001476038,8.85e-05,0.052323016,0.154728022,75.89722959,5.179664862,6.268161535,0.017453293,168.875444,12.76646328,14.6293029,25.3313166,CI,SAL,0.206666667,176,0.362905494,-0.106360308,-0.013735714,0.469265801,CI.SAL,176,0.362905494,5.061649799,11.31519985,2.160559893,0.362905493689369,176,216.6460545465238,226.5111956346313,186.00001400817433,219.24732907496724
100343,RSN10752,108,10752, MPI,4.66,34.2983,-118.6255,8.038,74.37,474,34.8126,-119.1453,6.35,6.45,-0.000953262,-0.004200797,0.000484768,0.000165709,0.226924055,0.16247134,84.49307928,5.179664862,6.126524324,0.104719755,684.8122895,5.752626592,8.665582299,102.7218434,CI,MPI,-999.0,447,0.058648727,-0.176599475,-0.083974881,0.235248202,CI.MPI,447,0.058648727,4.674680233,2646.120117,4.196090221,0.0586487270815077,447,436.08036315887347,430.1445950369557,430.490959086364,412.3968045270032
100343,RSN16343,108,16343, MPI,3.74,34.8456,-119.2446,12.927,9.79,474,34.8126,-119.1453,12.35,12.42,0.014118291,0.057848037,0.00428009,0.000616342,0.244058254,0.096062863,37.03785476,5.179664862,6.270295551,0.122173048,1243.329714,22.90658595,13.51561229,186.4994571,CI,MPI,-999.0,679,-0.359413806,-0.176599475,-0.083974881,-0.182814331,CI.MPI,679,-0.359413806,4.674680233,2646.120117,4.196090221,-0.3594138058636194,679,644.0865234552265,671.3010570729338,704.4882842622537,666.0993226731924
100343,RSN11945,108,11945, MPI,4.27,34.3874,-119.4398,6.219,54.36,474,34.8126,-119.1453,14.61,14.72,-0.00298764,-0.008841513,2.75e-06,4.44e-06,0.337910468,0.163795496,84.37611818,5.179664862,6.075787581,0.157079633,989.4922384,672.8918919,3215.095636,148.4238358,CI,MPI,-999.0,596,-0.229033345,-0.176599475,-0.083974881,-0.052433871,CI.MPI,596,-0.229033345,4.674680233,2646.120117,4.196090221,-0.2290333453702731,596,595.8348359096549,555.3110834015021,563.052136466463,507.7449760018676
100345,RSN18998,109,18998, PMPB,3.81,35.6791,-121.1053,4.962,65.57,308,36.2159,-120.8013,21.15,21.23,-0.000506542,-0.002820391,0.000229412,5.56e-05,0.179600117,0.165907959,86.45755387,5.179664862,6.015921757,0.087266463,534.7777247,9.110467626,12.29399944,80.21665871,NC,PMPB,-999.0,389,-0.233479561,-0.253455769,-0.160831176,0.019976209,NC.PMPB,389,-0.233479561,6.045380116,778.3729858,6.695789814,-0.23347956064487185,389,417.0128287556314,424.89742741133057,414.48263910423987,393.94296185835896
100345,RSN18467,109,18467, PMPB,4.48,35.9278,-120.4785,9.525,43.21,308,36.2159,-120.8013,24.6,24.79,0.005995635,0.02906932,1.16e-05,5.68e-05,0.20625302,0.158402023,78.52619719,5.179664862,6.186889166,0.104719755,641.1259158,105.5569542,2505.975862,96.16888737,NC,PMPB,-999.0,430,-0.333685426,-0.253455769,-0.160831176,-0.080229656,NC.PMPB,430,-0.333685426,6.045380116,778.3729858,6.695789814,-0.3336854257140338,430,432.71162202285507,427.83320648025057,435.2405660849903,447.0854014664251
100345,RSN19032,109,19032, PMPB,3.67,35.7257,-121.0955,7.298,60.52,308,36.2159,-120.8013,18.18,18.28,-0.000281498,-0.002042035,8.06e-05,2.56e-05,0.13785145,0.162778492,83.906991,5.179664862,6.108613539,0.06981317,420.489406,10.99601563,25.33542184,63.0734109,NC,PMPB,-999.0,337,-0.089983147,-0.253455769,-0.160831176,0.163472622,NC.PMPB,337,-0.089983147,6.045380116,778.3729858,6.695789814,-0.08998314737878754,337,378.83295763724436,376.9283214943339,375.9108942039475,354.649976873694
100345,RSN14106,109,14106, PMPB,3.8,35.632,-120.7532,6.775,64.93,308,36.2159,-120.8013,37.81,37.9,-0.000704579,-0.003161425,0.000323942,0.000160921,0.222867472,0.163405599,84.76252393,5.179664862,6.094190843,0.104719755,669.2984012,4.378415496,9.759231591,100.3947602,NC,PMPB,-999.0,440,-0.356674944,-0.253455769,-0.160831176,-0.103219175,NC.PMPB,440,-0.356674944,6.045380116,778.3729858,6.695789814,-0.35667494393873245,440,470.9656615382348,467.0101608080735,470.4625502579379,419.7045516686107
100361,RSN18456,111,18456, PAGB,3.45,35.8887,-120.4353,8.049,24.25,473,35.7307,-120.2499,22.26,22.3,-0.000262621,-0.001389691,0.000232588,4.07e-05,0.18897784,0.156046264,72.96083648,5.179664862,6.12705915,0.087266463,597.2716177,6.452604423,5.974904122,89.59074266,NC,PAGB,8.69501,414,0.133229415,0.049513515,0.142138109,0.083715899,NC.PAGB,414,0.133229415,20.99570084,479.0830078,7.364409924,0.13322941466661842,414,442.06657978287046,427.2553251380855,472.9306009230739,441.55635671183126
100361,RSN15078,111,15078, PAGB,3.56,36.0672,-120.1861,14.523,37.78,473,35.7307,-120.2499,19.94,20.02,-0.000725389,-0.00309905,0.000163876,6.91e-05,0.234068068,0.148471652,69.41186891,5.179664862,6.305125515,0.122173048,773.2433987,10.49767004,18.91094486,115.9865098,NC,PAGB,8.69501,487,-0.029168735,0.049513515,0.142138109,-0.07868225,NC.PAGB,487,-0.029168735,20.99570084,479.0830078,7.364409924,-0.029168734590657053,487,516.3572953999371,467.79735094497636,526.8821668538428,480.16145788222684
100361,RSN20286,111,20286, PAGB,3.9,37.5893,-118.8176,11.872,242.77,473,35.7307,-120.2499,4.8,5.01,9.04e-05,0.000304608,2.32e-05,4.85e-06,0.296729013,0.159842359,87.41702215,5.179664862,6.249807686,0.13962634,898.636287,18.63917526,13.12965517,134.7954431,NC,PAGB,8.69501,546,-0.143523587,0.049513515,0.142138109,-0.193037103,NC.PAGB,546,-0.143523587,20.99570084,479.0830078,7.364409924,-0.14352358725297254,546,654.2315356225315,504.2022632650896,705.6351061939432,493.57411702109806
100361,RSN12065,111,12065, PAGB,4.05,35.7241,-121.0951,7.275,76.47,473,35.7307,-120.2499,22.2,22.4,-0.000168669,-0.001025433,2.73e-05,7.06e-06,0.164485386,0.163148914,85.21739195,5.179664862,6.108028485,0.087266463,499.3055931,23.8907932,37.56164835,74.89583897,NC,PAGB,8.69501,373,0.237516969,0.049513515,0.142138109,0.188003453,NC.PAGB,373,0.237516969,20.99570084,479.0830078,7.364409924,0.23751696884811668,373,407.70125313770575,399.9101799329822,410.4549057216351,399.0088101896088
100403,RSN19249,122,19249, BBGB,3.17,36.6767,-121.301,4.82,25.8,285,36.5785,-121.0396,41.5,41.54,-0.001286186,-0.004941004,0.001025134,0.000332163,0.260308552,0.164408808,80.95628381,5.179664862,6.006787029,0.122173048,771.9039272,3.87215313,4.819861599,115.7855891,NC,BBGB,-999.0,487,-0.535774943,-0.469534877,-0.376910283,-0.066240066,NC.BBGB,487,-0.535774943,19.65169907,1062.589966,9.263990402,-0.5357749428139389,487,510.0976350097876,489.65857569093214,524.3307834441393,487.4974470842827
100403,RSN18527,122,18527, BBGB,3.43,35.9148,-120.4658,7.18,89.91,285,36.5785,-121.0396,41.45,41.49,3.05e-05,0.00010785,3.76e-05,9.54e-06,0.283154463,0.163382556,85.98286899,5.179664862,6.105567046,0.13962634,841.938281,3.19706499,2.868351064,126.2907422,NC,BBGB,-999.0,516,-0.593617585,-0.469534877,-0.376910283,-0.124082709,NC.BBGB,516,-0.593617585,19.65169907,1062.589966,9.263990402,-0.593617585212912,516,569.7500482811954,523.9193071358975,611.3568627031491,471.0176204913145
100403,RSN19207,122,19207, BBGB,3.5,36.6973,-121.3339,5.677,29.44,285,36.5785,-121.0396,21.45,21.5,-0.001613244,-0.008462836,0.002218623,0.000320302,0.190626879,0.162928676,80.51710564,5.179664862,6.053782917,0.087266463,576.8608223,5.036634176,3.814454281,86.52912335,NC,BBGB,-999.0,406,-0.353863979,-0.469534877,-0.376910283,0.115670897,NC.BBGB,406,-0.353863979,19.65169907,1062.589966,9.263990402,-0.3538639793330818,406,432.7679087946025,452.5618834967211,467.2731268403698,464.9608727717567
100403,RSN14966,122,14966, BBGB,3.7,35.6371,-120.7559,6.53,107.54,285,36.5785,-121.0396,16.18,16.23,-4.41e-05,-0.00021334,8.13e-05,1.86e-05,0.206750502,0.16407426,87.01359738,5.179664862,6.086524027,0.104719755,620.3938319,2.370967742,2.624108241,93.05907479,NC,BBGB,-999.0,423,-0.394882999,-0.469534877,-0.376910283,0.074651878,NC.BBGB,423,-0.394882999,19.65169907,1062.589966,9.263990402,-0.3948829987776268,423,505.6638593549832,451.8030997887629,526.2097031274095,403.94851936433696
100438,RSN12905,130,12905, SPG2,4.11,36.0312,-117.7658,4.03,92.01,924,36.2006,-118.7662,21.05,21.16,0.000667862,0.000475134,0.000111442,8.3e-05,1.405627847,0.168221959,88.07177038,5.179664862,5.941161117,0.471238898,2722.27367,8.04653012,4.263509269,408.3410505,CI,SPG2,-999.0,1078,-0.15415068,-0.028416479,0.064208115,-0.125734201,CI.SPG2,1078,-0.15415068,11.80700016,657.5360107,10.30140018,-0.15415067982725805,1078,933.8089131738022,1253.8281960529828,861.066104276001,1130.3819025026862
100438,RSN18030,130,18030, SPG2,5.0,36.3864,-117.8583,7.408,84.12,924,36.2006,-118.7662,10.5,10.55,0.003711946,0.003218238,0.000413858,0.000230387,1.153409668,0.163132478,85.53162558,5.179664862,6.11135504,0.436332313,2550.325433,16.11178582,7.776188934,382.548815,CI,SPG2,-999.0,1025,-0.10373582,-0.028416479,0.064208115,-0.075319341,CI.SPG2,1025,-0.10373582,11.80700016,657.5360107,10.30140018,-0.10373581993082492,1025,832.193661918424,1124.5211784442747,864.7591980452368,1088.0589463299768
100438,RSN17000,130,17000, SPG2,3.59,35.7823,-117.6639,7.014,109.7,924,36.2006,-118.7662,13.25,13.31,0.000705232,0.000512872,0.000130628,9.78e-05,1.375064426,0.163651755,86.81276556,5.179664862,6.101084446,0.471238898,2773.01948,7.210961145,3.926202652,415.952922,CI,SPG2,-999.0,1093,-0.167969417,-0.028416479,0.064208115,-0.139552938,CI.SPG2,1093,-0.167969417,11.80700016,657.5360107,10.30140018,-0.16796941653485487,1093,944.0067246051913,1115.2432860884473,778.7447188506537,1128.8113377307743
100438,RSN18318,130,18318, SPG2,3.47,36.3879,-117.8711,9.151,83.05,924,36.2006,-118.7662,10.63,10.67,0.00059717,0.001071702,3.01e-05,1.39e-05,0.557216569,0.161164031,84.25369115,5.179664862,6.173678858,0.261799388,1562.676167,42.9618705,35.60471761,234.4014251,CI,SPG2,-999.0,752,0.205975748,-0.028416479,0.064208115,0.234392226,CI.SPG2,752,0.205975748,11.80700016,657.5360107,10.30140018,0.205975747691844,752,744.5237225335271,757.3460427018463,781.3586651394273,716.3933109739127
100438,RSN18048,130,18048, SPG2,4.5,36.3915,-117.8683,9.117,83.39,924,36.2006,-118.7662,11.5,11.57,0.02937272,0.020196343,0.00072842,0.001232424,1.454358351,0.161223044,84.3468329,5.179664862,6.172420506,0.488692191,2890.136757,23.83329114,27.72623349,433.5205136,CI,SPG2,-999.0,1129,-0.200375493,-0.028416479,0.064208115,-0.171959014,CI.SPG2,1129,-0.200375493,11.80700016,657.5360107,10.30140018,-0.2003754925079777,1129,881.0622101507186,1241.7398841089175,759.3966353713723,1204.3018627520828
100438,RSN17967,130,17967, SPG2,4.04,36.3911,-117.8665,9.439,83.53,924,36.2006,-118.7662,10.42,10.44,0.000120656,0.000130121,4.74e-05,2.16e-05,0.927259893,0.160859312,84.12411221,5.179664862,6.183950287,0.366519143,2266.510995,5.585925926,2.745168776,339.9766493,CI,SPG2,-999.0,936,-0.012903405,-0.028416479,0.064208115,0.015513074,CI.SPG2,936,-0.012903405,11.80700016,657.5360107,10.30140018,-0.012903404835907573,936,858.1107457176628,989.8780376760601,766.2300401085652,939.4473524303891
100438,RSN14609,130,14609, SPG2,4.11,35.6211,-117.5805,9.045,124.86,924,36.2006,-118.7662,25.91,26.02,0.004309066,0.004804831,1.19e-05,9.96e-06,0.896819507,0.161736262,86.25781366,5.179664862,6.169722379,0.366519143,2210.528487,432.6371486,403.7673109,331.5792731,CI,SPG2,-999.0,918,0.006514681,-0.028416479,0.064208115,0.03493116,CI.SPG2,918,0.006514681,11.80700016,657.5360107,10.30140018,0.006514681021193347,918,914.6815494299963,989.4046896277586,871.791743779622,941.2138765547787
100438,RSN10811,130,10811, SPG2,4.66,34.2983,-118.6255,8.038,211.44,924,36.2006,-118.7662,14.11,14.2,-0.000103049,-0.000161096,4.72e-05,3.02e-05,0.639673505,0.163133094,88.08049133,5.179664862,6.126524324,0.27925268,1718.865976,3.412218543,3.413050847,257.8298964,CI,SPG2,-999.0,757,0.199348818,-0.028416479,0.064208115,0.227765297,CI.SPG2,757,0.199348818,11.80700016,657.5360107,10.30140018,0.19934881820423556,757,915.5258355514803,753.0754110816674,866.2556011735943,726.8673389029323
100438,RSN18146,130,18146, SPG2,5.19,36.4034,-117.8499,9.418,85.32,924,36.2006,-118.7662,12.17,12.21,0.003091365,0.002400174,0.000816964,0.000863103,1.287975085,0.160921885,84.27725101,5.179664862,6.183223963,0.453785606,2731.695528,3.581687238,2.937918929,409.7543292,CI,SPG2,-999.0,1081,-0.156929746,-0.028416479,0.064208115,-0.128513267,CI.SPG2,1081,-0.156929746,11.80700016,657.5360107,10.30140018,-0.15692974599752407,1081,831.5032735042386,1163.4444660416796,850.286612584212,1134.2041242650391
100438,RSN18232,130,18232, SPG2,4.36,36.3932,-117.8644,8.798,83.78,924,36.2006,-118.7662,12.15,12.23,0.013870601,0.009324181,0.000234595,0.000144948,1.487594605,0.161605746,84.56764772,5.179664862,6.160106881,0.488692191,2908.861093,95.69363496,39.74586415,436.329164,CI,SPG2,-999.0,1134,-0.204794413,-0.028416479,0.064208115,-0.176377934,CI.SPG2,1134,-0.204794413,11.80700016,657.5360107,10.30140018,-0.20479441264601306,1134,893.5902988231587,1256.203090055132,746.1096515767886,1202.4317744935752
100438,RSN10536,130,10536, SPG2,4.45,34.1081,-117.3062,14.795,267.56,924,36.2006,-118.7662,15.4,15.54,0.000498187,0.000588923,0.00011419,0.000108171,0.845928236,0.158174724,87.03124881,5.179664862,6.313637877,0.34906585,2173.173388,4.605550471,5.157395569,325.9760082,CI,SPG2,-999.0,906,0.019672766,-0.028416479,0.064208115,0.048089244,CI.SPG2,906,0.019672766,11.80700016,657.5360107,10.30140018,0.019672765598704345,906,1057.015586358098,938.5957790161528,1010.7748199669882,995.9121499249351
100438,RSN16650,130,16650, SPG2,3.69,33.735,-117.4936,9.693,297.2,924,36.2006,-118.7662,10.98,11.08,1.19e-05,1.22e-05,2.21e-06,1.53e-06,0.977695138,0.161416851,88.31780713,5.179664862,6.192470162,0.383972435,2336.834786,7.777777778,5.520361991,350.5252179,CI,SPG2,-999.0,958,-0.036135706,-0.028416479,0.064208115,-0.007719228,CI.SPG2,958,-0.036135706,11.80700016,657.5360107,10.30140018,-0.03613570632917629,958,1101.128364042994,830.4430582761329,1042.0401986469576,1047.2442379169652
100438,RSN16368,130,16368, SPG2,3.74,34.8456,-119.2446,12.927,156.47,924,36.2006,-118.7662,35.3,35.37,-0.000297381,-0.000411554,7.65e-05,2.79e-05,0.722580006,0.159012051,85.59985301,5.179664862,6.270295551,0.314159265,1936.139211,10.6588172,5.37979085,290.4208817,CI,SPG2,-999.0,829,0.108491917,-0.028416479,0.064208115,0.136908395,CI.SPG2,829,0.108491917,11.80700016,657.5360107,10.30140018,0.1084919165063889,829,867.3137743436115,765.4996607512909,898.3481359537499,811.1577415449169
100438,RSN18190,130,18190, SPG2,4.08,36.3983,-117.8495,7.662,85.21,924,36.2006,-118.7662,12.35,12.38,0.000692062,0.00076874,0.000148094,0.000205059,0.900254131,0.162945483,85.4109888,5.179664862,6.117348091,0.366519143,2199.095426,3.374940871,5.190892271,329.8643139,CI,SPG2,-999.0,915,0.009788006,-0.028416479,0.064208115,0.038204485,CI.SPG2,915,0.009788006,11.80700016,657.5360107,10.30140018,0.00978800636616306,915,882.6884849396093,986.1625180907746,795.9897156143361,917.9205310306904
100438,RSN12716,130,12716, SPG2,4.34,35.8373,-117.678,6.864,106.06,924,36.2006,-118.7662,22.93,23.06,0.004231387,0.004402535,1.74e-05,2.91e-05,0.961125127,0.163759777,86.77281659,5.179664862,6.096821743,0.383972435,2281.448967,145.408488,253.0192529,342.2173451,CI,SPG2,-999.0,941,-0.018231068,-0.028416479,0.064208115,0.010185411,CI.SPG2,941,-0.018231068,11.80700016,657.5360107,10.30140018,-0.018231067943695223,941,904.6708528659215,1052.9909193779831,895.4729759104823,981.3378139774136
100438,RSN11466,130,11466, SPG2,4.73,33.7328,-117.4921,10.018,297.48,924,36.2006,-118.7662,60.43,60.57,0.000101807,9.92e-05,1.78e-05,1.61e-05,1.02656678,0.161145277,88.25495417,5.179664862,6.202702587,0.401425728,2413.48673,6.323416149,5.573033708,362.0230095,CI,SPG2,-999.0,982,-0.060879237,-0.028416479,0.064208115,-0.032462758,CI.SPG2,982,-0.060879237,11.80700016,657.5360107,10.30140018,-0.060879236712781726,982,1058.936712306978,1002.4037264831998,973.7461468878712,1020.534616432268
100438,RSN18287,130,18287, SPG2,4.2,36.3905,-117.8695,8.829,83.26,924,36.2006,-118.7662,12.9,12.93,0.005058509,0.004350124,0.001593172,0.0012291,1.16284258,0.161567496,84.54618202,5.179664862,6.161345296,0.436332313,2585.203481,4.115620373,2.730479823,387.7805222,CI,SPG2,-999.0,1036,-0.114410351,-0.028416479,0.064208115,-0.085993873,CI.SPG2,1036,-0.114410351,11.80700016,657.5360107,10.30140018,-0.11441035117774412,1036,902.2510117822823,1145.72977405699,787.3984384942562,1138.0529693078743
100438,RSN18308,130,18308, SPG2,3.05,36.3904,-117.8704,9.371,83.18,924,36.2006,-118.7662,7.18,7.21,0.001804253,0.001767525,0.000196888,0.000346601,1.020779227,0.160934378,84.17113179,5.179664862,6.181585801,0.401425728,2409.329514,5.205562015,8.977311974,361.3994271,CI,SPG2,-999.0,981,-0.059860388,-0.028416479,0.064208115,-0.031443909,CI.SPG2,981,-0.059860388,11.80700016,657.5360107,10.30140018,-0.059860387923679426,981,823.4866748032953,881.845840325634,707.3706233556504,883.5058882271125
100438,RSN14682,130,14682, SPG2,3.9,35.3429,-118.5645,9.906,96.9,924,36.2006,-118.7662,20.51,20.57,-0.004582885,-0.007328044,0.000532145,9.43e-05,0.625390033,0.160605454,84.64432442,5.179664862,6.199256899,0.27925268,1717.291559,48.59899258,13.77076549,257.5937339,CI,SPG2,-999.0,756,0.200670695,-0.028416479,0.064208115,0.229087174,CI.SPG2,756,0.200670695,11.80700016,657.5360107,10.30140018,0.20067069546215066,756,765.9181140177928,766.8363270764534,794.6275066074775,721.6561552501288
100442,RSN17974,132,17974, TFT,4.04,36.3911,-117.8665,9.439,197.0,332,35.1459,-119.4195,13.7,13.8,-0.000720362,-0.003145269,0.000410871,2.63e-05,0.22903018,0.161557713,87.52196122,5.179664862,6.183950287,0.104719755,694.7638994,27.39019011,7.655125331,104.2145849,CI,TFT,-999.0,452,-0.308547211,-0.484833221,-0.392208627,0.17628601,CI.TFT,452,-0.308547211,4.117599964,231.0299988,3.351910114,-0.30854721091574344,452,577.6434257533629,442.94170429400145,520.2236887685589,391.7817459742678
100442,RSN14198,132,14198, TFT,3.69,34.7697,-120.4993,10.11,107.09,332,35.1459,-119.4195,29.3,29.44,-0.000528788,-0.001640938,0.000111394,5.16e-05,0.322247477,0.160544958,85.04132651,5.179664862,6.205472367,0.157079633,967.1226823,10.24782946,14.73093703,145.0684023,CI,TFT,-999.0,584,-0.564766014,-0.484833221,-0.392208627,-0.079932793,CI.TFT,584,-0.564766014,4.117599964,231.0299988,3.351910114,-0.564766013911739,584,621.5034060766694,528.1293386894985,580.3874019180016,456.83274845382505
100442,RSN13468,132,13468, TFT,3.9,34.4032,-118.651,13.612,108.34,332,35.1459,-119.4195,24.4,24.52,0.000532984,0.001710742,0.000304069,6.23e-05,0.311551693,0.158095064,83.27761185,5.179664862,6.281821568,0.157079633,952.3801462,8.555120385,5.626163798,142.8570219,CI,TFT,-999.0,576,-0.550972692,-0.484833221,-0.392208627,-0.066139471,CI.TFT,576,-0.550972692,4.117599964,231.0299988,3.351910114,-0.5509726917794033,576,579.629014159172,538.0096857153857,567.4685704103134,477.43346118667415
100442,RSN10301,132,10301, TFT,4.34,35.0174,-119.1492,9.557,28.48,332,35.1459,-119.4195,4.1,4.26,-0.003917818,-0.012180985,0.000193106,8.86e-05,0.321633947,0.154052351,72.41524158,5.179664862,6.187968323,0.157079633,1006.139683,44.21916479,63.07926735,150.9209525,CI,TFT,-999.0,604,-0.598439229,-0.484833221,-0.392208627,-0.113606008,CI.TFT,604,-0.598439229,4.117599964,231.0299988,3.351910114,-0.5984392290183269,604,575.1138066334446,552.2243985254295,547.277289878012,537.9571867536374
100442,RSN10821,132,10821, TFT,4.66,34.2983,-118.6255,8.038,118.87,332,35.1459,-119.4195,18.98,19.05,-0.000560723,-0.002113458,0.000656546,0.000226233,0.265310753,0.162930171,86.5575866,5.179664862,6.126524324,0.122173048,792.9180387,2.478519933,3.219055481,118.9377058,CI,TFT,-999.0,496,-0.401440958,-0.484833221,-0.392208627,0.083392263,CI.TFT,496,-0.401440958,4.117599964,231.0299988,3.351910114,-0.4014409578084397,496,482.7242179119464,470.12463286620755,469.328993139307,418.0286029463408
100473,RSN11244,138,11244, WNS,4.42,34.0665,-118.8938,12.827,47.72,1043,34.115,-118.38,23.15,23.23,-0.00080334,-0.001297869,9.46e-05,3.63e-05,0.618968451,0.154502693,75.5810628,5.179664862,6.268505043,0.27925268,1771.584378,22.13057851,13.71954545,265.7376567,CI,WNS,9.911153333,774,0.298284581,0.287426849,0.380051442,0.010857732,CI.WNS,759,0.317854678,36.26190186,328.7860107,8.08286953,0.3178546776051423,759,674.0464236097023,578.298587740276,661.0233458669338,561.5650610741121
100473,RSN10159,138,10159, WNS,4.18,34.3617,-118.6637,11.151,37.84,1043,34.115,-118.38,4.0,4.06,-0.001254291,-0.002555481,0.000490146,0.000171031,0.490823704,0.154403916,74.25302241,5.179664862,6.233452986,0.226892803,1464.423809,7.333705586,5.213713873,219.6635714,CI,WNS,9.911153333,758,0.319173069,0.287426849,0.380051442,0.03174622,CI.WNS,743,0.33916041,36.26190186,328.7860107,8.08286953,0.33916041028301347,743,677.6155326988892,601.9985045782533,662.3640943916556,589.010510645634
100473,RSN17797,138,17797, WNS,3.08,33.974,-118.4283,11.329,16.26,1043,34.115,-118.38,20.75,20.82,-0.005834966,-0.016380922,0.000960093,0.000272736,0.356204996,0.132038965,55.44870193,5.179664862,6.237694647,0.174532925,1290.17508,21.39419072,17.06180755,193.526262,CI,WNS,9.911153333,697,0.403071044,0.287426849,0.380051442,0.115644195,CI.WNS,683,0.423361595,36.26190186,328.7860107,8.08286953,0.42336159542998253,683,583.0427564702858,619.7748599921908,654.9806581280973,612.504641079858
100473,RSN8437,138,8437, WNS,4.92,34.31,-116.848,6.3,142.53,1043,34.115,-118.38,20.2,20.55,0.006999469,0.0067633,0.001090353,0.000907787,1.03491922,0.164392724,87.84734231,5.179664862,6.078701489,0.401425728,2376.068536,7.710475034,6.202853571,356.4102804,CI,WNS,9.911153333,971,0.071529987,0.287426849,0.380051442,-0.215896862,CI.WNS,952,0.09129142,36.26190186,328.7860107,8.08286953,0.09129142020940773,952,858.6162844234219,891.2059928064739,902.172148776954,847.9011470393496
100473,RSN8877,138,8877, WNS,5.39,33.9465,-117.7667,14.89,59.64,1043,34.115,-118.38,19.6,19.75,0.00935776,0.012871278,0.004758481,0.003180194,0.727026454,0.15396114,76.5322917,5.179664862,6.31653763,0.314159265,2008.018184,2.942512312,2.704913186,301.2027276,CI,WNS,9.911153333,853,0.201096908,0.287426849,0.380051442,-0.086329942,CI.WNS,836,0.221227842,36.26190186,328.7860107,8.08286953,0.22122784191607092,836,720.368891737891,634.8252403966227,738.9652492481931,603.5780603805518
100473,RSN16001,138,16001, WNS,3.64,33.8726,-117.7125,2.161,67.28,1043,34.115,-118.38,24.05,24.25,0.000337155,0.000478014,9.14e-05,5.12e-05,0.70532562,0.168379329,88.97671804,5.179664862,5.93802414,0.314159265,1798.377016,6.585058594,5.229912473,269.7565524,CI,WNS,9.911153333,783,0.286723759,0.287426849,0.380051442,-0.00070309,CI.WNS,767,0.307369654,36.26190186,328.7860107,8.08286953,0.30736965363351665,767,823.9553932221114,632.6601695531942,783.2510842247013,639.3004863700055
100473,RSN8358,138,8358, WNS,4.27,33.9173,-117.7758,7.0,59.87,1043,34.115,-118.38,13.56,13.61,0.00076197,0.001624454,0.000538837,0.000173751,0.469062048,0.163045642,84.09385889,5.179664862,6.100695365,0.226892803,1336.146971,4.385413609,3.014741007,200.4220457,CI,WNS,9.911153333,713,0.380375035,0.287426849,0.380051442,0.092948185,CI.WNS,699,0.400205713,36.26190186,328.7860107,8.08286953,0.4002057127669625,699,693.122304142687,590.2079301513425,686.2891256844285,604.5583263458354
100473,RSN12041,138,12041, WNS,4.37,34.0559,-117.2442,15.833,105.03,1043,34.115,-118.38,19.4,19.47,-0.000234244,-0.000399304,9.2e-05,5.87e-05,0.586630478,0.156033659,81.8051917,5.179664862,6.343433553,0.261799388,1678.994068,3.990528109,4.34026087,251.8491102,CI,WNS,9.911153333,743,0.33916041,0.287426849,0.380051442,0.051733561,CI.WNS,728,0.359555407,36.26190186,328.7860107,8.08286953,0.3595554068040867,728,765.2119416208606,620.6945734865936,758.0414204082332,567.8161931108805
100542,RSN8174,144,8174, BAR,4.92,33.5083,-116.5143,15.2,93.26,511,32.6801,-116.6722,27.95,28.025,-0.007474087,-0.007544349,0.00035106,0.000230456,0.990686817,0.156234031,81.22576075,5.179664862,6.325747735,0.383972435,2432.089976,32.431731,21.49019826,364.8134964,CI,BAR,-999.0,988,-0.659313108,-0.652094039,-0.559469445,-0.007219069,CI.BAR,988,-0.659313108,33.28779984,528.697998,12.70170021,-0.6593131075441638,988,797.5554427124288,676.6575363678027,789.3551466922029,683.0826295936714
100542,RSN17740,144,17740, BAR,3.63,32.7081,-116.029,7.885,60.4,511,32.6801,-116.6722,26.2375,26.3375,0.003377054,0.003335397,2.18e-05,1.23e-05,1.012489474,0.162237621,83.34397817,5.179664862,6.12225391,0.401425728,2379.490485,274.5572358,152.9998624,356.9235728,CI,BAR,-999.0,972,-0.642986214,-0.652094039,-0.559469445,0.009107824,CI.BAR,972,-0.642986214,33.28779984,528.697998,12.70170021,-0.6429862142567346,972,859.1108087084782,686.7606926688336,657.910729922272,620.8820598949396
100542,RSN14490,144,14490, BAR,4.01,33.2617,-116.0659,5.761,85.87,511,32.6801,-116.6722,30.15,30.3,0.006380578,0.006434909,2.36e-05,1.88e-05,0.991556776,0.164819806,86.75602781,5.179664862,6.057510055,0.383972435,2306.514505,339.3924468,272.6656356,345.9771758,CI,BAR,-999.0,949,-0.619039208,-0.652094039,-0.559469445,0.03305483,CI.BAR,949,-0.619039208,33.28779984,528.697998,12.70170021,-0.6190392084062237,949,922.2424648658924,722.3381606585273,769.7125379676949,669.094878880325
100542,RSN13366,144,13366, BAR,3.9,34.4032,-118.651,13.612,265.14,511,32.6801,-116.6722,11.8625,12.075,0.00013434,0.000132701,1.74e-05,3.45e-05,1.01235138,0.159008151,87.2649038,5.179664862,6.281821568,0.401425728,2427.639073,3.893913043,7.626494253,364.145861,CI,BAR,-999.0,987,-0.658300449,-0.652094039,-0.559469445,-0.006206411,CI.BAR,987,-0.658300449,33.28779984,528.697998,12.70170021,-0.6583004492297775,987,1077.0210493613627,817.3150698176997,1030.1219303267126,829.6805416101964
100542,RSN9660,144,9660, BAR,4.69,35.0172,-119.0247,9.251,338.53,511,32.6801,-116.6722,10.9,11.0625,0.000388198,0.000293876,7.12e-05,6.57e-05,1.320958384,0.161833931,88.5974687,5.179664862,6.177322679,0.453785606,2746.553233,5.908645358,4.12747191,411.982985,CI,BAR,-999.0,1085,-0.752965676,-0.652094039,-0.559469445,-0.100871637,CI.BAR,1085,-0.752965676,33.28779984,528.697998,12.70170021,-0.7529656757708558,1085,1143.0969066829732,914.8915114524955,973.0259693712784,829.1647703727059
100542,RSN13315,144,13315, BAR,4.2,34.3768,-117.6461,8.934,208.8,511,32.6801,-116.6722,18.7,18.8875,-0.000167279,-0.000138921,1.39e-05,1.16e-05,1.204133932,0.162074588,87.80501302,5.179664862,6.165471616,0.436332313,2620.297077,14.42060345,9.994316547,393.0445616,CI,BAR,-999.0,1047,-0.717314621,-0.652094039,-0.559469445,-0.065220582,CI.BAR,1047,-0.717314621,33.28779984,528.697998,12.70170021,-0.7173146206668326,1047,1048.170982631244,796.7047519507632,923.0108622043875,719.7690688311952
100542,RSN8306,144,8306, BAR,5.31,32.3188,-115.3215,7.0,132.88,511,32.6801,-116.6722,22.3,22.4375,0.001350812,0.001059825,0.000194451,0.00036102,1.27456166,0.163744081,87.37759854,5.179664862,6.100695365,0.453785606,2672.153597,3.741654202,5.450344817,400.8230396,CI,BAR,-999.0,1062,-0.731539612,-0.652094039,-0.559469445,-0.079445573,CI.BAR,1062,-0.731539612,33.28779984,528.697998,12.70170021,-0.7315396115981798,1062,835.6312666538562,835.7551415928946,854.6939188085267,794.9486290110542
100542,RSN8315,144,8315, BAR,4.27,33.9173,-117.7758,7.0,171.6,511,32.6801,-116.6722,13.3,13.375,-0.001380542,-0.001057433,0.000304319,0.000344009,1.305559439,0.163813743,87.97863506,5.179664862,6.100695365,0.453785606,2699.534457,4.013098495,3.474751823,404.9301686,CI,BAR,-999.0,1071,-0.73997848,-0.652094039,-0.559469445,-0.087884442,CI.BAR,1071,-0.73997848,33.28779984,528.697998,12.70170021,-0.7399784802440443,1071,1004.0553336673901,803.6837073123008,876.6384671100288,693.7168638687984
100542,RSN16084,144,16084, BAR,3.58,33.827,-117.0296,15.131,131.49,511,32.6801,-116.6722,26.87,26.9375,-0.000133545,-0.000112458,3.16e-05,4.45e-05,1.187505674,0.157208473,83.7963059,5.179664862,6.323730411,0.436332313,2683.717713,3.001011236,3.558797468,402.557657,CI,BAR,-999.0,1066,-0.735299015,-0.652094039,-0.559469445,-0.083204976,CI.BAR,1066,-0.735299015,33.28779984,528.697998,12.70170021,-0.7352990145220852,1066,915.9787175426143,753.0799457457259,762.4594148822321,675.1367530101401
100542,RSN15248,144,15248, BAR,3.86,34.1976,-117.3882,14.177,181.0,511,32.6801,-116.6722,26.5,26.6125,-0.000409385,-0.0003652,7.08e-05,6.36e-05,1.12098814,0.158457124,85.78979262,5.179664862,6.293825021,0.41887902,2578.843122,6.436871069,5.15819209,386.8264683,CI,BAR,-999.0,1034,-0.704820465,-0.652094039,-0.559469445,-0.052726426,CI.BAR,1034,-0.704820465,33.28779984,528.697998,12.70170021,-0.7048204648646701,1034,1000.5642747960453,789.252086847575,865.921691725185,750.6653770799128
100542,RSN17405,144,17405, BAR,3.66,34.2987,-116.8617,15.28,180.38,511,32.6801,-116.6722,13.9375,14.0375,-0.000122844,-0.000137978,1.55e-05,6.85e-06,0.890317094,0.157525743,85.43880107,5.179664862,6.328063842,0.366519143,2259.821259,17.93343066,8.901806452,338.9731889,CI,BAR,-999.0,934,-0.603106848,-0.652094039,-0.559469445,0.048987191,CI.BAR,934,-0.603106848,33.28779984,528.697998,12.70170021,-0.6031068480251385,934,1004.5849614030981,811.4250375496619,949.5664884670247,745.8938162217103
100542,RSN14698,144,14698, BAR,3.84,34.2268,-117.4407,8.593,185.83,511,32.6801,-116.6722,26.3,26.4625,-0.000203596,-0.000165458,1.02e-05,1.13e-05,1.230501137,0.16241909,87.63695567,5.179664862,6.151676073,0.436332313,2641.258228,18.01734513,16.22137255,396.1887342,CI,BAR,-999.0,1053,-0.723028922,-0.652094039,-0.559469445,-0.070934883,CI.BAR,1053,-0.723028922,33.28779984,528.697998,12.70170021,-0.723028921930271,1053,1041.1722900666757,759.817774844535,924.2796355694139,678.3704520850177
100542,RSN11285,144,11285, BAR,4.78,34.1228,-116.9226,5.969,161.7,511,32.6801,-116.6722,17.7,17.8,-0.003040366,-0.003144711,0.000170983,0.000110662,0.966818776,0.164768008,88.22117969,5.179664862,6.066214653,0.383972435,2275.032959,27.4743453,18.39195125,341.2549439,CI,BAR,-999.0,939,-0.608445889,-0.652094039,-0.559469445,0.04364815,CI.BAR,939,-0.608445889,33.28779984,528.697998,12.70170021,-0.6084458890045585,939,908.0939113938624,828.8952410124568,927.684038712186,824.5919424846333
100542,RSN14980,144,14980, BAR,3.74,34.1651,-117.4332,7.875,179.26,511,32.6801,-116.6722,24.1625,24.2125,0.000258707,0.000315319,4.96e-05,0.000103555,0.820462316,0.163222529,87.78813043,5.179664862,6.12204057,0.34906585,2066.207621,2.498256965,6.357237903,309.9311432,CI,BAR,-999.0,872,-0.534419834,-0.652094039,-0.559469445,0.117674205,CI.BAR,872,-0.534419834,33.28779984,528.697998,12.70170021,-0.5344198337052752,872,975.2791372411255,746.7152282466869,988.7015249985388,693.1018829047176
100542,RSN15095,144,15095, BAR,3.78,34.1353,-117.4476,5.857,176.78,511,32.6801,-116.6722,23.3875,23.45,0.000374563,0.000396151,0.000100048,0.000126415,0.945506517,0.164908977,88.41020469,5.179664862,6.061617088,0.383972435,2244.613825,2.962963256,3.959609387,336.6920738,CI,BAR,-999.0,929,-0.597739149,-0.652094039,-0.559469445,0.05435489,CI.BAR,929,-0.597739149,33.28779984,528.697998,12.70170021,-0.5977391486101338,929,1023.0271466489854,780.3892419245814,998.3172066453521,706.6263806152293
100542,RSN13918,144,13918, BAR,3.79,34.2691,-117.4608,11.018,190.87,511,32.6801,-116.6722,16.4,16.525,-0.000312345,-0.000279671,4.26e-05,3.48e-05,1.116831782,0.160283764,86.96585994,5.179664862,6.230189198,0.41887902,2544.72327,8.975431034,6.565046948,381.7084905,CI,BAR,-999.0,1023,-0.694125176,-0.652094039,-0.559469445,-0.042031137,CI.BAR,1023,-0.694125176,33.28779984,528.697998,12.70170021,-0.6941251757479217,1023,1024.9073127653924,755.3920384507364,931.456659281098,704.0073357655278
100542,RSN15535,144,15535, BAR,3.75,32.5969,-115.5741,12.269,103.45,511,32.6801,-116.6722,31.45,31.5,-0.001016337,-0.001431778,0.000228902,0.000215766,0.70984298,0.158830307,83.69550755,5.179664862,6.257951442,0.314159265,1914.900597,4.710366786,6.254982482,287.2350896,CI,BAR,-999.0,822,-0.475370805,-0.652094039,-0.559469445,0.176723234,CI.BAR,822,-0.475370805,33.28779984,528.697998,12.70170021,-0.4753708048524752,822,754.2436556448282,666.8762344014278,776.4117856456302,614.1890165803417
100542,RSN10166,144,10166, BAR,4.34,35.0174,-119.1492,9.557,346.07,511,32.6801,-116.6722,7.5,7.55,1.98e-05,3.05e-05,1.02e-05,7.86e-06,0.650185066,0.161553956,88.57506134,5.179664862,6.187968323,0.296705973,1762.877371,2.519083969,2.990196078,264.4316057,CI,BAR,-999.0,772,-0.41261496,-0.652094039,-0.559469445,0.239479079,CI.BAR,772,-0.41261496,33.28779984,528.697998,12.70170021,-0.412614959821072,772,901.6867864717235,769.3466492788011,907.1266984372148,882.3114742277791
100542,RSN10395,144,10395, BAR,4.45,34.1081,-117.3062,14.795,169.01,511,32.6801,-116.6722,16.3,16.425,-0.000441505,-0.000332436,2.81e-05,3.63e-05,1.328092231,0.157849659,85.27781536,5.179664862,6.313637877,0.471238898,2833.031916,12.16267218,11.83046263,424.9547874,CI,BAR,-999.0,1111,-0.776646199,-0.652094039,-0.559469445,-0.124552161,CI.BAR,1111,-0.776646199,33.28779984,528.697998,12.70170021,-0.7766461994359259,1111,902.0013665054371,740.3157674972279,799.8746147879172,744.9578148066381
100542,RSN11563,144,11563, BAR,4.51,32.8882,-115.5018,9.4,112.05,511,32.6801,-116.6722,20.55,20.6125,-9.52e-05,-0.000181605,7.07e-05,3.36e-05,0.524445548,0.16127474,85.63316104,5.179664862,6.182598645,0.244346095,1483.79777,2.833333333,2.568670438,222.5696655,CI,BAR,-999.0,764,-0.402198199,-0.652094039,-0.559469445,0.24989584,CI.BAR,764,-0.402198199,33.28779984,528.697998,12.70170021,-0.4021981989628163,764,795.7296555200056,727.7286938582669,815.2696310801964,829.2195179756616
100542,RSN16206,144,16206, BAR,3.63,32.6386,-117.3257,13.108,61.48,511,32.6801,-116.6722,22.05,22.1125,0.005958378,0.004914848,0.000529835,0.000160263,1.212321804,0.156251785,78.59093617,5.179664862,6.273463664,0.436332313,2726.588233,37.17874993,9.276185982,408.988235,CI,BAR,-999.0,1079,-0.747420375,-0.652094039,-0.559469445,-0.095326337,CI.BAR,1079,-0.747420375,33.28779984,528.697998,12.70170021,-0.7474203750544302,1079,793.0809594586837,691.1492128716654,632.5964080898083,578.0444603768173
100542,RSN16241,144,16241, BAR,3.64,33.223,-116.7186,8.687,60.36,511,32.6801,-116.6722,22.725,22.7875,-0.006008492,-0.007233844,0.000330609,5.84e-05,0.830608488,0.161092319,82.57685388,5.179664862,6.155594857,0.34906585,2109.726175,102.885137,21.88036018,316.4589263,CI,BAR,-999.0,886,-0.55034736,-0.652094039,-0.559469445,0.101746678,CI.BAR,886,-0.55034736,33.28779984,528.697998,12.70170021,-0.5503473604013767,886,811.8961837456343,634.3296429691976,672.90987461088,590.2845754267771
100542,RSN14426,144,14426, BAR,4.05,32.7091,-116.0396,7.817,59.41,511,32.6801,-116.6722,25.2625,25.325,0.008994042,0.01114028,0.000872108,0.000203689,0.807344403,0.162260653,83.29652535,5.179664862,6.120791156,0.331612558,2049.298066,44.15575706,12.77396836,307.3947099,CI,BAR,-999.0,866,-0.527515318,-0.652094039,-0.559469445,0.12457872,CI.BAR,866,-0.527515318,33.28779984,528.697998,12.70170021,-0.5275153183587307,866,821.2064284096241,639.4928111353948,687.3583448215073,648.4435098880994
100542,RSN19310,144,19310, BAR,3.64,33.938,-117.7504,13.632,171.89,511,32.6801,-116.6722,24.55,24.6125,-4.71e-05,-3.93e-05,1.34e-05,1.65e-05,1.196730658,0.15874379,85.75039627,5.179664862,6.282139913,0.436332313,2667.517867,2.854545455,2.932835821,400.1276801,CI,BAR,-999.0,1061,-0.730597548,-0.652094039,-0.559469445,-0.07850351,CI.BAR,1061,-0.730597548,33.28779984,528.697998,12.70170021,-0.7305975484102785,1061,980.6926680941026,768.9322042270513,806.5443914142841,724.0944638789399
100542,RSN15382,144,15382, BAR,3.99,34.0514,-117.2429,14.998,161.1,511,32.6801,-116.6722,23.2,23.3125,0.000606172,0.00058879,0.000127908,0.000163585,1.029521285,0.157631008,85.00006616,5.179664862,6.319789549,0.401425728,2471.089694,3.705547575,4.603230447,370.6634541,CI,BAR,-999.0,1000,-0.671385689,-0.652094039,-0.559469445,-0.01929165,CI.BAR,1000,-0.671385689,33.28779984,528.697998,12.70170021,-0.6713856887784324,1000,958.4930698020088,790.9248705200782,877.9642848442434,730.0838303794834
100542,RSN8373,144,8373, BAR,4.92,34.31,-116.848,6.3,181.97,511,32.6801,-116.6722,4.01,4.175,-0.003325676,-0.003170369,0.00019937,0.00016721,1.048987073,0.164437552,88.31344489,5.179664862,6.078701489,0.401425728,2392.474037,19.88921715,15.9019361,358.8711056,CI,BAR,-999.0,976,-0.647092996,-0.652094039,-0.559469445,0.005001042,CI.BAR,976,-0.647092996,33.28779984,528.697998,12.70170021,-0.6470929962093876,976,926.9455387534371,857.2276417162785,910.1874580667705,823.1252121424556
100542,RSN12827,144,12827, BAR,4.02,33.7129,-116.0516,12.808,128.33,511,32.6801,-116.6722,23.92,24.0125,-0.000394199,-0.000422686,8.96e-05,8.65e-05,0.93260517,0.158851286,84.6881172,5.179664862,6.268161535,0.383972435,2311.955548,4.557213873,4.717477679,346.7933322,CI,BAR,-999.0,950,-0.620092394,-0.652094039,-0.559469445,0.032001644,CI.BAR,950,-0.620092394,33.28779984,528.697998,12.70170021,-0.6200923943908823,950,861.0540981345695,725.6036422179094,823.6236124469251,669.6438506360639
100542,RSN14212,144,14212, BAR,3.94,32.7219,-116.8133,20.237,14.02,511,32.6801,-116.6722,4.9,4.9625,0.001726269,0.004618046,8.67e-05,7.47e-05,0.373809361,0.08693781,34.05008214,5.179664862,6.440435438,0.174532925,2045.023666,23.10935743,53.26465975,306.7535499,CI,BAR,-999.0,865,-0.526359917,-0.652094039,-0.559469445,0.125734122,CI.BAR,865,-0.526359917,33.28779984,528.697998,12.70170021,-0.5263599167281745,865,688.4904982077403,589.3863545620609,869.6199162569752,678.8916169846577
100542,RSN16662,144,16662, BAR,3.79,34.0456,-117.2248,15.927,159.94,511,32.6801,-116.6722,52.1,52.2,0.000361303,0.000320013,3.77e-05,3.72e-05,1.129023992,0.1568825,84.60301818,5.179664862,6.345939946,0.41887902,2614.007986,9.712446237,8.488408488,392.1011979,CI,BAR,-999.0,1045,-0.715402574,-0.652094039,-0.559469445,-0.063308536,CI.BAR,1045,-0.715402574,33.28779984,528.697998,12.70170021,-0.715402574195207,1045,980.6165869139074,805.8076318867264,838.8568064273117,726.5440338155636
100542,RSN17309,144,17309, BAR,3.56,33.4509,-116.5827,10.563,85.89,511,32.6801,-116.6722,22.075,22.175,-0.000270453,-0.000234053,8.1e-06,1.15e-05,1.155517429,0.159781845,83.50511153,5.179664862,6.218365755,0.436332313,2606.11419,23.51765217,28.8954321,390.9171285,CI,BAR,-999.0,1042,-0.712527632,-0.652094039,-0.559469445,-0.060433594,CI.BAR,1042,-0.712527632,33.28779984,528.697998,12.70170021,-0.7125276321096079,1042,851.4061291901709,708.1384335057986,682.1030495092618,619.5710392688071
100542,RSN10906,144,10906, BAR,4.26,33.8776,-116.2019,10.062,139.85,511,32.6801,-116.6722,24.93,25.0375,-0.000346078,-0.000400105,9.52e-05,4.47e-05,0.864967671,0.160839044,86.24297119,5.179664862,6.204033973,0.34906585,2166.555624,7.742237136,4.202783613,324.9833436,CI,BAR,-999.0,904,-0.57045977,-0.652094039,-0.559469445,0.081634268,CI.BAR,904,-0.57045977,33.28779984,528.697998,12.70170021,-0.5704597701884717,904,928.424565781429,713.1836109575927,831.1418174547309,689.9708978962034
100542,RSN11344,144,11344, BAR,4.73,33.7328,-117.4921,10.018,139.55,511,32.6801,-116.6722,25.38,25.5125,-0.004973439,-0.003748127,0.000607637,0.000704112,1.326913092,0.160876913,86.26116135,5.179664862,6.202702587,0.453785606,2768.274879,7.063420308,6.168365323,415.2412319,CI,BAR,-999.0,1092,-0.759396566,-0.652094039,-0.559469445,-0.107302528,CI.BAR,1092,-0.759396566,33.28779984,528.697998,12.70170021,-0.7593965661011461,1092,925.8472606349033,748.1552243311518,803.2627130853032,690.0055246789907
100542,RSN16697,144,16697, BAR,3.73,33.5058,-116.7636,16.276,91.97,511,32.6801,-116.6722,29.6375,29.7625,-0.001839113,-0.00183707,1.9e-05,1.87e-05,1.001112047,0.15513776,80.36680506,5.179664862,6.3549922,0.401425728,2473.166974,98.34828877,96.68789474,370.9750461,CI,BAR,-999.0,1001,-0.672385189,-0.652094039,-0.559469445,-0.020291151,CI.BAR,1001,-0.672385189,33.28779984,528.697998,12.70170021,-0.672385189111516,1001,812.1255935073868,726.6054456322672,762.4176472663625,632.8279488893812
100542,RSN17359,144,17359, BAR,3.56,33.0804,-116.4826,10.835,47.81,511,32.6801,-116.6722,21.075,21.1375,-0.008103092,-0.009329986,0.000682508,0.00051132,0.868499911,0.157078038,77.93161495,5.179664862,6.225560001,0.34906585,2223.938073,15.84739889,13.67014892,333.590711,CI,BAR,-999.0,923,-0.591259644,-0.652094039,-0.559469445,0.060834394,CI.BAR,923,-0.591259644,33.28779984,528.697998,12.70170021,-0.5912596442991473,923,750.6864193855287,637.6987287838175,653.8133167378799,555.2787110571905
100542,RSN15145,144,15145, BAR,3.9,33.867,-117.1038,11.856,137.64,511,32.6801,-116.6722,19.3,19.3875,-0.000122283,-0.000122187,2.03e-05,8.95e-06,1.00078656,0.159506271,85.4361256,5.179664862,6.24946745,0.401425728,2405.006224,13.66290503,6.019064039,360.7509336,CI,BAR,-999.0,980,-0.651182981,-0.652094039,-0.559469445,0.000911057,CI.BAR,980,-0.651182981,33.28779984,528.697998,12.70170021,-0.6511829814609129,980,903.5817676609795,737.5748093535946,819.5375522111087,672.7503889206615
100542,RSN13484,144,13484, BAR,4.29,33.2262,-116.1472,10.889,77.96,511,32.6801,-116.6722,13.3875,13.4625,-0.002444952,-0.002213609,0.000152123,8.46e-05,1.104509211,0.159249986,82.58641571,5.179664862,6.226943092,0.41887902,2546.995414,28.90014184,14.55144193,382.0493121,CI,BAR,-999.0,1024,-0.695102215,-0.652094039,-0.559469445,-0.043008177,CI.BAR,1024,-0.695102215,33.28779984,528.697998,12.70170021,-0.6951022153957487,1024,840.7115620074278,688.1264428170233,710.0178061320814,610.9738366075113
100542,RSN10322,144,10322, BAR,4.63,32.3362,-115.2425,17.16,139.65,511,32.6801,-116.6722,21.45,21.7625,0.000791537,0.000721255,0.000121327,0.000121397,1.09744331,0.15576707,83.32099949,5.179664862,6.37627289,0.41887902,2595.502257,6.520235261,5.944719642,389.3253386,CI,BAR,-999.0,1039,-0.709644401,-0.652094039,-0.559469445,-0.057550362,CI.BAR,1039,-0.709644401,33.28779984,528.697998,12.70170021,-0.7096444008955229,1039,921.3709778117377,729.7527653920009,866.0562872595754,720.8612694396844
100542,RSN9856,144,9856, BAR,4.59,34.9977,-119.1926,10.662,347.14,511,32.6801,-116.6722,5.5,5.6875,0.000356567,0.000264081,3.03e-05,3.86e-05,1.350220028,0.160682105,88.39580534,5.179664862,6.221029194,0.471238898,2802.739528,9.237487047,8.715544554,420.4109292,CI,BAR,-999.0,1102,-0.7685124,-0.652094039,-0.559469445,-0.116418361,CI.BAR,1102,-0.7685124,33.28779984,528.697998,12.70170021,-0.768512399509155,1102,1163.2304656412914,955.599634889096,998.1865441069762,851.4854360633974
100542,RSN14281,144,14281, BAR,4.19,33.4453,-116.439,8.875,87.61,511,32.6801,-116.6722,19.2125,19.275,-0.00128078,-0.001610005,6.73e-05,7.3e-06,0.795512681,0.161578269,84.76802964,5.179664862,6.16316588,0.331612558,2038.581222,175.4493151,23.92280832,305.7871833,CI,BAR,-999.0,863,-0.524045101,-0.652094039,-0.559469445,0.128048938,CI.BAR,863,-0.524045101,33.28779984,528.697998,12.70170021,-0.5240451008797233,863,841.5948938782886,665.7468518144655,739.3441874016652,672.1453520965852
100542,RSN17601,144,17601, BAR,3.52,33.5309,-117.6639,9.734,132.18,511,32.6801,-116.6722,44.13,44.1875,-0.000150685,-0.000153099,5.07e-05,4.21e-05,0.984233408,0.161094102,86.18563487,5.179664862,6.193801083,0.383972435,2350.204723,3.579216152,3.019704142,352.5307085,CI,BAR,-999.0,963,-0.633683822,-0.652094039,-0.559469445,0.018410217,CI.BAR,963,-0.633683822,33.28779984,528.697998,12.70170021,-0.6336838215944214,963,924.7232882704552,710.4628754822987,806.8335582577154,636.0605247990458
100542,RSN16931,144,16931, BAR,3.63,34.1242,-116.405,9.555,162.08,511,32.6801,-116.6722,13.4,13.4375,-0.000298542,-0.000292189,0.000136862,0.00011304,1.0217415,0.161375172,86.93938074,5.179664862,6.187901101,0.401425728,2403.965575,2.641029724,2.134916924,360.5948363,CI,BAR,-999.0,979,-0.650162052,-0.652094039,-0.559469445,0.001931986,CI.BAR,979,-0.650162052,33.28779984,528.697998,12.70170021,-0.6501620523268059,979,980.7546506413935,736.9665646192585,889.9582105396789,660.2323811355142
100542,RSN15726,144,15726, BAR,3.81,32.9942,-116.2977,5.726,49.42,511,32.6801,-116.6722,21.52,21.55,0.001617796,0.00167685,0.000469028,0.00035787,0.964783105,0.164331644,84.37687658,5.179664862,6.055972626,0.383972435,2278.375266,4.520624808,3.575159692,341.7562899,CI,BAR,-999.0,940,-0.609510285,-0.652094039,-0.559469445,0.042583753,CI.BAR,940,-0.609510285,33.28779984,528.697998,12.70170021,-0.6095102850603453,940,875.7843993931066,687.3813649044693,705.4548974856776,661.0125464183503
100542,RSN18320,144,18320, BAR,3.05,33.5043,-116.561,11.461,91.99,511,32.6801,-116.6722,14.52,14.5875,-0.000285974,-0.000280787,3.41e-05,3.45e-05,1.018472196,0.159165567,83.37007094,5.179664862,6.240750508,0.401425728,2433.140385,8.289101449,8.234222874,364.9710578,CI,BAR,-999.0,989,-0.660324741,-0.652094039,-0.559469445,-0.008230703,CI.BAR,989,-0.660324741,33.28779984,528.697998,12.70170021,-0.6603247414190081,989,795.7411928639413,704.3054744533821,700.8412445536941,596.766301821222
100542,RSN12913,144,12913, BAR,4.41,32.707,-116.04,10.16,59.36,511,32.6801,-116.6722,22.1,22.1875,0.006573243,0.005798287,0.000216383,0.000142322,1.133652543,0.159137191,81.02534428,5.179664862,6.206955363,0.41887902,2582.205145,46.18571268,26.7964073,387.3307718,CI,BAR,-999.0,1035,-0.705787115,-0.652094039,-0.559469445,-0.053693077,CI.BAR,1035,-0.705787115,33.28779984,528.697998,12.70170021,-0.7057871154957649,1035,833.1709798803876,681.6972184517895,705.0634714306648,604.72768902083
100542,RSN8981,144,8981, BAR,5.2,33.5328,-116.5697,15.48,95.05,511,32.6801,-116.6722,19.4,19.575,-0.034950494,-0.027720375,0.00024097,0.0005413,1.260823297,0.156043831,81.24284539,5.179664862,6.333749326,0.453785606,2790.429317,64.56769629,115.0366228,418.5643976,CI,BAR,-999.0,1098,-0.764876032,-0.652094039,-0.559469445,-0.112781993,CI.BAR,1098,-0.764876032,33.28779984,528.697998,12.70170021,-0.7648760318657715,1098,768.1588997879693,689.3288574103813,768.6697637290335,659.375493707675
100542,RSN9318,144,9318, BAR,4.88,34.0655,-117.0011,17.501,156.67,511,32.6801,-116.6722,14.7,14.7875,-0.003782654,-0.00294216,0.000896035,0.001183636,1.285672397,0.155763713,83.92328967,5.179664862,6.383907006,0.453785606,2819.921233,3.195791612,3.283532451,422.988185,CI,BAR,-999.0,1107,-0.773039343,-0.652094039,-0.559469445,-0.120945304,CI.BAR,1107,-0.773039343,33.28779984,528.697998,12.70170021,-0.7730393425049327,1107,911.3284171918575,742.5702420333652,854.6079043634054,723.2117377472971
100542,RSN15551,144,15551, BAR,4.06,32.6823,-116.088,9.762,54.79,511,32.6801,-116.6722,22.6375,22.7375,0.011962537,0.011192174,6.47e-05,4.31e-05,1.068830542,0.159266454,80.61272501,5.179664862,6.194703173,0.401425728,2494.514489,277.5530626,172.9856878,374.1771734,CI,BAR,-999.0,1008,-0.679353858,-0.652094039,-0.559469445,-0.02725982,CI.BAR,1008,-0.679353858,33.28779984,528.697998,12.70170021,-0.6793538584276098,1008,842.3481690361391,670.2412830935909,680.2340093821635,595.3791850143832
100542,RSN15684,144,15684, BAR,3.81,32.4923,-116.8468,13.18,26.5,511,32.6801,-116.6722,15.9125,15.975,-0.005233558,-0.006184334,0.000107345,0.000108726,0.84626061,0.143271042,64.02465619,5.179664862,6.274698597,0.34906585,2399.818601,48.13529423,57.61175649,359.9727902,CI,BAR,-999.0,978,-0.64914008,-0.652094039,-0.559469445,0.002953959,CI.BAR,978,-0.64914008,33.28779984,528.697998,12.70170021,-0.6491400798311133,978,682.5006753785466,643.2676208242272,689.5455423045744,564.5388218545409
100542,RSN16862,144,16862, BAR,3.6,34.2088,-117.5824,7.536,189.5,511,32.6801,-116.6722,12.75,12.8125,-3.61e-05,-3.74e-05,1.21e-05,1.17e-05,0.964012607,0.163448743,88.00885932,5.179664862,6.114431914,0.383972435,2289.653679,3.085470085,3.090909091,343.4480519,CI,BAR,-999.0,943,-0.612696692,-0.652094039,-0.559469445,0.039397346,CI.BAR,943,-0.612696692,33.28779984,528.697998,12.70170021,-0.6126966924297532,943,1024.137650132047,768.3572089232871,987.6352127864619,688.5466607863701
100542,RSN13206,144,13206, BAR,4.19,34.3571,-116.8418,9.486,186.67,511,32.6801,-116.6722,20.1,20.2,-0.000230845,-0.000218612,6.02e-05,4.68e-05,1.055958059,0.161496947,87.37366808,5.179664862,6.185563454,0.401425728,2444.538793,4.93258547,3.631428571,366.680819,CI,BAR,-999.0,992,-0.663353517,-0.652094039,-0.559469445,-0.011259479,CI.BAR,992,-0.663353517,33.28779984,528.697998,12.70170021,-0.663353517081168,992,1032.5824560372273,766.8334219623807,915.0029511666186,698.0274390781102
100542,RSN16743,144,16743, BAR,3.72,33.1099,-116.0467,7.494,75.48,511,32.6801,-116.6722,12.875,12.925,0.001380189,0.001573617,9.16e-05,0.000141608,0.877080738,0.162947904,84.98475643,5.179664862,6.113435346,0.366519143,2165.128335,9.746546805,17.17922489,324.7692503,CI,BAR,-999.0,904,-0.57045977,-0.652094039,-0.559469445,0.081634268,CI.BAR,904,-0.57045977,33.28779984,528.697998,12.70170021,-0.5704597701884717,904,866.8299546741054,668.4036576387449,724.3496221792365,622.8559010026011
100542,RSN17831,144,17831, BAR,3.14,33.0622,-115.8937,7.729,84.29,511,32.6801,-116.6722,27.8,27.8875,0.000341337,0.000390956,2e-05,9.5e-06,0.873083551,0.162894805,85.36503702,5.179664862,6.11885537,0.366519143,2159.884332,35.93021053,19.5478,323.9826498,CI,BAR,-999.0,902,-0.56824493,-0.652094039,-0.559469445,0.083849109,CI.BAR,902,-0.56824493,33.28779984,528.697998,12.70170021,-0.5682449298589196,902,833.0894730919323,671.9235952574911,756.2679678490578,603.9225072933436
100542,RSN16575,144,16575, BAR,3.69,33.735,-117.4936,9.693,139.83,511,32.6801,-116.6722,11.45,11.5375,0.000582396,0.000536764,0.000153152,0.000218796,1.085013103,0.161167,86.39554364,5.179664862,6.192470162,0.41887902,2494.025088,2.661821971,3.504779565,374.1037632,CI,BAR,-999.0,1008,-0.679353858,-0.652094039,-0.559469445,-0.02725982,CI.BAR,1008,-0.679353858,33.28779984,528.697998,12.70170021,-0.6793538584276098,1008,957.0913127307268,736.7104505441105,816.8606725362494,664.6225421324258
100542,RSN15483,144,15483, BAR,3.88,33.1624,-115.9772,9.013,84.18,511,32.6801,-116.6722,22.7,22.75,0.00050778,0.000468649,0.000161422,0.000156497,1.08349733,0.161363504,84.48563084,5.179664862,6.168508418,0.41887902,2489.206221,3.244662837,2.903253584,373.3809332,CI,BAR,-999.0,1006,-0.67736776,-0.652094039,-0.559469445,-0.025273722,CI.BAR,1006,-0.67736776,33.28779984,528.697998,12.70170021,-0.6773677604559802,1006,880.566546866499,709.8955147330621,709.1070383961174,632.7128206004521
100542,RSN18343,144,18343, BAR,3.34,33.5022,-116.5193,11.15,92.29,511,32.6801,-116.6722,14.55,14.7,-0.000781467,-0.00057751,2.48e-05,2.15e-05,1.353167201,0.159436655,83.63562262,5.179664862,6.233428753,0.471238898,2827.236388,36.34730233,23.28669355,424.0854582,CI,BAR,-999.0,1110,-0.775745704,-0.652094039,-0.559469445,-0.123651666,CI.BAR,1110,-0.775745704,33.28779984,528.697998,12.70170021,-0.7757457041026754,1110,860.1382698895001,721.2208366383508,611.3306053365386,612.0587881326081
100542,RSN12591,144,12591, BAR,4.11,33.5089,-116.8485,12.274,93.38,511,32.6801,-116.6722,15.38,15.425,-0.005331617,-0.004974718,0.001040867,0.001837066,1.071742569,0.158607712,83.01360826,5.179664862,6.258050482,0.401425728,2508.418667,2.902245755,4.779398329,376.2628001,CI,BAR,-999.0,1012,-0.68331426,-0.652094039,-0.559469445,-0.031220221,CI.BAR,1012,-0.68331426,33.28779984,528.697998,12.70170021,-0.6833142596437067,1012,830.065296569734,685.3793858649668,725.7064010162554,622.6503727079726
100542,RSN15611,144,15611, BAR,3.87,33.7513,-116.0218,8.756,133.38,511,32.6801,-116.6722,21.9,22.0125,-7.41e-05,-8.2e-05,4.58e-06,7.64e-06,0.904063531,0.162099889,86.63730519,5.179664862,6.158414042,0.366519143,2216.085985,9.69895288,17.90393013,332.4128978,CI,BAR,-999.0,920,-0.58800408,-0.652094039,-0.559469445,0.064089959,CI.BAR,920,-0.58800408,33.28779984,528.697998,12.70170021,-0.588004079839382,920,927.801774607802,724.5530708619298,843.2999652260467,653.5752165823351
100542,RSN12003,144,12003, BAR,4.37,34.0559,-117.2442,15.833,161.61,511,32.6801,-116.6722,20.3,20.425,0.000440498,0.000408443,7.67e-05,4.62e-05,1.078481818,0.156970239,84.70346213,5.179664862,6.343433553,0.41887902,2552.790869,9.534588745,5.325202086,382.9186304,CI,BAR,-999.0,1026,-0.697053436,-0.652094039,-0.559469445,-0.044959397,CI.BAR,1026,-0.697053436,33.28779984,528.697998,12.70170021,-0.6970534355270104,1026,949.8598168123788,762.2356846652566,880.0296217669486,743.9006081862698
