SSN,File.name,Code,RSN,SID,Mw,E.Lat,E.Long,E.Dep,EpiD,Vs30_mea,S.Lat,S.Long,p.ver,peak.time,Ur,Uz,max.noise.ver.05,max.noise.rad.05,U.ratio,ray.p,i2.angle,Vp_1,Vp_2,j.angle,Vsz,SNRrad,SNRver,z_0.15,network,station,f0,Vs30_est,Res,y_bar,eta,within_res,station2,Vs30_f0,Res_f0,slope,mean_ele_500m,slope_500m,log_res,P-wave_pred,Set1_pred,Set2_pred,Set3_pred,Set4_pred
1351,RSN1951,5,1951,13929,4.92,33.5083,-116.5143,15.2,65.92,503,33.649,-117.205,4.58,4.6,0.013662115,0.016909889,0.006138521,0.002215037,0.807936389,0.154330971,77.49015185,5.179664862,6.325747735,0.331612558,2155.600389,6.167894712,2.754717138,323.3400584,CE,13929,7.184183333,901,-0.582915088,-0.580605638,-0.487981045,-0.002309449,CE.13929,763,-0.416667861,1.941050053,487.243988,2.926919937,-0.41666786118471766,763,633.2371016234146,559.1766659578858,687.3784090575584,592.1600703718486
1351,RSN11527,5,11527,13929,4.73,33.7328,-117.4921,10.018,28.2,503,33.649,-117.205,21.75,21.785,0.008833822,0.014812484,0.002248369,0.000547137,0.596376841,0.152916155,71.53068059,5.179664862,6.202702587,0.261799388,1734.697277,16.14553942,6.588101864,260.2045916,CE,13929,7.184183333,762,-0.415356386,-0.580605638,-0.487981045,0.165249253,CE.13929,645,-0.248660147,1.941050053,487.243988,2.926919937,-0.2486601466960332,645,630.6744544688862,522.3356241261524,624.8041865187139,534.7883554283763
1351,RSN10593,5,10593,13929,4.45,34.1081,-117.3062,14.795,51.78,503,33.649,-117.205,18.8,18.89,-0.023438044,-0.021218101,0.000507133,0.000449873,1.104624955,0.152682695,74.5758191,5.179664862,6.313637877,0.41887902,2656.689032,52.09924579,41.83932223,398.5033548,CE,13929,7.184183333,1058,-0.743545442,-0.580605638,-0.487981045,-0.162939804,CE.13929,896,-0.577350243,1.941050053,487.243988,2.926919937,-0.5773502428751911,896,681.8187660002224,649.4380947020219,788.8593719319427,694.6567158196957
3040,RSN15554,9,15554, BC3,4.06,32.6823,-116.088,9.762,123.02,763,33.655,-115.454,28.26,28.35,0.000146056,0.000289651,6.57e-05,6.11e-05,0.504247262,0.161006654,85.85825716,5.179664862,6.194703173,0.226892803,1435.428096,2.390441899,4.40869102,215.3142144,CI,BC3,-999.0,748,0.019855053,-0.025573256,0.067051337,0.045428309,CI.BC3,748,0.019855053,15.84070015,1060.959961,9.405750275,0.019855053309979276,748,829.5146289178481,814.6271726738545,771.2486165852015,1017.2842371366856
3040,RSN14284,9,14284, BC3,4.19,33.4453,-116.439,8.875,94.39,763,33.655,-115.454,14.8,14.87,0.001769217,0.002475585,0.000817163,0.000357958,0.714666327,0.16167568,85.15988751,5.179664862,6.16316588,0.314159265,1889.96605,4.942526777,3.029487385,283.4949075,CI,BC3,-999.0,814,-0.064702335,-0.025573256,0.067051337,-0.039129079,CI.BC3,814,-0.064702335,15.84070015,1060.959961,9.405750275,-0.06470233471808307,814,787.8857148647472,764.7645735652653,722.6249790293083,925.6450344626826
3040,RSN10909,9,10909, BC3,4.26,33.8776,-116.2019,10.062,73.55,763,33.655,-115.454,23.0,23.08,0.003483602,0.008826659,0.000996026,0.000142921,0.39466821,0.159923748,82.82640983,5.179664862,6.204033973,0.191986218,1169.133769,24.37431868,8.861876096,175.3700654,CI,BC3,-999.0,650,0.160285668,-0.025573256,0.067051337,0.185858924,CI.BC3,650,0.160285668,15.84070015,1060.959961,9.405750275,0.1602856683947742,650,624.6818904299629,722.6021766029886,637.6862234178959,897.1703046018199
3040,RSN11707,9,11707, BC3,4.5,34.3365,-116.8617,8.94,150.43,763,33.655,-115.454,15.88,16.18,0.000606897,0.001008103,2.83e-05,4.31e-06,0.602018592,0.161957683,86.94967379,5.179664862,6.165704274,0.27925268,1655.48309,140.8113689,35.62201413,248.3224635,CI,BC3,-999.0,735,0.037387532,-0.025573256,0.067051337,0.062960788,CI.BC3,735,0.037387532,15.84070015,1060.959961,9.405750275,0.03738753207162038,735,840.0154370395401,815.7171758958293,804.8333780317807,983.1157815824062
3040,RSN11564,9,11564, BC3,4.51,32.8882,-115.5018,9.4,85.16,763,33.655,-115.454,22.53,22.58,5.5e-05,0.000137829,5.11e-05,2.55e-05,0.398730589,0.160922269,84.22106746,5.179664862,6.182598645,0.191986218,1172.255579,2.156862745,2.697240705,175.8383369,CI,BC3,-999.0,651,0.158748389,-0.025573256,0.067051337,0.184321645,CI.BC3,651,0.158748389,15.84070015,1060.959961,9.405750275,0.15874838907588806,651,689.8794045297493,727.3895087488868,671.1370037438041,904.5973942805692
3040,RSN14215,9,14215, BC3,3.94,32.7219,-116.8133,20.237,163.64,763,33.655,-115.454,20.58,20.65,-9.53e-05,-0.000110915,2.54e-05,2.17e-05,0.859483165,0.154185737,83.22801441,5.179664862,6.440435438,0.34906585,2251.28699,4.391705069,4.366732283,337.6930485,CI,BC3,-999.0,931,-0.199001246,-0.025573256,0.067051337,-0.17342799,CI.BC3,931,-0.199001246,15.84070015,1060.959961,9.405750275,-0.19900124599261027,931,1119.1194031233526,833.734746461945,918.034459715965,993.3597258545464
3040,RSN16933,9,16933, BC3,3.63,34.1242,-116.405,9.555,102.21,763,33.655,-115.454,14.03,14.15,0.000259206,0.000510766,2.4e-05,2.48e-05,0.507484945,0.161029059,85.15843398,5.179664862,6.187901101,0.226892803,1442.651928,10.45185484,21.28191667,216.3977892,CI,BC3,-999.0,750,0.017184825,-0.025573256,0.067051337,0.042758081,CI.BC3,750,0.017184825,15.84070015,1060.959961,9.405750275,0.01718482475410088,750,798.5106984047089,819.550573109905,767.3130125534549,1023.3559313332339
3040,RSN9321,9,9321, BC3,4.88,34.0655,-117.0011,17.501,150.23,763,33.655,-115.454,16.48,16.54,0.001003995,0.001976442,0.000510922,0.000415282,0.507980667,0.155692057,83.68053179,5.179664862,6.383907006,0.226892803,1493.278134,2.417622242,3.868383041,223.9917201,CI,BC3,-999.0,768,-0.006531702,-0.025573256,0.067051337,0.019041554,CI.BC3,768,-0.006531702,15.84070015,1060.959961,9.405750275,-0.006531701863215389,768,1026.136158009221,889.9025927338232,968.1754878324068,1083.2195662021575
3040,RSN15727,9,15727, BC3,3.81,32.9942,-116.2977,5.726,107.43,763,33.655,-115.454,17.9,18.02,6.95e-05,8.08e-05,8.23e-06,9.96e-06,0.860438609,0.164962366,87.4471637,5.179664862,6.055972626,0.34906585,2105.645241,6.977911647,9.817739976,315.8467862,CI,BC3,-999.0,885,-0.148329614,-0.025573256,0.067051337,-0.122756358,CI.BC3,885,-0.148329614,15.84070015,1060.959961,9.405750275,-0.14832961372347242,885,855.9618256218753,793.9938373467999,784.181940943138,938.8999357971927
3040,RSN16745,9,16745, BC3,3.72,33.1099,-116.0467,7.494,81.83,763,33.655,-115.454,28.62,28.68,0.000501853,0.000781654,5.08e-05,3.23e-05,0.64204007,0.163037874,85.3591906,5.179664862,6.113435346,0.27925268,1724.49717,15.53724458,15.38688976,258.6745755,CI,BC3,-999.0,759,0.005256254,-0.025573256,0.067051337,0.03082951,CI.BC3,759,0.005256254,15.84070015,1060.959961,9.405750275,0.005256253888826556,759,719.6676976954811,763.7514217490233,698.2878617001464,945.61773890333
3040,RSN16244,9,16244, BC3,3.64,33.223,-116.7186,8.687,126.98,763,33.655,-115.454,30.65,30.7,0.000168385,0.000218223,8.4e-05,4.49e-05,0.771618832,0.162147524,86.48097032,5.179664862,6.155594857,0.331612558,1991.606085,3.750222717,2.597892857,298.7409128,CI,BC3,-999.0,847,-0.104442663,-0.025573256,0.067051337,-0.078869407,CI.BC3,847,-0.104442663,15.84070015,1060.959961,9.405750275,-0.10444266336759789,847,843.4456320679325,800.1224158457519,765.4337977137878,957.392332537253
3040,RSN18059,9,18059, BC3,5.19,36.4034,-117.8499,9.418,375.2,763,33.655,-115.454,9.46,9.63,-8.39e-05,-0.000111328,1.3e-05,2e-05,0.753378047,0.161686977,88.71060308,5.179664862,6.183223963,0.314159265,1958.40446,4.195,8.563692308,293.760669,CI,BC3,-999.0,837,-0.092566039,-0.025573256,0.067051337,-0.066992783,CI.BC3,837,-0.092566039,15.84070015,1060.959961,9.405750275,-0.09256603920501849,837,815.4074366290625,727.5193660438047,788.5760294388158,943.487063047513
3040,RSN15384,9,15384, BC3,3.99,34.0514,-117.2429,14.998,171.29,763,33.655,-115.454,25.11,25.15,2.69e-05,4.67e-05,2.29e-05,1.09e-05,0.576072859,0.157699414,85.29281728,5.179664862,6.319789549,0.261799388,1638.442322,2.467889908,2.03930131,245.7663483,CI,BC3,-999.0,729,0.045584299,-0.025573256,0.067051337,0.071157555,CI.BC3,729,0.045584299,15.84070015,1060.959961,9.405750275,0.045584299275798656,729,821.9366582776373,800.2449236973396,805.994266784352,980.3376689100053
3040,RSN17646,9,17646, BC3,3.47,33.8029,-116.1786,7.366,69.13,763,33.655,-115.454,19.06,19.15,0.000636366,0.001196984,5.08e-05,3.81e-05,0.531641325,0.1629238,84.57233999,5.179664862,6.110319177,0.244346095,1484.727227,16.70251969,23.56267717,222.7090841,CI,BC3,-999.0,765,-0.002617803,-0.025573256,0.067051337,0.022955454,CI.BC3,765,-0.002617803,15.84070015,1060.959961,9.405750275,-0.002617802542078884,765,752.7906607918391,828.1363377720093,751.2381207359754,1014.774594441795
3040,RSN13816,9,13816, BC3,4.17,34.3277,-116.829,4.957,147.34,763,33.655,-115.454,21.4,21.6,0.001014807,0.001311335,0.000349507,0.000135788,0.773873152,0.166172294,88.43680591,5.179664862,6.015610792,0.331612558,1947.081467,7.473465991,3.751956327,292.0622201,CI,BC3,-999.0,833,-0.087775611,-0.025573256,0.067051337,-0.062202355,CI.BC3,833,-0.087775611,15.84070015,1060.959961,9.405750275,-0.08777561088238617,833,904.3526492067533,790.1833404095411,791.3090200471876,945.4169279294865
3040,RSN13207,9,13207, BC3,4.19,34.3571,-116.8418,9.486,150.01,763,33.655,-115.454,15.95,16.11,0.000234451,0.000568559,7.52e-05,3.37e-05,0.412360056,0.161401663,86.71837699,5.179664862,6.185563454,0.191986218,1203.190041,6.957002967,7.560625,180.4785062,CI,BC3,-999.0,663,0.140483041,-0.025573256,0.067051337,0.166056297,CI.BC3,663,0.140483041,15.84070015,1060.959961,9.405750275,0.14048304109859444,663,777.1680183237992,755.1753251778171,764.3492408086314,938.044963451551
3040,RSN16789,9,16789, BC3,3.87,34.1402,-116.7627,11.324,132.48,763,33.655,-115.454,16.62,16.68,-3.28e-05,-9.49e-05,2.72e-05,5.54e-06,0.345412002,0.159823098,85.49388132,5.179664862,6.237577418,0.174532925,1036.99643,5.920577617,3.488970588,155.5494645,CI,BC3,-999.0,614,0.217263103,-0.025573256,0.067051337,0.242836359,CI.BC3,614,0.217263103,15.84070015,1060.959961,9.405750275,0.21726310313731467,614,684.3090675188902,729.0894686505527,699.3832928844378,866.2935786137975
3040,RSN13108,9,13108, BC3,4.06,33.2394,-116.2082,10.532,83.92,763,33.655,-115.454,12.0,12.08,0.000528801,0.000637207,0.000136817,7.97e-05,0.829873775,0.159760041,83.36947345,5.179664862,6.217520851,0.34906585,2126.14371,6.63489335,4.65736714,318.9215565,CI,BC3,-999.0,891,-0.155086396,-0.025573256,0.067051337,-0.12951314,CI.BC3,891,-0.155086396,15.84070015,1060.959961,9.405750275,-0.155086396186352,891,828.9939477153252,788.4226932599092,776.0354647853912,935.4404642255819
3040,RSN11287,9,11287, BC3,4.78,34.1228,-116.9226,5.969,145.43,763,33.655,-115.454,16.99,17.18,0.000998119,0.001732632,1.44e-05,2.78e-05,0.576071109,0.16474939,88.02368189,5.179664862,6.066214653,0.261799388,1568.32625,35.90356115,120.3216667,235.2489375,CI,BC3,-999.0,747,0.021192846,-0.025573256,0.067051337,0.046766102,CI.BC3,747,0.021192846,15.84070015,1060.959961,9.405750275,0.02119284615163952,747,849.2959894561991,833.4436308506656,841.9262725110847,1009.7135968626079
3040,RSN17832,9,17832, BC3,3.14,33.0622,-115.8937,7.729,77.44,763,33.655,-115.454,26.56,26.63,-0.000109554,-0.000163927,1.51e-05,2.13e-05,0.668311235,0.162792421,84.94025583,5.179664862,6.11885537,0.296705973,1784.253296,5.143380282,10.85609272,267.6379944,CI,BC3,-999.0,779,-0.020753015,-0.025573256,0.067051337,0.004820242,CI.BC3,779,-0.020753015,15.84070015,1060.959961,9.405750275,-0.020753014586291307,779,675.6919073273704,751.2001266413714,681.187556004257,920.1723430376383
3040,RSN9458,9,9458, BC3,4.93,34.0669,-116.3681,2.241,96.14,763,33.655,-115.454,44.26,44.38,0.000864465,0.001580211,0.000256,0.0002561,0.547056811,0.168391512,89.24361775,5.179664862,5.93802414,0.244346095,1469.164891,3.375497852,6.172699219,220.3747337,CI,BC3,-999.0,760,0.003939598,-0.025573256,0.067051337,0.029512854,CI.BC3,760,0.003939598,15.84070015,1060.959961,9.405750275,0.003939598004079947,760,727.1644324218912,820.8667626608519,744.9186863955562,1004.4036003166987
3040,RSN12829,9,12829, BC3,4.02,33.7129,-116.0516,12.808,55.78,763,33.655,-115.454,23.2,23.3,0.003387715,0.005180392,0.000656674,0.000285111,0.653949632,0.155853834,77.66546941,5.179664862,6.268161535,0.296705973,1834.961991,11.88209154,7.888833729,275.2442987,CI,BC3,-999.0,796,-0.042341155,-0.025573256,0.067051337,-0.016767898,CI.BC3,796,-0.042341155,15.84070015,1060.959961,9.405750275,-0.04234115455992615,796,686.5925721886932,759.084503808202,682.0132947642212,942.99854672412
3040,RSN10324,9,10324, BC3,4.63,32.3362,-115.2425,17.16,147.59,763,33.655,-115.454,20.35,20.43,-0.000300046,-0.00039755,0.000123722,8.23e-05,0.75473687,0.155879486,83.68392989,5.179664862,6.37627289,0.331612558,2041.709203,3.645759417,3.213252291,306.2563805,CI,BC3,-999.0,864,-0.124314738,-0.025573256,0.067051337,-0.098741481,CI.BC3,864,-0.124314738,15.84070015,1060.959961,9.405750275,-0.12431473751959832,864,865.978391914207,802.868647098499,826.1861353256357,970.9509020659777
3040,RSN9859,9,9859, BC3,4.59,34.9977,-119.1926,10.662,374.92,763,33.655,-115.454,8.6,8.83,0.000150555,0.000238498,8.23e-06,1.3e-05,0.631263777,0.160691204,88.51617144,5.179664862,6.221029194,0.27925268,1728.198031,11.58115385,28.97910085,259.2297047,CI,BC3,-999.0,760,0.003939598,-0.025573256,0.067051337,0.029512854,CI.BC3,760,0.003939598,15.84070015,1060.959961,9.405750275,0.003939598004079947,760,949.0623179762019,759.3733013937194,873.4836586905964,1003.3161335477836
3040,RSN8984,9,8984, BC3,5.2,33.5328,-116.5697,15.48,104.44,763,33.655,-115.454,21.58,21.76,0.006701273,0.008188704,0.000459619,0.000192217,0.81835578,0.156346948,81.99765764,5.179664862,6.333749326,0.34906585,2153.582127,34.86306102,17.81628697,323.0373191,CI,BC3,-999.0,900,-0.165136732,-0.025573256,0.067051337,-0.139563476,CI.BC3,900,-0.165136732,15.84070015,1060.959961,9.405750275,-0.16513673203985402,900,794.2050508374823,779.2438883555596,731.2114583816414,928.9441950866236
3040,RSN13486,9,13486, BC3,4.29,33.2262,-116.1472,10.889,80.1,763,33.655,-115.454,12.67,12.87,0.004365187,0.004065665,4.3e-05,5.73e-05,1.073671257,0.15931714,82.77447261,5.179664862,6.226943092,0.41887902,2509.405157,76.181274,94.55034884,376.4107736,CI,BC3,-999.0,1012,-0.282425819,-0.025573256,0.067051337,-0.256852562,CI.BC3,1012,-0.282425819,15.84070015,1060.959961,9.405750275,-0.28242581856295423,1012,823.8081493809519,879.2067751824001,813.827315909272,1057.7456231415047
3054,RSN16099,15,16099, DNR,3.58,33.827,-117.0296,15.131,46.88,361,33.567,-116.631,17.25,17.33,0.000134656,0.001133367,6.02e-05,1.71e-05,0.118810846,0.150870694,72.56655244,5.179664862,6.323730411,0.052359878,391.5392027,7.874619883,18.82669435,58.73088041,CI,DNR,-999.0,322,0.114326413,-0.162157535,-0.069532941,0.276483948,CI.DNR,322,0.114326413,7.391310215,1272.319946,5.659110069,0.114326412788472,322,349.1515322130918,316.6900385779457,370.0625304255273,338.2496881544001
3054,RSN13389,15,13389, DNR,3.9,34.4032,-118.651,13.612,208.43,361,33.567,-116.631,16.3,16.55,-6.86e-05,-0.000210166,1.89e-05,9.52e-06,0.326439255,0.158894846,86.51341931,5.179664862,6.281821568,0.157079633,988.6876505,7.205882353,11.11989418,148.3031476,CI,DNR,-999.0,596,-0.501362709,-0.162157535,-0.069532941,-0.339205174,CI.DNR,596,-0.501362709,7.391310215,1272.319946,5.659110069,-0.5013627087324695,596,585.6854933503765,514.1732746669121,546.8958394781839,488.2596282370199
3054,RSN12684,15,12684, DNR,4.34,35.8373,-117.678,6.864,269.5,361,33.567,-116.631,21.4,21.45,1.47e-05,5.95e-05,2.74e-05,5.4e-06,0.246215253,0.163980636,88.74653415,5.179664862,6.096821743,0.122173048,734.4411395,2.722222222,2.171532847,110.1661709,CI,DNR,-999.0,470,-0.263854736,-0.162157535,-0.069532941,-0.101697202,CI.DNR,470,-0.263854736,7.391310215,1272.319946,5.659110069,-0.2638547363712238,470,533.5356668385721,414.5964057510652,457.3095525984543,396.9745683077463
3054,RSN17911,15,17911, DNR,4.04,36.3911,-117.8665,9.439,333.0,361,33.567,-116.631,11.1,11.15,-2.61e-05,-7.29e-05,2.79e-05,7.88e-06,0.357988974,0.161656401,88.53953366,5.179664862,6.183950287,0.174532925,1058.494134,3.312182741,2.612903226,158.7741201,CI,DNR,-999.0,621,-0.542453124,-0.162157535,-0.069532941,-0.380295589,CI.DNR,621,-0.542453124,7.391310215,1272.319946,5.659110069,-0.5424531236005983,621,735.4448529697371,603.340813219656,598.7334025864112,557.7195851138845
3054,RSN18326,15,18326, DNR,3.05,33.5043,-116.561,11.461,9.52,361,33.567,-116.631,14.13,14.17,-0.000633154,-0.005548436,0.00015563,4.44e-05,0.114113958,0.104504533,40.70667477,5.179664862,6.240750508,0.052359878,543.2017399,14.26022523,35.65145537,81.48026099,CI,DNR,-999.0,393,-0.084931654,-0.162157535,-0.069532941,0.077225881,CI.DNR,393,-0.084931654,7.391310215,1272.319946,5.659110069,-0.08493165353638066,393,425.21331481114095,389.2775458852242,449.8572550368321,425.5031874136839
3054,RSN11372,15,11372, DNR,4.73,33.7328,-117.4921,10.018,81.97,361,33.567,-116.631,27.54,27.63,-0.000166098,-0.002010053,0.000324771,5.81e-05,0.082633683,0.160205401,83.56848316,5.179664862,6.202702587,0.034906585,257.1802401,2.858829604,6.189139424,38.57703602,CI,DNR,-999.0,243,0.395816515,-0.162157535,-0.069532941,0.55797405,CI.DNR,243,0.395816515,7.391310215,1272.319946,5.659110069,0.3958165149923323,243,304.03139844850875,270.463181257443,311.85824772485415,294.44138333461746
3054,RSN8787,15,8787, DNR,5.39,33.9465,-117.7667,14.89,113.33,361,33.567,-116.631,25.56,25.7,0.001126973,0.006130913,0.000166563,0.000141055,0.183818148,0.157110973,82.93039724,5.179664862,6.31653763,0.087266463,577.5588338,7.989599801,36.80837281,86.63382507,CI,DNR,-999.0,407,-0.119935227,-0.162157535,-0.069532941,0.042222308,CI.DNR,407,-0.119935227,7.391310215,1272.319946,5.659110069,-0.11993522710971405,407,384.37910322138714,340.48141164229327,369.4892560484041,347.66166091048837
3054,RSN18350,15,18350, DNR,3.34,33.5022,-116.5193,11.15,12.62,361,33.567,-116.631,14.34,14.4,-0.002487305,-0.016722756,0.001539975,0.000202343,0.148737715,0.12248587,49.77434518,5.179664862,6.233428753,0.06981317,602.0263062,12.29251815,10.85910875,90.30394593,CI,DNR,-999.0,416,-0.141807302,-0.162157535,-0.069532941,0.020350233,CI.DNR,416,-0.141807302,7.391310215,1272.319946,5.659110069,-0.14180730192838276,416,428.6803130916114,391.9198556328683,425.7389511889841,423.4416515435486
3054,RSN16941,15,16941, DNR,3.63,34.1242,-116.405,9.555,65.25,361,33.567,-116.631,12.27,12.34,-0.00054837,-0.001575053,5.28e-05,2.49e-05,0.348159993,0.160180952,82.38629928,5.179664862,6.187901101,0.174532925,1042.045123,22.02289157,29.83054924,156.3067685,CI,DNR,-999.0,616,-0.534369005,-0.162157535,-0.069532941,-0.37221147,CI.DNR,616,-0.534369005,7.391310215,1272.319946,5.659110069,-0.5343690052006389,616,630.8118631260816,538.3428046486076,553.3879381847942,511.27887912615773
3054,RSN16327,15,16327, DNR,3.74,34.8456,-119.2446,12.927,279.53,361,33.567,-116.631,26.87,26.99,6.58e-06,4.78e-05,8.61e-06,3.22e-06,0.137744775,0.159335542,87.54335272,5.179664862,6.270295551,0.06981317,429.2491571,2.043478261,5.551684088,64.38737357,CI,DNR,-999.0,341,0.056995481,-0.162157535,-0.069532941,0.219153016,CI.DNR,341,0.056995481,7.391310215,1272.319946,5.659110069,0.05699548104936358,341,413.9282185560261,349.34656985790303,391.0475902381935,363.9851738827346
3079,RSN16902,25,16902, PLM,3.6,34.2088,-117.5824,7.536,115.88,465,33.354,-116.863,14.32,14.39,8.41e-05,0.000171191,5.41e-06,1.61e-05,0.491053724,0.163279353,86.71863423,5.179664862,6.114431914,0.226892803,1385.35009,5.223602484,31.64343808,207.8025135,CI,PLM,-999.0,730,-0.451007129,-0.335573349,-0.242948756,-0.115433779,CI.PLM,730,-0.451007129,6.259709835,1675.150024,4.301589966,-0.45100712855508096,730,808.4909418166815,586.2079116054304,697.181030822467,605.2106276243308
3079,RSN16729,25,16729, PLM,3.73,33.5058,-116.7636,16.276,19.21,465,33.354,-116.863,20.04,20.09,0.002296094,0.007441843,0.000143672,6.19e-05,0.308538347,0.119975087,49.67984349,5.179664862,6.3549922,0.157079633,1243.883394,37.09360258,51.79744835,186.5825091,CI,PLM,-999.0,679,-0.378583722,-0.335573349,-0.242948756,-0.043010373,CI.PLM,679,-0.378583722,6.259709835,1675.150024,4.301589966,-0.3785837219713404,679,615.4885823965471,561.353749473941,600.1562653823487,563.3796079878833
3079,RSN15123,25,15123, PLM,3.78,34.1353,-117.4476,5.857,102.2,465,33.354,-116.863,23.63,23.76,-0.000333858,-0.000775802,1.02e-05,6.85e-06,0.430339678,0.164778234,87.21932919,5.179664862,6.061617088,0.20943951,1226.01883,48.73839416,76.05901961,183.9028245,CI,PLM,-999.0,672,-0.368220935,-0.335573349,-0.242948756,-0.032647586,CI.PLM,672,-0.368220935,6.259709835,1675.150024,4.301589966,-0.36822093493579366,672,710.2867937088504,552.3104758062362,632.8930616822757,563.5452589003357
3079,RSN9072,25,9072, PLM,5.2,33.5328,-116.5697,15.48,33.72,465,33.354,-116.863,16.12,16.24,0.029248173,0.067399015,0.003927509,0.001523372,0.433955502,0.143843266,65.65324815,5.179664862,6.333749326,0.20943951,1414.455185,19.19962622,17.1607538,212.1682778,CI,PLM,-999.0,740,-0.464612781,-0.335573349,-0.242948756,-0.129039431,CI.PLM,740,-0.464612781,6.259709835,1675.150024,4.301589966,-0.4646127806108593,740,661.9023750251856,596.4099932757152,649.2985198386995,608.1512060619813
3079,RSN12860,25,12860, PLM,4.02,33.7129,-116.0516,12.808,85.23,465,33.354,-116.863,23.82,23.91,0.001235693,0.002690317,0.000101675,4.45e-05,0.459311318,0.157983148,81.99828106,5.179664862,6.268161535,0.20943951,1350.78844,27.76838202,26.45996558,202.618266,CI,PLM,-999.0,718,-0.434432163,-0.335573349,-0.242948756,-0.098858814,CI.PLM,718,-0.434432163,6.259709835,1675.150024,4.301589966,-0.4344321634608681,718,739.2028747706375,574.163449592582,657.5235768000881,591.6981097016127
3079,RSN17625,25,17625, PLM,3.52,33.5309,-117.6639,9.734,77.01,465,33.354,-116.863,35.16,35.2,6.58e-05,0.000201029,6.13e-05,3.23e-05,0.327467227,0.160368002,83.35763421,5.179664862,6.193801083,0.157079633,982.3988806,2.037151703,3.279429038,147.3598321,CI,PLM,-999.0,592,-0.241469229,-0.335573349,-0.242948756,0.09410412,CI.PLM,592,-0.241469229,6.259709835,1675.150024,4.301589966,-0.2414692292966496,592,570.6045992157174,492.4611809988537,540.4191604169478,491.4744042542611
3079,RSN17470,25,17470, PLM,3.59,34.0938,-117.4347,3.015,97.68,465,33.354,-116.863,42.01,42.1,-0.00011663,-0.000289544,2.04e-05,7.82e-06,0.402804845,0.168369102,88.79756202,5.179664862,5.93802414,0.191986218,1130.315374,14.91432225,14.19333333,169.5473061,CI,PLM,-999.0,640,-0.319430771,-0.335573349,-0.242948756,0.016142578,CI.PLM,640,-0.319430771,6.259709835,1675.150024,4.301589966,-0.3194307707663615,640,675.1862695256847,531.0460481719592,610.5290116531875,538.0624261194122
3079,RSN16119,25,16119, PLM,3.58,33.827,-117.0296,15.131,54.69,465,33.354,-116.863,15.01,15.05,-6.38e-05,-0.000310278,1.28e-05,1.44e-05,0.205464122,0.152796762,75.07093784,5.179664862,6.323730411,0.104719755,662.2052449,4.430555556,24.24046875,99.33078674,CI,PLM,-999.0,437,0.06210421,-0.335573349,-0.242948756,0.39767756,CI.PLM,437,0.06210421,6.259709835,1675.150024,4.301589966,0.062104210491765954,437,412.078424344921,367.18947592059374,410.14547079535964,375.2203653874351
3079,RSN14005,25,14005, PLM,4.15,33.638,-116.7082,12.649,34.63,465,33.354,-116.863,13.29,13.38,-0.013323514,-0.029004204,0.000773091,0.000330259,0.459364905,0.150508559,70.55696822,5.179664862,6.265244507,0.20943951,1418.009391,40.342622,37.51719267,212.7014087,CI,PLM,-999.0,741,-0.46596322,-0.335573349,-0.242948756,-0.13038987,CI.PLM,741,-0.46596322,6.259709835,1675.150024,4.301589966,-0.46596321970873067,741,714.9287821119241,600.7841318130942,666.6973606036014,613.5674939000223
3079,RSN16550,25,16550, PLM,3.61,34.2449,-117.4464,12.48,112.62,465,33.354,-116.863,18.25,18.31,-0.000127251,-0.000314631,9.47e-05,3.95e-05,0.404443628,0.158844622,84.09526775,5.179664862,6.262058538,0.191986218,1202.302759,3.221544304,3.322397043,180.3454139,CI,PLM,-999.0,663,-0.354737585,-0.335573349,-0.242948756,-0.019164235,CI.PLM,663,-0.354737585,6.259709835,1675.150024,4.301589966,-0.3547375845985066,663,689.9983037030534,545.1036970098284,620.2409292623022,553.9639541730718
3079,RSN18125,25,18125, PLM,5.19,36.4034,-117.8499,9.418,350.12,465,33.354,-116.863,13.8,13.86,-5.63e-05,-0.000152753,5.83e-05,2.11e-05,0.368401928,0.161680632,88.61430508,5.179664862,6.183223963,0.174532925,1085.586115,2.668246445,2.620120069,162.8379173,CI,PLM,-999.0,629,-0.302093851,-0.335573349,-0.242948756,0.033479498,CI.PLM,629,-0.302093851,6.259709835,1675.150024,4.301589966,-0.30209385111308507,629,839.2556233288565,609.5903268799835,642.2636751554116,574.082218855183
3079,RSN19389,25,19389, PLM,3.43,34.1381,-117.4717,5.767,103.66,465,33.354,-116.863,34.58,34.7,-0.000336064,-0.000876985,5.99e-05,4.02e-05,0.383203807,0.164897224,87.3242119,5.179664862,6.057771424,0.174532925,1101.9573,8.359800995,14.64081803,165.293595,CI,PLM,-999.0,633,-0.308433017,-0.335573349,-0.242948756,0.027140333,CI.PLM,633,-0.308433017,6.259709835,1675.150024,4.301589966,-0.3084330165568199,633,680.1304486415029,540.6660861699696,604.7398275049514,536.4896486455361
3082,RSN14517,27,14517, RXH,4.01,33.2617,-116.0659,5.761,42.2,309,33.183,-115.623,20.3,20.43,0.000677085,0.00305885,0.000302922,0.000242409,0.221352841,0.163927241,83.21230329,5.179664862,6.057510055,0.104719755,662.8442834,2.793151244,10.09781396,99.42664251,CI,RXH,4.186403333,437,-0.346591918,-0.407405332,-0.314780739,0.060813414,CI.RXH,437,-0.346591918,0.0,-70.9733963,0.0122753,-0.3465919181978441,437,433.8917436117402,489.82676193090583,382.3510407722113,454.91620627975414
3082,RSN9085,27,9085, RXH,5.2,33.5328,-116.5697,15.48,96.28,309,33.183,-115.623,12.58,12.78,-0.012905,-0.043378445,0.000213116,0.000286978,0.297497988,0.156081717,81.33361914,5.179664862,6.333749326,0.13962634,922.4833249,44.96860387,203.5438212,138.3724987,CI,RXH,4.186403333,559,-0.592808196,-0.407405332,-0.314780739,-0.185402864,CI.RXH,559,-0.592808196,0.0,-70.9733963,0.0122753,-0.5928081962573533,559,526.1416357144134,609.3447201796001,451.85846248737096,550.3397950505455
3082,RSN16777,27,16777, RXH,3.72,33.1099,-116.0467,7.494,40.35,309,33.183,-115.623,13.45,13.54,0.00218657,0.011382116,0.001006174,0.000662202,0.192105745,0.161352573,80.54625451,5.179664862,6.113435346,0.087266463,586.8559378,3.301968282,11.31227402,88.02839067,CI,RXH,4.186403333,410,-0.282815883,-0.407405332,-0.314780739,0.12458945,CI.RXH,410,-0.282815883,0.0,-70.9733963,0.0122753,-0.282815882800608,410,409.2764266442163,464.46981656672654,366.6739030532136,428.26927057813623
3084,RSN9972,28,9972, SBPX,4.59,34.9977,-119.1926,10.662,198.62,393,34.232,-117.235,5.9,6.03,0.000483913,0.001146323,0.000161787,7.63e-05,0.422143197,0.16055212,87.1921392,5.179664862,6.221029194,0.191986218,1234.110271,6.342241153,7.085383869,185.1165407,CI,SBPX,-999.0,675,-0.540903079,-0.515604608,-0.422980015,-0.025298471,CI.SBPX,675,-0.540903079,20.3302002,1777.27002,20.0333004,-0.540903079003269,675,771.3905182612691,745.8396070018913,663.9393148763163,642.0161334651962
3084,RSN15131,28,15131, SBPX,3.78,34.1353,-117.4476,5.857,22.34,393,34.232,-117.235,19.74,19.83,0.002506836,0.01058135,0.00027005,0.00018995,0.236910778,0.160729524,76.9772903,5.179664862,6.061617088,0.122173048,722.4943092,13.19734667,39.18292909,108.3741464,CI,SBPX,-999.0,465,-0.168227794,-0.515604608,-0.422980015,0.347376815,CI.SBPX,465,-0.168227794,20.3302002,1777.27002,20.0333004,-0.1682277937180947,465,461.15508215710565,483.7090929640478,458.23285797357397,440.4889417615938
3084,RSN10984,28,10984, SBPX,4.26,33.8776,-116.2019,10.062,103.17,393,34.232,-117.235,28.12,28.18,0.000632676,0.001397883,0.000257405,8.26e-05,0.452596052,0.160553063,84.92299298,5.179664862,6.204033973,0.20943951,1312.92247,7.659515738,5.430675395,196.9383705,CI,SBPX,-999.0,705,-0.584388191,-0.515604608,-0.422980015,-0.068783583,CI.SBPX,705,-0.584388191,20.3302002,1777.27002,20.0333004,-0.5843881909430078,705,751.972803774212,736.2386905086408,698.6222809456705,630.6084042752077
3084,RSN11748,28,11748, SBPX,4.5,34.3365,-116.8617,8.94,36.27,393,34.232,-117.235,14.1,14.24,0.029571091,0.049302182,0.005362034,0.001828394,0.599792739,0.158168528,77.21837769,5.179664862,6.165704274,0.261799388,1684.314181,16.1732597,9.194679109,252.6471272,CI,SBPX,-999.0,745,-0.639574607,-0.515604608,-0.422980015,-0.123969998,CI.SBPX,745,-0.639574607,20.3302002,1777.27002,20.0333004,-0.6395746065102985,745,727.2998347912837,761.9523322238456,678.2439286530179,647.2255644954205
3084,RSN13449,28,13449, SBPX,3.9,34.4032,-118.651,13.612,131.7,393,34.232,-117.235,17.85,17.94,-0.000392152,-0.000789693,0.000201702,5.34e-05,0.496588649,0.158445597,84.45876915,5.179664862,6.281821568,0.226892803,1440.678669,7.343670412,3.915147098,216.1018004,CI,SBPX,-999.0,749,-0.644929372,-0.515604608,-0.422980015,-0.129324763,CI.SBPX,749,-0.644929372,20.3302002,1777.27002,20.0333004,-0.644929371647958,749,806.2600628773945,783.57862788256,733.5647343175218,665.2097017257335
3086,RSN14519,29,14519, SDR,4.01,33.2617,-116.0659,5.761,100.51,827,32.736,-116.942,30.25,30.31,0.002203508,0.001604072,0.000326087,0.000240726,1.373696316,0.164893764,87.24671511,5.179664862,6.057510055,0.471238898,2750.991213,9.153593712,4.919153477,412.648682,CI,SDR,7.834123333,1086,-0.272451805,-0.289512585,-0.196887992,0.01706078,CI.SDR,957,-0.145998696,11.11670017,112.0540009,3.746439934,-0.14599869642926322,957,818.7746758790902,755.3397278603235,808.8274422478128,737.0910049748375
3086,RSN15048,29,15048, SDR,3.74,34.1651,-117.4332,7.875,164.95,827,32.736,-116.942,22.15,22.23,-7.38e-05,-5.05e-05,1.61e-05,2.32e-05,1.461144807,0.16319913,87.58481504,5.179664862,6.12204057,0.488692191,2860.379551,3.181034483,3.136645963,429.0569327,CI,SDR,7.834123333,1120,-0.303279269,-0.289512585,-0.196887992,-0.013766684,CI.SDR,987,-0.176865344,11.11670017,112.0540009,3.746439934,-0.17686534440979074,987,859.161070033498,797.8122195763399,854.4018986483507,777.7633209561525
3086,RSN9408,29,9408, SDR,4.88,34.0655,-117.0011,17.501,147.56,827,32.736,-116.942,14.15,14.22,-0.002753066,-0.001744219,0.000800907,0.001055503,1.578394726,0.155652913,83.55176253,5.179664862,6.383907006,0.506145483,3099.130699,2.608297655,2.177804664,464.8696049,CI,SDR,7.834123333,1191,-0.364743874,-0.289512585,-0.196887992,-0.075231289,CI.SDR,1049,-0.237787913,11.11670017,112.0540009,3.746439934,-0.23778791337260596,1049,755.7294115111314,838.0237498666362,790.9950993590849,812.2058144039146
3086,RSN14349,29,14349, SDR,4.19,33.4453,-116.439,8.875,91.61,827,32.736,-116.942,15.75,15.84,-0.000510262,-0.000337431,2.91e-05,9.38e-06,1.512199314,0.161636688,84.9993554,5.179664862,6.16316588,0.488692191,2926.697184,54.3989339,11.59556701,439.0045776,CI,SDR,7.834123333,1139,-0.320101268,-0.289512585,-0.196887992,-0.030588683,CI.SDR,1003,-0.192946093,11.11670017,112.0540009,3.746439934,-0.19294609293824472,1003,869.1149161991814,786.7221278707414,852.3464345584114,770.6355160744955
3086,RSN12790,29,12790, SDR,4.26,33.9538,-116.3912,7.696,144.47,827,32.736,-116.942,22.14,22.34,-0.001549269,-0.001253444,2.12e-05,1.24e-05,1.236009372,0.163270097,87.31907336,5.179664862,6.118116656,0.453785606,2642.983622,124.9410484,59.12471698,396.4475433,CI,SDR,7.834123333,1054,-0.242543034,-0.289512585,-0.196887992,0.046969551,CI.SDR,928,-0.115227038,11.11670017,112.0540009,3.746439934,-0.11522703776250953,928,812.4572834290877,757.2368013940802,810.076298015003,744.8649950872601
3086,RSN10987,29,10987, SDR,4.26,33.8776,-116.2019,10.062,144.16,827,32.736,-116.942,20.95,21.09,-0.000686711,-0.000660933,5.09e-05,4.8e-05,1.039003322,0.160858226,86.34851253,5.179664862,6.204033973,0.401425728,2433.367148,14.30647917,12.98493124,365.0050722,CI,SDR,7.834123333,989,-0.178889637,-0.289512585,-0.196887992,0.110622949,CI.SDR,871,-0.051837282,11.11670017,112.0540009,3.746439934,-0.051837281828811754,871,808.3537476365022,753.8096033385852,784.2274896739003,712.5046115560249
3086,RSN17851,29,17851, SDR,3.14,33.0622,-115.8937,7.729,104.54,827,32.736,-116.942,29.86,29.92,0.000137126,8.62e-05,1.79e-05,1.92e-05,1.590002434,0.163081612,86.26217283,5.179664862,6.11885537,0.506145483,2965.85133,7.141979167,4.815642458,444.8776995,CI,SDR,7.834123333,1151,-0.330581714,-0.289512585,-0.196887992,-0.041069128,CI.SDR,1014,-0.203853489,11.11670017,112.0540009,3.746439934,-0.20385348912743773,1014,799.1022577242396,795.2641047910487,848.9087214406471,781.3744256027095
3086,RSN15720,29,15720, SDR,3.81,32.4923,-116.8468,13.18,28.46,827,32.736,-116.942,16.24,16.31,-0.002340089,-0.002457761,4.35e-05,5.08e-05,0.952122406,0.145272651,65.71933535,5.179664862,6.274698597,0.383972435,2558.13563,46.06474409,56.50025287,383.7203445,CI,SDR,7.834123333,1027,-0.216592515,-0.289512585,-0.196887992,0.07292007,CI.SDR,905,-0.090130249,11.11670017,112.0540009,3.746439934,-0.09013024867623454,905,738.5221882225952,738.9831560163749,781.6687995692721,724.5606258545789
3086,RSN8853,29,8853, SDR,5.39,33.9465,-117.7667,14.89,154.66,827,32.736,-116.942,21.4,21.84,-0.0424655,-0.025105366,0.001916679,0.002505545,1.69149095,0.157666187,84.81266178,5.179664862,6.31653763,0.523598776,3146.044107,16.94860799,13.09836754,471.9066161,CI,SDR,7.834123333,1205,-0.376430151,-0.289512585,-0.196887992,-0.086917566,CI.SDR,1061,-0.249162444,11.11670017,112.0540009,3.746439934,-0.24916244359029172,1061,707.6531555646083,803.2536408217608,767.4845718078869,793.1449435239921
100051,RSN11664,37,11664, CHR,4.3,37.2793,-121.6191,3.442,16.86,471,37.3729,-121.7689,20.65,20.78,0.136540612,0.21302178,0.009277155,0.002267077,0.640970196,0.166217885,80.75336803,5.179664862,5.93802414,0.27925268,1689.454467,60.22760233,22.96197272,253.4181701,NC,CHR,-999.0,747,-0.461207091,-0.206074064,-0.113449471,-0.255133027,NC.CHR,747,-0.461207091,21.69300079,415.4869995,4.081309795,-0.4612070911163997,747,645.4195604564001,616.9302929560741,664.2264360620495,592.5454517589809
100051,RSN18715,37,18715, CHR,3.5,37.4729,-121.8067,7.926,11.59,471,37.3729,-121.7689,20.35,20.38,-0.001538625,-0.004814117,0.000912633,0.000371422,0.319606804,0.134258255,55.29352637,5.179664862,6.123122315,0.157079633,1147.863237,4.142525214,5.274975812,172.1794856,NC,CHR,-999.0,644,-0.312840632,-0.206074064,-0.113449471,-0.106766568,NC.CHR,644,-0.312840632,21.69300079,415.4869995,4.081309795,-0.3128406320879362,644,623.5986210734761,580.4944465189028,580.4708391731765,552.9147899631022
100051,RSN19846,37,19846, CHR,3.6,37.3892,-121.5177,5.014,22.32,471,37.3729,-121.7689,32.02,32.2,0.004025772,0.016006418,0.000346425,0.000407128,0.251509861,0.163183215,79.17884679,5.179664862,6.019111729,0.122173048,752.979029,9.888221886,46.20456953,112.9468544,NC,CHR,-999.0,479,-0.016842503,-0.206074064,-0.113449471,0.189231561,NC.CHR,479,-0.016842503,21.69300079,415.4869995,4.081309795,-0.01684250339449722,479,473.33301436322114,429.8007459220836,447.7640828765275,414.7814002844835
100051,RSN8674,37,8674, CHR,5.45,37.4317,-121.7767,7.486,6.56,471,37.3729,-121.7689,10.5,10.66,0.063233461,0.364100842,0.116295402,0.00720724,0.173670185,0.11108168,42.77096756,5.179664862,6.113244097,0.087266463,773.1336366,8.773602794,3.130827494,115.9700455,NC,CHR,-999.0,487,-0.033406029,-0.206074064,-0.113449471,0.172668035,NC.CHR,487,-0.033406029,21.69300079,415.4869995,4.081309795,-0.03340602906617196,487,416.19016177480233,466.03825664061543,466.02514004015904,485.687376889958
100061,RSN14064,41,14064, JFP,3.7,37.8077,-122.0707,11.554,50.74,437,37.3605,-122.1899,35.82,35.98,-0.001276256,-0.005401324,0.000247597,0.000127405,0.236285826,0.156591891,77.84488639,5.179664862,6.242859346,0.122173048,739.7309305,10.01731486,21.8149816,110.9596396,NC,JFP,4.586666667,473,-0.079162193,-0.147989208,-0.055364615,0.068827015,NC.JFP,473,-0.079162193,12.65410042,276.7990112,16.2343998,-0.07916219339634267,473,444.72931634708397,487.3962054230627,502.36008082091183,506.4236381006922
100061,RSN11109,41,11109, JFP,4.5,38.3669,-122.5881,6.985,117.07,437,37.3605,-122.1899,20.1,20.23,0.000597232,0.002358286,0.001033856,0.000138202,0.253248111,0.163705445,87.02081613,5.179664862,6.100276528,0.122173048,755.457406,4.321442526,2.281058484,113.3186109,NC,JFP,4.586666667,480,-0.093852909,-0.147989208,-0.055364615,0.054136299,NC.JFP,480,-0.093852909,12.65410042,276.7990112,16.2343998,-0.09385290880634667,480,468.55791522085997,485.6917235294144,560.1159524176212,514.191788599628
100061,RSN17725,41,17725, JFP,3.41,37.8651,-122.2381,9.076,56.17,437,37.3605,-122.1899,20.61,20.67,-0.000305946,-0.00097177,0.000104935,9.1e-05,0.314834012,0.160331953,81.64659047,5.179664862,6.170889681,0.157079633,948.1163157,3.362043956,9.260685186,142.2174474,NC,JFP,4.586666667,573,-0.270952522,-0.147989208,-0.055364615,-0.122963314,NC.JFP,573,-0.270952522,12.65410042,276.7990112,16.2343998,-0.27095252161914996,573,537.7405787337184,582.2311436096152,617.1221999516822,605.4054884339906
100070,RSN10276,43,10276, SBI,4.34,35.0174,-119.1492,9.557,170.83,854,33.4805,-119.0299,6.93,7.0,-0.000135845,-0.00024051,0.000111705,5.46e-05,0.564818698,0.161397174,87.10141036,5.179664862,6.187968323,0.261799388,1576.844379,2.488003663,2.153081778,236.5266569,CI,SBI,-999.0,738,0.145987369,0.157690748,0.250315341,-0.011703378,CI.SBI,738,0.145987369,22.78569984,50.11539841,14.87709999,0.14598736918809774,738,854.069527122057,633.386599203931,898.6469074554228,674.1798688447578
100070,RSN9268,43,9268, SBI,5.03,35.3852,-118.6292,7.3,214.47,854,33.4805,-119.0299,24.3,24.7,0.003978902,0.00595647,0.00131234,0.001195113,0.667996658,0.163630352,88.30583002,5.179664862,6.108664217,0.296705973,1774.521955,3.329310283,4.53881616,266.1782933,CI,SBI,-999.0,775,0.097068164,0.157690748,0.250315341,-0.060622583,CI.SBI,775,0.097068164,22.78569984,50.11539841,14.87709999,0.09706816443522293,775,815.6021488562803,609.8000886139486,748.3677812523309,629.1243585102798
100070,RSN11450,43,11450, SBI,4.73,33.7328,-117.4921,10.018,145.44,854,33.4805,-119.0299,17.4,17.56,0.000860096,0.002236932,0.00055523,0.000149929,0.384498069,0.16090483,86.41653158,5.179664862,6.202702587,0.191986218,1135.849655,5.736688699,4.028838499,170.3774483,CI,SBI,-999.0,642,0.28534289,0.157690748,0.250315341,0.127652143,CI.SBI,642,0.28534289,22.78569984,50.11539841,14.87709999,0.285342890098609,642,730.053503658755,574.9651871696268,808.7197160480385,625.7882395751814
100070,RSN10795,43,10795, SBI,4.66,34.2983,-118.6255,8.038,98.12,854,33.4805,-119.0299,12.88,12.94,0.001686696,0.002986638,0.000858089,0.000620034,0.564747414,0.162787801,85.80700449,5.179664862,6.126524324,0.261799388,1563.222011,2.72032824,3.480569032,234.4833017,CI,SBI,-999.0,752,0.12719487,0.157690748,0.250315341,-0.030495878,CI.SBI,752,0.12719487,22.78569984,50.11539841,14.87709999,0.12719486983873018,752,762.5978742319764,614.7637352825042,852.7934896767969,672.1501212624623
100070,RSN11968,43,11968, SBI,4.27,34.3874,-119.4398,6.219,107.5,854,33.4805,-119.0299,16.56,16.81,-0.001377506,-0.002506384,8.52e-05,0.000131,0.549598844,0.164388584,87.18126987,5.179664862,6.075787581,0.244346095,1510.399704,10.51531298,29.41765258,226.5599556,CI,SBI,-999.0,773,0.099652145,0.157690748,0.250315341,-0.058038602,CI.SBI,773,0.099652145,22.78569984,50.11539841,14.87709999,0.09965214520114785,773,791.7027395674329,634.1655847554978,876.8700306647934,690.9070509289729
100070,RSN9971,43,9971, SBI,4.59,34.9977,-119.1926,10.662,168.96,854,33.4805,-119.0299,7.5,7.66,0.001394023,0.002897292,0.001093998,0.000439605,0.481146791,0.160476745,86.68877024,5.179664862,6.221029194,0.226892803,1386.264505,3.171080857,2.648352191,207.9396758,CI,SBI,-999.0,730,0.15688666,0.157690748,0.250315341,-0.000804088,CI.SBI,730,0.15688666,22.78569984,50.11539841,14.87709999,0.15688665964613335,730,830.3051486763503,637.2264620356447,891.6895232880844,696.1638119874995
100070,RSN8847,43,8847, SBI,5.39,33.9465,-117.7667,14.89,127.99,854,33.4805,-119.0299,27.06,27.56,0.031140635,0.063656462,0.000797034,0.000223158,0.489198337,0.157361305,83.7092231,5.179664862,6.31653763,0.226892803,1433.023155,139.5452325,79.86668323,214.9534733,CI,SBI,-999.0,747,0.133866009,0.157690748,0.250315341,-0.023824739,CI.SBI,747,0.133866009,22.78569984,50.11539841,14.87709999,0.13386600865575282,747,770.999265704034,640.8454152819822,834.34644596357,723.9605076849779
100070,RSN16183,43,16183, SBI,3.64,33.8455,-118.7007,12.777,50.71,854,33.4805,-119.0299,18.8,18.95,-0.00161057,-0.002752061,0.000168524,8.65e-05,0.585223179,0.155132888,76.48547269,5.179664862,6.267598776,0.261799388,1685.667345,18.61930636,16.33038024,252.8501018,CI,SBI,-999.0,745,0.136546975,0.157690748,0.250315341,-0.021143772,CI.SBI,745,0.136546975,22.78569984,50.11539841,14.87709999,0.1365469754090105,745,717.8746337028381,604.3808545759541,771.5023953656646,663.9089661421199
100070,RSN13448,43,13448, SBI,3.9,34.4032,-118.651,13.612,108.17,854,33.4805,-119.0299,15.79,15.98,-0.000288735,-0.000599261,1.79e-05,1.44e-05,0.481818676,0.158095064,83.27761185,5.179664862,6.281821568,0.226892803,1408.758843,20.05104167,33.47826816,211.3138265,CI,SBI,-999.0,738,0.145987369,0.157690748,0.250315341,-0.011703378,CI.SBI,738,0.145987369,22.78569984,50.11539841,14.87709999,0.14598736918809774,738,746.7748265857035,611.8018710356794,802.7324396139003,679.538468404958
100070,RSN10519,43,10519, SBI,4.45,34.1081,-117.3062,14.795,174.15,854,33.4805,-119.0299,14.33,14.45,0.000137639,0.000420358,0.000175207,5.77e-05,0.327433827,0.157886131,85.4408878,5.179664862,6.313637877,0.157079633,997.7494282,2.38542461,2.399207794,149.6624142,CI,SBI,-999.0,601,0.351336259,0.157690748,0.250315341,0.193645512,CI.SBI,601,0.351336259,22.78569984,50.11539841,14.87709999,0.35133625925336265,601,561.4306395032542,531.8394162153236,701.5506034621854,580.1257163297827
100070,RSN11220,43,11220, SBI,4.42,34.0665,-118.8938,12.827,66.21,854,33.4805,-119.0299,22.24,22.38,-0.00419703,-0.006873548,0.000163956,0.000114048,0.610606043,0.156950725,79.68762945,5.179664862,6.268505043,0.27925268,1726.447424,36.80055766,41.92312572,258.9671136,CI,SBI,-999.0,759,0.117929416,0.157690748,0.250315341,-0.039761331,CI.SBI,759,0.117929416,22.78569984,50.11539841,14.87709999,0.11792941639293986,759,718.2161426809611,611.5801790744035,771.642671212823,667.502429142425
100070,RSN9089,43,9089, SBI,5.2,33.5328,-116.5697,15.48,228.66,854,33.4805,-119.0299,16.35,17.07,0.001162574,0.001818397,0.000153043,5.52e-05,0.639339983,0.157564129,86.35013057,5.179664862,6.333749326,0.27925268,1778.941929,21.06112319,11.88160844,266.8412894,CI,SBI,-999.0,777,0.094490843,0.157690748,0.250315341,-0.063199904,CI.SBI,777,0.094490843,22.78569984,50.11539841,14.87709999,0.09449084342092284,777,819.4971453646623,633.2984594112045,835.3435460708591,697.6111489940223
100073,RSN14099,44,14099, KCC,3.8,35.632,-120.7532,6.775,227.51,1252,37.3236,-119.3187,55.1,55.3125,-0.000166934,-0.000131562,6.66e-06,7.63e-06,1.268865536,0.164037147,88.53623391,5.179664862,6.094190843,0.453785606,2662.043948,21.87863696,19.75405405,399.3065922,BK,KCC,-999.0,1059,0.167417206,0.174492845,0.267117439,-0.007075639,BK.KCC,1059,0.167417206,88.5789032,1011.630005,10.74110031,0.1674172060586372,1059,1015.5945557077328,826.1078297181771,966.0492460043154,860.5147494752626
100073,RSN21495,44,21495, KCC,3.5,37.29562,-121.0867,4.464,156.76,1252,37.3236,-119.3187,9.375,9.5375,-0.000325307,-0.000215462,4.68e-06,6.01e-06,1.509809753,0.167161464,88.71974485,5.179664862,5.980746664,0.488692191,2828.25971,54.12762063,46.03888889,424.2389565,BK,KCC,-999.0,1110,0.120382257,0.174492845,0.267117439,-0.054110588,BK.KCC,1110,0.120382257,88.5789032,1011.630005,10.74110031,0.12038225735366392,1110,935.8806337936301,872.4973968836168,988.9511244075865,899.100163320689
100073,RSN19158,44,19158, KCC,3.9,36.6979,-121.3332,5.002,192.27,1252,37.3236,-119.3187,18.2875,18.475,-0.000172048,-0.000139146,3.69e-05,4.75e-05,1.236462347,0.166120751,88.79334837,5.179664862,6.018382641,0.453785606,2598.064892,3.622063158,3.770894309,389.7097338,BK,KCC,-999.0,1040,0.18552156,0.174492845,0.267117439,0.011028714,BK.KCC,1040,0.18552156,88.5789032,1011.630005,10.74110031,0.18552155952462535,1040,1014.3838369309711,811.770398449885,937.5425877819893,844.2686911068741
100073,RSN18392,44,18392, KCC,5.0,35.9583,-120.4981,10.69,184.6,1252,37.3236,-119.3187,23.8,24.05,0.003564402,0.003129423,0.000547137,0.000809405,1.1389965,0.160501041,86.96897218,5.179664862,6.221773024,0.41887902,2566.220389,4.403731136,5.719633291,384.9330584,BK,KCC,-999.0,1030,0.19518347,0.174492845,0.267117439,0.020690625,BK.KCC,1030,0.19518347,88.5789032,1011.630005,10.74110031,0.19518347043636197,1030,973.1202310846667,823.1318739397824,955.700159378658,860.3523251485421
100073,RSN11044,44,11044, KCC,4.3,37.0995,-121.4909,3.361,194.41,1252,37.3236,-119.3187,23.1875,23.2875,-0.003125695,-0.002564221,0.000579252,0.000703787,1.218964983,0.168393455,89.29547647,5.179664862,5.93802414,0.436332313,2536.448872,4.441251401,4.426779709,380.4673308,BK,KCC,-999.0,1021,0.203959733,0.174492845,0.267117439,0.029466888,BK.KCC,1021,0.203959733,88.5789032,1011.630005,10.74110031,0.20395973349537844,1021,921.6151644606331,792.7592540224645,895.4554683817938,827.2887160378417
100085,RSN19291,45,19291, PHSB,3.8,36.6652,-121.2928,7.59,95.78,422,35.824,-121.0539,22.28,22.37,-0.000419541,-0.002688038,0.000174684,4.54e-05,0.156077036,0.163113361,85.98976153,5.179664862,6.115695017,0.06981317,473.8688099,9.240991189,15.38800348,71.08032149,NC,PHSB,-999.0,362,0.153361102,0.10773133,0.200355924,0.045629772,NC.PHSB,362,0.153361102,15.38220024,456.9030151,7.475399971,0.15336110221024057,362,369.51855066526133,336.7702045844084,350.7125817866959,344.0787447035174
100085,RSN14139,45,14139, PHSB,3.8,36.6815,-121.3092,5.568,97.88,422,35.824,-121.0539,20.25,20.31,-0.000573134,-0.003708485,0.000496725,0.000174029,0.154546587,0.165136585,87.27573066,5.179664862,6.048749462,0.06981317,463.5802015,3.293324676,7.465871458,69.53703023,NC,PHSB,-999.0,358,0.164472328,0.10773133,0.200355924,0.056740997,NC.PHSB,358,0.164472328,15.38220024,456.9030151,7.475399971,0.16447232763531172,358,359.56502213026897,332.96334160837307,346.34648569137437,340.27676962392053
100085,RSN14974,45,14974, PHSB,3.7,35.6371,-120.7559,6.53,34.01,422,35.824,-121.0539,20.48,20.54,0.003099906,0.014588228,0.00142569,0.000289612,0.21249365,0.161897703,80.1954097,5.179664862,6.086524027,0.104719755,645.4622031,10.70365178,10.23239835,96.81933047,NC,PHSB,-999.0,432,-0.023420274,0.10773133,0.200355924,-0.131151605,NC.PHSB,432,-0.023420274,15.38220024,456.9030151,7.475399971,-0.023420274208098668,432,428.43211949410534,382.359374773733,377.94802737583615,363.60194752866107
100085,RSN18518,45,18518, PHSB,3.48,35.8309,-120.3782,6.939,61.06,422,35.824,-121.0539,20.63,20.69,0.000452394,0.005290147,0.000295072,6.07e-05,0.085516394,0.163137439,84.25191083,5.179664862,6.098979266,0.034906585,261.3058298,7.452948929,17.92832597,39.19587447,NC,PHSB,-999.0,245,0.543747103,0.10773133,0.200355924,0.436015773,NC.PHSB,245,0.543747103,15.38220024,456.9030151,7.475399971,0.5437471034912846,245,340.5020603237369,335.68588509041325,322.627358000114,308.8276850321021
100085,RSN8736,45,8736, PHSB,5.45,37.4317,-121.7767,7.486,189.76,422,35.824,-121.0539,15.6,15.92,-0.002652344,-0.010814911,0.000812348,0.000357271,0.245248773,0.163482006,88.0240793,5.179664862,6.113244097,0.122173048,733.9516547,7.423899505,13.31315028,110.0927482,NC,PHSB,-999.0,470,-0.107727381,0.10773133,0.200355924,-0.215458711,NC.PHSB,470,-0.107727381,15.38220024,456.9030151,7.475399971,-0.10772738066809229,470,483.73006632708103,389.10026407821556,397.85461247232354,370.35572749642574
100085,RSN18487,45,18487, PHSB,4.01,35.8628,-120.4101,9.132,58.32,422,35.824,-121.0539,20.15,20.28,0.002910752,0.012537299,0.000716518,0.00021136,0.232167378,0.160372522,81.88059314,5.179664862,6.172976895,0.122173048,710.3450366,13.77153671,17.4975353,106.5517555,NC,PHSB,-999.0,459,-0.084044896,0.10773133,0.200355924,-0.191776226,NC.PHSB,459,-0.084044896,15.38220024,456.9030151,7.475399971,-0.08404489602453324,459,450.4669944668193,378.97208861828597,381.0282133156507,365.23343130065894
100094,RSN17557,51,17557, BTP,3.4,34.0733,-118.867,10.648,72.72,461,34.6822,-118.574,19.32,19.45,-0.000464706,-0.00217863,1.71e-05,7.92e-05,0.213301986,0.159290803,82.26162817,5.179664862,6.220655727,0.104719755,658.4139238,5.8675,127.4052632,98.76208857,CI,BTP,3.03883,436,0.0557558,-0.042736162,0.049888431,0.098491962,CI.BTP,436,0.0557558,33.28779984,1630.880005,24.01939964,0.055755799647614346,436,390.39950571260937,387.12951408273125,399.97003834312625,387.39885686188177
100094,RSN14703,51,14703, BTP,3.84,34.2268,-117.4407,8.593,115.74,461,34.6822,-118.574,23.97,24.16,0.000198047,0.000535918,1.33e-05,1.2e-05,0.369546224,0.162197946,86.18942777,5.179664862,6.151676073,0.174532925,1085.093247,16.50391667,40.29458647,162.7639871,CI,BTP,3.03883,629,-0.310733214,-0.042736162,0.049888431,-0.267997052,CI.BTP,361,0.244520085,33.28779984,1630.880005,24.01939964,0.24452008466376807,361,422.87154952553885,329.61772154228345,386.8465037488971,313.3648756376584
100094,RSN17800,51,17800, BTP,3.28,35.1325,-118.9412,4.611,60.18,461,34.6822,-118.574,15.85,15.93,6.61e-05,0.000800224,1.39e-05,8.02e-06,0.082562811,0.166564073,86.43744203,5.179664862,5.99209381,0.034906585,247.1515278,8.241895262,57.57007194,37.07272917,CI,BTP,3.03883,236,0.669566238,-0.042736162,0.049888431,0.7123024,CI.BTP,236,0.669566238,33.28779984,1630.880005,24.01939964,0.6695662379710381,236,309.2822915402853,334.9531423067122,334.34956964447775,302.0494124900601
100094,RSN9673,51,9673, BTP,4.69,35.0172,-119.0247,9.251,55.5,461,34.6822,-118.574,6.5,6.73,-0.006788334,-0.013387381,0.000254671,0.000202608,0.50706963,0.160025176,81.31260859,5.179664862,6.177322679,0.226892803,1450.745311,33.50476783,52.56735553,217.6117967,CI,BTP,3.03883,753,-0.490667185,-0.042736162,0.049888431,-0.447931023,CI.BTP,432,0.064972455,33.28779984,1630.880005,24.01939964,0.06497245475253788,432,409.47362397195195,377.1923746878418,402.7464830185699,349.02361423394336
100094,RSN16317,51,16317, BTP,3.74,34.8456,-119.2446,12.927,64.01,461,34.6822,-118.574,16.53,16.6,0.001653506,0.009127857,0.000726864,6.75e-05,0.181149405,0.156610628,79.11097687,5.179664862,6.270295551,0.087266463,571.2589338,24.49638519,12.55786089,85.68884007,CI,BTP,3.03883,404,0.131983165,-0.042736162,0.049888431,0.174719327,CI.BTP,404,0.131983165,33.28779984,1630.880005,24.01939964,0.13198316503549812,404,382.6624301572021,370.3800418323409,370.8873859834835,365.6668478445468
100094,RSN12071,51,12071, BTP,4.42,34.8927,-119.0292,16.97,47.76,461,34.6822,-118.574,29.47,29.57,-0.007052385,-0.020915266,0.000443628,3.21e-05,0.337188407,0.14825874,70.85433269,5.179664862,6.371886121,0.157079633,1091.082535,219.7004673,47.14595562,163.6623803,CI,BTP,3.03883,630,-0.312321776,-0.042736162,0.049888431,-0.269585614,CI.BTP,361,0.244520085,33.28779984,1630.880005,24.01939964,0.24452008466376807,361,405.3445037374574,348.9724974210909,393.2644353094233,323.6054051955259
100112,RSN15361,60,15361, JVA,3.87,33.928,-116.7858,18.501,51.16,388,34.3662,-116.6127,23.61,23.74,-0.007141126,-0.021101376,2.81e-05,3.01e-05,0.338419935,0.14736939,70.70893293,5.179664862,6.40467109,0.157079633,1101.275437,237.246711,750.9386477,165.1913156,CI,JVA,1.53,633,-0.489465083,-0.254189139,-0.161564546,-0.235275943,CI.JVA,266,0.377509031,2.530819893,902.1489868,2.540930033,0.3775090308415745,266,297.4291306807257,264.802854829072,259.075420549856,233.16493539610127
100112,RSN14731,60,14731, JVA,3.84,34.2268,-117.4407,8.593,77.78,388,34.3662,-116.6127,21.04,21.14,0.001574468,0.006907143,0.000167162,0.000320287,0.227947775,0.161752057,84.2946319,5.179664862,6.151676073,0.104719755,690.8097542,4.915803639,41.3200548,103.6214631,CI,JVA,1.53,450,-0.148242243,-0.254189139,-0.161564546,0.105946896,CI.JVA,450,-0.148242243,2.530819893,902.1489868,2.540930033,-0.1482422431410919,450,427.7390503164082,421.09806068622294,431.7794445735259,396.91776934259224
100112,RSN13190,60,13190, JVA,4.11,33.7104,-116.0457,12.559,89.63,388,34.3662,-116.6127,17.51,17.57,-0.000131102,-0.000545663,5.4e-05,1.18e-05,0.240261422,0.158293924,82.51690921,5.179664862,6.263559029,0.122173048,743.430755,11.11033898,10.10487037,111.5146133,CI,JVA,1.53,474,-0.200201982,-0.254189139,-0.161564546,0.053987157,CI.JVA,474,-0.200201982,2.530819893,902.1489868,2.540930033,-0.20020198207180329,474,467.7024708197655,435.33025208595177,451.55562156049893,409.5466253662044
100112,RSN13534,60,13534, JVA,4.06,32.7797,-117.3507,7.174,188.83,388,34.3662,-116.6127,9.89,10.04,-0.000270949,-0.000570652,5.28e-05,5.9e-05,0.474806421,0.163699991,88.10900699,5.179664862,6.105409111,0.226892803,1344.237645,4.592355932,10.80780303,201.6356468,CI,JVA,1.53,716,-0.612674827,-0.254189139,-0.161564546,-0.358485688,CI.JVA,301,0.253895075,2.530819893,902.1489868,2.540930033,0.2538950748743982,301,365.10759220203676,297.28963930112207,330.5053365718462,269.9404458396827
100112,RSN17502,60,17502, JVA,3.62,33.9521,-116.3635,9.067,51.36,388,34.3662,-116.6127,18.25,18.31,0.001260556,0.004729685,0.000196948,0.00014649,0.266520157,0.15999111,80.83487884,5.179664862,6.170551665,0.122173048,810.9256432,8.605065192,24.01489226,121.6388465,CI,JVA,1.53,503,-0.25958483,-0.254189139,-0.161564546,-0.005395691,CI.JVA,503,-0.25958483,2.530819893,902.1489868,2.540930033,-0.25958483047646563,503,475.6046158675713,465.437818923776,479.85524956563916,436.38214476770236
100112,RSN15628,60,15628, JVA,3.87,33.7513,-116.0218,8.756,87.34,388,34.3662,-116.6127,22.03,22.13,0.00198151,0.007009305,0.000112102,3.36e-05,0.282697036,0.161723111,84.84666159,5.179664862,6.158414042,0.13962634,849.3033392,58.9735119,62.52613691,127.3955009,CI,JVA,1.53,520,-0.292823472,-0.254189139,-0.161564546,-0.038634333,CI.JVA,520,-0.292823472,2.530819893,902.1489868,2.540930033,-0.2928234719521994,520,530.629701261295,481.4913243554227,503.07617968422323,448.05723971141043
100112,RSN16267,60,16267, JVA,3.64,33.223,-116.7186,8.687,127.18,388,34.3662,-116.6127,28.45,28.5,-0.000319421,-0.000808135,0.000388378,0.000146215,0.395256214,0.162147524,86.48097032,5.179664862,6.155594857,0.191986218,1154.592673,2.184598023,2.080794999,173.188901,CI,JVA,1.53,646,-0.509794164,-0.254189139,-0.161564546,-0.255605025,CI.JVA,271,0.358886519,2.530819893,902.1489868,2.540930033,0.3588865187435726,271,312.9991496916949,268.9916433106039,280.73837634112084,244.72773202701447
100112,RSN14450,60,14450, JVA,4.05,32.7091,-116.0396,7.817,191.35,388,34.3662,-116.6127,43.29,43.36,-4.6e-05,-0.000217008,1.32e-05,6.59e-06,0.212085028,0.163272516,87.94516917,5.179664862,6.120791156,0.104719755,638.8488857,6.980273141,16.44,95.82733286,CI,JVA,1.53,429,-0.100451579,-0.254189139,-0.161564546,0.15373756,CI.JVA,429,-0.100451579,2.530819893,902.1489868,2.540930033,-0.10045157930474335,429,484.85101836416186,429.43704624615947,462.692327367298,399.5310735834115
100112,RSN11395,60,11395, JVA,4.73,33.7328,-117.4921,10.018,107.37,388,34.3662,-116.6127,23.43,23.5,-0.000779457,-0.003261008,0.000787306,0.000117558,0.239023511,0.160639753,85.13724392,5.179664862,6.202702587,0.122173048,729.0019207,6.630403716,4.141982914,109.3502881,CI,JVA,1.53,468,-0.187462956,-0.254189139,-0.161564546,0.066726183,CI.JVA,468,-0.187462956,2.530819893,902.1489868,2.540930033,-0.18746295629437348,468,459.1110795380052,433.3330416360391,449.28643944416154,405.6832762195471
100112,RSN19376,60,19376, JVA,3.43,34.1381,-117.4717,5.767,83.07,388,34.3662,-116.6127,30.7,30.74,0.001833362,0.00958036,0.00405185,0.000564275,0.191366754,0.164792074,86.63192218,5.179664862,6.057771424,0.087266463,572.4742774,3.24905764,2.364440934,85.87114161,CI,JVA,1.53,405,-0.042881727,-0.254189139,-0.161564546,0.211307412,CI.JVA,405,-0.042881727,2.530819893,902.1489868,2.540930033,-0.04288172748326513,405,418.13813843678025,397.80635323762647,413.2300984288483,378.88281929303804
100112,RSN9363,60,9363, JVA,4.88,34.0655,-117.0011,17.501,48.92,388,34.3662,-116.6127,15.39,15.45,0.00183255,0.012505998,0.003610091,0.000639645,0.146533697,0.148135075,71.02852468,5.179664862,6.383907006,0.06981317,490.5660212,2.864948526,3.46417805,73.58490318,CI,JVA,1.53,370,0.047502334,-0.254189139,-0.161564546,0.301691473,CI.JVA,370,0.047502334,2.530819893,902.1489868,2.540930033,0.04750233398500381,370,392.17641427488974,397.88656883677896,390.5622880963984,388.0222957169176
100135,RSN17773,68,17773, WES,3.63,32.7081,-116.029,7.885,28.44,242,32.759,-115.7316,19.91,19.98,0.001755256,0.017728874,0.000920941,0.000215022,0.099005475,0.158273702,75.69444815,5.179664862,6.12225391,0.052359878,311.6716289,8.163146097,19.25082497,46.75074434,CI,WES,0.173333333,276,-0.13146314,0.013577651,0.106202244,-0.14504079,CI.WES,276,-0.13146314,5.061649799,-12.64369965,0.089606099,-0.13146313956046285,276,343.6875466408635,311.38721595975915,288.6116212084571,278.9198475718655
100135,RSN15725,68,15725, WES,3.81,32.4923,-116.8468,13.18,108.76,242,32.759,-115.7316,21.86,21.97,0.000127344,0.001186944,3.66e-05,5.48e-05,0.107287595,0.158347599,83.505873,5.179664862,6.274698597,0.052359878,337.3018191,2.32379562,32.43016393,50.59527287,CI,WES,0.173333333,290,-0.180943197,0.013577651,0.106202244,-0.194520848,CI.WES,290,-0.180943197,5.061649799,-12.64369965,0.089606099,-0.18094319682383286,290,325.8253948692746,324.5903796239355,277.09793405468656,292.72852157709383
100135,RSN14276,68,14276, WES,3.94,32.7219,-116.8133,20.237,101.47,242,32.759,-115.7316,15.6,15.67,0.000153987,0.003132957,0.000386467,7.05e-05,0.049150565,0.152473401,79.11103033,5.179664862,6.440435438,0.017453293,161.007753,2.184212766,8.106661112,24.15116295,CI,WES,0.173333333,170,0.353139289,0.013577651,0.106202244,0.339561638,CI.WES,170,0.353139289,5.061649799,-12.64369965,0.089606099,0.35313928910642467,170,299.7368238811702,239.3848800485161,229.679536065498,211.4870285272387
100167,RSN17750,73,17750, ERR,3.63,32.7081,-116.029,7.885,49.26,238,33.1168,-115.8227,22.98,23.04,-0.000293418,-0.003032312,0.000348536,0.000128505,0.096763777,0.16168374,81.83731332,5.179664862,6.12225391,0.052359878,298.2548328,2.283319715,8.700140014,44.73822492,CI,ERR,0.146666667,268,-0.118716307,-0.107137855,-0.014513262,-0.011578451,CI.ERR,268,-0.118716307,7.979599953,-59.80690002,0.576366007,-0.1187163068393815,268,339.30756793845023,328.47483203927516,280.94946528923714,292.63731493779756
100167,RSN14446,73,14446, ERR,4.05,32.7091,-116.0396,7.817,49.56,238,33.1168,-115.8227,23.42,23.5,-0.000869507,-0.008302256,0.000225396,0.000250418,0.104731352,0.161754429,81.9168618,5.179664862,6.120791156,0.052359878,322.4164821,3.472222444,36.83408756,48.36247232,CI,ERR,0.146666667,282,-0.169636397,-0.107137855,-0.014513262,-0.062498542,CI.ERR,282,-0.169636397,7.979599953,-59.80690002,0.576366007,-0.16963639726663882,282,338.2462082296851,336.07026349037574,285.4376314493668,302.69300902557376
100167,RSN16758,73,16758, ERR,3.72,33.1099,-116.0467,7.494,20.92,238,33.1168,-115.8227,12.71,12.82,0.009728025,0.119637427,0.000308404,0.000330158,0.081312555,0.154782935,71.13011189,5.179664862,6.113435346,0.034906585,261.9622979,29.46475627,387.9243687,39.29434469,CI,ERR,0.146666667,246,-0.033060862,-0.107137855,-0.014513262,0.074076993,CI.ERR,246,-0.033060862,7.979599953,-59.80690002,0.576366007,-0.03306086226088745,246,353.46166541420257,304.0880429894655,292.3554592110808,279.1764149415622
100168,RSN13243,74,13243, IRM,4.19,34.3571,-116.8418,9.486,157.84,981,34.1574,-115.1451,16.23,16.36,0.001822462,0.001744538,0.000198453,0.000156759,1.044667831,0.161428097,86.88632529,5.179664862,6.185563454,0.401425728,2431.772393,11.62588432,8.790685956,364.765859,CI,IRM,-999.0,988,-0.007110238,-0.013128456,0.079496138,0.006018218,CI.IRM,988,-0.007110238,21.1208992,538.5460205,11.79109955,-0.00711023818250478,988,1001.07673395883,1105.3806331284736,954.918693194099,1211.454406265305
100168,RSN16950,74,16950, IRM,3.63,34.1242,-116.405,9.555,116.26,981,34.1574,-115.1451,10.94,11.03,0.000198245,0.000183647,3.76e-05,3e-05,1.079492165,0.161160365,85.74552885,5.179664862,6.187901101,0.41887902,2487.61522,6.608166667,4.884228723,373.142283,CI,IRM,-999.0,1006,-0.025164891,-0.013128456,0.079496138,-0.012036435,CI.IRM,1006,-0.025164891,21.1208992,538.5460205,11.79109955,-0.025164891094321185,1006,888.480883213103,1115.5827572914457,902.9514420856891,1212.198124691891
100168,RSN17085,74,17085, IRM,3.52,34.2098,-116.4371,4.645,119.25,981,34.1574,-115.1451,32.5,32.63,0.000259708,0.000235598,1.63e-05,2.63e-05,1.102331785,0.166736081,88.21559324,5.179664862,5.994593769,0.41887902,2430.216674,9.874828897,14.45386503,364.5325011,CI,IRM,-999.0,988,-0.007110238,-0.013128456,0.079496138,0.006018218,CI.IRM,988,-0.007110238,21.1208992,538.5460205,11.79109955,-0.00711023818250478,988,981.2926691824741,1093.3406172090124,893.6044447011066,1195.0228129782947
100184,RSN13341,80,13341, RRX,4.2,34.3768,-117.6461,8.934,81.26,372,34.8753,-116.9968,19.02,19.15,-0.001076819,-0.006240503,0.000243165,4.79e-05,0.172553317,0.161401788,84.33621168,5.179664862,6.165471616,0.087266463,528.7710562,22.48056367,25.66365637,79.31565843,CI,RRX,0.89,386,-0.036943515,-0.084162364,0.008462229,0.047218849,CI.RRX,386,-0.036943515,4.117599964,682.3309937,3.888880014,-0.03694351519168482,386,379.20946828958915,399.28770820313497,386.76468168970507,399.20542798226916
100184,RSN12635,80,12635, RRX,4.11,33.5089,-116.8485,12.274,152.18,372,34.8753,-116.9968,15.5,15.57,-0.001252368,-0.005411491,0.000877775,0.000205118,0.231427429,0.159350644,85.73009047,5.179664862,6.258050482,0.122173048,712.7366017,6.105597753,6.165009256,106.9104903,CI,RRX,0.89,460,-0.212332635,-0.084162364,0.008462229,-0.128170271,CI.RRX,460,-0.212332635,4.117599964,682.3309937,3.888880014,-0.2123326352099948,460,464.93400605912507,450.05853975190524,438.7040247798719,432.2597683905781
100184,RSN17521,80,17521, RRX,3.62,33.9521,-116.3635,9.067,117.8,372,34.8753,-116.9968,21.73,21.81,0.000112177,0.000470396,8.12e-05,4.76e-05,0.23847438,0.161669599,86.02187848,5.179664862,6.170551665,0.122173048,722.7825588,2.356659664,5.793054187,108.4173838,CI,RRX,0.89,465,-0.223143551,-0.084162364,0.008462229,-0.138981187,CI.RRX,465,-0.223143551,4.117599964,682.3309937,3.888880014,-0.2231435513142097,465,495.2355058069546,438.26098245932826,441.322418122453,427.1520539748663
100184,RSN12901,80,12901, RRX,4.11,36.0312,-117.7658,4.03,146.01,372,34.8753,-116.9968,23.0,23.16,0.000706034,0.002252281,0.000186584,0.000197976,0.313475179,0.168280018,88.79457919,5.179664862,5.941161117,0.157079633,899.7793206,3.566260557,12.07113686,134.9668981,CI,RRX,0.89,547,-0.385554948,-0.084162364,0.008462229,-0.301392584,CI.RRX,547,-0.385554948,4.117599964,682.3309937,3.888880014,-0.38555494814883495,547,616.5294550150068,540.1096845270024,532.0236712077119,512.1912688464383
100184,RSN10509,80,10509, RRX,4.45,34.1081,-117.3062,14.795,89.72,372,34.8753,-116.9968,16.26,16.4,-0.004533557,-0.024636091,0.000131974,5.25e-05,0.184020942,0.156476325,81.09074236,5.179664862,6.313637877,0.087266463,580.5203398,86.35346667,186.6738221,87.07805097,CI,RRX,0.89,408,-0.09237332,-0.084162364,0.008462229,-0.008210956,CI.RRX,408,-0.09237332,4.117599964,682.3309937,3.888880014,-0.09237332013101529,408,390.48159293793634,401.80408031986946,383.9574543910228,395.0787017179457
100184,RSN17435,80,17435, RRX,3.73,35.2675,-117.3498,7.92,54.13,372,34.8753,-116.9968,25.34,25.41,-0.000134658,-0.000527076,5.83e-05,3.47e-05,0.255481443,0.16189153,82.41979173,5.179664862,6.122995859,0.122173048,770.2539631,3.880634006,9.040754717,115.5380945,CI,RRX,0.89,486,-0.26731477,-0.084162364,0.008462229,-0.183152406,CI.RRX,486,-0.26731477,4.117599964,682.3309937,3.888880014,-0.26731476962734746,486,469.831517812962,456.0897964142484,442.0582603161297,445.74088203110307
100184,RSN15187,80,15187, RRX,3.9,33.867,-117.1038,11.856,112.28,372,34.8753,-116.9968,22.3,22.38,-0.000273046,-0.001341329,8.07e-05,6.39e-05,0.203563971,0.1592538,84.41413429,5.179664862,6.24946745,0.104719755,629.7126243,4.273020344,16.6211772,94.45689365,CI,RRX,0.89,426,-0.135545492,-0.084162364,0.008462229,-0.051383128,CI.RRX,426,-0.135545492,4.117599964,682.3309937,3.888880014,-0.13554549199622468,426,417.146462735448,419.1505569663019,405.47583861278423,408.97411592577265
100184,RSN13280,80,13280, RRX,4.19,34.3571,-116.8418,9.486,59.22,372,34.8753,-116.9968,20.03,20.16,-0.00251467,-0.01231966,7.72e-05,3.42e-05,0.204118436,0.159963677,81.67609526,5.179664862,6.185563454,0.104719755,628.5581185,73.52836257,159.5810881,94.28371778,CI,RRX,0.89,426,-0.135545492,-0.084162364,0.008462229,-0.051383128,CI.RRX,426,-0.135545492,4.117599964,682.3309937,3.888880014,-0.13554549199622468,426,401.57238535196143,420.7358512713801,401.9015209884122,409.6260182468712
100184,RSN10121,80,10121, RRX,4.18,34.3617,-118.6637,11.151,163.14,372,34.8753,-116.9968,7.85,7.97,0.000138173,0.001022358,0.000158777,6.15e-05,0.135150799,0.16010681,86.39229436,5.179664862,6.233452986,0.06981317,419.2818409,2.246715447,6.438955264,62.89227614,CI,RRX,0.89,336,0.101782694,-0.084162364,0.008462229,0.185945058,CI.RRX,336,0.101782694,4.117599964,682.3309937,3.888880014,0.10178269430994202,336,362.65132928727945,404.75215411803975,379.7500063256856,393.48093722595996
100184,RSN13882,80,13882, RRX,4.17,34.3277,-116.829,4.957,62.67,372,34.8753,-116.9968,19.34,19.41,-0.001302655,-0.005860034,5.85e-05,3.42e-05,0.222294761,0.165885505,86.28848868,5.179664862,6.015610792,0.104719755,657.6773919,38.08932749,100.1715214,98.65160879,CI,RRX,0.89,436,-0.158748389,-0.084162364,0.008462229,-0.074586025,CI.RRX,436,-0.158748389,4.117599964,682.3309937,3.888880014,-0.15874838907588806,436,417.5863675017913,417.4651105131879,400.23891997770784,404.0287762114931
100184,RSN9260,80,9260, RRX,5.03,35.3852,-118.6292,7.3,159.18,372,34.8753,-116.9968,12.2,12.41,0.000661508,0.003816797,0.000143287,6.28e-05,0.173315062,0.163570272,87.70210283,5.179664862,6.108664217,0.087266463,523.9978057,10.53356688,26.63742698,78.59967086,CI,RRX,0.89,384,-0.031748698,-0.084162364,0.008462229,0.052413666,CI.RRX,384,-0.031748698,4.117599964,682.3309937,3.888880014,-0.031748698314580714,384,397.3576954363557,407.72671674111035,397.1736409152653,404.62874067247
100184,RSN14757,80,14757, RRX,3.84,34.2268,-117.4407,8.593,82.67,372,34.8753,-116.9968,21.2,21.28,-0.001461291,-0.009324578,0.000884312,0.000122378,0.156713933,0.161847775,84.64470085,5.179664862,6.151676073,0.06981317,479.4768007,11.94079818,10.54444359,71.92152011,CI,RRX,0.89,365,0.018996501,-0.084162364,0.008462229,0.103158865,CI.RRX,365,0.018996501,4.117599964,682.3309937,3.888880014,0.018996500690654727,365,374.81768696684827,395.99135244433086,366.4032651073481,389.90148671820174
100184,RSN15298,80,15298, RRX,3.86,34.1976,-117.3882,14.177,83.32,372,34.8753,-116.9968,23.19,23.28,-0.001119126,-0.006946115,0.000151882,2.82e-05,0.161115366,0.156873337,80.87089388,5.179664862,6.293825021,0.087266463,508.9112029,39.68531915,45.73362874,76.33668044,CI,RRX,0.89,378,-0.016000341,-0.084162364,0.008462229,0.068162023,CI.RRX,378,-0.016000341,4.117599964,682.3309937,3.888880014,-0.016000341346441793,378,380.3882780584518,390.4526087488946,370.1370407306555,389.93721317794785
100184,RSN16962,80,16962, RRX,3.63,34.1242,-116.405,9.555,99.48,372,34.8753,-116.9968,12.6,12.67,-0.000172695,-0.000884028,9.08e-05,4.95e-05,0.195349558,0.160993418,85.01095978,5.179664862,6.187901101,0.104719755,598.7069754,3.488787879,9.735991189,89.80604631,CI,RRX,0.89,415,-0.109384666,-0.084162364,0.008462229,-0.025222302,CI.RRX,415,-0.109384666,4.117599964,682.3309937,3.888880014,-0.1093846659575517,415,426.27569473366674,416.9505162882282,414.6976261454328,400.9163059534489
100184,RSN18228,80,18228, RRX,4.36,36.3932,-117.8644,8.798,185.84,372,34.8753,-116.9968,11.55,11.64,-0.000123719,-0.000608109,0.000150977,2.35e-05,0.203448638,0.162189257,87.57323216,5.179664862,6.160106881,0.104719755,617.9789678,5.264638298,4.02782543,92.69684517,CI,RRX,0.89,422,-0.12611146,-0.084162364,0.008462229,-0.041949096,CI.RRX,422,-0.12611146,4.117599964,682.3309937,3.888880014,-0.12611145976286586,422,439.133798787285,432.3449808270308,420.17964257924416,417.70902716053246
100184,RSN13969,80,13969, RRX,3.79,34.2691,-117.4608,11.018,79.59,372,34.8753,-116.9968,15.5,15.65,-0.000721552,-0.004723771,3.74e-05,4.07e-05,0.152749159,0.159201067,82.68123255,5.179664862,6.230189198,0.06981317,475.3987271,17.72855037,126.3040374,71.30980907,CI,RRX,0.89,363,0.02449102,-0.084162364,0.008462229,0.108653384,CI.RRX,363,0.02449102,4.117599964,682.3309937,3.888880014,0.024491020008295727,363,373.9711955314786,405.9935343221241,383.7902990433168,401.8143991406024
100184,RSN15982,80,15982, RRX,3.64,33.8726,-117.7125,2.161,129.25,372,34.8753,-116.9968,32.95,33.03,-7.81e-05,-0.000616937,0.000151366,1.91e-05,0.126538774,0.16839915,89.47623191,5.179664862,5.93802414,0.06981317,373.6460469,4.089005236,4.075796414,56.04690704,CI,RRX,0.89,312,0.175890666,-0.084162364,0.008462229,0.260053031,CI.RRX,312,0.175890666,4.117599964,682.3309937,3.888880014,0.1758906664636637,312,379.3396207809749,384.13659392875695,356.70185884659486,365.0333988576214
100184,RSN16638,80,16638, RRX,3.69,33.735,-117.4936,9.693,134.5,372,34.8753,-116.9968,15.68,15.77,-0.000343262,-0.001892836,0.000261498,6.61e-05,0.181347944,0.161142609,86.26041533,5.179664862,6.192470162,0.087266463,555.7821098,5.193071104,7.238433946,83.36731647,CI,RRX,0.89,398,-0.067558151,-0.084162364,0.008462229,0.016604213,CI.RRX,398,-0.067558151,4.117599964,682.3309937,3.888880014,-0.06755815101129148,398,435.88276267775996,415.23857890261036,407.30617884019114,398.3236621752135
100184,RSN15437,80,15437, RRX,3.99,34.0514,-117.2429,14.998,94.15,372,34.8753,-116.9968,21.0,21.12,-0.00098263,-0.005299101,0.000152815,3.3e-05,0.185433302,0.156470615,81.4403153,5.179664862,6.319789549,0.087266463,584.850909,29.77666667,34.67657625,87.72763635,CI,RRX,0.89,410,-0.097263305,-0.084162364,0.008462229,-0.013100941,CI.RRX,410,-0.097263305,4.117599964,682.3309937,3.888880014,-0.09726330542520767,410,406.00944450414136,410.57802222408037,393.5760027043124,398.4544788823015
100184,RSN17287,80,17287, RRX,3.53,34.2894,-116.8271,6.278,66.83,372,34.8753,-116.9968,25.8,25.85,-0.000416982,-0.001784949,0.000221247,5.69e-05,0.233610273,0.163990266,85.35776759,5.179664862,6.07791863,0.122173048,698.7712879,7.328330404,8.067675494,104.8156932,CI,RRX,0.89,454,-0.199203344,-0.084162364,0.008462229,-0.11504098,CI.RRX,454,-0.199203344,4.117599964,682.3309937,3.888880014,-0.19920334376820215,454,454.68223642722256,429.8654714968363,421.64115123158206,417.00724472072477
100184,RSN14417,80,14417, RRX,4.14,34.8632,-116.3444,6.474,59.67,372,34.8753,-116.9968,22.43,22.54,0.000516297,0.003757804,0.000583997,6.67e-05,0.137393349,0.163620127,84.60843437,5.179664862,6.084678138,0.06981317,416.9620024,7.740584708,6.434628945,62.54430036,CI,RRX,0.89,335,0.104763322,-0.084162364,0.008462229,0.188925687,CI.RRX,335,0.104763322,4.117599964,682.3309937,3.888880014,0.10476332244807995,335,371.5839626288905,398.5346176200921,376.34127463233716,387.02692675923873
100184,RSN11443,80,11443, RRX,4.73,33.7328,-117.4921,10.018,134.69,372,34.8753,-116.9968,27.9,28.03,-0.002502558,-0.013496668,0.001051652,0.000141467,0.185420399,0.160850719,86.12102487,5.179664862,6.202702587,0.087266463,568.8866291,17.69004786,12.83377771,85.33299437,CI,RRX,0.89,403,-0.080042708,-0.084162364,0.008462229,0.004119656,CI.RRX,403,-0.080042708,4.117599964,682.3309937,3.888880014,-0.08004270767353638,403,420.78496720947487,415.4038454282525,402.1700219689484,401.5513456099529
100184,RSN15008,80,15008, RRX,3.74,34.1651,-117.4332,7.875,88.39,372,34.8753,-116.9968,24.87,24.93,-0.000208485,-0.001489709,0.000262013,3.17e-05,0.139950432,0.162836593,85.48170569,5.179664862,6.12204057,0.06981317,426.6181458,6.57681388,5.685630102,63.99272187,CI,RRX,0.89,340,0.089948237,-0.084162364,0.008462229,0.174110601,CI.RRX,340,0.089948237,4.117599964,682.3309937,3.888880014,0.08994823666293872,340,393.68549472060624,409.8634943116643,387.57413845295093,392.80344805415274
100184,RSN9397,80,9397, RRX,4.88,34.0655,-117.0011,17.501,89.83,372,34.8753,-116.9968,13.59,13.71,-0.016486866,-0.088270406,0.000441828,0.000478606,0.186776821,0.153960602,79.37971575,5.179664862,6.383907006,0.087266463,598.5488479,34.4476793,199.7845451,89.78232719,CI,RRX,0.89,415,-0.109384666,-0.084162364,0.008462229,-0.025222302,CI.RRX,415,-0.109384666,4.117599964,682.3309937,3.888880014,-0.1093846659575517,415,493.192011784513,427.5848027141238,414.06021314824045,405.37156159673975
100184,RSN14563,80,14563, RRX,3.78,34.0294,-116.7534,14.93,96.46,372,34.8753,-116.9968,23.68,23.84,-0.000352782,-0.001572171,7.52e-05,5.29e-05,0.22439133,0.156609598,81.65807647,5.179664862,6.317747533,0.104719755,702.8919501,6.668846881,20.90652926,105.4337925,CI,RRX,0.89,456,-0.203598955,-0.084162364,0.008462229,-0.119436591,CI.RRX,456,-0.203598955,4.117599964,682.3309937,3.888880014,-0.20359895524124028,456,451.3578939789415,430.65468320179957,415.9933362234795,419.4501688884982
100184,RSN16908,80,16908, RRX,3.6,34.2088,-117.5824,7.536,91.41,372,34.8753,-116.9968,12.8,12.87,-0.000178984,-0.001492106,9.16e-05,6.15e-05,0.119954145,0.163117916,85.84634503,5.179664862,6.114431914,0.052359878,365.5774942,2.910308943,16.28936681,54.83662413,CI,RRX,0.89,307,0.192046107,-0.084162364,0.008462229,0.276208471,CI.RRX,307,0.192046107,4.117599964,682.3309937,3.888880014,0.19204610668594935,307,359.85351625988653,373.30379979180134,360.98056867931825,360.8041896949934
100184,RSN14615,80,14615, RRX,4.11,35.6211,-117.5805,9.045,98.33,372,34.8753,-116.9968,22.98,23.07,0.000277339,0.001599901,0.000101488,7.4e-05,0.173347673,0.161527248,85.25884555,5.179664862,6.169722379,0.087266463,530.7223701,3.747824324,15.7644352,79.60835552,CI,RRX,0.89,387,-0.039530839,-0.084162364,0.008462229,0.044631525,CI.RRX,387,-0.039530839,4.117599964,682.3309937,3.888880014,-0.03953083875663577,387,397.55453183336357,400.81177772999706,394.1621820049557,400.6749263055641
100184,RSN15375,80,15375, RRX,3.87,33.928,-116.7858,18.501,106.86,372,34.8753,-116.9968,22.9,23.02,-0.000467953,-0.002046859,0.000366585,5.93e-05,0.228620052,0.154011406,80.53714687,5.179664862,6.40467109,0.104719755,727.5651023,7.891281619,5.583586344,109.1347653,CI,RRX,0.89,467,-0.227435403,-0.084162364,0.008462229,-0.143273039,CI.RRX,467,-0.227435403,4.117599964,682.3309937,3.888880014,-0.2274354033957513,467,567.2707728501168,458.55699034806725,449.12117273341994,434.3532530635103
100184,RSN16121,80,16121, RRX,3.58,33.827,-117.0296,15.131,116.32,372,34.8753,-116.9968,22.34,22.41,-0.000448311,-0.002279425,0.000161776,4.58e-05,0.196677284,0.156954018,82.99471118,5.179664862,6.323730411,0.104719755,618.1355927,9.788449782,14.09000717,92.72033891,CI,RRX,0.89,422,-0.12611146,-0.084162364,0.008462229,-0.041949096,CI.RRX,422,-0.12611146,4.117599964,682.3309937,3.888880014,-0.12611145976286586,422,424.45029168650154,420.7626970561071,412.19918705656335,405.31356955918193
100184,RSN16843,80,16843, RRX,3.49,34.309,-116.9297,9.684,63.12,372,34.8753,-116.9968,12.47,12.53,-0.002176491,-0.011424661,0.000379814,8.06e-05,0.190508102,0.159882104,81.89777727,5.179664862,6.192176404,0.087266463,587.499394,27.00361042,30.07962055,88.1249091,CI,RRX,0.89,411,-0.09969936,-0.084162364,0.008462229,-0.015536996,CI.RRX,411,-0.09969936,4.117599964,682.3309937,3.888880014,-0.09969936022308801,411,402.5582063693943,414.2326146934822,399.2577814435748,400.3669247838196
100184,RSN19396,80,19396, RRX,3.43,34.1381,-117.4717,5.767,92.68,372,34.8753,-116.9968,32.75,32.82,-0.000339968,-0.002304956,0.000487127,5.91e-05,0.147494351,0.164851176,87.00132356,5.179664862,6.057771424,0.06981317,443.6510345,5.752419628,4.731735256,66.54765518,CI,RRX,0.89,349,0.063821932,-0.084162364,0.008462229,0.147984296,CI.RRX,349,0.063821932,4.117599964,682.3309937,3.888880014,0.06382193207071918,349,393.4336692338722,391.7317117883076,378.04713355815466,386.85170438082054
100184,RSN17101,80,17101, RRX,3.52,34.2098,-116.4371,4.645,89.94,372,34.8753,-116.9968,28.43,28.5,0.000862103,0.004221531,0.000342712,6.03e-05,0.204215802,0.166674059,87.62813858,5.179664862,5.994593769,0.104719755,603.5283933,14.29689884,12.31801338,90.529259,CI,RRX,0.89,417,-0.114192368,-0.084162364,0.008462229,-0.030030003,CI.RRX,417,-0.114192368,4.117599964,682.3309937,3.888880014,-0.11419236752565531,417,462.83011319599444,414.04582182068265,409.2162210100721,402.492144524113
100184,RSN18133,80,18133, RRX,5.19,36.4034,-117.8499,9.418,186.32,372,34.8753,-116.9968,12.4,12.57,-0.00049407,-0.001946825,0.000192411,0.000100747,0.253782242,0.161560759,87.39468429,5.179664862,6.183223963,0.122173048,767.0043281,4.904066622,10.11805458,115.0506492,CI,RRX,0.89,485,-0.265255037,-0.084162364,0.008462229,-0.181092673,CI.RRX,485,-0.265255037,4.117599964,682.3309937,3.888880014,-0.26525503666433714,485,511.1699689681966,472.3622277404442,476.4555627188153,453.493033562746
100184,RSN9080,80,9080, RRX,5.2,33.5328,-116.5697,15.48,154.03,372,34.8753,-116.9968,13.7,13.82,-0.001612936,-0.007865066,0.001155469,0.000728051,0.205075997,0.1571728,84.5582449,5.179664862,6.333749326,0.104719755,642.6005692,2.215416228,6.806816972,96.39008538,CI,RRX,0.89,431,-0.147214236,-0.084162364,0.008462229,-0.063051872,CI.RRX,431,-0.147214236,4.117599964,682.3309937,3.888880014,-0.14721423583060123,431,424.520445031032,431.3500141471733,411.8601682928257,416.16979768710047
100184,RSN15127,80,15127, RRX,3.78,34.1353,-117.4476,5.857,91.94,372,34.8753,-116.9968,24.8,24.87,-0.000681327,-0.004444737,0.000473636,6.59e-05,0.153288458,0.16473277,86.91093431,5.179664862,6.061617088,0.06981317,461.0200621,10.33880121,9.384288779,69.15300932,CI,RRX,0.89,357,0.041158072,-0.084162364,0.008462229,0.125320437,CI.RRX,357,0.041158072,4.117599964,682.3309937,3.888880014,0.04115807249350745,357,365.18246593790343,387.6570771299546,357.8653658809512,381.3557007079398
100184,RSN18280,80,18280, RRX,4.2,36.3905,-117.8695,8.829,185.77,372,34.8753,-116.9968,14.88,14.93,-0.000384624,-0.001406052,0.000384833,0.000163789,0.273549026,0.162155499,87.56359645,5.179664862,6.161345296,0.13962634,821.5348782,2.348289568,3.653667955,123.2302317,CI,RRX,0.89,507,-0.309617149,-0.084162364,0.008462229,-0.225454785,CI.RRX,507,-0.309617149,4.117599964,682.3309937,3.888880014,-0.3096171493180373,507,568.5294007663994,498.5773115682029,495.40884093195547,474.91745068005184
100184,RSN16555,80,16555, RRX,3.61,34.2449,-117.4464,12.48,81.2,372,34.8753,-116.9968,14.55,14.63,-0.000492368,-0.003632957,0.000397171,0.000173023,0.13552825,0.158072654,81.83380456,5.179664862,6.262058538,0.06981317,425.8421358,2.845679476,9.147085261,63.87632037,CI,RRX,0.89,340,0.089948237,-0.084162364,0.008462229,0.174110601,CI.RRX,340,0.089948237,4.117599964,682.3309937,3.888880014,0.08994823666293872,340,381.8730115277434,404.632082810073,382.86806967901805,391.01603758920083
100193,RSN18312,81,18312, CWC,3.47,36.3879,-117.8711,9.151,19.62,580,36.4399,-118.0802,11.1375,11.225,0.004615961,0.01295591,0.000438149,0.000102935,0.356282296,0.147554339,65.63739747,5.179664862,6.173678858,0.174532925,1154.735904,44.84345461,29.56964412,173.2103856,CI,CWC,4.476666667,646,-0.1077714,-0.327516162,-0.234891569,0.219744762,CI.CWC,441,0.273983228,65.97869873,1687.25,27.37660027,0.27398322809361897,441,464.0830191849902,404.50210201118296,416.4317897751218,402.9651042933302
100193,RSN17907,81,17907, CWC,4.04,36.3911,-117.8665,9.439,19.92,580,36.4399,-118.0802,10.875,11.0375,0.032846565,0.045606087,4.57e-05,0.000137847,0.72022327,0.147787203,66.05122243,5.179664862,6.183950287,0.314159265,2078.558946,238.28277,997.9450109,311.7838419,CI,CWC,4.476666667,876,-0.412337987,-0.327516162,-0.234891569,-0.084821825,CI.CWC,599,-0.032233495,65.97869873,1687.25,27.37660027,-0.032233494574984256,599,536.7931605618768,487.27074343965063,427.48411925656615,465.7515791657707
100193,RSN18305,81,18305, CWC,3.05,36.3904,-117.8704,9.371,19.6,580,36.4399,-118.0802,11.4625,11.5125,0.001187815,0.004449262,0.000203266,5.27e-05,0.266969127,0.146684394,65.0589552,5.179664862,6.181585801,0.122173048,885.8827985,22.53918406,21.88886484,132.8824198,CI,CWC,4.476666667,540,0.071458964,-0.327516162,-0.234891569,0.398975126,CI.CWC,540,0.071458964,65.97869873,1687.25,27.37660027,0.07145896398214457,540,483.4555505218011,469.2549832768873,484.488144986903,487.0353750639515
100193,RSN9881,81,9881, CWC,4.59,34.9977,-119.1926,10.662,189.04,580,36.4399,-118.0802,9.8,9.8875,-0.001253383,-0.001042209,0.000294109,0.000205861,1.202622367,0.16053097,87.04224609,5.179664862,6.221029194,0.436332313,2643.931554,6.088491749,3.543614782,396.5897331,CI,CWC,4.476666667,1054,-0.597319626,-0.327516162,-0.234891569,-0.269803463,CI.CWC,720,-0.216223108,65.97869873,1687.25,27.37660027,-0.21622310846963622,720,579.0398663078602,546.1043919696594,441.18073092776183,541.0753508602716
100193,RSN14630,81,14630, CWC,3.9,35.3429,-118.5645,9.906,129.33,580,36.4399,-118.0802,35.6875,35.775,-0.000963378,-0.00080937,3.25e-05,2.67e-05,1.190280658,0.160920609,86.01988156,5.179664862,6.199256899,0.436332313,2624.714665,36.08157303,24.90369231,393.7071998,CI,CWC,4.476666667,1048,-0.591610761,-0.327516162,-0.234891569,-0.264094599,CI.CWC,716,-0.210652063,65.97869873,1687.25,27.37660027,-0.21065206342018072,716,569.4165838625217,557.2456845494756,493.1238139488635,539.0769842774664
100198,RSN17937,84,17937, MTP,4.04,36.3911,-117.8665,9.439,231.73,956,35.4843,-115.5532,10.7,10.84,0.000109823,0.000114667,2.61e-05,2.43e-05,0.957758278,0.161600192,87.89868574,5.179664862,6.183950287,0.383972435,2307.364933,4.519465021,4.393371648,346.10474,CI,MTP,7.19102,949,0.007349114,-0.010596639,0.082027955,0.017945753,CI.MTP,804,0.173158644,7.592470169,1536.140015,12.13000011,0.1731586438724344,804,861.2696223311303,921.6672526790117,809.0266193259381,1036.2011286005538
100198,RSN10480,84,10480, MTP,4.45,34.1081,-117.3062,14.795,221.46,956,35.4843,-115.5532,14.6,14.78,-0.000691719,-0.000653448,5.51e-05,8.83e-05,1.058568009,0.158076828,86.41199178,5.179664862,6.313637877,0.401425728,2500.662563,7.833737259,11.85931034,375.0993845,CI,MTP,7.19102,1010,-0.054947697,-0.010596639,0.082027955,-0.044351058,CI.MTP,856,0.110487537,7.592470169,1536.140015,12.13000011,0.11048753690965896,856,827.8721050499097,976.0983552048217,782.6293099937367,1099.1635176401012
100198,RSN9233,84,9233, MTP,5.03,35.3852,-118.6292,7.3,279.53,956,35.4843,-115.5532,14.65,14.82,0.002968567,0.002932469,0.000549212,0.000585702,1.012309732,0.163659891,88.70179267,5.179664862,6.108664217,0.401425728,2358.585295,5.068391435,5.339411739,353.7877943,CI,MTP,7.19102,965,-0.009370188,-0.010596639,0.082027955,0.00122645,CI.MTP,818,0.155895576,7.592470169,1536.140015,12.13000011,0.15589557644865426,818,764.5005504038462,929.3533720233848,776.0674872588673,1049.6372554652485
100198,RSN11313,84,11313, MTP,4.78,34.1228,-116.9226,5.969,196.25,956,35.4843,-115.5532,16.63,16.75,-0.000129377,-0.000119468,1.27e-05,9.12e-06,1.082942662,0.1647934,88.53278096,5.179664862,6.066214653,0.41887902,2436.758429,14.18607456,9.406929134,365.5137644,CI,MTP,7.19102,990,-0.03494703,-0.010596639,0.082027955,-0.024350392,CI.MTP,839,0.130547207,7.592470169,1536.140015,12.13000011,0.13054720658419505,839,825.5007856846055,953.3360200918838,789.1153638685848,1074.9337011805985
100198,RSN17432,84,17432, MTP,3.73,35.2675,-117.3498,7.92,165.02,956,35.4843,-115.5532,38.7,38.82,0.000118434,0.000129198,2.2e-05,4.78e-05,0.916681228,0.163171766,87.56902546,5.179664862,6.122995859,0.366519143,2219.514443,2.477698745,5.872636364,332.9271665,CI,MTP,7.19102,921,0.037297877,-0.010596639,0.082027955,0.047894515,CI.MTP,780,0.203463993,7.592470169,1536.140015,12.13000011,0.20346399336776333,780,837.268872680839,890.914858987409,776.9424446121222,999.40316879476
100198,RSN15039,84,15039, MTP,3.74,34.1651,-117.4332,7.875,225.83,956,35.4843,-115.5532,25.2,25.29,-1.75e-05,-1.52e-05,3.49e-06,7.78e-06,1.152002931,0.163267349,88.24203184,5.179664862,6.12204057,0.436332313,2546.708032,2.249357326,4.35530086,382.0062048,CI,MTP,7.19102,1024,-0.068713893,-0.010596639,0.082027955,-0.058117254,CI.MTP,868,0.096566198,7.592470169,1536.140015,12.13000011,0.0965661983910504,868,886.1071312563353,950.2203340032581,844.6316705557246,1112.5143632276956
100198,RSN14003,84,14003, MTP,4.15,33.638,-116.7082,12.649,230.61,956,35.4843,-115.5532,59.05,59.17,-0.000101818,-0.000121286,1.46e-05,1.06e-05,0.839482992,0.159404581,87.08793132,5.179664862,6.265244507,0.34906585,2146.218914,9.605471698,8.307260274,321.9328371,CI,MTP,7.19102,898,0.062587845,-0.010596639,0.082027955,0.073184483,CI.MTP,761,0.228124555,7.592470169,1536.140015,12.13000011,0.22812455518971486,761,794.547870705085,867.186992444473,748.1367029328076,985.6700719188028
100198,RSN15637,84,15637, MTP,3.87,33.7513,-116.0218,8.756,196.99,956,35.4843,-115.5532,25.47,25.52,-0.000127613,-0.000107003,3.75e-05,3.8e-05,1.192605249,0.162251179,87.7222977,5.179664862,6.158414042,0.436332313,2605.597289,3.358236842,2.853413333,390.8395934,CI,MTP,7.19102,1042,-0.086139309,-0.010596639,0.082027955,-0.075542671,CI.MTP,883,0.079432712,7.592470169,1536.140015,12.13000011,0.07943271244744121,883,816.7868748900206,936.6512728723213,819.6888903066691,1112.9021248611327
100198,RSN17095,84,17095, MTP,3.52,34.2098,-116.4371,4.645,162.87,956,35.4843,-115.5532,7.16,7.27,0.000114676,0.000124395,3.84e-05,3.99e-05,0.921867369,0.16677424,88.70305934,5.179664862,5.994593769,0.366519143,2178.728695,2.874085213,3.239453125,326.8093043,CI,MTP,7.19102,908,0.051513534,-0.010596639,0.082027955,0.062110173,CI.MTP,769,0.217666944,7.592470169,1536.140015,12.13000011,0.21766694354575655,769,885.9338343916146,875.4655530123872,762.4106267199902,982.475725749999
100272,RSN9202,93,9202, ISA,5.03,35.3852,-118.6292,7.3,33.86,644,35.6628,-118.474,20.19,20.24,0.014270512,0.028789946,0.000295985,0.000229496,0.495676938,0.16061873,78.86233333,5.179664862,6.108664217,0.226892803,1419.068886,62.18196396,97.26826022,212.8603329,CI,ISA,7.194365,742,-0.141650517,-0.376516469,-0.283891875,0.234865952,CI.ISA,629,0.023567469,43.77069855,828.2440186,12.48200035,0.023567469403912966,629,600.3368347574329,555.0998504585718,613.2396420509815,581.1825151177169
100272,RSN16332,93,16332, ISA,3.74,34.8456,-119.2446,12.927,114.62,644,35.6628,-118.474,21.23,21.29,-0.000510727,-0.00042268,4.95e-05,5.19e-05,1.208306624,0.158601113,83.97481501,5.179664862,6.270295551,0.436332313,2682.032981,9.840597303,8.538989899,402.3049472,CI,ISA,7.194365,1065,-0.503031352,-0.376516469,-0.283891875,-0.126514883,CI.ISA,903,-0.338023827,43.77069855,828.2440186,12.48200035,-0.3380238273126315,903,659.1607225786004,677.4072804269402,710.8930970546852,704.709648739514
100272,RSN10072,93,10072, ISA,4.18,34.3617,-118.6637,11.151,145.38,644,35.6628,-118.474,9.5,9.8,0.000862342,0.000891996,2.27e-05,2.02e-05,0.966756098,0.160027611,85.96771577,5.179664862,6.233452986,0.383972435,2342.339598,42.69019802,39.29497797,351.3509397,CI,ISA,7.194365,960,-0.399234558,-0.376516469,-0.283891875,-0.02271809,CI.ISA,814,-0.23426164,43.77069855,828.2440186,12.48200035,-0.23426163989818605,814,755.1838353627671,663.8517507098272,755.5775915861454,683.1300895653708
100272,RSN14204,93,14204, ISA,4.02,36.0735,-117.8947,7.001,69.38,644,35.6628,-118.474,15.96,16.06,0.000804709,0.00085085,1.48e-05,7.74e-06,0.945770659,0.163280407,84.95671286,5.179664862,6.100723215,0.383972435,2267.362584,103.9675711,57.48986486,340.1043876,CI,ISA,7.194365,936,-0.37391675,-0.376516469,-0.283891875,0.002599718,CI.ISA,793,-0.208124496,43.77069855,828.2440186,12.48200035,-0.20812449553049372,793,720.9489006353996,624.636800924524,692.1900237806451,638.0229573762194
100272,RSN11816,93,11816, ISA,4.26,34.2844,-118.4129,8.031,153.02,644,35.6628,-118.474,49.8,50.0,-0.000209478,-0.0001818,1.9e-05,1.13e-05,1.152244633,0.163057108,87.33406711,5.179664862,6.126183158,0.436332313,2550.251742,18.53787611,9.568421053,382.5377613,CI,ISA,7.194365,1025,-0.464749165,-0.376516469,-0.283891875,-0.088232697,CI.ISA,869,-0.299644399,43.77069855,828.2440186,12.48200035,-0.29964439916103824,869,818.0057065971147,684.4564089034146,784.6404977824101,720.4889272789449
100278,RSN9281,94,9281, SNCC,5.03,35.3852,-118.6292,7.3,250.99,541,33.2479,-119.5244,10.6,10.8375,0.000180457,0.000277856,4.43e-05,3.44e-05,0.649462897,0.163649538,88.55065696,5.179664862,6.108664217,0.296705973,1738.909227,5.245843023,6.27214447,260.8363841,CI,SNCC,6.697955,763,-0.343838752,-0.223899145,-0.131274551,-0.119939608,CI.SNCC,626,-0.145931092,3.930330038,266.0889893,2.341279984,-0.14593109225361722,626,682.5816894288954,494.54415612842104,693.1290340452313,500.4341875585974
100278,RSN13767,94,13767, SNCC,3.88,34.3922,-118.6127,7.9,152.43,541,33.2479,-119.5244,50.4625,50.5375,0.000136332,0.000422779,0.00014869,6.75e-05,0.322466001,0.163159775,87.3836685,5.179664862,6.122572788,0.157079633,952.2093665,2.019733333,2.843358666,142.831405,CI,SNCC,6.697955,575,-0.060950762,-0.223899145,-0.131274551,0.162948383,CI.SNCC,575,-0.060950762,3.930330038,266.0889893,2.341279984,-0.06095076195086957,575,598.995388930823,514.963470403828,589.0597695370911,469.8634536140204
100278,RSN16191,94,16191, SNCC,3.64,33.8455,-118.7007,12.777,101.22,541,33.2479,-119.5244,31.2,31.2625,-0.000289041,-0.000795462,0.000200803,4.38e-05,0.363362594,0.158455649,83.28321544,5.179664862,6.267598776,0.174532925,1094.256877,6.599109589,3.961404959,164.1385316,CI,SNCC,6.697955,631,-0.153886584,-0.223899145,-0.131274551,0.070012561,CI.SNCC,518,0.043444037,3.930330038,266.0889893,2.341279984,0.04344403658699836,518,563.5154264462954,464.4526925676932,508.35509718050275,423.4157481773364
100278,RSN9987,94,9987, SNCC,4.59,34.9977,-119.1926,10.662,196.49,541,33.2479,-119.5244,9.8,10.1,0.001043034,0.002132555,0.000160588,4.95e-05,0.489100614,0.160548148,87.16338743,5.179664862,6.221029194,0.226892803,1404.349193,21.07139394,13.27966598,210.652379,CI,SNCC,6.697955,736,-0.30781084,-0.223899145,-0.131274551,-0.083911695,CI.SNCC,604,-0.110154919,3.930330038,266.0889893,2.341279984,-0.11015491908833397,604,687.0991422905452,523.9574612035068,648.6821914239048,492.18210837524146
100278,RSN13458,94,13458, SNCC,3.9,34.4032,-118.651,13.612,151.52,541,33.2479,-119.5244,6.775,7.0,-0.000173811,-0.000439647,3.57e-05,3.44e-05,0.395341346,0.15862977,85.19387513,5.179664862,6.281821568,0.191986218,1180.417665,5.052645349,12.31504202,177.0626498,CI,SNCC,6.697955,654,-0.189688073,-0.223899145,-0.131274551,0.034211072,CI.SNCC,537,0.007421184,3.930330038,266.0889893,2.341279984,0.007421184337616182,537,577.7788472009058,476.1506935561796,562.1544109932067,440.93397557001055
100278,RSN10289,94,10289, SNCC,4.34,35.0174,-119.1492,9.557,199.31,541,33.2479,-119.5244,14.4,14.625,-0.000505565,-0.000866814,0.000110911,4.82e-05,0.5832452,0.161453225,87.52537833,5.179664862,6.187968323,0.261799388,1615.517557,10.48890041,7.815401538,242.3276336,CI,SNCC,6.697955,721,-0.287219858,-0.223899145,-0.131274551,-0.063320714,CI.SNCC,592,-0.090087356,3.930330038,266.0889893,2.341279984,-0.09008735603752438,592,700.4580556215919,504.91975606660793,653.9587266089745,483.8276077211903
100308,RSN16958,101,16958, NBS,3.63,34.1242,-116.405,9.555,74.14,419,34.7804,-116.558,11.64,11.7,-0.001356016,-0.004590025,0.000258543,0.000277677,0.295426698,0.160476845,83.22391652,5.179664862,6.187901101,0.13962634,891.4643936,4.883429308,17.7534298,133.719659,CI,NBS,-999.0,543,-0.2592384,-0.253287419,-0.160662826,-0.005950981,CI.NBS,543,-0.2592384,8.788499832,585.848999,3.908220053,-0.25923840001179776,543,537.0152599691738,496.3174101109305,500.53494429681933,478.734855487662
100308,RSN18223,101,18223, NBS,4.36,36.3932,-117.8644,8.798,214.57,419,34.7804,-116.558,10.28,10.34,-0.000140222,-0.000509459,0.000120113,5.5e-05,0.275237474,0.162226165,87.90331909,5.179664862,6.160106881,0.13962634,825.8952311,2.549490909,4.24149759,123.8842847,CI,NBS,-999.0,509,-0.194577097,-0.253287419,-0.160662826,0.058710323,CI.NBS,509,-0.194577097,8.788499832,585.848999,3.908220053,-0.19457709662838507,509,515.3857416524015,490.7054222160308,486.6659561254777,458.8613957591184
100308,RSN15639,101,15639, NBS,3.87,33.7513,-116.0218,8.756,124.38,419,34.7804,-116.558,25.52,25.61,0.00055358,0.001424001,0.000249047,0.00017494,0.388749519,0.162057604,86.39188226,5.179664862,6.158414042,0.191986218,1138.656358,3.164399223,5.717800255,170.7984537,CI,NBS,-999.0,642,-0.426717384,-0.253287419,-0.160662826,-0.173429964,CI.NBS,642,-0.426717384,8.788499832,585.848999,3.908220053,-0.42671738376782375,642,732.9506841290516,616.8146094923306,624.8224644773642,581.9922729836592
100308,RSN14412,101,14412, NBS,4.14,34.8632,-116.3444,6.474,21.59,419,34.7804,-116.558,17.43,17.5,-0.002789625,-0.020464754,0.001676755,0.000430823,0.13631364,0.158517056,74.6930194,5.179664862,6.084678138,0.06981317,427.0645604,6.475106946,12.20497568,64.05968406,CI,NBS,-999.0,340,0.208925302,-0.253287419,-0.160662826,0.462212722,CI.NBS,340,0.208925302,8.788499832,585.848999,3.908220053,0.20892530231192996,340,373.84664220037513,403.8469555593153,379.9039209641297,394.1239525988929
100308,RSN13266,101,13266, NBS,4.19,34.3571,-116.8418,9.486,53.7,419,34.7804,-116.558,14.12,14.18,-0.008585723,-0.027537312,0.000207936,0.000227537,0.31178508,0.159556093,80.73147218,5.179664862,6.185563454,0.157079633,944.3048839,37.73330491,132.4316713,141.6457326,CI,NBS,-999.0,571,-0.30951829,-0.253287419,-0.160662826,-0.05623087,CI.NBS,571,-0.30951829,8.788499832,585.848999,3.908220053,-0.3095182897338731,571,541.206243035709,521.2386321363124,512.531482551439,501.41473579477486
100308,RSN10483,101,10483, NBS,4.45,34.1081,-117.3062,14.795,101.44,419,34.7804,-116.558,14.35,14.49,-0.004347988,-0.009551461,0.000427798,0.000655021,0.455217039,0.156901394,82.14562034,5.179664862,6.313637877,0.20943951,1349.980397,6.637936799,22.32703519,202.4970596,CI,NBS,-999.0,718,-0.538598649,-0.253287419,-0.160662826,-0.28531123,CI.NBS,718,-0.538598649,8.788499832,585.848999,3.908220053,-0.5385986491260866,718,727.9323423289798,657.667664698161,655.7599493262375,638.6228935072709
100325,RSN11275,103,11275, SMR,4.39,35.6421,-120.9543,5.902,42.74,847,35.377,-120.6125,14.44,14.61,0.054854667,0.089993449,6.53e-05,3.19e-05,0.609540673,0.163755283,83.18202504,5.179664862,6.063488731,0.27925268,1652.558925,1719.582038,1378.15389,247.8838388,CI,SMR,-999.0,734,0.143191666,0.168038928,0.260663522,-0.024847262,CI.SMR,734,0.143191666,9.207229614,340.428009,4.764039993,0.14319166603753963,734,704.2644045730314,581.1835749992251,667.731912506455,587.1875236221748
100325,RSN8858,103,8858, SMR,5.39,33.9465,-117.7667,14.89,305.33,847,35.377,-120.6125,24.47,24.89,0.002578163,0.005730122,0.000104349,3.21e-05,0.44993154,0.158149585,87.38393007,5.179664862,6.31653763,0.20943951,1326.300629,80.31660436,54.91305139,198.9450944,CI,SMR,-999.0,710,0.176435725,0.168038928,0.260663522,0.008396796,CI.SMR,710,0.176435725,9.207229614,340.428009,4.764039993,0.17643572461669343,710,910.5558566134104,668.5391677367506,735.0921824810301,682.1516271051937
100325,RSN11225,103,11225, SMR,4.42,34.0665,-118.8938,12.827,214.29,847,35.377,-120.6125,21.66,21.93,1.58e-05,4.01e-05,5.8e-06,2.16e-06,0.392589156,0.159282315,86.82186827,5.179664862,6.268505043,0.191986218,1168.461136,7.314814815,6.913793103,175.2691704,CI,SMR,-999.0,649,0.266267978,0.168038928,0.260663522,0.09822905,CI.SMR,649,0.266267978,9.207229614,340.428009,4.764039993,0.2662679779479644,649,661.5669062550729,538.2001135543373,628.9195811632175,537.0191574935377
100325,RSN10530,103,10530, SMR,4.45,34.1081,-117.3062,14.795,333.89,847,35.377,-120.6125,17.3,17.66,0.000348186,0.000541454,1.94e-05,1.99e-05,0.64305682,0.15825074,87.62066001,5.179664862,6.313637877,0.27925268,1778.707914,17.49678392,27.91,266.8061871,CI,SMR,-999.0,777,0.086260344,0.168038928,0.260663522,-0.081778584,CI.SMR,777,0.086260344,9.207229614,340.428009,4.764039993,0.08626034428440743,777,1055.9988814866338,678.5081440784821,749.6742725305979,675.6043330706938
100343,RSN10752,108,10752, MPI,4.66,34.2983,-118.6255,8.038,74.37,474,34.8126,-119.1453,6.35,6.45,-0.000953262,-0.004200797,0.000484768,0.000165709,0.226924055,0.16247134,84.49307928,5.179664862,6.126524324,0.104719755,684.8122895,5.752626592,8.665582299,102.7218434,CI,MPI,-999.0,447,0.058648727,-0.176599475,-0.083974881,0.235248202,CI.MPI,447,0.058648727,4.674680233,2646.120117,4.196090221,0.0586487270815077,447,403.76156260822444,390.60084289682334,403.9485959853677,389.32260768484525
100343,RSN16343,108,16343, MPI,3.74,34.8456,-119.2446,12.927,9.79,474,34.8126,-119.1453,12.35,12.42,0.014118291,0.057848037,0.00428009,0.000616342,0.244058254,0.096062863,37.03785476,5.179664862,6.270295551,0.122173048,1243.329714,22.90658595,13.51561229,186.4994571,CI,MPI,-999.0,679,-0.359413806,-0.176599475,-0.083974881,-0.182814331,CI.MPI,679,-0.359413806,4.674680233,2646.120117,4.196090221,-0.3594138058636194,679,606.1807747020445,588.8074792700224,613.8120614299525,594.2889571237573
100343,RSN11945,108,11945, MPI,4.27,34.3874,-119.4398,6.219,54.36,474,34.8126,-119.1453,14.61,14.72,-0.00298764,-0.008841513,2.75e-06,4.44e-06,0.337910468,0.163795496,84.37611818,5.179664862,6.075787581,0.157079633,989.4922384,672.8918919,3215.095636,148.4238358,CI,MPI,-999.0,596,-0.229033345,-0.176599475,-0.083974881,-0.052433871,CI.MPI,596,-0.229033345,4.674680233,2646.120117,4.196090221,-0.2290333453702731,596,605.35119685617,539.1846980050054,555.432584441082,519.863961770184
100376,RSN15882,113,15882, PSM,3.6,35.492,-120.7845,4.912,66.22,560,36.0688,-120.5962,13.32,13.4,-0.000232211,-0.001868592,0.000123985,6.71e-05,0.124270648,0.166002656,86.50214745,5.179664862,6.012777814,0.06981317,372.3500836,3.460670641,15.07111344,55.85251254,NC,PSM,-999.0,311,0.588143872,0.060134419,0.152759012,0.528009453,NC.PSM,311,0.588143872,8.348790169,964.5969849,26.01779938,0.5881438715499607,311,372.0367344661228,320.2096483237076,393.49446625268405,333.0694105573172
100376,RSN18526,113,18526, PSM,3.3,35.9396,-120.4864,10.321,17.42,560,36.0688,-120.5962,21.17,21.24,0.000836065,0.001710332,0.000102373,0.000159904,0.488831965,0.139105041,59.77652639,5.179664862,6.21162714,0.226892803,1620.104225,5.228543376,16.70686607,243.0156338,NC,PSM,-999.0,723,-0.255472438,0.060134419,0.152759012,-0.315606857,NC.PSM,723,-0.255472438,8.348790169,964.5969849,26.01779938,-0.2554724384295701,723,695.0607672986617,617.8463603846926,619.0745374159414,573.5463949002082
100376,RSN18538,113,18538, PSM,3.4,35.9513,-120.5082,9.77,15.26,560,36.0688,-120.5962,40.9,40.95,0.012140716,0.027604151,0.001761725,0.002496586,0.439814872,0.136797293,57.93579535,5.179664862,6.194959903,0.20943951,1504.270051,4.862927213,15.66881948,225.6405077,NC,PSM,-999.0,771,-0.31975159,0.060134419,0.152759012,-0.379886009,NC.PSM,771,-0.31975159,8.348790169,964.5969849,26.01779938,-0.31975158983413454,771,725.0975617111071,664.0468784434177,658.8657670866833,620.6727137557751
100376,RSN14107,113,14107, PSM,3.8,35.632,-120.7532,6.775,50.5,560,36.0688,-120.5962,33.03,33.1,-0.004516639,-0.019953179,0.000823117,0.000769226,0.226361863,0.162962795,83.27829088,5.179664862,6.094190843,0.104719755,681.1370463,5.871667104,24.24099976,102.1705569,NC,PSM,-999.0,446,0.227617832,0.060134419,0.152759012,0.167483413,NC.PSM,446,0.227617832,8.348790169,964.5969849,26.01779938,0.2276178317091304,446,430.7129007792707,367.6950406538258,440.90226381571796,380.67456447467146
100386,RSN16960,117,16960, PLC,3.63,34.1242,-116.405,9.555,34.69,346,33.8244,-116.512,13.55,13.59,-0.004190631,-0.026782796,0.003642416,0.000835154,0.156467276,0.156434442,75.46644875,5.179664862,6.187901101,0.06981317,495.306609,5.017794323,7.353030516,74.29599135,CI,PLC,0.396666667,372,-0.072455079,0.065877002,0.158501596,-0.138332082,CI.PLC,372,-0.072455079,0.868066013,129.1329956,0.829178989,-0.07245507921542149,372,368.98771086600897,347.8841324106315,332.9233036477143,331.0568505276093
100386,RSN14560,117,14560, PLC,3.78,34.0294,-116.7534,14.93,31.86,346,33.8244,-116.512,19.5,19.55,-0.003417477,-0.019584898,0.003486009,0.001063166,0.174495543,0.144377658,65.80300224,5.179664862,6.317747533,0.087266463,597.579859,3.214434058,5.618143269,89.63697885,CI,PLC,0.396666667,414,-0.179427199,0.065877002,0.158501596,-0.245304201,CI.PLC,414,-0.179427199,0.868066013,129.1329956,0.829178989,-0.1794271987675895,414,381.10680922699527,368.47489755997,360.2576820891586,356.67280221613595
100386,RSN17675,117,17675, PLC,3.47,33.8029,-116.1786,7.366,30.96,346,33.8244,-116.512,19.35,19.38,0.004568692,0.036848676,0.008539541,0.00064877,0.123985253,0.159851439,77.61896723,5.179664862,6.110319177,0.06981317,385.8038192,7.04208271,4.315065177,57.87057288,CI,PLC,0.396666667,319,0.081247672,0.065877002,0.158501596,0.01537067,CI.PLC,319,0.081247672,0.868066013,129.1329956,0.829178989,0.08124767227288032,319,363.06998142491784,315.3548141425693,304.6917385444242,295.498700773102
100386,RSN8257,117,8257, PLC,4.92,33.5083,-116.5143,15.2,35.14,346,33.8244,-116.512,18.74,18.8,-0.073974467,-0.819302351,0.01690899,0.001266148,0.090289583,0.14587294,67.3322889,5.179664862,6.325747735,0.052359878,308.6485229,58.42481843,48.453654,46.29727844,CI,PLC,0.396666667,274,0.233310669,0.065877002,0.158501596,0.167433666,CI.PLC,274,0.233310669,0.868066013,129.1329956,0.829178989,0.23331066866965422,274,280.3655141720311,269.646702592966,258.47974340893603,260.0162974137895
100386,RSN12859,117,12859, PLC,4.02,33.7129,-116.0516,12.808,44.41,346,33.8244,-116.512,21.58,21.63,0.001852618,0.020520825,0.000829543,0.000468249,0.090279886,0.153841408,74.6448101,5.179664862,6.268161535,0.052359878,292.6303886,3.95648042,24.73750607,43.89455829,CI,PLC,0.396666667,265,0.266708949,0.065877002,0.158501596,0.200831947,CI.PLC,265,0.266708949,0.868066013,129.1329956,0.829178989,0.26670894907150267,265,313.6188815169426,270.58914318809786,268.85957093662046,260.3326439075726
100403,RSN19249,122,19249, BBGB,3.17,36.6767,-121.301,4.82,25.8,285,36.5785,-121.0396,41.5,41.54,-0.001286186,-0.004941004,0.001025134,0.000332163,0.260308552,0.164408808,80.95628381,5.179664862,6.006787029,0.122173048,771.9039272,3.87215313,4.819861599,115.7855891,NC,BBGB,-999.0,487,-0.535774943,-0.469534877,-0.376910283,-0.066240066,NC.BBGB,487,-0.535774943,19.65169907,1062.589966,9.263990402,-0.5357749428139389,487,469.3040882952168,408.1254330860201,475.1900667318326,452.6512918146774
100403,RSN18527,122,18527, BBGB,3.43,35.9148,-120.4658,7.18,89.91,285,36.5785,-121.0396,41.45,41.49,3.05e-05,0.00010785,3.76e-05,9.54e-06,0.283154463,0.163382556,85.98286899,5.179664862,6.105567046,0.13962634,841.938281,3.19706499,2.868351064,126.2907422,NC,BBGB,-999.0,516,-0.593617585,-0.469534877,-0.376910283,-0.124082709,NC.BBGB,516,-0.593617585,19.65169907,1062.589966,9.263990402,-0.593617585212912,516,526.8899992955553,419.83267003055334,529.0929866610677,473.61613039146914
100403,RSN19207,122,19207, BBGB,3.5,36.6973,-121.3339,5.677,29.44,285,36.5785,-121.0396,21.45,21.5,-0.001613244,-0.008462836,0.002218623,0.000320302,0.190626879,0.162928676,80.51710564,5.179664862,6.053782917,0.087266463,576.8608223,5.036634176,3.814454281,86.52912335,NC,BBGB,-999.0,406,-0.353863979,-0.469534877,-0.376910283,0.115670897,NC.BBGB,406,-0.353863979,19.65169907,1062.589966,9.263990402,-0.3538639793330818,406,414.4327168970731,361.11107256187336,411.7168739090332,395.85700438363995
100403,RSN14966,122,14966, BBGB,3.7,35.6371,-120.7559,6.53,107.54,285,36.5785,-121.0396,16.18,16.23,-4.41e-05,-0.00021334,8.13e-05,1.86e-05,0.206750502,0.16407426,87.01359738,5.179664862,6.086524027,0.104719755,620.3938319,2.370967742,2.624108241,93.05907479,NC,BBGB,-999.0,423,-0.394882999,-0.469534877,-0.376910283,0.074651878,NC.BBGB,423,-0.394882999,19.65169907,1062.589966,9.263990402,-0.3948829987776268,423,425.6058922621555,358.4195705434614,433.23846899981885,403.00372348163546
100410,RSN11478,123,11478, TUQ,4.73,33.7328,-117.4921,10.018,237.47,819,35.4358,-115.9239,18.78,18.92,-7.39e-05,-0.00012909,4.38e-05,9.55e-06,0.572330888,0.161102473,87.81168611,5.179664862,6.202702587,0.261799388,1595.852109,7.738219895,2.947260274,239.3778164,CI,TUQ,-999.0,720,0.128832872,0.249087684,0.341712278,-0.120254813,CI.TUQ,720,0.128832872,6.076459885,1279.859985,4.729360104,0.12883287184296854,720,911.0756304843097,907.5567073256248,730.5903685602733,929.4231342918353
100410,RSN18192,123,18192, TUQ,4.08,36.3983,-117.8495,7.662,203.99,819,35.4358,-115.9239,10.22,10.41,6.77e-05,0.000298288,1.2e-05,5.14e-06,0.226936601,0.163380697,88.11105851,5.179664862,6.117348091,0.104719755,681.0365363,13.17120623,24.85733333,102.1554804,CI,TUQ,-999.0,446,0.607765132,0.249087684,0.341712278,0.358677447,CI.TUQ,446,0.607765132,6.076459885,1279.859985,4.729360104,0.6077651318330055,446,504.28831633053034,554.046756645842,441.55445841759655,578.3967863556104
100410,RSN9296,123,9296, TUQ,5.03,35.3852,-118.6292,7.3,245.79,819,35.4358,-115.9239,20.2,20.39,0.001574679,0.003695283,0.000266236,0.000107643,0.426132176,0.163647371,88.52097037,5.179664862,6.108664217,0.20943951,1224.221413,14.62871715,13.87972701,183.633212,CI,TUQ,-999.0,672,0.197825743,0.249087684,0.341712278,-0.051261941,CI.TUQ,672,0.197825743,6.076459885,1279.859985,4.729360104,0.1978257433299202,672,803.8208806296213,840.5268645174112,688.0127659074633,885.8717324846666
100410,RSN18293,123,18293, TUQ,4.2,36.3905,-117.8695,8.829,205.09,819,35.4358,-115.9239,11.0,11.1,5.49e-05,0.000308042,5.49e-05,1.75e-05,0.178252372,0.162181649,87.79139675,5.179664862,6.161345296,0.087266463,543.0854941,3.137142857,5.610965392,81.46282412,CI,TUQ,-999.0,393,0.734274472,0.249087684,0.341712278,0.485186788,CI.TUQ,393,0.734274472,6.076459885,1279.859985,4.729360104,0.7342744719838086,393,445.8281430411035,508.250568882913,406.8128257838511,527.426595510937
100410,RSN18236,123,18236, TUQ,4.36,36.3932,-117.8644,8.798,204.85,819,35.4358,-115.9239,10.17,10.33,8.65e-05,0.00050868,2.14e-05,1.11e-05,0.170074298,0.162215206,87.80013341,5.179664862,6.160106881,0.087266463,518.7735475,7.792792793,23.77009346,77.81603213,CI,TUQ,-999.0,382,0.762663475,0.249087684,0.341712278,0.513575791,CI.TUQ,382,0.762663475,6.076459885,1279.859985,4.729360104,0.7626634752464945,382,402.2217237887778,487.1781921471291,398.76129656936865,512.7246639957068
100410,RSN12909,123,12909, TUQ,4.11,36.0312,-117.7658,4.03,179.25,819,35.4358,-115.9239,19.99,20.13,9.97e-05,0.000512945,3.95e-05,1.13e-05,0.194423145,0.16829261,89.01926974,5.179664862,5.941161117,0.104719755,570.1221445,8.82300885,12.98594937,85.51832168,CI,TUQ,-999.0,404,0.706669206,0.249087684,0.341712278,0.457581521,CI.TUQ,404,0.706669206,6.076459885,1279.859985,4.729360104,0.7066692058919193,404,463.7024609122077,523.7923578910298,419.124968979069,540.3149366457054
100410,RSN10548,123,10548, TUQ,4.45,34.1081,-117.3062,14.795,194.18,819,35.4358,-115.9239,13.95,14.05,-0.000709125,-0.001071986,0.000244301,0.000162094,0.661506294,0.157984241,85.91164058,5.179664862,6.313637877,0.296705973,1825.187967,4.374776364,4.387972215,273.7781951,CI,TUQ,-999.0,792,0.033522692,0.249087684,0.341712278,-0.215564992,CI.TUQ,792,0.033522692,6.076459885,1279.859985,4.729360104,0.033522692038643775,792,875.0601414685508,962.3190979304816,730.4290784697761,984.6223869697868
100410,RSN14689,123,14689, TUQ,3.9,35.3429,-118.5645,9.906,240.13,819,35.4358,-115.9239,25.3,25.46,7.55e-05,0.000200414,7.86e-06,6.09e-06,0.3769228,0.161196836,87.85698219,5.179664862,6.199256899,0.174532925,1111.018842,12.39737274,25.49796438,166.6528263,CI,TUQ,-999.0,635,0.254459085,0.249087684,0.341712278,0.005371401,CI.TUQ,635,0.254459085,6.076459885,1279.859985,4.729360104,0.25445908496037806,635,805.9024155860105,797.0017749970949,650.7502321452178,830.314159608791
100410,RSN14360,123,14360, TUQ,4.19,33.4453,-116.439,8.875,225.82,819,35.4358,-115.9239,9.1,9.19,0.000408243,0.000643663,0.000139942,0.000108583,0.634249654,0.162154096,87.9865245,5.179664862,6.16316588,0.27925268,1718.532305,3.759732186,4.599498364,257.7798458,CI,TUQ,-999.0,757,0.07872083,0.249087684,0.341712278,-0.170366854,CI.TUQ,757,0.07872083,6.076459885,1279.859985,4.729360104,0.07872083041562128,757,891.9520944859734,946.3205300850973,741.7667171038873,973.1774220950608
100410,RSN12722,123,12722, TUQ,4.34,35.8373,-117.678,6.864,165.01,819,35.4358,-115.9239,22.7,22.89,0.000102792,0.000419074,1.59e-05,9.84e-06,0.245284367,0.163913848,87.93964652,5.179664862,6.096821743,0.122173048,732.1183023,10.44634146,26.35685535,109.8177453,CI,TUQ,-999.0,469,0.557481315,0.249087684,0.341712278,0.308393631,CI.TUQ,469,0.557481315,6.076459885,1279.859985,4.729360104,0.5574813154067906,469,504.96276587671406,578.1186932918021,461.9087280540077,604.7296541015453
100410,RSN14425,123,14425, TUQ,4.14,34.8632,-116.3444,6.474,74.19,819,35.4358,-115.9239,17.44,17.59,-0.003197117,-0.004883866,1.67e-05,1.61e-05,0.654628381,0.163874298,85.65229324,5.179664862,6.084678138,0.296705973,1746.455394,198.5786957,292.4470659,261.9683091,CI,TUQ,-999.0,766,0.066901914,0.249087684,0.341712278,-0.18218577,CI.TUQ,766,0.066901914,6.076459885,1279.859985,4.729360104,0.0669019141124787,766,707.1996650910612,909.7558396086011,666.8427453895594,933.4763421495721
100410,RSN16567,123,16567, TUQ,3.61,34.2449,-117.4464,12.48,191.96,819,35.4358,-115.9239,17.51,17.6,-5.95e-05,-9.73e-05,2.51e-05,2.68e-05,0.611800322,0.159401198,86.54233224,5.179664862,6.262058538,0.27925268,1702.378454,2.220149254,3.876494024,255.3567681,CI,TUQ,-999.0,751,0.086678432,0.249087684,0.341712278,-0.162409252,CI.TUQ,751,0.086678432,6.076459885,1279.859985,4.729360104,0.08667843208893533,751,853.8468841483924,943.5632744737396,741.1958220386462,960.3151442211661
100410,RSN9114,123,9114, TUQ,5.2,33.5328,-116.5697,15.48,219.28,819,35.4358,-115.9239,13.5,13.68,0.00646537,0.010198872,0.001796641,0.001310107,0.633929905,0.157537231,86.19988068,5.179664862,6.333749326,0.27925268,1768.24435,4.934993859,5.676633228,265.2366525,CI,TUQ,-999.0,773,0.057805035,0.249087684,0.341712278,-0.191282649,CI.TUQ,773,0.057805035,6.076459885,1279.859985,4.729360104,0.0578050352656474,773,778.2756583847677,939.7181378415343,719.0717264943676,959.9706396297862
100410,RSN13570,123,13570, TUQ,4.06,32.7797,-117.3507,7.174,322.7,819,35.4358,-115.9239,2.36,2.53,2.66e-05,3.43e-05,1.47e-05,9.8e-06,0.776709499,0.163758901,88.89812918,5.179664862,6.105409111,0.331612558,1980.502715,2.714285714,2.333333333,297.0754073,CI,TUQ,-999.0,844,-0.030068411,0.249087684,0.341712278,-0.279156095,CI.TUQ,844,-0.030068411,6.076459885,1279.859985,4.729360104,-0.030068410742887686,844,762.9753003133706,966.5066710884986,770.6579156517696,1018.8466671943241
100410,RSN17301,123,17301, TUQ,3.53,34.2894,-116.8271,6.278,151.64,819,35.4358,-115.9239,36.63,36.77,0.000282849,0.00040096,9e-05,6.36e-05,0.705430371,0.16442825,87.98478391,5.179664862,6.07791863,0.314159265,1841.779298,4.447311321,4.455111111,276.2668947,CI,TUQ,-999.0,798,0.025975486,0.249087684,0.341712278,-0.223112198,CI.TUQ,798,0.025975486,6.076459885,1279.859985,4.729360104,0.02597548640326064,798,838.6318810728476,954.9951484959859,727.485662462585,982.6620608297234
100410,RSN8870,123,8870, TUQ,5.39,33.9465,-117.7667,14.89,236.24,819,35.4358,-115.9239,21.9,22.09,-0.001572971,-0.002100968,0.000433528,0.000254576,0.748689071,0.158038761,86.61738917,5.179664862,6.31653763,0.314159265,1995.285467,6.178787474,4.846210625,299.2928201,CI,TUQ,-999.0,849,-0.035975102,0.249087684,0.341712278,-0.285062787,CI.TUQ,849,-0.035975102,6.076459885,1279.859985,4.729360104,-0.03597510245827795,849,850.865102782748,999.6869916448345,771.567072169092,1028.3303730886887
100410,RSN17441,123,17441, TUQ,3.73,35.2675,-117.3498,7.92,130.95,819,35.4358,-115.9239,34.8,34.88,0.000118883,0.00040634,7.89e-05,3.6e-05,0.292570998,0.163084267,86.92940204,5.179664862,6.122995859,0.13962634,869.3902575,3.302305556,5.150063371,130.4085386,CI,TUQ,-999.0,531,0.433322063,0.249087684,0.341712278,0.184234378,CI.TUQ,531,0.433322063,6.076459885,1279.859985,4.729360104,0.43332206261113093,531,584.5774810831226,648.9049067384188,511.25442268324923,673.8661905173549
100410,RSN15533,123,15533, TUQ,3.68,34.7251,-116.0506,2.727,79.69,819,35.4358,-115.9239,27.0,27.09,-0.000208085,-0.00034977,4.98e-05,4.94e-05,0.594918592,0.168364923,88.73161991,5.179664862,5.93802414,0.261799388,1572.621224,4.212246964,7.023493976,235.8931836,CI,TUQ,-999.0,743,0.097388039,0.249087684,0.341712278,-0.151699645,CI.TUQ,743,0.097388039,6.076459885,1279.859985,4.729360104,0.09738803913531058,743,740.993825234165,911.4427298112682,686.0126881995592,934.3849237558677
100410,RSN13307,123,13307, TUQ,4.19,34.3571,-116.8418,9.486,146.15,819,35.4358,-115.9239,13.99,14.1,0.001994105,0.002767194,0.000396049,0.000290002,0.720623452,0.16138677,86.62742837,5.179664862,6.185563454,0.314159265,1904.12679,6.876176716,6.986999083,285.6190185,CI,TUQ,-999.0,819,0.0,0.249087684,0.341712278,-0.249087684,CI.TUQ,819,0.0,6.076459885,1279.859985,4.729360104,0.0,819,830.1932648136949,974.4572424305513,746.4543179626017,998.36872870019
100410,RSN13907,123,13907, TUQ,4.17,34.3277,-116.829,4.957,148.18,819,35.4358,-115.9239,19.5,19.64,-0.00019132,-0.000309991,2.45e-05,1.21e-05,0.617179356,0.166173138,88.44750746,5.179664862,6.015610792,0.27925268,1643.641063,15.81157025,12.65269388,246.5461595,CI,TUQ,-999.0,731,0.113670624,0.249087684,0.341712278,-0.13541706,CI.TUQ,731,0.113670624,6.076459885,1279.859985,4.729360104,0.11367062410329165,731,956.0714712299063,928.8355238979201,733.0588490265988,940.7404271264705
100410,RSN17535,123,17535, TUQ,3.62,33.9521,-116.3635,9.067,169.45,819,35.4358,-115.9239,21.04,21.19,-3.02e-05,-5.5e-05,2.01e-06,2.94e-06,0.549051893,0.161873555,87.25089103,5.179664862,6.170551665,0.244346095,1532.675047,10.27210884,27.36318408,229.9012571,CI,TUQ,-999.0,780,0.048790164,0.249087684,0.341712278,-0.20029752,CI.TUQ,780,0.048790164,6.076459885,1279.859985,4.729360104,0.04879016416943216,780,938.8645044473956,993.4821278498074,788.6529684666925,1008.3156217591412
100410,RSN17977,123,17977, TUQ,4.04,36.3911,-117.8665,9.439,204.9,819,35.4358,-115.9239,9.68,9.87,8.26e-05,0.000340213,7.87e-06,5.53e-06,0.242841807,0.161569382,87.61950327,5.179664862,6.183950287,0.122173048,735.7538967,14.93670886,43.22909784,110.3630845,CI,TUQ,-999.0,471,0.55322599,0.249087684,0.341712278,0.304138305,CI.TUQ,471,0.55322599,6.076459885,1279.859985,4.729360104,0.553225989836652,471,520.8128441778097,578.493076859627,465.53197201141836,604.5595532145666
100431,RSN19390,127,19390, PLS,3.43,34.1381,-117.4717,5.767,40.09,699,33.7953,-117.6091,24.58,24.68,-0.00200485,-0.006883002,0.00020407,4.71e-05,0.291275534,0.163793428,82.84974706,5.179664862,6.057771424,0.13962634,862.0877895,42.56581741,33.72863233,129.3131684,CI,PLS,-999.0,527,0.282450194,0.261777577,0.354402171,0.020672616,CI.PLS,527,0.282450194,10.85949993,1109.569946,5.178880215,0.2824501936924477,527,525.507027094733,475.7144211406998,491.45084276195604,470.49233108079954
100431,RSN17626,127,17626, PLS,3.52,33.5309,-117.6639,9.734,29.76,699,33.7953,-117.6091,28.03,28.09,-0.002075616,-0.007648001,9.2e-05,7.55e-05,0.271393224,0.154127512,72.67580781,5.179664862,6.193801083,0.13962634,857.9761939,27.49160265,83.13044565,128.6964291,CI,PLS,-999.0,525,0.28625248,0.261777577,0.354402171,0.024474902,CI.PLS,525,0.28625248,10.85949993,1109.569946,5.178880215,0.2862524796421866,525,526.3995622478352,460.1695345889821,477.6876029878399,462.4877412204448
100431,RSN13085,127,13085, PLS,4.11,34.373,-117.6258,8.33,64.1,699,33.7953,-117.6091,14.66,14.77,-0.004530963,-0.022495511,0.000231321,6.83e-05,0.201416303,0.161734583,83.25745829,5.179664862,6.140206558,0.104719755,613.7660489,66.33913616,97.24802763,92.06490734,CI,PLS,-999.0,420,0.509396031,0.261777577,0.354402171,0.247618454,CI.PLS,420,0.509396031,10.85949993,1109.569946,5.178880215,0.5093960309563963,420,409.2104114732368,374.4639964462511,399.1651101208128,388.16890906123774
100431,RSN14335,127,14335, PLS,4.19,33.4453,-116.439,8.875,115.31,699,33.7953,-117.6091,19.2,19.36,0.000911604,0.001583914,0.000194341,8.96e-05,0.575538825,0.161868522,86.04834552,5.179664862,6.16316588,0.261799388,1595.110883,10.17415179,8.150179324,239.2666325,CI,PLS,-999.0,721,-0.030988395,0.261777577,0.354402171,-0.292765972,CI.PLS,721,-0.030988395,10.85949993,1109.569946,5.178880215,-0.03098839505113915,721,805.7464532544122,597.8238715001983,681.2496415892274,624.4387419329388
100438,RSN12905,130,12905, SPG2,4.11,36.0312,-117.7658,4.03,92.01,924,36.2006,-118.7662,21.05,21.16,0.000667862,0.000475134,0.000111442,8.3e-05,1.405627847,0.168221959,88.07177038,5.179664862,5.941161117,0.471238898,2722.27367,8.04653012,4.263509269,408.3410505,CI,SPG2,-999.0,1078,-0.15415068,-0.028416479,0.064208115,-0.125734201,CI.SPG2,1078,-0.15415068,11.80700016,657.5360107,10.30140018,-0.15415067982725805,1078,895.2096946600493,798.3156679162444,904.7229750832396,842.9667360149729
100438,RSN18030,130,18030, SPG2,5.0,36.3864,-117.8583,7.408,84.12,924,36.2006,-118.7662,10.5,10.55,0.003711946,0.003218238,0.000413858,0.000230387,1.153409668,0.163132478,85.53162558,5.179664862,6.11135504,0.436332313,2550.325433,16.11178582,7.776188934,382.548815,CI,SPG2,-999.0,1025,-0.10373582,-0.028416479,0.064208115,-0.075319341,CI.SPG2,1025,-0.10373582,11.80700016,657.5360107,10.30140018,-0.10373581993082492,1025,906.1631458322192,753.6386550841503,854.956739318611,814.5989192593395
100438,RSN17000,130,17000, SPG2,3.59,35.7823,-117.6639,7.014,109.7,924,36.2006,-118.7662,13.25,13.31,0.000705232,0.000512872,0.000130628,9.78e-05,1.375064426,0.163651755,86.81276556,5.179664862,6.101084446,0.471238898,2773.01948,7.210961145,3.926202652,415.952922,CI,SPG2,-999.0,1093,-0.167969417,-0.028416479,0.064208115,-0.139552938,CI.SPG2,1093,-0.167969417,11.80700016,657.5360107,10.30140018,-0.16796941653485487,1093,942.4177343063303,809.8611023888101,912.5534776135618,858.595260620569
100438,RSN18318,130,18318, SPG2,3.47,36.3879,-117.8711,9.151,83.05,924,36.2006,-118.7662,10.63,10.67,0.00059717,0.001071702,3.01e-05,1.39e-05,0.557216569,0.161164031,84.25369115,5.179664862,6.173678858,0.261799388,1562.676167,42.9618705,35.60471761,234.4014251,CI,SPG2,-999.0,752,0.205975748,-0.028416479,0.064208115,0.234392226,CI.SPG2,752,0.205975748,11.80700016,657.5360107,10.30140018,0.205975747691844,752,802.6999081069044,625.5484800770157,780.088353052599,668.7241666468362
100438,RSN18048,130,18048, SPG2,4.5,36.3915,-117.8683,9.117,83.39,924,36.2006,-118.7662,11.5,11.57,0.02937272,0.020196343,0.00072842,0.001232424,1.454358351,0.161223044,84.3468329,5.179664862,6.172420506,0.488692191,2890.136757,23.83329114,27.72623349,433.5205136,CI,SPG2,-999.0,1129,-0.200375493,-0.028416479,0.064208115,-0.171959014,CI.SPG2,1129,-0.200375493,11.80700016,657.5360107,10.30140018,-0.2003754925079777,1129,873.0683660920213,816.7288122355966,874.4431275027769,872.6598704042505
100438,RSN17967,130,17967, SPG2,4.04,36.3911,-117.8665,9.439,83.53,924,36.2006,-118.7662,10.42,10.44,0.000120656,0.000130121,4.74e-05,2.16e-05,0.927259893,0.160859312,84.12411221,5.179664862,6.183950287,0.366519143,2266.510995,5.585925926,2.745168776,339.9766493,CI,SPG2,-999.0,936,-0.012903405,-0.028416479,0.064208115,0.015513074,CI.SPG2,936,-0.012903405,11.80700016,657.5360107,10.30140018,-0.012903404835907573,936,916.9950862373537,717.5557059533352,852.7634579675787,759.2742021269282
100438,RSN14609,130,14609, SPG2,4.11,35.6211,-117.5805,9.045,124.86,924,36.2006,-118.7662,25.91,26.02,0.004309066,0.004804831,1.19e-05,9.96e-06,0.896819507,0.161736262,86.25781366,5.179664862,6.169722379,0.366519143,2210.528487,432.6371486,403.7673109,331.5792731,CI,SPG2,-999.0,918,0.006514681,-0.028416479,0.064208115,0.03493116,CI.SPG2,918,0.006514681,11.80700016,657.5360107,10.30140018,0.006514681021193347,918,929.5785985926333,720.313532743266,846.610134652814,746.9869501182819
100438,RSN10811,130,10811, SPG2,4.66,34.2983,-118.6255,8.038,211.44,924,36.2006,-118.7662,14.11,14.2,-0.000103049,-0.000161096,4.72e-05,3.02e-05,0.639673505,0.163133094,88.08049133,5.179664862,6.126524324,0.27925268,1718.865976,3.412218543,3.413050847,257.8298964,CI,SPG2,-999.0,757,0.199348818,-0.028416479,0.064208115,0.227765297,CI.SPG2,757,0.199348818,11.80700016,657.5360107,10.30140018,0.19934881820423556,757,781.1584632627414,641.3089817744108,820.5662910954869,685.5020888858581
100438,RSN18146,130,18146, SPG2,5.19,36.4034,-117.8499,9.418,85.32,924,36.2006,-118.7662,12.17,12.21,0.003091365,0.002400174,0.000816964,0.000863103,1.287975085,0.160921885,84.27725101,5.179664862,6.183223963,0.453785606,2731.695528,3.581687238,2.937918929,409.7543292,CI,SPG2,-999.0,1081,-0.156929746,-0.028416479,0.064208115,-0.128513267,CI.SPG2,1081,-0.156929746,11.80700016,657.5360107,10.30140018,-0.15692974599752407,1081,809.8058013765262,781.182631507836,807.4596500604176,834.2891021677403
100438,RSN18232,130,18232, SPG2,4.36,36.3932,-117.8644,8.798,83.78,924,36.2006,-118.7662,12.15,12.23,0.013870601,0.009324181,0.000234595,0.000144948,1.487594605,0.161605746,84.56764772,5.179664862,6.160106881,0.488692191,2908.861093,95.69363496,39.74586415,436.329164,CI,SPG2,-999.0,1134,-0.204794413,-0.028416479,0.064208115,-0.176377934,CI.SPG2,1134,-0.204794413,11.80700016,657.5360107,10.30140018,-0.20479441264601306,1134,923.7937939058753,825.9947403168317,890.486407395174,875.0042014516127
100438,RSN10536,130,10536, SPG2,4.45,34.1081,-117.3062,14.795,267.56,924,36.2006,-118.7662,15.4,15.54,0.000498187,0.000588923,0.00011419,0.000108171,0.845928236,0.158174724,87.03124881,5.179664862,6.313637877,0.34906585,2173.173388,4.605550471,5.157395569,325.9760082,CI,SPG2,-999.0,906,0.019672766,-0.028416479,0.064208115,0.048089244,CI.SPG2,906,0.019672766,11.80700016,657.5360107,10.30140018,0.019672765598704345,906,956.1201338236906,739.9863362911136,859.4683296199327,775.414229265741
100438,RSN16650,130,16650, SPG2,3.69,33.735,-117.4936,9.693,297.2,924,36.2006,-118.7662,10.98,11.08,1.19e-05,1.22e-05,2.21e-06,1.53e-06,0.977695138,0.161416851,88.31780713,5.179664862,6.192470162,0.383972435,2336.834786,7.777777778,5.520361991,350.5252179,CI,SPG2,-999.0,958,-0.036135706,-0.028416479,0.064208115,-0.007719228,CI.SPG2,958,-0.036135706,11.80700016,657.5360107,10.30140018,-0.03613570632917629,958,978.9825462512435,814.4466654313524,945.5170188931011,871.6917975085015
100438,RSN16368,130,16368, SPG2,3.74,34.8456,-119.2446,12.927,156.47,924,36.2006,-118.7662,35.3,35.37,-0.000297381,-0.000411554,7.65e-05,2.79e-05,0.722580006,0.159012051,85.59985301,5.179664862,6.270295551,0.314159265,1936.139211,10.6588172,5.37979085,290.4208817,CI,SPG2,-999.0,829,0.108491917,-0.028416479,0.064208115,0.136908395,CI.SPG2,829,0.108491917,11.80700016,657.5360107,10.30140018,0.1084919165063889,829,799.5929333641001,666.0355037283199,807.0444444430163,711.5132059814547
100438,RSN18190,130,18190, SPG2,4.08,36.3983,-117.8495,7.662,85.21,924,36.2006,-118.7662,12.35,12.38,0.000692062,0.00076874,0.000148094,0.000205059,0.900254131,0.162945483,85.4109888,5.179664862,6.117348091,0.366519143,2199.095426,3.374940871,5.190892271,329.8643139,CI,SPG2,-999.0,915,0.009788006,-0.028416479,0.064208115,0.038204485,CI.SPG2,915,0.009788006,11.80700016,657.5360107,10.30140018,0.00978800636616306,915,895.1369162929881,699.8545689322613,836.2294599273272,741.3605208009934
100438,RSN12716,130,12716, SPG2,4.34,35.8373,-117.678,6.864,106.06,924,36.2006,-118.7662,22.93,23.06,0.004231387,0.004402535,1.74e-05,2.91e-05,0.961125127,0.163759777,86.77281659,5.179664862,6.096821743,0.383972435,2281.448967,145.408488,253.0192529,342.2173451,CI,SPG2,-999.0,941,-0.018231068,-0.028416479,0.064208115,0.010185411,CI.SPG2,941,-0.018231068,11.80700016,657.5360107,10.30140018,-0.018231067943695223,941,875.1324011297439,716.5370848374407,838.0006302316817,758.2465275094265
100438,RSN11466,130,11466, SPG2,4.73,33.7328,-117.4921,10.018,297.48,924,36.2006,-118.7662,60.43,60.57,0.000101807,9.92e-05,1.78e-05,1.61e-05,1.02656678,0.161145277,88.25495417,5.179664862,6.202702587,0.401425728,2413.48673,6.323416149,5.573033708,362.0230095,CI,SPG2,-999.0,982,-0.060879237,-0.028416479,0.064208115,-0.032462758,CI.SPG2,982,-0.060879237,11.80700016,657.5360107,10.30140018,-0.060879236712781726,982,957.7898757805034,830.7677613881721,943.6332415668389,885.9381160553372
100438,RSN18287,130,18287, SPG2,4.2,36.3905,-117.8695,8.829,83.26,924,36.2006,-118.7662,12.9,12.93,0.005058509,0.004350124,0.001593172,0.0012291,1.16284258,0.161567496,84.54618202,5.179664862,6.161345296,0.436332313,2585.203481,4.115620373,2.730479823,387.7805222,CI,SPG2,-999.0,1036,-0.114410351,-0.028416479,0.064208115,-0.085993873,CI.SPG2,1036,-0.114410351,11.80700016,657.5360107,10.30140018,-0.11441035117774412,1036,959.4725597920759,763.3700236635469,904.8239851508828,830.525720942545
100438,RSN18308,130,18308, SPG2,3.05,36.3904,-117.8704,9.371,83.18,924,36.2006,-118.7662,7.18,7.21,0.001804253,0.001767525,0.000196888,0.000346601,1.020779227,0.160934378,84.17113179,5.179664862,6.181585801,0.401425728,2409.329514,5.205562015,8.977311974,361.3994271,CI,SPG2,-999.0,981,-0.059860388,-0.028416479,0.064208115,-0.031443909,CI.SPG2,981,-0.059860388,11.80700016,657.5360107,10.30140018,-0.059860387923679426,981,857.7913752722392,751.3558354335057,867.7600937421776,799.4079281673488
100438,RSN14682,130,14682, SPG2,3.9,35.3429,-118.5645,9.906,96.9,924,36.2006,-118.7662,20.51,20.57,-0.004582885,-0.007328044,0.000532145,9.43e-05,0.625390033,0.160605454,84.64432442,5.179664862,6.199256899,0.27925268,1717.291559,48.59899258,13.77076549,257.5937339,CI,SPG2,-999.0,756,0.200670695,-0.028416479,0.064208115,0.229087174,CI.SPG2,756,0.200670695,11.80700016,657.5360107,10.30140018,0.20067069546215066,756,812.2903128693861,617.6196793000169,761.0783903683833,661.7894096451614
100452,RSN18047,134,18047, RCT,4.5,36.3915,-117.8683,9.117,123.84,282,36.3052,-119.2438,10.67,10.82,0.008545547,0.046019592,0.001395475,0.001429802,0.185693682,0.161653603,86.19356204,5.179664862,6.172420506,0.087266463,566.8678937,5.976734541,32.97772586,85.03018406,CI,RCT,3.7,402,-0.354545018,-0.356168493,-0.263543899,0.001623475,CI.RCT,402,-0.354545018,5.659100056,108.0770035,0.161065996,-0.3545450176809073,402,411.39261863164364,363.21440694920346,355.53219293095174,337.95103906127184
100452,RSN18187,134,18187, RCT,4.08,36.3983,-117.8495,7.662,125.58,282,36.3052,-119.2438,10.8,10.9,0.000721735,0.003909779,0.001164321,0.000161988,0.18459726,0.163234112,86.92469468,5.179664862,6.117348091,0.087266463,558.1731387,4.455484357,3.357990623,83.72597081,CI,RCT,3.7,399,-0.347054346,-0.356168493,-0.263543899,0.009114147,CI.RCT,399,-0.347054346,5.659100056,108.0770035,0.161065996,-0.3470543459517499,399,432.1946570307537,363.4911554692673,363.38557350957933,339.49192557715725
100452,RSN9769,134,9769, RCT,4.69,35.0172,-119.0247,9.251,144.28,282,36.3052,-119.2438,8.5,8.69,-0.001611656,-0.008486225,0.000302358,0.000148191,0.18991437,0.16161363,86.69773499,5.179664862,6.177322679,0.087266463,579.4561065,10.87553225,28.06681153,86.91841598,CI,RCT,3.7,407,-0.366906115,-0.356168493,-0.263543899,-0.010737622,CI.RCT,407,-0.366906115,5.659100056,108.0770035,0.161065996,-0.36690611450448074,407,430.66227501512543,374.48381481988724,378.0028324567287,348.62279662262966
100458,RSN17929,136,17929, MDPB,4.04,36.3911,-117.8665,9.439,175.0,580,37.6323,-119.0794,12.45,12.72,3.74e-05,0.000489813,1.1e-05,1.37e-06,0.076258853,0.16151688,87.20730569,5.179664862,6.183950287,0.034906585,235.5310357,27.29927007,44.52845455,35.32965536,NC,MDPB,4.121806667,227,0.938078086,0.704825117,0.79744971,0.233252969,NC.MDPB,227,0.938078086,13.47599983,2372.969971,5.602079868,0.9380780860590621,227,308.43215148818,314.167877169019,316.61706844664883,294.9197031414837
100458,RSN18218,136,18218, MDPB,4.36,36.3932,-117.8644,8.798,174.94,580,37.6323,-119.0794,12.5,12.57,-3.48e-05,-0.000300236,0.000108841,2.87e-06,0.116007697,0.162170183,87.41913142,5.179664862,6.160106881,0.052359878,355.7789671,12.12543554,2.758482557,53.36684507,NC,MDPB,4.121806667,301,0.655917839,0.704825117,0.79744971,-0.048907278,NC.MDPB,301,0.655917839,13.47599983,2372.969971,5.602079868,0.6559178387915896,301,312.7381231145095,311.922491825142,331.7249216896427,311.4819161776858
100458,RSN18104,136,18104, MDPB,5.19,36.4034,-117.8499,9.418,174.85,580,37.6323,-119.0794,11.63,11.77,-0.000365045,-0.002279665,0.000481261,0.000111922,0.160130863,0.161536806,87.2142442,5.179664862,6.183223963,0.087266463,491.2746474,3.26160183,4.736857963,73.69119711,NC,MDPB,4.121806667,370,0.449525098,0.704825117,0.79744971,-0.255300019,NC.MDPB,370,0.449525098,13.47599983,2372.969971,5.602079868,0.4495250979021952,370,390.40833192351545,347.96874936022516,372.8446590383631,346.20850949599867
100458,RSN18267,136,18267, MDPB,4.2,36.3905,-117.8695,8.829,174.89,580,37.6323,-119.0794,11.92,11.99,6.16e-05,0.000640058,7.58e-05,1.14e-05,0.096248184,0.162136278,87.40888545,5.179664862,6.161345296,0.052359878,295.8521559,5.403508772,8.444036939,44.37782339,NC,MDPB,4.121806667,267,0.775779445,0.704825117,0.79744971,0.070954328,NC.MDPB,267,0.775779445,13.47599983,2372.969971,5.602079868,0.7757794451402154,267,325.1884393167067,304.28444299902765,322.82808132173847,293.9076836561655
100542,RSN8174,144,8174, BAR,4.92,33.5083,-116.5143,15.2,93.26,511,32.6801,-116.6722,27.95,28.025,-0.007474087,-0.007544349,0.00035106,0.000230456,0.990686817,0.156234031,81.22576075,5.179664862,6.325747735,0.383972435,2432.089976,32.431731,21.49019826,364.8134964,CI,BAR,-999.0,988,-0.659313108,-0.652094039,-0.559469445,-0.007219069,CI.BAR,988,-0.659313108,33.28779984,528.697998,12.70170021,-0.6593131075441638,988,854.8829731067755,784.2012934924409,809.8758922872832,825.0937155463051
100542,RSN17740,144,17740, BAR,3.63,32.7081,-116.029,7.885,60.4,511,32.6801,-116.6722,26.2375,26.3375,0.003377054,0.003335397,2.18e-05,1.23e-05,1.012489474,0.162237621,83.34397817,5.179664862,6.12225391,0.401425728,2379.490485,274.5572358,152.9998624,356.9235728,CI,BAR,-999.0,972,-0.642986214,-0.652094039,-0.559469445,0.009107824,CI.BAR,972,-0.642986214,33.28779984,528.697998,12.70170021,-0.6429862142567346,972,847.53496559586,786.472293833214,849.1163510827452,815.7633186603707
100542,RSN14490,144,14490, BAR,4.01,33.2617,-116.0659,5.761,85.87,511,32.6801,-116.6722,30.15,30.3,0.006380578,0.006434909,2.36e-05,1.88e-05,0.991556776,0.164819806,86.75602781,5.179664862,6.057510055,0.383972435,2306.514505,339.3924468,272.6656356,345.9771758,CI,BAR,-999.0,949,-0.619039208,-0.652094039,-0.559469445,0.03305483,CI.BAR,949,-0.619039208,33.28779984,528.697998,12.70170021,-0.6190392084062237,949,896.5093790375727,767.9217161674121,848.0525429738609,797.3678608817804
100542,RSN13366,144,13366, BAR,3.9,34.4032,-118.651,13.612,265.14,511,32.6801,-116.6722,11.8625,12.075,0.00013434,0.000132701,1.74e-05,3.45e-05,1.01235138,0.159008151,87.2649038,5.179664862,6.281821568,0.401425728,2427.639073,3.893913043,7.626494253,364.145861,CI,BAR,-999.0,987,-0.658300449,-0.652094039,-0.559469445,-0.006206411,CI.BAR,987,-0.658300449,33.28779984,528.697998,12.70170021,-0.6583004492297775,987,1026.7140245325115,819.9742455772675,938.0797878587093,858.5900472330037
100542,RSN9660,144,9660, BAR,4.69,35.0172,-119.0247,9.251,338.53,511,32.6801,-116.6722,10.9,11.0625,0.000388198,0.000293876,7.12e-05,6.57e-05,1.320958384,0.161833931,88.5974687,5.179664862,6.177322679,0.453785606,2746.553233,5.908645358,4.12747191,411.982985,CI,BAR,-999.0,1085,-0.752965676,-0.652094039,-0.559469445,-0.100871637,CI.BAR,1085,-0.752965676,33.28779984,528.697998,12.70170021,-0.7529656757708558,1085,902.0636650266117,866.4416865422698,891.62556063916,951.1109115777299
100542,RSN13315,144,13315, BAR,4.2,34.3768,-117.6461,8.934,208.8,511,32.6801,-116.6722,18.7,18.8875,-0.000167279,-0.000138921,1.39e-05,1.16e-05,1.204133932,0.162074588,87.80501302,5.179664862,6.165471616,0.436332313,2620.297077,14.42060345,9.994316547,393.0445616,CI,BAR,-999.0,1047,-0.717314621,-0.652094039,-0.559469445,-0.065220582,CI.BAR,1047,-0.717314621,33.28779984,528.697998,12.70170021,-0.7173146206668326,1047,1018.0810778816054,830.3444999425116,927.8421341498115,896.0167112760688
100542,RSN8306,144,8306, BAR,5.31,32.3188,-115.3215,7.0,132.88,511,32.6801,-116.6722,22.3,22.4375,0.001350812,0.001059825,0.000194451,0.00036102,1.27456166,0.163744081,87.37759854,5.179664862,6.100695365,0.453785606,2672.153597,3.741654202,5.450344817,400.8230396,CI,BAR,-999.0,1062,-0.731539612,-0.652094039,-0.559469445,-0.079445573,CI.BAR,1062,-0.731539612,33.28779984,528.697998,12.70170021,-0.7315396115981798,1062,883.64746674995,819.9479553465741,827.0274749978731,856.6077840964812
100542,RSN8315,144,8315, BAR,4.27,33.9173,-117.7758,7.0,171.6,511,32.6801,-116.6722,13.3,13.375,-0.001380542,-0.001057433,0.000304319,0.000344009,1.305559439,0.163813743,87.97863506,5.179664862,6.100695365,0.453785606,2699.534457,4.013098495,3.474751823,404.9301686,CI,BAR,-999.0,1071,-0.73997848,-0.652094039,-0.559469445,-0.087884442,CI.BAR,1071,-0.73997848,33.28779984,528.697998,12.70170021,-0.7399784802440443,1071,995.415073097036,857.2184336836077,913.2211698515214,896.8915002256043
100542,RSN16084,144,16084, BAR,3.58,33.827,-117.0296,15.131,131.49,511,32.6801,-116.6722,26.87,26.9375,-0.000133545,-0.000112458,3.16e-05,4.45e-05,1.187505674,0.157208473,83.7963059,5.179664862,6.323730411,0.436332313,2683.717713,3.001011236,3.558797468,402.557657,CI,BAR,-999.0,1066,-0.735299015,-0.652094039,-0.559469445,-0.083204976,CI.BAR,1066,-0.735299015,33.28779984,528.697998,12.70170021,-0.7352990145220852,1066,876.2182928167216,842.5807228599663,893.2133274872994,893.5382514472036
100542,RSN15248,144,15248, BAR,3.86,34.1976,-117.3882,14.177,181.0,511,32.6801,-116.6722,26.5,26.6125,-0.000409385,-0.0003652,7.08e-05,6.36e-05,1.12098814,0.158457124,85.78979262,5.179664862,6.293825021,0.41887902,2578.843122,6.436871069,5.15819209,386.8264683,CI,BAR,-999.0,1034,-0.704820465,-0.652094039,-0.559469445,-0.052726426,CI.BAR,1034,-0.704820465,33.28779984,528.697998,12.70170021,-0.7048204648646701,1034,946.522581260504,844.0902541209479,941.7753809462748,891.9663825501121
100542,RSN17405,144,17405, BAR,3.66,34.2987,-116.8617,15.28,180.38,511,32.6801,-116.6722,13.9375,14.0375,-0.000122844,-0.000137978,1.55e-05,6.85e-06,0.890317094,0.157525743,85.43880107,5.179664862,6.328063842,0.366519143,2259.821259,17.93343066,8.901806452,338.9731889,CI,BAR,-999.0,934,-0.603106848,-0.652094039,-0.559469445,0.048987191,CI.BAR,934,-0.603106848,33.28779984,528.697998,12.70170021,-0.6031068480251385,934,980.3430072942459,771.9678793080485,877.230560337623,809.7410426868338
100542,RSN14698,144,14698, BAR,3.84,34.2268,-117.4407,8.593,185.83,511,32.6801,-116.6722,26.3,26.4625,-0.000203596,-0.000165458,1.02e-05,1.13e-05,1.230501137,0.16241909,87.63695567,5.179664862,6.151676073,0.436332313,2641.258228,18.01734513,16.22137255,396.1887342,CI,BAR,-999.0,1053,-0.723028922,-0.652094039,-0.559469445,-0.070934883,CI.BAR,1053,-0.723028922,33.28779984,528.697998,12.70170021,-0.723028921930271,1053,948.194655814788,833.0378773681614,925.0648971880826,899.5888139732825
100542,RSN11285,144,11285, BAR,4.78,34.1228,-116.9226,5.969,161.7,511,32.6801,-116.6722,17.7,17.8,-0.003040366,-0.003144711,0.000170983,0.000110662,0.966818776,0.164768008,88.22117969,5.179664862,6.066214653,0.383972435,2275.032959,27.4743453,18.39195125,341.2549439,CI,BAR,-999.0,939,-0.608445889,-0.652094039,-0.559469445,0.04364815,CI.BAR,939,-0.608445889,33.28779984,528.697998,12.70170021,-0.6084458890045585,939,883.4371875112148,788.5805529078041,869.0839599732392,818.3997591363501
100542,RSN14980,144,14980, BAR,3.74,34.1651,-117.4332,7.875,179.26,511,32.6801,-116.6722,24.1625,24.2125,0.000258707,0.000315319,4.96e-05,0.000103555,0.820462316,0.163222529,87.78813043,5.179664862,6.12204057,0.34906585,2066.207621,2.498256965,6.357237903,309.9311432,CI,BAR,-999.0,872,-0.534419834,-0.652094039,-0.559469445,0.117674205,CI.BAR,872,-0.534419834,33.28779984,528.697998,12.70170021,-0.5344198337052752,872,928.4785013652659,734.9823929310621,847.3694214260021,765.4864684582517
100542,RSN15095,144,15095, BAR,3.78,34.1353,-117.4476,5.857,176.78,511,32.6801,-116.6722,23.3875,23.45,0.000374563,0.000396151,0.000100048,0.000126415,0.945506517,0.164908977,88.41020469,5.179664862,6.061617088,0.383972435,2244.613825,2.962963256,3.959609387,336.6920738,CI,BAR,-999.0,929,-0.597739149,-0.652094039,-0.559469445,0.05435489,CI.BAR,929,-0.597739149,33.28779984,528.697998,12.70170021,-0.5977391486101338,929,981.2011088497012,783.7234248430582,902.7593950742613,815.5240013735274
100542,RSN13918,144,13918, BAR,3.79,34.2691,-117.4608,11.018,190.87,511,32.6801,-116.6722,16.4,16.525,-0.000312345,-0.000279671,4.26e-05,3.48e-05,1.116831782,0.160283764,86.96585994,5.179664862,6.230189198,0.41887902,2544.72327,8.975431034,6.565046948,381.7084905,CI,BAR,-999.0,1023,-0.694125176,-0.652094039,-0.559469445,-0.042031137,CI.BAR,1023,-0.694125176,33.28779984,528.697998,12.70170021,-0.6941251757479217,1023,1005.1920709108007,844.7763659443818,958.5358047424803,888.8613510534465
100542,RSN15535,144,15535, BAR,3.75,32.5969,-115.5741,12.269,103.45,511,32.6801,-116.6722,31.45,31.5,-0.001016337,-0.001431778,0.000228902,0.000215766,0.70984298,0.158830307,83.69550755,5.179664862,6.257951442,0.314159265,1914.900597,4.710366786,6.254982482,287.2350896,CI,BAR,-999.0,822,-0.475370805,-0.652094039,-0.559469445,0.176723234,CI.BAR,822,-0.475370805,33.28779984,528.697998,12.70170021,-0.4753708048524752,822,741.9496930259198,657.4582221163065,712.4807135034827,690.8949610463728
100542,RSN10166,144,10166, BAR,4.34,35.0174,-119.1492,9.557,346.07,511,32.6801,-116.6722,7.5,7.55,1.98e-05,3.05e-05,1.02e-05,7.86e-06,0.650185066,0.161553956,88.57506134,5.179664862,6.187968323,0.296705973,1762.877371,2.519083969,2.990196078,264.4316057,CI,BAR,-999.0,772,-0.41261496,-0.652094039,-0.559469445,0.239479079,CI.BAR,772,-0.41261496,33.28779984,528.697998,12.70170021,-0.412614959821072,772,827.661167652181,683.7067228933095,808.6356203295503,750.7654927793442
100542,RSN10395,144,10395, BAR,4.45,34.1081,-117.3062,14.795,169.01,511,32.6801,-116.6722,16.3,16.425,-0.000441505,-0.000332436,2.81e-05,3.63e-05,1.328092231,0.157849659,85.27781536,5.179664862,6.313637877,0.471238898,2833.031916,12.16267218,11.83046263,424.9547874,CI,BAR,-999.0,1111,-0.776646199,-0.652094039,-0.559469445,-0.124552161,CI.BAR,1111,-0.776646199,33.28779984,528.697998,12.70170021,-0.7766461994359259,1111,800.1445397906031,835.6598185822662,809.8700940856501,901.4186524137348
100542,RSN11563,144,11563, BAR,4.51,32.8882,-115.5018,9.4,112.05,511,32.6801,-116.6722,20.55,20.6125,-9.52e-05,-0.000181605,7.07e-05,3.36e-05,0.524445548,0.16127474,85.63316104,5.179664862,6.182598645,0.244346095,1483.79777,2.833333333,2.568670438,222.5696655,CI,BAR,-999.0,764,-0.402198199,-0.652094039,-0.559469445,0.24989584,CI.BAR,764,-0.402198199,33.28779984,528.697998,12.70170021,-0.4021981989628163,764,818.5198269090254,704.5956191748163,790.8854110749639,743.2491697653712
100542,RSN16206,144,16206, BAR,3.63,32.6386,-117.3257,13.108,61.48,511,32.6801,-116.6722,22.05,22.1125,0.005958378,0.004914848,0.000529835,0.000160263,1.212321804,0.156251785,78.59093617,5.179664862,6.273463664,0.436332313,2726.588233,37.17874993,9.276185982,408.988235,CI,BAR,-999.0,1079,-0.747420375,-0.652094039,-0.559469445,-0.095326337,CI.BAR,1079,-0.747420375,33.28779984,528.697998,12.70170021,-0.7474203750544302,1079,746.0667796896602,816.2721514369731,824.4968011723688,878.9401077502688
100542,RSN16241,144,16241, BAR,3.64,33.223,-116.7186,8.687,60.36,511,32.6801,-116.6722,22.725,22.7875,-0.006008492,-0.007233844,0.000330609,5.84e-05,0.830608488,0.161092319,82.57685388,5.179664862,6.155594857,0.34906585,2109.726175,102.885137,21.88036018,316.4589263,CI,BAR,-999.0,886,-0.55034736,-0.652094039,-0.559469445,0.101746678,CI.BAR,886,-0.55034736,33.28779984,528.697998,12.70170021,-0.5503473604013767,886,815.0592417356219,718.3955424016042,768.957113060928,745.1349107568099
100542,RSN14426,144,14426, BAR,4.05,32.7091,-116.0396,7.817,59.41,511,32.6801,-116.6722,25.2625,25.325,0.008994042,0.01114028,0.000872108,0.000203689,0.807344403,0.162260653,83.29652535,5.179664862,6.120791156,0.331612558,2049.298066,44.15575706,12.77396836,307.3947099,CI,BAR,-999.0,866,-0.527515318,-0.652094039,-0.559469445,0.12457872,CI.BAR,866,-0.527515318,33.28779984,528.697998,12.70170021,-0.5275153183587307,866,796.1111878500883,704.6903035883506,754.160914778503,731.3952166882904
100542,RSN19310,144,19310, BAR,3.64,33.938,-117.7504,13.632,171.89,511,32.6801,-116.6722,24.55,24.6125,-4.71e-05,-3.93e-05,1.34e-05,1.65e-05,1.196730658,0.15874379,85.75039627,5.179664862,6.282139913,0.436332313,2667.517867,2.854545455,2.932835821,400.1276801,CI,BAR,-999.0,1061,-0.730597548,-0.652094039,-0.559469445,-0.07850351,CI.BAR,1061,-0.730597548,33.28779984,528.697998,12.70170021,-0.7305975484102785,1061,805.5712636493801,811.4609695713771,872.2795138496201,899.3872487518597
100542,RSN15382,144,15382, BAR,3.99,34.0514,-117.2429,14.998,161.1,511,32.6801,-116.6722,23.2,23.3125,0.000606172,0.00058879,0.000127908,0.000163585,1.029521285,0.157631008,85.00006616,5.179664862,6.319789549,0.401425728,2471.089694,3.705547575,4.603230447,370.6634541,CI,BAR,-999.0,1000,-0.671385689,-0.652094039,-0.559469445,-0.01929165,CI.BAR,1000,-0.671385689,33.28779984,528.697998,12.70170021,-0.6713856887784324,1000,922.3119066530925,821.8535071680385,924.1975872682458,852.7196881278761
100542,RSN8373,144,8373, BAR,4.92,34.31,-116.848,6.3,181.97,511,32.6801,-116.6722,4.01,4.175,-0.003325676,-0.003170369,0.00019937,0.00016721,1.048987073,0.164437552,88.31344489,5.179664862,6.078701489,0.401425728,2392.474037,19.88921715,15.9019361,358.8711056,CI,BAR,-999.0,976,-0.647092996,-0.652094039,-0.559469445,0.005001042,CI.BAR,976,-0.647092996,33.28779984,528.697998,12.70170021,-0.6470929962093876,976,941.0977003212269,819.4538318552356,885.2026766941419,857.9613533193838
100542,RSN12827,144,12827, BAR,4.02,33.7129,-116.0516,12.808,128.33,511,32.6801,-116.6722,23.92,24.0125,-0.000394199,-0.000422686,8.96e-05,8.65e-05,0.93260517,0.158851286,84.6881172,5.179664862,6.268161535,0.383972435,2311.955548,4.557213873,4.717477679,346.7933322,CI,BAR,-999.0,950,-0.620092394,-0.652094039,-0.559469445,0.032001644,CI.BAR,950,-0.620092394,33.28779984,528.697998,12.70170021,-0.6200923943908823,950,907.1318053165179,781.3202127128652,849.4531120509891,812.0034353708647
100542,RSN14212,144,14212, BAR,3.94,32.7219,-116.8133,20.237,14.02,511,32.6801,-116.6722,4.9,4.9625,0.001726269,0.004618046,8.67e-05,7.47e-05,0.373809361,0.08693781,34.05008214,5.179664862,6.440435438,0.174532925,2045.023666,23.10935743,53.26465975,306.7535499,CI,BAR,-999.0,865,-0.526359917,-0.652094039,-0.559469445,0.125734122,CI.BAR,865,-0.526359917,33.28779984,528.697998,12.70170021,-0.5263599167281745,865,934.7107338485662,907.7009593124941,912.0648594416657,919.2302066461377
100542,RSN16662,144,16662, BAR,3.79,34.0456,-117.2248,15.927,159.94,511,32.6801,-116.6722,52.1,52.2,0.000361303,0.000320013,3.77e-05,3.72e-05,1.129023992,0.1568825,84.60301818,5.179664862,6.345939946,0.41887902,2614.007986,9.712446237,8.488408488,392.1011979,CI,BAR,-999.0,1045,-0.715402574,-0.652094039,-0.559469445,-0.063308536,CI.BAR,1045,-0.715402574,33.28779984,528.697998,12.70170021,-0.715402574195207,1045,941.6394331008105,851.6694501496427,952.9027839135737,892.9472666468635
100542,RSN17309,144,17309, BAR,3.56,33.4509,-116.5827,10.563,85.89,511,32.6801,-116.6722,22.075,22.175,-0.000270453,-0.000234053,8.1e-06,1.15e-05,1.155517429,0.159781845,83.50511153,5.179664862,6.218365755,0.436332313,2606.11419,23.51765217,28.8954321,390.9171285,CI,BAR,-999.0,1042,-0.712527632,-0.652094039,-0.559469445,-0.060433594,CI.BAR,1042,-0.712527632,33.28779984,528.697998,12.70170021,-0.7125276321096079,1042,838.5031078564426,816.7838866082432,864.0334426704061,868.5747914364155
100542,RSN10906,144,10906, BAR,4.26,33.8776,-116.2019,10.062,139.85,511,32.6801,-116.6722,24.93,25.0375,-0.000346078,-0.000400105,9.52e-05,4.47e-05,0.864967671,0.160839044,86.24297119,5.179664862,6.204033973,0.34906585,2166.555624,7.742237136,4.202783613,324.9833436,CI,BAR,-999.0,904,-0.57045977,-0.652094039,-0.559469445,0.081634268,CI.BAR,904,-0.57045977,33.28779984,528.697998,12.70170021,-0.5704597701884717,904,944.5097903046052,756.9607409146985,853.9369256108262,784.9017895930695
100542,RSN11344,144,11344, BAR,4.73,33.7328,-117.4921,10.018,139.55,511,32.6801,-116.6722,25.38,25.5125,-0.004973439,-0.003748127,0.000607637,0.000704112,1.326913092,0.160876913,86.26116135,5.179664862,6.202702587,0.453785606,2768.274879,7.063420308,6.168365323,415.2412319,CI,BAR,-999.0,1092,-0.759396566,-0.652094039,-0.559469445,-0.107302528,CI.BAR,1092,-0.759396566,33.28779984,528.697998,12.70170021,-0.7593965661011461,1092,773.4266519074046,818.2920063939923,803.558355979947,882.0998808072737
100542,RSN16697,144,16697, BAR,3.73,33.5058,-116.7636,16.276,91.97,511,32.6801,-116.6722,29.6375,29.7625,-0.001839113,-0.00183707,1.9e-05,1.87e-05,1.001112047,0.15513776,80.36680506,5.179664862,6.3549922,0.401425728,2473.166974,98.34828877,96.68789474,370.9750461,CI,BAR,-999.0,1001,-0.672385189,-0.652094039,-0.559469445,-0.020291151,CI.BAR,1001,-0.672385189,33.28779984,528.697998,12.70170021,-0.672385189111516,1001,921.2090215155245,796.3467893898913,874.0750933464088,839.0446886892831
100542,RSN17359,144,17359, BAR,3.56,33.0804,-116.4826,10.835,47.81,511,32.6801,-116.6722,21.075,21.1375,-0.008103092,-0.009329986,0.000682508,0.00051132,0.868499911,0.157078038,77.93161495,5.179664862,6.225560001,0.34906585,2223.938073,15.84739889,13.67014892,333.590711,CI,BAR,-999.0,923,-0.591259644,-0.652094039,-0.559469445,0.060834394,CI.BAR,923,-0.591259644,33.28779984,528.697998,12.70170021,-0.5912596442991473,923,826.7515286668151,739.1194747520711,780.6397284195983,773.0840585151134
100542,RSN15145,144,15145, BAR,3.9,33.867,-117.1038,11.856,137.64,511,32.6801,-116.6722,19.3,19.3875,-0.000122283,-0.000122187,2.03e-05,8.95e-06,1.00078656,0.159506271,85.4361256,5.179664862,6.24946745,0.401425728,2405.006224,13.66290503,6.019064039,360.7509336,CI,BAR,-999.0,980,-0.651182981,-0.652094039,-0.559469445,0.000911057,CI.BAR,980,-0.651182981,33.28779984,528.697998,12.70170021,-0.6511829814609129,980,917.4800681674662,797.9705274807383,905.254046945437,835.0667289530129
100542,RSN13484,144,13484, BAR,4.29,33.2262,-116.1472,10.889,77.96,511,32.6801,-116.6722,13.3875,13.4625,-0.002444952,-0.002213609,0.000152123,8.46e-05,1.104509211,0.159249986,82.58641571,5.179664862,6.226943092,0.41887902,2546.995414,28.90014184,14.55144193,382.0493121,CI,BAR,-999.0,1024,-0.695102215,-0.652094039,-0.559469445,-0.043008177,CI.BAR,1024,-0.695102215,33.28779984,528.697998,12.70170021,-0.6951022153957487,1024,805.8023969701247,811.732776231155,823.3292702320338,857.617215288242
100542,RSN10322,144,10322, BAR,4.63,32.3362,-115.2425,17.16,139.65,511,32.6801,-116.6722,21.45,21.7625,0.000791537,0.000721255,0.000121327,0.000121397,1.09744331,0.15576707,83.32099949,5.179664862,6.37627289,0.41887902,2595.502257,6.520235261,5.944719642,389.3253386,CI,BAR,-999.0,1039,-0.709644401,-0.652094039,-0.559469445,-0.057550362,CI.BAR,1039,-0.709644401,33.28779984,528.697998,12.70170021,-0.7096444008955229,1039,1013.3911574378347,892.86308919813,1027.1319700053475,913.6717442823403
100542,RSN9856,144,9856, BAR,4.59,34.9977,-119.1926,10.662,347.14,511,32.6801,-116.6722,5.5,5.6875,0.000356567,0.000264081,3.03e-05,3.86e-05,1.350220028,0.160682105,88.39580534,5.179664862,6.221029194,0.471238898,2802.739528,9.237487047,8.715544554,420.4109292,CI,BAR,-999.0,1102,-0.7685124,-0.652094039,-0.559469445,-0.116418361,CI.BAR,1102,-0.7685124,33.28779984,528.697998,12.70170021,-0.768512399509155,1102,813.0724195628127,853.2784696656227,843.0201123395507,952.3827024156436
100542,RSN14281,144,14281, BAR,4.19,33.4453,-116.439,8.875,87.61,511,32.6801,-116.6722,19.2125,19.275,-0.00128078,-0.001610005,6.73e-05,7.3e-06,0.795512681,0.161578269,84.76802964,5.179664862,6.16316588,0.331612558,2038.581222,175.4493151,23.92280832,305.7871833,CI,BAR,-999.0,863,-0.524045101,-0.652094039,-0.559469445,0.128048938,CI.BAR,863,-0.524045101,33.28779984,528.697998,12.70170021,-0.5240451008797233,863,839.2083011396331,700.4522045559208,768.0653880433103,728.3545593692959
100542,RSN17601,144,17601, BAR,3.52,33.5309,-117.6639,9.734,132.18,511,32.6801,-116.6722,44.13,44.1875,-0.000150685,-0.000153099,5.07e-05,4.21e-05,0.984233408,0.161094102,86.18563487,5.179664862,6.193801083,0.383972435,2350.204723,3.579216152,3.019704142,352.5307085,CI,BAR,-999.0,963,-0.633683822,-0.652094039,-0.559469445,0.018410217,CI.BAR,963,-0.633683822,33.28779984,528.697998,12.70170021,-0.6336838215944214,963,1001.6858460494605,801.8903620651525,911.5399098443639,827.0400604418813
100542,RSN16931,144,16931, BAR,3.63,34.1242,-116.405,9.555,162.08,511,32.6801,-116.6722,13.4,13.4375,-0.000298542,-0.000292189,0.000136862,0.00011304,1.0217415,0.161375172,86.93938074,5.179664862,6.187901101,0.401425728,2403.965575,2.641029724,2.134916924,360.5948363,CI,BAR,-999.0,979,-0.650162052,-0.652094039,-0.559469445,0.001931986,CI.BAR,979,-0.650162052,33.28779984,528.697998,12.70170021,-0.6501620523268059,979,1002.2945609181927,816.8714400333238,942.3672708635446,842.6395539077466
100542,RSN15726,144,15726, BAR,3.81,32.9942,-116.2977,5.726,49.42,511,32.6801,-116.6722,21.52,21.55,0.001617796,0.00167685,0.000469028,0.00035787,0.964783105,0.164331644,84.37687658,5.179664862,6.055972626,0.383972435,2278.375266,4.520624808,3.575159692,341.7562899,CI,BAR,-999.0,940,-0.609510285,-0.652094039,-0.559469445,0.042583753,CI.BAR,940,-0.609510285,33.28779984,528.697998,12.70170021,-0.6095102850603453,940,820.9825636231828,763.3693552698004,817.5255795131965,791.0996989236683
100542,RSN18320,144,18320, BAR,3.05,33.5043,-116.561,11.461,91.99,511,32.6801,-116.6722,14.52,14.5875,-0.000285974,-0.000280787,3.41e-05,3.45e-05,1.018472196,0.159165567,83.37007094,5.179664862,6.240750508,0.401425728,2433.140385,8.289101449,8.234222874,364.9710578,CI,BAR,-999.0,989,-0.660324741,-0.652094039,-0.559469445,-0.008230703,CI.BAR,989,-0.660324741,33.28779984,528.697998,12.70170021,-0.6603247414190081,989,827.286106484031,788.8412145221446,834.4979467480539,825.1263498184019
100542,RSN12913,144,12913, BAR,4.41,32.707,-116.04,10.16,59.36,511,32.6801,-116.6722,22.1,22.1875,0.006573243,0.005798287,0.000216383,0.000142322,1.133652543,0.159137191,81.02534428,5.179664862,6.206955363,0.41887902,2582.205145,46.18571268,26.7964073,387.3307718,CI,BAR,-999.0,1035,-0.705787115,-0.652094039,-0.559469445,-0.053693077,CI.BAR,1035,-0.705787115,33.28779984,528.697998,12.70170021,-0.7057871154957649,1035,807.6731523587626,821.1967039927331,828.1229977056607,868.0222749368113
100542,RSN8981,144,8981, BAR,5.2,33.5328,-116.5697,15.48,95.05,511,32.6801,-116.6722,19.4,19.575,-0.034950494,-0.027720375,0.00024097,0.0005413,1.260823297,0.156043831,81.24284539,5.179664862,6.333749326,0.453785606,2790.429317,64.56769629,115.0366228,418.5643976,CI,BAR,-999.0,1098,-0.764876032,-0.652094039,-0.559469445,-0.112781993,CI.BAR,1098,-0.764876032,33.28779984,528.697998,12.70170021,-0.7648760318657715,1098,764.8996109065243,807.094441773758,802.4704826272348,851.5360459757866
100542,RSN9318,144,9318, BAR,4.88,34.0655,-117.0011,17.501,156.67,511,32.6801,-116.6722,14.7,14.7875,-0.003782654,-0.00294216,0.000896035,0.001183636,1.285672397,0.155763713,83.92328967,5.179664862,6.383907006,0.453785606,2819.921233,3.195791612,3.283532451,422.988185,CI,BAR,-999.0,1107,-0.773039343,-0.652094039,-0.559469445,-0.120945304,CI.BAR,1107,-0.773039343,33.28779984,528.697998,12.70170021,-0.7730393425049327,1107,806.0421850212027,857.5512964115383,850.4972269935731,906.9439384300372
100542,RSN15551,144,15551, BAR,4.06,32.6823,-116.088,9.762,54.79,511,32.6801,-116.6722,22.6375,22.7375,0.011962537,0.011192174,6.47e-05,4.31e-05,1.068830542,0.159266454,80.61272501,5.179664862,6.194703173,0.401425728,2494.514489,277.5530626,172.9856878,374.1771734,CI,BAR,-999.0,1008,-0.679353858,-0.652094039,-0.559469445,-0.02725982,CI.BAR,1008,-0.679353858,33.28779984,528.697998,12.70170021,-0.6793538584276098,1008,784.0243444545594,802.1849381937403,838.2006053310881,843.7756125979163
100542,RSN15684,144,15684, BAR,3.81,32.4923,-116.8468,13.18,26.5,511,32.6801,-116.6722,15.9125,15.975,-0.005233558,-0.006184334,0.000107345,0.000108726,0.84626061,0.143271042,64.02465619,5.179664862,6.274698597,0.34906585,2399.818601,48.13529423,57.61175649,359.9727902,CI,BAR,-999.0,978,-0.64914008,-0.652094039,-0.559469445,0.002953959,CI.BAR,978,-0.64914008,33.28779984,528.697998,12.70170021,-0.6491400798311133,978,817.6922482781234,785.1408040145624,796.9614896435567,824.3147475145654
100542,RSN16862,144,16862, BAR,3.6,34.2088,-117.5824,7.536,189.5,511,32.6801,-116.6722,12.75,12.8125,-3.61e-05,-3.74e-05,1.21e-05,1.17e-05,0.964012607,0.163448743,88.00885932,5.179664862,6.114431914,0.383972435,2289.653679,3.085470085,3.090909091,343.4480519,CI,BAR,-999.0,943,-0.612696692,-0.652094039,-0.559469445,0.039397346,CI.BAR,943,-0.612696692,33.28779984,528.697998,12.70170021,-0.6126966924297532,943,1011.9087002465616,794.8261428142106,923.1566998843615,827.8139217386828
100542,RSN13206,144,13206, BAR,4.19,34.3571,-116.8418,9.486,186.67,511,32.6801,-116.6722,20.1,20.2,-0.000230845,-0.000218612,6.02e-05,4.68e-05,1.055958059,0.161496947,87.37366808,5.179664862,6.185563454,0.401425728,2444.538793,4.93258547,3.631428571,366.680819,CI,BAR,-999.0,992,-0.663353517,-0.652094039,-0.559469445,-0.011259479,CI.BAR,992,-0.663353517,33.28779984,528.697998,12.70170021,-0.663353517081168,992,1047.268548010695,825.103302569352,942.8070190225527,865.3330288263058
100542,RSN16743,144,16743, BAR,3.72,33.1099,-116.0467,7.494,75.48,511,32.6801,-116.6722,12.875,12.925,0.001380189,0.001573617,9.16e-05,0.000141608,0.877080738,0.162947904,84.98475643,5.179664862,6.113435346,0.366519143,2165.128335,9.746546805,17.17922489,324.7692503,CI,BAR,-999.0,904,-0.57045977,-0.652094039,-0.559469445,0.081634268,CI.BAR,904,-0.57045977,33.28779984,528.697998,12.70170021,-0.5704597701884717,904,832.1040603749894,733.4806062087306,789.0791696061831,760.8022636457405
100542,RSN17831,144,17831, BAR,3.14,33.0622,-115.8937,7.729,84.29,511,32.6801,-116.6722,27.8,27.8875,0.000341337,0.000390956,2e-05,9.5e-06,0.873083551,0.162894805,85.36503702,5.179664862,6.11885537,0.366519143,2159.884332,35.93021053,19.5478,323.9826498,CI,BAR,-999.0,902,-0.56824493,-0.652094039,-0.559469445,0.083849109,CI.BAR,902,-0.56824493,33.28779984,528.697998,12.70170021,-0.5682449298589196,902,837.5656413597281,731.8578615047289,799.6456104269538,759.8655052606898
100542,RSN16575,144,16575, BAR,3.69,33.735,-117.4936,9.693,139.83,511,32.6801,-116.6722,11.45,11.5375,0.000582396,0.000536764,0.000153152,0.000218796,1.085013103,0.161167,86.39554364,5.179664862,6.192470162,0.41887902,2494.025088,2.661821971,3.504779565,374.1037632,CI,BAR,-999.0,1008,-0.679353858,-0.652094039,-0.559469445,-0.02725982,CI.BAR,1008,-0.679353858,33.28779984,528.697998,12.70170021,-0.6793538584276098,1008,950.9180966013755,830.074603552115,925.262553697437,864.4639012285846
100542,RSN15483,144,15483, BAR,3.88,33.1624,-115.9772,9.013,84.18,511,32.6801,-116.6722,22.7,22.75,0.00050778,0.000468649,0.000161422,0.000156497,1.08349733,0.161363504,84.48563084,5.179664862,6.168508418,0.41887902,2489.206221,3.244662837,2.903253584,373.3809332,CI,BAR,-999.0,1006,-0.67736776,-0.652094039,-0.559469445,-0.025273722,CI.BAR,1006,-0.67736776,33.28779984,528.697998,12.70170021,-0.6773677604559802,1006,867.6238510216359,803.8002897220869,867.797013483475,840.4264888052807
100542,RSN18343,144,18343, BAR,3.34,33.5022,-116.5193,11.15,92.29,511,32.6801,-116.6722,14.55,14.7,-0.000781467,-0.00057751,2.48e-05,2.15e-05,1.353167201,0.159436655,83.63562262,5.179664862,6.233428753,0.471238898,2827.236388,36.34730233,23.28669355,424.0854582,CI,BAR,-999.0,1110,-0.775745704,-0.652094039,-0.559469445,-0.123651666,CI.BAR,1110,-0.775745704,33.28779984,528.697998,12.70170021,-0.7757457041026754,1110,771.0178159748043,833.7089637067587,836.865689404825,878.8654758669365
100542,RSN12591,144,12591, BAR,4.11,33.5089,-116.8485,12.274,93.38,511,32.6801,-116.6722,15.38,15.425,-0.005331617,-0.004974718,0.001040867,0.001837066,1.071742569,0.158607712,83.01360826,5.179664862,6.258050482,0.401425728,2508.418667,2.902245755,4.779398329,376.2628001,CI,BAR,-999.0,1012,-0.68331426,-0.652094039,-0.559469445,-0.031220221,CI.BAR,1012,-0.68331426,33.28779984,528.697998,12.70170021,-0.6833142596437067,1012,818.5530693594678,801.6118060944416,847.82026970905,842.8671735267064
100542,RSN15611,144,15611, BAR,3.87,33.7513,-116.0218,8.756,133.38,511,32.6801,-116.6722,21.9,22.0125,-7.41e-05,-8.2e-05,4.58e-06,7.64e-06,0.904063531,0.162099889,86.63730519,5.179664862,6.158414042,0.366519143,2216.085985,9.69895288,17.90393013,332.4128978,CI,BAR,-999.0,920,-0.58800408,-0.652094039,-0.559469445,0.064089959,CI.BAR,920,-0.58800408,33.28779984,528.697998,12.70170021,-0.588004079839382,920,957.7354381442977,769.009151964782,869.7473456495958,792.8269680377799
100542,RSN12003,144,12003, BAR,4.37,34.0559,-117.2442,15.833,161.61,511,32.6801,-116.6722,20.3,20.425,0.000440498,0.000408443,7.67e-05,4.62e-05,1.078481818,0.156970239,84.70346213,5.179664862,6.343433553,0.41887902,2552.790869,9.534588745,5.325202086,382.9186304,CI,BAR,-999.0,1026,-0.697053436,-0.652094039,-0.559469445,-0.044959397,CI.BAR,1026,-0.697053436,33.28779984,528.697998,12.70170021,-0.6970534355270104,1026,916.4133197194661,835.8438992540073,904.7105445983905,880.6375477598428
100543,RSN17416,145,17416, BBR,3.73,35.2675,-117.3498,7.92,118.23,356,34.2623,-116.9208,33.47,33.53,-0.000224257,-0.00081855,6.84e-05,3.44e-05,0.273968308,0.163028914,86.58605634,5.179664862,6.122995859,0.13962634,818.2999892,6.519098837,11.96710526,122.7449984,CI,BBR,0.933333333,506,-0.351605938,0.470744315,0.563368909,-0.822350254,CI.BBR,506,-0.351605938,4.674680233,2075.679932,6.031939983,-0.3516059384354353,506,532.0651239108088,463.08336057549286,409.3078951423101,428.1230669225028
100543,RSN19358,145,19358, BBR,3.43,34.1381,-117.4717,5.767,52.61,356,34.2623,-116.9208,26.21,26.29,0.000280176,0.004912846,0.000136795,3.56e-05,0.057029164,0.164360781,84.660045,5.179664862,6.057771424,0.034906585,173.3117792,7.87011236,35.9139296,25.99676688,CI,BBR,0.933333333,180,0.68197388,0.470744315,0.563368909,0.211229565,CI.BBR,180,0.68197388,4.674680233,2075.679932,6.031939983,0.68197387996182,180,302.2481751492872,289.28970816438147,288.82853687419805,288.46792393299165
100543,RSN16863,145,16863, BBR,3.6,34.2088,-117.5824,7.536,61.24,356,34.2623,-116.9208,12.52,12.61,0.000320049,0.004439229,0.000170917,8.61e-05,0.072095687,0.162585677,83.78309333,5.179664862,6.114431914,0.034906585,221.2768446,3.7171777,25.97301029,33.19152669,CI,BBR,0.933333333,217,0.495033377,0.470744315,0.563368909,0.024289062,CI.BBR,217,0.495033377,4.674680233,2075.679932,6.031939983,0.4950333773115707,217,355.83919529350703,324.85315037986896,349.64509880484894,336.1673567775645
100543,RSN10396,145,10396, BBR,4.45,34.1081,-117.3062,14.795,39.43,356,34.2623,-116.9208,15.38,15.46,-0.001373567,-0.025169707,0.000778015,6.98e-05,0.054572214,0.148880483,70.04777057,5.179664862,6.313637877,0.034906585,183.1143642,19.67861032,32.35118475,27.46715463,CI,BBR,0.933333333,187,0.643822114,0.470744315,0.563368909,0.173077799,CI.BBR,187,0.643822114,4.674680233,2075.679932,6.031939983,0.6438221139974436,187,268.2891241434833,286.84281614472803,278.1651897440758,283.31003411997693
100543,RSN14526,145,14526, BBR,3.78,34.0294,-116.7534,14.93,30.1,356,34.2623,-116.9208,19.61,19.67,0.000450125,-0.011838103,6.46e-05,6.35e-05,0.038023399,0.142677712,64.34293882,5.179664862,6.317747533,0.017453293,133.1733279,7.088582677,183.2523684,19.97599919,CI,BBR,0.933333333,147,0.884498144,0.470744315,0.563368909,0.413753829,CI.BBR,147,0.884498144,4.674680233,2075.679932,6.031939983,0.8844981440732944,147,204.45787519044592,221.67327464326934,217.1428945884603,215.73766556539533
100545,RSN15129,146,15129, RSS,3.78,34.1353,-117.4476,5.857,21.15,360,33.9733,-117.3267,20.13,20.2,-0.001949399,-0.011619016,0.0007086,0.00071096,0.16777663,0.16031288,76.34996733,5.179664862,6.061617088,0.087266463,518.0320267,2.741925003,16.39714366,77.70480401,CI,RSS,2.05,382,-0.059316577,0.040539018,0.133163611,-0.099855595,CI.RSS,382,-0.059316577,7.158249855,331.2420044,3.277760029,-0.05931657715641947,382,386.177836777825,350.94350575521884,387.9400430099112,365.8774657354828
100545,RSN13883,146,13883, RSS,4.17,34.3277,-116.829,4.957,60.43,360,33.9733,-117.3267,19.16,19.22,-0.000816418,-0.00545544,0.000470554,0.000249089,0.149652137,0.165861547,86.16304442,5.179664862,6.015610792,0.06981317,447.2598873,3.277615631,11.59365344,67.0889831,CI,RSS,2.05,350,0.028170877,0.040539018,0.133163611,-0.012368141,CI.RSS,350,0.028170877,7.158249855,331.2420044,3.277760029,0.028170876966696845,350,367.8804652952946,328.63765862195436,378.93319832873414,350.42048213377063
100545,RSN12030,146,12030, RSS,4.37,34.0559,-117.2442,15.833,11.92,360,33.9733,-117.3267,24.6,24.63,-0.001226636,-0.017689204,0.004819569,0.000340156,0.069343769,0.093903052,36.56025077,5.179664862,6.343433553,0.034906585,368.5706049,3.606098378,3.67028753,55.28559074,CI,RSS,2.05,309,0.152762755,0.040539018,0.133163611,0.112223736,CI.RSS,309,0.152762755,7.158249855,331.2420044,3.277760029,0.15276275455240995,309,367.10704916437066,355.24172593934026,436.70131770426264,406.0915054083081
100549,RSN11274,147,11274, SMM,4.39,35.6421,-120.9543,5.902,94.29,225,35.3142,-119.9958,14.0,14.21,0.000735045,0.012688198,0.000170415,5.12e-05,0.057931373,0.164692931,86.98275016,5.179664862,6.063488731,0.034906585,175.6894548,14.35634766,74.45470176,26.35341822,CI,SMM,0.940016,182,0.212093715,-0.180500098,-0.087875505,0.392593813,CI.SMM,182,0.212093715,2.213140011,599.1740112,0.199263006,0.21209371512762498,182,244.76880601123196,255.05297429686252,225.6923647178785,231.27242318158628
100549,RSN9278,147,9278, SMM,5.03,35.3852,-118.6292,7.3,124.47,225,35.3142,-119.9958,13.61,13.96,0.001695014,0.01309028,0.000299458,8.54e-05,0.129486469,0.163487601,87.06790039,5.179664862,6.108664217,0.06981317,393.6910238,19.84793911,43.71324192,59.05365357,CI,SMM,0.940016,323,-0.361551921,-0.180500098,-0.087875505,-0.181051823,CI.SMM,323,-0.361551921,2.213140011,599.1740112,0.199263006,-0.3615519210182363,323,324.3213630298414,309.23626497780305,286.11024406223567,287.62116481081125
100549,RSN13455,147,13455, SMM,3.9,34.4032,-118.651,13.612,159.18,225,35.3142,-119.9958,26.3,26.48,7.17e-05,0.000543624,7.33e-05,7.45e-06,0.131870591,0.158684753,85.43616799,5.179664862,6.281821568,0.06981317,412.9487274,9.624161074,7.416425648,61.94230911,CI,SMM,0.940016,333,-0.392042088,-0.180500098,-0.087875505,-0.21154199,CI.SMM,333,-0.392042088,2.213140011,599.1740112,0.199263006,-0.3920420877760238,333,367.25121310575736,328.18984630773815,326.49762065896255,298.6032011072029
