SSN,File.name,Code,RSN,SID,Mw,E.Lat,E.Long,E.Dep,EpiD,Vs30_mea,S.Lat,S.Long,p.ver,peak.time,Ur,Uz,max.noise.ver.05,max.noise.rad.05,U.ratio,ray.p,i2.angle,Vp_1,Vp_2,j.angle,Vsz,SNRrad,SNRver,z_0.15,network,station,f0,Vs30_est,Res,y_bar,eta,within_res,station2,Vs30_f0,Res_f0,slope,mean_ele_500m,slope_500m,log_res,P-wave_pred,Set1_pred,Set2_pred,Set3_pred,Set4_pred
1310,RSN11501,2,11501,13096,4.73,33.7328,-117.4921,10.018,21.2,646,33.699,-117.267,24.75,24.775,0.003061105,0.01743913,0.001256407,0.000951544,0.17553082,0.146970487,65.72938663,5.179664862,6.202702587,0.087266463,590.4172747,3.216987338,13.88015985,88.56259121,CE,13096,6.42143,412,0.449776154,-0.084978458,0.007646135,0.534754612,CE.13096,412,0.449776154,5.790719986,436.6180115,1.587949991,0.44977615443307517,412,350.24492616958617,351.998746627148,343.48817091777323,336.7130067372217
1310,RSN10573,2,10573,13096,4.45,34.1081,-117.3062,14.795,45.52,646,33.699,-117.267,19.4,19.505,-0.03191384,-0.024361638,0.000542156,0.000981913,1.310003876,0.151133427,72.5926063,5.179664862,6.313637877,0.453785606,2930.37901,32.50169822,44.93473834,439.5568515,CE,13096,6.42143,1141,-0.568860846,-0.084978458,0.007646135,-0.483882388,CE.13096,918,-0.351397887,5.790719986,436.6180115,1.587949991,-0.35139788683788886,918,623.5175234892134,740.9413077070457,766.1183120532048,701.5597626037245
1310,RSN15457,2,15457,13096,3.99,34.0514,-117.2429,14.998,39.15,646,33.699,-117.267,20.25,20.31,-0.003927207,-0.007156505,0.00059726,0.000437127,0.548760509,0.148479491,69.77779578,5.179664862,6.319789549,0.244346095,1670.242381,8.984132758,11.98222717,250.5363572,CE,13096,6.42143,740,-0.135850682,-0.084978458,0.007646135,-0.050872224,CE.13096,596,0.080558837,5.790719986,436.6180115,1.587949991,0.08055883671725184,596,529.7021578853966,496.7573238672138,507.17342437356444,460.40571512638115
3046,RSN15536,12,15536, BOR,3.75,32.5969,-115.5741,12.269,108.42,619,33.268,-116.417,31.68,31.71,9.85e-05,0.000161586,3.26e-05,2.08e-05,0.609656335,0.158917788,83.98790004,5.179664862,6.257951442,0.27925268,1703.10376,4.735576923,4.956625767,255.465564,CI,BOR,-999.0,751,-0.193300379,-0.374657107,-0.282032514,0.181356728,CI.BOR,751,-0.193300379,20.2465992,289.8450012,13.80760002,-0.19330037907953823,751,733.0009318536953,567.0485068663116,620.1904261976582,582.6160636395347
3046,RSN10914,12,10914, BOR,4.26,33.8776,-116.2019,10.062,70.5,619,33.268,-116.417,28.55,28.64,-0.002557033,-0.004260935,8.51e-05,1.24e-05,0.60011076,0.159813078,82.51797595,5.179664862,6.204033973,0.261799388,1667.645827,206.2123387,50.06974148,250.1468741,CI,BOR,-999.0,739,-0.177192648,-0.374657107,-0.282032514,0.197464459,CI.BOR,739,-0.177192648,20.2465992,289.8450012,13.80760002,-0.17719264826360526,739,719.9004689300674,561.8448101418187,618.4507014579106,575.7037432501386
3046,RSN16815,12,16815, BOR,3.49,34.309,-116.9297,9.684,124.85,619,33.268,-116.417,12.83,12.9,-0.000421287,-0.000585986,4.01e-05,5.43e-05,0.71893721,0.161093115,85.96152595,5.179664862,6.192176404,0.314159265,1904.549278,7.758508287,14.61311721,285.6823917,CI,BOR,-999.0,819,-0.279978811,-0.374657107,-0.282032514,0.094678296,CI.BOR,819,-0.279978811,20.2465992,289.8450012,13.80760002,-0.27997881116847356,819,755.7117145231023,625.2873062998675,616.2541541388563,616.3929114973769
3046,RSN9327,12,9327, BOR,4.88,34.0655,-117.0011,17.501,103.72,619,33.268,-116.417,15.03,15.3,-0.010620549,-0.008530105,4.71e-05,8.95e-05,1.245066541,0.154633498,80.81061652,5.179664862,6.383907006,0.453785606,2799.905052,118.665352,181.1062633,419.9857578,CI,BOR,-999.0,1101,-0.575868864,-0.374657107,-0.282032514,-0.201211757,CI.BOR,1101,-0.575868864,20.2465992,289.8450012,13.80760002,-0.5758688640380836,1101,882.4779770251685,806.3354210645742,634.6594401628663,774.6319610715576
3046,RSN15891,12,15891, BOR,3.96,32.6554,-116.1347,12.336,72.89,619,33.268,-116.417,24.81,24.89,-0.000885212,-0.00083631,7.03e-05,1.99e-05,1.058473244,0.157764788,80.92860823,5.179664862,6.25927157,0.401425728,2505.491078,44.48301508,11.89630156,375.8236617,CI,BOR,-999.0,1011,-0.490589946,-0.374657107,-0.282032514,-0.115932839,CI.BOR,1011,-0.490589946,20.2465992,289.8450012,13.80760002,-0.4905899463358754,1011,612.8056480247927,723.2372366550119,553.559625463031,708.5224801405224
3046,RSN13507,12,13507, BOR,4.06,32.7797,-117.3507,7.174,102.68,619,33.268,-116.417,14.57,14.63,-0.00079276,-0.000603667,0.000114,0.000157174,1.313242025,0.163484026,86.50193551,5.179664862,6.105409111,0.453785606,2711.917891,5.043836767,5.295324561,406.7876837,CI,BOR,-999.0,1075,-0.551970668,-0.374657107,-0.282032514,-0.17731356,CI.BOR,1075,-0.551970668,20.2465992,289.8450012,13.80760002,-0.5519706678771668,1075,950.2340349732453,804.267390816685,625.0190332063966,769.3457813670036
3046,RSN8990,12,8990, BOR,5.2,33.5328,-116.5697,15.48,32.62,619,33.268,-116.417,22.83,22.88,-0.15877467,-0.300837259,0.005748865,0.000933749,0.527775948,0.143048564,64.96287353,5.179664862,6.333749326,0.244346095,1681.276672,170.0399893,52.32985276,252.1915008,CI,BOR,-999.0,744,-0.183935762,-0.374657107,-0.282032514,0.190721345,CI.BOR,744,-0.183935762,20.2465992,289.8450012,13.80760002,-0.18393576214849539,744,603.6149597430407,555.4887372399722,589.5752157512749,572.4636585275836
3046,RSN8770,12,8770, BOR,5.39,33.9465,-117.7667,14.89,146.13,619,33.268,-116.417,26.87,27.39,-0.009936324,-0.00744282,0.000234082,0.000139023,1.33502133,0.157593168,84.52815583,5.179664862,6.31653763,0.471238898,2843.965442,71.47251894,31.79578097,426.5948163,CI,BOR,-999.0,1115,-0.588504411,-0.374657107,-0.282032514,-0.213847304,CI.BOR,1115,-0.588504411,20.2465992,289.8450012,13.80760002,-0.5885044112096232,1115,759.3902901112368,824.8241876349263,581.7122281010487,800.6854197411549
3046,RSN11350,12,11350, BOR,4.73,33.7328,-117.4921,10.018,112.42,619,33.268,-116.417,28.15,28.23,-0.001439798,-0.001189485,0.000364048,0.000330675,1.210437279,0.160690602,85.35530617,5.179664862,6.202702587,0.436332313,2649.342613,4.354118092,3.26738507,397.401392,CI,BOR,-999.0,1055,-0.533190773,-0.374657107,-0.282032514,-0.158533666,CI.BOR,1055,-0.533190773,20.2465992,289.8450012,13.80760002,-0.533190773225571,1055,886.3962521298996,783.9018489517841,600.0192571181263,747.8549226909073
3046,RSN17649,12,17649, BOR,3.47,33.8029,-116.1786,7.366,63.32,619,33.268,-116.417,15.96,16.03,0.0005303,0.001005677,4.03e-05,4.36e-06,0.527306426,0.162801641,84.1375615,5.179664862,6.110319177,0.244346095,1476.241767,121.6284404,24.95476427,221.4362651,CI,BOR,-999.0,762,-0.207841283,-0.374657107,-0.282032514,0.166815824,CI.BOR,762,-0.207841283,20.2465992,289.8450012,13.80760002,-0.2078412830020504,762,742.9632796183166,591.8159906881721,669.8621948554396,602.6033359251562
3046,RSN10403,12,10403, BOR,4.45,34.1081,-117.3062,14.795,124.42,619,33.268,-116.417,16.85,16.95,0.003973885,0.003744218,0.000699179,0.000811422,1.061339316,0.157400444,83.60076391,5.179664862,6.313637877,0.401425728,2514.846846,4.897433148,5.355163699,377.2270269,CI,BOR,-999.0,1014,-0.493552911,-0.374657107,-0.282032514,-0.118895804,CI.BOR,1014,-0.493552911,20.2465992,289.8450012,13.80760002,-0.4935529114665327,1014,735.1112064831602,732.4818151759474,559.5089883323617,712.4893439828089
3046,RSN12596,12,12596, BOR,4.11,33.5089,-116.8485,12.274,48.23,619,33.268,-116.417,13.45,13.5,0.00209582,0.002639862,3.43e-05,1.77e-05,0.793912467,0.155386325,76.51118291,5.179664862,6.258050482,0.331612558,2117.069945,118.4079096,76.96390671,317.5604918,CI,BOR,-999.0,888,-0.36086647,-0.374657107,-0.282032514,0.013790637,CI.BOR,888,-0.36086647,20.2465992,289.8450012,13.80760002,-0.3608664703075739,888,741.5902456826318,657.5009293338387,641.7566549173749,656.3019012387664
3046,RSN8183,12,8183, BOR,4.92,33.5083,-116.5143,15.2,28.21,619,33.268,-116.417,17.75,17.78,0.00748298,0.013479574,0.004783022,0.000849101,0.555134761,0.139913957,62.25895429,5.179664862,6.325747735,0.261799388,1794.797808,8.812826743,2.818212837,269.2196712,CI,BOR,-999.0,782,-0.233749468,-0.374657107,-0.282032514,0.14090764,CI.BOR,782,-0.233749468,20.2465992,289.8450012,13.80760002,-0.23374946786071504,782,649.9687118908352,583.7842153735983,602.5785192382671,601.5722929684576
3049,RSN10923,13,10923, CHN,4.26,33.8776,-116.2019,10.062,137.32,292,33.999,-117.68,23.65,23.78,0.000995667,0.004435454,0.000357844,0.000167361,0.224479175,0.160828815,86.1878825,5.179664862,6.204033973,0.104719755,684.7073971,5.94921756,12.39493746,102.7061096,CI,CHN,-999.0,447,-0.425804792,-0.152837688,-0.060213095,-0.272967104,CI.CHN,447,-0.425804792,1.372529984,207.397995,1.463750005,-0.42580479234528745,447,469.3628338255775,443.4624945771649,414.1170722133896,397.35009055864685
3049,RSN15934,13,15934, CHN,3.64,33.8726,-117.7125,2.161,14.34,292,33.999,-117.68,19.2,19.36,-0.005522224,-0.029649712,0.000432142,0.000238881,0.186248827,0.167623489,84.47383318,5.179664862,5.93802414,0.087266463,548.2590954,23.11704991,68.61103989,82.23886431,CI,CHN,-999.0,395,-0.302131963,-0.152837688,-0.060213095,-0.149294274,CI.CHN,395,-0.302131963,1.372529984,207.397995,1.463750005,-0.30213196263284026,395,385.49497991477097,377.45661421918004,342.9656667164815,347.3133068759792
3049,RSN19315,13,19315, CHN,3.64,33.938,-117.7504,13.632,9.39,292,33.999,-117.68,17.6,17.65,0.001891337,0.064357365,0.00075005,0.000569462,0.029388047,0.092366927,35.46896961,5.179664862,6.282139913,0.017453293,159.0387332,3.3212699,85.80409973,23.85580998,CI,CHN,-999.0,169,0.546855087,-0.152837688,-0.060213095,0.699692776,CI.CHN,169,0.546855087,1.372529984,207.397995,1.463750005,0.5468550873452083,169,234.96853646159275,236.8546039831384,208.36529815524503,226.03190829821716
3049,RSN8190,13,8190, CHN,4.92,33.5083,-116.5143,15.2,120.79,292,33.999,-117.68,22.09,22.36,0.005982073,0.027227742,0.000841978,0.000285049,0.21970508,0.156970469,83.19520098,5.179664862,6.325747735,0.104719755,687.3031976,20.98612168,32.33783068,103.0954796,CI,CHN,-999.0,449,-0.430269085,-0.152837688,-0.060213095,-0.277431397,CI.CHN,449,-0.430269085,1.372529984,207.397995,1.463750005,-0.4302690854739728,449,415.3966752592753,416.3439542340172,385.74057156397066,380.05733935953987
3054,RSN16099,15,16099, DNR,3.58,33.827,-117.0296,15.131,46.88,361,33.567,-116.631,17.25,17.33,0.000134656,0.001133367,6.02e-05,1.71e-05,0.118810846,0.150870694,72.56655244,5.179664862,6.323730411,0.052359878,391.5392027,7.874619883,18.82669435,58.73088041,CI,DNR,-999.0,322,0.114326413,-0.162157535,-0.069532941,0.276483948,CI.DNR,322,0.114326413,7.391310215,1272.319946,5.659110069,0.114326412788472,322,352.8280567739751,343.9670650818918,372.8002390441211,370.94486033548475
3054,RSN13389,15,13389, DNR,3.9,34.4032,-118.651,13.612,208.43,361,33.567,-116.631,16.3,16.55,-6.86e-05,-0.000210166,1.89e-05,9.52e-06,0.326439255,0.158894846,86.51341931,5.179664862,6.281821568,0.157079633,988.6876505,7.205882353,11.11989418,148.3031476,CI,DNR,-999.0,596,-0.501362709,-0.162157535,-0.069532941,-0.339205174,CI.DNR,596,-0.501362709,7.391310215,1272.319946,5.659110069,-0.5013627087324695,596,607.760485305634,520.3871333337496,578.9855119339662,518.6345232960174
3054,RSN12684,15,12684, DNR,4.34,35.8373,-117.678,6.864,269.5,361,33.567,-116.631,21.4,21.45,1.47e-05,5.95e-05,2.74e-05,5.4e-06,0.246215253,0.163980636,88.74653415,5.179664862,6.096821743,0.122173048,734.4411395,2.722222222,2.171532847,110.1661709,CI,DNR,-999.0,470,-0.263854736,-0.162157535,-0.069532941,-0.101697202,CI.DNR,470,-0.263854736,7.391310215,1272.319946,5.659110069,-0.2638547363712238,470,568.8538245160133,397.8853496859331,487.57262624505785,414.8219660600353
3054,RSN17911,15,17911, DNR,4.04,36.3911,-117.8665,9.439,333.0,361,33.567,-116.631,11.1,11.15,-2.61e-05,-7.29e-05,2.79e-05,7.88e-06,0.357988974,0.161656401,88.53953366,5.179664862,6.183950287,0.174532925,1058.494134,3.312182741,2.612903226,158.7741201,CI,DNR,-999.0,621,-0.542453124,-0.162157535,-0.069532941,-0.380295589,CI.DNR,621,-0.542453124,7.391310215,1272.319946,5.659110069,-0.5424531236005983,621,612.5625715934084,558.483539397321,620.7393531709253,573.5443459104299
3054,RSN18326,15,18326, DNR,3.05,33.5043,-116.561,11.461,9.52,361,33.567,-116.631,14.13,14.17,-0.000633154,-0.005548436,0.00015563,4.44e-05,0.114113958,0.104504533,40.70667477,5.179664862,6.240750508,0.052359878,543.2017399,14.26022523,35.65145537,81.48026099,CI,DNR,-999.0,393,-0.084931654,-0.162157535,-0.069532941,0.077225881,CI.DNR,393,-0.084931654,7.391310215,1272.319946,5.659110069,-0.08493165353638066,393,401.7514038729751,403.7707670497495,424.49629147762033,441.9871425276754
3054,RSN11372,15,11372, DNR,4.73,33.7328,-117.4921,10.018,81.97,361,33.567,-116.631,27.54,27.63,-0.000166098,-0.002010053,0.000324771,5.81e-05,0.082633683,0.160205401,83.56848316,5.179664862,6.202702587,0.034906585,257.1802401,2.858829604,6.189139424,38.57703602,CI,DNR,-999.0,243,0.395816515,-0.162157535,-0.069532941,0.55797405,CI.DNR,243,0.395816515,7.391310215,1272.319946,5.659110069,0.3958165149923323,243,387.4354929894839,334.74522802280484,373.12755087401507,344.33507517832356
3054,RSN8787,15,8787, DNR,5.39,33.9465,-117.7667,14.89,113.33,361,33.567,-116.631,25.56,25.7,0.001126973,0.006130913,0.000166563,0.000141055,0.183818148,0.157110973,82.93039724,5.179664862,6.31653763,0.087266463,577.5588338,7.989599801,36.80837281,86.63382507,CI,DNR,-999.0,407,-0.119935227,-0.162157535,-0.069532941,0.042222308,CI.DNR,407,-0.119935227,7.391310215,1272.319946,5.659110069,-0.11993522710971405,407,365.1127997613638,319.5135354658183,362.749254813427,350.47190746316267
3054,RSN18350,15,18350, DNR,3.34,33.5022,-116.5193,11.15,12.62,361,33.567,-116.631,14.34,14.4,-0.002487305,-0.016722756,0.001539975,0.000202343,0.148737715,0.12248587,49.77434518,5.179664862,6.233428753,0.06981317,602.0263062,12.29251815,10.85910875,90.30394593,CI,DNR,-999.0,416,-0.141807302,-0.162157535,-0.069532941,0.020350233,CI.DNR,416,-0.141807302,7.391310215,1272.319946,5.659110069,-0.14180730192838276,416,419.82862728846817,405.27210768297596,432.56615819313896,444.2501583827919
3054,RSN16941,15,16941, DNR,3.63,34.1242,-116.405,9.555,65.25,361,33.567,-116.631,12.27,12.34,-0.00054837,-0.001575053,5.28e-05,2.49e-05,0.348159993,0.160180952,82.38629928,5.179664862,6.187901101,0.174532925,1042.045123,22.02289157,29.83054924,156.3067685,CI,DNR,-999.0,616,-0.534369005,-0.162157535,-0.069532941,-0.37221147,CI.DNR,616,-0.534369005,7.391310215,1272.319946,5.659110069,-0.5343690052006389,616,650.207974648339,510.44841626572514,548.6081616174779,509.2842454701355
3054,RSN16327,15,16327, DNR,3.74,34.8456,-119.2446,12.927,279.53,361,33.567,-116.631,26.87,26.99,6.58e-06,4.78e-05,8.61e-06,3.22e-06,0.137744775,0.159335542,87.54335272,5.179664862,6.270295551,0.06981317,429.2491571,2.043478261,5.551684088,64.38737357,CI,DNR,-999.0,341,0.056995481,-0.162157535,-0.069532941,0.219153016,CI.DNR,341,0.056995481,7.391310215,1272.319946,5.659110069,0.05699548104936358,341,435.36115289684557,385.62115525611443,437.02494231557813,410.31364331976323
3055,RSN18327,16,18327, DPP,3.05,33.5043,-116.561,11.461,66.34,611,32.999,-116.942,13.55,13.61,0.00017045,0.000203671,2.93e-05,3.51e-05,0.836886682,0.158201433,80.85730303,5.179664862,6.240750508,0.34906585,2158.383988,4.856125356,6.951228669,323.7575982,CI,DPP,-999.0,902,-0.389517561,-0.419009726,-0.326385133,0.029492165,CI.DPP,902,-0.389517561,2.213140011,484.9679871,5.799489975,-0.3895175608910284,902,605.6936042576546,797.8553161369836,676.6379934299391,749.3915235628307
3055,RSN17371,16,17371, DPP,3.56,33.0804,-116.4826,10.835,43.85,611,32.999,-116.942,19.03,19.08,0.004652712,0.007829562,4.8e-05,0.000104188,0.594249305,0.156397394,76.82070488,5.179664862,6.225560001,0.261799388,1691.521485,44.65688947,163.115875,253.7282228,CI,DPP,-999.0,747,-0.200968226,-0.419009726,-0.326385133,0.2180415,CI.DPP,747,-0.200968226,2.213140011,484.9679871,5.799489975,-0.20096822596122177,747,716.1683783834194,690.5297658283828,620.4396323287243,650.711125158593
3055,RSN13230,16,13230, DPP,4.19,34.3571,-116.8418,9.486,150.92,611,32.999,-116.942,22.37,22.47,-0.000929605,-0.000768645,2.29e-05,1.57e-05,1.209407695,0.161405201,86.74035365,5.179664862,6.185563454,0.436332313,2636.562678,59.21050955,33.56528384,395.4844017,CI,DPP,-999.0,1052,-0.543351434,-0.419009726,-0.326385133,-0.124341708,CI.DPP,1052,-0.543351434,2.213140011,484.9679871,5.799489975,-0.5433514341260599,1052,938.0238820903145,1007.0491727292251,882.9859782782773,928.2627826793856
3055,RSN16712,16,16712, DPP,3.73,33.5058,-116.7636,16.276,58.61,611,32.999,-116.942,21.65,21.78,-0.002660067,-0.00209031,1.79e-05,1.58e-05,1.272570716,0.151992878,74.99728398,5.179664862,6.3549922,0.453785606,2876.740171,168.3586709,116.777095,431.5110257,CI,DPP,-999.0,1125,-0.610441355,-0.419009726,-0.326385133,-0.19143163,CI.DPP,1125,-0.610441355,2.213140011,484.9679871,5.799489975,-0.610441355466925,1125,667.9016223037586,981.3217436963645,835.852317543452,937.3727075861923
3055,RSN10933,16,10933, DPP,4.26,33.8776,-116.2019,10.062,119.3,611,32.999,-116.942,33.4,33.52,-0.003456136,-0.003099219,0.000148267,7e-05,1.115163658,0.160712228,85.6084981,5.179664862,6.204033973,0.41887902,2536.039244,49.37337143,20.90295885,380.4058866,CI,DPP,-999.0,1021,-0.513440859,-0.419009726,-0.326385133,-0.094431133,CI.DPP,1021,-0.513440859,2.213140011,484.9679871,5.799489975,-0.5134408589930697,1021,898.6143189781762,938.4630964665271,840.8628929446967,870.1788076057748
3055,RSN8788,16,8788, DPP,5.39,33.9465,-117.7667,14.89,130.08,611,32.999,-116.942,29.11,29.53,-0.044895346,-0.031483761,0.001451065,0.001400032,1.425984239,0.157404751,83.85438756,5.179664862,6.31653763,0.471238898,2926.411746,32.06737132,21.69700255,438.9617619,CI,DPP,-999.0,1139,-0.622809004,-0.419009726,-0.326385133,-0.203799278,CI.DPP,1139,-0.622809004,2.213140011,484.9679871,5.799489975,-0.6228090042755863,1139,793.6458742475562,1052.3577402347532,845.7664425440153,968.8276679005819
3055,RSN16942,16,16942, DPP,3.63,34.1242,-116.405,9.555,134.39,611,32.999,-116.942,13.49,13.57,-0.000387818,-0.000302063,1.3e-05,1.11e-05,1.283899883,0.161272399,86.31961617,5.179664862,6.187901101,0.453785606,2721.933824,34.93855856,23.23561538,408.2900736,CI,DPP,-999.0,1078,-0.567765792,-0.419009726,-0.326385133,-0.148756066,CI.DPP,1078,-0.567765792,2.213140011,484.9679871,5.799489975,-0.5677657922973465,1078,799.7721301380333,1011.3387320534941,882.0242456234226,930.6666241039644
3055,RSN16256,16,16256, DPP,3.64,33.223,-116.7186,8.687,32.43,611,32.999,-116.942,16.87,16.93,-0.007829933,-0.010309267,0.000212187,1.38e-05,0.759504371,0.157678481,76.07339924,5.179664862,6.155594857,0.331612558,2026.845225,567.3864493,48.58576162,304.0267838,CI,DPP,-999.0,859,-0.340671963,-0.419009726,-0.326385133,0.078337763,CI.DPP,859,-0.340671963,2.213140011,484.9679871,5.799489975,-0.3406719628126593,859,769.1587488860372,786.3891574342209,697.188107071745,727.8291282526685
3055,RSN15944,16,15944, DPP,3.64,33.8726,-117.7125,2.161,120.51,611,32.999,-116.942,34.05,34.15,-0.00013362,-0.000112093,3.72e-05,3.4e-05,1.19204789,0.168398172,89.44102278,5.179664862,5.93802414,0.436332313,2509.93034,3.93,3.013252688,376.489551,CI,DPP,-999.0,1012,-0.504586891,-0.419009726,-0.326385133,-0.085577165,CI.DPP,1012,-0.504586891,2.213140011,484.9679871,5.799489975,-0.5045868906758155,1012,898.3575497326588,909.603047091663,838.888667019802,863.987318814394
3055,RSN19335,16,19335, DPP,3.09,33.9522,-117.7991,13.107,132.38,611,32.999,-116.942,13.61,13.65,-4.5e-05,-7.81e-05,2.2e-05,1.11e-05,0.575920403,0.158725585,84.71973239,5.179664862,6.273446412,0.261799388,1627.520346,4.054054054,3.55,244.1280519,CI,DPP,-999.0,726,-0.172453056,-0.419009726,-0.326385133,0.24655667,CI.DPP,726,-0.172453056,2.213140011,484.9679871,5.799489975,-0.17245305565320024,726,708.7480447722062,702.1640841323818,594.1578814531603,637.6116834708231
3055,RSN17839,16,17839, DPP,3.14,33.0622,-115.8937,7.729,98.19,611,32.999,-116.942,29.43,29.5,0.000266355,0.000577959,2.39e-05,7.23e-06,0.460853818,0.163029258,85.99048181,5.179664862,6.11885537,0.20943951,1312.637704,36.84024896,24.18238494,196.8956556,CI,DPP,-999.0,705,-0.143100844,-0.419009726,-0.326385133,0.275908882,CI.DPP,705,-0.143100844,2.213140011,484.9679871,5.799489975,-0.14310084364067333,705,667.2298793880865,665.415851749373,559.729894336932,618.1369025255316
3057,RSN16259,18,16259, EML,3.64,33.223,-116.7186,8.687,38.69,805,32.891,-116.846,20.01,20.07,-0.003172855,-0.003332414,4.23e-05,1.78e-05,0.952119143,0.159057412,78.26337593,5.179664862,6.155594857,0.383972435,2336.429448,178.2502809,78.78047281,350.4644172,CI,EML,10.210785,958,-0.174005501,-0.269563321,-0.176938728,0.095557821,CI.EML,952,-0.167722757,8.073479652,181.2330017,6.086840153,-0.1677227573728013,952,678.7865977182736,792.8204584199224,748.2415497354923,766.8350279349718
3057,RSN17749,18,17749, EML,3.63,32.7081,-116.029,7.885,79.17,805,32.891,-116.846,27.28,27.38,0.000374191,0.000253674,1.19e-05,1.09e-05,1.475087241,0.162689469,84.89045267,5.179664862,6.12225391,0.488692191,2880.024428,34.32944954,21.31714286,432.0036642,CI,EML,10.210785,1125,-0.334696037,-0.269563321,-0.176938728,-0.065132716,CI.EML,1118,-0.328454376,8.073479652,181.2330017,6.086840153,-0.3284543762964809,1118,855.3870027339491,953.8646164976703,898.2354541345024,897.25903715714
3057,RSN17842,18,17842, EML,3.14,33.0622,-115.8937,7.729,91.02,805,32.891,-116.846,28.15,28.22,0.000520227,0.000420615,4.34e-05,5.53e-05,1.236823546,0.16296414,85.67627896,5.179664862,6.11885537,0.453785606,2648.742941,9.407359855,9.691589862,397.3114412,CI,EML,10.210785,1055,-0.270453768,-0.269563321,-0.176938728,-0.000890447,CI.EML,1048,-0.263796587,8.073479652,181.2330017,6.086840153,-0.26379658746242374,1048,778.3589519903857,892.7724899533313,823.044492775825,839.4638647878089
3057,RSN15699,18,15699, EML,3.81,32.4923,-116.8468,13.18,44.21,805,32.891,-116.846,18.65,18.71,-0.01244177,-0.011878485,1.49e-05,2.33e-05,1.047420649,0.153337451,74.18491761,5.179664862,6.274698597,0.401425728,2563.643482,533.9815451,797.2137584,384.5465223,CI,EML,10.210785,1029,-0.245500458,-0.269563321,-0.176938728,0.024062863,CI.EML,1022,-0.238674493,8.073479652,181.2330017,6.086840153,-0.23867449334508617,1022,633.4646692116144,832.3990668973242,774.1448760680072,807.7828824320384
3057,RSN15900,18,15900, EML,3.96,32.6554,-116.1347,12.336,71.58,805,32.891,-116.846,22.1,22.14,0.001994341,0.001705951,0.000546799,0.000522423,1.169049307,0.157708393,80.80121718,5.179664862,6.25927157,0.436332313,2655.262849,3.817483151,3.119886832,398.2894274,CI,EML,10.210785,1057,-0.272347708,-0.269563321,-0.176938728,-0.002784387,CI.EML,1050,-0.265703166,8.073479652,181.2330017,6.086840153,-0.26570316573300534,1050,636.4450350405859,858.7031257478501,801.7857525865455,835.5375587642059
3057,RSN16713,18,16713, EML,3.73,33.5058,-116.7636,16.276,68.62,805,32.891,-116.846,25.61,25.69,-0.000986064,-0.000857696,5.23e-05,2.99e-05,1.149665994,0.153419446,77.15611715,5.179664862,6.3549922,0.41887902,2697.006404,32.9787291,16.39954111,404.5509606,CI,EML,10.210785,1070,-0.28457165,-0.269563321,-0.176938728,-0.015008329,CI.EML,1063,-0.278008101,8.073479652,181.2330017,6.086840153,-0.2780081009233841,1063,629.2179371171285,868.1515915426306,803.8202531037887,838.3911811369444
3057,RSN8209,18,8209, EML,4.92,33.5083,-116.5143,15.2,75.26,805,32.891,-116.846,24.1,24.15,-0.004387959,-0.003310823,0.001155954,0.000894352,1.325337775,0.155251543,79.1374487,5.179664862,6.325747735,0.453785606,2867.10797,4.906299757,2.864147708,430.0661955,CI,EML,10.210785,1122,-0.332025809,-0.269563321,-0.176938728,-0.062462487,CI.EML,1115,-0.325767406,8.073479652,181.2330017,6.086840153,-0.3257674064756557,1115,713.7717913039107,924.8866531181566,812.0955884292647,880.4628884893851
3057,RSN11377,18,11377, EML,4.73,33.7328,-117.4921,10.018,111.07,805,32.891,-116.846,30.35,30.57,-0.005659209,-0.004480937,0.000120919,9.7e-05,1.262952197,0.160671095,85.27046558,5.179664862,6.202702587,0.453785606,2712.123426,58.34236082,37.05734417,406.8185139,CI,EML,10.210785,1075,-0.289233663,-0.269563321,-0.176938728,-0.019670342,CI.EML,1068,-0.282700742,8.073479652,181.2330017,6.086840153,-0.2827007421015768,1068,837.6105687538333,922.9649594015754,837.0068982516038,858.2011749880868
3057,RSN13234,18,13234, EML,4.19,34.3571,-116.8418,9.486,162.61,805,32.891,-116.846,18.43,18.5,-0.000361012,-0.000232224,4.6e-05,4.42e-05,1.554582165,0.16144266,86.98284175,5.179664862,6.185563454,0.506145483,2971.354172,8.167692308,5.048347826,445.7031258,CI,EML,10.210785,1153,-0.359280243,-0.269563321,-0.176938728,-0.089716922,CI.EML,1145,-0.352317639,8.073479652,181.2330017,6.086840153,-0.3523176385697768,1145,1013.7331979574933,1035.777748719526,940.3542169852942,954.6075693294279
3057,RSN14306,18,14306, EML,4.19,33.4453,-116.439,8.875,72.25,805,32.891,-116.846,17.39,17.45,-0.000717965,-0.000568465,1.32e-05,1.4e-05,1.262988859,0.161265342,83.6708799,5.179664862,6.16316588,0.453785606,2702.164772,51.28321429,43.0655303,405.3247158,CI,EML,10.210785,1072,-0.286439064,-0.269563321,-0.176938728,-0.016875743,CI.EML,1065,-0.279887801,8.073479652,181.2330017,6.086840153,-0.27988780072496144,1065,926.2595408968646,925.738030983037,872.5412185262572,862.1930363175208
3057,RSN18352,18,18352, EML,3.34,33.5022,-116.5193,11.15,74.32,805,32.891,-116.846,14.3,14.38,-0.000262722,-0.000261848,5.92e-05,3.15e-05,1.003338032,0.158896774,82.0842817,5.179664862,6.233428753,0.401425728,2417.582203,8.340380952,4.423108108,362.6373305,CI,EML,10.210785,984,-0.20078362,-0.269563321,-0.176938728,0.068779702,CI.EML,978,-0.194667393,8.073479652,181.2330017,6.086840153,-0.1946673926162541,978,553.8710124198678,798.5960923248715,716.0081724215213,769.9792172277331
3057,RSN12844,18,12844, EML,4.02,33.7129,-116.0516,12.808,117.4,805,32.891,-116.846,22.9,22.97,-0.000189767,-0.000194778,4.43e-05,2.64e-05,0.974269518,0.158716235,84.18770497,5.179664862,6.268161535,0.383972435,2371.949963,7.188143939,4.396794582,355.7924945,CI,EML,10.210785,969,-0.185422334,-0.269563321,-0.176938728,0.084140987,CI.EML,963,-0.179211134,8.073479652,181.2330017,6.086840153,-0.17921113437956215,963,718.9107405523654,794.3425437992656,748.4509641869968,767.1246372722554
3063,RSN15410,20,15410, JEM,3.99,34.0514,-117.2429,14.998,123.17,501,33.081,-116.598,21.46,21.55,0.000418924,0.000370539,3.42e-05,2.98e-05,1.130581979,0.15720174,83.45463629,5.179664862,6.319789549,0.41887902,2610.485715,14.05785235,10.83447368,391.5728573,CI,JEM,-999.0,1044,-0.734208667,-0.674489071,-0.581864478,-0.059719596,CI.JEM,1044,-0.734208667,20.58799934,1314.609985,6.39854002,-0.7342086673577191,1044,667.0658821482813,827.9749256702698,807.5685707238745,811.4100900592463
3063,RSN12612,20,12612, JEM,4.11,33.5089,-116.8485,12.274,52.88,501,33.081,-116.598,13.93,14.01,-0.00232323,-0.002130054,5.47e-05,5.08e-05,1.090690348,0.156027348,77.53472891,5.179664862,6.258050482,0.41887902,2583.053669,45.73287402,38.94065814,387.4580504,CI,JEM,-999.0,1035,-0.725550605,-0.674489071,-0.581864478,-0.051061534,CI.JEM,1035,-0.725550605,20.58799934,1314.609985,6.39854002,-0.7255506046146047,1035,694.5562051668348,830.2394547820772,795.078992194785,798.2477866617844
3063,RSN9491,20,9491, JEM,4.7,33.9275,-118.3536,11.588,188.21,501,33.081,-116.598,14.2,14.42,0.001671329,0.001225986,7.52e-05,9.66e-05,1.363252569,0.159907343,86.75935464,5.179664862,6.243621422,0.471238898,2827.736451,17.30154244,16.30300532,424.1604677,CI,JEM,-999.0,1110,-0.795509193,-0.674489071,-0.581864478,-0.121020122,CI.JEM,1110,-0.795509193,20.58799934,1314.609985,6.39854002,-0.7955091932215153,1110,765.7518343974798,944.5467989918844,833.0647792596375,899.7889546230334
3063,RSN10354,20,10354, JEM,4.63,32.3362,-115.2425,17.16,151.57,501,33.081,-116.598,22.65,22.75,-5.57e-05,-8.78e-05,2.24e-05,1.22e-05,0.634662654,0.155929148,83.8510507,5.179664862,6.37627289,0.27925268,1787.989578,4.56557377,3.919642857,268.1984367,CI,JEM,-999.0,780,-0.442687819,-0.674489071,-0.581864478,0.231801252,CI.JEM,780,-0.442687819,20.58799934,1314.609985,6.39854002,-0.44268781859877304,780,909.7050395222244,725.9866441832195,720.1653434205904,669.078549776877
3070,RSN17510,22,17510, MSJ,3.62,33.9521,-116.3635,9.067,58.17,244,33.808,-116.968,22.95,23.02,0.000829241,0.005166883,0.00021937,0.000220993,0.160491578,0.160461039,81.94463729,5.179664862,6.170551665,0.087266463,495.6545362,3.752340572,23.55327985,74.34818043,CI,MSJ,3.83695,372,-0.421725629,-0.157974621,-0.065350028,-0.263751008,CI.MSJ,372,-0.421725629,3.882110119,465.3540039,0.641624987,-0.42172562897994403,372,394.14922573321445,364.0062746894359,357.23517485344064,351.4579757655676
3070,RSN15905,22,15905, MSJ,3.96,32.6554,-116.1347,12.336,149.58,244,33.808,-116.968,23.4,23.45,0.000295587,0.005533121,0.000866148,0.00011429,0.053421453,0.159296408,85.62000506,5.179664862,6.25927157,0.034906585,167.542589,2.586289264,6.388193473,25.13138835,CI,MSJ,3.83695,175,0.332382251,-0.157974621,-0.065350028,0.490356873,CI.MSJ,175,0.332382251,3.882110119,465.3540039,0.641624987,0.3323822513696877,175,311.3248180041687,274.63950703228477,254.88081271226707,245.4238432281478
3070,RSN15176,22,15176, MSJ,3.9,33.867,-117.1038,11.856,14.17,244,33.808,-116.968,17.84,17.93,0.003283293,0.051895716,0.001663043,0.000458906,0.063267124,0.122820495,50.13552187,5.179664862,6.24946745,0.034906585,257.2019501,7.154609005,31.20527611,38.58029252,CI,MSJ,3.83695,243,0.004106782,-0.157974621,-0.065350028,0.162081403,CI.MSJ,243,0.004106782,3.882110119,465.3540039,0.641624987,0.004106781952653904,243,329.7085668079423,310.727488705189,295.2348151954793,308.1358798278081
3070,RSN8817,22,8817, MSJ,5.39,33.9465,-117.7667,14.89,75.47,244,33.808,-116.968,18.43,18.62,0.00776537,0.06292734,0.001909414,0.000228019,0.123402167,0.155597281,79.36912556,5.179664862,6.31653763,0.06981317,394.5159711,34.05580237,32.95636253,59.17739567,CI,MSJ,3.83695,323,-0.280484098,-0.157974621,-0.065350028,-0.122509476,CI.MSJ,323,-0.280484098,3.882110119,465.3540039,0.641624987,-0.2804840979294543,323,338.3627266466076,332.6149100818859,312.00662574173947,317.5808291234564
3070,RSN12770,22,12770, MSJ,4.26,33.9538,-116.3912,7.696,55.76,244,33.808,-116.968,21.1,21.2,0.001767725,0.011547597,0.000540267,0.000111061,0.153081655,0.162206704,82.93140488,5.179664862,6.118116656,0.06981317,467.5823122,15.91670343,21.3738707,70.13734683,CI,MSJ,3.83695,360,-0.388935806,-0.157974621,-0.065350028,-0.230961185,CI.MSJ,360,-0.388935806,3.882110119,465.3540039,0.641624987,-0.38893580615695367,360,406.33611003245375,371.20673615541904,357.03983064909977,354.7811741395213
3070,RSN10479,22,10479, MSJ,4.45,34.1081,-117.3062,14.795,45.66,244,33.808,-116.968,15.12,15.23,0.009423811,0.089536295,0.002736777,0.000175078,0.105251296,0.151133427,72.5926063,5.179664862,6.313637877,0.052359878,346.768981,53.82635739,32.71596297,52.01534715,CI,MSJ,3.83695,296,-0.193191229,-0.157974621,-0.065350028,-0.035216608,CI.MSJ,296,-0.193191229,3.882110119,465.3540039,0.641624987,-0.19319122903085795,296,347.07731888705706,334.18248296366846,308.99673504617755,319.08657033719953
3096,RSN18162,33,18162, WWC,5.19,36.4034,-117.8499,9.418,303.08,587,33.941,-116.409,11.32,11.48,-0.000478037,-0.000611096,7.97e-05,0.00015123,0.782261169,0.161664718,88.39803925,5.179664862,6.183223963,0.331612558,2015.481882,3.160993189,7.667452949,302.3222823,CI,WWC,-999.0,855,-0.376076649,-0.382631253,-0.29000666,0.006554604,CI.WWC,855,-0.376076649,7.592470169,589.1959839,16.11199951,-0.3760766491086631,855,907.3685098544192,693.516723067306,885.906364679044,692.2656857367873
3096,RSN17982,33,17982, WWC,4.04,36.3911,-117.8665,9.439,302.52,587,33.941,-116.409,10.37,10.48,4.61e-05,5.91e-05,6.43e-06,8.25e-06,0.779277513,0.161645415,88.39404501,5.179664862,6.183950287,0.331612558,2010.718572,5.587878788,9.191290824,301.6077858,CI,WWC,-999.0,854,-0.374906374,-0.382631253,-0.29000666,0.007724879,CI.WWC,854,-0.374906374,7.592470169,589.1959839,16.11199951,-0.37490637396047344,854,978.6851384706077,693.2304726514806,904.7642200208529,692.9913600222128
3096,RSN18239,33,18239, WWC,4.36,36.3932,-117.8644,8.798,302.64,587,33.941,-116.409,11.98,12.12,-0.00018984,-0.000232912,1.31e-05,1.15e-05,0.815070445,0.162280396,88.51597153,5.179664862,6.160106881,0.34906585,2069.580166,16.50782609,17.77954198,310.4370249,CI,WWC,-999.0,873,-0.396910736,-0.382631253,-0.29000666,-0.014279483,CI.WWC,873,-0.396910736,7.592470169,589.1959839,16.11199951,-0.39691073601150517,873,906.8606097924858,702.6939374568151,824.298773800029,699.2367043135969
100048,RSN11612,36,11612, CAL,4.25,36.8049,-121.5134,3.694,76.04,519,37.4504,-121.8004,24.87,25.02,-0.006920671,-0.013914175,0.001386547,0.000865251,0.497382796,0.168294698,87.91504469,5.179664862,5.93802414,0.226892803,1358.124839,7.998454784,10.03512683,203.7187259,NC,CAL,-999.0,721,-0.328735254,-0.333014096,-0.240389503,0.004278842,NC.CAL,721,-0.328735254,19.79490089,267.375,9.751830101,-0.3287352541190609,721,709.16018353305,677.7097718000855,732.8174927352694,696.5346733634924
100048,RSN12487,36,12487, CAL,4.18,37.3931,-121.486,8.483,28.55,519,37.4504,-121.8004,21.81,21.86,0.006485142,0.016463819,0.002454261,0.000902911,0.393902628,0.156772186,74.50938538,5.179664862,6.146971844,0.191986218,1190.624789,7.182481994,6.708259228,178.5937184,NC,CAL,-999.0,658,-0.237301048,-0.333014096,-0.240389503,0.095713048,NC.CAL,658,-0.237301048,19.79490089,267.375,9.751830101,-0.23730104815942887,658,626.4021073548874,692.4019631219657,630.4650796426328,698.4925395681469
100048,RSN13591,36,13591, CAL,3.9,37.7568,-121.9477,7.856,36.41,519,37.4504,-121.8004,23.75,23.89,-0.001467212,-0.00274615,0.000153216,0.000160053,0.534279741,0.160308427,78.91691044,5.179664862,6.121633552,0.244346095,1514.860875,9.167038419,17.9233892,227.2291313,NC,CAL,-999.0,775,-0.400959146,-0.333014096,-0.240389503,-0.06794505,NC.CAL,775,-0.400959146,19.79490089,267.375,9.751830101,-0.40095914618745887,775,760.0394860302654,757.0558942526553,787.5228135396696,771.4588770984201
100048,RSN11019,36,11019, CAL,4.3,37.0995,-121.4909,3.361,47.65,519,37.4504,-121.8004,20.18,20.33,0.004848413,0.006226242,0.001026769,0.000479467,0.77870624,0.168184802,87.06181012,5.179664862,5.93802414,0.331612558,1931.61471,10.11208905,6.063917006,289.7422065,NC,CAL,-999.0,828,-0.467109271,-0.333014096,-0.240389503,-0.134095175,NC.CAL,828,-0.467109271,19.79490089,267.375,9.751830101,-0.4671092712193712,828,722.8140654211794,733.9245304903003,761.4223914357882,765.6814899728124
100048,RSN12511,36,12511, CAL,4.1,37.862,-121.9995,13.322,48.94,519,37.4504,-121.8004,19.1,19.21,0.000921641,0.001704056,0.000466657,0.000264973,0.540851106,0.154101464,75.30937487,5.179664862,6.277093244,0.244346095,1591.114422,3.478244953,3.651624212,238.6671633,NC,CAL,-999.0,725,-0.334267772,-0.333014096,-0.240389503,-0.001253676,NC.CAL,725,-0.334267772,19.79490089,267.375,9.751830101,-0.3342677716887863,725,674.5597411171004,717.7877963563014,706.5098203018082,737.376636010752
100048,RSN11661,36,11661, CAL,4.3,37.2793,-121.6191,3.442,24.87,519,37.4504,-121.8004,19.24,19.34,0.035821083,0.082476522,0.002680811,0.001285191,0.434318543,0.167464924,83.93938839,5.179664862,5.93802414,0.20943951,1215.800924,27.87218631,30.76551163,182.3701386,NC,CAL,-999.0,668,-0.25238429,-0.333014096,-0.240389503,0.080629805,NC.CAL,668,-0.25238429,19.79490089,267.375,9.751830101,-0.25238429037075694,668,619.3251969730237,662.546305148442,650.9937649753545,671.6906937067615
100048,RSN14049,36,14049, CAL,3.7,37.8077,-122.0707,11.554,46.28,519,37.4504,-121.8004,35.5,35.64,-0.001039076,-0.001452737,0.000419682,0.0001753,0.715254263,0.155951303,76.80079014,5.179664862,6.242859346,0.314159265,1960.44372,5.927415859,3.461518483,294.066558,NC,CAL,-999.0,837,-0.477920187,-0.333014096,-0.240389503,-0.144906091,NC.CAL,837,-0.477920187,19.79490089,267.375,9.751830101,-0.477920187323587,837,723.320119624686,760.2900425122886,741.6792249545878,785.5409617830085
100048,RSN12282,36,12282, CAL,4.23,37.901,-122.1038,14.378,56.72,519,37.4504,-121.8004,17.95,18.09,0.003740867,0.007866474,0.000388482,0.00041849,0.475545614,0.154222034,76.32906502,5.179664862,6.300455998,0.226892803,1428.678262,8.938963894,20.24926251,214.3017393,NC,CAL,-999.0,745,-0.361480335,-0.333014096,-0.240389503,-0.028466239,NC.CAL,745,-0.361480335,19.79490089,267.375,9.751830101,-0.3614803352136713,745,695.1087006823136,822.2284193398368,725.6395608427792,798.5085774353392
100048,RSN12444,36,12444, CAL,4.0,37.7338,-121.9354,14.029,33.64,519,37.4504,-121.8004,19.2,19.26,-0.000527217,-0.001573308,0.000699918,0.000246948,0.335100945,0.147273013,67.84599702,5.179664862,6.288820984,0.157079633,1092.256358,2.134931241,2.247846176,163.8384537,NC,CAL,-999.0,631,-0.195401979,-0.333014096,-0.240389503,0.137612116,NC.CAL,631,-0.195401979,19.79490089,267.375,9.751830101,-0.19540197937532433,631,609.2383163144858,792.7747231682209,613.1163305340382,731.180984347511
100048,RSN13003,36,13003, CAL,4.0,37.844,-122.2222,10.021,57.39,519,37.4504,-121.8004,26.5,26.59,0.000464363,0.001276256,0.000331864,0.000134048,0.363848046,0.159165747,80.84887982,5.179664862,6.202793758,0.174532925,1090.665008,3.464154631,3.845719933,163.5997512,NC,CAL,-999.0,630,-0.193815936,-0.333014096,-0.240389503,0.13919816,NC.CAL,630,-0.193815936,19.79490089,267.375,9.751830101,-0.19381593621969007,630,642.098066655374,668.8194105039378,632.308214637956,677.4132670357587
100048,RSN8671,36,8671, CAL,5.45,37.4317,-121.7767,7.486,2.95,519,37.4504,-121.8004,19.16,19.25,-0.060643028,-0.345162572,0.040534189,0.004487005,0.175694103,0.048201178,17.13748452,5.179664862,6.113244097,0.087266463,1801.869543,13.5152575,8.51534422,270.2804315,NC,CAL,-999.0,785,-0.413779835,-0.333014096,-0.240389503,-0.080765739,NC.CAL,785,-0.413779835,19.79490089,267.375,9.751830101,-0.4137798346165198,785,642.157659347235,865.8428853315485,699.0379673705659,872.2711980711007
100051,RSN11664,37,11664, CHR,4.3,37.2793,-121.6191,3.442,16.86,471,37.3729,-121.7689,20.65,20.78,0.136540612,0.21302178,0.009277155,0.002267077,0.640970196,0.166217885,80.75336803,5.179664862,5.93802414,0.27925268,1689.454467,60.22760233,22.96197272,253.4181701,NC,CHR,-999.0,747,-0.461207091,-0.206074064,-0.113449471,-0.255133027,NC.CHR,747,-0.461207091,21.69300079,415.4869995,4.081309795,-0.4612070911163997,747,699.9941681621455,688.0101165216176,659.1972594891907,697.2556563652018
100051,RSN18715,37,18715, CHR,3.5,37.4729,-121.8067,7.926,11.59,471,37.3729,-121.7689,20.35,20.38,-0.001538625,-0.004814117,0.000912633,0.000371422,0.319606804,0.134258255,55.29352637,5.179664862,6.123122315,0.157079633,1147.863237,4.142525214,5.274975812,172.1794856,NC,CHR,-999.0,644,-0.312840632,-0.206074064,-0.113449471,-0.106766568,NC.CHR,644,-0.312840632,21.69300079,415.4869995,4.081309795,-0.3128406320879362,644,563.8321419148327,695.3977458094924,538.6401009253627,656.0699919982757
100051,RSN19846,37,19846, CHR,3.6,37.3892,-121.5177,5.014,22.32,471,37.3729,-121.7689,32.02,32.2,0.004025772,0.016006418,0.000346425,0.000407128,0.251509861,0.163183215,79.17884679,5.179664862,6.019111729,0.122173048,752.979029,9.888221886,46.20456953,112.9468544,NC,CHR,-999.0,479,-0.016842503,-0.206074064,-0.113449471,0.189231561,NC.CHR,479,-0.016842503,21.69300079,415.4869995,4.081309795,-0.01684250339449722,479,432.66234891266765,501.6645847301564,415.30979574395167,473.63947651270973
100051,RSN8674,37,8674, CHR,5.45,37.4317,-121.7767,7.486,6.56,471,37.3729,-121.7689,10.5,10.66,0.063233461,0.364100842,0.116295402,0.00720724,0.173670185,0.11108168,42.77096756,5.179664862,6.113244097,0.087266463,773.1336366,8.773602794,3.130827494,115.9700455,NC,CHR,-999.0,487,-0.033406029,-0.206074064,-0.113449471,0.172668035,NC.CHR,487,-0.033406029,21.69300079,415.4869995,4.081309795,-0.03340602906617196,487,398.3831593657369,564.9848947673934,424.03990511122294,548.5658078097549
100055,RSN9299,38,9299, VES,5.03,35.3852,-118.6292,7.3,65.26,393,35.8409,-119.0847,12.6,12.82,-0.015579371,-0.069899528,9.49e-05,0.000101544,0.222882352,0.162914497,84.37805878,5.179664862,6.108664217,0.104719755,671.3587122,153.4248306,736.5598314,100.7038068,CI,VES,0.23,441,-0.115235264,-0.142908487,-0.050283894,0.027673224,CI.VES,441,-0.115235264,6.998569965,152.6029968,0.573539019,-0.11523526357758485,441,385.71217990437304,397.34298919445314,331.06576844290396,330.0029574808477
100055,RSN10550,38,10550, VES,4.45,34.1081,-117.3062,14.795,251.66,393,35.8409,-119.0847,14.12,14.47,0.000174953,0.000870198,1.19e-05,1.63e-05,0.201049909,0.158146709,86.84162187,5.179664862,6.313637877,0.104719755,626.5927565,10.73331288,73.12588235,93.98891348,CI,VES,0.23,425,-0.078279557,-0.142908487,-0.050283894,0.06462893,CI.VES,425,-0.078279557,6.998569965,152.6029968,0.573539019,-0.07827955705515599,425,475.69406862585896,412.22183074467824,339.83146817132604,335.2312843596805
100055,RSN18050,38,18050, VES,4.5,36.3915,-117.8683,9.117,125.4,393,35.8409,-119.0847,12.32,12.39,0.002230651,0.006867874,0.000704437,0.000845404,0.324795017,0.161665002,86.25478004,5.179664862,6.172420506,0.157079633,967.3091519,2.638562155,9.74945098,145.0963728,CI,VES,0.23,584,-0.396091371,-0.142908487,-0.050283894,-0.253182884,CI.VES,584,-0.396091371,6.998569965,152.6029968,0.573539019,-0.39609137095896596,584,565.3594081066406,551.9972249295535,474.8894650707875,443.6796944983673
100055,RSN12911,38,12911, VES,4.11,36.0312,-117.7658,4.03,120.87,393,35.8409,-119.0847,21.99,22.08,0.000321155,0.001783328,0.000137785,5.38e-05,0.180087527,0.168262731,88.54143942,5.179664862,5.941161117,0.087266463,528.6801837,5.969423792,12.94283122,79.30202756,CI,VES,0.23,386,0.017972242,-0.142908487,-0.050283894,0.16088073,CI.VES,386,0.017972242,6.998569965,152.6029968,0.573539019,0.017972242404430183,386,404.1742085845474,349.73782360374145,323.7011745757572,301.3324361366707
100061,RSN14064,41,14064, JFP,3.7,37.8077,-122.0707,11.554,50.74,437,37.3605,-122.1899,35.82,35.98,-0.001276256,-0.005401324,0.000247597,0.000127405,0.236285826,0.156591891,77.84488639,5.179664862,6.242859346,0.122173048,739.7309305,10.01731486,21.8149816,110.9596396,NC,JFP,4.586666667,473,-0.079162193,-0.147989208,-0.055364615,0.068827015,NC.JFP,473,-0.079162193,12.65410042,276.7990112,16.2343998,-0.07916219339634267,473,412.90014962573736,510.91321735956217,524.8366100316791,525.9172184252735
100061,RSN11109,41,11109, JFP,4.5,38.3669,-122.5881,6.985,117.07,437,37.3605,-122.1899,20.1,20.23,0.000597232,0.002358286,0.001033856,0.000138202,0.253248111,0.163705445,87.02081613,5.179664862,6.100276528,0.122173048,755.457406,4.321442526,2.281058484,113.3186109,NC,JFP,4.586666667,480,-0.093852909,-0.147989208,-0.055364615,0.054136299,NC.JFP,480,-0.093852909,12.65410042,276.7990112,16.2343998,-0.09385290880634667,480,435.57386172140536,500.41065175929486,588.7556090647998,523.4284382947172
100061,RSN17725,41,17725, JFP,3.41,37.8651,-122.2381,9.076,56.17,437,37.3605,-122.1899,20.61,20.67,-0.000305946,-0.00097177,0.000104935,9.1e-05,0.314834012,0.160331953,81.64659047,5.179664862,6.170889681,0.157079633,948.1163157,3.362043956,9.260685186,142.2174474,NC,JFP,4.586666667,573,-0.270952522,-0.147989208,-0.055364615,-0.122963314,NC.JFP,573,-0.270952522,12.65410042,276.7990112,16.2343998,-0.27095252161914996,573,521.7601196003013,607.689153366673,646.4413829027096,626.5203061503306
100073,RSN14099,44,14099, KCC,3.8,35.632,-120.7532,6.775,227.51,1252,37.3236,-119.3187,55.1,55.3125,-0.000166934,-0.000131562,6.66e-06,7.63e-06,1.268865536,0.164037147,88.53623391,5.179664862,6.094190843,0.453785606,2662.043948,21.87863696,19.75405405,399.3065922,BK,KCC,-999.0,1059,0.167417206,0.174492845,0.267117439,-0.007075639,BK.KCC,1059,0.167417206,88.5789032,1011.630005,10.74110031,0.1674172060586372,1059,760.9589854077535,925.2823509476622,889.3078565645727,1012.5507804089767
100073,RSN21495,44,21495, KCC,3.5,37.29562,-121.0867,4.464,156.76,1252,37.3236,-119.3187,9.375,9.5375,-0.000325307,-0.000215462,4.68e-06,6.01e-06,1.509809753,0.167161464,88.71974485,5.179664862,5.980746664,0.488692191,2828.25971,54.12762063,46.03888889,424.2389565,BK,KCC,-999.0,1110,0.120382257,0.174492845,0.267117439,-0.054110588,BK.KCC,1110,0.120382257,88.5789032,1011.630005,10.74110031,0.12038225735366392,1110,970.1528663793118,951.2184540841412,930.3185852802392,1052.124277031463
100073,RSN19158,44,19158, KCC,3.9,36.6979,-121.3332,5.002,192.27,1252,37.3236,-119.3187,18.2875,18.475,-0.000172048,-0.000139146,3.69e-05,4.75e-05,1.236462347,0.166120751,88.79334837,5.179664862,6.018382641,0.453785606,2598.064892,3.622063158,3.770894309,389.7097338,BK,KCC,-999.0,1040,0.18552156,0.174492845,0.267117439,0.011028714,BK.KCC,1040,0.18552156,88.5789032,1011.630005,10.74110031,0.18552155952462535,1040,844.7879801902167,922.2648123661963,889.9555912846164,1012.4286308687883
100073,RSN18392,44,18392, KCC,5.0,35.9583,-120.4981,10.69,184.6,1252,37.3236,-119.3187,23.8,24.05,0.003564402,0.003129423,0.000547137,0.000809405,1.1389965,0.160501041,86.96897218,5.179664862,6.221773024,0.41887902,2566.220389,4.403731136,5.719633291,384.9330584,BK,KCC,-999.0,1030,0.19518347,0.174492845,0.267117439,0.020690625,BK.KCC,1030,0.19518347,88.5789032,1011.630005,10.74110031,0.19518347043636197,1030,833.2071004070606,930.7487186296094,855.9228217188991,998.0158460631301
100073,RSN11044,44,11044, KCC,4.3,37.0995,-121.4909,3.361,194.41,1252,37.3236,-119.3187,23.1875,23.2875,-0.003125695,-0.002564221,0.000579252,0.000703787,1.218964983,0.168393455,89.29547647,5.179664862,5.93802414,0.436332313,2536.448872,4.441251401,4.426779709,380.4673308,BK,KCC,-999.0,1021,0.203959733,0.174492845,0.267117439,0.029466888,BK.KCC,1021,0.203959733,88.5789032,1011.630005,10.74110031,0.20395973349537844,1021,842.18404830412,911.3301910936759,874.4268134772796,989.7693517823897
100091,RSN14493,49,14493, BEL,4.01,33.2617,-116.0659,5.761,82.19,796,34.0006,-115.9982,27.28,27.42,-0.000904187,-0.000951643,2.67e-05,6.04e-06,0.950132982,0.164792763,86.59420195,5.179664862,6.057510055,0.383972435,2252.442659,149.6998344,35.64205993,337.8663989,CI,BEL,-999.0,932,-0.157733629,0.085610816,0.178235409,-0.243344444,CI.BEL,932,-0.157733629,14.83349991,1330.719971,1.703959942,-0.1577336288412079,932,768.0259697205915,1004.9608187247928,886.666866914144,781.207522449085
100091,RSN15148,49,15148, BEL,3.9,33.867,-117.1038,11.856,103.29,796,34.0006,-115.9982,24.6,24.7,0.001087614,0.001843527,0.000151355,2.3e-05,0.58996366,0.159114974,83.92480187,5.179664862,6.24946745,0.261799388,1653.563216,47.28756522,12.18015262,248.0344824,CI,BEL,-999.0,734,0.081090157,0.085610816,0.178235409,-0.004520658,CI.BEL,734,0.081090157,14.83349991,1330.719971,1.703959942,0.0810901572298679,734,712.9488856279494,853.2115346857503,644.0171672312275,626.6401094738345
100091,RSN16088,49,16088, BEL,3.58,33.827,-117.0296,15.131,97.31,796,34.0006,-115.9982,16.2,16.28,0.000264893,0.000639394,5.18e-05,7.89e-06,0.414287275,0.156448687,81.62631328,5.179664862,6.323730411,0.191986218,1246.264454,33.57325729,12.34351351,186.9396681,CI,BEL,-999.0,680,0.157506388,0.085610816,0.178235409,0.071895572,CI.BEL,680,0.157506388,14.83349991,1330.719971,1.703959942,0.15750638767423109,680,642.6998043490383,800.512391271465,585.7305466288257,585.9775315082377
100091,RSN13817,49,13817, BEL,4.17,34.3277,-116.829,4.957,84.76,796,34.0006,-115.9982,21.5,21.59,0.000890871,0.00244091,0.000201964,4.46e-05,0.364974843,0.166045565,87.27050765,5.179664862,6.015610792,0.174532925,1048.343304,19.9746861,12.08586679,157.2514956,CI,BEL,-999.0,618,0.253110728,0.085610816,0.178235409,0.167499913,CI.BEL,618,0.253110728,14.83349991,1330.719971,1.703959942,0.2531107283866927,618,683.2439252563983,762.8081348974891,543.0780212659473,529.090480638426
100091,RSN16746,49,16746, BEL,3.72,33.1099,-116.0467,7.494,98.89,796,34.0006,-115.9982,31.63,31.69,-0.000181162,-0.000252159,5.92e-05,3.58e-05,0.718444318,0.163208802,86.1698517,5.179664862,6.113435346,0.314159265,1878.979801,5.060391061,4.259442568,281.8469702,CI,BEL,-999.0,810,-0.017435062,0.085610816,0.178235409,-0.103045877,CI.BEL,810,-0.017435062,14.83349991,1330.719971,1.703959942,-0.017435061822101083,810,719.2654015713122,895.6248540677445,778.4611085498657,701.7632871332231
100091,RSN15385,49,15385, BEL,3.99,34.0514,-117.2429,14.998,115.1,796,34.0006,-115.9982,21.95,22.07,0.000261707,0.000583171,3.41e-05,7.04e-06,0.448765472,0.157053578,82.9997227,5.179664862,6.319789549,0.20943951,1332.653141,37.17428977,17.10178886,199.8979712,CI,BEL,-999.0,712,0.111521274,0.085610816,0.178235409,0.025910459,CI.BEL,712,0.111521274,14.83349991,1330.719971,1.703959942,0.11152127443240722,712,675.6988173980403,825.3853765476146,642.5160345679461,601.3978080467112
100091,RSN16578,49,16578, BEL,3.69,33.735,-117.4936,9.693,141.47,796,34.0006,-115.9982,17.48,17.57,0.00014818,0.000331633,2.97e-05,4.46e-06,0.446818487,0.161176036,86.44690301,5.179664862,6.192470162,0.20943951,1293.836479,33.22421525,11.16609428,194.0754719,CI,BEL,-999.0,698,0.131380083,0.085610816,0.178235409,0.045769268,CI.BEL,698,0.131380083,14.83349991,1330.719971,1.703959942,0.13138008308201066,698,766.1776619736431,843.3029013142419,694.2579095013359,623.1193821482701
100091,RSN15555,49,15555, BEL,4.06,32.6823,-116.088,9.762,146.45,796,34.0006,-115.9982,26.2,26.31,-0.000217628,-0.000384977,1.07e-05,1.26e-05,0.565303008,0.161134313,86.54195926,5.179664862,6.194703173,0.261799388,1580.460094,17.27206349,35.97915888,237.0690141,CI,BEL,-999.0,735,0.079728687,0.085610816,0.178235409,-0.005882129,CI.BEL,735,0.079728687,14.83349991,1330.719971,1.703959942,0.07972868663154653,735,886.3210822976338,889.9778847060359,750.7962525394037,640.2940987601881
100091,RSN8317,49,8317, BEL,4.27,33.9173,-117.7758,7.0,164.21,796,34.0006,-115.9982,15.3,15.4,0.001449592,0.002250213,0.000883323,0.000500218,0.644202327,0.163803431,87.8789036,5.179664862,6.100695365,0.27925268,1720.634545,2.897920507,2.547440744,258.0951818,CI,BEL,-999.0,757,0.050235932,0.085610816,0.178235409,-0.035374883,CI.BEL,757,0.050235932,14.83349991,1330.719971,1.703959942,0.05023593240693458,757,865.8665571217543,912.317422127704,766.3356102234686,653.0488191442081
100091,RSN16512,49,16512, BEL,3.61,34.2449,-117.4464,12.48,136.32,796,34.0006,-115.9982,13.7,13.84,4.71e-05,8.79e-05,2.22e-05,3.92e-06,0.535658738,0.159117619,85.13943024,5.179664862,6.262058538,0.244346095,1529.303446,12.01530612,3.959459459,229.3955169,CI,BEL,-999.0,779,0.02158814,0.085610816,0.178235409,-0.064022676,CI.BEL,779,0.02158814,14.83349991,1330.719971,1.703959942,0.021588139973634846,779,790.9549538591384,922.888689306086,727.1343846676073,685.6655273454876
100091,RSN17407,49,17407, BEL,3.66,34.2987,-116.8617,15.28,86.23,796,34.0006,-115.9982,15.81,15.89,0.000164947,0.00066613,3.01e-05,2.04e-05,0.247620289,0.155842275,80.46336424,5.179664862,6.328063842,0.122173048,776.9543269,8.085637255,22.13056478,116.543149,CI,BEL,-999.0,489,0.487236696,0.085610816,0.178235409,0.401625881,CI.BEL,489,0.487236696,14.83349991,1330.719971,1.703959942,0.4872366963695107,489,427.1106916618208,545.9241304623171,397.3818815825946,406.9495515785828
100091,RSN16864,49,16864, BEL,3.6,34.2088,-117.5824,7.536,147.99,796,34.0006,-115.9982,40.78,40.86,0.000121074,0.000221267,4.62e-05,2.39e-05,0.547186333,0.163383855,87.4367442,5.179664862,6.114431914,0.244346095,1514.474562,5.065857741,4.789329004,227.1711843,CI,BEL,-999.0,774,0.028027312,0.085610816,0.178235409,-0.057583503,CI.BEL,774,0.028027312,14.83349991,1330.719971,1.703959942,0.028027312254655712,774,891.6409035172508,935.5420604921982,767.2194996080095,691.4821178242535
100091,RSN8767,49,8767, BEL,5.39,33.9465,-117.7667,14.89,163.55,796,34.0006,-115.9982,25.18,25.42,0.018378477,0.021237889,0.002295683,0.002273399,0.865362721,0.157735846,85.09940284,5.179664862,6.31653763,0.34906585,2209.793629,8.084140531,9.251228937,331.4690444,CI,BEL,-999.0,918,-0.142598205,0.085610816,0.178235409,-0.22820902,CI.BEL,918,-0.142598205,14.83349991,1330.719971,1.703959942,-0.14259820477610763,918,805.1403193604776,980.1488003636107,895.6728586252892,765.8229267475755
100091,RSN14700,49,14700, BEL,3.84,34.2268,-117.4407,8.593,135.43,796,34.0006,-115.9982,20.62,20.73,0.000317145,0.000966106,2.4e-05,6.93e-06,0.328270825,0.162296979,86.75684979,5.179664862,6.151676073,0.157079633,972.878693,45.76406926,40.25441667,145.931804,CI,BEL,-999.0,587,0.304574366,0.085610816,0.178235409,0.21896355,CI.BEL,587,0.304574366,14.83349991,1330.719971,1.703959942,0.3045743660162863,587,602.4543181320305,739.5960917589796,541.0867947191063,525.0903741306361
100091,RSN17120,49,17120, BEL,3.53,33.9634,-117.8198,13.862,168.38,796,34.0006,-115.9982,39.59,39.69,2.82e-05,0.000121054,7.17e-06,6.01e-06,0.23270239,0.158620707,85.59589003,5.179664862,6.285731951,0.122173048,719.7611287,4.6921797,16.88340307,107.9641693,CI,BEL,-999.0,464,0.539714634,0.085610816,0.178235409,0.454103818,CI.BEL,464,0.539714634,14.83349991,1330.719971,1.703959942,0.5397146336181278,464,460.38239387655045,539.4210778594216,407.6245840056445,393.47557056602557
100091,RSN13109,49,13109, BEL,4.06,33.2394,-116.2082,10.532,86.65,796,34.0006,-115.9982,13.45,13.52,-0.00192886,-0.002192454,0.000407911,0.000283174,0.879772592,0.159833942,83.6015162,5.179664862,6.217520851,0.366519143,2211.377811,6.811571684,5.374834216,331.7066717,CI,BEL,-999.0,918,-0.142598205,0.085610816,0.178235409,-0.22820902,CI.BEL,918,-0.142598205,14.83349991,1330.719971,1.703959942,-0.14259820477610763,918,800.9357733855128,985.2435095152958,871.090449513431,750.9350379786547
100091,RSN15686,49,15686, BEL,3.81,32.4923,-116.8468,13.18,185.03,796,34.0006,-115.9982,22.61,22.72,-6.53e-05,-7.73e-05,6.67e-06,6.25e-06,0.844967925,0.159018377,86.19215934,5.179664862,6.274698597,0.34906585,2160.127194,10.448,11.5892054,324.0190791,CI,BEL,-999.0,902,-0.125015334,0.085610816,0.178235409,-0.21062615,CI.BEL,902,-0.125015334,14.83349991,1330.719971,1.703959942,-0.12501533421824096,902,738.733285557948,971.1967225562081,886.0388439702957,771.6470015706046
100091,RSN12593,49,12593, BEL,4.11,33.5089,-116.8485,12.274,95.82,796,34.0006,-115.9982,15.7,15.78,0.002150437,0.002950239,0.000563935,0.000490578,0.728902812,0.158657131,83.16083188,5.179664862,6.258050482,0.314159265,1951.995278,4.383476226,5.231523137,292.7992917,CI,BEL,-999.0,834,-0.046634217,0.085610816,0.178235409,-0.132245032,CI.BEL,834,-0.046634217,14.83349991,1330.719971,1.703959942,-0.046634216514363835,834,736.908071349902,905.3118640849855,765.6686222566766,688.5176131684086
100091,RSN14379,49,14379, BEL,4.14,34.8632,-116.3444,6.474,100.84,796,34.0006,-115.9982,20.95,21.03,0.000163317,0.0002105,7.18e-05,6.13e-05,0.775850245,0.164096575,86.83517117,5.179664862,6.084678138,0.331612558,1975.000138,2.664225122,2.931754875,296.2500207,CI,BEL,-999.0,842,-0.056180828,0.085610816,0.178235409,-0.141791644,CI.BEL,842,-0.056180828,14.83349991,1330.719971,1.703959942,-0.05618082839794347,842,797.1442177721142,932.0976071777262,816.6285667422014,711.3226846476473
100091,RSN9323,49,9323, BEL,4.88,34.0655,-117.0011,17.501,92.9,796,34.0006,-115.9982,12.45,12.64,0.001976966,0.002596934,0.000115451,7.12e-05,0.761269257,0.15413044,79.72224984,5.179664862,6.383907006,0.331612558,2076.682979,27.7663764,22.49381989,311.5024469,CI,BEL,-999.0,875,-0.094624701,0.085610816,0.178235409,-0.180235516,CI.BEL,875,-0.094624701,14.83349991,1330.719971,1.703959942,-0.09462470051323102,875,879.663466863756,966.6904286202539,853.3400831712154,728.6307074025293
100091,RSN16245,49,16245, BEL,3.64,33.223,-116.7186,8.687,109.12,796,34.0006,-115.9982,33.04,33.23,-0.000377779,-0.00045958,8.69e-06,7e-06,0.822009379,0.162036228,85.89086652,5.179664862,6.155594857,0.34906585,2083.802438,53.96842857,52.88607595,312.5703657,CI,BEL,-999.0,877,-0.096907807,0.085610816,0.178235409,-0.182518622,CI.BEL,877,-0.096907807,14.83349991,1330.719971,1.703959942,-0.09690780652779996,877,737.6403713324739,957.9534224862679,881.7144184855895,756.2409417839089
100091,RSN10400,49,10400, BEL,4.45,34.1081,-117.3062,14.795,121.35,796,34.0006,-115.9982,11.7,11.83,0.001540626,0.002543127,0.000122497,2.71e-05,0.605799883,0.157350974,83.44215977,5.179664862,6.313637877,0.27925268,1711.9446,56.8496679,20.76072883,256.79169,CI,BEL,-999.0,754,0.054206818,0.085610816,0.178235409,-0.031403998,CI.BEL,754,0.054206818,14.83349991,1330.719971,1.703959942,0.05420681783642678,754,785.1709427821007,870.0841166021,704.1382475743678,630.5830317869985
100091,RSN15889,49,15889, BEL,3.96,32.6554,-116.1347,12.336,149.73,796,34.0006,-115.9982,23.37,23.51,-0.000146619,-0.00024733,1.05e-05,1.22e-05,0.592806736,0.159296408,85.62000506,5.179664862,6.25927157,0.261799388,1657.693718,12.01795082,23.5552381,248.6540577,CI,BEL,-999.0,736,0.078369067,0.085610816,0.178235409,-0.007241748,CI.BEL,736,0.078369067,14.83349991,1330.719971,1.703959942,0.0783690671155064,736,819.405944811184,876.1378916339814,714.253110874264,643.1569722268878
100091,RSN15612,49,15612, BEL,3.87,33.7513,-116.0218,8.756,27.74,796,34.0006,-115.9982,17.42,17.49,0.007904897,0.014574904,0.000694721,0.000514365,0.542363621,0.155603612,73.38975319,5.179664862,6.158414042,0.244346095,1579.212124,15.36826378,20.97950688,236.8818186,CI,BEL,-999.0,736,0.078369067,0.085610816,0.178235409,-0.007241748,CI.BEL,736,0.078369067,14.83349991,1330.719971,1.703959942,0.0783690671155064,736,678.6127830488239,856.8548363309327,645.4042334282301,637.6098509080127
100091,RSN16700,49,16700, BEL,3.73,33.5058,-116.7636,16.276,89.67,796,34.0006,-115.9982,18.8,18.87,0.000339583,0.000409755,0.000145861,6.25e-05,0.82874655,0.155038001,80.15210912,5.179664862,6.3549922,0.34906585,2189.039083,5.433328,2.809215623,328.3558625,CI,BEL,-999.0,911,-0.134943711,0.085610816,0.178235409,-0.220554527,CI.BEL,911,-0.134943711,14.83349991,1330.719971,1.703959942,-0.13494371141557515,911,689.2679149935827,968.5870877158162,830.1679698013149,764.3513628866497
100091,RSN8986,49,8986, BEL,5.2,33.5328,-116.5697,15.48,74.13,796,34.0006,-115.9982,20.59,20.74,0.03164686,0.034853301,0.000366791,9.17e-05,0.908001804,0.154867122,78.78065844,5.179664862,6.333749326,0.366519143,2325.528975,345.1129771,95.0222361,348.8293463,CI,BEL,-999.0,955,-0.182112155,0.085610816,0.178235409,-0.26772297,CI.BEL,955,-0.182112155,14.83349991,1330.719971,1.703959942,-0.18211215463634733,955,766.5815096339859,998.8827009978761,869.4728093420578,778.8763855787842
100091,RSN14983,49,14983, BEL,3.74,34.1651,-117.4332,7.875,133.7,796,34.0006,-115.9982,21.5,21.73,0.000262273,0.000293764,2e-05,7.05e-06,0.892799055,0.163123129,87.01853878,5.179664862,6.12204057,0.366519143,2185.896164,37.20184397,14.6882,327.8844246,CI,BEL,-999.0,910,-0.133845414,0.085610816,0.178235409,-0.219456229,CI.BEL,910,-0.133845414,14.83349991,1330.719971,1.703959942,-0.1338454136665126,910,766.9470971076285,1005.6327067963417,937.2098581666459,802.9316758741475
100091,RSN16812,49,16812, BEL,3.49,34.309,-116.9297,9.684,92.46,796,34.0006,-115.9982,13.12,13.21,0.00018882,0.000733542,1.47e-05,4.08e-06,0.257408391,0.16076376,84.54885278,5.179664862,6.192176404,0.122173048,781.151101,46.27941176,49.90081633,117.1726652,CI,BEL,-999.0,491,0.483155058,0.085610816,0.178235409,0.397544242,CI.BEL,491,0.483155058,14.83349991,1330.719971,1.703959942,0.4831550580498627,491,456.12974226890196,558.4566478701654,414.66943465597944,417.15652399980706
100091,RSN17313,49,17313, BEL,3.56,33.4509,-116.5827,10.563,81.56,796,34.0006,-115.9982,28.47,28.57,0.000315302,0.000395782,4.55e-05,3.8e-05,0.796657261,0.159677172,83.18335114,5.179664862,6.218365755,0.331612558,2064.760615,8.297421053,8.698505495,309.7140923,CI,BEL,-999.0,871,-0.090042791,0.085610816,0.178235409,-0.175653607,CI.BEL,871,-0.090042791,14.83349991,1330.719971,1.703959942,-0.09004279100811985,871,681.7085554155218,928.3020952820411,798.3585032991078,731.6618007539779
100091,RSN16934,49,16934, BEL,3.63,34.1242,-116.405,9.555,39.98,796,34.0006,-115.9982,11.86,11.92,0.00215355,0.009053399,0.000466745,9.37e-05,0.23787202,0.15765964,77.31244106,5.179664862,6.187901101,0.122173048,739.3930905,22.98345784,19.39688481,110.9089636,CI,BEL,-999.0,473,0.520503797,0.085610816,0.178235409,0.434892982,CI.BEL,473,0.520503797,14.83349991,1330.719971,1.703959942,0.5205037973524504,473,424.58166165988536,532.5552813323055,391.0039458933681,396.5109379594212
100091,RSN17480,49,17480, BEL,3.62,33.9521,-116.3635,9.067,34.18,796,34.0006,-115.9982,16.25,16.32,0.005188963,0.016751483,0.000211041,6.29e-06,0.309761417,0.157424619,76.26318558,5.179664862,6.170551665,0.157079633,951.4133125,824.954372,79.37549102,142.7119969,CI,BEL,-999.0,575,0.325229145,0.085610816,0.178235409,0.239618329,CI.BEL,575,0.325229145,14.83349991,1330.719971,1.703959942,0.3252291450470324,575,521.2620571928146,673.1252566812269,477.3141632286558,487.6462049092014
100091,RSN10910,49,10910, BEL,4.26,33.8776,-116.2019,10.062,23.25,796,34.0006,-115.9982,16.26,16.32,-0.008873149,-0.024717884,0.000913813,6.7e-05,0.358976908,0.149037077,67.61279194,5.179664862,6.204033973,0.174532925,1150.935996,132.4350597,27.04917089,172.6403994,CI,BEL,-999.0,645,0.210348869,0.085610816,0.178235409,0.124738053,CI.BEL,645,0.210348869,14.83349991,1330.719971,1.703959942,0.2103488690486106,645,620.479150881471,779.7743719336343,543.2202433811507,547.3476945334043
100091,RSN17647,49,17647, BEL,3.47,33.8029,-116.1786,7.366,27.55,796,34.0006,-115.9982,19.1,19.17,0.004367615,0.007289641,9.78e-05,5.24e-05,0.599153641,0.158962062,76.2420152,5.179664862,6.110319177,0.261799388,1674.563842,83.3514313,74.53620654,251.1845763,CI,BEL,-999.0,742,0.070249943,0.085610816,0.178235409,-0.015360873,CI.BEL,742,0.070249943,14.83349991,1330.719971,1.703959942,0.07024994267700269,742,706.7294829660897,865.2537437486668,664.5962755294828,639.0662872321568
100091,RSN15251,49,15251, BEL,3.86,34.1976,-117.3882,14.177,130.12,796,34.0006,-115.9982,24.05,24.23,0.00042843,0.000888782,4.54e-06,1.23e-05,0.482041712,0.158063409,84.16762059,5.179664862,6.293825021,0.226892803,1409.575426,34.83170732,195.7669604,211.4363139,CI,BEL,-999.0,738,0.075655361,0.085610816,0.178235409,-0.009955454,CI.BEL,738,0.075655361,14.83349991,1330.719971,1.703959942,0.07565536124391059,738,749.8987135714409,874.3156003952394,692.3777158637156,648.5247319181823
100091,RSN17362,49,17362, BEL,3.56,33.0804,-116.4826,10.835,111.54,796,34.0006,-115.9982,31.75,31.79,-0.000800639,-0.001206113,0.000390972,0.000176838,0.663817917,0.159989915,84.89082177,5.179664862,6.225560001,0.296705973,1806.803,4.52752802,3.084908894,271.02045,CI,BEL,-999.0,786,0.012642393,0.085610816,0.178235409,-0.072968422,CI.BEL,786,0.012642393,14.83349991,1330.719971,1.703959942,0.012642393415176478,786,762.1567457826293,902.629405696443,725.0579016359275,664.4828284171986
100091,RSN17070,49,17070, BEL,3.52,34.2098,-116.4371,4.645,46.68,796,34.0006,-115.9982,18.13,18.2,0.000339044,0.001103762,0.000187027,2.81e-05,0.307171067,0.16627241,85.36915187,5.179664862,5.994593769,0.157079633,893.893077,12.06562278,5.901618483,134.0839616,CI,BEL,-999.0,544,0.380649939,0.085610816,0.178235409,0.295039123,CI.BEL,544,0.380649939,14.83349991,1330.719971,1.703959942,0.3806499389884408,544,534.6383049991651,643.7424676539329,463.154672933882,466.89818141045237
100091,RSN15522,49,15522, BEL,3.68,34.7251,-116.0506,2.727,80.51,796,34.0006,-115.9982,22.15,22.23,-0.000137241,-0.000173142,4.62e-05,1.85e-05,0.792650961,0.168365961,88.74767021,5.179664862,5.93802414,0.331612558,1951.859857,7.418432432,3.747662338,292.7789786,CI,BEL,-999.0,834,-0.046634217,0.085610816,0.178235409,-0.132245032,CI.BEL,834,-0.046634217,14.83349991,1330.719971,1.703959942,-0.046634216514363835,834,797.5287103273445,923.2415729052537,802.7947559871875,722.8206729048545
100091,RSN17833,49,17833, BEL,3.14,33.0622,-115.8937,7.729,104.53,796,34.0006,-115.9982,30.4,30.55,-0.000106884,-0.000133529,8.62e-06,5.03e-06,0.80045582,0.163081612,86.26217283,5.179664862,6.11885537,0.331612558,2027.840156,21.24930417,15.49060325,304.1760234,CI,BEL,-999.0,859,-0.076169736,0.085610816,0.178235409,-0.161780552,CI.BEL,859,-0.076169736,14.83349991,1330.719971,1.703959942,-0.07616973613987188,859,707.9703823886016,940.9386726041565,807.1371006514627,740.1837719292312
100091,RSN14285,49,14285, BEL,4.19,33.4453,-116.439,8.875,73.91,796,34.0006,-115.9982,21.82,21.87,-0.000710782,-0.001216282,7.76e-05,3.48e-05,0.584389148,0.16129238,83.75808565,5.179664862,6.16316588,0.261799388,1619.539037,20.42477011,15.67373711,242.9308556,CI,BEL,-999.0,723,0.096189964,0.085610816,0.178235409,0.010579148,CI.BEL,723,0.096189964,14.83349991,1330.719971,1.703959942,0.09618996368561827,723,732.6498577063196,856.5992336457649,666.0705856158072,615.8573640678106
100091,RSN17896,49,17896, BEL,4.04,36.3911,-117.8665,9.439,315.1,796,34.0006,-115.9982,11.73,11.86,9.72e-05,0.000194976,8.39e-06,7.22e-06,0.498431691,0.161650189,88.45558475,5.179664862,6.183950287,0.226892803,1416.365808,13.46260388,23.23909416,212.4548712,CI,BEL,-999.0,741,0.071598561,0.085610816,0.178235409,-0.014012255,CI.BEL,741,0.071598561,14.83349991,1330.719971,1.703959942,0.0715985605482965,741,940.462408192105,830.4032065813103,737.4770909691032,622.8852909774382
100091,RSN14217,49,14217, BEL,3.94,32.7219,-116.8133,20.237,160.83,796,34.0006,-115.9982,15.23,15.34,-0.000188375,-0.000229188,6.13e-06,3.49e-06,0.821923696,0.15414492,83.10146116,5.179664862,6.440435438,0.34906585,2190.337255,53.9756447,37.38792822,328.5505883,CI,BEL,-999.0,912,-0.136040804,0.085610816,0.178235409,-0.22165162,CI.BEL,912,-0.136040804,14.83349991,1330.719971,1.703959942,-0.1360408042299479,912,882.1701342861618,1005.8737889389508,948.2647883777465,791.5414075162142
100091,RSN18321,49,18321, BEL,3.05,33.5043,-116.561,11.461,75.82,796,34.0006,-115.9982,14.6,14.66,3.44e-05,6.45e-05,1.36e-05,1.6e-05,0.533002884,0.158659651,81.9537063,5.179664862,6.240750508,0.244346095,1527.715046,2.15,4.742647059,229.1572569,CI,BEL,-999.0,779,0.02158814,0.085610816,0.178235409,-0.064022676,CI.BEL,779,0.02158814,14.83349991,1330.719971,1.703959942,0.021588139973634846,779,657.3337583008959,901.0022536125064,640.7636061500007,662.2513984216163
100091,RSN9862,49,9862, BEL,4.59,34.9977,-119.1926,10.662,313.53,796,34.0006,-115.9982,9.3,9.57,8.4e-05,0.000137217,8.81e-06,3.38e-06,0.612149718,0.160668083,88.22623412,5.179664862,6.221029194,0.27925268,1689.671782,24.85207101,15.57514188,253.4507673,CI,BEL,-999.0,747,0.063534001,0.085610816,0.178235409,-0.022076815,CI.BEL,747,0.063534001,14.83349991,1330.719971,1.703959942,0.06353400071156567,747,988.5018728945353,832.4341902302639,743.9418109429346,622.6292472546191
100091,RSN15097,49,15097, BEL,3.78,34.1353,-117.4476,5.857,134.63,796,34.0006,-115.9982,20.59,20.71,0.00014137,0.000311114,7.71e-06,3.93e-06,0.454399594,0.164862584,87.90855646,5.179664862,6.061617088,0.20943951,1282.862053,35.97201018,40.35201038,192.429308,CI,BEL,-999.0,694,0.137127225,0.085610816,0.178235409,0.05151641,CI.BEL,694,0.137127225,14.83349991,1330.719971,1.703959942,0.13712722533757837,694,751.0732700119789,837.4966005412665,684.9413053668761,624.5038976072001
100091,RSN15728,49,15728, BEL,3.81,32.9942,-116.2977,5.726,115.04,796,34.0006,-115.9982,12.88,13.01,-0.000798524,-0.000837847,0.00027603,0.000289031,0.953066783,0.164982015,87.60511381,5.179664862,6.055972626,0.383972435,2253.797652,2.762762472,3.035347607,338.0696478,CI,BEL,-999.0,932,-0.157733629,0.085610816,0.178235409,-0.243344444,CI.BEL,932,-0.157733629,14.83349991,1330.719971,1.703959942,-0.1577336288412079,932,795.500940326373,1010.0867362544878,908.1148409166158,798.1835822639359
100091,RSN14428,49,14428, BEL,4.05,32.7091,-116.0396,7.817,143.29,796,34.0006,-115.9982,36.48,36.58,-0.000401207,-0.000577669,2.62e-05,9.55e-06,0.694527426,0.163189631,87.25150926,5.179664862,6.120791156,0.296705973,1828.815197,42.01120419,22.04843511,274.3222796,CI,BEL,-999.0,794,0.002515725,0.085610816,0.178235409,-0.083095091,CI.BEL,794,0.002515725,14.83349991,1330.719971,1.703959942,0.0025157245972469156,794,922.4409034635668,952.055330119676,814.7881716083089,684.1304581198227
100091,RSN17238,49,17238, BEL,3.53,34.2894,-116.8271,6.278,82.89,796,34.0006,-115.9982,29.39,29.47,0.00043056,0.001486827,7.72e-05,2.42e-05,0.289583218,0.164181828,86.27184919,5.179664862,6.07791863,0.13962634,855.4317189,17.79173554,19.2594171,128.3147578,CI,BEL,-999.0,524,0.418107502,0.085610816,0.178235409,0.332496686,CI.BEL,524,0.418107502,14.83349991,1330.719971,1.703959942,0.4181075015233411,524,484.19672155282166,596.584353875225,441.988272127651,445.70916671068954
100091,RSN15346,49,15346, BEL,3.87,33.928,-116.7858,18.501,73.24,796,34.0006,-115.9982,21.44,21.52,0.002318641,0.005232752,0.000181805,4.42e-05,0.443101609,0.151718388,76.33809491,5.179664862,6.40467109,0.20943951,1364.868016,52.45794118,28.78222271,204.7302024,CI,BEL,-999.0,723,0.096189964,0.085610816,0.178235409,0.010579148,CI.BEL,723,0.096189964,14.83349991,1330.719971,1.703959942,0.09618996368561827,723,829.2572979772016,855.1985898999618,680.0135286378772,625.1660616920526
100091,RSN13371,49,13371, BEL,3.9,34.4032,-118.651,13.612,248.54,796,34.0006,-115.9982,9.52,9.64,-1.88e-05,-3.17e-05,1.02e-05,8.55e-06,0.593227502,0.15898238,87.07697428,5.179664862,6.281821568,0.261799388,1661.858193,2.198830409,3.107843137,249.278729,CI,BEL,-999.0,737,0.077011294,0.085610816,0.178235409,-0.008599522,CI.BEL,737,0.077011294,14.83349991,1330.719971,1.703959942,0.07701129365504666,737,991.9459601508635,890.7469529625645,720.0337228906245,643.0152503331404
100091,RSN10030,49,10030, BEL,4.18,34.3617,-118.6637,11.151,248.97,796,34.0006,-115.9982,16.7,16.95,-0.000225176,-0.000367357,7.22e-05,5.36e-05,0.612962075,0.160289423,87.64663017,5.179664862,6.233452986,0.27925268,1695.332731,4.201044776,5.088047091,254.2999097,CI,BEL,-999.0,749,0.060860202,0.085610816,0.178235409,-0.024750613,CI.BEL,749,0.060860202,14.83349991,1330.719971,1.703959942,0.060860202327163826,749,1065.3030847393647,910.9648164324374,747.5328643543334,638.2796702983119
100091,RSN17742,49,17742, BEL,3.63,32.7081,-116.029,7.885,143.38,796,34.0006,-115.9982,37.0,37.09,-0.00012732,-0.000209137,6.63e-06,1.1e-05,0.608787592,0.16314688,87.22413556,5.179664862,6.12225391,0.27925268,1657.195226,11.57454545,31.54404223,248.5792839,CI,BEL,-999.0,736,0.078369067,0.085610816,0.178235409,-0.007241748,CI.BEL,736,0.078369067,14.83349991,1330.719971,1.703959942,0.0783690671155064,736,881.5360658361009,891.1723365803233,748.1744595484695,656.056028543174
100091,RSN12830,49,12830, BEL,4.02,33.7129,-116.0516,12.808,32.29,796,34.0006,-115.9982,19.68,19.72,-0.007033751,-0.015715847,0.003087571,0.001031057,0.447557852,0.149087258,69.14800146,5.179664862,6.268161535,0.20943951,1400.690964,6.821883756,5.090035824,210.1036446,CI,BEL,-999.0,735,0.079728687,0.085610816,0.178235409,-0.005882129,CI.BEL,735,0.079728687,14.83349991,1330.719971,1.703959942,0.07972868663154653,735,647.8751604919777,854.7475285865357,628.2400547019139,620.2866988613345
100091,RSN13209,49,13209, BEL,4.19,34.3571,-116.8418,9.486,87.25,796,34.0006,-115.9982,18.55,18.65,0.000697535,0.001613375,0.000128032,4.94e-05,0.432345251,0.160885415,84.36461493,5.179664862,6.185563454,0.20943951,1260.647663,14.1201417,12.60134185,189.0971495,CI,BEL,-999.0,685,0.150180348,0.085610816,0.178235409,0.064569532,CI.BEL,685,0.150180348,14.83349991,1330.719971,1.703959942,0.15018034758215748,685,678.6869715585626,809.0062730070415,625.0887414493159,581.5839303150445
100091,RSN14529,49,14529, BEL,3.78,34.0294,-116.7534,14.93,69.83,796,34.0006,-115.9982,19.96,20.02,0.000180707,0.000908461,3.93e-05,1.03e-05,0.198915173,0.155064086,78.42296004,5.179664862,6.317747533,0.104719755,632.5212695,17.54436893,23.11605598,94.87819043,CI,BEL,-999.0,427,0.622815173,0.085610816,0.178235409,0.537204357,CI.BEL,427,0.622815173,14.83349991,1330.719971,1.703959942,0.6228151726157583,427,381.76509508432383,487.8540805848051,356.5043479176693,388.2792539915434
100091,RSN13179,49,13179, BEL,4.11,33.7104,-116.0457,12.559,32.49,796,34.0006,-115.9982,16.1,16.17,-0.02185078,-0.042952438,0.001281012,0.000380705,0.508720365,0.149592809,69.55097494,5.179664862,6.263559029,0.226892803,1555.983371,57.39556875,33.53008247,233.3975057,CI,BEL,-999.0,759,0.047597408,0.085610816,0.178235409,-0.038013407,CI.BEL,759,0.047597408,14.83349991,1330.719971,1.703959942,0.04759740844875271,759,669.0302677733483,882.6576519689531,644.7686343960627,635.0474754242273
100091,RSN12732,49,12732, BEL,4.26,33.9538,-116.3912,7.696,36.69,796,34.0006,-115.9982,23.22,23.27,0.007094904,0.014368909,0.005116951,0.001327009,0.493767803,0.160537465,79.16937116,5.179664862,6.118116656,0.226892803,1415.343695,5.346537966,2.808099784,212.3015543,CI,BEL,-999.0,740,0.072949,0.085610816,0.178235409,-0.012661816,CI.BEL,740,0.072949,14.83349991,1330.719971,1.703959942,0.07294899964616786,740,745.4329909807036,875.9927024229828,674.8107417422148,626.596996246738
100109,RSN9020,58,9020, GOR,5.2,33.5328,-116.5697,15.48,74.41,559,33.1537,-117.2292,19.41,19.58,0.02369514,0.016729279,0.000658687,0.000186635,1.416387415,0.154867122,78.78065844,5.179664862,6.333749326,0.471238898,2966.234543,126.9597878,25.39791889,444.9351815,CI,GOR,5.44,1151,-0.722236936,-0.63447892,-0.541854327,-0.087758015,CI.GOR,859,-0.429619449,9.207229614,125.9499969,2.980380058,-0.4296194488291558,859,559.8830938884049,690.8786320818434,694.6756501384083,646.2632623743004
100109,RSN15358,58,15358, GOR,3.87,33.928,-116.7858,18.501,95.24,559,33.1537,-117.2292,22.24,22.33,-0.000399698,-0.000342551,3.3e-05,1.69e-05,1.166826816,0.153498326,79.45337688,5.179664862,6.40467109,0.436332313,2725.593783,23.65076923,10.38033333,408.8390675,CI,GOR,5.44,1079,-0.657640492,-0.63447892,-0.541854327,-0.023161572,CI.GOR,806,-0.365934269,9.207229614,125.9499969,2.980380058,-0.36593426935152884,806,547.1072361916218,663.1495347436146,712.9454710567792,618.3208717014054
100109,RSN13996,58,13996, GOR,4.15,33.638,-116.7082,12.649,72.35,559,33.1537,-117.2292,13.76,13.82,-0.002755463,-0.003088443,0.000237066,6.99e-05,0.892184971,0.157504824,80.6824719,5.179664862,6.265244507,0.366519143,2262.942485,39.42007153,13.02777707,339.4413728,CI,GOR,5.44,935,-0.514397056,-0.63447892,-0.541854327,0.120081864,CI.GOR,698,-0.22206963,9.207229614,125.9499969,2.980380058,-0.22206962960727328,698,595.3501744119361,570.8723827234573,636.1966160189135,531.1160072694717
100109,RSN12846,58,12846, GOR,4.02,33.7129,-116.0516,12.808,125.85,559,33.1537,-117.2292,24.8,24.88,0.001286684,0.001064527,0.000177449,0.000262076,1.208690747,0.15881796,84.56036574,5.179664862,6.268161535,0.436332313,2678.769856,4.90958348,5.999058885,401.8154784,CI,GOR,5.44,1064,-0.643641197,-0.63447892,-0.541854327,-0.009162277,CI.GOR,794,-0.350933988,9.207229614,125.9499969,2.980380058,-0.350933988092037,794,558.0638377623657,643.4357977590932,694.6289667811161,610.2994120809182
100112,RSN15361,60,15361, JVA,3.87,33.928,-116.7858,18.501,51.16,388,34.3662,-116.6127,23.61,23.74,-0.007141126,-0.021101376,2.81e-05,3.01e-05,0.338419935,0.14736939,70.70893293,5.179664862,6.40467109,0.157079633,1101.275437,237.246711,750.9386477,165.1913156,CI,JVA,1.53,633,-0.489465083,-0.254189139,-0.161564546,-0.235275943,CI.JVA,266,0.377509031,2.530819893,902.1489868,2.540930033,0.3775090308415745,266,281.74250237809457,230.93215309006715,226.04395604857726,202.14934576627365
100112,RSN14731,60,14731, JVA,3.84,34.2268,-117.4407,8.593,77.78,388,34.3662,-116.6127,21.04,21.14,0.001574468,0.006907143,0.000167162,0.000320287,0.227947775,0.161752057,84.2946319,5.179664862,6.151676073,0.104719755,690.8097542,4.915803639,41.3200548,103.6214631,CI,JVA,1.53,450,-0.148242243,-0.254189139,-0.161564546,0.105946896,CI.JVA,450,-0.148242243,2.530819893,902.1489868,2.540930033,-0.1482422431410919,450,419.5413244699914,376.96879807798405,382.5508969234231,358.5596869107744
100112,RSN13190,60,13190, JVA,4.11,33.7104,-116.0457,12.559,89.63,388,34.3662,-116.6127,17.51,17.57,-0.000131102,-0.000545663,5.4e-05,1.18e-05,0.240261422,0.158293924,82.51690921,5.179664862,6.263559029,0.122173048,743.430755,11.11033898,10.10487037,111.5146133,CI,JVA,1.53,474,-0.200201982,-0.254189139,-0.161564546,0.053987157,CI.JVA,474,-0.200201982,2.530819893,902.1489868,2.540930033,-0.20020198207180329,474,416.81093839753146,381.50095875939144,386.30527932401407,354.68571914459466
100112,RSN13534,60,13534, JVA,4.06,32.7797,-117.3507,7.174,188.83,388,34.3662,-116.6127,9.89,10.04,-0.000270949,-0.000570652,5.28e-05,5.9e-05,0.474806421,0.163699991,88.10900699,5.179664862,6.105409111,0.226892803,1344.237645,4.592355932,10.80780303,201.6356468,CI,JVA,1.53,716,-0.612674827,-0.254189139,-0.161564546,-0.358485688,CI.JVA,301,0.253895075,2.530819893,902.1489868,2.540930033,0.2538950748743982,301,340.9545649292169,256.65050333261416,303.49855590038766,239.63565107843218
100112,RSN17502,60,17502, JVA,3.62,33.9521,-116.3635,9.067,51.36,388,34.3662,-116.6127,18.25,18.31,0.001260556,0.004729685,0.000196948,0.00014649,0.266520157,0.15999111,80.83487884,5.179664862,6.170551665,0.122173048,810.9256432,8.605065192,24.01489226,121.6388465,CI,JVA,1.53,503,-0.25958483,-0.254189139,-0.161564546,-0.005395691,CI.JVA,503,-0.25958483,2.530819893,902.1489868,2.540930033,-0.25958483047646563,503,452.5221190792152,408.8700536264686,414.5803771911845,380.41108478048267
100112,RSN15628,60,15628, JVA,3.87,33.7513,-116.0218,8.756,87.34,388,34.3662,-116.6127,22.03,22.13,0.00198151,0.007009305,0.000112102,3.36e-05,0.282697036,0.161723111,84.84666159,5.179664862,6.158414042,0.13962634,849.3033392,58.9735119,62.52613691,127.3955009,CI,JVA,1.53,520,-0.292823472,-0.254189139,-0.161564546,-0.038634333,CI.JVA,520,-0.292823472,2.530819893,902.1489868,2.540930033,-0.2928234719521994,520,475.7902599079277,429.1369481515042,438.8160529842866,391.7545600721771
100112,RSN16267,60,16267, JVA,3.64,33.223,-116.7186,8.687,127.18,388,34.3662,-116.6127,28.45,28.5,-0.000319421,-0.000808135,0.000388378,0.000146215,0.395256214,0.162147524,86.48097032,5.179664862,6.155594857,0.191986218,1154.592673,2.184598023,2.080794999,173.188901,CI,JVA,1.53,646,-0.509794164,-0.254189139,-0.161564546,-0.255605025,CI.JVA,271,0.358886519,2.530819893,902.1489868,2.540930033,0.3588865187435726,271,293.37908343704385,230.64037453174635,263.16524840498346,212.58340662196065
100112,RSN14450,60,14450, JVA,4.05,32.7091,-116.0396,7.817,191.35,388,34.3662,-116.6127,43.29,43.36,-4.6e-05,-0.000217008,1.32e-05,6.59e-06,0.212085028,0.163272516,87.94516917,5.179664862,6.120791156,0.104719755,638.8488857,6.980273141,16.44,95.82733286,CI,JVA,1.53,429,-0.100451579,-0.254189139,-0.161564546,0.15373756,CI.JVA,429,-0.100451579,2.530819893,902.1489868,2.540930033,-0.10045157930474335,429,461.2122514546067,380.7215938485091,405.77601326024603,368.12196484828456
100112,RSN11395,60,11395, JVA,4.73,33.7328,-117.4921,10.018,107.37,388,34.3662,-116.6127,23.43,23.5,-0.000779457,-0.003261008,0.000787306,0.000117558,0.239023511,0.160639753,85.13724392,5.179664862,6.202702587,0.122173048,729.0019207,6.630403716,4.141982914,109.3502881,CI,JVA,1.53,468,-0.187462956,-0.254189139,-0.161564546,0.066726183,CI.JVA,468,-0.187462956,2.530819893,902.1489868,2.540930033,-0.18746295629437348,468,424.8355662089881,384.57397006430955,393.09086500765727,356.90815380828286
100112,RSN19376,60,19376, JVA,3.43,34.1381,-117.4717,5.767,83.07,388,34.3662,-116.6127,30.7,30.74,0.001833362,0.00958036,0.00405185,0.000564275,0.191366754,0.164792074,86.63192218,5.179664862,6.057771424,0.087266463,572.4742774,3.24905764,2.364440934,85.87114161,CI,JVA,1.53,405,-0.042881727,-0.254189139,-0.161564546,0.211307412,CI.JVA,405,-0.042881727,2.530819893,902.1489868,2.540930033,-0.04288172748326513,405,378.7966411475726,342.3983611060194,351.655649569242,335.43763181823516
100112,RSN9363,60,9363, JVA,4.88,34.0655,-117.0011,17.501,48.92,388,34.3662,-116.6127,15.39,15.45,0.00183255,0.012505998,0.003610091,0.000639645,0.146533697,0.148135075,71.02852468,5.179664862,6.383907006,0.06981317,490.5660212,2.864948526,3.46417805,73.58490318,CI,JVA,1.53,370,0.047502334,-0.254189139,-0.161564546,0.301691473,CI.JVA,370,0.047502334,2.530819893,902.1489868,2.540930033,0.04750233398500381,370,391.24018547148535,391.2647645635196,385.39931369404604,392.51083597019493
100117,RSN18217,63,18217, LRL,4.36,36.3932,-117.8644,8.798,102.71,511,35.4795,-117.6821,11.01,11.21,-0.010267242,-0.007986439,0.000117662,8.35e-05,1.285584456,0.161853154,85.58507065,5.179664862,6.160106881,0.453785606,2713.744373,122.960982,67.87611123,407.061656,CI,LRL,-999.0,1075,-0.74370635,-0.628944422,-0.536319829,-0.114761928,CI.LRL,1075,-0.74370635,22.71949959,1283.589966,5.832890034,-0.7437063503580585,1075,878.4867959683477,1097.687991000569,875.7772113301475,990.384219580705
100117,RSN8810,63,8810, LRL,5.39,33.9465,-117.7667,14.89,170.24,511,35.4795,-117.6821,24.23,24.46,0.010708416,0.015618538,0.001693686,0.000359841,0.68562218,0.157782559,85.30145787,5.179664862,6.31653763,0.296705973,1874.479786,29.75874345,9.221625496,281.1719679,CI,LRL,-999.0,809,-0.459429327,-0.628944422,-0.536319829,0.169515096,CI.LRL,809,-0.459429327,22.71949959,1283.589966,5.832890034,-0.4594293268547869,809,851.3624560855134,857.2217628413189,700.2736297816283,774.8088767100235
100117,RSN12894,63,12894, LRL,4.11,36.0312,-117.7658,4.03,61.68,511,35.4795,-117.6821,21.74,21.84,0.001171391,0.001186809,9.96e-05,0.00012503,0.987009004,0.168103051,87.10901904,5.179664862,5.941161117,0.383972435,2255.729908,9.368879469,11.91575301,338.3594862,CI,LRL,-999.0,933,-0.602035611,-0.628944422,-0.536319829,0.026908812,CI.LRL,933,-0.602035611,22.71949959,1283.589966,5.832890034,-0.6020356106436395,933,868.8100801657177,949.9223196277909,775.8048557429876,857.2312595113556
100117,RSN17927,63,17927, LRL,4.04,36.3911,-117.8665,9.439,102.51,511,35.4795,-117.6821,12.89,13.01,-0.002160229,-0.001847666,2.15e-05,5.23e-05,1.169166601,0.161147398,85.22377655,5.179664862,6.183950287,0.436332313,2598.722894,41.30456979,85.93795349,389.8084341,CI,LRL,-999.0,1040,-0.710606402,-0.628944422,-0.536319829,-0.081661979,CI.LRL,1040,-0.710606402,22.71949959,1283.589966,5.832890034,-0.710606401931714,1040,938.5363273239207,1060.022273505018,864.2997803909709,958.0987134971501
100167,RSN17750,73,17750, ERR,3.63,32.7081,-116.029,7.885,49.26,238,33.1168,-115.8227,22.98,23.04,-0.000293418,-0.003032312,0.000348536,0.000128505,0.096763777,0.16168374,81.83731332,5.179664862,6.12225391,0.052359878,298.2548328,2.283319715,8.700140014,44.73822492,CI,ERR,0.146666667,268,-0.118716307,-0.107137855,-0.014513262,-0.011578451,CI.ERR,268,-0.118716307,7.979599953,-59.80690002,0.576366007,-0.1187163068393815,268,377.5228578514029,357.8260954812758,295.3480060715628,274.86880257425304
100167,RSN14446,73,14446, ERR,4.05,32.7091,-116.0396,7.817,49.56,238,33.1168,-115.8227,23.42,23.5,-0.000869507,-0.008302256,0.000225396,0.000250418,0.104731352,0.161754429,81.9168618,5.179664862,6.120791156,0.052359878,322.4164821,3.472222444,36.83408756,48.36247232,CI,ERR,0.146666667,282,-0.169636397,-0.107137855,-0.014513262,-0.062498542,CI.ERR,282,-0.169636397,7.979599953,-59.80690002,0.576366007,-0.16963639726663882,282,382.1075527160828,375.87636801119334,284.33282691487096,273.1985873187607
100167,RSN16758,73,16758, ERR,3.72,33.1099,-116.0467,7.494,20.92,238,33.1168,-115.8227,12.71,12.82,0.009728025,0.119637427,0.000308404,0.000330158,0.081312555,0.154782935,71.13011189,5.179664862,6.113435346,0.034906585,261.9622979,29.46475627,387.9243687,39.29434469,CI,ERR,0.146666667,246,-0.033060862,-0.107137855,-0.014513262,0.074076993,CI.ERR,246,-0.033060862,7.979599953,-59.80690002,0.576366007,-0.03306086226088745,246,328.55816198436344,316.9912920025556,275.9109248438316,256.2320703549989
100172,RSN18017,75,18017, JRC2,5.0,36.3864,-117.8583,7.408,45.04,623,35.9825,-117.8089,11.9,11.96,-0.005279313,-0.017955662,0.003030054,0.000739247,0.294019426,0.161842606,81.52397407,5.179664862,6.11135504,0.13962634,880.0598364,7.141473689,5.925855447,132.0089755,CI,JRC2,5.246016667,537,0.148548424,-0.125458709,-0.032834115,0.274007133,CI.JRC2,537,0.148548424,13.04990005,1420.880005,9.128740311,0.14854842427858816,537,461.0987243613106,499.14413277135776,585.5850805279028,531.1091814803498
100172,RSN18043,75,18043, JRC2,4.5,36.3915,-117.8683,9.117,45.7,623,35.9825,-117.8089,10.31,10.45,-0.016569592,-0.028627639,0.001876735,0.002011774,0.578797019,0.159322655,79.54774351,5.179664862,6.172420506,0.261799388,1627.602499,8.23630885,15.25395914,244.1403749,CI,JRC2,5.246016667,726,-0.153003496,-0.125458709,-0.032834115,-0.027544787,CI.JRC2,533,0.156025095,13.04990005,1420.880005,9.128740311,0.15602509462160885,533,495.41283860607575,503.61693444400106,603.7520323855908,516.593992777376
100172,RSN12693,75,12693, JRC2,4.34,35.8373,-117.678,6.864,19.98,623,35.9825,-117.8089,19.81,19.96,0.068244611,0.144159652,4.47e-05,2.91e-05,0.473396059,0.155952805,71.95554156,5.179664862,6.096821743,0.226892803,1407.560947,2345.175636,3225.048143,211.1341421,CI,JRC2,5.246016667,737,-0.168041373,-0.125458709,-0.032834115,-0.042582665,CI.JRC2,541,0.14112724,13.04990005,1420.880005,9.128740311,0.14112723994097198,541,497.3363314188657,509.18719464389613,598.8536241336479,519.3216501576462
100172,RSN14643,75,14643, JRC2,3.9,35.3429,-118.5645,9.906,98.57,623,35.9825,-117.8089,20.21,20.35,0.00039111,0.000492824,7.14e-06,1.04e-05,0.793608856,0.160634014,84.75412821,5.179664862,6.199256899,0.331612558,2047.403659,37.60673077,69.02296919,307.1105489,CI,JRC2,5.246016667,866,-0.32933839,-0.125458709,-0.032834115,-0.203879681,CI.JRC2,636,-0.020652045,13.04990005,1420.880005,9.128740311,-0.020652044552669224,636,571.1852072868194,610.3061617367001,687.467869821204,607.5428405187611
100193,RSN18312,81,18312, CWC,3.47,36.3879,-117.8711,9.151,19.62,580,36.4399,-118.0802,11.1375,11.225,0.004615961,0.01295591,0.000438149,0.000102935,0.356282296,0.147554339,65.63739747,5.179664862,6.173678858,0.174532925,1154.735904,44.84345461,29.56964412,173.2103856,CI,CWC,4.476666667,646,-0.1077714,-0.327516162,-0.234891569,0.219744762,CI.CWC,441,0.273983228,65.97869873,1687.25,27.37660027,0.27398322809361897,441,429.0097915450521,395.75757196590763,418.6749620237567,436.05024964281006
100193,RSN17907,81,17907, CWC,4.04,36.3911,-117.8665,9.439,19.92,580,36.4399,-118.0802,10.875,11.0375,0.032846565,0.045606087,4.57e-05,0.000137847,0.72022327,0.147787203,66.05122243,5.179664862,6.183950287,0.314159265,2078.558946,238.28277,997.9450109,311.7838419,CI,CWC,4.476666667,876,-0.412337987,-0.327516162,-0.234891569,-0.084821825,CI.CWC,599,-0.032233495,65.97869873,1687.25,27.37660027,-0.032233494574984256,599,561.6121176415776,500.0060705263087,450.940098237981,528.8262988833405
100193,RSN18305,81,18305, CWC,3.05,36.3904,-117.8704,9.371,19.6,580,36.4399,-118.0802,11.4625,11.5125,0.001187815,0.004449262,0.000203266,5.27e-05,0.266969127,0.146684394,65.0589552,5.179664862,6.181585801,0.122173048,885.8827985,22.53918406,21.88886484,132.8824198,CI,CWC,4.476666667,540,0.071458964,-0.327516162,-0.234891569,0.398975126,CI.CWC,540,0.071458964,65.97869873,1687.25,27.37660027,0.07145896398214457,540,446.6874378008615,453.72073248640316,495.8386460559494,515.9119741512523
100193,RSN9881,81,9881, CWC,4.59,34.9977,-119.1926,10.662,189.04,580,36.4399,-118.0802,9.8,9.8875,-0.001253383,-0.001042209,0.000294109,0.000205861,1.202622367,0.16053097,87.04224609,5.179664862,6.221029194,0.436332313,2643.931554,6.088491749,3.543614782,396.5897331,CI,CWC,4.476666667,1054,-0.597319626,-0.327516162,-0.234891569,-0.269803463,CI.CWC,720,-0.216223108,65.97869873,1687.25,27.37660027,-0.21622310846963622,720,571.9119074784383,615.3181541976618,441.79127840346496,614.6451687510718
100193,RSN14630,81,14630, CWC,3.9,35.3429,-118.5645,9.906,129.33,580,36.4399,-118.0802,35.6875,35.775,-0.000963378,-0.00080937,3.25e-05,2.67e-05,1.190280658,0.160920609,86.01988156,5.179664862,6.199256899,0.436332313,2624.714665,36.08157303,24.90369231,393.7071998,CI,CWC,4.476666667,1048,-0.591610761,-0.327516162,-0.234891569,-0.264094599,CI.CWC,716,-0.210652063,65.97869873,1687.25,27.37660027,-0.21065206342018072,716,533.7846906263599,595.6378633151126,459.797171176592,607.5001486189163
100198,RSN17937,84,17937, MTP,4.04,36.3911,-117.8665,9.439,231.73,956,35.4843,-115.5532,10.7,10.84,0.000109823,0.000114667,2.61e-05,2.43e-05,0.957758278,0.161600192,87.89868574,5.179664862,6.183950287,0.383972435,2307.364933,4.519465021,4.393371648,346.10474,CI,MTP,7.19102,949,0.007349114,-0.010596639,0.082027955,0.017945753,CI.MTP,804,0.173158644,7.592470169,1536.140015,12.13000011,0.1731586438724344,804,790.2270526589297,923.3424719864008,780.3363437474338,929.9180645556013
100198,RSN10480,84,10480, MTP,4.45,34.1081,-117.3062,14.795,221.46,956,35.4843,-115.5532,14.6,14.78,-0.000691719,-0.000653448,5.51e-05,8.83e-05,1.058568009,0.158076828,86.41199178,5.179664862,6.313637877,0.401425728,2500.662563,7.833737259,11.85931034,375.0993845,CI,MTP,7.19102,1010,-0.054947697,-0.010596639,0.082027955,-0.044351058,CI.MTP,856,0.110487537,7.592470169,1536.140015,12.13000011,0.11048753690965896,856,623.8453219599362,941.1256018943279,704.8257750352368,947.8092348145475
100198,RSN9233,84,9233, MTP,5.03,35.3852,-118.6292,7.3,279.53,956,35.4843,-115.5532,14.65,14.82,0.002968567,0.002932469,0.000549212,0.000585702,1.012309732,0.163659891,88.70179267,5.179664862,6.108664217,0.401425728,2358.585295,5.068391435,5.339411739,353.7877943,CI,MTP,7.19102,965,-0.009370188,-0.010596639,0.082027955,0.00122645,CI.MTP,818,0.155895576,7.592470169,1536.140015,12.13000011,0.15589557644865426,818,631.3190981894396,915.0544091786952,716.5524339835459,920.9403783181018
100198,RSN11313,84,11313, MTP,4.78,34.1228,-116.9226,5.969,196.25,956,35.4843,-115.5532,16.63,16.75,-0.000129377,-0.000119468,1.27e-05,9.12e-06,1.082942662,0.1647934,88.53278096,5.179664862,6.066214653,0.41887902,2436.758429,14.18607456,9.406929134,365.5137644,CI,MTP,7.19102,990,-0.03494703,-0.010596639,0.082027955,-0.024350392,CI.MTP,839,0.130547207,7.592470169,1536.140015,12.13000011,0.13054720658419505,839,652.9975674435398,944.8670925535903,718.6442606905935,954.333258038402
100198,RSN17432,84,17432, MTP,3.73,35.2675,-117.3498,7.92,165.02,956,35.4843,-115.5532,38.7,38.82,0.000118434,0.000129198,2.2e-05,4.78e-05,0.916681228,0.163171766,87.56902546,5.179664862,6.122995859,0.366519143,2219.514443,2.477698745,5.872636364,332.9271665,CI,MTP,7.19102,921,0.037297877,-0.010596639,0.082027955,0.047894515,CI.MTP,780,0.203463993,7.592470169,1536.140015,12.13000011,0.20346399336776333,780,670.0460824986817,896.4187183842773,710.4646893374096,901.7262007868077
100198,RSN15039,84,15039, MTP,3.74,34.1651,-117.4332,7.875,225.83,956,35.4843,-115.5532,25.2,25.29,-1.75e-05,-1.52e-05,3.49e-06,7.78e-06,1.152002931,0.163267349,88.24203184,5.179664862,6.12204057,0.436332313,2546.708032,2.249357326,4.35530086,382.0062048,CI,MTP,7.19102,1024,-0.068713893,-0.010596639,0.082027955,-0.058117254,CI.MTP,868,0.096566198,7.592470169,1536.140015,12.13000011,0.0965661983910504,868,633.1489557537542,978.3545598452445,759.5074244492369,974.2734030801553
100198,RSN14003,84,14003, MTP,4.15,33.638,-116.7082,12.649,230.61,956,35.4843,-115.5532,59.05,59.17,-0.000101818,-0.000121286,1.46e-05,1.06e-05,0.839482992,0.159404581,87.08793132,5.179664862,6.265244507,0.34906585,2146.218914,9.605471698,8.307260274,321.9328371,CI,MTP,7.19102,898,0.062587845,-0.010596639,0.082027955,0.073184483,CI.MTP,761,0.228124555,7.592470169,1536.140015,12.13000011,0.22812455518971486,761,850.9207775904476,866.8306814634985,757.6397474975631,886.5813548355509
100198,RSN15637,84,15637, MTP,3.87,33.7513,-116.0218,8.756,196.99,956,35.4843,-115.5532,25.47,25.52,-0.000127613,-0.000107003,3.75e-05,3.8e-05,1.192605249,0.162251179,87.7222977,5.179664862,6.158414042,0.436332313,2605.597289,3.358236842,2.853413333,390.8395934,CI,MTP,7.19102,1042,-0.086139309,-0.010596639,0.082027955,-0.075542671,CI.MTP,883,0.079432712,7.592470169,1536.140015,12.13000011,0.07943271244744121,883,628.3827905403862,1005.9795407410769,759.3661411654988,1003.5820733785177
100198,RSN17095,84,17095, MTP,3.52,34.2098,-116.4371,4.645,162.87,956,35.4843,-115.5532,7.16,7.27,0.000114676,0.000124395,3.84e-05,3.99e-05,0.921867369,0.16677424,88.70305934,5.179664862,5.994593769,0.366519143,2178.728695,2.874085213,3.239453125,326.8093043,CI,MTP,7.19102,908,0.051513534,-0.010596639,0.082027955,0.062110173,CI.MTP,769,0.217666944,7.592470169,1536.140015,12.13000011,0.21766694354575655,769,721.901798580856,883.7769159455246,704.2725645909945,889.5490227453238
100200,RSN13195,85,13195, PFO,4.11,33.7104,-116.0457,12.559,39.9,763,33.6117,-116.4594,14.75,14.84,0.003224845,0.0029844,6.56e-05,9.92e-05,1.080567225,0.152743427,73.08106709,5.179664862,6.263559029,0.41887902,2626.036842,32.50851815,45.49390244,393.9055263,AZ,PFO,-1.0,1048,-0.317380834,-0.318076587,-0.225451994,0.000695753,AZ.PFO,1048,-0.317380834,10.1232996,1285.910034,6.906630039,-0.31738083359653047,1048,807.833535631843,760.5023412050333,807.285585211934,784.0127191821409
100200,RSN17280,85,17280, PFO,3.53,34.2894,-116.8271,6.278,82.5,763,33.6117,-116.4594,24.69,24.77,-0.000439847,-0.000320215,1.65e-05,7.31e-06,1.373599412,0.164181828,86.27184919,5.179664862,6.07791863,0.471238898,2762.838986,60.17058824,19.4069697,414.4258479,AZ,PFO,-1.0,1090,-0.356674944,-0.318076587,-0.225451994,-0.038598357,AZ.PFO,1090,-0.356674944,10.1232996,1285.910034,6.906630039,-0.35667494393873245,1090,853.1505241924292,813.1028130881363,877.5426097049283,815.1565555911578
100200,RSN14254,85,14254, PFO,3.94,32.7219,-116.8133,20.237,104.06,763,33.6117,-116.4594,25.36,25.51,-0.001168651,-0.000983777,3.01e-05,1.9e-05,1.187922202,0.152629813,79.42092211,5.179664862,6.440435438,0.436332313,2764.685486,61.50794737,32.68362126,414.7028229,AZ,PFO,-1.0,1091,-0.357591955,-0.318076587,-0.225451994,-0.039515368,AZ.PFO,1091,-0.357591955,10.1232996,1285.910034,6.906630039,-0.3575919545486137,1091,786.5567296304395,795.7395220660696,883.744650144949,817.1371403738066
100200,RSN18123,85,18123, PFO,5.19,36.4034,-117.8499,9.418,334.71,763,33.6117,-116.4594,12.67,12.73,-4.69e-05,-4.56e-05,2.2e-05,1.16e-05,1.02818718,0.161676277,88.5519124,5.179664862,6.183223963,0.401425728,2407.591411,4.043103448,2.072727273,361.1387117,AZ,PFO,-1.0,981,-0.251314428,-0.318076587,-0.225451994,0.066762159,AZ.PFO,981,-0.251314428,10.1232996,1285.910034,6.906630039,-0.25131442828090655,981,581.1081567057995,749.8033052847755,757.27528210238,756.1507646156523
100200,RSN17515,85,17515, PFO,3.62,33.9521,-116.3635,9.067,38.79,763,33.6117,-116.4594,19.01,19.12,-0.00749394,-0.005773561,7.5e-06,1.02e-05,1.297975364,0.15834034,77.70045033,5.179664862,6.170551665,0.453785606,2785.720743,734.7,769.8081333,417.8581115,AZ,PFO,-1.0,1097,-0.363076429,-0.318076587,-0.225451994,-0.044999842,AZ.PFO,1097,-0.363076429,10.1232996,1285.910034,6.906630039,-0.3630764289907731,1097,750.3743930143676,800.9773647371067,843.6376147330863,826.1511259649624
100200,RSN11432,85,11432, PFO,4.73,33.7328,-117.4921,10.018,96.71,763,33.6117,-116.4594,30.6,30.67,0.000544914,0.000441792,6.11e-05,7.42e-05,1.233416076,0.160498542,84.57737156,5.179664862,6.202702587,0.436332313,2675.784072,7.343854447,7.230638298,401.3676108,AZ,PFO,-1.0,1064,-0.332532639,-0.318076587,-0.225451994,-0.014456052,AZ.PFO,1064,-0.332532639,10.1232996,1285.910034,6.906630039,-0.332532638617133,1064,879.126192024312,793.0711611812362,846.9260462070278,793.8670507136618
100200,RSN16839,85,16839, PFO,3.49,34.309,-116.9297,9.684,88.72,763,33.6117,-116.4594,14.1,14.14,-0.00252852,-0.001863172,0.000293795,0.000433251,1.357104739,0.160695566,84.29983988,5.179664862,6.192176404,0.471238898,2808.525733,5.836155023,6.341741691,421.27886,AZ,PFO,-1.0,1104,-0.369437196,-0.318076587,-0.225451994,-0.051360609,AZ.PFO,1104,-0.369437196,10.1232996,1285.910034,6.906630039,-0.3694371955525835,1104,844.9671031147202,822.72641213087,886.8728382835948,824.8737859010821
100200,RSN19388,85,19388, PFO,3.43,34.1381,-117.4717,5.767,110.37,763,33.6117,-116.4594,37.88,37.99,-8.25e-05,-7.88e-05,3.41e-05,1.62e-05,1.046694831,0.164919567,87.49582526,5.179664862,6.057771424,0.401425728,2382.729501,5.092592593,2.31085044,357.4094252,AZ,PFO,-1.0,973,-0.243126051,-0.318076587,-0.225451994,0.074950536,AZ.PFO,973,-0.243126051,10.1232996,1285.910034,6.906630039,-0.24312605090154804,973,850.8686955912135,725.8248047107859,802.0767402795666,730.746932909286
100200,RSN18375,85,18375, PFO,3.96,34.0609,-117.0231,12.849,72.15,763,33.6117,-116.4594,16.5,16.55,0.001264888,0.000996664,0.00040049,0.000630942,1.269121345,0.15734154,80.5253772,5.179664862,6.26890146,0.453785606,2775.576723,2.004761135,2.488611451,416.3365085,AZ,PFO,-1.0,1094,-0.360337952,-0.318076587,-0.225451994,-0.042261365,AZ.PFO,1094,-0.360337952,10.1232996,1285.910034,6.906630039,-0.3603379516974696,1094,659.1271362460955,783.7176045019017,818.2355018923865,812.4809887529727
100200,RSN15744,85,15744, PFO,3.81,32.9942,-116.2977,5.726,70.12,763,33.6117,-116.4594,24.14,24.29,-0.002558531,-0.001907586,1.56e-05,1.36e-05,1.341239637,0.16472888,86.02433625,5.179664862,6.055972626,0.471238898,2726.161984,188.1272794,122.2811538,408.9242976,AZ,PFO,-1.0,1079,-0.346531934,-0.318076587,-0.225451994,-0.028455347,AZ.PFO,1079,-0.346531934,10.1232996,1285.910034,6.906630039,-0.34653193397367765,1079,857.4856187977172,804.8971883688981,879.6180217270098,810.2438411288617
100200,RSN9071,85,9071, PFO,5.2,33.5328,-116.5697,15.48,13.47,763,33.6117,-116.4594,20.74,20.78,0.092131884,0.147265824,0.000261906,0.000123243,0.62561619,0.105475551,41.91717949,5.179664862,6.333749326,0.27925268,2615.580358,747.5628149,562.2850336,392.3370537,AZ,PFO,-1.0,1045,-0.314514133,-0.318076587,-0.225451994,0.003562454,AZ.PFO,1045,-0.314514133,10.1232996,1285.910034,6.906630039,-0.31451413311445453,1045,852.2700422409555,777.0015407164456,804.906406777359,790.5240593974885
100200,RSN12778,85,12778, PFO,4.26,33.9538,-116.3912,7.696,38.47,763,33.6117,-116.4594,23.09,23.17,-0.007967131,-0.006877664,0.000190851,0.000139352,1.158406582,0.160836417,79.74203773,5.179664862,6.118116656,0.436332313,2592.161044,57.17270653,36.03682454,388.8241566,AZ,PFO,-1.0,1038,-0.307793032,-0.318076587,-0.225451994,0.010283554,AZ.PFO,1038,-0.307793032,10.1232996,1285.910034,6.906630039,-0.3077930324413769,1038,1056.5568177296075,782.70886607025,873.841448046884,789.2730048831297
100200,RSN9389,85,9389, PFO,4.88,34.0655,-117.0011,17.501,71.05,763,33.6117,-116.4594,16.2,16.34,-0.013244702,-0.010851769,0.001420914,0.001540409,1.220510924,0.152465067,76.73589583,5.179664862,6.383907006,0.436332313,2803.089668,8.598172304,7.637175086,420.4634502,AZ,PFO,-1.0,1102,-0.367623958,-0.318076587,-0.225451994,-0.049547372,AZ.PFO,1102,-0.367623958,10.1232996,1285.910034,6.906630039,-0.36762395842840245,1102,888.960917556585,807.0087874231612,875.640145130472,817.629656258818
100200,RSN21189,85,21189, PFO,3.4,37.1173,-121.5231,7.213,602.53,763,33.6117,-116.4594,15.19,15.25,0.000177355,-0.000202179,7.23e-06,6.15e-06,0.877214592,0.163753045,89.40771049,5.179664862,6.106430378,0.366519143,2154.68054,28.83821138,27.96390041,323.202081,AZ,PFO,-1.0,900,-0.165136732,-0.318076587,-0.225451994,0.152939855,AZ.PFO,900,-0.165136732,10.1232996,1285.910034,6.906630039,-0.16513673203985402,900,701.9695457859536,715.861749368501,745.9140691957772,720.6804010462114
100272,RSN9202,93,9202, ISA,5.03,35.3852,-118.6292,7.3,33.86,644,35.6628,-118.474,20.19,20.24,0.014270512,0.028789946,0.000295985,0.000229496,0.495676938,0.16061873,78.86233333,5.179664862,6.108664217,0.226892803,1419.068886,62.18196396,97.26826022,212.8603329,CI,ISA,7.194365,742,-0.141650517,-0.376516469,-0.283891875,0.234865952,CI.ISA,629,0.023567469,43.77069855,828.2440186,12.48200035,0.023567469403912966,629,578.7420308144797,563.8542306933076,627.7554412771752,582.9976506325673
100272,RSN16332,93,16332, ISA,3.74,34.8456,-119.2446,12.927,114.62,644,35.6628,-118.474,21.23,21.29,-0.000510727,-0.00042268,4.95e-05,5.19e-05,1.208306624,0.158601113,83.97481501,5.179664862,6.270295551,0.436332313,2682.032981,9.840597303,8.538989899,402.3049472,CI,ISA,7.194365,1065,-0.503031352,-0.376516469,-0.283891875,-0.126514883,CI.ISA,903,-0.338023827,43.77069855,828.2440186,12.48200035,-0.3380238273126315,903,547.7402914446499,707.3387242306939,594.9520432493009,753.0284016735886
100272,RSN10072,93,10072, ISA,4.18,34.3617,-118.6637,11.151,145.38,644,35.6628,-118.474,9.5,9.8,0.000862342,0.000891996,2.27e-05,2.02e-05,0.966756098,0.160027611,85.96771577,5.179664862,6.233452986,0.383972435,2342.339598,42.69019802,39.29497797,351.3509397,CI,ISA,7.194365,960,-0.399234558,-0.376516469,-0.283891875,-0.02271809,CI.ISA,814,-0.23426164,43.77069855,828.2440186,12.48200035,-0.23426163989818605,814,667.7865217469226,678.7633241484748,586.0909779168574,705.0219449379684
100272,RSN14204,93,14204, ISA,4.02,36.0735,-117.8947,7.001,69.38,644,35.6628,-118.474,15.96,16.06,0.000804709,0.00085085,1.48e-05,7.74e-06,0.945770659,0.163280407,84.95671286,5.179664862,6.100723215,0.383972435,2267.362584,103.9675711,57.48986486,340.1043876,CI,ISA,7.194365,936,-0.37391675,-0.376516469,-0.283891875,0.002599718,CI.ISA,793,-0.208124496,43.77069855,828.2440186,12.48200035,-0.20812449553049372,793,692.8545635818182,647.6205690286914,592.6612530151217,676.0679755324354
100272,RSN11816,93,11816, ISA,4.26,34.2844,-118.4129,8.031,153.02,644,35.6628,-118.474,49.8,50.0,-0.000209478,-0.0001818,1.9e-05,1.13e-05,1.152244633,0.163057108,87.33406711,5.179664862,6.126183158,0.436332313,2550.251742,18.53787611,9.568421053,382.5377613,CI,ISA,7.194365,1025,-0.464749165,-0.376516469,-0.283891875,-0.088232697,CI.ISA,869,-0.299644399,43.77069855,828.2440186,12.48200035,-0.29964439916103824,869,771.7547477626076,715.3990577178474,642.1748942754724,758.1826665364225
100278,RSN9281,94,9281, SNCC,5.03,35.3852,-118.6292,7.3,250.99,541,33.2479,-119.5244,10.6,10.8375,0.000180457,0.000277856,4.43e-05,3.44e-05,0.649462897,0.163649538,88.55065696,5.179664862,6.108664217,0.296705973,1738.909227,5.245843023,6.27214447,260.8363841,CI,SNCC,6.697955,763,-0.343838752,-0.223899145,-0.131274551,-0.119939608,CI.SNCC,626,-0.145931092,3.930330038,266.0889893,2.341279984,-0.14593109225361722,626,767.1831064277965,602.5087763775933,679.1337951584167,520.1850727070902
100278,RSN13767,94,13767, SNCC,3.88,34.3922,-118.6127,7.9,152.43,541,33.2479,-119.5244,50.4625,50.5375,0.000136332,0.000422779,0.00014869,6.75e-05,0.322466001,0.163159775,87.3836685,5.179664862,6.122572788,0.157079633,952.2093665,2.019733333,2.843358666,142.831405,CI,SNCC,6.697955,575,-0.060950762,-0.223899145,-0.131274551,0.162948383,CI.SNCC,575,-0.060950762,3.930330038,266.0889893,2.341279984,-0.06095076195086957,575,597.8953807354376,550.8477915856546,542.815300442512,479.0674892102771
100278,RSN16191,94,16191, SNCC,3.64,33.8455,-118.7007,12.777,101.22,541,33.2479,-119.5244,31.2,31.2625,-0.000289041,-0.000795462,0.000200803,4.38e-05,0.363362594,0.158455649,83.28321544,5.179664862,6.267598776,0.174532925,1094.256877,6.599109589,3.961404959,164.1385316,CI,SNCC,6.697955,631,-0.153886584,-0.223899145,-0.131274551,0.070012561,CI.SNCC,518,0.043444037,3.930330038,266.0889893,2.341279984,0.04344403658699836,518,521.6784495843846,493.28738534978,434.50464160830705,409.72361069407174
100278,RSN9987,94,9987, SNCC,4.59,34.9977,-119.1926,10.662,196.49,541,33.2479,-119.5244,9.8,10.1,0.001043034,0.002132555,0.000160588,4.95e-05,0.489100614,0.160548148,87.16338743,5.179664862,6.221029194,0.226892803,1404.349193,21.07139394,13.27966598,210.652379,CI,SNCC,6.697955,736,-0.30781084,-0.223899145,-0.131274551,-0.083911695,CI.SNCC,604,-0.110154919,3.930330038,266.0889893,2.341279984,-0.11015491908833397,604,653.1612483147092,590.1463788849758,592.455173988895,497.75562244618305
100278,RSN13458,94,13458, SNCC,3.9,34.4032,-118.651,13.612,151.52,541,33.2479,-119.5244,6.775,7.0,-0.000173811,-0.000439647,3.57e-05,3.44e-05,0.395341346,0.15862977,85.19387513,5.179664862,6.281821568,0.191986218,1180.417665,5.052645349,12.31504202,177.0626498,CI,SNCC,6.697955,654,-0.189688073,-0.223899145,-0.131274551,0.034211072,CI.SNCC,537,0.007421184,3.930330038,266.0889893,2.341279984,0.007421184337616182,537,564.30631247419,521.9812316917136,514.2609696846474,447.8343136001236
100278,RSN10289,94,10289, SNCC,4.34,35.0174,-119.1492,9.557,199.31,541,33.2479,-119.5244,14.4,14.625,-0.000505565,-0.000866814,0.000110911,4.82e-05,0.5832452,0.161453225,87.52537833,5.179664862,6.187968323,0.261799388,1615.517557,10.48890041,7.815401538,242.3276336,CI,SNCC,6.697955,721,-0.287219858,-0.223899145,-0.131274551,-0.063320714,CI.SNCC,592,-0.090087356,3.930330038,266.0889893,2.341279984,-0.09008735603752438,592,720.4584744753282,582.9086299986197,624.0525092927738,501.4632368813061
100326,RSN11263,104,11263, BCW,4.39,35.6421,-120.9543,5.902,160.37,305,34.9401,-119.4131,14.72,15.4,0.000290026,0.00135915,6.37e-05,2.32e-05,0.213387508,0.164843233,88.23411966,5.179664862,6.063488731,0.104719755,636.4806102,12.50112069,21.33673469,95.47209153,CI,BCW,-999.0,428,-0.338811419,-0.155243589,-0.062618996,-0.18356783,CI.BCW,428,-0.338811419,12.65410042,1082.400024,7.314340115,-0.3388114189743847,428,443.9098961474208,393.1997771836473,401.7229189110846,395.51825350811123
100326,RSN17894,104,17894, BCW,4.04,36.3911,-117.8665,9.439,213.37,305,34.9401,-119.4131,12.87,13.16,-2.88e-05,-0.000375462,1.31e-05,9.88e-06,0.076788211,0.161580965,87.72045313,5.179664862,6.183950287,0.034906585,237.0624022,2.914979757,28.66122137,35.55936033,CI,BCW,-999.0,229,0.286589773,-0.155243589,-0.062618996,0.441833362,CI.BCW,229,0.286589773,12.65410042,1082.400024,7.314340115,0.2865897730531719,229,425.9473824083569,394.76076143717427,415.7069752506658,378.9408669134916
100326,RSN18243,104,18243, BCW,4.2,36.3905,-117.8695,8.829,213.14,305,34.9401,-119.4131,12.9,13.07,-5.64e-05,-0.000569845,6.95e-05,1.86e-05,0.098904253,0.162190609,87.87505699,5.179664862,6.161345296,0.052359878,303.8368058,3.032258065,8.199208633,45.57552087,CI,BCW,-999.0,272,0.11450971,-0.155243589,-0.062618996,0.2697533,CI.BCW,272,0.11450971,12.65410042,1082.400024,7.314340115,0.1145097103114141,272,410.73010728377113,359.1011241802427,383.18805994761635,360.784643461862
100326,RSN10399,104,10399, BCW,4.45,34.1081,-117.3062,14.795,214.33,305,34.9401,-119.4131,13.09,13.49,0.000443556,0.00133939,1.41e-05,3.25e-05,0.331162912,0.158056152,86.29439936,5.179664862,6.313637877,0.157079633,1006.93755,13.64787692,94.99219858,151.0406325,CI,BCW,-999.0,604,-0.683262421,-0.155243589,-0.062618996,-0.528018832,CI.BCW,604,-0.683262421,12.65410042,1082.400024,7.314340115,-0.6832624213274032,604,622.6154206848676,591.8778319080615,549.5221046435589,560.2525271610579
100341,RSN14475,107,14475, SAL,4.05,32.7091,-116.0396,7.817,63.52,253,33.2801,-115.9859,25.66,25.73,-0.00106217,-0.009579701,0.000669202,0.000189455,0.110877197,0.162398872,83.72544076,5.179664862,6.120791156,0.052359878,339.7600846,5.60645008,14.31511113,50.96401269,CI,SAL,0.206666667,291,-0.139933778,-0.106360308,-0.013735714,-0.033573471,CI.SAL,291,-0.139933778,5.061649799,11.31519985,2.160559893,-0.13993377844397248,291,347.9660546872751,369.73094456461223,340.09243531898625,308.5152886212062
100341,RSN13160,107,13160, SAL,4.06,33.2394,-116.2082,10.532,21.2,253,33.2801,-115.9859,10.52,10.59,0.008612742,0.101645799,0.00533418,0.000162816,0.084732888,0.145189214,64.51753114,5.179664862,6.217520851,0.034906585,290.9375001,52.89862176,19.05556224,43.64062502,CI,SAL,0.206666667,264,-0.042559614,-0.106360308,-0.013735714,0.063800693,CI.SAL,264,-0.042559614,5.061649799,11.31519985,2.160559893,-0.04255961441879563,264,327.6136471442526,325.7162971729191,360.9920449744989,294.57798347491564
100341,RSN14344,107,14344, SAL,4.19,33.4453,-116.439,8.875,45.98,253,33.2801,-115.9859,12.41,12.51,0.003288788,0.022701615,0.005241326,0.000446771,0.144870241,0.159716351,79.85279535,5.179664862,6.16316588,0.06981317,449.9354027,7.361238755,4.331273231,67.49031041,CI,SAL,0.206666667,351,-0.327396735,-0.106360308,-0.013735714,-0.221036427,CI.SAL,351,-0.327396735,5.061649799,11.31519985,2.160559893,-0.3273967347383451,351,376.66226190686064,427.4846683052639,377.6839027092738,361.61750989252624
100341,RSN14008,107,14008, SAL,4.15,33.638,-116.7082,12.649,78.0,253,33.2801,-115.9859,15.76,15.82,0.001232434,0.01283847,0.000963029,0.000105312,0.095995423,0.157768176,81.28573488,5.179664862,6.265244507,0.052359878,303.252194,11.70269295,13.33134309,45.4878291,CI,SAL,0.206666667,271,-0.068729332,-0.106360308,-0.013735714,0.037630976,CI.SAL,271,-0.068729332,5.061649799,11.31519985,2.160559893,-0.06872933215218069,271,354.206996504323,342.3510990704743,366.7773370507125,296.0673526782486
100341,RSN10515,107,10515, SAL,4.45,34.1081,-117.3062,14.795,153.03,253,33.2801,-115.9859,16.56,16.8,0.001227822,0.007310799,0.000856219,0.000343639,0.167946375,0.157730433,84.78008418,5.179664862,6.313637877,0.087266463,527.0317001,3.572999572,8.538468546,79.05475502,CI,SAL,0.206666667,386,-0.422447881,-0.106360308,-0.013735714,-0.316087573,CI.SAL,386,-0.422447881,5.061649799,11.31519985,2.160559893,-0.42244788073731065,386,407.9697204475185,467.4432870002741,396.0383015929831,380.0058074189352
100341,RSN12863,107,12863, SAL,4.02,33.7129,-116.0516,12.808,48.39,253,33.2801,-115.9859,22.75,22.82,-0.001129832,-0.021593407,0.001476038,8.85e-05,0.052323016,0.154728022,75.89722959,5.179664862,6.268161535,0.017453293,168.875444,12.76646328,14.6293029,25.3313166,CI,SAL,0.206666667,176,0.362905494,-0.106360308,-0.013735714,0.469265801,CI.SAL,176,0.362905494,5.061649799,11.31519985,2.160559893,0.362905493689369,176,314.6443946630913,271.4928664056834,303.93652414984695,231.37362198900803
100343,RSN10752,108,10752, MPI,4.66,34.2983,-118.6255,8.038,74.37,474,34.8126,-119.1453,6.35,6.45,-0.000953262,-0.004200797,0.000484768,0.000165709,0.226924055,0.16247134,84.49307928,5.179664862,6.126524324,0.104719755,684.8122895,5.752626592,8.665582299,102.7218434,CI,MPI,-999.0,447,0.058648727,-0.176599475,-0.083974881,0.235248202,CI.MPI,447,0.058648727,4.674680233,2646.120117,4.196090221,0.0586487270815077,447,397.0529003517785,393.53374070454794,384.2620913366396,395.0502748727584
100343,RSN16343,108,16343, MPI,3.74,34.8456,-119.2446,12.927,9.79,474,34.8126,-119.1453,12.35,12.42,0.014118291,0.057848037,0.00428009,0.000616342,0.244058254,0.096062863,37.03785476,5.179664862,6.270295551,0.122173048,1243.329714,22.90658595,13.51561229,186.4994571,CI,MPI,-999.0,679,-0.359413806,-0.176599475,-0.083974881,-0.182814331,CI.MPI,679,-0.359413806,4.674680233,2646.120117,4.196090221,-0.3594138058636194,679,560.3051707110328,580.081509149102,560.9281070467742,587.6046774020675
100343,RSN11945,108,11945, MPI,4.27,34.3874,-119.4398,6.219,54.36,474,34.8126,-119.1453,14.61,14.72,-0.00298764,-0.008841513,2.75e-06,4.44e-06,0.337910468,0.163795496,84.37611818,5.179664862,6.075787581,0.157079633,989.4922384,672.8918919,3215.095636,148.4238358,CI,MPI,-999.0,596,-0.229033345,-0.176599475,-0.083974881,-0.052433871,CI.MPI,596,-0.229033345,4.674680233,2646.120117,4.196090221,-0.2290333453702731,596,616.2045993589365,554.7233497185978,531.178186733081,536.1267636578707
100361,RSN18456,111,18456, PAGB,3.45,35.8887,-120.4353,8.049,24.25,473,35.7307,-120.2499,22.26,22.3,-0.000262621,-0.001389691,0.000232588,4.07e-05,0.18897784,0.156046264,72.96083648,5.179664862,6.12705915,0.087266463,597.2716177,6.452604423,5.974904122,89.59074266,NC,PAGB,8.69501,414,0.133229415,0.049513515,0.142138109,0.083715899,NC.PAGB,414,0.133229415,20.99570084,479.0830078,7.364409924,0.13322941466661842,414,371.32823892734854,357.84927050370516,362.0227531839792,344.00258707901565
100361,RSN15078,111,15078, PAGB,3.56,36.0672,-120.1861,14.523,37.78,473,35.7307,-120.2499,19.94,20.02,-0.000725389,-0.00309905,0.000163876,6.91e-05,0.234068068,0.148471652,69.41186891,5.179664862,6.305125515,0.122173048,773.2433987,10.49767004,18.91094486,115.9865098,NC,PAGB,8.69501,487,-0.029168735,0.049513515,0.142138109,-0.07868225,NC.PAGB,487,-0.029168735,20.99570084,479.0830078,7.364409924,-0.029168734590657053,487,420.3224794735396,412.7405212541242,395.4306666756085,392.85161377889506
100361,RSN20286,111,20286, PAGB,3.9,37.5893,-118.8176,11.872,242.77,473,35.7307,-120.2499,4.8,5.01,9.04e-05,0.000304608,2.32e-05,4.85e-06,0.296729013,0.159842359,87.41702215,5.179664862,6.249807686,0.13962634,898.636287,18.63917526,13.12965517,134.7954431,NC,PAGB,8.69501,546,-0.143523587,0.049513515,0.142138109,-0.193037103,NC.PAGB,546,-0.143523587,20.99570084,479.0830078,7.364409924,-0.14352358725297254,546,588.0238261649201,465.7486289828689,517.1636900593903,456.0340106603518
100361,RSN12065,111,12065, PAGB,4.05,35.7241,-121.0951,7.275,76.47,473,35.7307,-120.2499,22.2,22.4,-0.000168669,-0.001025433,2.73e-05,7.06e-06,0.164485386,0.163148914,85.21739195,5.179664862,6.108028485,0.087266463,499.3055931,23.8907932,37.56164835,74.89583897,NC,PAGB,8.69501,373,0.237516969,0.049513515,0.142138109,0.188003453,NC.PAGB,373,0.237516969,20.99570084,479.0830078,7.364409924,0.23751696884811668,373,373.93255592906075,346.9687010354731,359.1461464128938,332.55375567904605
100373,RSN10297,112,10297, SYP,4.34,35.0174,-119.1492,9.557,93.33,440,34.5278,-119.9783,9.7,9.9,0.000478394,0.001784917,9.51e-05,0.000106933,0.268020252,0.160909413,84.68615792,5.179664862,6.187968323,0.13962634,812.2795705,4.473773297,18.76884332,121.8419356,CI,SYP,1.21579,504,-0.135801541,-0.059099244,0.03352535,-0.076702297,CI.SYP,504,-0.135801541,43.68880081,1185.349976,12.22700024,-0.1358015411590623,504,461.34382548371815,401.6554663108283,517.3037781813946,428.44447000250193
100373,RSN16372,112,16372, SYP,3.74,34.8456,-119.2446,12.927,75.92,440,34.5278,-119.9783,20.43,20.53,0.000141954,0.001731389,9.37e-05,3.61e-05,0.08198845,0.157450139,80.8440553,5.179664862,6.270295551,0.034906585,259.6510769,3.932243767,18.47800427,38.94766154,CI,SYP,1.21579,244,0.589606502,-0.059099244,0.03352535,0.648705745,CI.SYP,244,0.589606502,43.68880081,1185.349976,12.22700024,0.5896065016191043,244,380.1077285814484,358.5739770436849,423.61948219516137,361.87534572403604
100373,RSN11235,112,11235, SYP,4.42,34.0665,-118.8938,12.827,112.19,440,34.5278,-119.9783,21.87,22.1,0.000236219,0.001066606,2.43e-05,5.71e-05,0.221467594,0.158629764,83.91810675,5.179664862,6.268505043,0.104719755,685.3188279,4.136935201,43.89325103,102.7978242,CI,SYP,1.21579,448,-0.018018506,-0.059099244,0.03352535,0.041080738,CI.SYP,448,-0.018018506,43.68880081,1185.349976,12.22700024,-0.018018505502678472,448,403.947092296996,358.47997500144,459.408880984515,385.22876092665297
100373,RSN8866,112,8866, SYP,5.39,33.9465,-117.7667,14.89,213.71,440,34.5278,-119.9783,17.24,17.64,0.006702995,0.01507775,0.000797044,0.000113599,0.444562026,0.15797587,86.25140316,5.179664862,6.31653763,0.20943951,1314.440197,59.00575709,18.91708613,197.1660296,CI,SYP,1.21579,705,-0.471423076,-0.059099244,0.03352535,-0.412323832,CI.SYP,267,0.499526069,43.68880081,1185.349976,12.22700024,0.49952606851205683,267,288.74161520223106,223.35083738669616,293.2466849021124,236.01512437729647
100373,RSN10543,112,10543, SYP,4.45,34.1081,-117.3062,14.795,250.31,440,34.5278,-119.9783,16.5,16.64,0.000219478,0.000889897,0.000117478,4.2e-05,0.246633256,0.158144777,86.82896345,5.179664862,6.313637877,0.122173048,762.7633025,5.225666667,7.575009789,114.4144954,CI,SYP,1.21579,483,-0.093241927,-0.059099244,0.03352535,-0.034142683,CI.SYP,483,-0.093241927,43.68880081,1185.349976,12.22700024,-0.09324192674026577,483,530.5617162575719,397.83296842966917,565.3469453399213,437.7900665065089
100373,RSN14196,112,14196, SYP,3.69,34.7697,-120.4993,10.11,54.78,440,34.5278,-119.9783,19.69,19.93,0.001396053,0.008147169,6.12e-05,0.00016428,0.171354344,0.158819006,80.24691879,5.179664862,6.205472367,0.087266463,533.7424335,8.498009496,133.1236765,80.06136503,CI,SYP,1.21579,389,0.123195383,-0.059099244,0.03352535,0.182294627,CI.SYP,389,0.123195383,43.68880081,1185.349976,12.22700024,0.1231953832938606,389,382.3832320141358,349.3734036157883,436.6877099901356,388.59738607971656
100373,RSN13465,112,13465, SYP,3.9,34.4032,-118.651,13.612,122.73,440,34.5278,-119.9783,18.59,18.75,0.000125381,0.000650996,2.23e-05,3.17e-05,0.192598654,0.158331745,84.04946756,5.179664862,6.281821568,0.087266463,599.5328547,3.955236593,29.19264574,89.92992821,CI,SYP,1.21579,415,0.058496207,-0.059099244,0.03352535,0.11759545,CI.SYP,415,0.058496207,43.68880081,1185.349976,12.22700024,0.0584962066816086,415,386.0009690264723,332.9218072307408,433.2929279379116,363.6799444293925
100373,RSN10145,112,10145, SYP,4.18,34.3617,-118.6637,11.151,122.21,440,34.5278,-119.9783,8.2,8.41,0.000390803,0.001766113,8.95e-05,9.78e-05,0.221278365,0.159863159,85.20453932,5.179664862,6.233452986,0.104719755,679.4771368,3.995940695,19.73310615,101.9215705,CI,SYP,1.21579,445,-0.011299555,-0.059099244,0.03352535,0.047799689,CI.SYP,445,-0.011299555,43.68880081,1185.349976,12.22700024,-0.011299555253933669,445,418.2797804174091,355.317053616757,459.8622285047684,382.371368715454
100373,RSN17972,112,17972, SYP,4.04,36.3911,-117.8665,9.439,281.93,440,34.5278,-119.9783,14.9,15.08,0.000165468,0.000754832,0.000115223,7.72e-05,0.219212338,0.161635536,88.27366872,5.179664862,6.183950287,0.104719755,666.0374351,2.143367876,6.551053175,99.90561527,CI,SYP,1.21579,438,0.004555817,-0.059099244,0.03352535,0.06365506,CI.SYP,438,0.004555817,43.68880081,1185.349976,12.22700024,0.004555816535860124,438,497.4403033673729,416.14073596897214,538.6535337489871,437.17655054979235
100373,RSN8431,112,8431, SYP,4.92,34.31,-116.848,6.3,288.15,440,34.5277,-119.9783,5.62,5.8,0.000129481,0.000728148,0.000107354,2.01e-05,0.177822717,0.164480578,88.93834658,5.179664862,6.078701489,0.087266463,534.243402,6.441840796,6.782681595,80.1365103,CI,SYP,1.21579,389,0.123195383,-0.059099244,0.03352535,0.182294627,CI.SYP,389,0.123195383,43.68880081,1185.349976,12.22700024,0.1231953832938606,389,469.0077401947573,367.6144784553817,486.9241915109583,399.9689004962132
100373,RSN11987,112,11987, SYP,4.27,34.3874,-119.4398,6.219,51.87,440,34.5278,-119.9783,13.9,13.98,-8.98e-05,-0.000477198,0.000148165,3.26e-05,0.188086815,0.16369837,84.04104532,5.179664862,6.075787581,0.087266463,566.7586481,2.754601227,3.220720143,85.01379722,CI,SYP,1.21579,402,0.090322638,-0.059099244,0.03352535,0.149421882,CI.SYP,402,0.090322638,43.68880081,1185.349976,12.22700024,0.09032263829328535,402,366.9261004955059,332.53585394775024,427.9685472404766,363.16315563725533
100373,RSN10818,112,10818, SYP,4.66,34.2983,-118.6255,8.038,126.95,440,34.5278,-119.9783,21.36,21.75,0.002212874,0.005195564,0.000137485,4.62e-05,0.425916038,0.162966575,86.7774209,5.179664862,6.126524324,0.20943951,1228.804697,47.89770563,37.79004255,184.3207046,CI,SYP,1.21579,673,-0.424970603,-0.059099244,0.03352535,-0.365871359,CI.SYP,255,0.545511182,43.68880081,1185.349976,12.22700024,0.5455111817538807,255,261.1697653474331,207.20120711210075,271.7355765570735,216.950186462625
100373,RSN9289,112,9289, SYP,5.03,35.3852,-118.6292,7.3,155.67,440,34.5278,-119.9783,17.53,17.89,0.001683159,0.005027295,0.000135324,4.33e-05,0.334804023,0.1635651,87.65738799,5.179664862,6.108664217,0.157079633,982.6751747,38.87203233,37.15006207,147.4012762,CI,SYP,1.21579,592,-0.296731908,-0.059099244,0.03352535,-0.237632664,CI.SYP,592,-0.296731908,43.68880081,1185.349976,12.22700024,-0.296731907971699,592,695.2582964219971,509.6998892217013,667.0523540095987,533.2057599391968
100373,RSN9996,112,9996, SYP,4.59,34.9977,-119.1926,10.662,88.83,440,34.5278,-119.9783,7.3,7.52,0.000795528,0.002144767,0.000243244,6.84e-05,0.370915983,0.159762887,83.66284413,5.179664862,6.221029194,0.174532925,1105.236552,11.63052632,8.817348013,165.7854828,CI,SYP,1.21579,634,-0.365274228,-0.059099244,0.03352535,-0.306174984,CI.SYP,240,0.606135804,43.68880081,1185.349976,12.22700024,0.6061358035703153,240,242.0984396876505,200.92420391607183,239.46559038294365,208.62590649569705
100400,RSN12870,121,12870, SWS,4.02,33.7129,-116.0516,12.808,88.32,503,32.9451,-115.7999,22.55,22.61,-0.002264465,-0.010762083,0.0008451,9.66e-05,0.210411421,0.158086993,82.27080872,5.179664862,6.268161535,0.104719755,654.816859,23.44166667,12.73468584,98.22252885,CI,SWS,-999.0,435,0.145244139,-0.110490437,-0.017865843,0.255734576,CI.SWS,435,0.145244139,6.524940014,141.8809967,3.49003005,0.14524413901105504,435,391.11097285341975,512.7170154914937,413.88309152840276,547.9862621485995
100400,RSN14521,121,14521, SWS,4.01,33.2617,-116.0659,5.761,43.01,503,32.9451,-115.7999,22.09,22.23,-0.004121853,-0.006152105,3.51e-05,1.68e-05,0.669990671,0.163982439,83.37636768,5.179664862,6.057510055,0.296705973,1774.467794,245.3483929,175.2736467,266.1701691,CI,SWS,-999.0,775,-0.432272859,-0.110490437,-0.017865843,-0.321782423,CI.SWS,775,-0.432272859,6.524940014,141.8809967,3.49003005,-0.43227285925360803,775,757.7062607133299,985.0061439001023,826.6266269934328,996.4170605280846
100400,RSN17853,121,17853, SWS,3.14,33.0622,-115.8937,7.729,15.67,503,32.9451,-115.7999,16.66,16.72,-0.00548452,-0.015842449,0.000512447,7.33e-05,0.346191418,0.147298284,64.32906589,5.179664862,6.11885537,0.174532925,1127.446247,74.82291951,30.9152927,169.1169371,CI,SWS,-999.0,640,-0.240878006,-0.110490437,-0.017865843,-0.13038757,CI.SWS,640,-0.240878006,6.524940014,141.8809967,3.49003005,-0.24087800625397815,640,597.5031457214513,826.4629978092021,595.7893914904223,830.5361179328214
100400,RSN15752,121,15752, SWS,3.81,32.9942,-116.2977,5.726,46.86,503,32.9451,-115.7999,17.31,17.4,0.000474869,0.001329789,7.29e-05,1.75e-05,0.357100804,0.164223063,84.0046477,5.179664862,6.055972626,0.174532925,1039.650827,27.13537143,18.24127572,155.9476241,CI,SWS,-999.0,615,-0.201032098,-0.110490437,-0.017865843,-0.090541661,CI.SWS,615,-0.201032098,6.524940014,141.8809967,3.49003005,-0.20103209770677832,615,649.0355093745433,825.3824128782976,614.6455144175568,809.5819646322489
100400,RSN11583,121,11583, SWS,4.51,32.8882,-115.5018,9.4,28.59,503,32.9451,-115.7999,20.22,20.47,0.001492789,0.004508187,0.00015422,0.000323806,0.331128396,0.154442627,72.71850163,5.179664862,6.182598645,0.157079633,1030.400018,4.610133846,29.2321813,154.5600027,CI,SWS,-999.0,612,-0.196142112,-0.110490437,-0.017865843,-0.085651676,CI.SWS,612,-0.196142112,6.524940014,141.8809967,3.49003005,-0.19614211241258683,612,523.6777522547675,790.43472647993,575.4587803614917,791.236183827291
100400,RSN16804,121,16804, SWS,3.87,34.1402,-116.7627,11.324,159.89,503,32.9451,-115.7999,17.64,17.71,-5.89e-05,-0.000345776,2.49e-05,9.4e-06,0.170248578,0.159977499,86.26150674,5.179664862,6.237577418,0.087266463,526.5539206,6.265957447,13.88658635,78.98308809,CI,SWS,-999.0,385,0.267346836,-0.110490437,-0.017865843,0.377837272,CI.SWS,385,0.267346836,6.524940014,141.8809967,3.49003005,0.2673468358119546,385,430.55996320091424,506.4285216302916,444.48778219505857,518.9170891500432
100400,RSN9108,121,9108, SWS,5.2,33.5328,-116.5697,15.48,96.93,503,32.9451,-115.7999,14.47,14.56,-0.023337713,-0.063920352,0.00095062,0.000189849,0.365106139,0.156081717,81.33361914,5.179664862,6.333749326,0.174532925,1115.622131,122.9277636,67.24069765,167.3433197,CI,SWS,-999.0,637,-0.236179485,-0.110490437,-0.017865843,-0.125689049,CI.SWS,637,-0.236179485,6.524940014,141.8809967,3.49003005,-0.23617948547242396,637,636.8432768350988,818.1536884134886,606.7914086053133,822.4188859084095
100400,RSN15499,121,15499, SWS,3.88,33.1624,-115.9772,9.013,29.24,503,32.9451,-115.7999,18.89,18.95,-0.002295542,-0.00899512,0.000124686,2.02e-05,0.255198624,0.155857119,74.03001317,5.179664862,6.168508418,0.122173048,799.2439909,113.6406931,72.14218116,119.8865986,CI,SWS,-999.0,498,0.009990093,-0.110490437,-0.017865843,0.12048053,CI.SWS,498,0.009990093,6.524940014,141.8809967,3.49003005,0.00999009307508647,498,433.6927118586229,572.033443005911,469.3527617209696,609.8448959299371
100410,RSN11478,123,11478, TUQ,4.73,33.7328,-117.4921,10.018,237.47,819,35.4358,-115.9239,18.78,18.92,-7.39e-05,-0.00012909,4.38e-05,9.55e-06,0.572330888,0.161102473,87.81168611,5.179664862,6.202702587,0.261799388,1595.852109,7.738219895,2.947260274,239.3778164,CI,TUQ,-999.0,720,0.128832872,0.249087684,0.341712278,-0.120254813,CI.TUQ,720,0.128832872,6.076459885,1279.859985,4.729360104,0.12883287184296854,720,988.7299923272777,978.9722484760903,772.3204772262952,963.1901820148486
100410,RSN18192,123,18192, TUQ,4.08,36.3983,-117.8495,7.662,203.99,819,35.4358,-115.9239,10.22,10.41,6.77e-05,0.000298288,1.2e-05,5.14e-06,0.226936601,0.163380697,88.11105851,5.179664862,6.117348091,0.104719755,681.0365363,13.17120623,24.85733333,102.1554804,CI,TUQ,-999.0,446,0.607765132,0.249087684,0.341712278,0.358677447,CI.TUQ,446,0.607765132,6.076459885,1279.859985,4.729360104,0.6077651318330055,446,488.58009593034603,585.8068590333719,438.56327012739473,603.535916178291
100410,RSN9296,123,9296, TUQ,5.03,35.3852,-118.6292,7.3,245.79,819,35.4358,-115.9239,20.2,20.39,0.001574679,0.003695283,0.000266236,0.000107643,0.426132176,0.163647371,88.52097037,5.179664862,6.108664217,0.20943951,1224.221413,14.62871715,13.87972701,183.633212,CI,TUQ,-999.0,672,0.197825743,0.249087684,0.341712278,-0.051261941,CI.TUQ,672,0.197825743,6.076459885,1279.859985,4.729360104,0.1978257433299202,672,836.5060240173725,910.433332749314,698.7476742771044,900.6591336186947
100410,RSN18293,123,18293, TUQ,4.2,36.3905,-117.8695,8.829,205.09,819,35.4358,-115.9239,11.0,11.1,5.49e-05,0.000308042,5.49e-05,1.75e-05,0.178252372,0.162181649,87.79139675,5.179664862,6.161345296,0.087266463,543.0854941,3.137142857,5.610965392,81.46282412,CI,TUQ,-999.0,393,0.734274472,0.249087684,0.341712278,0.485186788,CI.TUQ,393,0.734274472,6.076459885,1279.859985,4.729360104,0.7342744719838086,393,429.79769680783875,520.0951374830321,392.8656897316204,542.7516399602359
100410,RSN18236,123,18236, TUQ,4.36,36.3932,-117.8644,8.798,204.85,819,35.4358,-115.9239,10.17,10.33,8.65e-05,0.00050868,2.14e-05,1.11e-05,0.170074298,0.162215206,87.80013341,5.179664862,6.160106881,0.087266463,518.7735475,7.792792793,23.77009346,77.81603213,CI,TUQ,-999.0,382,0.762663475,0.249087684,0.341712278,0.513575791,CI.TUQ,382,0.762663475,6.076459885,1279.859985,4.729360104,0.7626634752464945,382,443.0674686520526,532.1425664881302,424.61948935482934,543.3128854808624
100410,RSN12909,123,12909, TUQ,4.11,36.0312,-117.7658,4.03,179.25,819,35.4358,-115.9239,19.99,20.13,9.97e-05,0.000512945,3.95e-05,1.13e-05,0.194423145,0.16829261,89.01926974,5.179664862,5.941161117,0.104719755,570.1221445,8.82300885,12.98594937,85.51832168,CI,TUQ,-999.0,404,0.706669206,0.249087684,0.341712278,0.457581521,CI.TUQ,404,0.706669206,6.076459885,1279.859985,4.729360104,0.7066692058919193,404,457.19316243890205,532.5174150468869,394.21986509855196,551.0274370988182
100410,RSN10548,123,10548, TUQ,4.45,34.1081,-117.3062,14.795,194.18,819,35.4358,-115.9239,13.95,14.05,-0.000709125,-0.001071986,0.000244301,0.000162094,0.661506294,0.157984241,85.91164058,5.179664862,6.313637877,0.296705973,1825.187967,4.374776364,4.387972215,273.7781951,CI,TUQ,-999.0,792,0.033522692,0.249087684,0.341712278,-0.215564992,CI.TUQ,792,0.033522692,6.076459885,1279.859985,4.729360104,0.033522692038643775,792,872.8599775576963,1063.8800853279054,753.3596116475699,1021.1454224698485
100410,RSN14689,123,14689, TUQ,3.9,35.3429,-118.5645,9.906,240.13,819,35.4358,-115.9239,25.3,25.46,7.55e-05,0.000200414,7.86e-06,6.09e-06,0.3769228,0.161196836,87.85698219,5.179664862,6.199256899,0.174532925,1111.018842,12.39737274,25.49796438,166.6528263,CI,TUQ,-999.0,635,0.254459085,0.249087684,0.341712278,0.005371401,CI.TUQ,635,0.254459085,6.076459885,1279.859985,4.729360104,0.25445908496037806,635,826.8922949592168,870.3425771463351,675.962389819762,875.6119052992881
100410,RSN14360,123,14360, TUQ,4.19,33.4453,-116.439,8.875,225.82,819,35.4358,-115.9239,9.1,9.19,0.000408243,0.000643663,0.000139942,0.000108583,0.634249654,0.162154096,87.9865245,5.179664862,6.16316588,0.27925268,1718.532305,3.759732186,4.599498364,257.7798458,CI,TUQ,-999.0,757,0.07872083,0.249087684,0.341712278,-0.170366854,CI.TUQ,757,0.07872083,6.076459885,1279.859985,4.729360104,0.07872083041562128,757,1025.8462022138992,1030.6275576424885,806.760601244479,1002.8421221789744
100410,RSN12722,123,12722, TUQ,4.34,35.8373,-117.678,6.864,165.01,819,35.4358,-115.9239,22.7,22.89,0.000102792,0.000419074,1.59e-05,9.84e-06,0.245284367,0.163913848,87.93964652,5.179664862,6.096821743,0.122173048,732.1183023,10.44634146,26.35685535,109.8177453,CI,TUQ,-999.0,469,0.557481315,0.249087684,0.341712278,0.308393631,CI.TUQ,469,0.557481315,6.076459885,1279.859985,4.729360104,0.5574813154067906,469,485.5353387499667,603.0153060261242,442.9302215369258,617.7056636257397
100410,RSN14425,123,14425, TUQ,4.14,34.8632,-116.3444,6.474,74.19,819,35.4358,-115.9239,17.44,17.59,-0.003197117,-0.004883866,1.67e-05,1.61e-05,0.654628381,0.163874298,85.65229324,5.179664862,6.084678138,0.296705973,1746.455394,198.5786957,292.4470659,261.9683091,CI,TUQ,-999.0,766,0.066901914,0.249087684,0.341712278,-0.18218577,CI.TUQ,766,0.066901914,6.076459885,1279.859985,4.729360104,0.0669019141124787,766,745.3793300317286,1001.9026244296631,675.8806992303016,960.6869149414521
100410,RSN16567,123,16567, TUQ,3.61,34.2449,-117.4464,12.48,191.96,819,35.4358,-115.9239,17.51,17.6,-5.95e-05,-9.73e-05,2.51e-05,2.68e-05,0.611800322,0.159401198,86.54233224,5.179664862,6.262058538,0.27925268,1702.378454,2.220149254,3.876494024,255.3567681,CI,TUQ,-999.0,751,0.086678432,0.249087684,0.341712278,-0.162409252,CI.TUQ,751,0.086678432,6.076459885,1279.859985,4.729360104,0.08667843208893533,751,859.0061036611329,1013.489995904554,732.0497410594455,979.1921733373534
100410,RSN9114,123,9114, TUQ,5.2,33.5328,-116.5697,15.48,219.28,819,35.4358,-115.9239,13.5,13.68,0.00646537,0.010198872,0.001796641,0.001310107,0.633929905,0.157537231,86.19988068,5.179664862,6.333749326,0.27925268,1768.24435,4.934993859,5.676633228,265.2366525,CI,TUQ,-999.0,773,0.057805035,0.249087684,0.341712278,-0.191282649,CI.TUQ,773,0.057805035,6.076459885,1279.859985,4.729360104,0.0578050352656474,773,836.3119527148159,1038.2548685757204,750.5439706706659,1006.8410167038519
100410,RSN13570,123,13570, TUQ,4.06,32.7797,-117.3507,7.174,322.7,819,35.4358,-115.9239,2.36,2.53,2.66e-05,3.43e-05,1.47e-05,9.8e-06,0.776709499,0.163758901,88.89812918,5.179664862,6.105409111,0.331612558,1980.502715,2.714285714,2.333333333,297.0754073,CI,TUQ,-999.0,844,-0.030068411,0.249087684,0.341712278,-0.279156095,CI.TUQ,844,-0.030068411,6.076459885,1279.859985,4.729360104,-0.030068410742887686,844,941.4783306588448,1032.5213443382454,855.3025632554201,1033.7491399262944
100410,RSN17301,123,17301, TUQ,3.53,34.2894,-116.8271,6.278,151.64,819,35.4358,-115.9239,36.63,36.77,0.000282849,0.00040096,9e-05,6.36e-05,0.705430371,0.16442825,87.98478391,5.179664862,6.07791863,0.314159265,1841.779298,4.447311321,4.455111111,276.2668947,CI,TUQ,-999.0,798,0.025975486,0.249087684,0.341712278,-0.223112198,CI.TUQ,798,0.025975486,6.076459885,1279.859985,4.729360104,0.02597548640326064,798,760.2340305009661,1050.4881735973302,734.5394488845238,996.3268496764688
100410,RSN8870,123,8870, TUQ,5.39,33.9465,-117.7667,14.89,236.24,819,35.4358,-115.9239,21.9,22.09,-0.001572971,-0.002100968,0.000433528,0.000254576,0.748689071,0.158038761,86.61738917,5.179664862,6.31653763,0.314159265,1995.285467,6.178787474,4.846210625,299.2928201,CI,TUQ,-999.0,849,-0.035975102,0.249087684,0.341712278,-0.285062787,CI.TUQ,849,-0.035975102,6.076459885,1279.859985,4.729360104,-0.03597510245827795,849,937.7373135951284,1102.517868304231,824.6767083333652,1055.2189435741711
100410,RSN17441,123,17441, TUQ,3.73,35.2675,-117.3498,7.92,130.95,819,35.4358,-115.9239,34.8,34.88,0.000118883,0.00040634,7.89e-05,3.6e-05,0.292570998,0.163084267,86.92940204,5.179664862,6.122995859,0.13962634,869.3902575,3.302305556,5.150063371,130.4085386,CI,TUQ,-999.0,531,0.433322063,0.249087684,0.341712278,0.184234378,CI.TUQ,531,0.433322063,6.076459885,1279.859985,4.729360104,0.43332206261113093,531,540.2380495878537,679.405491157032,488.0002777444952,694.2426533306547
100410,RSN15533,123,15533, TUQ,3.68,34.7251,-116.0506,2.727,79.69,819,35.4358,-115.9239,27.0,27.09,-0.000208085,-0.00034977,4.98e-05,4.94e-05,0.594918592,0.168364923,88.73161991,5.179664862,5.93802414,0.261799388,1572.621224,4.212246964,7.023493976,235.8931836,CI,TUQ,-999.0,743,0.097388039,0.249087684,0.341712278,-0.151699645,CI.TUQ,743,0.097388039,6.076459885,1279.859985,4.729360104,0.09738803913531058,743,747.0436164996531,980.8027239592258,665.9677493246699,946.5316210751837
100410,RSN13307,123,13307, TUQ,4.19,34.3571,-116.8418,9.486,146.15,819,35.4358,-115.9239,13.99,14.1,0.001994105,0.002767194,0.000396049,0.000290002,0.720623452,0.16138677,86.62742837,5.179664862,6.185563454,0.314159265,1904.12679,6.876176716,6.986999083,285.6190185,CI,TUQ,-999.0,819,0.0,0.249087684,0.341712278,-0.249087684,CI.TUQ,819,0.0,6.076459885,1279.859985,4.729360104,0.0,819,821.5732116396553,1070.4173173788333,759.1641576324322,1012.9575539649461
100410,RSN13907,123,13907, TUQ,4.17,34.3277,-116.829,4.957,148.18,819,35.4358,-115.9239,19.5,19.64,-0.00019132,-0.000309991,2.45e-05,1.21e-05,0.617179356,0.166173138,88.44750746,5.179664862,6.015610792,0.27925268,1643.641063,15.81157025,12.65269388,246.5461595,CI,TUQ,-999.0,731,0.113670624,0.249087684,0.341712278,-0.13541706,CI.TUQ,731,0.113670624,6.076459885,1279.859985,4.729360104,0.11367062410329165,731,899.3476105906252,990.245860932349,724.8712172759734,960.3821003151165
100410,RSN17535,123,17535, TUQ,3.62,33.9521,-116.3635,9.067,169.45,819,35.4358,-115.9239,21.04,21.19,-3.02e-05,-5.5e-05,2.01e-06,2.94e-06,0.549051893,0.161873555,87.25089103,5.179664862,6.170551665,0.244346095,1532.675047,10.27210884,27.36318408,229.9012571,CI,TUQ,-999.0,780,0.048790164,0.249087684,0.341712278,-0.20029752,CI.TUQ,780,0.048790164,6.076459885,1279.859985,4.729360104,0.04879016416943216,780,925.285089718108,1058.9185750498325,756.70612029305,1031.8938824424938
100410,RSN17977,123,17977, TUQ,4.04,36.3911,-117.8665,9.439,204.9,819,35.4358,-115.9239,9.68,9.87,8.26e-05,0.000340213,7.87e-06,5.53e-06,0.242841807,0.161569382,87.61950327,5.179664862,6.183950287,0.122173048,735.7538967,14.93670886,43.22909784,110.3630845,CI,TUQ,-999.0,471,0.55322599,0.249087684,0.341712278,0.304138305,CI.TUQ,471,0.55322599,6.076459885,1279.859985,4.729360104,0.553225989836652,471,504.95596034956037,610.1134976544955,459.0241890533918,626.3426346395562
100427,RSN11078,125,11078, JSGB,4.35,36.6065,-121.2101,6.13,106.08,376,37.284,-122.0502,22.6,22.8,-0.000783358,-0.003218388,0.000685811,0.000300638,0.243400792,0.164477301,87.17606436,5.179664862,6.072483163,0.122173048,724.3178489,2.60565198,4.692820617,108.6476773,NC,JSGB,-999.0,466,-0.214596491,0.037488864,0.130113457,-0.252085355,NC.JSGB,466,-0.214596491,19.41049957,188.0809937,4.954850197,-0.21459649073575093,466,427.0351440056653,486.2149582432264,405.1200996458999,458.7769596060129
100427,RSN20898,125,20898, JSGB,3.7,37.8077,-122.0707,11.554,58.15,376,37.284,-122.0502,10.11,10.25,-0.001021126,-0.011072038,0.000138207,0.000107528,0.092225701,0.157505841,79.51003478,5.179664862,6.242859346,0.052359878,291.9312588,9.496373038,80.11199143,43.78968882,NC,JSGB,-999.0,265,0.349859317,0.037488864,0.130113457,0.312370453,NC.JSGB,265,0.349859317,19.41049957,188.0809937,4.954850197,0.3498593174036726,265,344.65180497385154,468.32327475188094,364.0446146188363,446.1930093990935
100427,RSN15821,125,15821, JSGB,3.57,37.0656,-122.2831,5.852,31.86,376,37.284,-122.0502,22.03,22.1,-0.001230108,-0.005675539,0.000365523,0.000137952,0.216738457,0.162861902,80.81291561,5.179664862,6.061407057,0.104719755,653.8948941,8.916927627,15.52717339,98.08423412,NC,JSGB,-999.0,434,-0.143455391,0.037488864,0.130113457,-0.180944255,NC.JSGB,434,-0.143455391,19.41049957,188.0809937,4.954850197,-0.1434553907105105,434,409.1500009471104,467.9455487208761,384.05797831916794,441.50734278166584
100427,RSN20102,125,20102, JSGB,4.2,37.8056,-122.1853,4.131,59.11,376,37.284,-122.0502,4.0,4.24,-0.000691396,-0.005250697,5.25e-05,0.000118563,0.131676947,0.167777503,86.85591255,5.179664862,5.951303027,0.06981317,390.0050718,5.831465128,100.0132762,58.50076077,NC,JSGB,-999.0,321,0.15814802,0.037488864,0.130113457,0.120659156,NC.JSGB,321,0.15814802,19.41049957,188.0809937,4.954850197,0.15814802025987884,321,384.40010068410504,487.3610631507691,369.1635350384471,458.3982768213448
100438,RSN12905,130,12905, SPG2,4.11,36.0312,-117.7658,4.03,92.01,924,36.2006,-118.7662,21.05,21.16,0.000667862,0.000475134,0.000111442,8.3e-05,1.405627847,0.168221959,88.07177038,5.179664862,5.941161117,0.471238898,2722.27367,8.04653012,4.263509269,408.3410505,CI,SPG2,-999.0,1078,-0.15415068,-0.028416479,0.064208115,-0.125734201,CI.SPG2,1078,-0.15415068,11.80700016,657.5360107,10.30140018,-0.15415067982725805,1078,1013.7356501336197,826.5584902506808,906.6826746910771,896.1744224437736
100438,RSN18030,130,18030, SPG2,5.0,36.3864,-117.8583,7.408,84.12,924,36.2006,-118.7662,10.5,10.55,0.003711946,0.003218238,0.000413858,0.000230387,1.153409668,0.163132478,85.53162558,5.179664862,6.11135504,0.436332313,2550.325433,16.11178582,7.776188934,382.548815,CI,SPG2,-999.0,1025,-0.10373582,-0.028416479,0.064208115,-0.075319341,CI.SPG2,1025,-0.10373582,11.80700016,657.5360107,10.30140018,-0.10373581993082492,1025,840.9734695456067,778.970352235512,856.3284926935116,848.7157551062852
100438,RSN17000,130,17000, SPG2,3.59,35.7823,-117.6639,7.014,109.7,924,36.2006,-118.7662,13.25,13.31,0.000705232,0.000512872,0.000130628,9.78e-05,1.375064426,0.163651755,86.81276556,5.179664862,6.101084446,0.471238898,2773.01948,7.210961145,3.926202652,415.952922,CI,SPG2,-999.0,1093,-0.167969417,-0.028416479,0.064208115,-0.139552938,CI.SPG2,1093,-0.167969417,11.80700016,657.5360107,10.30140018,-0.16796941653485487,1093,870.4237133746796,832.6208386994545,915.750799136817,908.503079340344
100438,RSN18318,130,18318, SPG2,3.47,36.3879,-117.8711,9.151,83.05,924,36.2006,-118.7662,10.63,10.67,0.00059717,0.001071702,3.01e-05,1.39e-05,0.557216569,0.161164031,84.25369115,5.179664862,6.173678858,0.261799388,1562.676167,42.9618705,35.60471761,234.4014251,CI,SPG2,-999.0,752,0.205975748,-0.028416479,0.064208115,0.234392226,CI.SPG2,752,0.205975748,11.80700016,657.5360107,10.30140018,0.205975747691844,752,758.6886782185156,640.2115898431124,766.665327722556,672.9428273690849
100438,RSN18048,130,18048, SPG2,4.5,36.3915,-117.8683,9.117,83.39,924,36.2006,-118.7662,11.5,11.57,0.02937272,0.020196343,0.00072842,0.001232424,1.454358351,0.161223044,84.3468329,5.179664862,6.172420506,0.488692191,2890.136757,23.83329114,27.72623349,433.5205136,CI,SPG2,-999.0,1129,-0.200375493,-0.028416479,0.064208115,-0.171959014,CI.SPG2,1129,-0.200375493,11.80700016,657.5360107,10.30140018,-0.2003754925079777,1129,905.9806926410286,866.8839148045358,916.4857464828985,936.1005223563124
100438,RSN17967,130,17967, SPG2,4.04,36.3911,-117.8665,9.439,83.53,924,36.2006,-118.7662,10.42,10.44,0.000120656,0.000130121,4.74e-05,2.16e-05,0.927259893,0.160859312,84.12411221,5.179664862,6.183950287,0.366519143,2266.510995,5.585925926,2.745168776,339.9766493,CI,SPG2,-999.0,936,-0.012903405,-0.028416479,0.064208115,0.015513074,CI.SPG2,936,-0.012903405,11.80700016,657.5360107,10.30140018,-0.012903404835907573,936,861.331841487736,733.1342683865545,830.5565612991146,787.1163175902788
100438,RSN14609,130,14609, SPG2,4.11,35.6211,-117.5805,9.045,124.86,924,36.2006,-118.7662,25.91,26.02,0.004309066,0.004804831,1.19e-05,9.96e-06,0.896819507,0.161736262,86.25781366,5.179664862,6.169722379,0.366519143,2210.528487,432.6371486,403.7673109,331.5792731,CI,SPG2,-999.0,918,0.006514681,-0.028416479,0.064208115,0.03493116,CI.SPG2,918,0.006514681,11.80700016,657.5360107,10.30140018,0.006514681021193347,918,894.574393471468,730.4650133046501,827.9718061973265,779.7001923457567
100438,RSN10811,130,10811, SPG2,4.66,34.2983,-118.6255,8.038,211.44,924,36.2006,-118.7662,14.11,14.2,-0.000103049,-0.000161096,4.72e-05,3.02e-05,0.639673505,0.163133094,88.08049133,5.179664862,6.126524324,0.27925268,1718.865976,3.412218543,3.413050847,257.8298964,CI,SPG2,-999.0,757,0.199348818,-0.028416479,0.064208115,0.227765297,CI.SPG2,757,0.199348818,11.80700016,657.5360107,10.30140018,0.19934881820423556,757,844.3615627792545,666.9758713744318,831.8543375342753,709.9986386702245
100438,RSN18146,130,18146, SPG2,5.19,36.4034,-117.8499,9.418,85.32,924,36.2006,-118.7662,12.17,12.21,0.003091365,0.002400174,0.000816964,0.000863103,1.287975085,0.160921885,84.27725101,5.179664862,6.183223963,0.453785606,2731.695528,3.581687238,2.937918929,409.7543292,CI,SPG2,-999.0,1081,-0.156929746,-0.028416479,0.064208115,-0.128513267,CI.SPG2,1081,-0.156929746,11.80700016,657.5360107,10.30140018,-0.15692974599752407,1081,852.0738384729639,826.0232198557105,878.0614474964244,897.4186411088857
100438,RSN18232,130,18232, SPG2,4.36,36.3932,-117.8644,8.798,83.78,924,36.2006,-118.7662,12.15,12.23,0.013870601,0.009324181,0.000234595,0.000144948,1.487594605,0.161605746,84.56764772,5.179664862,6.160106881,0.488692191,2908.861093,95.69363496,39.74586415,436.329164,CI,SPG2,-999.0,1134,-0.204794413,-0.028416479,0.064208115,-0.176377934,CI.SPG2,1134,-0.204794413,11.80700016,657.5360107,10.30140018,-0.20479441264601306,1134,925.2805993370714,872.0536425112864,943.5723707478013,940.5495512391093
100438,RSN10536,130,10536, SPG2,4.45,34.1081,-117.3062,14.795,267.56,924,36.2006,-118.7662,15.4,15.54,0.000498187,0.000588923,0.00011419,0.000108171,0.845928236,0.158174724,87.03124881,5.179664862,6.313637877,0.34906585,2173.173388,4.605550471,5.157395569,325.9760082,CI,SPG2,-999.0,906,0.019672766,-0.028416479,0.064208115,0.048089244,CI.SPG2,906,0.019672766,11.80700016,657.5360107,10.30140018,0.019672765598704345,906,991.2409317615795,802.9812364577712,891.4316321799024,821.7811217499064
100438,RSN16650,130,16650, SPG2,3.69,33.735,-117.4936,9.693,297.2,924,36.2006,-118.7662,10.98,11.08,1.19e-05,1.22e-05,2.21e-06,1.53e-06,0.977695138,0.161416851,88.31780713,5.179664862,6.192470162,0.383972435,2336.834786,7.777777778,5.520361991,350.5252179,CI,SPG2,-999.0,958,-0.036135706,-0.028416479,0.064208115,-0.007719228,CI.SPG2,958,-0.036135706,11.80700016,657.5360107,10.30140018,-0.03613570632917629,958,780.6109552453104,883.330020884118,902.1160263355092,897.1477516264787
100438,RSN16368,130,16368, SPG2,3.74,34.8456,-119.2446,12.927,156.47,924,36.2006,-118.7662,35.3,35.37,-0.000297381,-0.000411554,7.65e-05,2.79e-05,0.722580006,0.159012051,85.59985301,5.179664862,6.270295551,0.314159265,1936.139211,10.6588172,5.37979085,290.4208817,CI,SPG2,-999.0,829,0.108491917,-0.028416479,0.064208115,0.136908395,CI.SPG2,829,0.108491917,11.80700016,657.5360107,10.30140018,0.1084919165063889,829,752.8133157114022,677.20534428963,767.8441255261697,715.414410805693
100438,RSN18190,130,18190, SPG2,4.08,36.3983,-117.8495,7.662,85.21,924,36.2006,-118.7662,12.35,12.38,0.000692062,0.00076874,0.000148094,0.000205059,0.900254131,0.162945483,85.4109888,5.179664862,6.117348091,0.366519143,2199.095426,3.374940871,5.190892271,329.8643139,CI,SPG2,-999.0,915,0.009788006,-0.028416479,0.064208115,0.038204485,CI.SPG2,915,0.009788006,11.80700016,657.5360107,10.30140018,0.00978800636616306,915,841.1982094979732,712.7861735275208,816.9274028413917,769.0487933587298
100438,RSN12716,130,12716, SPG2,4.34,35.8373,-117.678,6.864,106.06,924,36.2006,-118.7662,22.93,23.06,0.004231387,0.004402535,1.74e-05,2.91e-05,0.961125127,0.163759777,86.77281659,5.179664862,6.096821743,0.383972435,2281.448967,145.408488,253.0192529,342.2173451,CI,SPG2,-999.0,941,-0.018231068,-0.028416479,0.064208115,0.010185411,CI.SPG2,941,-0.018231068,11.80700016,657.5360107,10.30140018,-0.018231067943695223,941,802.5801551569158,735.0613963995331,814.5748489181258,783.8042919046126
100438,RSN11466,130,11466, SPG2,4.73,33.7328,-117.4921,10.018,297.48,924,36.2006,-118.7662,60.43,60.57,0.000101807,9.92e-05,1.78e-05,1.61e-05,1.02656678,0.161145277,88.25495417,5.179664862,6.202702587,0.401425728,2413.48673,6.323416149,5.573033708,362.0230095,CI,SPG2,-999.0,982,-0.060879237,-0.028416479,0.064208115,-0.032462758,CI.SPG2,982,-0.060879237,11.80700016,657.5360107,10.30140018,-0.060879236712781726,982,754.5456295409679,883.7040860960682,835.7101476588989,884.4382190393559
100438,RSN18287,130,18287, SPG2,4.2,36.3905,-117.8695,8.829,83.26,924,36.2006,-118.7662,12.9,12.93,0.005058509,0.004350124,0.001593172,0.0012291,1.16284258,0.161567496,84.54618202,5.179664862,6.161345296,0.436332313,2585.203481,4.115620373,2.730479823,387.7805222,CI,SPG2,-999.0,1036,-0.114410351,-0.028416479,0.064208115,-0.085993873,CI.SPG2,1036,-0.114410351,11.80700016,657.5360107,10.30140018,-0.11441035117774412,1036,911.644750867578,796.6909820473481,893.2817039220107,864.5140566141744
100438,RSN18308,130,18308, SPG2,3.05,36.3904,-117.8704,9.371,83.18,924,36.2006,-118.7662,7.18,7.21,0.001804253,0.001767525,0.000196888,0.000346601,1.020779227,0.160934378,84.17113179,5.179664862,6.181585801,0.401425728,2409.329514,5.205562015,8.977311974,361.3994271,CI,SPG2,-999.0,981,-0.059860388,-0.028416479,0.064208115,-0.031443909,CI.SPG2,981,-0.059860388,11.80700016,657.5360107,10.30140018,-0.059860387923679426,981,715.9198908481321,743.7925582653352,807.3248216716548,813.2373272320516
100438,RSN14682,130,14682, SPG2,3.9,35.3429,-118.5645,9.906,96.9,924,36.2006,-118.7662,20.51,20.57,-0.004582885,-0.007328044,0.000532145,9.43e-05,0.625390033,0.160605454,84.64432442,5.179664862,6.199256899,0.27925268,1717.291559,48.59899258,13.77076549,257.5937339,CI,SPG2,-999.0,756,0.200670695,-0.028416479,0.064208115,0.229087174,CI.SPG2,756,0.200670695,11.80700016,657.5360107,10.30140018,0.20067069546215066,756,767.2542228439077,616.7587042073008,754.6212523805261,666.8994978998338
100461,RSN9068,137,9068, PDM,5.2,33.5328,-116.5697,15.48,240.27,1312,34.3034,-114.1415,13.2,13.3,0.000527413,0.000512903,8.16e-05,0.00013247,1.028289394,0.157595394,86.53292882,5.179664862,6.333749326,0.401425728,2470.066566,3.981376916,6.28557598,370.5099849,CI,PDM,-999.0,1000,0.271552691,0.269239266,0.361863859,0.002313425,CI.PDM,1000,0.271552691,17.89559937,155.1119995,8.612790108,0.27155269052189723,1000,736.369864030503,1203.075331289543,946.2644424064011,1220.808277585135
100461,RSN12775,137,12775, PDM,4.26,33.9538,-116.3912,7.696,211.12,1312,34.3034,-114.1415,22.8,22.9,-0.001079785,-0.001270342,0.000394694,0.000496607,0.849995751,0.16336517,88.1649696,5.179664862,6.118116656,0.34906585,2110.361806,2.174324969,3.218549053,316.5542709,CI,PDM,-999.0,886,0.392591019,0.269239266,0.361863859,0.123351753,CI.PDM,886,0.392591019,17.89559937,155.1119995,8.612790108,0.392591018898953,886,902.0452331496491,1159.5469658914415,986.9920464464562,1167.4647692420606
100461,RSN10493,137,10493, PDM,4.45,34.1081,-117.3062,14.795,292.47,1312,34.3034,-114.1415,14.03,14.12,0.000164163,0.000155223,4.06e-05,3.54e-05,1.057595243,0.15820962,87.28589692,5.179664862,6.313637877,0.401425728,2497.360348,4.637372881,3.823226601,374.6040522,CI,PDM,-999.0,1009,0.262592949,0.269239266,0.361863859,-0.006646317,CI.PDM,1009,0.262592949,17.89559937,155.1119995,8.612790108,0.2625929491504255,1009,781.9865393554502,1240.5751926965709,993.5374757157791,1249.623690573326
100461,RSN14413,137,14413, PDM,4.14,34.8632,-116.3444,6.474,211.44,1312,34.3034,-114.1415,29.25,29.33,-0.002085112,-0.001364886,0.000324569,0.00042163,1.527682302,0.164291424,88.50682814,5.179664862,6.084678138,0.488692191,2890.572064,4.945359676,4.205226007,433.5858096,CI,PDM,-999.0,1129,0.150220405,0.269239266,0.361863859,-0.119018861,CI.PDM,1129,0.150220405,17.89559937,155.1119995,8.612790108,0.1502204053543723,1129,907.8368749850043,1412.7143989553344,1076.9457434948433,1420.9843865132686
100473,RSN11244,138,11244, WNS,4.42,34.0665,-118.8938,12.827,47.72,1043,34.115,-118.38,23.15,23.23,-0.00080334,-0.001297869,9.46e-05,3.63e-05,0.618968451,0.154502693,75.5810628,5.179664862,6.268505043,0.27925268,1771.584378,22.13057851,13.71954545,265.7376567,CI,WNS,9.911153333,774,0.298284581,0.287426849,0.380051442,0.010857732,CI.WNS,759,0.317854678,36.26190186,328.7860107,8.08286953,0.3178546776051423,759,715.195482124094,682.5109125404438,858.9461527429249,695.3653401951284
100473,RSN10159,138,10159, WNS,4.18,34.3617,-118.6637,11.151,37.84,1043,34.115,-118.38,4.0,4.06,-0.001254291,-0.002555481,0.000490146,0.000171031,0.490823704,0.154403916,74.25302241,5.179664862,6.233452986,0.226892803,1464.423809,7.333705586,5.213713873,219.6635714,CI,WNS,9.911153333,758,0.319173069,0.287426849,0.380051442,0.03174622,CI.WNS,743,0.33916041,36.26190186,328.7860107,8.08286953,0.33916041028301347,743,702.8730519342915,671.6472868033145,840.7503300052284,683.7934803368614
100473,RSN17797,138,17797, WNS,3.08,33.974,-118.4283,11.329,16.26,1043,34.115,-118.38,20.75,20.82,-0.005834966,-0.016380922,0.000960093,0.000272736,0.356204996,0.132038965,55.44870193,5.179664862,6.237694647,0.174532925,1290.17508,21.39419072,17.06180755,193.526262,CI,WNS,9.911153333,697,0.403071044,0.287426849,0.380051442,0.115644195,CI.WNS,683,0.423361595,36.26190186,328.7860107,8.08286953,0.42336159542998253,683,580.6461131588799,628.935114085697,665.4358722173776,652.1230124015416
100473,RSN8437,138,8437, WNS,4.92,34.31,-116.848,6.3,142.53,1043,34.115,-118.38,20.2,20.55,0.006999469,0.0067633,0.001090353,0.000907787,1.03491922,0.164392724,87.84734231,5.179664862,6.078701489,0.401425728,2376.068536,7.710475034,6.202853571,356.4102804,CI,WNS,9.911153333,971,0.071529987,0.287426849,0.380051442,-0.215896862,CI.WNS,952,0.09129142,36.26190186,328.7860107,8.08286953,0.09129142020940773,952,764.7006200406513,796.4167305659645,921.1107159778712,815.3181912584612
100473,RSN8877,138,8877, WNS,5.39,33.9465,-117.7667,14.89,59.64,1043,34.115,-118.38,19.6,19.75,0.00935776,0.012871278,0.004758481,0.003180194,0.727026454,0.15396114,76.5322917,5.179664862,6.31653763,0.314159265,2008.018184,2.942512312,2.704913186,301.2027276,CI,WNS,9.911153333,853,0.201096908,0.287426849,0.380051442,-0.086329942,CI.WNS,836,0.221227842,36.26190186,328.7860107,8.08286953,0.22122784191607092,836,677.0065028020232,692.0528673446098,836.8699380659573,705.9875671338426
100473,RSN16001,138,16001, WNS,3.64,33.8726,-117.7125,2.161,67.28,1043,34.115,-118.38,24.05,24.25,0.000337155,0.000478014,9.14e-05,5.12e-05,0.70532562,0.168379329,88.97671804,5.179664862,5.93802414,0.314159265,1798.377016,6.585058594,5.229912473,269.7565524,CI,WNS,9.911153333,783,0.286723759,0.287426849,0.380051442,-0.00070309,CI.WNS,767,0.307369654,36.26190186,328.7860107,8.08286953,0.30736965363351665,767,717.5609227506352,642.8394158578011,821.3853933838843,652.5946565189863
100473,RSN8358,138,8358, WNS,4.27,33.9173,-117.7758,7.0,59.87,1043,34.115,-118.38,13.56,13.61,0.00076197,0.001624454,0.000538837,0.000173751,0.469062048,0.163045642,84.09385889,5.179664862,6.100695365,0.226892803,1336.146971,4.385413609,3.014741007,200.4220457,CI,WNS,9.911153333,713,0.380375035,0.287426849,0.380051442,0.092948185,CI.WNS,699,0.400205713,36.26190186,328.7860107,8.08286953,0.4002057127669625,699,664.7680214983578,636.7227726915187,807.6519840807541,647.2640391943719
100473,RSN12041,138,12041, WNS,4.37,34.0559,-117.2442,15.833,105.03,1043,34.115,-118.38,19.4,19.47,-0.000234244,-0.000399304,9.2e-05,5.87e-05,0.586630478,0.156033659,81.8051917,5.179664862,6.343433553,0.261799388,1678.994068,3.990528109,4.34026087,251.8491102,CI,WNS,9.911153333,743,0.33916041,0.287426849,0.380051442,0.051733561,CI.WNS,728,0.359555407,36.26190186,328.7860107,8.08286953,0.3595554068040867,728,716.7152638239091,652.5442122715086,823.1511743069468,669.0235808802156
100549,RSN11274,147,11274, SMM,4.39,35.6421,-120.9543,5.902,94.29,225,35.3142,-119.9958,14.0,14.21,0.000735045,0.012688198,0.000170415,5.12e-05,0.057931373,0.164692931,86.98275016,5.179664862,6.063488731,0.034906585,175.6894548,14.35634766,74.45470176,26.35341822,CI,SMM,0.940016,182,0.212093715,-0.180500098,-0.087875505,0.392593813,CI.SMM,182,0.212093715,2.213140011,599.1740112,0.199263006,0.21209371512762498,182,312.34496849279003,298.96545578085096,235.80245054976143,228.21441551840533
100549,RSN9278,147,9278, SMM,5.03,35.3852,-118.6292,7.3,124.47,225,35.3142,-119.9958,13.61,13.96,0.001695014,0.01309028,0.000299458,8.54e-05,0.129486469,0.163487601,87.06790039,5.179664862,6.108664217,0.06981317,393.6910238,19.84793911,43.71324192,59.05365357,CI,SMM,0.940016,323,-0.361551921,-0.180500098,-0.087875505,-0.181051823,CI.SMM,323,-0.361551921,2.213140011,599.1740112,0.199263006,-0.3615519210182363,323,360.6802931408297,339.94535759340243,295.35412921353225,280.35223831740655
100549,RSN13455,147,13455, SMM,3.9,34.4032,-118.651,13.612,159.18,225,35.3142,-119.9958,26.3,26.48,7.17e-05,0.000543624,7.33e-05,7.45e-06,0.131870591,0.158684753,85.43616799,5.179664862,6.281821568,0.06981317,412.9487274,9.624161074,7.416425648,61.94230911,CI,SMM,0.940016,333,-0.392042088,-0.180500098,-0.087875505,-0.21154199,CI.SMM,333,-0.392042088,2.213140011,599.1740112,0.199263006,-0.3920420877760238,333,377.3604504901955,342.9663883588834,308.49733389725947,284.7826022964123
