SSN,File.name,Code,RSN,SID,Mw,E.Lat,E.Long,E.Dep,EpiD,Vs30_mea,S.Lat,S.Long,p.ver,peak.time,Ur,Uz,max.noise.ver.05,max.noise.rad.05,U.ratio,ray.p,i2.angle,Vp_1,Vp_2,j.angle,Vsz,SNRrad,SNRver,z_0.15,network,station,f0,Vs30_est,Res,y_bar,eta,within_res,station2,Vs30_f0,Res_f0,slope,mean_ele_500m,slope_500m,log_res,P-wave_pred,Set1_pred,Set2_pred,Set3_pred,Set4_pred
3039,RSN16086,8,16086, BBS,3.58,33.827,-117.0296,15.131,11.35,341,33.921,-116.981,16.83,16.89,-0.007772645,-0.085597566,0.003359039,0.000330356,0.090804508,0.097135931,37.89827473,5.179664862,6.323730411,0.052359878,466.1318062,23.52808788,25.48275444,69.91977093,CI,BBS,0.377483,359,-0.051439911,-0.115453137,-0.022828543,0.064013225,CI.BBS,359,-0.051439911,3.129859924,781.7869873,1.160560012,-0.05143991120476166,359,426.4208430976912,409.903393035458,415.2472587911629,424.2229252520611
3039,RSN15250,8,15250, BBS,3.86,34.1976,-117.3882,14.177,48.52,341,33.921,-116.981,22.42,22.48,0.001507103,0.012208178,0.000734883,0.000138907,0.12345029,0.152987021,74.33853798,5.179664862,6.293825021,0.06981317,401.4013243,10.8497268,16.61241041,60.21019865,CI,BBS,0.377483,327,0.041922306,-0.115453137,-0.022828543,0.157375443,CI.BBS,327,0.041922306,3.129859924,781.7869873,1.160560012,0.041922306386263486,327,354.2544013973514,313.6942078233506,329.85356740396736,318.1411508740614
3039,RSN19359,8,19359, BBS,3.43,34.1381,-117.4717,5.767,51.32,341,33.921,-116.981,25.92,26.03,0.000821836,0.003270244,0.000545698,0.000134952,0.251307356,0.164332033,84.55388179,5.179664862,6.057771424,0.122173048,747.1483026,6.08983935,5.992772559,112.0722454,CI,BBS,0.377483,476,-0.333535377,-0.115453137,-0.022828543,-0.21808224,CI.BBS,476,-0.333535377,3.129859924,781.7869873,1.160560012,-0.3335353769479035,476,459.6920251624247,384.1264472561528,383.823165402606,355.141329976306
3039,RSN16243,8,16243, BBS,3.64,33.223,-116.7186,8.687,81.16,341,33.921,-116.981,26.16,26.23,-0.000622381,-0.00308716,0.000141253,0.000218438,0.201603095,0.161690196,84.44239885,5.179664862,6.155594857,0.104719755,614.4818615,2.849234108,21.85553581,92.17227923,CI,BBS,0.377483,421,-0.210750356,-0.115453137,-0.022828543,-0.09529722,CI.BBS,421,-0.210750356,3.129859924,781.7869873,1.160560012,-0.2107503563988642,421,419.65381920041483,348.978391591586,370.4316066740338,347.79703107740386
3039,RSN16511,8,16511, BBS,3.61,34.2449,-117.4464,12.48,56.0,341,33.921,-116.981,16.7,16.74,-0.000416302,-0.00226758,0.000252515,0.000206404,0.183588682,0.1562011,77.99802483,5.179664862,6.262058538,0.087266463,580.2213898,2.016927967,8.979981387,87.03320847,CI,BBS,0.377483,408,-0.179384697,-0.115453137,-0.022828543,-0.063931561,CI.BBS,408,-0.179384697,3.129859924,781.7869873,1.160560012,-0.17938469712064453,408,386.72697060594686,338.8010900023104,355.88239369122596,336.03294810183166
3039,RSN13775,8,13775, BBS,4.06,34.1614,-116.9872,11.361,26.67,341,33.921,-116.981,15.99,16.04,-0.002676964,-0.031051377,0.001018655,0.000258481,0.08621079,0.148082728,67.48892695,5.179664862,6.238442335,0.034906585,290.1916671,10.35652137,30.48272182,43.52875007,CI,BBS,0.377483,264,0.255933374,-0.115453137,-0.022828543,0.371386511,CI.BBS,264,0.255933374,3.129859924,781.7869873,1.160560012,0.25593337413720096,264,362.12380620054296,329.6991182472605,349.3929464942011,328.3347748368591
3039,RSN18058,8,18058, BBS,5.19,36.4034,-117.8499,9.418,286.55,341,33.921,-116.981,11.58,11.7,-0.000304904,-0.001364563,0.000195453,0.000136365,0.223444183,0.161657426,88.3081555,5.179664862,6.183223963,0.104719755,678.2047939,2.235940307,6.981540319,101.7307191,CI,BBS,0.377483,444,-0.263942085,-0.115453137,-0.022828543,-0.148488949,CI.BBS,444,-0.263942085,3.129859924,781.7869873,1.160560012,-0.26394208514870776,444,520.129372091324,392.9994258601794,419.60354935446793,361.84223982727275
3039,RSN10908,8,10908, BBS,4.26,33.8776,-116.2019,10.062,72.22,341,33.921,-116.981,26.27,26.35,0.00334383,0.0183787,0.000827985,0.000612502,0.181940494,0.159888388,82.72644798,5.179664862,6.204033973,0.087266463,561.9140435,5.459296459,22.1968997,84.28710653,CI,BBS,0.377483,400,-0.15958207,-0.115453137,-0.022828543,-0.044128933,CI.BBS,400,-0.15958207,3.129859924,781.7869873,1.160560012,-0.15958206982446477,400,382.8116015514518,331.68909426746984,349.2145076895917,330.29934914360405
3039,RSN8177,8,8177, BBS,4.92,33.5083,-116.5143,15.2,63.0,341,33.921,-116.981,24.15,24.23,-0.003700095,-0.022031987,0.000858653,0.00019411,0.167941965,0.154094168,77.09990833,5.179664862,6.325747735,0.087266463,539.4546444,19.06184638,25.65877834,80.91819666,CI,BBS,0.377483,391,-0.136825083,-0.115453137,-0.022828543,-0.021371946,CI.BBS,391,-0.136825083,3.129859924,781.7869873,1.160560012,-0.1368250827018489,391,371.54397080505925,344.28380710167283,346.4021515069632,347.07299383609444
3039,RSN16699,8,16699, BBS,3.73,33.5058,-116.7636,16.276,50.27,341,33.921,-116.981,23.35,23.48,-0.001249306,-0.005822795,0.000346509,0.00029685,0.214554387,0.150225553,72.68486601,5.179664862,6.3549922,0.104719755,702.066637,4.208543035,16.8041667,105.3099956,CI,BBS,0.377483,456,-0.290610332,-0.115453137,-0.022828543,-0.175157196,CI.BBS,456,-0.290610332,3.129859924,781.7869873,1.160560012,-0.2906103322308695,456,417.86822370381935,376.3114983754742,356.16556256612347,352.9215963525221
3039,RSN17479,8,17479, BBS,3.62,33.9521,-116.3635,9.067,57.2,341,33.921,-116.981,19.1,19.16,0.001911262,0.012637582,0.000475287,0.000189247,0.151236329,0.160404301,81.80272963,5.179664862,6.170551665,0.06981317,467.2639386,10.0992988,26.58937021,70.08959079,CI,BBS,0.377483,359,-0.051439911,-0.115453137,-0.022828543,0.064013225,CI.BBS,359,-0.051439911,3.129859924,781.7869873,1.160560012,-0.05143991120476166,359,418.8061677373214,335.52725892609806,357.2966910734276,338.3234055876688
3039,RSN15147,8,15147, BBS,3.9,33.867,-117.1038,11.856,12.84,341,33.921,-116.981,17.41,17.5,0.045101032,0.239691391,0.007986142,0.000632484,0.188162922,0.118661457,47.8654059,5.179664862,6.24946745,0.087266463,782.1725661,71.30778328,30.01341461,117.3258849,CI,BBS,0.377483,491,-0.364561651,-0.115453137,-0.022828543,-0.249108514,CI.BBS,491,-0.364561651,3.129859924,781.7869873,1.160560012,-0.3645616505110034,491,414.1174810632267,410.90070030705067,428.18746516347784,418.08053609897104
3039,RSN16577,8,16577, BBS,3.69,33.735,-117.4936,9.693,51.74,341,33.921,-116.981,13.07,13.12,0.000614017,0.002851385,0.000937265,0.000297973,0.215339753,0.159099769,80.13714303,5.179664862,6.192470162,0.104719755,665.2273617,2.060646434,3.042239921,99.78410426,CI,BBS,0.377483,438,-0.250336433,-0.115453137,-0.022828543,-0.134883297,CI.BBS,438,-0.250336433,3.129859924,781.7869873,1.160560012,-0.2503364330929294,438,409.5870013761119,363.0237623038599,349.5471702167702,338.2695766138162
3039,RSN14982,8,14982, BBS,3.74,34.1651,-117.4332,7.875,49.77,341,33.921,-116.981,21.65,21.71,0.000872126,0.006100136,0.00052289,0.000196546,0.142968276,0.161694105,81.84900965,5.179664862,6.12204057,0.06981317,438.7142211,4.437261506,11.66619365,65.80713317,CI,BBS,0.377483,346,-0.014556298,-0.115453137,-0.022828543,0.100896839,CI.BBS,346,-0.014556298,3.129859924,781.7869873,1.160560012,-0.01455629777420775,346,408.83162769457033,337.02425060571574,366.654975328074,339.70850795161147
3039,RSN13815,8,13815, BBS,4.17,34.3277,-116.829,4.957,47.24,341,33.921,-116.981,21.4,21.52,-0.004108067,-0.02381155,0.000200358,0.000172586,0.172524131,0.165595178,84.97471681,5.179664862,6.015610792,0.087266463,515.2962416,23.80301415,118.8450174,77.29443624,CI,BBS,0.377483,380,-0.108288775,-0.115453137,-0.022828543,0.007164361,CI.BBS,380,-0.108288775,3.129859924,781.7869873,1.160560012,-0.10828877543691462,380,399.4314877852163,344.0208778636137,362.17017293825893,344.7402535418333
3039,RSN12730,8,12730, BBS,4.26,33.9538,-116.3912,7.696,54.65,341,33.921,-116.981,22.9,22.95,0.004516857,0.027069604,0.005790719,0.001022789,0.166860859,0.162159941,82.79942227,5.179664862,6.118116656,0.087266463,509.4115666,4.416215857,4.674653355,76.41173499,CI,BBS,0.377483,378,-0.103011718,-0.115453137,-0.022828543,0.012441418,CI.BBS,378,-0.103011718,3.129859924,781.7869873,1.160560012,-0.10301171833607103,378,392.36164958489854,338.6795088884873,358.403318095738,341.64513291386726
3039,RSN10397,8,10397, BBS,4.45,34.1081,-117.3062,14.795,36.51,341,33.921,-116.981,18.42,18.52,0.029182618,0.202208245,0.00103687,0.000113556,0.144319624,0.147354638,68.48847488,5.179664862,6.313637877,0.06981317,485.8650155,256.9887809,195.0179338,72.87975233,CI,BBS,0.377483,368,-0.076200461,-0.115453137,-0.022828543,0.039252676,CI.BBS,368,-0.076200461,3.129859924,781.7869873,1.160560012,-0.07620046088541432,368,367.8010912022178,349.14794728445685,366.274261026966,361.0099903083843
3039,RSN9320,8,9320, BBS,4.88,34.0655,-117.0011,17.501,16.13,341,33.921,-116.981,15.0,15.07,-0.003975128,-0.04803923,0.00118358,0.000844664,0.082747542,0.105366584,42.27196068,5.179664862,6.383907006,0.034906585,391.5667346,4.706164818,40.58807178,58.73501019,CI,BBS,0.377483,322,0.057330932,-0.115453137,-0.022828543,0.172784068,CI.BBS,322,0.057330932,3.129859924,781.7869873,1.160560012,0.057330931739108415,322,415.2052459850102,382.07287711435913,407.4788107174779,395.03634389807587
3039,RSN8983,8,8983, BBS,5.2,33.5328,-116.5697,15.48,57.51,341,33.921,-116.981,18.82,18.95,-0.006704236,-0.03398514,9.24e-05,0.000441042,0.197269636,0.152857087,75.50247877,5.179664862,6.333749326,0.104719755,636.5437375,15.2009015,367.8045455,95.48156063,CI,BBS,0.377483,428,-0.227240718,-0.115453137,-0.022828543,-0.111787582,CI.BBS,428,-0.227240718,3.129859924,781.7869873,1.160560012,-0.22724071829827963,428,387.54110717394707,340.9698982226245,357.8942705948117,346.2351041937659
3039,RSN8764,8,8764, BBS,5.39,33.9465,-117.7667,14.89,72.7,341,33.921,-116.981,27.25,27.35,0.010280593,0.05601769,0.009086797,0.00116139,0.183524047,0.155369304,78.9308112,5.179664862,6.31653763,0.087266463,583.1289726,8.851973067,6.164734394,87.46934589,CI,BBS,0.377483,409,-0.181832679,-0.115453137,-0.022828543,-0.066379542,CI.BBS,409,-0.181832679,3.129859924,781.7869873,1.160560012,-0.18183267875928522,409,373.8272176470746,327.3522137451063,346.3671957908572,331.4339451367986
3039,RSN11346,8,11346, BBS,4.73,33.7328,-117.4921,10.018,51.71,341,33.921,-116.981,19.0,19.09,0.002023055,0.00785909,0.001937239,0.000338199,0.257415895,0.158660113,79.77604838,5.179664862,6.202702587,0.122173048,791.5299085,5.981847965,4.056851013,118.7294863,CI,BBS,0.377483,495,-0.372675285,-0.115453137,-0.022828543,-0.257222149,CI.BBS,495,-0.372675285,3.129859924,781.7869873,1.160560012,-0.37267528528517335,495,455.42141794596546,393.67423900670815,391.11690048853853,364.9258539490506
3039,RSN17237,8,17237, BBS,3.53,34.2894,-116.8271,6.278,43.26,341,33.921,-116.981,20.85,20.92,-0.001183659,-0.010261277,0.000721597,0.000186572,0.115351989,0.163246057,82.8373772,5.179664862,6.07791863,0.052359878,351.4626999,6.344247797,14.22023235,52.71940499,CI,BBS,0.377483,299,0.131438904,-0.115453137,-0.022828543,0.24689204,CI.BBS,299,0.131438904,3.129859924,781.7869873,1.160560012,0.13143890389283008,299,361.21015051374076,300.4892376932867,323.9826269193904,303.84792235298283
3039,RSN12592,8,12592, BBS,4.11,33.5089,-116.8485,12.274,47.33,341,33.921,-116.981,15.01,15.06,-0.001963953,-0.01064954,0.000869111,0.000273715,0.184416673,0.155200871,76.22899929,5.179664862,6.258050482,0.087266463,586.5087621,7.175174908,12.25337155,87.97631432,CI,BBS,0.377483,410,-0.184274682,-0.115453137,-0.022828543,-0.068821546,CI.BBS,410,-0.184274682,3.129859924,781.7869873,1.160560012,-0.1842746824148369,410,388.90317620957296,344.97760763211375,358.8423649201071,339.9457499514941
3039,RSN15383,8,15383, BBS,3.99,34.0514,-117.2429,14.998,28.19,341,33.921,-116.981,22.38,22.42,0.001031329,0.009035383,0.000949184,0.000260281,0.114143351,0.140476419,62.5957695,5.179664862,6.319789549,0.052359878,404.2064804,3.962367595,9.519105885,60.63097206,CI,BBS,0.377483,329,0.035824727,-0.115453137,-0.022828543,0.151277863,CI.BBS,329,0.035824727,3.129859924,781.7869873,1.160560012,0.035824726518145056,329,343.6228847008087,323.1856220813772,340.7766330403823,336.27488984041287
3039,RSN16811,8,16811, BBS,3.49,34.309,-116.9297,9.684,43.3,341,33.921,-116.981,11.5,11.54,-0.003394256,-0.031197516,0.003237696,0.00053623,0.108798904,0.158149011,78.31802904,5.179664862,6.192176404,0.052359878,342.4276385,6.329850997,9.635715027,51.36414578,CI,BBS,0.377483,293,0.151709868,-0.115453137,-0.022828543,0.267163005,CI.BBS,293,0.151709868,3.129859924,781.7869873,1.160560012,0.15170986826644928,293,330.3796195333251,288.8996869560934,305.1169749570691,294.4510220773353
3044,RSN14495,11,14495, BLY,4.01,33.2617,-116.0659,5.761,153.16,1029,33.75,-114.524,36.97,37.12,0.012430865,0.023073498,0.003158004,0.001174953,0.538750791,0.165002335,88.19407374,5.179664862,6.057510055,0.244346095,1481.460381,10.57988277,7.3063549,222.2190572,CI,BLY,-999.0,764,0.297774947,0.291630497,0.384255091,0.006144449,CI.BLY,764,0.297774947,47.8932991,146.9880066,7.737730026,0.2977749466675288,764,862.4955122152235,1211.430699375036,728.4733380936782,1016.2162505679725
3044,RSN10913,11,10913, BLY,4.26,33.8776,-116.2019,10.062,155.99,1029,33.75,-114.524,20.65,20.71,9.27e-05,0.000173515,7.07e-05,3.53e-05,0.534354698,0.160907108,86.63236161,5.179664862,6.204033973,0.244346095,1509.391635,2.626062323,2.454243281,226.4087453,CI,BLY,-999.0,773,0.286063687,0.291630497,0.384255091,-0.00556681,CI.BLY,773,0.286063687,47.8932991,146.9880066,7.737730026,0.2860636872466271,773,823.0989321599097,1190.0989200746196,715.6340900095599,1006.8976288719565
3044,RSN8989,11,8989, BLY,5.2,33.5328,-116.5697,15.48,191.3,1029,33.75,-114.524,14.61,14.75,0.001995832,0.00362756,0.000176971,5.96e-05,0.550185957,0.157427854,85.64188284,5.179664862,6.333749326,0.244346095,1578.497108,33.48711409,20.4980477,236.7745662,CI,BLY,-999.0,737,0.333754844,0.291630497,0.384255091,0.042124346,CI.BLY,737,0.333754844,47.8932991,146.9880066,7.737730026,0.3337548436447131,737,797.1654436764243,1130.5169116981021,702.4175340977968,962.2617546927662
3044,RSN14381,11,14381, BLY,4.14,34.8632,-116.3444,6.474,208.15,1029,33.75,-114.524,25.4,25.47,0.000144945,0.000275394,0.000114407,6.8e-05,0.526319687,0.164289237,88.47784802,5.179664862,6.084678138,0.244346095,1460.703132,2.131544118,2.40714292,219.1054698,CI,BLY,-999.0,757,0.306979482,0.291630497,0.384255091,0.015348985,CI.BLY,757,0.306979482,47.8932991,146.9880066,7.737730026,0.306979482396601,757,918.7907428796348,1215.1820585132327,759.1186546061049,1028.0159206735095
3044,RSN15557,11,15557, BLY,4.06,32.6823,-116.088,9.762,187.83,1029,33.75,-114.524,28.83,28.88,2.5e-05,5e-05,1.26e-05,1.11e-05,0.499663965,0.161249418,87.30293139,5.179664862,6.194703173,0.226892803,1422.728347,2.252252252,3.968253968,213.4092521,CI,BLY,-999.0,743,0.325646691,0.291630497,0.384255091,0.034016194,CI.BLY,743,0.325646691,47.8932991,146.9880066,7.737730026,0.3256466911162903,743,857.5565225950974,1162.3484376012423,726.3232502745163,993.6833282089354
3044,RSN13111,11,13111, BLY,4.06,33.2394,-116.2082,10.532,166.44,1029,33.75,-114.524,13.02,13.11,0.000105775,0.000197129,2.89e-05,1.99e-05,0.536576829,0.160568098,86.69371498,5.179664862,6.217520851,0.244346095,1517.534957,5.315326633,6.821072664,227.6302436,CI,BLY,-999.0,775,0.283479706,0.291630497,0.384255091,-0.008150791,CI.BLY,775,0.283479706,47.8932991,146.9880066,7.737730026,0.2834797064807022,775,882.8800083800376,1206.329549094911,749.3176484716255,1026.7113635821677
3044,RSN10402,11,10402, BLY,4.45,34.1081,-117.3062,14.795,260.3,1029,33.75,-114.524,16.65,16.71,0.000122428,0.000167946,2.83e-05,5.6e-05,0.728973707,0.158163104,86.95116168,5.179664862,6.313637877,0.314159265,1958.221532,2.186214286,5.934487633,293.7332298,CI,BLY,-999.0,836,0.207714123,0.291630497,0.384255091,-0.083916374,CI.BLY,836,0.207714123,47.8932991,146.9880066,7.737730026,0.20771412274934775,836,876.072793228726,1068.7774170006478,799.7749071253974,970.4735455871963
3063,RSN15410,20,15410, JEM,3.99,34.0514,-117.2429,14.998,123.17,501,33.081,-116.598,21.46,21.55,0.000418924,0.000370539,3.42e-05,2.98e-05,1.130581979,0.15720174,83.45463629,5.179664862,6.319789549,0.41887902,2610.485715,14.05785235,10.83447368,391.5728573,CI,JEM,-999.0,1044,-0.734208667,-0.674489071,-0.581864478,-0.059719596,CI.JEM,1044,-0.734208667,20.58799934,1314.609985,6.39854002,-0.7342086673577191,1044,696.1121445440323,716.345382533479,750.6418974891933,739.7618998163063
3063,RSN12612,20,12612, JEM,4.11,33.5089,-116.8485,12.274,52.88,501,33.081,-116.598,13.93,14.01,-0.00232323,-0.002130054,5.47e-05,5.08e-05,1.090690348,0.156027348,77.53472891,5.179664862,6.258050482,0.41887902,2583.053669,45.73287402,38.94065814,387.4580504,CI,JEM,-999.0,1035,-0.725550605,-0.674489071,-0.581864478,-0.051061534,CI.JEM,1035,-0.725550605,20.58799934,1314.609985,6.39854002,-0.7255506046146047,1035,693.9581695097659,711.7617129340418,737.6996144338889,736.8996577677573
3063,RSN9491,20,9491, JEM,4.7,33.9275,-118.3536,11.588,188.21,501,33.081,-116.598,14.2,14.42,0.001671329,0.001225986,7.52e-05,9.66e-05,1.363252569,0.159907343,86.75935464,5.179664862,6.243621422,0.471238898,2827.736451,17.30154244,16.30300532,424.1604677,CI,JEM,-999.0,1110,-0.795509193,-0.674489071,-0.581864478,-0.121020122,CI.JEM,1110,-0.795509193,20.58799934,1314.609985,6.39854002,-0.7955091932215153,1110,775.924207891169,802.0642909705376,852.4195335482935,823.4794219600514
3063,RSN10354,20,10354, JEM,4.63,32.3362,-115.2425,17.16,151.57,501,33.081,-116.598,22.65,22.75,-5.57e-05,-8.78e-05,2.24e-05,1.22e-05,0.634662654,0.155929148,83.8510507,5.179664862,6.37627289,0.27925268,1787.989578,4.56557377,3.919642857,268.1984367,CI,JEM,-999.0,780,-0.442687819,-0.674489071,-0.581864478,0.231801252,CI.JEM,780,-0.442687819,20.58799934,1314.609985,6.39854002,-0.44268781859877304,780,832.9576683300213,630.4617531385924,648.1367348689625,593.5652034323707
3084,RSN9972,28,9972, SBPX,4.59,34.9977,-119.1926,10.662,198.62,393,34.232,-117.235,5.9,6.03,0.000483913,0.001146323,0.000161787,7.63e-05,0.422143197,0.16055212,87.1921392,5.179664862,6.221029194,0.191986218,1234.110271,6.342241153,7.085383869,185.1165407,CI,SBPX,-999.0,675,-0.540903079,-0.515604608,-0.422980015,-0.025298471,CI.SBPX,675,-0.540903079,20.3302002,1777.27002,20.0333004,-0.540903079003269,675,767.5238776276593,692.6408504867946,701.6134540441124,712.9471723969701
3084,RSN15131,28,15131, SBPX,3.78,34.1353,-117.4476,5.857,22.34,393,34.232,-117.235,19.74,19.83,0.002506836,0.01058135,0.00027005,0.00018995,0.236910778,0.160729524,76.9772903,5.179664862,6.061617088,0.122173048,722.4943092,13.19734667,39.18292909,108.3741464,CI,SBPX,-999.0,465,-0.168227794,-0.515604608,-0.422980015,0.347376815,CI.SBPX,465,-0.168227794,20.3302002,1777.27002,20.0333004,-0.1682277937180947,465,439.02042307854174,461.007955596061,470.705202249426,494.71969293361445
3084,RSN10984,28,10984, SBPX,4.26,33.8776,-116.2019,10.062,103.17,393,34.232,-117.235,28.12,28.18,0.000632676,0.001397883,0.000257405,8.26e-05,0.452596052,0.160553063,84.92299298,5.179664862,6.204033973,0.20943951,1312.92247,7.659515738,5.430675395,196.9383705,CI,SBPX,-999.0,705,-0.584388191,-0.515604608,-0.422980015,-0.068783583,CI.SBPX,705,-0.584388191,20.3302002,1777.27002,20.0333004,-0.5843881909430078,705,705.7957911253053,684.3101120341407,694.515751113753,718.0605528093516
3084,RSN11748,28,11748, SBPX,4.5,34.3365,-116.8617,8.94,36.27,393,34.232,-117.235,14.1,14.24,0.029571091,0.049302182,0.005362034,0.001828394,0.599792739,0.158168528,77.21837769,5.179664862,6.165704274,0.261799388,1684.314181,16.1732597,9.194679109,252.6471272,CI,SBPX,-999.0,745,-0.639574607,-0.515604608,-0.422980015,-0.123969998,CI.SBPX,745,-0.639574607,20.3302002,1777.27002,20.0333004,-0.6395746065102985,745,732.0364061866393,727.0385489102956,708.5621268431887,758.3432071854962
3084,RSN13449,28,13449, SBPX,3.9,34.4032,-118.651,13.612,131.7,393,34.232,-117.235,17.85,17.94,-0.000392152,-0.000789693,0.000201702,5.34e-05,0.496588649,0.158445597,84.45876915,5.179664862,6.281821568,0.226892803,1440.678669,7.343670412,3.915147098,216.1018004,CI,SBPX,-999.0,749,-0.644929372,-0.515604608,-0.422980015,-0.129324763,CI.SBPX,749,-0.644929372,20.3302002,1777.27002,20.0333004,-0.644929371647958,749,787.074001786132,739.8864646627592,775.0465053836489,764.9440699727014
3088,RSN16968,30,16968, SLR,3.63,34.1242,-116.405,9.555,48.46,499,33.834,-116.797,13.85,13.9,0.001075287,0.003165633,5.62e-05,1.05e-05,0.33967532,0.158993285,79.68388983,5.179664862,6.187901101,0.157079633,1024.167659,102.4082857,56.32798932,153.6251489,CI,SLR,-999.0,610,-0.200852861,-0.371471551,-0.278846958,0.170618689,CI.SLR,610,-0.200852861,12.81680012,1560.819946,7.582159996,-0.20085286141583847,610,541.4476666736439,479.6290984827934,526.8622697679708,508.717735109028
3088,RSN15306,30,15306, SLR,3.86,34.1976,-117.3882,14.177,67.89,499,33.834,-116.797,19.66,19.74,0.001727035,0.004431614,0.000134679,2.39e-05,0.389707943,0.155810868,78.70926757,5.179664862,6.293825021,0.191986218,1186.853439,72.26087866,32.90501117,178.0280159,CI,SLR,-999.0,657,-0.275077923,-0.371471551,-0.278846958,0.096393628,CI.SLR,657,-0.275077923,12.81680012,1560.819946,7.582159996,-0.2750779227330913,657,632.9402314985447,526.6925565027294,582.1773487493817,555.3906771984505
3088,RSN11462,30,11462, SLR,4.73,33.7328,-117.4921,10.018,65.35,499,33.834,-116.797,18.15,18.33,0.003220704,0.005755018,2.89e-05,4.37e-05,0.559633938,0.159643014,81.97946981,5.179664862,6.202702587,0.261799388,1582.860603,73.70032037,199.1355709,237.4290905,CI,SLR,-999.0,733,-0.384539606,-0.371471551,-0.278846958,-0.013068055,CI.SLR,733,-0.384539606,12.81680012,1560.819946,7.582159996,-0.3845396061351325,733,705.2752039238424,586.9550495216293,644.7574583157781,607.7335351488259
3088,RSN18341,30,18341, SLR,3.05,33.5043,-116.561,11.461,42.62,499,33.834,-116.797,14.37,14.43,-0.001275146,-0.002577898,0.000195539,7.67e-05,0.494645735,0.15526303,75.68657561,5.179664862,6.240750508,0.226892803,1465.538262,16.62511082,13.18354906,219.8307393,CI,SLR,-999.0,758,-0.41807729,-0.371471551,-0.278846958,-0.046605739,CI.SLR,758,-0.41807729,12.81680012,1560.819946,7.582159996,-0.4180772898908529,758,722.1048745914218,617.556752163672,676.2052332668924,638.9750432793473
3088,RSN15918,30,15918, SLR,3.96,32.6554,-116.1347,12.336,144.55,499,33.834,-116.797,23.58,23.64,-0.000753375,-0.001043456,0.000403514,0.000347035,0.722000102,0.159263364,85.46748579,5.179664862,6.25927157,0.314159265,1932.026733,2.170890544,2.585922669,289.80401,CI,SLR,-999.0,828,-0.506407059,-0.371471551,-0.278846958,-0.134935508,CI.SLR,828,-0.506407059,12.81680012,1560.819946,7.582159996,-0.5064070586337408,828,750.7733627496726,616.1618199892513,713.3643552553615,646.3020299502258
3088,RSN12641,30,12641, SLR,4.11,33.5089,-116.8485,12.274,36.37,499,33.834,-116.797,12.39,12.44,-0.006136538,-0.014203182,0.00071193,0.000475956,0.432053766,0.152098203,72.14550871,5.179664862,6.258050482,0.20943951,1332.716965,12.89307835,19.95025073,199.9075448,CI,SLR,-999.0,712,-0.355471816,-0.371471551,-0.278846958,0.015999735,CI.SLR,712,-0.355471816,12.81680012,1560.819946,7.582159996,-0.35547181566045705,712,687.5918504733994,579.2797750900609,623.6066590324962,600.198193687197
3088,RSN14479,30,14479, SLR,4.05,32.7091,-116.0396,7.817,143.33,499,33.834,-116.797,36.85,36.91,-0.000146537,-0.000306751,7.5e-05,3.97e-05,0.477708615,0.163189631,87.25150926,5.179664862,6.120791156,0.226892803,1355.217979,3.691108312,4.090013333,203.2826969,CI,SLR,-999.0,720,-0.366645116,-0.371471551,-0.278846958,0.004826435,CI.SLR,720,-0.366645116,12.81680012,1560.819946,7.582159996,-0.3666451162585824,720,828.3988503439754,594.0276454856507,685.0336069113453,612.5628464200862
3088,RSN18367,30,18367, SLR,3.34,33.5022,-116.5193,11.15,44.92,499,33.834,-116.797,15.55,15.61,-0.001485551,-0.002320246,0.00066218,0.000253651,0.640255561,0.156134561,76.7186394,5.179664862,6.233428753,0.27925268,1797.101595,5.856673145,3.503950587,269.5652393,CI,SLR,-999.0,783,-0.4505266,-0.371471551,-0.278846958,-0.079055049,CI.SLR,783,-0.4505266,12.81680012,1560.819946,7.582159996,-0.45052660023928404,783,718.8836616139083,620.403423809346,685.5211297173536,640.7741675982875
3088,RSN13454,30,13454, SLR,3.9,34.4032,-118.651,13.612,182.33,499,33.834,-116.797,9.5,9.66,-0.00020475,-0.000432545,9.76e-06,9.95e-06,0.473360691,0.158804444,86.01409791,5.179664862,6.281821568,0.226892803,1382.200359,20.57788945,44.31813525,207.3300539,CI,SLR,-999.0,729,-0.379067636,-0.371471551,-0.278846958,-0.007596085,CI.SLR,729,-0.379067636,12.81680012,1560.819946,7.582159996,-0.37906763625713946,729,793.167336581703,615.0518258735749,699.8062030637992,633.6967961930209
3088,RSN17852,30,17852, SLR,3.14,33.0622,-115.8937,7.729,119.92,499,33.834,-116.797,33.08,33.17,-0.000270799,-0.000355893,7.88e-05,6.82e-05,0.760901477,0.163164178,86.73621866,5.179664862,6.11885537,0.331612558,1961.079955,3.970659824,4.516408629,294.1619933,CI,SLR,-999.0,837,-0.517217975,-0.371471551,-0.278846958,-0.145746424,CI.SLR,837,-0.517217975,12.81680012,1560.819946,7.582159996,-0.5172179747379566,837,738.8754843902327,614.5357364770177,714.5613065969974,648.554209923894
3088,RSN16736,30,16736, SLR,3.73,33.5058,-116.7636,16.276,36.53,499,33.834,-116.797,20.67,20.73,-0.004823463,-0.013368432,0.000148734,4.08e-05,0.360809971,0.144218582,66.42079339,5.179664862,6.3549922,0.174532925,1194.783927,118.2221324,89.88147969,179.2175891,CI,SLR,-999.0,660,-0.279633739,-0.371471551,-0.278846958,0.091837812,CI.SLR,660,-0.279633739,12.81680012,1560.819946,7.582159996,-0.2796337392689523,660,639.1104184519322,534.7903409462971,582.5866425125722,560.9940203610716
3088,RSN17354,30,17354, SLR,3.56,33.4509,-116.5827,10.563,46.91,499,33.834,-116.797,22.35,22.38,-0.002526741,-0.004745618,9.67e-05,0.000251218,0.532436589,0.15730124,78.00249158,5.179664862,6.218365755,0.244346095,1539.614711,10.05796161,49.07567735,230.9422067,CI,SLR,-999.0,774,-0.438965778,-0.371471551,-0.278846958,-0.067494227,CI.SLR,774,-0.438965778,12.81680012,1560.819946,7.582159996,-0.43896577783820856,774,727.2882583095977,628.1570707252483,688.3810129924693,646.5182427044767
3088,RSN15194,30,15194, SLR,3.9,33.867,-117.1038,11.856,28.63,499,33.834,-116.797,19.14,19.22,0.015963749,0.029929098,0.000635806,0.00015861,0.53338558,0.148462513,68.09621928,5.179664862,6.24946745,0.244346095,1633.571586,100.6478091,47.07268884,245.0357379,CI,SLR,-999.0,728,-0.377694952,-0.371471551,-0.278846958,-0.006223402,CI.SLR,728,-0.377694952,12.81680012,1560.819946,7.582159996,-0.37769495244516715,728,634.5525907838204,591.7173912520815,632.0620436953963,607.6941195291506
3088,RSN13895,30,13895, SLR,4.17,34.3277,-116.829,4.957,54.84,499,33.834,-116.797,17.65,17.72,-0.008560207,-0.021616927,0.001247383,0.00031429,0.395995569,0.165772778,85.73019726,5.179664862,6.015610792,0.191986218,1131.178208,27.23665086,17.32982332,169.6767312,CI,SLR,-999.0,641,-0.250423361,-0.371471551,-0.278846958,0.12104819,CI.SLR,641,-0.250423361,12.81680012,1560.819946,7.582159996,-0.2504233611691511,641,641.9508900382906,520.1779411937239,572.9659165100999,545.8073539243393
100058,RSN16061,39,16061, JBMB,3.71,37.7173,-121.8076,16.702,53.77,584,37.3186,-122.1531,33.13,33.22,-0.00030377,-0.002151997,0.000265024,0.000123773,0.141157424,0.150389379,73.19770337,5.179664862,6.365528716,0.06981317,465.8346009,2.454250927,8.120007999,69.87519014,NC,JBMB,-999.0,359,0.486578594,0.357566142,0.450190736,0.129012452,NC.JBMB,359,0.486578594,7.979599953,783.901001,7.634349823,0.48657859433994854,359,406.2932188064334,395.97830730086656,390.17818536831794,391.99495086167997
100058,RSN8689,39,8689, JBMB,5.45,37.4317,-121.7767,7.486,35.62,584,37.3186,-122.1531,15.03,15.17,0.017050601,0.062126057,0.010275147,0.002590543,0.274451678,0.160681697,79.19975102,5.179664862,6.113244097,0.13962634,831.6175075,6.581863725,6.04624508,124.7426261,NC,JBMB,-999.0,511,0.133531393,0.357566142,0.450190736,-0.22403475,NC.JBMB,511,0.133531393,7.979599953,783.901001,7.634349823,0.13353139262452274,511,466.7914279447786,421.7341614831189,440.518908919473,435.51452568526406
100058,RSN18851,39,18851, JBMB,4.05,37.4812,-121.7987,11.01,36.2,584,37.3186,-122.1531,40.6,40.66,-0.004816486,-0.021192898,0.001039499,0.000354639,0.227268883,0.154326302,74.03947051,5.179664862,6.229990225,0.104719755,721.9978258,13.58137712,20.38760788,108.2996739,NC,JBMB,-999.0,465,0.227863577,0.357566142,0.450190736,-0.129702565,NC.JBMB,465,0.227863577,7.979599953,783.901001,7.634349823,0.22786357724087125,465,439.8573117046766,405.72976968501405,428.5719685151471,406.6518713593805
100058,RSN12293,39,12293, JBMB,4.23,37.901,-122.1038,14.378,64.79,584,37.3186,-122.1531,15.49,15.59,-0.001580634,-0.008088683,0.000563441,0.000333952,0.195412967,0.155256831,78.0113675,5.179664862,6.300455998,0.104719755,621.0227715,4.733117334,14.35586512,93.15341573,NC,JBMB,-999.0,423,0.322528804,0.357566142,0.450190736,-0.035037339,NC.JBMB,423,0.322528804,7.979599953,783.901001,7.634349823,0.3225288037819496,423,399.60950745881166,375.2536851821742,414.99292531882656,385.99081565580246
100058,RSN12527,39,12527, JBMB,4.1,37.862,-121.9995,13.322,61.82,584,37.3186,-122.1531,19.8,19.9,-0.002173951,-0.018241601,0.00049012,0.000365179,0.119175431,0.156052596,78.39471405,5.179664862,6.277093244,0.052359878,379.6831167,5.953110666,37.21864237,56.95246751,NC,JBMB,-999.0,315,0.617328344,0.357566142,0.450190736,0.259762202,NC.JBMB,315,0.617328344,7.979599953,783.901001,7.634349823,0.6173283440025941,315,341.4354108942169,357.30584442621296,341.25251723424475,352.01329727367647
100061,RSN14064,41,14064, JFP,3.7,37.8077,-122.0707,11.554,50.74,437,37.3605,-122.1899,35.82,35.98,-0.001276256,-0.005401324,0.000247597,0.000127405,0.236285826,0.156591891,77.84488639,5.179664862,6.242859346,0.122173048,739.7309305,10.01731486,21.8149816,110.9596396,NC,JFP,4.586666667,473,-0.079162193,-0.147989208,-0.055364615,0.068827015,NC.JFP,473,-0.079162193,12.65410042,276.7990112,16.2343998,-0.07916219339634267,473,442.25417884930465,398.63270291369884,529.0865005715517,443.41120331271753
100061,RSN11109,41,11109, JFP,4.5,38.3669,-122.5881,6.985,117.07,437,37.3605,-122.1899,20.1,20.23,0.000597232,0.002358286,0.001033856,0.000138202,0.253248111,0.163705445,87.02081613,5.179664862,6.100276528,0.122173048,755.457406,4.321442526,2.281058484,113.3186109,NC,JFP,4.586666667,480,-0.093852909,-0.147989208,-0.055364615,0.054136299,NC.JFP,480,-0.093852909,12.65410042,276.7990112,16.2343998,-0.09385290880634667,480,474.53319108186207,390.39612818651335,569.3308296399679,444.16250611155334
100061,RSN17725,41,17725, JFP,3.41,37.8651,-122.2381,9.076,56.17,437,37.3605,-122.1899,20.61,20.67,-0.000305946,-0.00097177,0.000104935,9.1e-05,0.314834012,0.160331953,81.64659047,5.179664862,6.170889681,0.157079633,948.1163157,3.362043956,9.260685186,142.2174474,NC,JFP,4.586666667,573,-0.270952522,-0.147989208,-0.055364615,-0.122963314,NC.JFP,573,-0.270952522,12.65410042,276.7990112,16.2343998,-0.27095252161914996,573,550.5497380212454,474.866851586468,666.647752777863,540.090599757695
100064,RSN14136,42,14136, JLAB,3.8,36.6815,-121.3092,5.568,64.74,477,37.1543,-121.7347,21.1,21.24,0.00066543,0.00086911,0.000265649,0.000184162,0.765644475,0.164890549,85.85285882,5.179664862,6.048749462,0.331612558,1948.509661,3.613286129,3.271647926,292.2764492,NC,JLAB,6.71517,833,-0.557517151,-0.428268892,-0.335644299,-0.129248259,NC.JLAB,684,-0.360441427,19.61330032,280.8819885,4.276450157,-0.36044142673420865,684,595.4071966803831,528.7828945769181,585.6094259562349,528.4734715854842
100064,RSN11679,42,11679, JLAB,4.3,37.2793,-121.6191,3.442,17.25,477,37.1543,-121.7347,20.73,20.84,-0.074021614,-0.166943197,0.003671779,0.000768037,0.443394009,0.166217885,80.75336803,5.179664862,5.93802414,0.20943951,1246.500156,96.3776667,45.46657002,186.9750234,NC,JLAB,6.71517,680,-0.354576307,-0.428268892,-0.335644299,0.073692585,NC.JLAB,559,-0.158632982,19.61330032,280.8819885,4.276450157,-0.1586329822667576,559,530.318437585135,479.9290142496181,481.65342528832156,464.33174559898345
100064,RSN19195,42,19195, JLAB,3.8,36.6888,-121.3205,4.454,63.49,477,37.1543,-121.7347,21.22,21.37,0.001475921,0.001968262,0.000191469,7.22e-05,0.749860033,0.166966826,86.81136659,5.179664862,5.979941298,0.314159265,1890.565857,20.44211911,10.27979464,283.5848786,NC,JLAB,6.71517,814,-0.534443875,-0.428268892,-0.335644299,-0.106174983,NC.JLAB,669,-0.338267569,19.61330032,280.8819885,4.276450157,-0.3382675692398873,669,586.7637078236413,517.2563329455179,575.9806710953598,518.7832314571385
100064,RSN15858,42,15858, JLAB,3.6,37.3892,-121.5177,5.014,32.4,477,37.1543,-121.7347,33.16,33.33,-0.001486029,-0.004066502,0.000146131,0.000223307,0.365431809,0.164762006,82.62217034,5.179664862,6.019111729,0.174532925,1057.681689,6.654645846,27.82778466,158.6522534,NC,JLAB,6.71517,621,-0.263814591,-0.428268892,-0.335644299,0.164454301,NC.JLAB,510,-0.066894235,19.61330032,280.8819885,4.276450157,-0.06689423483002965,510,514.7815772981678,444.73478372469293,447.920019728293,430.3763594210694
100064,RSN18984,42,18984, JLAB,4.51,35.7277,-121.0758,5.558,168.97,477,37.1543,-121.7347,24.97,25.08,0.000344669,0.000683908,0.000283755,0.000120328,0.503969342,0.165274821,88.43659075,5.179664862,6.048276052,0.226892803,1397.736606,2.864412273,2.410205988,209.6604909,NC,JLAB,6.71517,734,-0.430992538,-0.428268892,-0.335644299,-0.002723645,NC.JLAB,603,-0.234400706,19.61330032,280.8819885,4.276450157,-0.2344007058388442,603,736.3793227702186,531.4092098271942,608.0709458949106,515.6507734199884
100085,RSN19291,45,19291, PHSB,3.8,36.6652,-121.2928,7.59,95.78,422,35.824,-121.0539,22.28,22.37,-0.000419541,-0.002688038,0.000174684,4.54e-05,0.156077036,0.163113361,85.98976153,5.179664862,6.115695017,0.06981317,473.8688099,9.240991189,15.38800348,71.08032149,NC,PHSB,-999.0,362,0.153361102,0.10773133,0.200355924,0.045629772,NC.PHSB,362,0.153361102,15.38220024,456.9030151,7.475399971,0.15336110221024057,362,390.7760480773133,391.8495106156037,388.0677472367763,374.16686129586805
100085,RSN14139,45,14139, PHSB,3.8,36.6815,-121.3092,5.568,97.88,422,35.824,-121.0539,20.25,20.31,-0.000573134,-0.003708485,0.000496725,0.000174029,0.154546587,0.165136585,87.27573066,5.179664862,6.048749462,0.06981317,463.5802015,3.293324676,7.465871458,69.53703023,NC,PHSB,-999.0,358,0.164472328,0.10773133,0.200355924,0.056740997,NC.PHSB,358,0.164472328,15.38220024,456.9030151,7.475399971,0.16447232763531172,358,387.75869456590107,392.23263015703293,384.4877819685676,371.13167589004223
100085,RSN14974,45,14974, PHSB,3.7,35.6371,-120.7559,6.53,34.01,422,35.824,-121.0539,20.48,20.54,0.003099906,0.014588228,0.00142569,0.000289612,0.21249365,0.161897703,80.1954097,5.179664862,6.086524027,0.104719755,645.4622031,10.70365178,10.23239835,96.81933047,NC,PHSB,-999.0,432,-0.023420274,0.10773133,0.200355924,-0.131151605,NC.PHSB,432,-0.023420274,15.38220024,456.9030151,7.475399971,-0.023420274208098668,432,410.3185463767969,391.8739330167949,422.35211864017765,396.74767974787596
100085,RSN18518,45,18518, PHSB,3.48,35.8309,-120.3782,6.939,61.06,422,35.824,-121.0539,20.63,20.69,0.000452394,0.005290147,0.000295072,6.07e-05,0.085516394,0.163137439,84.25191083,5.179664862,6.098979266,0.034906585,261.3058298,7.452948929,17.92832597,39.19587447,NC,PHSB,-999.0,245,0.543747103,0.10773133,0.200355924,0.436015773,NC.PHSB,245,0.543747103,15.38220024,456.9030151,7.475399971,0.5437471034912846,245,381.6697186119029,390.03748510422224,367.33261709695716,372.74522117150883
100085,RSN8736,45,8736, PHSB,5.45,37.4317,-121.7767,7.486,189.76,422,35.824,-121.0539,15.6,15.92,-0.002652344,-0.010814911,0.000812348,0.000357271,0.245248773,0.163482006,88.0240793,5.179664862,6.113244097,0.122173048,733.9516547,7.423899505,13.31315028,110.0927482,NC,PHSB,-999.0,470,-0.107727381,0.10773133,0.200355924,-0.215458711,NC.PHSB,470,-0.107727381,15.38220024,456.9030151,7.475399971,-0.10772738066809229,470,546.3160728260656,395.72762688118235,510.900925943416,406.2278719173297
100085,RSN18487,45,18487, PHSB,4.01,35.8628,-120.4101,9.132,58.32,422,35.824,-121.0539,20.15,20.28,0.002910752,0.012537299,0.000716518,0.00021136,0.232167378,0.160372522,81.88059314,5.179664862,6.172976895,0.122173048,710.3450366,13.77153671,17.4975353,106.5517555,NC,PHSB,-999.0,459,-0.084044896,0.10773133,0.200355924,-0.191776226,NC.PHSB,459,-0.084044896,15.38220024,456.9030151,7.475399971,-0.08404489602453324,459,454.09771216215967,403.7054026127523,424.4076471512646,406.67401273198897
100089,RSN12383,47,12383, ARV,4.27,36.1466,-118.0613,4.057,132.85,348,35.1269,-118.8301,20.42,20.52,0.0001,0.000663898,0.000122175,4.01e-05,0.150562779,0.168192941,88.66319531,5.179664862,5.943934512,0.06981317,443.6851496,2.493765586,5.433992224,66.55277244,CI,ARV,-999.0,349,-0.002869442,-0.139667009,-0.047042415,0.136797566,CI.ARV,349,-0.002869442,11.20110035,241.1190033,6.969810009,-0.0028694424279525066,349,463.78880536291194,400.6205424609447,426.37186862345834,406.057430467434
100089,RSN10669,47,10669, ARV,4.66,34.2983,-118.6255,8.038,93.81,348,35.1269,-118.8301,8.62,8.97,-0.001125238,-0.004678594,0.000224971,6.94e-05,0.240507832,0.162749155,85.62539335,5.179664862,6.126524324,0.122173048,723.7810182,16.21380403,20.79643154,108.5671527,CI,ARV,-999.0,466,-0.291983154,-0.139667009,-0.047042415,-0.152316146,CI.ARV,466,-0.291983154,11.20110035,241.1190033,6.969810009,-0.29198315435117106,466,453.5556994051373,395.1297230472458,401.3068100557657,397.0246976173321
100089,RSN17892,47,17892, ARV,4.04,36.3911,-117.8665,9.439,165.13,348,35.1269,-118.8301,12.4,12.57,-0.000242716,-0.001356784,2.8e-05,6.51e-06,0.17889046,0.161492641,87.0362714,5.179664862,6.183950287,0.087266463,547.294971,37.28356375,48.45657143,82.09424565,CI,ARV,-999.0,394,-0.12414843,-0.139667009,-0.047042415,0.015518579,CI.ARV,394,-0.12414843,11.20110035,241.1190033,6.969810009,-0.12414842952345939,394,500.62540133144176,406.9846209388266,440.350347836199,425.67990039696656
100090,RSN17799,48,17799, BAK,3.28,35.1325,-118.9412,4.611,27.81,275,35.3444,-119.1045,14.4,14.47,-0.000407126,-0.003232221,0.000463119,0.000192624,0.125958622,0.165299957,82.09307752,5.179664862,5.99209381,0.06981317,378.9335345,2.113578786,6.979245075,56.84003018,CI,BAK,0.13,315,-0.135801541,-0.155996277,-0.063371684,0.020194736,CI.BAK,315,-0.135801541,2.745059967,115.1940002,0.257090002,-0.1358015411590614,315,376.1239838286073,379.1204303748636,281.786024938862,307.20733081295845
100090,RSN12667,48,12667, BAK,4.34,35.8373,-117.678,6.864,140.37,275,35.3444,-119.1045,21.75,21.82,0.000524257,0.005207464,0.001125601,0.00011117,0.100674156,0.163874122,87.5842925,5.179664862,6.096821743,0.052359878,306.0433567,4.715813619,4.626385371,45.90650351,CI,BAK,0.13,273,0.007299302,-0.155996277,-0.063371684,0.16329558,CI.BAK,273,0.007299302,2.745059967,115.1940002,0.257090002,0.0072993024816119245,273,371.66269916207807,385.2095677573337,279.7243463563099,313.82717499756404
100090,RSN9152,48,9152, BAK,5.03,35.3852,-118.6292,7.3,43.43,275,35.3444,-119.1045,12.5,12.67,0.016249295,0.098164732,0.001278526,0.00051476,0.165530885,0.16189077,81.46923439,5.179664862,6.108664217,0.087266463,506.2997624,31.56673984,76.7796134,75.94496436,CI,BAK,0.13,376,-0.312818046,-0.155996277,-0.063371684,-0.156821768,CI.BAK,376,-0.312818046,2.745059967,115.1940002,0.257090002,-0.31281804572332295,376,362.9556620857762,388.2985733880004,306.7969829489965,330.3803351959016
100090,RSN18197,48,18197, BAK,4.36,36.3932,-117.8644,8.798,161.51,275,35.3444,-119.1045,13.11,13.26,-0.001028456,-0.007424872,0.000213211,0.00020513,0.138514927,0.162142388,87.20975481,5.179664862,6.160106881,0.06981317,424.1327995,5.01367913,34.82405692,63.61991993,CI,BAK,0.13,339,-0.20922901,-0.155996277,-0.063371684,-0.053232732,CI.BAK,339,-0.20922901,2.745059967,115.1940002,0.257090002,-0.20922900971387826,339,454.02808827722384,412.51969560520456,332.43127243363807,329.7344631874142
100090,RSN18241,48,18241, BAK,4.2,36.3905,-117.8695,8.829,160.98,275,35.3444,-119.1045,13.19,13.34,-0.001002647,-0.008179709,0.00015142,7.57e-05,0.122577352,0.162105825,87.18109013,5.179664862,6.161345296,0.052359878,375.7871557,13.24500661,54.02000396,56.36807336,CI,BAK,0.13,313,-0.129432093,-0.155996277,-0.063371684,0.026564185,CI.BAK,313,-0.129432093,2.745059967,115.1940002,0.257090002,-0.12943209287358126,313,422.3197560705773,393.7308103453156,312.7514478098468,314.2899315404377
100091,RSN14493,49,14493, BEL,4.01,33.2617,-116.0659,5.761,82.19,796,34.0006,-115.9982,27.28,27.42,-0.000904187,-0.000951643,2.67e-05,6.04e-06,0.950132982,0.164792763,86.59420195,5.179664862,6.057510055,0.383972435,2252.442659,149.6998344,35.64205993,337.8663989,CI,BEL,-999.0,932,-0.157733629,0.085610816,0.178235409,-0.243344444,CI.BEL,932,-0.157733629,14.83349991,1330.719971,1.703959942,-0.1577336288412079,932,778.1103290199394,917.0536657533356,800.5868907818214,744.2261708990321
100091,RSN15148,49,15148, BEL,3.9,33.867,-117.1038,11.856,103.29,796,34.0006,-115.9982,24.6,24.7,0.001087614,0.001843527,0.000151355,2.3e-05,0.58996366,0.159114974,83.92480187,5.179664862,6.24946745,0.261799388,1653.563216,47.28756522,12.18015262,248.0344824,CI,BEL,-999.0,734,0.081090157,0.085610816,0.178235409,-0.004520658,CI.BEL,734,0.081090157,14.83349991,1330.719971,1.703959942,0.0810901572298679,734,723.3485303427342,856.3312502580832,601.106278571269,614.3655115145364
100091,RSN16088,49,16088, BEL,3.58,33.827,-117.0296,15.131,97.31,796,34.0006,-115.9982,16.2,16.28,0.000264893,0.000639394,5.18e-05,7.89e-06,0.414287275,0.156448687,81.62631328,5.179664862,6.323730411,0.191986218,1246.264454,33.57325729,12.34351351,186.9396681,CI,BEL,-999.0,680,0.157506388,0.085610816,0.178235409,0.071895572,CI.BEL,680,0.157506388,14.83349991,1330.719971,1.703959942,0.15750638767423109,680,667.097355091695,794.048486499136,549.6272099114847,569.6228311544196
100091,RSN13817,49,13817, BEL,4.17,34.3277,-116.829,4.957,84.76,796,34.0006,-115.9982,21.5,21.59,0.000890871,0.00244091,0.000201964,4.46e-05,0.364974843,0.166045565,87.27050765,5.179664862,6.015610792,0.174532925,1048.343304,19.9746861,12.08586679,157.2514956,CI,BEL,-999.0,618,0.253110728,0.085610816,0.178235409,0.167499913,CI.BEL,618,0.253110728,14.83349991,1330.719971,1.703959942,0.2531107283866927,618,649.4080472038488,743.7833590163751,516.1368288101472,518.9032261869943
100091,RSN16746,49,16746, BEL,3.72,33.1099,-116.0467,7.494,98.89,796,34.0006,-115.9982,31.63,31.69,-0.000181162,-0.000252159,5.92e-05,3.58e-05,0.718444318,0.163208802,86.1698517,5.179664862,6.113435346,0.314159265,1878.979801,5.060391061,4.259442568,281.8469702,CI,BEL,-999.0,810,-0.017435062,0.085610816,0.178235409,-0.103045877,CI.BEL,810,-0.017435062,14.83349991,1330.719971,1.703959942,-0.017435061822101083,810,720.3091581501101,810.0055819201501,690.8221612443598,651.3220722089653
100091,RSN15385,49,15385, BEL,3.99,34.0514,-117.2429,14.998,115.1,796,34.0006,-115.9982,21.95,22.07,0.000261707,0.000583171,3.41e-05,7.04e-06,0.448765472,0.157053578,82.9997227,5.179664862,6.319789549,0.20943951,1332.653141,37.17428977,17.10178886,199.8979712,CI,BEL,-999.0,712,0.111521274,0.085610816,0.178235409,0.025910459,CI.BEL,712,0.111521274,14.83349991,1330.719971,1.703959942,0.11152127443240722,712,704.3015363261978,827.7541511600192,577.5705792716975,594.5852595884338
100091,RSN16578,49,16578, BEL,3.69,33.735,-117.4936,9.693,141.47,796,34.0006,-115.9982,17.48,17.57,0.00014818,0.000331633,2.97e-05,4.46e-06,0.446818487,0.161176036,86.44690301,5.179664862,6.192470162,0.20943951,1293.836479,33.22421525,11.16609428,194.0754719,CI,BEL,-999.0,698,0.131380083,0.085610816,0.178235409,0.045769268,CI.BEL,698,0.131380083,14.83349991,1330.719971,1.703959942,0.13138008308201066,698,776.2649585818223,826.555679937044,604.2004312343537,586.3181834949737
100091,RSN15555,49,15555, BEL,4.06,32.6823,-116.088,9.762,146.45,796,34.0006,-115.9982,26.2,26.31,-0.000217628,-0.000384977,1.07e-05,1.26e-05,0.565303008,0.161134313,86.54195926,5.179664862,6.194703173,0.261799388,1580.460094,17.27206349,35.97915888,237.0690141,CI,BEL,-999.0,735,0.079728687,0.085610816,0.178235409,-0.005882129,CI.BEL,735,0.079728687,14.83349991,1330.719971,1.703959942,0.07972868663154653,735,807.1361260451798,866.7868837086222,632.2386495886402,616.0052590186526
100091,RSN8317,49,8317, BEL,4.27,33.9173,-117.7758,7.0,164.21,796,34.0006,-115.9982,15.3,15.4,0.001449592,0.002250213,0.000883323,0.000500218,0.644202327,0.163803431,87.8789036,5.179664862,6.100695365,0.27925268,1720.634545,2.897920507,2.547440744,258.0951818,CI,BEL,-999.0,757,0.050235932,0.085610816,0.178235409,-0.035374883,CI.BEL,757,0.050235932,14.83349991,1330.719971,1.703959942,0.05023593240693458,757,868.4441939092201,868.6897946682107,666.1736612112384,625.8883275105793
100091,RSN16512,49,16512, BEL,3.61,34.2449,-117.4464,12.48,136.32,796,34.0006,-115.9982,13.7,13.84,4.71e-05,8.79e-05,2.22e-05,3.92e-06,0.535658738,0.159117619,85.13943024,5.179664862,6.262058538,0.244346095,1529.303446,12.01530612,3.959459459,229.3955169,CI,BEL,-999.0,779,0.02158814,0.085610816,0.178235409,-0.064022676,CI.BEL,779,0.02158814,14.83349991,1330.719971,1.703959942,0.021588139973634846,779,808.4483655535498,915.5319076353337,663.493965332668,655.8711661992367
100091,RSN17407,49,17407, BEL,3.66,34.2987,-116.8617,15.28,86.23,796,34.0006,-115.9982,15.81,15.89,0.000164947,0.00066613,3.01e-05,2.04e-05,0.247620289,0.155842275,80.46336424,5.179664862,6.328063842,0.122173048,776.9543269,8.085637255,22.13056478,116.543149,CI,BEL,-999.0,489,0.487236696,0.085610816,0.178235409,0.401625881,CI.BEL,489,0.487236696,14.83349991,1330.719971,1.703959942,0.4872366963695107,489,461.18728976721144,559.0857885238956,389.97823005782055,403.4873940380829
100091,RSN16864,49,16864, BEL,3.6,34.2088,-117.5824,7.536,147.99,796,34.0006,-115.9982,40.78,40.86,0.000121074,0.000221267,4.62e-05,2.39e-05,0.547186333,0.163383855,87.4367442,5.179664862,6.114431914,0.244346095,1514.474562,5.065857741,4.789329004,227.1711843,CI,BEL,-999.0,774,0.028027312,0.085610816,0.178235409,-0.057583503,CI.BEL,774,0.028027312,14.83349991,1330.719971,1.703959942,0.028027312254655712,774,895.5070100240065,915.6660602615151,683.7962777486746,652.7069149403761
100091,RSN8767,49,8767, BEL,5.39,33.9465,-117.7667,14.89,163.55,796,34.0006,-115.9982,25.18,25.42,0.018378477,0.021237889,0.002295683,0.002273399,0.865362721,0.157735846,85.09940284,5.179664862,6.31653763,0.34906585,2209.793629,8.084140531,9.251228937,331.4690444,CI,BEL,-999.0,918,-0.142598205,0.085610816,0.178235409,-0.22820902,CI.BEL,918,-0.142598205,14.83349991,1330.719971,1.703959942,-0.14259820477610763,918,809.6632994531724,886.2592087619951,802.8943000534031,715.818945937498
100091,RSN14700,49,14700, BEL,3.84,34.2268,-117.4407,8.593,135.43,796,34.0006,-115.9982,20.62,20.73,0.000317145,0.000966106,2.4e-05,6.93e-06,0.328270825,0.162296979,86.75684979,5.179664862,6.151676073,0.157079633,972.878693,45.76406926,40.25441667,145.931804,CI,BEL,-999.0,587,0.304574366,0.085610816,0.178235409,0.21896355,CI.BEL,587,0.304574366,14.83349991,1330.719971,1.703959942,0.3045743660162863,587,624.8500050171027,698.338643091161,491.4176389545478,487.1918164855601
100091,RSN17120,49,17120, BEL,3.53,33.9634,-117.8198,13.862,168.38,796,34.0006,-115.9982,39.59,39.69,2.82e-05,0.000121054,7.17e-06,6.01e-06,0.23270239,0.158620707,85.59589003,5.179664862,6.285731951,0.122173048,719.7611287,4.6921797,16.88340307,107.9641693,CI,BEL,-999.0,464,0.539714634,0.085610816,0.178235409,0.454103818,CI.BEL,464,0.539714634,14.83349991,1330.719971,1.703959942,0.5397146336181278,464,494.32741421439107,553.9484693576272,422.30250435708024,397.4146744229982
100091,RSN13109,49,13109, BEL,4.06,33.2394,-116.2082,10.532,86.65,796,34.0006,-115.9982,13.45,13.52,-0.00192886,-0.002192454,0.000407911,0.000283174,0.879772592,0.159833942,83.6015162,5.179664862,6.217520851,0.366519143,2211.377811,6.811571684,5.374834216,331.7066717,CI,BEL,-999.0,918,-0.142598205,0.085610816,0.178235409,-0.22820902,CI.BEL,918,-0.142598205,14.83349991,1330.719971,1.703959942,-0.14259820477610763,918,768.2335809907463,893.3244743167223,793.4760535377196,733.7317217998616
100091,RSN15686,49,15686, BEL,3.81,32.4923,-116.8468,13.18,185.03,796,34.0006,-115.9982,22.61,22.72,-6.53e-05,-7.73e-05,6.67e-06,6.25e-06,0.844967925,0.159018377,86.19215934,5.179664862,6.274698597,0.34906585,2160.127194,10.448,11.5892054,324.0190791,CI,BEL,-999.0,902,-0.125015334,0.085610816,0.178235409,-0.21062615,CI.BEL,902,-0.125015334,14.83349991,1330.719971,1.703959942,-0.12501533421824096,902,761.7916299559638,900.9630050898979,845.7321936451727,748.3410096151259
100091,RSN12593,49,12593, BEL,4.11,33.5089,-116.8485,12.274,95.82,796,34.0006,-115.9982,15.7,15.78,0.002150437,0.002950239,0.000563935,0.000490578,0.728902812,0.158657131,83.16083188,5.179664862,6.258050482,0.314159265,1951.995278,4.383476226,5.231523137,292.7992917,CI,BEL,-999.0,834,-0.046634217,0.085610816,0.178235409,-0.132245032,CI.BEL,834,-0.046634217,14.83349991,1330.719971,1.703959942,-0.046634216514363835,834,732.4532988945853,831.7989267122928,706.5809402345475,667.6968177025627
100091,RSN14379,49,14379, BEL,4.14,34.8632,-116.3444,6.474,100.84,796,34.0006,-115.9982,20.95,21.03,0.000163317,0.0002105,7.18e-05,6.13e-05,0.775850245,0.164096575,86.83517117,5.179664862,6.084678138,0.331612558,1975.000138,2.664225122,2.931754875,296.2500207,CI,BEL,-999.0,842,-0.056180828,0.085610816,0.178235409,-0.141791644,CI.BEL,842,-0.056180828,14.83349991,1330.719971,1.703959942,-0.05618082839794347,842,737.6076025373789,833.722439751468,731.7340356838929,672.5161797980212
100091,RSN9323,49,9323, BEL,4.88,34.0655,-117.0011,17.501,92.9,796,34.0006,-115.9982,12.45,12.64,0.001976966,0.002596934,0.000115451,7.12e-05,0.761269257,0.15413044,79.72224984,5.179664862,6.383907006,0.331612558,2076.682979,27.7663764,22.49381989,311.5024469,CI,BEL,-999.0,875,-0.094624701,0.085610816,0.178235409,-0.180235516,CI.BEL,875,-0.094624701,14.83349991,1330.719971,1.703959942,-0.09462470051323102,875,789.5438845824331,857.4555750905639,729.5090071105332,691.8943196146679
100091,RSN16245,49,16245, BEL,3.64,33.223,-116.7186,8.687,109.12,796,34.0006,-115.9982,33.04,33.23,-0.000377779,-0.00045958,8.69e-06,7e-06,0.822009379,0.162036228,85.89086652,5.179664862,6.155594857,0.34906585,2083.802438,53.96842857,52.88607595,312.5703657,CI,BEL,-999.0,877,-0.096907807,0.085610816,0.178235409,-0.182518622,CI.BEL,877,-0.096907807,14.83349991,1330.719971,1.703959942,-0.09690780652779996,877,696.8134262251921,859.1425404844808,755.1526260771136,704.9361447894071
100091,RSN10400,49,10400, BEL,4.45,34.1081,-117.3062,14.795,121.35,796,34.0006,-115.9982,11.7,11.83,0.001540626,0.002543127,0.000122497,2.71e-05,0.605799883,0.157350974,83.44215977,5.179664862,6.313637877,0.27925268,1711.9446,56.8496679,20.76072883,256.79169,CI,BEL,-999.0,754,0.054206818,0.085610816,0.178235409,-0.031403998,CI.BEL,754,0.054206818,14.83349991,1330.719971,1.703959942,0.05420681783642678,754,758.9320147105063,874.3382136951815,626.2159937254875,624.8297859383296
100091,RSN15889,49,15889, BEL,3.96,32.6554,-116.1347,12.336,149.73,796,34.0006,-115.9982,23.37,23.51,-0.000146619,-0.00024733,1.05e-05,1.22e-05,0.592806736,0.159296408,85.62000506,5.179664862,6.25927157,0.261799388,1657.693718,12.01795082,23.5552381,248.6540577,CI,BEL,-999.0,736,0.078369067,0.085610816,0.178235409,-0.007241748,CI.BEL,736,0.078369067,14.83349991,1330.719971,1.703959942,0.0783690671155064,736,781.2392147158363,864.9954865463487,628.7124360908955,619.6677513769424
100091,RSN15612,49,15612, BEL,3.87,33.7513,-116.0218,8.756,27.74,796,34.0006,-115.9982,17.42,17.49,0.007904897,0.014574904,0.000694721,0.000514365,0.542363621,0.155603612,73.38975319,5.179664862,6.158414042,0.244346095,1579.212124,15.36826378,20.97950688,236.8818186,CI,BEL,-999.0,736,0.078369067,0.085610816,0.178235409,-0.007241748,CI.BEL,736,0.078369067,14.83349991,1330.719971,1.703959942,0.0783690671155064,736,676.8299303617572,863.4773935080952,612.5999378111624,621.8172666938195
100091,RSN16700,49,16700, BEL,3.73,33.5058,-116.7636,16.276,89.67,796,34.0006,-115.9982,18.8,18.87,0.000339583,0.000409755,0.000145861,6.25e-05,0.82874655,0.155038001,80.15210912,5.179664862,6.3549922,0.34906585,2189.039083,5.433328,2.809215623,328.3558625,CI,BEL,-999.0,911,-0.134943711,0.085610816,0.178235409,-0.220554527,CI.BEL,911,-0.134943711,14.83349991,1330.719971,1.703959942,-0.13494371141557515,911,717.8014545795977,880.6264904195439,761.7432076038152,727.7472282404515
100091,RSN8986,49,8986, BEL,5.2,33.5328,-116.5697,15.48,74.13,796,34.0006,-115.9982,20.59,20.74,0.03164686,0.034853301,0.000366791,9.17e-05,0.908001804,0.154867122,78.78065844,5.179664862,6.333749326,0.366519143,2325.528975,345.1129771,95.0222361,348.8293463,CI,BEL,-999.0,955,-0.182112155,0.085610816,0.178235409,-0.26772297,CI.BEL,955,-0.182112155,14.83349991,1330.719971,1.703959942,-0.18211215463634733,955,779.1660749685226,900.4335292546957,789.941538164106,738.6480297662533
100091,RSN14983,49,14983, BEL,3.74,34.1651,-117.4332,7.875,133.7,796,34.0006,-115.9982,21.5,21.73,0.000262273,0.000293764,2e-05,7.05e-06,0.892799055,0.163123129,87.01853878,5.179664862,6.12204057,0.366519143,2185.896164,37.20184397,14.6882,327.8844246,CI,BEL,-999.0,910,-0.133845414,0.085610816,0.178235409,-0.219456229,CI.BEL,910,-0.133845414,14.83349991,1330.719971,1.703959942,-0.1338454136665126,910,724.0974047294418,892.7432406240558,807.145796916437,734.977127499052
100091,RSN16812,49,16812, BEL,3.49,34.309,-116.9297,9.684,92.46,796,34.0006,-115.9982,13.12,13.21,0.00018882,0.000733542,1.47e-05,4.08e-06,0.257408391,0.16076376,84.54885278,5.179664862,6.192176404,0.122173048,781.151101,46.27941176,49.90081633,117.1726652,CI,BEL,-999.0,491,0.483155058,0.085610816,0.178235409,0.397544242,CI.BEL,491,0.483155058,14.83349991,1330.719971,1.703959942,0.4831550580498627,491,473.2992562694418,568.3880791418595,400.7687219437392,405.30256041259435
100091,RSN17313,49,17313, BEL,3.56,33.4509,-116.5827,10.563,81.56,796,34.0006,-115.9982,28.47,28.57,0.000315302,0.000395782,4.55e-05,3.8e-05,0.796657261,0.159677172,83.18335114,5.179664862,6.218365755,0.331612558,2064.760615,8.297421053,8.698505495,309.7140923,CI,BEL,-999.0,871,-0.090042791,0.085610816,0.178235409,-0.175653607,CI.BEL,871,-0.090042791,14.83349991,1330.719971,1.703959942,-0.09004279100811985,871,691.1228262817565,850.9829821178654,744.2997736103359,701.4225027713373
100091,RSN16934,49,16934, BEL,3.63,34.1242,-116.405,9.555,39.98,796,34.0006,-115.9982,11.86,11.92,0.00215355,0.009053399,0.000466745,9.37e-05,0.23787202,0.15765964,77.31244106,5.179664862,6.187901101,0.122173048,739.3930905,22.98345784,19.39688481,110.9089636,CI,BEL,-999.0,473,0.520503797,0.085610816,0.178235409,0.434892982,CI.BEL,473,0.520503797,14.83349991,1330.719971,1.703959942,0.5205037973524504,473,445.7874482367808,549.1389780591586,390.173331142571,394.9964014062415
100091,RSN17480,49,17480, BEL,3.62,33.9521,-116.3635,9.067,34.18,796,34.0006,-115.9982,16.25,16.32,0.005188963,0.016751483,0.000211041,6.29e-06,0.309761417,0.157424619,76.26318558,5.179664862,6.170551665,0.157079633,951.4133125,824.954372,79.37549102,142.7119969,CI,BEL,-999.0,575,0.325229145,0.085610816,0.178235409,0.239618329,CI.BEL,575,0.325229145,14.83349991,1330.719971,1.703959942,0.3252291450470324,575,523.6284182507451,672.012693416697,453.8902058773128,475.5269888049491
100091,RSN10910,49,10910, BEL,4.26,33.8776,-116.2019,10.062,23.25,796,34.0006,-115.9982,16.26,16.32,-0.008873149,-0.024717884,0.000913813,6.7e-05,0.358976908,0.149037077,67.61279194,5.179664862,6.204033973,0.174532925,1150.935996,132.4350597,27.04917089,172.6403994,CI,BEL,-999.0,645,0.210348869,0.085610816,0.178235409,0.124738053,CI.BEL,645,0.210348869,14.83349991,1330.719971,1.703959942,0.2103488690486106,645,605.2726171369056,776.0315636251111,539.0970706799202,562.1396709286973
100091,RSN17647,49,17647, BEL,3.47,33.8029,-116.1786,7.366,27.55,796,34.0006,-115.9982,19.1,19.17,0.004367615,0.007289641,9.78e-05,5.24e-05,0.599153641,0.158962062,76.2420152,5.179664862,6.110319177,0.261799388,1674.563842,83.3514313,74.53620654,251.1845763,CI,BEL,-999.0,742,0.070249943,0.085610816,0.178235409,-0.015360873,CI.BEL,742,0.070249943,14.83349991,1330.719971,1.703959942,0.07024994267700269,742,697.979834994328,869.2747484031285,617.1438702548207,627.8396332853652
100091,RSN15251,49,15251, BEL,3.86,34.1976,-117.3882,14.177,130.12,796,34.0006,-115.9982,24.05,24.23,0.00042843,0.000888782,4.54e-06,1.23e-05,0.482041712,0.158063409,84.16762059,5.179664862,6.293825021,0.226892803,1409.575426,34.83170732,195.7669604,211.4363139,CI,BEL,-999.0,738,0.075655361,0.085610816,0.178235409,-0.009955454,CI.BEL,738,0.075655361,14.83349991,1330.719971,1.703959942,0.07565536124391059,738,775.5148375409418,867.3005700002917,621.5227398434807,619.9273822240791
100091,RSN17362,49,17362, BEL,3.56,33.0804,-116.4826,10.835,111.54,796,34.0006,-115.9982,31.75,31.79,-0.000800639,-0.001206113,0.000390972,0.000176838,0.663817917,0.159989915,84.89082177,5.179664862,6.225560001,0.296705973,1806.803,4.52752802,3.084908894,271.02045,CI,BEL,-999.0,786,0.012642393,0.085610816,0.178235409,-0.072968422,CI.BEL,786,0.012642393,14.83349991,1330.719971,1.703959942,0.012642393415176478,786,708.6216225871137,832.0490324734095,661.1340245982361,645.7582592673336
100091,RSN17070,49,17070, BEL,3.52,34.2098,-116.4371,4.645,46.68,796,34.0006,-115.9982,18.13,18.2,0.000339044,0.001103762,0.000187027,2.81e-05,0.307171067,0.16627241,85.36915187,5.179664862,5.994593769,0.157079633,893.893077,12.06562278,5.901618483,134.0839616,CI,BEL,-999.0,544,0.380649939,0.085610816,0.178235409,0.295039123,CI.BEL,544,0.380649939,14.83349991,1330.719971,1.703959942,0.3806499389884408,544,547.673480037407,644.3607898856504,430.71509088869334,451.64163409026435
100091,RSN15522,49,15522, BEL,3.68,34.7251,-116.0506,2.727,80.51,796,34.0006,-115.9982,22.15,22.23,-0.000137241,-0.000173142,4.62e-05,1.85e-05,0.792650961,0.168365961,88.74767021,5.179664862,5.93802414,0.331612558,1951.859857,7.418432432,3.747662338,292.7789786,CI,BEL,-999.0,834,-0.046634217,0.085610816,0.178235409,-0.132245032,CI.BEL,834,-0.046634217,14.83349991,1330.719971,1.703959942,-0.046634216514363835,834,737.665750427255,816.2483764184765,722.3524826144986,670.8079925355189
100091,RSN17833,49,17833, BEL,3.14,33.0622,-115.8937,7.729,104.53,796,34.0006,-115.9982,30.4,30.55,-0.000106884,-0.000133529,8.62e-06,5.03e-06,0.80045582,0.163081612,86.26217283,5.179664862,6.11885537,0.331612558,2027.840156,21.24930417,15.49060325,304.1760234,CI,BEL,-999.0,859,-0.076169736,0.085610816,0.178235409,-0.161780552,CI.BEL,859,-0.076169736,14.83349991,1330.719971,1.703959942,-0.07616973613987188,859,700.8730177536443,843.5099603570126,739.0610466752722,688.9197575210897
100091,RSN14285,49,14285, BEL,4.19,33.4453,-116.439,8.875,73.91,796,34.0006,-115.9982,21.82,21.87,-0.000710782,-0.001216282,7.76e-05,3.48e-05,0.584389148,0.16129238,83.75808565,5.179664862,6.16316588,0.261799388,1619.539037,20.42477011,15.67373711,242.9308556,CI,BEL,-999.0,723,0.096189964,0.085610816,0.178235409,0.010579148,CI.BEL,723,0.096189964,14.83349991,1330.719971,1.703959942,0.09618996368561827,723,723.9730693601182,843.7612259548796,594.083190263466,596.8835997803047
100091,RSN17896,49,17896, BEL,4.04,36.3911,-117.8665,9.439,315.1,796,34.0006,-115.9982,11.73,11.86,9.72e-05,0.000194976,8.39e-06,7.22e-06,0.498431691,0.161650189,88.45558475,5.179664862,6.183950287,0.226892803,1416.365808,13.46260388,23.23909416,212.4548712,CI,BEL,-999.0,741,0.071598561,0.085610816,0.178235409,-0.014012255,CI.BEL,741,0.071598561,14.83349991,1330.719971,1.703959942,0.0715985605482965,741,880.9782679709264,801.6574411128493,664.7356278642454,615.3474346918517
100091,RSN14217,49,14217, BEL,3.94,32.7219,-116.8133,20.237,160.83,796,34.0006,-115.9982,15.23,15.34,-0.000188375,-0.000229188,6.13e-06,3.49e-06,0.821923696,0.15414492,83.10146116,5.179664862,6.440435438,0.34906585,2190.337255,53.9756447,37.38792822,328.5505883,CI,BEL,-999.0,912,-0.136040804,0.085610816,0.178235409,-0.22165162,CI.BEL,912,-0.136040804,14.83349991,1330.719971,1.703959942,-0.1360408042299479,912,784.7585122363982,892.0503826584802,793.5003450056145,735.205718918955
100091,RSN18321,49,18321, BEL,3.05,33.5043,-116.561,11.461,75.82,796,34.0006,-115.9982,14.6,14.66,3.44e-05,6.45e-05,1.36e-05,1.6e-05,0.533002884,0.158659651,81.9537063,5.179664862,6.240750508,0.244346095,1527.715046,2.15,4.742647059,229.1572569,CI,BEL,-999.0,779,0.02158814,0.085610816,0.178235409,-0.064022676,CI.BEL,779,0.02158814,14.83349991,1330.719971,1.703959942,0.021588139973634846,779,731.9540780206661,907.8844331095675,634.7487731902024,650.7370734109418
100091,RSN9862,49,9862, BEL,4.59,34.9977,-119.1926,10.662,313.53,796,34.0006,-115.9982,9.3,9.57,8.4e-05,0.000137217,8.81e-06,3.38e-06,0.612149718,0.160668083,88.22623412,5.179664862,6.221029194,0.27925268,1689.671782,24.85207101,15.57514188,253.4507673,CI,BEL,-999.0,747,0.063534001,0.085610816,0.178235409,-0.022076815,CI.BEL,747,0.063534001,14.83349991,1330.719971,1.703959942,0.06353400071156567,747,877.9352998959793,798.6724778706536,662.4846351087209,615.5810593764348
100091,RSN15097,49,15097, BEL,3.78,34.1353,-117.4476,5.857,134.63,796,34.0006,-115.9982,20.59,20.71,0.00014137,0.000311114,7.71e-06,3.93e-06,0.454399594,0.164862584,87.90855646,5.179664862,6.061617088,0.20943951,1282.862053,35.97201018,40.35201038,192.429308,CI,BEL,-999.0,694,0.137127225,0.085610816,0.178235409,0.05151641,CI.BEL,694,0.137127225,14.83349991,1330.719971,1.703959942,0.13712722533757837,694,793.7408096495873,822.3840386287093,611.3227035788736,585.243667918115
100091,RSN15728,49,15728, BEL,3.81,32.9942,-116.2977,5.726,115.04,796,34.0006,-115.9982,12.88,13.01,-0.000798524,-0.000837847,0.00027603,0.000289031,0.953066783,0.164982015,87.60511381,5.179664862,6.055972626,0.383972435,2253.797652,2.762762472,3.035347607,338.0696478,CI,BEL,-999.0,932,-0.157733629,0.085610816,0.178235409,-0.243344444,CI.BEL,932,-0.157733629,14.83349991,1330.719971,1.703959942,-0.1577336288412079,932,749.9363863674719,913.2940707823861,798.1926444109562,743.837836603713
100091,RSN14428,49,14428, BEL,4.05,32.7091,-116.0396,7.817,143.29,796,34.0006,-115.9982,36.48,36.58,-0.000401207,-0.000577669,2.62e-05,9.55e-06,0.694527426,0.163189631,87.25150926,5.179664862,6.120791156,0.296705973,1828.815197,42.01120419,22.04843511,274.3222796,CI,BEL,-999.0,794,0.002515725,0.085610816,0.178235409,-0.083095091,CI.BEL,794,0.002515725,14.83349991,1330.719971,1.703959942,0.0025157245972469156,794,791.439062697958,850.5835942790901,705.5607065219152,658.213010792206
100091,RSN17238,49,17238, BEL,3.53,34.2894,-116.8271,6.278,82.89,796,34.0006,-115.9982,29.39,29.47,0.00043056,0.001486827,7.72e-05,2.42e-05,0.289583218,0.164181828,86.27184919,5.179664862,6.07791863,0.13962634,855.4317189,17.79173554,19.2594171,128.3147578,CI,BEL,-999.0,524,0.418107502,0.085610816,0.178235409,0.332496686,CI.BEL,524,0.418107502,14.83349991,1330.719971,1.703959942,0.4181075015233411,524,500.73621494127707,602.1302646760694,413.18437373082224,429.35397520500993
100091,RSN15346,49,15346, BEL,3.87,33.928,-116.7858,18.501,73.24,796,34.0006,-115.9982,21.44,21.52,0.002318641,0.005232752,0.000181805,4.42e-05,0.443101609,0.151718388,76.33809491,5.179664862,6.40467109,0.20943951,1364.868016,52.45794118,28.78222271,204.7302024,CI,BEL,-999.0,723,0.096189964,0.085610816,0.178235409,0.010579148,CI.BEL,723,0.096189964,14.83349991,1330.719971,1.703959942,0.09618996368561827,723,838.2918036796486,835.6923845797858,597.6266939842816,605.1024153890634
100091,RSN13371,49,13371, BEL,3.9,34.4032,-118.651,13.612,248.54,796,34.0006,-115.9982,9.52,9.64,-1.88e-05,-3.17e-05,1.02e-05,8.55e-06,0.593227502,0.15898238,87.07697428,5.179664862,6.281821568,0.261799388,1661.858193,2.198830409,3.107843137,249.278729,CI,BEL,-999.0,737,0.077011294,0.085610816,0.178235409,-0.008599522,CI.BEL,737,0.077011294,14.83349991,1330.719971,1.703959942,0.07701129365504666,737,853.2818999220449,873.1084534256438,651.679371342965,630.6480671197314
100091,RSN10030,49,10030, BEL,4.18,34.3617,-118.6637,11.151,248.97,796,34.0006,-115.9982,16.7,16.95,-0.000225176,-0.000367357,7.22e-05,5.36e-05,0.612962075,0.160289423,87.64663017,5.179664862,6.233452986,0.27925268,1695.332731,4.201044776,5.088047091,254.2999097,CI,BEL,-999.0,749,0.060860202,0.085610816,0.178235409,-0.024750613,CI.BEL,749,0.060860202,14.83349991,1330.719971,1.703959942,0.060860202327163826,749,898.9316725707301,888.6839748630612,663.7393294981777,638.4276406041787
100091,RSN17742,49,17742, BEL,3.63,32.7081,-116.029,7.885,143.38,796,34.0006,-115.9982,37.0,37.09,-0.00012732,-0.000209137,6.63e-06,1.1e-05,0.608787592,0.16314688,87.22413556,5.179664862,6.12225391,0.27925268,1657.195226,11.57454545,31.54404223,248.5792839,CI,BEL,-999.0,736,0.078369067,0.085610816,0.178235409,-0.007241748,CI.BEL,736,0.078369067,14.83349991,1330.719971,1.703959942,0.0783690671155064,736,853.982355238021,869.7093635133549,650.2248842674735,621.566053325337
100091,RSN12830,49,12830, BEL,4.02,33.7129,-116.0516,12.808,32.29,796,34.0006,-115.9982,19.68,19.72,-0.007033751,-0.015715847,0.003087571,0.001031057,0.447557852,0.149087258,69.14800146,5.179664862,6.268161535,0.20943951,1400.690964,6.821883756,5.090035824,210.1036446,CI,BEL,-999.0,735,0.079728687,0.085610816,0.178235409,-0.005882129,CI.BEL,735,0.079728687,14.83349991,1330.719971,1.703959942,0.07972868663154653,735,651.8962664038689,861.3734857611981,614.948635326422,638.2996840479293
100091,RSN13209,49,13209, BEL,4.19,34.3571,-116.8418,9.486,87.25,796,34.0006,-115.9982,18.55,18.65,0.000697535,0.001613375,0.000128032,4.94e-05,0.432345251,0.160885415,84.36461493,5.179664862,6.185563454,0.20943951,1260.647663,14.1201417,12.60134185,189.0971495,CI,BEL,-999.0,685,0.150180348,0.085610816,0.178235409,0.064569532,CI.BEL,685,0.150180348,14.83349991,1330.719971,1.703959942,0.15018034758215748,685,689.7257410859012,800.2477458112672,563.9059808176754,566.447577209782
100091,RSN14529,49,14529, BEL,3.78,34.0294,-116.7534,14.93,69.83,796,34.0006,-115.9982,19.96,20.02,0.000180707,0.000908461,3.93e-05,1.03e-05,0.198915173,0.155064086,78.42296004,5.179664862,6.317747533,0.104719755,632.5212695,17.54436893,23.11605598,94.87819043,CI,BEL,-999.0,427,0.622815173,0.085610816,0.178235409,0.537204357,CI.BEL,427,0.622815173,14.83349991,1330.719971,1.703959942,0.6228151726157583,427,405.317083221422,493.7637324331217,381.5113869943953,391.9411230034006
100091,RSN13179,49,13179, BEL,4.11,33.7104,-116.0457,12.559,32.49,796,34.0006,-115.9982,16.1,16.17,-0.02185078,-0.042952438,0.001281012,0.000380705,0.508720365,0.149592809,69.55097494,5.179664862,6.263559029,0.226892803,1555.983371,57.39556875,33.53008247,233.3975057,CI,BEL,-999.0,759,0.047597408,0.085610816,0.178235409,-0.038013407,CI.BEL,759,0.047597408,14.83349991,1330.719971,1.703959942,0.04759740844875271,759,673.1826751027708,889.4999669289107,635.0285907656521,654.2004852630881
100091,RSN12732,49,12732, BEL,4.26,33.9538,-116.3912,7.696,36.69,796,34.0006,-115.9982,23.22,23.27,0.007094904,0.014368909,0.005116951,0.001327009,0.493767803,0.160537465,79.16937116,5.179664862,6.118116656,0.226892803,1415.343695,5.346537966,2.808099784,212.3015543,CI,BEL,-999.0,740,0.072949,0.085610816,0.178235409,-0.012661816,CI.BEL,740,0.072949,14.83349991,1330.719971,1.703959942,0.07294899964616786,740,744.1572975708065,868.5931595683838,615.495405213301,621.7924202000039
100094,RSN17557,51,17557, BTP,3.4,34.0733,-118.867,10.648,72.72,461,34.6822,-118.574,19.32,19.45,-0.000464706,-0.00217863,1.71e-05,7.92e-05,0.213301986,0.159290803,82.26162817,5.179664862,6.220655727,0.104719755,658.4139238,5.8675,127.4052632,98.76208857,CI,BTP,3.03883,436,0.0557558,-0.042736162,0.049888431,0.098491962,CI.BTP,436,0.0557558,33.28779984,1630.880005,24.01939964,0.055755799647614346,436,413.7093362448034,413.49502563268896,422.9914056229104,452.2532149062297
100094,RSN14703,51,14703, BTP,3.84,34.2268,-117.4407,8.593,115.74,461,34.6822,-118.574,23.97,24.16,0.000198047,0.000535918,1.33e-05,1.2e-05,0.369546224,0.162197946,86.18942777,5.179664862,6.151676073,0.174532925,1085.093247,16.50391667,40.29458647,162.7639871,CI,BTP,3.03883,629,-0.310733214,-0.042736162,0.049888431,-0.267997052,CI.BTP,361,0.244520085,33.28779984,1630.880005,24.01939964,0.24452008466376807,361,387.11120851688173,334.9216185096644,387.0447827452645,364.90918834391715
100094,RSN17800,51,17800, BTP,3.28,35.1325,-118.9412,4.611,60.18,461,34.6822,-118.574,15.85,15.93,6.61e-05,0.000800224,1.39e-05,8.02e-06,0.082562811,0.166564073,86.43744203,5.179664862,5.99209381,0.034906585,247.1515278,8.241895262,57.57007194,37.07272917,CI,BTP,3.03883,236,0.669566238,-0.042736162,0.049888431,0.7123024,CI.BTP,236,0.669566238,33.28779984,1630.880005,24.01939964,0.6695662379710381,236,373.1157041919695,393.83876347400746,378.66278768005077,406.7809419422384
100094,RSN9673,51,9673, BTP,4.69,35.0172,-119.0247,9.251,55.5,461,34.6822,-118.574,6.5,6.73,-0.006788334,-0.013387381,0.000254671,0.000202608,0.50706963,0.160025176,81.31260859,5.179664862,6.177322679,0.226892803,1450.745311,33.50476783,52.56735553,217.6117967,CI,BTP,3.03883,753,-0.490667185,-0.042736162,0.049888431,-0.447931023,CI.BTP,432,0.064972455,33.28779984,1630.880005,24.01939964,0.06497245475253788,432,431.2861366123997,397.2532058531793,411.5597838469317,418.73162854167833
100094,RSN16317,51,16317, BTP,3.74,34.8456,-119.2446,12.927,64.01,461,34.6822,-118.574,16.53,16.6,0.001653506,0.009127857,0.000726864,6.75e-05,0.181149405,0.156610628,79.11097687,5.179664862,6.270295551,0.087266463,571.2589338,24.49638519,12.55786089,85.68884007,CI,BTP,3.03883,404,0.131983165,-0.042736162,0.049888431,0.174719327,CI.BTP,404,0.131983165,33.28779984,1630.880005,24.01939964,0.13198316503549812,404,382.835630418628,399.2754833165357,400.0716750327017,449.61655960052
100094,RSN12071,51,12071, BTP,4.42,34.8927,-119.0292,16.97,47.76,461,34.6822,-118.574,29.47,29.57,-0.007052385,-0.020915266,0.000443628,3.21e-05,0.337188407,0.14825874,70.85433269,5.179664862,6.371886121,0.157079633,1091.082535,219.7004673,47.14595562,163.6623803,CI,BTP,3.03883,630,-0.312321776,-0.042736162,0.049888431,-0.269585614,CI.BTP,361,0.244520085,33.28779984,1630.880005,24.01939964,0.24452008466376807,361,329.07396793071047,320.9930257399493,329.6405778550049,351.1911491934817
100095,RSN9675,52,9675, CAC,4.69,35.0172,-119.0247,9.251,128.06,399,34.1368,-118.122,13.13,13.33,0.002119666,0.005478296,0.00141462,0.001027059,0.386920731,0.161536452,86.25338516,5.179664862,6.177322679,0.191986218,1137.637294,2.063821066,3.872627278,170.6455941,CI,CAC,0.57,642,-0.475626887,0.164249416,0.256874009,-0.639876303,CI.CAC,172,0.84146694,5.490129948,232.727005,1.846899986,0.841466940076411,172,201.08879785627494,182.18832104373047,151.2919177901302,156.6689474230657
100095,RSN8774,52,8774, CAC,5.39,33.9465,-117.7667,14.89,39.01,399,34.1368,-118.122,21.8,21.97,-0.002928313,-0.035878819,0.004755755,0.000942712,0.081616754,0.148692539,69.92131188,5.179664862,6.31653763,0.034906585,273.7056313,3.106264692,7.54429507,41.0558447,CI,CAC,0.57,253,0.455571928,0.164249416,0.256874009,0.291322512,CI.CAC,253,0.455571928,5.490129948,232.727005,1.846899986,0.4555719281623434,253,340.2836351646593,422.3581160105277,330.7189052095943,395.717826309082
100095,RSN11354,52,11354, CAC,4.73,33.7328,-117.4921,10.018,73.48,399,34.1368,-118.122,24.76,24.93,0.000777649,0.01118745,0.002921447,0.000330273,0.069510831,0.159970158,82.86088051,5.179664862,6.202702587,0.034906585,216.870989,2.354564254,3.829420832,32.53064835,CI,CAC,0.57,214,0.622985402,0.164249416,0.256874009,0.458735986,CI.CAC,214,0.622985402,5.490129948,232.727005,1.846899986,0.6229854018680125,214,312.22415632548075,374.83707715878893,302.4399013404352,339.670644603314
100095,RSN9870,52,9870, CAC,4.59,34.9977,-119.1926,10.662,137.01,399,34.1368,-118.122,6.2,6.39,0.000622212,0.003776926,0.00097038,0.000231185,0.164740312,0.160334988,85.90630006,5.179664862,6.221029194,0.087266463,508.8353047,2.691402989,3.89221336,76.32529571,CI,CAC,0.57,378,0.054067221,0.164249416,0.256874009,-0.110182195,CI.CAC,378,0.054067221,5.490129948,232.727005,1.846899986,0.054067221270275745,378,426.0278843378017,449.50784774536953,390.4686753798455,408.72710034243727
100103,RSN16943,55,16943, DSC,3.63,34.1242,-116.405,9.555,116.3,1329,35.1426,-116.104,13.2,13.24,-0.000280987,-0.000414002,0.000105044,5.59e-05,0.678708127,0.161160365,85.74552885,5.179664862,6.187901101,0.296705973,1822.143707,5.026601073,3.94122463,273.3215561,CI,DSC,-999.0,791,0.518884091,0.482118683,0.574743277,0.036765408,CI.DSC,791,0.518884091,2.530819893,290.0480042,3.527889967,0.5188840909455914,791,725.492149883905,874.743491456908,746.7109328154568,956.8909750207337
100103,RSN8789,55,8789, DSC,5.39,33.9465,-117.7667,14.89,202.23,1329,35.1426,-116.104,27.7,27.9,-0.001160704,-0.002048783,0.000319441,0.000154255,0.566533589,0.157937918,86.04688969,5.179664862,6.31653763,0.261799388,1615.148071,7.52457943,6.413650721,242.2722107,CI,DSC,-999.0,721,0.611542921,0.482118683,0.574743277,0.129424238,CI.DSC,721,0.611542921,2.530819893,290.0480042,3.527889967,0.6115429214282964,721,780.3861892740501,865.6205288312785,735.1406401535698,885.8524293208691
100103,RSN13839,55,13839, DSC,4.17,34.3277,-116.829,4.957,112.16,1329,35.1426,-116.104,12.92,13.04,-0.000666138,-0.000804251,2.57e-05,2.02e-05,0.828270884,0.166126707,87.9398029,5.179664862,6.015610792,0.34906585,2042.190359,32.97712871,31.29381323,306.3285539,CI,DSC,-999.0,864,0.43060929,0.482118683,0.574743277,-0.051509393,CI.DSC,864,0.43060929,2.530819893,290.0480042,3.527889967,0.43060928990919045,864,758.644070785179,918.9324031051207,845.9950701816238,1034.6971665026044
100103,RSN14393,55,14393, DSC,4.14,34.8632,-116.3444,6.474,37.98,1329,35.1426,-116.104,20.8,20.91,-0.013816608,-0.017521968,0.000565755,0.000313272,0.788530595,0.162479627,81.35408623,5.179664862,6.084678138,0.331612558,2015.776784,44.10419061,30.97094679,302.3665176,CI,DSC,-999.0,855,0.44108059,0.482118683,0.574743277,-0.041038094,CI.DSC,855,0.44108059,2.530819893,290.0480042,3.527889967,0.4410805897764858,855,749.8929791982673,914.7877852514385,822.7149910357982,1022.4118207658754
100103,RSN14587,55,14587, DSC,4.11,35.6211,-117.5805,9.045,144.28,1329,35.1426,-116.104,39.46,39.53,0.000210519,0.00036551,2.91e-05,1.13e-05,0.575959408,0.161825956,86.78000585,5.179664862,6.169722379,0.261799388,1596.421859,18.63,12.5604811,239.4632789,CI,DSC,-999.0,720,0.612930847,0.482118683,0.574743277,0.130812163,CI.DSC,720,0.612930847,2.530819893,290.0480042,3.527889967,0.6129308467031445,720,860.5507615361219,868.1065196117858,733.2332868376703,893.3816207928193
100103,RSN17252,55,17252, DSC,3.53,34.2894,-116.8271,6.278,115.52,1329,35.1426,-116.104,31.17,31.23,-0.000108095,-0.000107177,2.41e-05,4.42e-05,1.00856429,0.164353954,87.34919887,5.179664862,6.07791863,0.401425728,2343.915242,2.445588235,4.447178423,351.5872863,CI,DSC,-999.0,961,0.32420765,0.482118683,0.574743277,-0.157911034,CI.DSC,961,0.32420765,2.530819893,290.0480042,3.527889967,0.32420764974295313,961,750.9176585222862,996.4713143949415,915.3039155930996,1133.4306374544633
100103,RSN13231,55,13231, DSC,4.19,34.3571,-116.8418,9.486,110.26,1329,35.1426,-116.104,17.76,17.85,-0.000836656,-0.0010604,0.000106047,4.77e-05,0.789000399,0.161179035,85.54831916,5.179664862,6.185563454,0.331612558,2032.825316,17.53995807,9.999339915,304.9237974,CI,DSC,-999.0,861,0.434087554,0.482118683,0.574743277,-0.048031129,CI.DSC,861,0.434087554,2.530819893,290.0480042,3.527889967,0.43408755428551515,861,756.9365935447169,914.4580801298367,841.0911390363027,1025.6634613926565
100103,RSN14233,55,14233, DSC,3.94,32.7219,-116.8133,20.237,276.4,1329,35.1426,-116.104,23.34,23.49,-3.71e-05,-4.99e-05,9.58e-06,8.56e-06,0.743807644,0.154890498,85.99852239,5.179664862,6.440435438,0.314159265,2026.945519,4.33411215,5.208768267,304.0418279,CI,DSC,-999.0,859,0.436413137,0.482118683,0.574743277,-0.045705547,CI.DSC,859,0.436413137,2.530819893,290.0480042,3.527889967,0.43641313672899074,859,1068.0605587001116,977.711122829895,967.0645628148517,1080.293223235042
100103,RSN10934,55,10934, DSC,4.26,33.8776,-116.2019,10.062,140.61,1329,35.1426,-116.104,18.06,18.15,-0.0003212,-0.000365403,7.12e-05,4.1e-05,0.879030122,0.160843994,86.26992359,5.179664862,6.204033973,0.366519143,2196.377473,7.834146341,5.132064607,329.456621,CI,DSC,-999.0,914,0.374351487,0.482118683,0.574743277,-0.107767196,CI.DSC,914,0.374351487,2.530819893,290.0480042,3.527889967,0.37435148725909606,914,785.855957979026,982.8401466972825,927.9600615140412,1099.8176670733544
100103,RSN16822,55,16822, DSC,3.49,34.309,-116.9297,9.684,119.46,1329,35.1426,-116.104,10.15,10.26,8.35e-05,0.000105048,7.9e-06,7.24e-06,0.795045981,0.161058553,85.79100671,5.179664862,6.192176404,0.331612558,2044.3873,11.53314917,13.29721519,306.658095,CI,DSC,-999.0,865,0.429452552,0.482118683,0.574743277,-0.052666132,CI.DSC,865,0.429452552,2.530819893,290.0480042,3.527889967,0.42945255178136676,865,712.0389690277618,914.4239091269317,848.1903106192104,1029.125653791798
100103,RSN9345,55,9345, DSC,4.88,34.0655,-117.0011,17.501,145.08,1329,35.1426,-116.104,14.75,14.87,-0.000958955,-0.001732738,0.000153266,4.17e-05,0.553433467,0.155625464,83.46297362,5.179664862,6.383907006,0.244346095,1604.118296,22.99652278,11.30542978,240.6177444,CI,DSC,-999.0,717,0.617106218,0.482118683,0.574743277,0.134987535,CI.DSC,717,0.617106218,2.530819893,290.0480042,3.527889967,0.6171062181136255,717,795.3727109377246,865.1903990646459,696.4947736824373,878.4142263473237
100103,RSN9185,55,9185, DSC,5.03,35.3852,-118.6292,7.3,231.35,1329,35.1426,-116.104,17.05,17.42,0.001392641,0.00227109,8.51e-05,4.19e-05,0.613203796,0.163640533,88.43098619,5.179664862,6.108664217,0.27925268,1661.101135,33.23725537,26.68730905,249.1651703,CI,DSC,-999.0,737,0.589594167,0.482118683,0.574743277,0.107475483,CI.DSC,737,0.589594167,2.530819893,290.0480042,3.527889967,0.5895941665239093,737,947.1524803302559,901.3888407169892,792.6153297660986,924.8474583971281
100103,RSN18252,55,18252, DSC,4.2,36.3905,-117.8695,8.829,211.33,1329,35.1426,-116.104,10.19,10.38,0.000132919,0.000202021,8.49e-06,4.69e-06,0.657947435,0.162189545,87.86494755,5.179664862,6.161345296,0.296705973,1771.012388,28.34093817,23.79517079,265.6518582,CI,DSC,-999.0,774,0.540610185,0.482118683,0.574743277,0.058491502,CI.DSC,774,0.540610185,2.530819893,290.0480042,3.527889967,0.5406101851235183,774,864.6236683228508,906.9495624474677,874.6282821407005,980.6817899531586
100103,RSN18205,55,18205, DSC,4.36,36.3932,-117.8644,8.798,211.18,1329,35.1426,-116.104,9.85,10.02,0.000102242,0.000163685,1.86e-05,1.18e-05,0.624630037,0.162221969,87.86322807,5.179664862,6.160106881,0.27925268,1698.657901,8.664576271,8.800268817,254.7986852,CI,DSC,-999.0,750,0.572108852,0.482118683,0.574743277,0.089990169,CI.DSC,750,0.572108852,2.530819893,290.0480042,3.527889967,0.5721088521828896,750,913.216852423584,919.8768997402423,812.8231185022727,953.4255148906237
100103,RSN15621,55,15621, DSC,3.87,33.7513,-116.0218,8.756,154.52,1329,35.1426,-116.104,23.88,23.94,-0.000158719,-0.000163418,6.82e-05,6.11e-05,0.971244781,0.162171232,87.09800002,5.179664862,6.158414042,0.383972435,2317.38571,2.597692308,2.396158358,347.6078565,CI,DSC,-999.0,952,0.333617024,0.482118683,0.574743277,-0.148501659,CI.DSC,952,0.333617024,2.530819893,290.0480042,3.527889967,0.33361702392188075,952,698.2188104763603,1003.8221053106263,941.3280961091477,1130.811209880047
100103,RSN14635,55,14635, DSC,3.9,35.3429,-118.5645,9.906,225.05,1329,35.1426,-116.104,24.23,24.28,-5.81e-05,-0.000122845,2.31e-05,1.43e-05,0.473114216,0.161181167,87.71298126,5.179664862,6.199256899,0.226892803,1361.234384,4.062937063,5.317965368,204.1851576,CI,DSC,-999.0,722,0.61015692,0.482118683,0.574743277,0.128038237,CI.DSC,722,0.61015692,2.530819893,290.0480042,3.527889967,0.6101569198204198,722,888.9203462002492,882.9602896549965,758.2132328106039,911.9261275337484
100103,RSN12749,55,12749, DSC,4.26,33.9538,-116.3912,7.696,134.48,1329,35.1426,-116.104,19.78,19.83,-0.000344049,-0.000381404,8.6e-05,8.77e-05,0.902060512,0.163242237,87.11782795,5.179664862,6.118116656,0.366519143,2197.699534,3.923021665,4.434930233,329.6549301,CI,DSC,-999.0,914,0.374351487,0.482118683,0.574743277,-0.107767196,CI.DSC,914,0.374351487,2.530819893,290.0480042,3.527889967,0.37435148725909606,914,789.2656937953224,981.2390660744941,933.9193136312298,1104.1643003081235
100103,RSN10426,55,10426, DSC,4.45,34.1081,-117.3062,14.795,159.13,1329,35.1426,-116.104,13.23,13.38,-0.000840627,-0.001368817,0.000100877,0.000186331,0.614126475,0.157787023,85.01015187,5.179664862,6.313637877,0.27925268,1724.647554,4.511471521,13.56916839,258.6971331,CI,DSC,-999.0,759,0.560180281,0.482118683,0.574743277,0.078061598,CI.DSC,759,0.560180281,2.530819893,290.0480042,3.527889967,0.5601802813176153,759,757.1087984187886,919.5517161745148,732.7321404595405,933.6247038011868
100103,RSN15525,55,15525, DSC,3.68,34.7251,-116.0506,2.727,46.57,1329,35.1426,-116.104,22.21,22.28,-0.000371157,-0.000482006,5.8e-05,3.52e-05,0.770024808,0.168282304,87.8021939,5.179664862,5.93802414,0.331612558,1916.403046,10.54423295,8.310448276,287.4604569,CI,DSC,-999.0,823,0.479225858,0.482118683,0.574743277,-0.002892825,CI.DSC,823,0.479225858,2.530819893,290.0480042,3.527889967,0.4792258580361759,823,742.9671887902607,880.0915857491303,783.9652517149651,978.0848820228139
100103,RSN12685,55,12685, DSC,4.34,35.8373,-117.678,6.864,162.3,1329,35.1426,-116.104,23.1,23.28,0.00042104,0.00075607,9.88e-06,4.49e-06,0.556879686,0.163911199,87.91407454,5.179664862,6.096821743,0.261799388,1535.765633,93.77282851,76.52530364,230.364845,CI,DSC,-999.0,778,0.535455535,0.482118683,0.574743277,0.053336851,CI.DSC,778,0.535455535,2.530819893,290.0480042,3.527889967,0.5354555345348544,778,948.5688626771246,944.1938528157626,793.6196841789841,970.7923665498438
100103,RSN10342,55,10342, DSC,4.63,32.3362,-115.2425,17.16,321.35,1329,35.1426,-116.104,54.45,54.63,-0.000188635,-0.000190342,6.83e-05,6.6e-05,0.991032197,0.156631833,87.10901904,5.179664862,6.37627289,0.383972435,2426.379782,2.858106061,2.786852123,363.9569673,CI,DSC,-999.0,986,0.298525704,0.482118683,0.574743277,-0.183592979,CI.DSC,986,0.298525704,2.530819893,290.0480042,3.527889967,0.2985257041106104,986,761.6496924847168,1005.557691326268,1028.1650884232547,1212.9292981176982
100104,RSN9012,56,9012, DVT,5.2,33.5328,-116.5697,15.48,106.32,625,32.6592,-116.1006,16.31,16.41,-0.022488256,-0.041736111,0.002071051,0.00094414,0.53882011,0.156404146,82.14816391,5.179664862,6.333749326,0.244346095,1563.060606,23.81877264,20.15214063,234.4590909,CI,DVT,-999.0,752,-0.184984674,-0.180987683,-0.088363089,-0.003996992,CI.DVT,752,-0.184984674,15.64929962,863.0939941,20.45170021,-0.1849846742134389,752,706.0537903997554,892.7016108943708,763.0677858063071,864.0199252803004
100104,RSN13232,56,13232, DVT,4.19,34.3571,-116.8418,9.486,200.51,625,32.6592,-116.1006,23.33,23.42,-0.000174928,-0.000372051,8.22e-05,5.58e-05,0.470173298,0.161519969,87.55820307,5.179664862,6.185563454,0.226892803,1351.407651,3.134910394,4.526167883,202.7111477,CI,DVT,-999.0,718,-0.138717919,-0.180987683,-0.088363089,0.042269763,CI.DVT,718,-0.138717919,15.64929962,863.0939941,20.45170021,-0.13871791931182287,718,856.3201038903528,862.7159530775862,743.9464317989089,883.2266595657196
100104,RSN16598,56,16598, DVT,3.69,33.735,-117.4936,9.693,176.37,625,32.6592,-116.1006,12.03,12.1,7.11e-05,0.000137887,4.69e-05,3.29e-05,0.515434471,0.161287578,87.15621059,5.179664862,6.192470162,0.244346095,1463.326089,2.161094225,2.940021322,219.4989134,CI,DVT,-999.0,758,-0.192931736,-0.180987683,-0.088363089,-0.011944053,CI.DVT,758,-0.192931736,15.64929962,863.0939941,20.45170021,-0.19293173590597057,758,853.7653585686289,900.7924503683867,784.4307867272347,897.1685507507542
100104,RSN11375,56,11375, DVT,4.73,33.7328,-117.4921,10.018,176.11,625,32.6592,-116.1006,21.55,21.7,-0.000726399,-0.00089203,0.000108861,6.38e-05,0.814321232,0.161003955,87.03315256,5.179664862,6.202702587,0.34906585,2084.775715,11.38556426,8.194210966,312.7163573,CI,DVT,-999.0,878,-0.339894944,-0.180987683,-0.088363089,-0.158907261,CI.DVT,878,-0.339894944,15.64929962,863.0939941,20.45170021,-0.3398949438987158,878,805.0135570397229,784.2322191779722,602.2723388318,776.7356234388052
100104,RSN17841,56,17841, DVT,3.14,33.0622,-115.8937,7.729,48.71,625,32.6592,-116.1006,22.18,22.22,0.000373229,0.000918461,0.000162419,7.89e-05,0.406364037,0.161779614,81.85231958,5.179664862,6.11885537,0.191986218,1185.32933,4.730405577,5.654886436,177.7993995,CI,DVT,-999.0,656,-0.048409139,-0.180987683,-0.088363089,0.132578543,CI.DVT,656,-0.048409139,15.64929962,863.0939941,20.45170021,-0.048409139207687524,656,652.4421279848667,811.300651027643,666.3186423039455,830.2268488637704
100109,RSN9020,58,9020, GOR,5.2,33.5328,-116.5697,15.48,74.41,559,33.1537,-117.2292,19.41,19.58,0.02369514,0.016729279,0.000658687,0.000186635,1.416387415,0.154867122,78.78065844,5.179664862,6.333749326,0.471238898,2966.234543,126.9597878,25.39791889,444.9351815,CI,GOR,5.44,1151,-0.722236936,-0.63447892,-0.541854327,-0.087758015,CI.GOR,859,-0.429619449,9.207229614,125.9499969,2.980380058,-0.4296194488291558,859,565.1227103251686,579.5664717678917,679.0456442489007,594.5678676928375
100109,RSN15358,58,15358, GOR,3.87,33.928,-116.7858,18.501,95.24,559,33.1537,-117.2292,22.24,22.33,-0.000399698,-0.000342551,3.3e-05,1.69e-05,1.166826816,0.153498326,79.45337688,5.179664862,6.40467109,0.436332313,2725.593783,23.65076923,10.38033333,408.8390675,CI,GOR,5.44,1079,-0.657640492,-0.63447892,-0.541854327,-0.023161572,CI.GOR,806,-0.365934269,9.207229614,125.9499969,2.980380058,-0.36593426935152884,806,591.7559903165791,554.7438842937839,656.8955584967056,566.0642535094828
100109,RSN13996,58,13996, GOR,4.15,33.638,-116.7082,12.649,72.35,559,33.1537,-117.2292,13.76,13.82,-0.002755463,-0.003088443,0.000237066,6.99e-05,0.892184971,0.157504824,80.6824719,5.179664862,6.265244507,0.366519143,2262.942485,39.42007153,13.02777707,339.4413728,CI,GOR,5.44,935,-0.514397056,-0.63447892,-0.541854327,0.120081864,CI.GOR,698,-0.22206963,9.207229614,125.9499969,2.980380058,-0.22206962960727328,698,579.3988251836712,499.45887889163595,604.019583285967,502.59950760183835
100109,RSN12846,58,12846, GOR,4.02,33.7129,-116.0516,12.808,125.85,559,33.1537,-117.2292,24.8,24.88,0.001286684,0.001064527,0.000177449,0.000262076,1.208690747,0.15881796,84.56036574,5.179664862,6.268161535,0.436332313,2678.769856,4.90958348,5.999058885,401.8154784,CI,GOR,5.44,1064,-0.643641197,-0.63447892,-0.541854327,-0.009162277,CI.GOR,794,-0.350933988,9.207229614,125.9499969,2.980380058,-0.350933988092037,794,538.9199704076129,555.6251718568959,671.1921848854148,560.5812221542232
100112,RSN15361,60,15361, JVA,3.87,33.928,-116.7858,18.501,51.16,388,34.3662,-116.6127,23.61,23.74,-0.007141126,-0.021101376,2.81e-05,3.01e-05,0.338419935,0.14736939,70.70893293,5.179664862,6.40467109,0.157079633,1101.275437,237.246711,750.9386477,165.1913156,CI,JVA,1.53,633,-0.489465083,-0.254189139,-0.161564546,-0.235275943,CI.JVA,266,0.377509031,2.530819893,902.1489868,2.540930033,0.3775090308415745,266,275.22228133816054,229.92154309340611,213.8082552293624,213.7836564566784
100112,RSN14731,60,14731, JVA,3.84,34.2268,-117.4407,8.593,77.78,388,34.3662,-116.6127,21.04,21.14,0.001574468,0.006907143,0.000167162,0.000320287,0.227947775,0.161752057,84.2946319,5.179664862,6.151676073,0.104719755,690.8097542,4.915803639,41.3200548,103.6214631,CI,JVA,1.53,450,-0.148242243,-0.254189139,-0.161564546,0.105946896,CI.JVA,450,-0.148242243,2.530819893,902.1489868,2.540930033,-0.1482422431410919,450,438.91471985450187,427.24411251522434,393.7483330520431,388.60452283604684
100112,RSN13190,60,13190, JVA,4.11,33.7104,-116.0457,12.559,89.63,388,34.3662,-116.6127,17.51,17.57,-0.000131102,-0.000545663,5.4e-05,1.18e-05,0.240261422,0.158293924,82.51690921,5.179664862,6.263559029,0.122173048,743.430755,11.11033898,10.10487037,111.5146133,CI,JVA,1.53,474,-0.200201982,-0.254189139,-0.161564546,0.053987157,CI.JVA,474,-0.200201982,2.530819893,902.1489868,2.540930033,-0.20020198207180329,474,452.9339846806311,424.6685389682588,401.0864165955618,383.3338919151193
100112,RSN13534,60,13534, JVA,4.06,32.7797,-117.3507,7.174,188.83,388,34.3662,-116.6127,9.89,10.04,-0.000270949,-0.000570652,5.28e-05,5.9e-05,0.474806421,0.163699991,88.10900699,5.179664862,6.105409111,0.226892803,1344.237645,4.592355932,10.80780303,201.6356468,CI,JVA,1.53,716,-0.612674827,-0.254189139,-0.161564546,-0.358485688,CI.JVA,301,0.253895075,2.530819893,902.1489868,2.540930033,0.2538950748743982,301,369.09671042409155,285.21479228893156,296.86148380410594,258.0486450957119
100112,RSN17502,60,17502, JVA,3.62,33.9521,-116.3635,9.067,51.36,388,34.3662,-116.6127,18.25,18.31,0.001260556,0.004729685,0.000196948,0.00014649,0.266520157,0.15999111,80.83487884,5.179664862,6.170551665,0.122173048,810.9256432,8.605065192,24.01489226,121.6388465,CI,JVA,1.53,503,-0.25958483,-0.254189139,-0.161564546,-0.005395691,CI.JVA,503,-0.25958483,2.530819893,902.1489868,2.540930033,-0.25958483047646563,503,475.1794855223372,443.9467802892924,417.2310987434447,405.4546638237385
100112,RSN15628,60,15628, JVA,3.87,33.7513,-116.0218,8.756,87.34,388,34.3662,-116.6127,22.03,22.13,0.00198151,0.007009305,0.000112102,3.36e-05,0.282697036,0.161723111,84.84666159,5.179664862,6.158414042,0.13962634,849.3033392,58.9735119,62.52613691,127.3955009,CI,JVA,1.53,520,-0.292823472,-0.254189139,-0.161564546,-0.038634333,CI.JVA,520,-0.292823472,2.530819893,902.1489868,2.540930033,-0.2928234719521994,520,496.06091768642415,453.49983418797547,427.7119342344948,417.93254310018864
100112,RSN16267,60,16267, JVA,3.64,33.223,-116.7186,8.687,127.18,388,34.3662,-116.6127,28.45,28.5,-0.000319421,-0.000808135,0.000388378,0.000146215,0.395256214,0.162147524,86.48097032,5.179664862,6.155594857,0.191986218,1154.592673,2.184598023,2.080794999,173.188901,CI,JVA,1.53,646,-0.509794164,-0.254189139,-0.161564546,-0.255605025,CI.JVA,271,0.358886519,2.530819893,902.1489868,2.540930033,0.3588865187435726,271,309.99869761455363,248.28629782776866,255.57805739808217,225.37634701733455
100112,RSN14450,60,14450, JVA,4.05,32.7091,-116.0396,7.817,191.35,388,34.3662,-116.6127,43.29,43.36,-4.6e-05,-0.000217008,1.32e-05,6.59e-06,0.212085028,0.163272516,87.94516917,5.179664862,6.120791156,0.104719755,638.8488857,6.980273141,16.44,95.82733286,CI,JVA,1.53,429,-0.100451579,-0.254189139,-0.161564546,0.15373756,CI.JVA,429,-0.100451579,2.530819893,902.1489868,2.540930033,-0.10045157930474335,429,543.9664577200581,449.97663771556455,476.57427261574423,407.6147393774229
100112,RSN11395,60,11395, JVA,4.73,33.7328,-117.4921,10.018,107.37,388,34.3662,-116.6127,23.43,23.5,-0.000779457,-0.003261008,0.000787306,0.000117558,0.239023511,0.160639753,85.13724392,5.179664862,6.202702587,0.122173048,729.0019207,6.630403716,4.141982914,109.3502881,CI,JVA,1.53,468,-0.187462956,-0.254189139,-0.161564546,0.066726183,CI.JVA,468,-0.187462956,2.530819893,902.1489868,2.540930033,-0.18746295629437348,468,456.29045184678534,421.4892641086126,404.6586718728154,380.14766141226903
100112,RSN19376,60,19376, JVA,3.43,34.1381,-117.4717,5.767,83.07,388,34.3662,-116.6127,30.7,30.74,0.001833362,0.00958036,0.00405185,0.000564275,0.191366754,0.164792074,86.63192218,5.179664862,6.057771424,0.087266463,572.4742774,3.24905764,2.364440934,85.87114161,CI,JVA,1.53,405,-0.042881727,-0.254189139,-0.161564546,0.211307412,CI.JVA,405,-0.042881727,2.530819893,902.1489868,2.540930033,-0.04288172748326513,405,404.9285194687061,406.7562546602788,390.42066059522523,384.3891473623159
100112,RSN9363,60,9363, JVA,4.88,34.0655,-117.0011,17.501,48.92,388,34.3662,-116.6127,15.39,15.45,0.00183255,0.012505998,0.003610091,0.000639645,0.146533697,0.148135075,71.02852468,5.179664862,6.383907006,0.06981317,490.5660212,2.864948526,3.46417805,73.58490318,CI,JVA,1.53,370,0.047502334,-0.254189139,-0.161564546,0.301691473,CI.JVA,370,0.047502334,2.530819893,902.1489868,2.540930033,0.04750233398500381,370,383.155354530067,432.38940642929447,383.80478334200797,414.14294514137123
100135,RSN17773,68,17773, WES,3.63,32.7081,-116.029,7.885,28.44,242,32.759,-115.7316,19.91,19.98,0.001755256,0.017728874,0.000920941,0.000215022,0.099005475,0.158273702,75.69444815,5.179664862,6.12225391,0.052359878,311.6716289,8.163146097,19.25082497,46.75074434,CI,WES,0.173333333,276,-0.13146314,0.013577651,0.106202244,-0.14504079,CI.WES,276,-0.13146314,5.061649799,-12.64369965,0.089606099,-0.13146313956046285,276,329.1061487921489,333.7713305021722,256.1689185220882,237.05130119013924
100135,RSN15725,68,15725, WES,3.81,32.4923,-116.8468,13.18,108.76,242,32.759,-115.7316,21.86,21.97,0.000127344,0.001186944,3.66e-05,5.48e-05,0.107287595,0.158347599,83.505873,5.179664862,6.274698597,0.052359878,337.3018191,2.32379562,32.43016393,50.59527287,CI,WES,0.173333333,290,-0.180943197,0.013577651,0.106202244,-0.194520848,CI.WES,290,-0.180943197,5.061649799,-12.64369965,0.089606099,-0.18094319682383286,290,320.02639441004897,359.0975485467808,246.41152805941906,233.21578106695657
100135,RSN14276,68,14276, WES,3.94,32.7219,-116.8133,20.237,101.47,242,32.759,-115.7316,15.6,15.67,0.000153987,0.003132957,0.000386467,7.05e-05,0.049150565,0.152473401,79.11103033,5.179664862,6.440435438,0.017453293,161.007753,2.184212766,8.106661112,24.15116295,CI,WES,0.173333333,170,0.353139289,0.013577651,0.106202244,0.339561638,CI.WES,170,0.353139289,5.061649799,-12.64369965,0.089606099,0.35313928910642467,170,320.7900171031342,242.93572764482576,218.50960729490453,167.20372215221568
100168,RSN13243,74,13243, IRM,4.19,34.3571,-116.8418,9.486,157.84,981,34.1574,-115.1451,16.23,16.36,0.001822462,0.001744538,0.000198453,0.000156759,1.044667831,0.161428097,86.88632529,5.179664862,6.185563454,0.401425728,2431.772393,11.62588432,8.790685956,364.765859,CI,IRM,-999.0,988,-0.007110238,-0.013128456,0.079496138,0.006018218,CI.IRM,988,-0.007110238,21.1208992,538.5460205,11.79109955,-0.00711023818250478,988,798.7549840959073,1033.0631133270115,851.2783454077954,1156.0965414085754
100168,RSN16950,74,16950, IRM,3.63,34.1242,-116.405,9.555,116.26,981,34.1574,-115.1451,10.94,11.03,0.000198245,0.000183647,3.76e-05,3e-05,1.079492165,0.161160365,85.74552885,5.179664862,6.187901101,0.41887902,2487.61522,6.608166667,4.884228723,373.142283,CI,IRM,-999.0,1006,-0.025164891,-0.013128456,0.079496138,-0.012036435,CI.IRM,1006,-0.025164891,21.1208992,538.5460205,11.79109955,-0.025164891094321185,1006,712.045050563699,1023.0270542261513,839.9430677076971,1154.077951725393
100168,RSN17085,74,17085, IRM,3.52,34.2098,-116.4371,4.645,119.25,981,34.1574,-115.1451,32.5,32.63,0.000259708,0.000235598,1.63e-05,2.63e-05,1.102331785,0.166736081,88.21559324,5.179664862,5.994593769,0.41887902,2430.216674,9.874828897,14.45386503,364.5325011,CI,IRM,-999.0,988,-0.007110238,-0.013128456,0.079496138,0.006018218,CI.IRM,988,-0.007110238,21.1208992,538.5460205,11.79109955,-0.00711023818250478,988,795.2990082759785,1007.7817621236604,846.8593320702199,1142.0299459283572
100183,RSN12414,79,12414, MPP,4.27,36.1466,-118.0613,4.057,211.54,522,34.8885,-119.8136,23.0,23.26,0.000184901,0.000356333,7.91e-05,3.7e-05,0.518899878,0.168220908,89.16599606,5.179664862,5.943934512,0.244346095,1410.541713,4.997324324,4.504841972,211.581257,CI,MPP,-999.0,738,-0.346276237,-0.074183401,0.018441192,-0.272092835,CI.MPP,738,-0.346276237,17.28520012,1663.48999,5.600999832,-0.34627623671783336,738,886.1235425745518,766.0493881232073,750.4610182875232,703.7373652913333
100183,RSN15331,79,15331, MPP,3.74,34.8437,-119.6912,11.07,12.25,522,34.8885,-119.8136,15.48,15.59,0.007282429,0.047735941,7.83e-05,7.66e-06,0.152556519,0.118366728,47.52731427,5.179664862,6.231475121,0.06981317,638.6143715,950.7087467,609.6544189,95.79215573,CI,MPP,-999.0,429,0.196210669,-0.074183401,0.018441192,0.27039407,CI.MPP,429,0.196210669,17.28520012,1663.48999,5.600999832,0.19621066895462214,429,448.0950807849919,488.56961029358354,454.6886690716702,473.84711657267474
100183,RSN9940,79,9940, MPP,4.59,34.9977,-119.1926,10.662,58.01,522,34.8885,-119.8136,5.1,5.2,0.000169103,0.000632128,0.000154047,2.02e-05,0.267513447,0.158404656,80.2108092,5.179664862,6.221029194,0.122173048,821.8998661,8.371435644,4.103474914,123.2849799,CI,MPP,-999.0,507,0.029156584,-0.074183401,0.018441192,0.103339986,CI.MPP,507,0.029156584,17.28520012,1663.48999,5.600999832,0.029156584291455623,507,461.7199737456638,468.27055265620004,435.4243610362143,448.0853054762182
100183,RSN11202,79,11202, MPP,4.42,34.0665,-118.8938,12.827,124.31,522,34.8885,-119.8136,22.0,22.14,0.000177216,0.000447949,7.25e-05,1.89e-05,0.395615422,0.158795273,84.50763994,5.179664862,6.268505043,0.191986218,1179.897639,9.376507937,6.178606897,176.9846459,CI,MPP,-999.0,654,-0.225439764,-0.074183401,0.018441192,-0.151256362,CI.MPP,654,-0.225439764,17.28520012,1663.48999,5.600999832,-0.22543976357455975,654,655.3927049843653,636.3369259707939,586.922004540959,589.775756451934
100183,RSN10754,79,10754, MPP,4.66,34.2983,-118.6255,8.038,127.15,522,34.8885,-119.8136,10.4,10.87,0.001607669,0.002219759,0.000111993,2.53e-05,0.724253765,0.162966575,86.7774209,5.179664862,6.126524324,0.314159265,1892.135456,63.54422925,19.82051557,283.8203184,CI,MPP,-999.0,815,-0.445520525,-0.074183401,0.018441192,-0.371337124,CI.MPP,815,-0.445520525,17.28520012,1663.48999,5.600999832,-0.44552052535822373,815,762.2597107805317,769.6985954113112,721.0273196277284,708.07251633527
100183,RSN10246,79,10246, MPP,4.34,35.0174,-119.1492,9.557,62.35,522,34.8885,-119.8136,6.42,6.64,0.001575342,0.005629416,9.2e-05,6.2e-05,0.279841013,0.160036988,82.01472948,5.179664862,6.187968323,0.13962634,850.2026321,25.40874194,61.18930435,127.5303948,CI,MPP,-999.0,521,0.001917546,-0.074183401,0.018441192,0.076100947,CI.MPP,521,0.001917546,17.28520012,1663.48999,5.600999832,0.0019175461292721963,521,471.2720017763327,477.2392675582648,429.9757650727019,457.56796251738353
100183,RSN16344,79,16344, MPP,3.74,34.8456,-119.2446,12.927,52.24,522,34.8885,-119.8136,17.24,17.4,0.001147451,0.006035219,1.27e-05,1.46e-05,0.190125788,0.155292044,76.8372142,5.179664862,6.270295551,0.087266463,603.6925903,78.59253425,475.2140945,90.55388855,CI,MPP,-999.0,417,0.224581366,-0.074183401,0.018441192,0.298764767,CI.MPP,417,0.224581366,17.28520012,1663.48999,5.600999832,0.2245813660838376,417,395.25771260460743,422.0126171756216,409.11976020563054,412.6774182925694
100183,RSN14659,79,14659, MPP,3.9,35.3429,-118.5645,9.906,124.53,522,34.8885,-119.8136,22.12,22.25,8.79e-05,0.000722322,2.56e-05,2.93e-05,0.12175788,0.160888463,85.85864012,5.179664862,6.199256899,0.052359878,376.1362028,3.0,28.21570313,56.42043042,CI,MPP,-999.0,313,0.511464397,-0.074183401,0.018441192,0.585647799,CI.MPP,313,0.511464397,17.28520012,1663.48999,5.600999832,0.5114643973424862,313,367.75197080010037,377.8174723857049,383.0430698978342,369.5797726242985
100183,RSN11269,79,11269, MPP,4.39,35.6421,-120.9543,5.902,133.28,522,34.8885,-119.8136,15.72,16.05,0.001674561,0.004462827,6.34e-05,2.01e-05,0.37522419,0.164806212,87.85700055,5.179664862,6.063488731,0.174532925,1082.376595,83.31149254,70.39159306,162.3564893,CI,MPP,-999.0,628,-0.184872579,-0.074183401,0.018441192,-0.110689177,CI.MPP,628,-0.184872579,17.28520012,1663.48999,5.600999832,-0.1848725785855594,628,716.8391927989696,626.0546523640861,599.0822068861452,576.3619532322141
100183,RSN9231,79,9231, MPP,5.03,35.3852,-118.6292,7.3,121.19,522,34.8885,-119.8136,11.82,12.12,0.004192774,0.009761148,0.000332616,5.1e-05,0.42953696,0.163472982,86.96952315,5.179664862,6.108664217,0.20943951,1233.849962,82.2112549,29.34659788,185.0774943,CI,MPP,-999.0,675,-0.257045103,-0.074183401,0.018441192,-0.182861702,CI.MPP,675,-0.257045103,17.28520012,1663.48999,5.600999832,-0.25704510298989103,675,651.851720414382,644.3080066032754,603.0454807086893,609.1856588345036
100183,RSN13424,79,13424, MPP,3.9,34.4032,-118.651,13.612,119.41,522,34.8885,-119.8136,14.69,15.11,0.000543008,0.000960409,4e-05,1.56e-05,0.565391792,0.158287951,83.89930971,5.179664862,6.281821568,0.261799388,1609.074855,34.80820513,24.010225,241.3612283,CI,MPP,-999.0,719,-0.32019377,-0.074183401,0.018441192,-0.246010369,CI.MPP,719,-0.32019377,17.28520012,1663.48999,5.600999832,-0.32019376983840786,719,722.5356693798332,685.4014280556368,624.1954553599826,632.523105353205
100184,RSN13341,80,13341, RRX,4.2,34.3768,-117.6461,8.934,81.26,372,34.8753,-116.9968,19.02,19.15,-0.001076819,-0.006240503,0.000243165,4.79e-05,0.172553317,0.161401788,84.33621168,5.179664862,6.165471616,0.087266463,528.7710562,22.48056367,25.66365637,79.31565843,CI,RRX,0.89,386,-0.036943515,-0.084162364,0.008462229,0.047218849,CI.RRX,386,-0.036943515,4.117599964,682.3309937,3.888880014,-0.03694351519168482,386,404.7204018082612,444.95236376763796,404.1421650839135,420.87706438396276
100184,RSN12635,80,12635, RRX,4.11,33.5089,-116.8485,12.274,152.18,372,34.8753,-116.9968,15.5,15.57,-0.001252368,-0.005411491,0.000877775,0.000205118,0.231427429,0.159350644,85.73009047,5.179664862,6.258050482,0.122173048,712.7366017,6.105597753,6.165009256,106.9104903,CI,RRX,0.89,460,-0.212332635,-0.084162364,0.008462229,-0.128170271,CI.RRX,460,-0.212332635,4.117599964,682.3309937,3.888880014,-0.2123326352099948,460,471.19489939026187,438.9942898093771,426.8736637972819,398.77960825838767
100184,RSN17521,80,17521, RRX,3.62,33.9521,-116.3635,9.067,117.8,372,34.8753,-116.9968,21.73,21.81,0.000112177,0.000470396,8.12e-05,4.76e-05,0.23847438,0.161669599,86.02187848,5.179664862,6.170551665,0.122173048,722.7825588,2.356659664,5.793054187,108.4173838,CI,RRX,0.89,465,-0.223143551,-0.084162364,0.008462229,-0.138981187,CI.RRX,465,-0.223143551,4.117599964,682.3309937,3.888880014,-0.2231435513142097,465,472.3475455947167,430.1376835961963,412.66480451779967,399.3247632277605
100184,RSN12901,80,12901, RRX,4.11,36.0312,-117.7658,4.03,146.01,372,34.8753,-116.9968,23.0,23.16,0.000706034,0.002252281,0.000186584,0.000197976,0.313475179,0.168280018,88.79457919,5.179664862,5.941161117,0.157079633,899.7793206,3.566260557,12.07113686,134.9668981,CI,RRX,0.89,547,-0.385554948,-0.084162364,0.008462229,-0.301392584,CI.RRX,547,-0.385554948,4.117599964,682.3309937,3.888880014,-0.38555494814883495,547,636.7586643267174,508.3059379295901,509.1193949693409,466.7830277835147
100184,RSN10509,80,10509, RRX,4.45,34.1081,-117.3062,14.795,89.72,372,34.8753,-116.9968,16.26,16.4,-0.004533557,-0.024636091,0.000131974,5.25e-05,0.184020942,0.156476325,81.09074236,5.179664862,6.313637877,0.087266463,580.5203398,86.35346667,186.6738221,87.07805097,CI,RRX,0.89,408,-0.09237332,-0.084162364,0.008462229,-0.008210956,CI.RRX,408,-0.09237332,4.117599964,682.3309937,3.888880014,-0.09237332013101529,408,391.46111760343615,421.3019383319256,390.2223479285283,410.1477637033745
100184,RSN17435,80,17435, RRX,3.73,35.2675,-117.3498,7.92,54.13,372,34.8753,-116.9968,25.34,25.41,-0.000134658,-0.000527076,5.83e-05,3.47e-05,0.255481443,0.16189153,82.41979173,5.179664862,6.122995859,0.122173048,770.2539631,3.880634006,9.040754717,115.5380945,CI,RRX,0.89,486,-0.26731477,-0.084162364,0.008462229,-0.183152406,CI.RRX,486,-0.26731477,4.117599964,682.3309937,3.888880014,-0.26731476962734746,486,467.4020920944361,450.4994933148024,426.1293063893304,415.9431090311937
100184,RSN15187,80,15187, RRX,3.9,33.867,-117.1038,11.856,112.28,372,34.8753,-116.9968,22.3,22.38,-0.000273046,-0.001341329,8.07e-05,6.39e-05,0.203563971,0.1592538,84.41413429,5.179664862,6.24946745,0.104719755,629.7126243,4.273020344,16.6211772,94.45689365,CI,RRX,0.89,426,-0.135545492,-0.084162364,0.008462229,-0.051383128,CI.RRX,426,-0.135545492,4.117599964,682.3309937,3.888880014,-0.13554549199622468,426,412.41515846422595,434.3067951822143,407.18849597999287,424.8035878454046
100184,RSN13280,80,13280, RRX,4.19,34.3571,-116.8418,9.486,59.22,372,34.8753,-116.9968,20.03,20.16,-0.00251467,-0.01231966,7.72e-05,3.42e-05,0.204118436,0.159963677,81.67609526,5.179664862,6.185563454,0.104719755,628.5581185,73.52836257,159.5810881,94.28371778,CI,RRX,0.89,426,-0.135545492,-0.084162364,0.008462229,-0.051383128,CI.RRX,426,-0.135545492,4.117599964,682.3309937,3.888880014,-0.13554549199622468,426,411.10828369944835,435.7124687781813,409.3624324885545,426.34867013137267
100184,RSN10121,80,10121, RRX,4.18,34.3617,-118.6637,11.151,163.14,372,34.8753,-116.9968,7.85,7.97,0.000138173,0.001022358,0.000158777,6.15e-05,0.135150799,0.16010681,86.39229436,5.179664862,6.233452986,0.06981317,419.2818409,2.246715447,6.438955264,62.89227614,CI,RRX,0.89,336,0.101782694,-0.084162364,0.008462229,0.185945058,CI.RRX,336,0.101782694,4.117599964,682.3309937,3.888880014,0.10178269430994202,336,413.19345519564644,435.98842051254735,406.4595904161546,407.07140138630456
100184,RSN13882,80,13882, RRX,4.17,34.3277,-116.829,4.957,62.67,372,34.8753,-116.9968,19.34,19.41,-0.001302655,-0.005860034,5.85e-05,3.42e-05,0.222294761,0.165885505,86.28848868,5.179664862,6.015610792,0.104719755,657.6773919,38.08932749,100.1715214,98.65160879,CI,RRX,0.89,436,-0.158748389,-0.084162364,0.008462229,-0.074586025,CI.RRX,436,-0.158748389,4.117599964,682.3309937,3.888880014,-0.15874838907588806,436,432.36803444945264,431.9727766232205,396.8482297898333,400.01913721997096
100184,RSN9260,80,9260, RRX,5.03,35.3852,-118.6292,7.3,159.18,372,34.8753,-116.9968,12.2,12.41,0.000661508,0.003816797,0.000143287,6.28e-05,0.173315062,0.163570272,87.70210283,5.179664862,6.108664217,0.087266463,523.9978057,10.53356688,26.63742698,78.59967086,CI,RRX,0.89,384,-0.031748698,-0.084162364,0.008462229,0.052413666,CI.RRX,384,-0.031748698,4.117599964,682.3309937,3.888880014,-0.031748698314580714,384,419.43802414729817,447.3468691133394,447.3084672624866,424.1701434653688
100184,RSN14757,80,14757, RRX,3.84,34.2268,-117.4407,8.593,82.67,372,34.8753,-116.9968,21.2,21.28,-0.001461291,-0.009324578,0.000884312,0.000122378,0.156713933,0.161847775,84.64470085,5.179664862,6.151676073,0.06981317,479.4768007,11.94079818,10.54444359,71.92152011,CI,RRX,0.89,365,0.018996501,-0.084162364,0.008462229,0.103158865,CI.RRX,365,0.018996501,4.117599964,682.3309937,3.888880014,0.018996500690654727,365,397.5242606249278,449.00536248017113,399.40607717767375,418.61851157890277
100184,RSN15298,80,15298, RRX,3.86,34.1976,-117.3882,14.177,83.32,372,34.8753,-116.9968,23.19,23.28,-0.001119126,-0.006946115,0.000151882,2.82e-05,0.161115366,0.156873337,80.87089388,5.179664862,6.293825021,0.087266463,508.9112029,39.68531915,45.73362874,76.33668044,CI,RRX,0.89,378,-0.016000341,-0.084162364,0.008462229,0.068162023,CI.RRX,378,-0.016000341,4.117599964,682.3309937,3.888880014,-0.016000341346441793,378,369.7202614218328,429.56869121753715,377.5751862883989,408.741102314145
100184,RSN16962,80,16962, RRX,3.63,34.1242,-116.405,9.555,99.48,372,34.8753,-116.9968,12.6,12.67,-0.000172695,-0.000884028,9.08e-05,4.95e-05,0.195349558,0.160993418,85.01095978,5.179664862,6.187901101,0.104719755,598.7069754,3.488787879,9.735991189,89.80604631,CI,RRX,0.89,415,-0.109384666,-0.084162364,0.008462229,-0.025222302,CI.RRX,415,-0.109384666,4.117599964,682.3309937,3.888880014,-0.1093846659575517,415,410.9119066427347,424.8457111861991,405.0098025647361,415.85609707373555
100184,RSN18228,80,18228, RRX,4.36,36.3932,-117.8644,8.798,185.84,372,34.8753,-116.9968,11.55,11.64,-0.000123719,-0.000608109,0.000150977,2.35e-05,0.203448638,0.162189257,87.57323216,5.179664862,6.160106881,0.104719755,617.9789678,5.264638298,4.02782543,92.69684517,CI,RRX,0.89,422,-0.12611146,-0.084162364,0.008462229,-0.041949096,CI.RRX,422,-0.12611146,4.117599964,682.3309937,3.888880014,-0.12611145976286586,422,551.7957150914516,476.12853454708534,527.007309817331,456.8872174942588
100184,RSN13969,80,13969, RRX,3.79,34.2691,-117.4608,11.018,79.59,372,34.8753,-116.9968,15.5,15.65,-0.000721552,-0.004723771,3.74e-05,4.07e-05,0.152749159,0.159201067,82.68123255,5.179664862,6.230189198,0.06981317,475.3987271,17.72855037,126.3040374,71.30980907,CI,RRX,0.89,363,0.02449102,-0.084162364,0.008462229,0.108653384,CI.RRX,363,0.02449102,4.117599964,682.3309937,3.888880014,0.024491020008295727,363,406.57817017093726,443.74699683009266,389.51606804614255,412.42741646032135
100184,RSN15982,80,15982, RRX,3.64,33.8726,-117.7125,2.161,129.25,372,34.8753,-116.9968,32.95,33.03,-7.81e-05,-0.000616937,0.000151366,1.91e-05,0.126538774,0.16839915,89.47623191,5.179664862,5.93802414,0.06981317,373.6460469,4.089005236,4.075796414,56.04690704,CI,RRX,0.89,312,0.175890666,-0.084162364,0.008462229,0.260053031,CI.RRX,312,0.175890666,4.117599964,682.3309937,3.888880014,0.1758906664636637,312,424.5894316471403,419.89897683294026,417.922452263655,386.27427463172194
100184,RSN16638,80,16638, RRX,3.69,33.735,-117.4936,9.693,134.5,372,34.8753,-116.9968,15.68,15.77,-0.000343262,-0.001892836,0.000261498,6.61e-05,0.181347944,0.161142609,86.26041533,5.179664862,6.192470162,0.087266463,555.7821098,5.193071104,7.238433946,83.36731647,CI,RRX,0.89,398,-0.067558151,-0.084162364,0.008462229,0.016604213,CI.RRX,398,-0.067558151,4.117599964,682.3309937,3.888880014,-0.06755815101129148,398,435.01075026551257,424.0452463333215,424.82653562247026,407.97029455461075
100184,RSN15437,80,15437, RRX,3.99,34.0514,-117.2429,14.998,94.15,372,34.8753,-116.9968,21.0,21.12,-0.00098263,-0.005299101,0.000152815,3.3e-05,0.185433302,0.156470615,81.4403153,5.179664862,6.319789549,0.087266463,584.850909,29.77666667,34.67657625,87.72763635,CI,RRX,0.89,410,-0.097263305,-0.084162364,0.008462229,-0.013100941,CI.RRX,410,-0.097263305,4.117599964,682.3309937,3.888880014,-0.09726330542520767,410,396.3089355382262,422.62353055308824,392.5502578499833,412.8682824828884
100184,RSN17287,80,17287, RRX,3.53,34.2894,-116.8271,6.278,66.83,372,34.8753,-116.9968,25.8,25.85,-0.000416982,-0.001784949,0.000221247,5.69e-05,0.233610273,0.163990266,85.35776759,5.179664862,6.07791863,0.122173048,698.7712879,7.328330404,8.067675494,104.8156932,CI,RRX,0.89,454,-0.199203344,-0.084162364,0.008462229,-0.11504098,CI.RRX,454,-0.199203344,4.117599964,682.3309937,3.888880014,-0.19920334376820215,454,444.6585815280944,428.136551278671,404.70997267873855,394.1516198648813
100184,RSN14417,80,14417, RRX,4.14,34.8632,-116.3444,6.474,59.67,372,34.8753,-116.9968,22.43,22.54,0.000516297,0.003757804,0.000583997,6.67e-05,0.137393349,0.163620127,84.60843437,5.179664862,6.084678138,0.06981317,416.9620024,7.740584708,6.434628945,62.54430036,CI,RRX,0.89,335,0.104763322,-0.084162364,0.008462229,0.188925687,CI.RRX,335,0.104763322,4.117599964,682.3309937,3.888880014,0.10476332244807995,335,404.46905645703066,427.9959849187789,397.9867614785151,402.4589233728596
100184,RSN11443,80,11443, RRX,4.73,33.7328,-117.4921,10.018,134.69,372,34.8753,-116.9968,27.9,28.03,-0.002502558,-0.013496668,0.001051652,0.000141467,0.185420399,0.160850719,86.12102487,5.179664862,6.202702587,0.087266463,568.8866291,17.69004786,12.83377771,85.33299437,CI,RRX,0.89,403,-0.080042708,-0.084162364,0.008462229,0.004119656,CI.RRX,403,-0.080042708,4.117599964,682.3309937,3.888880014,-0.08004270767353638,403,433.2718211403819,429.36549428321246,430.83901484855664,413.0902982133827
100184,RSN15008,80,15008, RRX,3.74,34.1651,-117.4332,7.875,88.39,372,34.8753,-116.9968,24.87,24.93,-0.000208485,-0.001489709,0.000262013,3.17e-05,0.139950432,0.162836593,85.48170569,5.179664862,6.12204057,0.06981317,426.6181458,6.57681388,5.685630102,63.99272187,CI,RRX,0.89,340,0.089948237,-0.084162364,0.008462229,0.174110601,CI.RRX,340,0.089948237,4.117599964,682.3309937,3.888880014,0.08994823666293872,340,412.0962332000371,433.94039483359376,402.9277714294256,407.8744420300839
100184,RSN9397,80,9397, RRX,4.88,34.0655,-117.0011,17.501,89.83,372,34.8753,-116.9968,13.59,13.71,-0.016486866,-0.088270406,0.000441828,0.000478606,0.186776821,0.153960602,79.37971575,5.179664862,6.383907006,0.087266463,598.5488479,34.4476793,199.7845451,89.78232719,CI,RRX,0.89,415,-0.109384666,-0.084162364,0.008462229,-0.025222302,CI.RRX,415,-0.109384666,4.117599964,682.3309937,3.888880014,-0.1093846659575517,415,442.30497752550923,429.1834205088807,397.0114079317137,417.6210507212697
100184,RSN14563,80,14563, RRX,3.78,34.0294,-116.7534,14.93,96.46,372,34.8753,-116.9968,23.68,23.84,-0.000352782,-0.001572171,7.52e-05,5.29e-05,0.22439133,0.156609598,81.65807647,5.179664862,6.317747533,0.104719755,702.8919501,6.668846881,20.90652926,105.4337925,CI,RRX,0.89,456,-0.203598955,-0.084162364,0.008462229,-0.119436591,CI.RRX,456,-0.203598955,4.117599964,682.3309937,3.888880014,-0.20359895524124028,456,435.1057581497554,445.83669029483724,401.9138845632153,414.21962384499085
100184,RSN16908,80,16908, RRX,3.6,34.2088,-117.5824,7.536,91.41,372,34.8753,-116.9968,12.8,12.87,-0.000178984,-0.001492106,9.16e-05,6.15e-05,0.119954145,0.163117916,85.84634503,5.179664862,6.114431914,0.052359878,365.5774942,2.910308943,16.28936681,54.83662413,CI,RRX,0.89,307,0.192046107,-0.084162364,0.008462229,0.276208471,CI.RRX,307,0.192046107,4.117599964,682.3309937,3.888880014,0.19204610668594935,307,368.045240525078,403.6811809399313,364.341708533989,377.1910726022786
100184,RSN14615,80,14615, RRX,4.11,35.6211,-117.5805,9.045,98.33,372,34.8753,-116.9968,22.98,23.07,0.000277339,0.001599901,0.000101488,7.4e-05,0.173347673,0.161527248,85.25884555,5.179664862,6.169722379,0.087266463,530.7223701,3.747824324,15.7644352,79.60835552,CI,RRX,0.89,387,-0.039530839,-0.084162364,0.008462229,0.044631525,CI.RRX,387,-0.039530839,4.117599964,682.3309937,3.888880014,-0.03953083875663577,387,414.471619656291,445.8629401828178,406.4032271170394,423.0575611011097
100184,RSN15375,80,15375, RRX,3.87,33.928,-116.7858,18.501,106.86,372,34.8753,-116.9968,22.9,23.02,-0.000467953,-0.002046859,0.000366585,5.93e-05,0.228620052,0.154011406,80.53714687,5.179664862,6.40467109,0.104719755,727.5651023,7.891281619,5.583586344,109.1347653,CI,RRX,0.89,467,-0.227435403,-0.084162364,0.008462229,-0.143273039,CI.RRX,467,-0.227435403,4.117599964,682.3309937,3.888880014,-0.2274354033957513,467,561.7283051578181,456.07377552866654,422.7437051502752,423.97581790754987
100184,RSN16121,80,16121, RRX,3.58,33.827,-117.0296,15.131,116.32,372,34.8753,-116.9968,22.34,22.41,-0.000448311,-0.002279425,0.000161776,4.58e-05,0.196677284,0.156954018,82.99471118,5.179664862,6.323730411,0.104719755,618.1355927,9.788449782,14.09000717,92.72033891,CI,RRX,0.89,422,-0.12611146,-0.084162364,0.008462229,-0.041949096,CI.RRX,422,-0.12611146,4.117599964,682.3309937,3.888880014,-0.12611145976286586,422,413.582380114266,428.88764002286337,399.8137793996283,421.3577471503435
100184,RSN16843,80,16843, RRX,3.49,34.309,-116.9297,9.684,63.12,372,34.8753,-116.9968,12.47,12.53,-0.002176491,-0.011424661,0.000379814,8.06e-05,0.190508102,0.159882104,81.89777727,5.179664862,6.192176404,0.087266463,587.499394,27.00361042,30.07962055,88.1249091,CI,RRX,0.89,411,-0.09969936,-0.084162364,0.008462229,-0.015536996,CI.RRX,411,-0.09969936,4.117599964,682.3309937,3.888880014,-0.09969936022308801,411,389.3494485621217,425.27162503895056,396.54944206162514,414.3585442843752
100184,RSN19396,80,19396, RRX,3.43,34.1381,-117.4717,5.767,92.68,372,34.8753,-116.9968,32.75,32.82,-0.000339968,-0.002304956,0.000487127,5.91e-05,0.147494351,0.164851176,87.00132356,5.179664862,6.057771424,0.06981317,443.6510345,5.752419628,4.731735256,66.54765518,CI,RRX,0.89,349,0.063821932,-0.084162364,0.008462229,0.147984296,CI.RRX,349,0.063821932,4.117599964,682.3309937,3.888880014,0.06382193207071918,349,418.44602379904893,438.0603166093233,394.730697414862,404.5134314381405
100184,RSN17101,80,17101, RRX,3.52,34.2098,-116.4371,4.645,89.94,372,34.8753,-116.9968,28.43,28.5,0.000862103,0.004221531,0.000342712,6.03e-05,0.204215802,0.166674059,87.62813858,5.179664862,5.994593769,0.104719755,603.5283933,14.29689884,12.31801338,90.529259,CI,RRX,0.89,417,-0.114192368,-0.084162364,0.008462229,-0.030030003,CI.RRX,417,-0.114192368,4.117599964,682.3309937,3.888880014,-0.11419236752565531,417,426.9280853167284,431.3502430125783,407.753576931946,420.2928195572187
100184,RSN18133,80,18133, RRX,5.19,36.4034,-117.8499,9.418,186.32,372,34.8753,-116.9968,12.4,12.57,-0.00049407,-0.001946825,0.000192411,0.000100747,0.253782242,0.161560759,87.39468429,5.179664862,6.183223963,0.122173048,767.0043281,4.904066622,10.11805458,115.0506492,CI,RRX,0.89,485,-0.265255037,-0.084162364,0.008462229,-0.181092673,CI.RRX,485,-0.265255037,4.117599964,682.3309937,3.888880014,-0.26525503666433714,485,567.529256391253,480.3502073628104,505.1602639787691,441.71078473356613
100184,RSN9080,80,9080, RRX,5.2,33.5328,-116.5697,15.48,154.03,372,34.8753,-116.9968,13.7,13.82,-0.001612936,-0.007865066,0.001155469,0.000728051,0.205075997,0.1571728,84.5582449,5.179664862,6.333749326,0.104719755,642.6005692,2.215416228,6.806816972,96.39008538,CI,RRX,0.89,431,-0.147214236,-0.084162364,0.008462229,-0.063051872,CI.RRX,431,-0.147214236,4.117599964,682.3309937,3.888880014,-0.14721423583060123,431,428.1962414562976,437.215361850635,438.2236241798062,430.7898375220523
100184,RSN15127,80,15127, RRX,3.78,34.1353,-117.4476,5.857,91.94,372,34.8753,-116.9968,24.8,24.87,-0.000681327,-0.004444737,0.000473636,6.59e-05,0.153288458,0.16473277,86.91093431,5.179664862,6.061617088,0.06981317,461.0200621,10.33880121,9.384288779,69.15300932,CI,RRX,0.89,357,0.041158072,-0.084162364,0.008462229,0.125320437,CI.RRX,357,0.041158072,4.117599964,682.3309937,3.888880014,0.04115807249350745,357,387.07917394846424,443.08289613548044,391.3727268903814,410.0369167963278
100184,RSN18280,80,18280, RRX,4.2,36.3905,-117.8695,8.829,185.77,372,34.8753,-116.9968,14.88,14.93,-0.000384624,-0.001406052,0.000384833,0.000163789,0.273549026,0.162155499,87.56359645,5.179664862,6.161345296,0.13962634,821.5348782,2.348289568,3.653667955,123.2302317,CI,RRX,0.89,507,-0.309617149,-0.084162364,0.008462229,-0.225454785,CI.RRX,507,-0.309617149,4.117599964,682.3309937,3.888880014,-0.3096171493180373,507,591.9909081046467,487.32333786144835,497.7418171276847,453.30084479820897
100184,RSN16555,80,16555, RRX,3.61,34.2449,-117.4464,12.48,81.2,372,34.8753,-116.9968,14.55,14.63,-0.000492368,-0.003632957,0.000397171,0.000173023,0.13552825,0.158072654,81.83380456,5.179664862,6.262058538,0.06981317,425.8421358,2.845679476,9.147085261,63.87632037,CI,RRX,0.89,340,0.089948237,-0.084162364,0.008462229,0.174110601,CI.RRX,340,0.089948237,4.117599964,682.3309937,3.888880014,0.08994823666293872,340,377.2773823455618,426.6849495867244,372.73533243445735,401.28987319570234
100193,RSN18312,81,18312, CWC,3.47,36.3879,-117.8711,9.151,19.62,580,36.4399,-118.0802,11.1375,11.225,0.004615961,0.01295591,0.000438149,0.000102935,0.356282296,0.147554339,65.63739747,5.179664862,6.173678858,0.174532925,1154.735904,44.84345461,29.56964412,173.2103856,CI,CWC,4.476666667,646,-0.1077714,-0.327516162,-0.234891569,0.219744762,CI.CWC,441,0.273983228,65.97869873,1687.25,27.37660027,0.27398322809361897,441,422.9402287108407,404.4757006765368,387.2252721813336,434.0380448117815
100193,RSN17907,81,17907, CWC,4.04,36.3911,-117.8665,9.439,19.92,580,36.4399,-118.0802,10.875,11.0375,0.032846565,0.045606087,4.57e-05,0.000137847,0.72022327,0.147787203,66.05122243,5.179664862,6.183950287,0.314159265,2078.558946,238.28277,997.9450109,311.7838419,CI,CWC,4.476666667,876,-0.412337987,-0.327516162,-0.234891569,-0.084821825,CI.CWC,599,-0.032233495,65.97869873,1687.25,27.37660027,-0.032233494574984256,599,503.5406616199333,522.8167808909267,395.5789859345501,498.3252279741423
100193,RSN18305,81,18305, CWC,3.05,36.3904,-117.8704,9.371,19.6,580,36.4399,-118.0802,11.4625,11.5125,0.001187815,0.004449262,0.000203266,5.27e-05,0.266969127,0.146684394,65.0589552,5.179664862,6.181585801,0.122173048,885.8827985,22.53918406,21.88886484,132.8824198,CI,CWC,4.476666667,540,0.071458964,-0.327516162,-0.234891569,0.398975126,CI.CWC,540,0.071458964,65.97869873,1687.25,27.37660027,0.07145896398214457,540,474.35583556669434,477.379377205343,458.1125911978542,523.0938400436347
100193,RSN9881,81,9881, CWC,4.59,34.9977,-119.1926,10.662,189.04,580,36.4399,-118.0802,9.8,9.8875,-0.001253383,-0.001042209,0.000294109,0.000205861,1.202622367,0.16053097,87.04224609,5.179664862,6.221029194,0.436332313,2643.931554,6.088491749,3.543614782,396.5897331,CI,CWC,4.476666667,1054,-0.597319626,-0.327516162,-0.234891569,-0.269803463,CI.CWC,720,-0.216223108,65.97869873,1687.25,27.37660027,-0.21622310846963622,720,541.5063049979817,679.1543236578174,435.3093244013305,611.6788855739743
100193,RSN14630,81,14630, CWC,3.9,35.3429,-118.5645,9.906,129.33,580,36.4399,-118.0802,35.6875,35.775,-0.000963378,-0.00080937,3.25e-05,2.67e-05,1.190280658,0.160920609,86.01988156,5.179664862,6.199256899,0.436332313,2624.714665,36.08157303,24.90369231,393.7071998,CI,CWC,4.476666667,1048,-0.591610761,-0.327516162,-0.234891569,-0.264094599,CI.CWC,716,-0.210652063,65.97869873,1687.25,27.37660027,-0.21065206342018072,716,509.0995076072695,640.9794874855198,431.6225124118682,582.6368147350887
100194,RSN9897,82,9897, FUR,4.59,34.9977,-119.1926,10.662,266.45,433,36.4672,-116.8632,9.4,9.62,0.000434415,0.001317815,0.000309843,0.000127316,0.329647795,0.160638369,87.91189921,5.179664862,6.221029194,0.157079633,986.6529741,3.4121006,4.253170154,147.9979461,CI,FUR,-999.0,595,-0.317823678,-0.233518182,-0.140893589,-0.084305495,CI.FUR,595,-0.317823678,8.073479652,-42.94779968,5.473599911,-0.31782367754314045,595,618.2461073431666,539.8909831077182,566.4866159837287,528.5669575799452
100194,RSN12885,82,12885, FUR,4.11,36.0312,-117.7658,4.03,94.46,433,36.4672,-116.8632,21.8,21.92,0.000407275,0.001538627,0.000126063,6.56e-05,0.264700371,0.168228003,88.13392663,5.179664862,5.941161117,0.122173048,766.2944958,6.208460366,12.20522279,114.9441744,CI,FUR,-999.0,484,-0.111347179,-0.233518182,-0.140893589,0.122171004,CI.FUR,484,-0.111347179,8.073479652,-42.94779968,5.473599911,-0.11134717871414246,484,493.501486944453,429.04071709356737,435.4717272822043,417.3971489350624
100194,RSN18013,82,18013, FUR,5.0,36.3864,-117.8583,7.408,89.69,433,36.4672,-116.8632,11.4,11.53,0.002227212,0.007017166,0.002271511,0.000489223,0.317394764,0.163197727,85.83517644,5.179664862,6.11135504,0.157079633,938.3669122,4.552549655,3.08920626,140.7550368,CI,FUR,-999.0,568,-0.271383691,-0.233518182,-0.140893589,-0.037865508,CI.FUR,568,-0.271383691,8.073479652,-42.94779968,5.473599911,-0.271383690718662,568,530.6578064846402,479.71004332271383,477.61853689389,480.7673890803328
100198,RSN17937,84,17937, MTP,4.04,36.3911,-117.8665,9.439,231.73,956,35.4843,-115.5532,10.7,10.84,0.000109823,0.000114667,2.61e-05,2.43e-05,0.957758278,0.161600192,87.89868574,5.179664862,6.183950287,0.383972435,2307.364933,4.519465021,4.393371648,346.10474,CI,MTP,7.19102,949,0.007349114,-0.010596639,0.082027955,0.017945753,CI.MTP,804,0.173158644,7.592470169,1536.140015,12.13000011,0.1731586438724344,804,774.795035178059,844.6216950798312,761.3197281308059,942.9665665929259
100198,RSN10480,84,10480, MTP,4.45,34.1081,-117.3062,14.795,221.46,956,35.4843,-115.5532,14.6,14.78,-0.000691719,-0.000653448,5.51e-05,8.83e-05,1.058568009,0.158076828,86.41199178,5.179664862,6.313637877,0.401425728,2500.662563,7.833737259,11.85931034,375.0993845,CI,MTP,7.19102,1010,-0.054947697,-0.010596639,0.082027955,-0.044351058,CI.MTP,856,0.110487537,7.592470169,1536.140015,12.13000011,0.11048753690965896,856,667.8944031324104,877.3444868267258,756.4591322909475,998.3563958488562
100198,RSN9233,84,9233, MTP,5.03,35.3852,-118.6292,7.3,279.53,956,35.4843,-115.5532,14.65,14.82,0.002968567,0.002932469,0.000549212,0.000585702,1.012309732,0.163659891,88.70179267,5.179664862,6.108664217,0.401425728,2358.585295,5.068391435,5.339411739,353.7877943,CI,MTP,7.19102,965,-0.009370188,-0.010596639,0.082027955,0.00122645,CI.MTP,818,0.155895576,7.592470169,1536.140015,12.13000011,0.15589557644865426,818,688.2890277439559,831.0103532053555,767.0518425901347,954.882859613249
100198,RSN11313,84,11313, MTP,4.78,34.1228,-116.9226,5.969,196.25,956,35.4843,-115.5532,16.63,16.75,-0.000129377,-0.000119468,1.27e-05,9.12e-06,1.082942662,0.1647934,88.53278096,5.179664862,6.066214653,0.41887902,2436.758429,14.18607456,9.406929134,365.5137644,CI,MTP,7.19102,990,-0.03494703,-0.010596639,0.082027955,-0.024350392,CI.MTP,839,0.130547207,7.592470169,1536.140015,12.13000011,0.13054720658419505,839,713.998085421685,851.8628600175803,796.587569726572,984.3145966024459
100198,RSN17432,84,17432, MTP,3.73,35.2675,-117.3498,7.92,165.02,956,35.4843,-115.5532,38.7,38.82,0.000118434,0.000129198,2.2e-05,4.78e-05,0.916681228,0.163171766,87.56902546,5.179664862,6.122995859,0.366519143,2219.514443,2.477698745,5.872636364,332.9271665,CI,MTP,7.19102,921,0.037297877,-0.010596639,0.082027955,0.047894515,CI.MTP,780,0.203463993,7.592470169,1536.140015,12.13000011,0.20346399336776333,780,660.9321691454446,823.8447627824314,747.8085809761621,933.9232719084191
100198,RSN15039,84,15039, MTP,3.74,34.1651,-117.4332,7.875,225.83,956,35.4843,-115.5532,25.2,25.29,-1.75e-05,-1.52e-05,3.49e-06,7.78e-06,1.152002931,0.163267349,88.24203184,5.179664862,6.12204057,0.436332313,2546.708032,2.249357326,4.35530086,382.0062048,CI,MTP,7.19102,1024,-0.068713893,-0.010596639,0.082027955,-0.058117254,CI.MTP,868,0.096566198,7.592470169,1536.140015,12.13000011,0.0965661983910504,868,695.8884839796593,888.8426544238266,800.594820579052,1012.5893654989692
100198,RSN14003,84,14003, MTP,4.15,33.638,-116.7082,12.649,230.61,956,35.4843,-115.5532,59.05,59.17,-0.000101818,-0.000121286,1.46e-05,1.06e-05,0.839482992,0.159404581,87.08793132,5.179664862,6.265244507,0.34906585,2146.218914,9.605471698,8.307260274,321.9328371,CI,MTP,7.19102,898,0.062587845,-0.010596639,0.082027955,0.073184483,CI.MTP,761,0.228124555,7.592470169,1536.140015,12.13000011,0.22812455518971486,761,783.7967308650743,803.4195424634568,756.0576586397226,914.1563247073443
100198,RSN15637,84,15637, MTP,3.87,33.7513,-116.0218,8.756,196.99,956,35.4843,-115.5532,25.47,25.52,-0.000127613,-0.000107003,3.75e-05,3.8e-05,1.192605249,0.162251179,87.7222977,5.179664862,6.158414042,0.436332313,2605.597289,3.358236842,2.853413333,390.8395934,CI,MTP,7.19102,1042,-0.086139309,-0.010596639,0.082027955,-0.075542671,CI.MTP,883,0.079432712,7.592470169,1536.140015,12.13000011,0.07943271244744121,883,664.5506902406572,903.4013503623453,811.7918449108523,1030.274111745235
100198,RSN17095,84,17095, MTP,3.52,34.2098,-116.4371,4.645,162.87,956,35.4843,-115.5532,7.16,7.27,0.000114676,0.000124395,3.84e-05,3.99e-05,0.921867369,0.16677424,88.70305934,5.179664862,5.994593769,0.366519143,2178.728695,2.874085213,3.239453125,326.8093043,CI,MTP,7.19102,908,0.051513534,-0.010596639,0.082027955,0.062110173,CI.MTP,769,0.217666944,7.592470169,1536.140015,12.13000011,0.21766694354575655,769,678.2160554700966,791.2749959345033,720.1837538836942,893.4411388879131
100263,RSN11270,89,11270, NJQ,4.39,35.6421,-120.9543,5.902,141.88,297,34.5341,-120.1774,14.35,14.5,0.00021947,0.00107149,0.000212471,6.57e-05,0.204827037,0.164820553,87.99464846,5.179664862,6.063488731,0.104719755,612.0693794,3.340487062,5.042994103,91.81040691,CI,NJQ,-999.0,420,-0.346522572,-0.33344628,-0.240821687,-0.013076292,CI.NJQ,420,-0.346522572,5.659100056,241.9720001,9.653369904,-0.3465225724747141,420,478.7667323443539,330.796318638382,485.13588976853816,349.21663771500744
100263,RSN16346,89,16346, NJQ,3.74,34.8456,-119.2446,12.927,92.19,297,34.5341,-120.1774,19.85,19.96,0.000140196,0.000562098,0.000137672,5.26e-05,0.249414715,0.158129701,82.53303754,5.179664862,6.270295551,0.122173048,770.944866,2.665323194,4.082878145,115.6417299,CI,NJQ,-999.0,486,-0.492476485,-0.33344628,-0.240821687,-0.159030205,CI.NJQ,486,-0.492476485,5.659100056,241.9720001,9.653369904,-0.49247648509779385,486,457.6969548855633,371.0895568951401,469.2950823003508,381.6822778352328
100263,RSN19350,89,19350, NJQ,3.19,35.2167,-120.7957,8.83,94.5,297,34.5341,-120.1774,12.6,12.72,-9.42e-05,-0.000648589,0.000106147,3.31e-05,0.145186581,0.161728969,85.18741502,5.179664862,6.16138509,0.06981317,445.2865897,2.84592145,6.110290446,66.79298846,CI,NJQ,-999.0,349,-0.161339783,-0.33344628,-0.240821687,0.172106497,CI.NJQ,349,-0.161339783,5.659100056,241.9720001,9.653369904,-0.1613397833997272,349,411.6997176416862,344.5568695695948,441.8387987335592,348.5796401972904
100287,RSN13780,98,13780, GMR,4.06,34.1614,-116.9872,11.361,140.17,943,34.7846,-115.6599,13.5,13.56,0.000145265,0.000172714,2.22e-05,4.15e-05,0.841072078,0.159852956,85.7370808,5.179664862,6.238442335,0.34906585,2142.710906,3.500361446,7.77990991,321.4066359,CI,GMR,-999.0,896,0.05112587,-0.000513132,0.092111461,0.051639002,CI.GMR,896,0.05112587,4.426280022,1349.630005,11.59070015,0.05112586965852728,896,742.7941638138292,940.8136737883028,803.0643686916702,1015.0055227054158
100287,RSN17425,98,17425, GMR,3.73,35.2675,-117.3498,7.92,163.26,943,34.7846,-115.6599,40.55,40.62,-0.000943654,-0.000752082,0.000154472,0.000205908,1.254722654,0.163169948,87.55403761,5.179664862,6.122995859,0.453785606,2662.731954,4.582891388,4.868727018,399.4097931,CI,GMR,-999.0,1060,-0.116957904,-0.000513132,0.092111461,-0.116444772,CI.GMR,1060,-0.116957904,4.426280022,1349.630005,11.59070015,-0.1169579044726552,1060,770.1345735091497,1103.8674710311816,904.5936228970836,1192.0674946328238
100287,RSN11384,98,11384, GMR,4.73,33.7328,-117.4921,10.018,205.16,943,34.7846,-115.6599,24.64,24.81,0.000172981,0.000216847,3.29e-05,1.94e-05,0.797708779,0.161061201,87.45638497,5.179664862,6.202702587,0.331612558,2048.753567,8.916546392,6.591094225,307.3130351,CI,GMR,-999.0,866,0.085181374,-0.000513132,0.092111461,0.085694506,CI.GMR,866,0.085181374,4.426280022,1349.630005,11.59070015,0.08518137407102255,866,830.7528853299906,937.9685850362183,866.4991665535882,1029.7173062640036
100287,RSN12688,98,12688, GMR,4.34,35.8373,-117.678,6.864,217.54,943,34.7846,-115.6599,21.98,22.08,0.000390767,0.000381548,1.33e-05,2.26e-05,1.024162415,0.163959475,88.44490766,5.179664862,6.096821743,0.401425728,2369.082581,17.29057522,28.68781955,355.3623872,CI,GMR,-999.0,968,-0.026165805,-0.000513132,0.092111461,-0.025652672,CI.GMR,968,-0.026165805,4.426280022,1349.630005,11.59070015,-0.026165804643119017,968,787.86315327759,1029.3045406734711,922.5856888033201,1119.3719089125677
100287,RSN17497,98,17497, GMR,3.62,33.9521,-116.3635,9.067,112.77,943,34.7846,-115.6599,24.13,24.18,-0.000140007,-0.000149781,4.08e-05,1.03e-05,0.934746355,0.161633772,85.84329846,5.179664862,6.170551665,0.383972435,2275.152183,13.59291262,3.671102941,341.2728275,CI,GMR,-999.0,939,0.004250803,-0.000513132,0.092111461,0.004763936,CI.GMR,939,0.004250803,4.426280022,1349.630005,11.59070015,0.0042508034251946825,939,762.0309102112068,959.2546104446786,822.6346226392092,1041.8965493560108
100296,RSN13890,100,13890, SDG,4.17,34.3277,-116.829,4.957,173.6,439,32.784,-117.1381,22.58,22.68,-0.000449026,-0.001226479,0.000243132,7.51e-05,0.366110202,0.166190185,88.68209643,5.179664862,6.015610792,0.174532925,1050.315522,5.979041278,5.044498462,157.5473283,CI,SDG,0.85,618,-0.341989044,-0.246149056,-0.153524463,-0.095839988,CI.SDG,199,0.791194588,11.06569958,87.38960266,7.724770069,0.7911945883506792,199,256.3741274357914,172.8640434200694,203.18212598340793,172.93704492953833
100296,RSN14264,100,14264, SDG,3.94,32.7219,-116.8133,20.237,31.21,439,32.784,-117.1381,20.17,20.25,0.00516193,0.03753894,0.001231308,0.000474378,0.137508665,0.130705401,57.3306539,5.179664862,6.440435438,0.06981317,522.3929413,10.88147005,30.48704305,78.3589412,CI,SDG,0.85,384,0.13385686,-0.246149056,-0.153524463,0.380005917,CI.SDG,384,0.13385686,11.06569958,87.38960266,7.724770069,0.1338568604874446,384,449.9747968866278,364.3685148281609,424.7583437253515,382.77291821088835
100296,RSN15719,100,15719, SDG,3.81,32.4923,-116.8468,13.18,42.35,439,32.784,-117.1381,16.75,16.82,0.000553285,0.002512489,0.000236099,4.04e-05,0.220213963,0.152771485,73.45472802,5.179664862,6.274698597,0.104719755,707.7550221,13.69517327,10.64167574,106.1632533,CI,SDG,0.85,458,-0.042369771,-0.246149056,-0.153524463,0.203779285,CI.SDG,458,-0.042369771,11.06569958,87.38960266,7.724770069,-0.04236977103901385,458,430.00731583774694,384.2030741197459,428.3877856956414,381.413232466852
100296,RSN13288,100,13288, SDG,4.19,34.3571,-116.8418,9.486,176.63,439,32.784,-117.1381,17.93,18.05,-0.000498898,-0.001609347,0.000146754,9.9e-05,0.310000427,0.161477021,87.22382042,5.179664862,6.185563454,0.157079633,928.1909483,5.039373737,10.96629053,139.2286422,CI,SDG,0.85,562,-0.247002437,-0.246149056,-0.153524463,-0.00085338,CI.SDG,562,-0.247002437,11.06569958,87.38960266,7.724770069,-0.2470024368185193,562,637.1672115151662,464.96219689769384,538.115158993685,472.86618458150457
100296,RSN14348,100,14348, SDG,4.19,33.4453,-116.439,8.875,98.17,439,32.784,-117.1381,22.95,23.01,0.000319964,0.00146477,0.000416675,0.000124672,0.218439829,0.161711098,85.31045562,5.179664862,6.16316588,0.104719755,663.4859528,2.566446355,3.515377692,99.52289292,CI,SDG,0.85,438,0.002280503,-0.246149056,-0.153524463,0.248429559,CI.SDG,438,0.002280503,11.06569958,87.38960266,7.724770069,0.002280502698725151,438,431.67274595698495,369.65804250263034,416.99332680516056,369.7645860690191
100296,RSN16779,100,16779, SDG,3.72,33.1099,-116.0467,7.494,108.27,439,32.784,-117.1381,33.07,33.15,0.000218145,0.000769445,6.89e-05,7.18e-05,0.283508942,0.163273721,86.5268883,5.179664862,6.113435346,0.13962634,843.4771676,3.038231198,11.16756168,126.5215751,CI,SDG,0.85,517,-0.163543461,-0.246149056,-0.153524463,0.082605595,CI.SDG,517,-0.163543461,11.06569958,87.38960266,7.724770069,-0.1635434614332576,517,494.0469906958783,414.92480494200277,451.579222128078,424.1513612474257
100296,RSN12789,100,12789, SDG,4.26,33.9538,-116.3912,7.696,147.19,439,32.784,-117.1381,23.67,23.74,-0.000624112,-0.001740859,0.00072188,0.000269084,0.358507973,0.16327499,87.35599882,5.179664862,6.118116656,0.174532925,1049.351936,2.319394687,2.411562864,157.4027904,CI,SDG,0.85,618,-0.341989044,-0.246149056,-0.153524463,-0.095839988,CI.SDG,199,0.791194588,11.06569958,87.38960266,7.724770069,0.7911945883506792,199,239.29213976083787,169.43821836715372,189.6034384428764,166.77357669983175
100296,RSN16129,100,16129, SDG,3.58,33.827,-117.0296,15.131,116.12,439,32.784,-117.1381,18.75,18.82,-0.000430105,-0.001550817,0.000321558,0.000182656,0.27734093,0.156954018,82.99471118,5.179664862,6.323730411,0.13962634,859.7042326,2.354726918,4.82282201,128.9556349,CI,SDG,0.85,526,-0.1808018,-0.246149056,-0.153524463,0.065347257,CI.SDG,526,-0.1808018,11.06569958,87.38960266,7.724770069,-0.18080179966253862,526,493.353150649148,414.6439859170833,449.00532015184353,418.7583707704675
100296,RSN8852,100,8852, SDG,5.39,33.9465,-117.7667,14.89,141.58,439,32.784,-117.1381,18.3,19.01,-0.041057283,-0.036143035,0.001178554,0.00031728,1.135966675,0.157541103,84.33398271,5.179664862,6.31653763,0.41887902,2610.998784,129.4039429,30.66727108,391.6498176,CI,SDG,0.85,1044,-0.866315355,-0.246149056,-0.153524463,-0.620166299,CI.SDG,336,0.267388253,11.06569958,87.38960266,7.724770069,0.26738825311196734,336,225.41874221485705,228.59529552169687,251.6993250129427,234.64861053556194
100296,RSN12932,100,12932, SDG,4.41,32.707,-116.04,10.16,103.27,439,32.784,-117.1381,21.96,22.2,0.001099996,0.00328376,8.39e-05,7.84e-05,0.334980656,0.160463834,84.86837984,5.179664862,6.206955363,0.157079633,1002.143712,14.03056122,39.13897497,150.3215568,CI,SDG,0.85,603,-0.317417784,-0.246149056,-0.153524463,-0.071268727,CI.SDG,194,0.816641254,11.06569958,87.38960266,7.724770069,0.8166412540118433,194,180.11738628384674,154.83215159786997,167.44640508178315,155.09478146831424
100296,RSN11455,100,11455, SDG,4.73,33.7328,-117.4921,10.018,110.28,439,32.784,-117.1381,23.21,23.4,-0.001166063,-0.003249224,0.000123235,0.000147597,0.358874375,0.160671095,85.27046558,5.179664862,6.202702587,0.174532925,1067.326929,7.900316402,26.36608106,160.0990394,CI,SDG,0.85,623,-0.350047106,-0.246149056,-0.153524463,-0.103898049,CI.SDG,200,0.786182047,11.06569958,87.38960266,7.724770069,0.7861820465271352,200,208.34634228024652,165.54877176045167,178.1809596685788,162.7977314360322
100296,RSN9093,100,9093, SDG,5.2,33.5328,-116.5697,15.48,98.53,439,32.784,-117.1381,14.5,14.68,0.001532222,0.005270501,0.000281187,9.47e-05,0.290716667,0.156154082,81.50967629,5.179664862,6.333749326,0.13962634,902.6604409,16.17974657,18.74375771,135.3990661,CI,SDG,0.85,549,-0.223599028,-0.246149056,-0.153524463,0.022550028,CI.SDG,549,-0.223599028,11.06569958,87.38960266,7.724770069,-0.22359902843435897,549,493.6820873663905,421.6683103795637,461.5137263632861,432.32103648598905
100296,RSN9407,100,9407, SDG,4.88,34.0655,-117.0011,17.501,142.7,439,32.784,-117.1381,17.12,17.33,-0.005635313,-0.016471124,0.000378379,0.00021922,0.342132867,0.155582111,83.32513009,5.179664862,6.383907006,0.157079633,1053.425193,25.70619925,43.5307562,158.013779,CI,SDG,0.85,619,-0.34360586,-0.246149056,-0.153524463,-0.097456803,CI.SDG,199,0.791194588,11.06569958,87.38960266,7.724770069,0.7911945883506792,199,216.7683264925368,163.05552494663718,180.79866666162224,159.55519774399443
100296,RSN16296,100,16296, SDG,3.64,33.223,-116.7186,8.687,62.51,439,32.784,-117.1381,24.25,24.32,-0.000767336,-0.00274855,9.83e-05,7.34e-05,0.279178551,0.161179105,82.81765171,5.179664862,6.155594857,0.13962634,842.3219307,10.45416894,27.96083418,126.3482896,CI,SDG,0.85,517,-0.163543461,-0.246149056,-0.153524463,0.082605595,CI.SDG,517,-0.163543461,11.06569958,87.38960266,7.724770069,-0.1635434614332576,517,488.40012272903084,412.7104393985305,450.2551625094177,418.8943539962142
100325,RSN11275,103,11275, SMR,4.39,35.6421,-120.9543,5.902,42.74,847,35.377,-120.6125,14.44,14.61,0.054854667,0.089993449,6.53e-05,3.19e-05,0.609540673,0.163755283,83.18202504,5.179664862,6.063488731,0.27925268,1652.558925,1719.582038,1378.15389,247.8838388,CI,SMR,-999.0,734,0.143191666,0.168038928,0.260663522,-0.024847262,CI.SMR,734,0.143191666,9.207229614,340.428009,4.764039993,0.14319166603753963,734,732.2657393749802,620.3695126217757,657.4096164412513,591.207102896811
100325,RSN8858,103,8858, SMR,5.39,33.9465,-117.7667,14.89,305.33,847,35.377,-120.6125,24.47,24.89,0.002578163,0.005730122,0.000104349,3.21e-05,0.44993154,0.158149585,87.38393007,5.179664862,6.31653763,0.20943951,1326.300629,80.31660436,54.91305139,198.9450944,CI,SMR,-999.0,710,0.176435725,0.168038928,0.260663522,0.008396796,CI.SMR,710,0.176435725,9.207229614,340.428009,4.764039993,0.17643572461669343,710,823.2197888048736,579.6959068576994,714.5546371686439,591.3654652441866
100325,RSN11225,103,11225, SMR,4.42,34.0665,-118.8938,12.827,214.29,847,35.377,-120.6125,21.66,21.93,1.58e-05,4.01e-05,5.8e-06,2.16e-06,0.392589156,0.159282315,86.82186827,5.179664862,6.268505043,0.191986218,1168.461136,7.314814815,6.913793103,175.2691704,CI,SMR,-999.0,649,0.266267978,0.168038928,0.260663522,0.09822905,CI.SMR,649,0.266267978,9.207229614,340.428009,4.764039993,0.2662679779479644,649,683.7546567031276,520.4221133244736,656.2598183510995,534.2545713285202
100325,RSN10530,103,10530, SMR,4.45,34.1081,-117.3062,14.795,333.89,847,35.377,-120.6125,17.3,17.66,0.000348186,0.000541454,1.94e-05,1.99e-05,0.64305682,0.15825074,87.62066001,5.179664862,6.313637877,0.27925268,1778.707914,17.49678392,27.91,266.8061871,CI,SMR,-999.0,777,0.086260344,0.168038928,0.260663522,-0.081778584,CI.SMR,777,0.086260344,9.207229614,340.428009,4.764039993,0.08626034428440743,777,637.2540600397208,610.2732773275494,699.2920361370972,611.6479962277439
100341,RSN14475,107,14475, SAL,4.05,32.7091,-116.0396,7.817,63.52,253,33.2801,-115.9859,25.66,25.73,-0.00106217,-0.009579701,0.000669202,0.000189455,0.110877197,0.162398872,83.72544076,5.179664862,6.120791156,0.052359878,339.7600846,5.60645008,14.31511113,50.96401269,CI,SAL,0.206666667,291,-0.139933778,-0.106360308,-0.013735714,-0.033573471,CI.SAL,291,-0.139933778,5.061649799,11.31519985,2.160559893,-0.13993377844397248,291,350.0442438260468,339.52685656989865,327.8668065653864,293.78040699558176
100341,RSN13160,107,13160, SAL,4.06,33.2394,-116.2082,10.532,21.2,253,33.2801,-115.9859,10.52,10.59,0.008612742,0.101645799,0.00533418,0.000162816,0.084732888,0.145189214,64.51753114,5.179664862,6.217520851,0.034906585,290.9375001,52.89862176,19.05556224,43.64062502,CI,SAL,0.206666667,264,-0.042559614,-0.106360308,-0.013735714,0.063800693,CI.SAL,264,-0.042559614,5.061649799,11.31519985,2.160559893,-0.04255961441879563,264,343.35669384132245,318.25072187955465,353.0239634640111,290.26960751223646
100341,RSN14344,107,14344, SAL,4.19,33.4453,-116.439,8.875,45.98,253,33.2801,-115.9859,12.41,12.51,0.003288788,0.022701615,0.005241326,0.000446771,0.144870241,0.159716351,79.85279535,5.179664862,6.16316588,0.06981317,449.9354027,7.361238755,4.331273231,67.49031041,CI,SAL,0.206666667,351,-0.327396735,-0.106360308,-0.013735714,-0.221036427,CI.SAL,351,-0.327396735,5.061649799,11.31519985,2.160559893,-0.3273967347383451,351,396.0974471359936,404.7630141882018,371.3101656980425,347.0352024600868
100341,RSN14008,107,14008, SAL,4.15,33.638,-116.7082,12.649,78.0,253,33.2801,-115.9859,15.76,15.82,0.001232434,0.01283847,0.000963029,0.000105312,0.095995423,0.157768176,81.28573488,5.179664862,6.265244507,0.052359878,303.252194,11.70269295,13.33134309,45.4878291,CI,SAL,0.206666667,271,-0.068729332,-0.106360308,-0.013735714,0.037630976,CI.SAL,271,-0.068729332,5.061649799,11.31519985,2.160559893,-0.06872933215218069,271,338.8233660591088,321.0533163449866,331.2383337113107,280.14362925205455
100341,RSN10515,107,10515, SAL,4.45,34.1081,-117.3062,14.795,153.03,253,33.2801,-115.9859,16.56,16.8,0.001227822,0.007310799,0.000856219,0.000343639,0.167946375,0.157730433,84.78008418,5.179664862,6.313637877,0.087266463,527.0317001,3.572999572,8.538468546,79.05475502,CI,SAL,0.206666667,386,-0.422447881,-0.106360308,-0.013735714,-0.316087573,CI.SAL,386,-0.422447881,5.061649799,11.31519985,2.160559893,-0.42244788073731065,386,405.5326597454487,456.91535368512393,390.26206004434454,377.4127217493641
100341,RSN12863,107,12863, SAL,4.02,33.7129,-116.0516,12.808,48.39,253,33.2801,-115.9859,22.75,22.82,-0.001129832,-0.021593407,0.001476038,8.85e-05,0.052323016,0.154728022,75.89722959,5.179664862,6.268161535,0.017453293,168.875444,12.76646328,14.6293029,25.3313166,CI,SAL,0.206666667,176,0.362905494,-0.106360308,-0.013735714,0.469265801,CI.SAL,176,0.362905494,5.061649799,11.31519985,2.160559893,0.362905493689369,176,287.499168171027,232.7404745160593,283.309441663801,211.84653380453048
100345,RSN18998,109,18998, PMPB,3.81,35.6791,-121.1053,4.962,65.57,308,36.2159,-120.8013,21.15,21.23,-0.000506542,-0.002820391,0.000229412,5.56e-05,0.179600117,0.165907959,86.45755387,5.179664862,6.015921757,0.087266463,534.7777247,9.110467626,12.29399944,80.21665871,NC,PMPB,-999.0,389,-0.233479561,-0.253455769,-0.160831176,0.019976209,NC.PMPB,389,-0.233479561,6.045380116,778.3729858,6.695789814,-0.23347956064487185,389,391.45201751817467,362.75278286191525,363.1850614241118,363.4350814445413
100345,RSN18467,109,18467, PMPB,4.48,35.9278,-120.4785,9.525,43.21,308,36.2159,-120.8013,24.6,24.79,0.005995635,0.02906932,1.16e-05,5.68e-05,0.20625302,0.158402023,78.52619719,5.179664862,6.186889166,0.104719755,641.1259158,105.5569542,2505.975862,96.16888737,NC,PMPB,-999.0,430,-0.333685426,-0.253455769,-0.160831176,-0.080229656,NC.PMPB,430,-0.333685426,6.045380116,778.3729858,6.695789814,-0.3336854257140338,430,401.4157843750841,384.8762613585925,383.1333337339556,376.107812409178
100345,RSN19032,109,19032, PMPB,3.67,35.7257,-121.0955,7.298,60.52,308,36.2159,-120.8013,18.18,18.28,-0.000281498,-0.002042035,8.06e-05,2.56e-05,0.13785145,0.162778492,83.906991,5.179664862,6.108613539,0.06981317,420.489406,10.99601563,25.33542184,63.0734109,NC,PMPB,-999.0,337,-0.089983147,-0.253455769,-0.160831176,0.163472622,NC.PMPB,337,-0.089983147,6.045380116,778.3729858,6.695789814,-0.08998314737878754,337,402.4825475989253,393.9829786718321,383.76584626873364,379.8877810751833
100345,RSN14106,109,14106, PMPB,3.8,35.632,-120.7532,6.775,64.93,308,36.2159,-120.8013,37.81,37.9,-0.000704579,-0.003161425,0.000323942,0.000160921,0.222867472,0.163405599,84.76252393,5.179664862,6.094190843,0.104719755,669.2984012,4.378415496,9.759231591,100.3947602,NC,PMPB,-999.0,440,-0.356674944,-0.253455769,-0.160831176,-0.103219175,NC.PMPB,440,-0.356674944,6.045380116,778.3729858,6.695789814,-0.35667494393873245,440,430.52753011029637,396.78268794016503,383.7924973506475,385.4281617580086
100385,RSN17283,116,17283, PMD,3.53,34.2894,-116.8271,6.278,82.39,786,33.6479,-116.3777,25.02,25.08,-8.76e-05,-0.000133736,1.26e-05,9.43e-06,0.655276727,0.164181828,86.27184919,5.179664862,6.07791863,0.296705973,1744.424047,9.289501591,10.61396825,261.6636071,CI,PMD,-999.0,765,0.027080959,-0.045160485,0.047464109,0.072241443,CI.PMD,765,0.027080959,19.11720085,316.875,7.515870094,0.02708095860267079,765,710.7800261950517,580.0088965943858,668.7720175448654,593.6426638317809
100385,RSN10501,116,10501, PMD,4.45,34.1081,-117.3062,14.795,99.92,786,33.6479,-116.3777,16.58,16.8,0.028021836,0.017951974,8.61e-05,6.31e-05,1.560933414,0.156841021,81.98738824,5.179664862,6.313637877,0.506145483,3063.137172,444.086149,208.5014402,459.4705758,CI,PMD,-999.0,1180,-0.406312925,-0.045160485,0.047464109,-0.36115244,CI.PMD,1180,-0.406312925,19.11720085,316.875,7.515870094,-0.40631292503050354,1180,830.7817588593508,820.8722029203784,880.2463234822085,849.2227269723279
100385,RSN12632,116,12632, PMD,4.11,33.5089,-116.8485,12.274,46.35,786,33.6479,-116.3777,13.91,13.97,0.003642621,0.00354114,0.000297002,0.000306043,1.02865782,0.155003647,75.93499991,5.179664862,6.258050482,0.401425728,2511.848591,11.90231765,11.92295001,376.7772887,CI,PMD,-999.0,1013,-0.253714712,-0.045160485,0.047464109,-0.208554227,CI.PMD,1013,-0.253714712,19.11720085,316.875,7.515870094,-0.2537147118194767,1013,705.7068572519006,704.4342369232373,790.9904833018435,735.6859693175955
100385,RSN15184,116,15184, PMD,3.9,33.867,-117.1038,11.856,71.53,786,33.6479,-116.3777,17.75,17.81,0.000725539,0.004252115,0.000477826,6.04e-05,0.170630127,0.158123374,81.18447123,5.179664862,6.24946745,0.087266463,533.8885843,12.0122351,8.898877416,80.08328765,CI,PMD,-999.0,389,0.703377449,-0.045160485,0.047464109,0.748537933,CI.PMD,389,0.703377449,19.11720085,316.875,7.515870094,0.7033774488107607,389,380.1291944932569,349.48849058470086,383.96096788960375,371.4473798516379
100385,RSN17759,116,17759, PMD,3.63,32.7081,-116.029,7.885,109.19,786,33.6479,-116.3777,32.75,32.86,-0.000512018,-0.000412115,1.96e-05,2.77e-05,1.242415229,0.163001442,86.31833312,5.179664862,6.12225391,0.453785606,2653.59216,18.48440433,21.02627551,398.038824,CI,PMD,-999.0,1057,-0.296233193,-0.045160485,0.047464109,-0.251072709,CI.PMD,1057,-0.296233193,19.11720085,316.875,7.515870094,-0.29623319344103116,1057,787.4960302716704,736.8491721199999,840.4707452616918,771.3191366253026
100400,RSN12870,121,12870, SWS,4.02,33.7129,-116.0516,12.808,88.32,503,32.9451,-115.7999,22.55,22.61,-0.002264465,-0.010762083,0.0008451,9.66e-05,0.210411421,0.158086993,82.27080872,5.179664862,6.268161535,0.104719755,654.816859,23.44166667,12.73468584,98.22252885,CI,SWS,-999.0,435,0.145244139,-0.110490437,-0.017865843,0.255734576,CI.SWS,435,0.145244139,6.524940014,141.8809967,3.49003005,0.14524413901105504,435,415.9674014921464,510.6547487683061,413.52206546457745,477.7346467677403
100400,RSN14521,121,14521, SWS,4.01,33.2617,-116.0659,5.761,43.01,503,32.9451,-115.7999,22.09,22.23,-0.004121853,-0.006152105,3.51e-05,1.68e-05,0.669990671,0.163982439,83.37636768,5.179664862,6.057510055,0.296705973,1774.467794,245.3483929,175.2736467,266.1701691,CI,SWS,-999.0,775,-0.432272859,-0.110490437,-0.017865843,-0.321782423,CI.SWS,775,-0.432272859,6.524940014,141.8809967,3.49003005,-0.43227285925360803,775,716.1784638904129,853.9948491210265,733.1161646361636,832.1455731548721
100400,RSN17853,121,17853, SWS,3.14,33.0622,-115.8937,7.729,15.67,503,32.9451,-115.7999,16.66,16.72,-0.00548452,-0.015842449,0.000512447,7.33e-05,0.346191418,0.147298284,64.32906589,5.179664862,6.11885537,0.174532925,1127.446247,74.82291951,30.9152927,169.1169371,CI,SWS,-999.0,640,-0.240878006,-0.110490437,-0.017865843,-0.13038757,CI.SWS,640,-0.240878006,6.524940014,141.8809967,3.49003005,-0.24087800625397815,640,603.2709920061691,799.7721566881045,558.5051897899365,712.0931029247724
100400,RSN15752,121,15752, SWS,3.81,32.9942,-116.2977,5.726,46.86,503,32.9451,-115.7999,17.31,17.4,0.000474869,0.001329789,7.29e-05,1.75e-05,0.357100804,0.164223063,84.0046477,5.179664862,6.055972626,0.174532925,1039.650827,27.13537143,18.24127572,155.9476241,CI,SWS,-999.0,615,-0.201032098,-0.110490437,-0.017865843,-0.090541661,CI.SWS,615,-0.201032098,6.524940014,141.8809967,3.49003005,-0.20103209770677832,615,640.5101139810879,775.0633122983461,564.9671745529847,693.3489634479666
100400,RSN11583,121,11583, SWS,4.51,32.8882,-115.5018,9.4,28.59,503,32.9451,-115.7999,20.22,20.47,0.001492789,0.004508187,0.00015422,0.000323806,0.331128396,0.154442627,72.71850163,5.179664862,6.182598645,0.157079633,1030.400018,4.610133846,29.2321813,154.5600027,CI,SWS,-999.0,612,-0.196142112,-0.110490437,-0.017865843,-0.085651676,CI.SWS,612,-0.196142112,6.524940014,141.8809967,3.49003005,-0.19614211241258683,612,534.6342619538107,707.0055286884481,528.0782380669256,648.6540517234258
100400,RSN16804,121,16804, SWS,3.87,34.1402,-116.7627,11.324,159.89,503,32.9451,-115.7999,17.64,17.71,-5.89e-05,-0.000345776,2.49e-05,9.4e-06,0.170248578,0.159977499,86.26150674,5.179664862,6.237577418,0.087266463,526.5539206,6.265957447,13.88658635,78.98308809,CI,SWS,-999.0,385,0.267346836,-0.110490437,-0.017865843,0.377837272,CI.SWS,385,0.267346836,6.524940014,141.8809967,3.49003005,0.2673468358119546,385,403.91892579297803,480.80696609063983,439.43791571553186,455.2975580335628
100400,RSN9108,121,9108, SWS,5.2,33.5328,-116.5697,15.48,96.93,503,32.9451,-115.7999,14.47,14.56,-0.023337713,-0.063920352,0.00095062,0.000189849,0.365106139,0.156081717,81.33361914,5.179664862,6.333749326,0.174532925,1115.622131,122.9277636,67.24069765,167.3433197,CI,SWS,-999.0,637,-0.236179485,-0.110490437,-0.017865843,-0.125689049,CI.SWS,637,-0.236179485,6.524940014,141.8809967,3.49003005,-0.23617948547242396,637,632.3931764895652,799.0554288023509,573.8154115591954,683.2024367471889
100400,RSN15499,121,15499, SWS,3.88,33.1624,-115.9772,9.013,29.24,503,32.9451,-115.7999,18.89,18.95,-0.002295542,-0.00899512,0.000124686,2.02e-05,0.255198624,0.155857119,74.03001317,5.179664862,6.168508418,0.122173048,799.2439909,113.6406931,72.14218116,119.8865986,CI,SWS,-999.0,498,0.009990093,-0.110490437,-0.017865843,0.12048053,CI.SWS,498,0.009990093,6.524940014,141.8809967,3.49003005,0.00999009307508647,498,448.4223434691323,567.910359722227,446.10686464821725,530.4107603167372
100429,RSN8754,126,8754, RAMR,5.45,37.4317,-121.7767,7.486,215.18,300,35.636,-120.8698,18.12,18.41,-0.002251018,-0.01128927,0.000616852,0.000126274,0.199394476,0.163503483,88.25584212,5.179664862,6.113244097,0.104719755,601.2637368,17.82645675,18.301424,90.18956052,BK,RAMR,0.6844795,416,-0.326902786,-0.386309912,-0.293685319,0.059407127,BK.RAMR,416,-0.326902786,14.27700043,431.9190063,7.236629963,-0.32690278560506236,416,481.733700384684,364.3439069627863,464.7598675242114,369.59171899151795
100429,RSN15081,126,15081, RAMR,3.56,36.0672,-120.1861,14.523,78.12,300,35.636,-120.8698,19.98,20.06,-0.000117905,-0.000484134,2.55e-05,3.75e-05,0.243537742,0.156210377,80.03910264,5.179664862,6.305125515,0.122173048,763.0554067,3.144133333,18.98564706,114.458311,BK,RAMR,0.6844795,483,-0.476234179,-0.386309912,-0.293685319,-0.089924267,BK.RAMR,483,-0.476234179,14.27700043,431.9190063,7.236629963,-0.4762341789963713,483,461.2011290111927,398.05845676615525,407.1388189986468,383.91109501328384
100429,RSN14108,126,14108, RAMR,3.8,35.632,-120.7532,6.775,10.57,300,35.636,-120.8698,28.62,28.72,0.091834787,0.584537881,0.000735552,0.000885032,0.157106647,0.138104296,57.31306346,5.179664862,6.094190843,0.06981317,563.284965,103.764369,794.6928035,84.49274475,BK,RAMR,0.6844795,401,-0.290178953,-0.386309912,-0.293685319,0.09613096,BK.RAMR,401,-0.290178953,14.27700043,431.9190063,7.236629963,-0.2901789526503684,401,399.9077216477044,447.80707009117066,405.58535289926135,429.68523077599957
100429,RSN18424,126,18424, RAMR,3.72,35.86,-120.4076,9.04,48.64,300,35.636,-120.8698,21.05,21.13,0.000879902,0.003495984,0.000224903,2.64e-05,0.251689279,0.159766066,80.29272422,5.179664862,6.169533303,0.122173048,769.6005287,33.32962121,15.54440803,115.4400793,BK,RAMR,0.6844795,486,-0.482426149,-0.386309912,-0.293685319,-0.096116237,BK.RAMR,486,-0.482426149,14.27700043,431.9190063,7.236629963,-0.4824261492442927,486,460.83244797071603,420.8684345765099,403.6633850802136,406.918789907151
100429,RSN18513,126,18513, RAMR,3.4,36.0805,-120.1706,12.646,80.13,300,35.636,-120.8698,20.35,20.45,-0.000107706,-0.000355129,2.93e-05,4.38e-05,0.303285616,0.157905533,81.61398687,5.179664862,6.265188729,0.13962634,928.1181545,2.459041096,12.12044369,139.2177232,BK,RAMR,0.6844795,562,-0.627719375,-0.386309912,-0.293685319,-0.241409463,BK.RAMR,562,-0.627719375,14.27700043,431.9190063,7.236629963,-0.6277193752374899,562,520.637714474371,451.2085023127614,437.2150869667145,440.85398058507894
100429,RSN19021,126,19021, RAMR,3.9,35.6721,-121.0963,5.807,20.9,300,35.636,-120.8698,21.26,21.33,-0.000872069,-0.007323907,0.000413402,9.88e-05,0.119071535,0.159989219,75.80209476,5.179664862,6.059497783,0.052359878,370.0224404,8.826609312,17.71618667,55.50336606,BK,RAMR,0.6844795,310,-0.032789823,-0.386309912,-0.293685319,0.35352009,BK.RAMR,310,-0.032789823,14.27700043,431.9190063,7.236629963,-0.032789822822991255,310,357.37965123729765,374.5530645030718,348.76053763685445,359.5961902754586
100429,RSN18521,126,18521, RAMR,3.48,35.8309,-120.3782,6.939,49.45,300,35.636,-120.8698,20.65,20.72,0.000675081,0.002692159,0.000203347,3.22e-05,0.250758342,0.162721053,82.94668801,5.179664862,6.098979266,0.122173048,752.9930573,20.96524845,13.23923638,112.9489586,BK,RAMR,0.6844795,479,-0.467918123,-0.386309912,-0.293685319,-0.08160821,BK.RAMR,479,-0.467918123,14.27700043,431.9190063,7.236629963,-0.467918122754714,479,461.461480323524,418.61035013578135,404.74943749114976,402.20268741897826
100431,RSN19390,127,19390, PLS,3.43,34.1381,-117.4717,5.767,40.09,699,33.7953,-117.6091,24.58,24.68,-0.00200485,-0.006883002,0.00020407,4.71e-05,0.291275534,0.163793428,82.84974706,5.179664862,6.057771424,0.13962634,862.0877895,42.56581741,33.72863233,129.3131684,CI,PLS,-999.0,527,0.282450194,0.261777577,0.354402171,0.020672616,CI.PLS,527,0.282450194,10.85949993,1109.569946,5.178880215,0.2824501936924477,527,509.17318945123304,455.4157309741834,463.597769609247,440.0823083365737
100431,RSN17626,127,17626, PLS,3.52,33.5309,-117.6639,9.734,29.76,699,33.7953,-117.6091,28.03,28.09,-0.002075616,-0.007648001,9.2e-05,7.55e-05,0.271393224,0.154127512,72.67580781,5.179664862,6.193801083,0.13962634,857.9761939,27.49160265,83.13044565,128.6964291,CI,PLS,-999.0,525,0.28625248,0.261777577,0.354402171,0.024474902,CI.PLS,525,0.28625248,10.85949993,1109.569946,5.178880215,0.2862524796421866,525,455.0478198515626,444.82490972033486,441.8578757610631,435.2395893735326
100431,RSN13085,127,13085, PLS,4.11,34.373,-117.6258,8.33,64.1,699,33.7953,-117.6091,14.66,14.77,-0.004530963,-0.022495511,0.000231321,6.83e-05,0.201416303,0.161734583,83.25745829,5.179664862,6.140206558,0.104719755,613.7660489,66.33913616,97.24802763,92.06490734,CI,PLS,-999.0,420,0.509396031,0.261777577,0.354402171,0.247618454,CI.PLS,420,0.509396031,10.85949993,1109.569946,5.178880215,0.5093960309563963,420,415.2440154636837,365.108543211642,422.0400117660013,384.58728983863506
100431,RSN14335,127,14335, PLS,4.19,33.4453,-116.439,8.875,115.31,699,33.7953,-117.6091,19.2,19.36,0.000911604,0.001583914,0.000194341,8.96e-05,0.575538825,0.161868522,86.04834552,5.179664862,6.16316588,0.261799388,1595.110883,10.17415179,8.150179324,239.2666325,CI,PLS,-999.0,721,-0.030988395,0.261777577,0.354402171,-0.292765972,CI.PLS,721,-0.030988395,10.85949993,1109.569946,5.178880215,-0.03098839505113915,721,744.6770477714845,634.9959224918,645.3514322941855,601.6788144356432
100452,RSN18047,134,18047, RCT,4.5,36.3915,-117.8683,9.117,123.84,282,36.3052,-119.2438,10.67,10.82,0.008545547,0.046019592,0.001395475,0.001429802,0.185693682,0.161653603,86.19356204,5.179664862,6.172420506,0.087266463,566.8678937,5.976734541,32.97772586,85.03018406,CI,RCT,3.7,402,-0.354545018,-0.356168493,-0.263543899,0.001623475,CI.RCT,402,-0.354545018,5.659100056,108.0770035,0.161065996,-0.3545450176809073,402,412.21224478196615,403.4651865099653,342.23829009204775,355.8838691732306
100452,RSN18187,134,18187, RCT,4.08,36.3983,-117.8495,7.662,125.58,282,36.3052,-119.2438,10.8,10.9,0.000721735,0.003909779,0.001164321,0.000161988,0.18459726,0.163234112,86.92469468,5.179664862,6.117348091,0.087266463,558.1731387,4.455484357,3.357990623,83.72597081,CI,RCT,3.7,399,-0.347054346,-0.356168493,-0.263543899,0.009114147,CI.RCT,399,-0.347054346,5.659100056,108.0770035,0.161065996,-0.3470543459517499,399,411.9774830708722,402.1220165920194,340.1172219825336,353.298046355234
100452,RSN9769,134,9769, RCT,4.69,35.0172,-119.0247,9.251,144.28,282,36.3052,-119.2438,8.5,8.69,-0.001611656,-0.008486225,0.000302358,0.000148191,0.18991437,0.16161363,86.69773499,5.179664862,6.177322679,0.087266463,579.4561065,10.87553225,28.06681153,86.91841598,CI,RCT,3.7,407,-0.366906115,-0.356168493,-0.263543899,-0.010737622,CI.RCT,407,-0.366906115,5.659100056,108.0770035,0.161065996,-0.36690611450448074,407,470.64547131759105,418.8059112844703,369.9134912534186,363.703828964613
100522,RSN17543,140,17543, SMV,3.37,34.0531,-118.8243,10.415,25.27,260,34.2709,-118.7441,19.63,19.72,-0.001548493,-0.021145052,0.000417766,0.000232022,0.073231917,0.149804955,68.58033662,5.179664862,6.214284019,0.034906585,243.9200919,6.673905923,50.61458328,36.58801379,CI,SMV,1.013574333,233,0.109643177,-0.179620587,-0.086995994,0.289263764,CI.SMV,233,0.109643177,2.530819893,277.7080078,1.301259995,0.10964317744982743,233,332.69952718603355,394.2857042238859,322.3869501264253,365.8208392867193
100522,RSN8430,140,8430, SMV,4.92,34.31,-116.848,6.3,174.24,260,34.2709,-118.7441,18.95,19.04,-0.003299754,-0.028571822,0.006752863,0.001035396,0.115489815,0.164430774,88.23504898,5.179664862,6.078701489,0.052359878,349.341876,3.186948762,4.231067919,52.4012814,CI,SMV,1.013574333,297,-0.133050508,-0.179620587,-0.086995994,0.046570079,CI.SMV,297,-0.133050508,2.530819893,277.7080078,1.301259995,-0.1330505077871722,297,405.44866993871693,402.2782114223297,373.04076333718734,363.0825228389632
100522,RSN13457,140,13457, SMV,3.9,34.4032,-118.651,13.612,16.99,260,34.2709,-118.7441,19.68,19.83,0.004865558,0.035780116,0.000421001,0.000191147,0.135984967,0.125019459,51.75305435,5.179664862,6.281821568,0.06981317,540.2098525,25.45453499,84.98819718,81.03147788,CI,SMV,1.013574333,391,-0.408025929,-0.179620587,-0.086995994,-0.228405342,CI.SMV,391,-0.408025929,2.530819893,277.7080078,1.301259995,-0.40802592896983825,391,412.1635620759958,480.3701504856609,403.2102577527586,459.1771242177245
100522,RSN9986,140,9986, SMV,4.59,34.9977,-119.1926,10.662,90.51,260,34.2709,-118.7441,7.7,7.91,0.00211093,0.012033203,0.000671439,0.000191183,0.175425491,0.159806154,83.80413195,5.179664862,6.221029194,0.087266463,542.6786535,11.04141059,17.92151335,81.40179803,CI,SMV,1.013574333,392,-0.410580209,-0.179620587,-0.086995994,-0.230959622,CI.SMV,392,-0.410580209,2.530819893,277.7080078,1.301259995,-0.4105802087749346,392,394.725991865954,435.11524846175723,363.8687973042819,407.32903571467165
100522,RSN10809,140,10809, SMV,4.66,34.2983,-118.6255,8.038,11.34,260,34.2709,-118.7441,18.84,18.9,-0.017939486,-0.216047683,0.012590459,0.000621069,0.083034844,0.133480145,54.86211705,5.179664862,6.126524324,0.034906585,310.1608957,28.88485176,17.15963517,46.52413436,CI,SMV,1.013574333,275,-0.056089467,-0.179620587,-0.086995994,0.12353112,CI.SMV,275,-0.056089467,2.530819893,277.7080078,1.301259995,-0.056089466651044084,275,347.9945993943449,442.56831201733746,355.4361151805462,420.7667069614717
