SSN,File.name,Code,RSN,SID,Mw,E.Lat,E.Long,E.Dep,EpiD,Vs30_mea,S.Lat,S.Long,p.ver,peak.time,Ur,Uz,max.noise.ver.05,max.noise.rad.05,U.ratio,ray.p,i2.angle,Vp_1,Vp_2,j.angle,Vsz,SNRrad,SNRver,z_0.15,network,station,f0,Vs30_est,Res,y_bar,eta,within_res,station2,Vs30_f0,Res_f0,slope,mean_ele_500m,slope_500m,log_res,P-wave_pred,Set1_pred,Set2_pred,Set3_pred,Set4_pred
1592,RSN16013,7,16013,-999,3.73,35.6346,-117.5657,2.693,143.29,726,34.8294,-116.335,36.08,36.33,0.000118602,0.000294744,1.03e-05,1.53e-05,0.402390633,0.168394048,89.31207735,5.179664862,5.93802414,0.191986218,1129.142565,7.751764706,28.61592233,169.3713848,,,-1.0,640,0.126081838,0.103498702,0.196123295,0.022583137,NA.NA,640,0.126081838,44.26279831,898.9589844,9.174039841,0.12608183847107846,640,799.6626746581841,781.9544062619206,754.5342213436788,703.7876861995051
1592,RSN14590,7,14590,-999,4.11,35.6211,-117.5805,9.045,143.43,726,34.8294,-116.335,39.99,40.09,0.000213611,0.001516939,4.06e-05,1.21e-05,0.140817422,0.161822348,86.75737805,5.179664862,6.169722379,0.06981317,431.9001847,17.65380165,37.36302956,64.78502771,,,-1.0,343,0.749819568,0.103498702,0.196123295,0.646320866,NA.NA,343,0.749819568,44.26279831,898.9589844,9.174039841,0.7498195676588564,343,385.32635818514166,444.3235210673914,403.69639281809367,431.23620713070864
1592,RSN12691,7,12691,-999,4.34,35.8373,-117.678,6.864,165.57,726,34.8294,-116.335,25.01,25.13,0.000140563,0.000960378,1.71e-05,1.22e-05,0.146361817,0.163915136,87.95219892,5.179664862,6.096821743,0.06981317,442.8302046,11.52155738,56.16245614,66.42453069,,,-1.0,348,0.735347535,0.103498702,0.196123295,0.631848833,NA.NA,348,0.735347535,44.26279831,898.9589844,9.174039841,0.7353475350503214,348,358.38549204068477,433.61636027519,380.07083620390785,411.6754435152413
1592,RSN8219,7,8219,-999,4.92,33.5083,-116.5143,15.2,147.82,726,34.8294,-116.335,26.3,26.5,-0.003064116,-0.003293982,0.000370207,0.000354905,0.930216542,0.157341639,84.44486918,5.179664862,6.325747735,0.366519143,2321.460886,8.633623082,8.897676165,348.2191329,,,-1.0,953,-0.272064889,0.103498702,0.196123295,-0.375563591,NA.NA,953,-0.272064889,44.26279831,898.9589844,9.174039841,-0.27206488882940594,953,840.3783268906726,954.2965498135972,876.1939407365555,923.1668683238997
1592,RSN14238,7,14238,-999,3.94,32.7219,-116.8133,20.237,237.92,726,34.8294,-116.335,25.95,26.06,-2.71e-05,-6.08e-05,7.5e-06,2.6e-06,0.445965928,0.154755732,85.33996833,5.179664862,6.440435438,0.20943951,1345.352857,10.42307692,8.106666667,201.8029286,,,-1.0,716,0.013869848,0.103498702,0.196123295,-0.089628854,NA.NA,716,0.013869848,44.26279831,898.9589844,9.174039841,0.013869847864150131,716,828.0228096805304,815.2300667708408,725.1183976720961,758.6304845662925
1592,RSN14729,7,14729,-999,3.84,34.2268,-117.4407,8.593,121.55,726,34.8294,-116.335,20.95,21.03,4.71e-05,0.000116053,2.25e-05,6.26e-06,0.406227975,0.16223288,86.37943632,5.179664862,6.151676073,0.191986218,1181.676041,7.523961661,5.157911111,177.2514062,,,-1.0,655,0.102914779,0.103498702,0.196123295,-0.000583923,NA.NA,655,0.102914779,44.26279831,898.9589844,9.174039841,0.10291477918954417,655,623.9858859352108,712.9547380598716,618.8911564366564,669.0324653596407
1592,RSN18015,7,18015,-999,5.0,36.3864,-117.8583,7.408,221.12,726,34.8294,-116.335,11.18,11.24,4.71e-05,0.000218673,3.43e-05,1.85e-05,0.215608623,0.16355983,88.323988,5.179664862,6.11135504,0.104719755,647.8599628,2.545945946,6.375306122,97.17899442,,,-1.0,432,0.519124427,0.103498702,0.196123295,0.415625725,NA.NA,432,0.519124427,44.26279831,898.9589844,9.174039841,0.5191244265806851,432,412.4705454510532,499.4191498622779,411.11759687900735,465.2719615751291
1592,RSN13241,7,13241,-999,4.19,34.3571,-116.8418,9.486,70.05,726,34.8294,-116.335,12.38,12.47,-0.002350667,-0.0068097,0.000204123,9.05e-06,0.345193954,0.160422411,82.88659866,5.179664862,6.185563454,0.174532925,1032.53807,259.7422099,33.36076777,154.8807105,,,-1.0,613,0.169185079,0.103498702,0.196123295,0.065686377,NA.NA,613,0.169185079,44.26279831,898.9589844,9.174039841,0.16918507888858425,613,543.9220394438038,663.1404658488616,565.8600798165282,619.8113663922173
1592,RSN17257,7,17257,-999,3.53,34.2894,-116.8271,6.278,75.02,726,34.8294,-116.335,26.68,26.78,-0.000325428,-0.000736611,5.61e-06,8.97e-06,0.441791556,0.164101647,85.8646325,5.179664862,6.07791863,0.20943951,1258.730323,36.27959866,131.3032086,188.8095485,,,-1.0,685,0.058131177,0.103498702,0.196123295,-0.045367525,NA.NA,685,0.058131177,44.26279831,898.9589844,9.174039841,0.058131176562570275,685,637.2363137758614,746.4422611267248,643.7861110592097,699.7977706278933
1592,RSN16795,7,16795,-999,3.87,34.1402,-116.7627,11.324,85.96,726,34.8294,-116.335,14.74,14.82,0.000176751,0.000423454,2.68e-05,2.46e-05,0.417403003,0.159121346,82.99321538,5.179664862,6.237577418,0.191986218,1233.232771,7.185,15.80052239,184.9849157,,,-1.0,675,0.072837324,0.103498702,0.196123295,-0.030661378,NA.NA,675,0.072837324,44.26279831,898.9589844,9.174039841,0.07283732395226572,675,617.794692007624,729.3793074376332,631.5891343789851,685.9936413438103
1592,RSN13941,7,13941,-999,3.79,34.2691,-117.4608,11.018,120.58,726,34.8294,-116.335,20.87,21.09,-0.000451952,-0.000688561,9.04e-06,6.43e-06,0.656371476,0.159943004,85.18790853,5.179664862,6.230189198,0.296705973,1792.801917,70.28802488,76.16825221,268.9202876,,,-1.0,782,-0.074304726,0.103498702,0.196123295,-0.177803428,NA.NA,782,-0.074304726,44.26279831,898.9589844,9.174039841,-0.07430472572051539,782,735.8238331459062,797.1843500260096,732.8899855860949,767.1552740643971
1592,RSN18259,7,18259,-999,4.2,36.3905,-117.8695,8.829,222.1,726,34.8294,-116.335,9.88,10.01,3.73e-05,0.000129027,4.46e-06,1.07e-05,0.289337983,0.162199545,87.9619116,5.179664862,6.161345296,0.13962634,865.2084883,3.485981308,28.92982063,129.7812732,,,-1.0,529,0.316561583,0.103498702,0.196123295,0.213062881,NA.NA,529,0.316561583,44.26279831,898.9589844,9.174039841,0.3165615829664965,529,533.4394292632202,604.5953751105858,509.94805286512786,559.2800635357524
1592,RSN12757,7,12757,-999,4.26,33.9538,-116.3912,7.696,97.27,726,34.8294,-116.335,23.1,23.16,-0.000339154,-0.000606615,0.000162027,7.82e-05,0.559092267,0.163052842,86.01008141,5.179664862,6.118116656,0.261799388,1548.598542,4.337007673,3.743913052,232.2897813,,,-1.0,766,-0.053632155,0.103498702,0.196123295,-0.157130857,NA.NA,766,-0.053632155,44.26279831,898.9589844,9.174039841,-0.053632154915795205,766,710.1094520018205,811.1865364163443,720.9056431767192,767.0290146986742
1592,RSN17500,7,17500,-999,3.62,33.9521,-116.3635,9.067,97.35,726,34.8294,-116.335,20.11,20.2,-0.000115983,-0.000246289,1.94e-05,1.49e-05,0.470921563,0.161490903,85.19664871,5.179664862,6.170551665,0.226892803,1353.426993,7.78409396,12.69530928,203.014049,,,-1.0,719,0.009688657,0.103498702,0.196123295,-0.093810045,NA.NA,719,0.009688657,44.26279831,898.9589844,9.174039841,0.009688657103748888,719,665.7652513548672,773.5700895897058,676.6725293003409,731.8951718727187
1592,RSN9023,7,9023,-999,5.2,33.5328,-116.5697,15.48,145.44,726,34.8294,-116.335,20.95,21.1,-0.003391675,-0.004682369,0.000754472,0.000226709,0.724350181,0.157092152,84.25789277,5.179664862,6.333749326,0.314159265,1963.069207,14.96047797,6.206153442,294.4603811,,,-1.0,838,-0.143468086,0.103498702,0.196123295,-0.246966788,NA.NA,838,-0.143468086,44.26279831,898.9589844,9.174039841,-0.14346808565728697,838,799.251158874631,859.5165805075721,814.1122999177813,822.0740521200672
1592,RSN18091,7,18091,-999,5.19,36.4034,-117.8499,9.418,222.11,726,34.8294,-116.335,12.55,12.63,-4.79e-05,-0.000106717,3.15e-05,1.66e-05,0.449219971,0.161609664,87.80872413,5.179664862,6.183223963,0.20943951,1296.183155,2.885542169,3.38784127,194.4274733,,,-1.0,699,0.037899273,0.103498702,0.196123295,-0.065599429,NA.NA,699,0.037899273,44.26279831,898.9589844,9.174039841,0.03789927259098569,699,737.2296002631289,789.1900651648775,692.4197097999528,730.7457076702692
1592,RSN16825,7,16825,-999,3.49,34.309,-116.9297,9.684,79.44,726,34.8294,-116.335,10.45,10.51,0.000447665,0.001824093,0.000133799,8.76e-06,0.245417916,0.160502448,83.64723144,5.179664862,6.192176404,0.122173048,748.0633886,51.1033105,13.63308395,112.2095083,,,-1.0,476,0.422132161,0.103498702,0.196123295,0.318633459,NA.NA,476,0.422132161,44.26279831,898.9589844,9.174039841,0.42213216059337544,476,428.85264935179976,532.1667255673603,429.74220307641866,496.60126165714144
1592,RSN10070,7,10070,-999,4.18,34.3617,-118.6637,11.151,219.83,726,34.8294,-116.335,6.5,6.67,0.000158484,0.000423788,3.27e-05,9.18e-06,0.373969449,0.160251092,87.33399243,5.179664862,6.233452986,0.174532925,1109.864259,17.26405229,12.95987768,166.4796389,,,-1.0,635,0.133925016,0.103498702,0.196123295,0.030426314,NA.NA,635,0.133925016,44.26279831,898.9589844,9.174039841,0.13392501593210415,635,660.9340575813594,723.2820200656588,633.8518663814349,665.008089595566
1592,RSN8328,7,8328,-999,4.27,33.9173,-117.7758,7.0,166.65,726,34.8294,-116.335,10.3,10.55,0.000653785,0.001130951,0.000102579,3.22e-05,0.578084235,0.163807474,87.91743472,5.179664862,6.100695365,0.261799388,1581.553122,20.30388199,11.02517084,237.2329683,,,-1.0,734,-0.010959014,0.103498702,0.196123295,-0.114457716,NA.NA,734,-0.010959014,44.26279831,898.9589844,9.174039841,-0.010959013789719307,734,763.6324009931477,812.9393964427823,743.2348895036071,758.765531122085
1592,RSN9355,7,9355,-999,4.88,34.0655,-117.0011,17.501,104.54,726,34.8294,-116.335,13.0,13.12,-0.002092937,-0.003807435,0.000481575,8.36e-05,0.54969731,0.154671615,80.89833336,5.179664862,6.383907006,0.244346095,1605.512329,25.03513158,7.906213985,240.8268494,,,-1.0,718,0.011080446,0.103498702,0.196123295,-0.092418256,NA.NA,718,0.011080446,44.26279831,898.9589844,9.174039841,0.011080445776571857,718,682.5987835516107,753.2725991802807,669.9100601213329,722.9376600148228
1592,RSN17084,7,17084,-999,3.52,34.2098,-116.4371,4.645,69.37,726,34.8294,-116.335,24.76,24.85,0.000365149,0.000793139,3.61e-05,6.49e-06,0.460384929,0.166577835,86.93171413,5.179664862,5.994593769,0.20943951,1283.586827,56.2633282,21.97060942,192.5380241,,,-1.0,694,0.045078054,0.103498702,0.196123295,-0.058420648,NA.NA,694,0.045078054,44.26279831,898.9589844,9.174039841,0.04507805431799117,694,662.6354551184364,756.2495317108716,657.9030868901838,709.5513478685834
1592,RSN15527,7,15527,-999,3.68,34.7251,-116.0506,2.727,28.49,726,34.8294,-116.335,17.52,17.68,0.001090494,0.003133314,0.00011733,1.99e-05,0.348032094,0.168062743,86.34017784,5.179664862,5.93802414,0.174532925,992.8490299,54.79869347,26.70513935,148.9273545,,,-1.0,598,0.193959261,0.103498702,0.196123295,0.090460559,NA.NA,598,0.193959261,44.26279831,898.9589844,9.174039841,0.19395926087416449,598,520.6813840042327,660.1446295860885,548.0005478687427,611.1468695910208
1592,RSN11388,7,11388,-999,4.73,33.7328,-117.4921,10.018,161.71,726,34.8294,-116.335,23.18,23.33,-0.000102887,-0.000222363,5.76e-05,1.38e-05,0.462697486,0.160964579,86.7740797,5.179664862,6.202702587,0.20943951,1333.896691,7.45557971,3.86046875,200.0845037,,,-1.0,712,0.019472103,0.103498702,0.196123295,-0.084026599,NA.NA,712,0.019472103,44.26279831,898.9589844,9.174039841,0.01947210341282002,712,725.7156460525032,796.5750368980185,705.6499985910374,742.5350439417258
1592,RSN16265,7,16265,-999,3.64,33.223,-116.7186,8.687,181.67,726,34.8294,-116.335,38.05,38.2,-0.000148161,-0.000179965,2.19e-05,2.07e-05,0.823275643,0.1623059,87.55463777,5.179664862,6.155594857,0.34906585,2082.353263,7.157536232,8.217579909,312.3529895,,,-1.0,877,-0.188956978,0.103498702,0.196123295,-0.292455679,NA.NA,877,-0.188956978,44.26279831,898.9589844,9.174039841,-0.18895697754738716,877,769.7269449379713,904.6800848534034,864.5429355441433,863.7202310951122
1592,RSN11726,7,11726,-999,4.5,34.3365,-116.8617,8.94,72.97,726,34.8294,-116.335,12.94,13.08,-0.002605827,-0.005105863,4.03e-05,5.69e-06,0.510359732,0.161182716,83.61906869,5.179664862,6.165704274,0.244346095,1452.719834,457.9660808,126.6963524,217.9079751,,,-1.0,754,-0.037842353,0.103498702,0.196123295,-0.141341055,NA.NA,754,-0.037842353,44.26279831,898.9589844,9.174039841,-0.037842353183160427,754,692.6498690382085,791.0956435833011,706.7494181655113,752.7182067905039
1592,RSN14545,7,14545,-999,3.78,34.0294,-116.7534,14.93,96.72,726,34.8294,-116.335,19.85,19.91,-0.000126756,-0.00028677,2.38e-05,1.22e-05,0.442013253,0.156609598,81.65807647,5.179664862,6.317747533,0.20943951,1319.504474,10.38983607,12.04915966,197.9256711,,,-1.0,707,0.026519349,0.103498702,0.196123295,-0.076979353,NA.NA,707,0.026519349,44.26279831,898.9589844,9.174039841,0.02651934892822272,707,641.5408762015675,762.2746146996323,659.9630454870298,721.2490832351072
1592,RSN13531,7,13531,-999,4.06,32.7797,-117.3507,7.174,246.03,726,34.8294,-116.335,16.18,16.27,-2.95e-05,-6.07e-05,1.68e-05,8.94e-06,0.486524709,0.16373678,88.55053821,5.179664862,6.105409111,0.226892803,1371.07904,3.299776286,3.613095238,205.661856,,,-1.0,725,0.00137836,0.103498702,0.196123295,-0.102120342,NA.NA,725,0.00137836,44.26279831,898.9589844,9.174039841,0.0013783599701211457,725,781.1782511140699,812.4605863817761,733.775887122646,754.1539244333147
1592,RSN13847,7,13847,-999,4.17,34.3277,-116.829,4.957,71.78,726,34.8294,-116.335,20.94,21.07,-0.003214915,-0.008687706,3.35e-05,2.77e-05,0.370053432,0.165969195,86.76459473,5.179664862,6.015610792,0.174532925,1061.722477,116.0619134,259.3345075,159.2583716,,,-1.0,622,0.154609922,0.103498702,0.196123295,0.05111122,NA.NA,622,0.154609922,44.26279831,898.9589844,9.174039841,0.15460992208561652,622,595.7685445673933,679.2833739051869,589.6480115932195,632.7929550994759
1592,RSN12404,7,12404,-999,4.27,36.1466,-118.0613,4.057,214.23,726,34.8294,-116.335,29.61,29.74,2.3e-05,0.000112059,7.73e-06,4.7e-06,0.204983758,0.168221243,89.17386293,5.179664862,5.943934512,0.104719755,600.136565,4.893617021,14.49663648,90.02048475,,,-1.0,415,0.559271495,0.103498702,0.196123295,0.455772793,NA.NA,415,0.559271495,44.26279831,898.9589844,9.174039841,0.559271494594098,415,378.99702647688713,484.66764695723384,390.11735331798656,447.01683609135586
1592,RSN10442,7,10442,-999,4.45,34.1081,-117.3062,14.795,119.85,726,34.8294,-116.335,15.42,15.66,-0.006005411,-0.008511933,0.000722021,9.78e-05,0.705528429,0.157315906,83.33200261,5.179664862,6.313637877,0.314159265,1925.231848,61.40502045,11.78903799,288.7847772,,,-1.0,826,-0.129044759,0.103498702,0.196123295,-0.232543461,NA.NA,826,-0.129044759,44.26279831,898.9589844,9.174039841,-0.12904475869618182,826,753.4972340886275,816.4243585138179,768.7157422891707,788.0183411830575
1592,RSN17663,7,17663,-999,3.47,33.8029,-116.1786,7.366,114.77,726,34.8294,-116.335,22.85,22.92,-4.46e-05,-9.56e-05,1.31e-05,9.08e-06,0.466046103,0.163398482,86.77557706,5.179664862,6.110319177,0.20943951,1321.91819,4.911894273,7.297709924,198.2877285,,,-1.0,708,0.025105921,0.103498702,0.196123295,-0.078392781,NA.NA,708,0.025105921,44.26279831,898.9589844,9.174039841,0.025105921131076236,708,686.1023318887288,772.1987080036744,671.326879836149,725.1959882465809
1592,RSN16949,7,16949,-999,3.63,34.1242,-116.405,9.555,78.49,726,34.8294,-116.335,12.54,12.6,-0.000579033,-0.001449631,9.77e-05,1.42e-05,0.399434656,0.16061739,83.6602166,5.179664862,6.187901101,0.191986218,1176.278391,40.77697183,14.83757421,176.4417587,,,-1.0,653,0.105972886,0.103498702,0.196123295,0.002474184,NA.NA,653,0.105972886,44.26279831,898.9589844,9.174039841,0.10597288554836481,653,597.1671013975628,707.8432610931977,609.5974451537217,663.1995671658484
1592,RSN13070,7,13070,-999,4.11,34.373,-117.6258,8.33,128.77,726,34.8294,-116.335,18.0,18.13,-0.000185377,-0.000439077,0.00010338,1.93e-05,0.422195747,0.162590385,86.69675079,5.179664862,6.140206558,0.191986218,1218.768829,9.605025907,4.247214161,182.8153244,,,-1.0,669,0.081765955,0.103498702,0.196123295,-0.021732747,NA.NA,669,0.081765955,44.26279831,898.9589844,9.174039841,0.081765954696567,669,688.3967377317815,752.1163582883498,664.7732361929045,695.7351782949761
1592,RSN13998,7,13998,-999,4.15,33.638,-116.7082,12.649,136.56,726,34.8294,-116.335,15.28,15.41,-0.000212392,-0.000458729,2.68e-05,4.59e-06,0.463001572,0.159019776,85.06822693,5.179664862,6.265244507,0.20943951,1350.947602,46.27276688,17.11675373,202.6421403,,,-1.0,718,0.011080446,0.103498702,0.196123295,-0.092418256,NA.NA,718,0.011080446,44.26279831,898.9589844,9.174039841,0.011080445776571857,718,719.7467344985653,799.4136249047733,706.5327405155374,744.5067840274678
1592,RSN9198,7,9198,-999,5.03,35.3852,-118.6292,7.3,218.06,726,34.8294,-116.335,6.1,6.37,0.000533187,0.002057459,4.52e-05,2.27e-05,0.259148094,0.163632324,88.32934673,5.179664862,6.108664217,0.122173048,772.3238196,23.4884141,45.51900442,115.8485729,,,-1.0,487,0.399285892,0.103498702,0.196123295,0.29578719,NA.NA,487,0.399285892,44.26279831,898.9589844,9.174039841,0.3992858917422062,487,464.18303534664494,555.4652267857382,461.8730101663921,515.9621094718254
1592,RSN18210,7,18210,-999,4.36,36.3932,-117.8644,8.798,222.05,726,34.8294,-116.335,10.8,10.85,-8.18e-05,-0.000283877,3.39e-05,1.55e-05,0.288074424,0.162232965,87.96997493,5.179664862,6.160106881,0.13962634,861.5372396,5.277419355,8.373952802,129.2305859,,,-1.0,527,0.320349466,0.103498702,0.196123295,0.216850764,NA.NA,527,0.320349466,44.26279831,898.9589844,9.174039841,0.3203494662834334,527,528.826980556773,602.3095702897518,508.0200829110064,557.1655831443129
1592,RSN16102,7,16102,-999,3.58,33.827,-117.0296,15.131,128.26,726,34.8294,-116.335,26.32,26.46,-0.000336604,-0.000674022,1.85e-05,1.29e-05,0.499395746,0.157164613,83.650945,5.179664862,6.323730411,0.226892803,1459.07153,26.09333333,36.43362162,218.8607295,,,-1.0,756,-0.040491361,0.103498702,0.196123295,-0.143990063,NA.NA,756,-0.040491361,44.26279831,898.9589844,9.174039841,-0.04049136135473752,756,754.1632946888155,826.017269969021,745.3982331129977,780.4513861804539
1592,RSN8799,7,8799,-999,5.39,33.9465,-117.7667,14.89,164.09,726,34.8294,-116.335,21.0,21.21,-0.001724868,-0.003387746,0.000598498,0.000151794,0.509149304,0.157742887,85.12932278,5.179664862,6.31653763,0.226892803,1476.59129,11.36321594,5.660413234,221.4886935,,,-1.0,762,-0.048396541,0.103498702,0.196123295,-0.151895243,NA.NA,762,-0.048396541,44.26279831,898.9589844,9.174039841,-0.048396540861850745,762,747.7132617452824,832.0969839912914,751.368192232268,788.6798020244801
1592,RSN16673,7,16673,-999,3.79,34.0456,-117.2248,15.927,119.36,726,34.8294,-116.335,45.67,45.77,6.21e-05,0.000163403,3.24e-05,1.21e-05,0.379949589,0.156335176,82.79037787,5.179664862,6.345939946,0.174532925,1153.647794,5.132231405,5.043302469,173.0471691,,,-1.0,646,0.116750511,0.103498702,0.196123295,0.013251809,NA.NA,646,0.116750511,44.26279831,898.9589844,9.174039841,0.11675051104219403,646,604.086057358717,706.1966320144328,605.7872790902813,663.4383214809316
1592,RSN11305,7,11305,-999,4.78,34.1228,-116.9226,5.969,95.17,726,34.8294,-116.335,19.2,19.31,-0.004109972,-0.006483535,0.000612155,0.000236187,0.633909057,0.164612649,86.94158849,5.179664862,6.066214653,0.27925268,1692.200577,17.40134724,10.59132899,253.8300866,,,-1.0,748,-0.029852963,0.103498702,0.196123295,-0.133351665,NA.NA,748,-0.029852963,44.26279831,898.9589844,9.174039841,-0.029852963149681777,748,676.9453265673502,762.5248739995262,700.4545483394567,735.5331826495237
1592,RSN17919,7,17919,-999,4.04,36.3911,-117.8665,9.439,221.99,726,34.8294,-116.335,10.43,10.51,9.75e-05,0.000333875,2.24e-05,1.65e-05,0.292061292,0.161590093,87.803263,5.179664862,6.183950287,0.13962634,876.0185077,5.909090909,14.90513393,131.4027762,,,-1.0,534,0.307154176,0.103498702,0.196123295,0.203655474,NA.NA,534,0.307154176,44.26279831,898.9589844,9.174039841,0.3071541758646008,534,550.6580069395561,612.0359607416021,514.1454903275427,565.1463761909574
1592,RSN15407,7,15407,-999,3.99,34.0514,-117.2429,14.998,120.04,726,34.8294,-116.335,20.54,20.67,-0.000347121,-0.000783153,4.96e-05,3.28e-05,0.443236106,0.157131372,83.23478281,5.179664862,6.319789549,0.20943951,1318.186776,10.58295732,15.789375,197.7280164,,,-1.0,707,0.026519349,0.103498702,0.196123295,-0.076979353,NA.NA,707,0.026519349,44.26279831,898.9589844,9.174039841,0.02651934892822272,707,661.8982044003418,761.7979740253967,662.9901026576298,721.7578571544473
1592,RSN12888,7,12888,-999,4.11,36.0312,-117.7658,4.03,186.17,726,34.8294,-116.335,20.95,21.13,0.000144755,0.000273,2.02e-05,9.21e-06,0.53024,0.16829445,89.05657325,5.179664862,5.941161117,0.244346095,1434.3492,15.71715527,13.51485149,215.15238,,,-1.0,747,-0.02851517,0.103498702,0.196123295,-0.132013872,NA.NA,747,-0.02851517,44.26279831,898.9589844,9.174039841,-0.02851517030802153,747,960.6731748205627,880.7087520786324,895.8033342206969,809.1813456346522
1592,RSN17464,7,17464,-999,3.59,34.0938,-117.4347,3.015,129.88,726,34.8294,-116.335,15.98,16.07,0.000107422,0.000364574,1.49e-05,1.79e-05,0.294649874,0.168385323,89.09811359,5.179664862,5.93802414,0.13962634,847.5364456,6.00122905,24.46805369,127.1304668,,,-1.0,519,0.335646132,0.103498702,0.196123295,0.23214743,NA.NA,519,0.335646132,44.26279831,898.9589844,9.174039841,0.33564613165890744,519,526.5020895145866,604.5786538903365,526.5931125468722,554.0581623538351
1592,RSN16534,7,16534,-999,3.61,34.2449,-117.4464,12.48,120.89,726,34.8294,-116.335,19.85,19.9,-2.95e-05,-9.29e-05,2.17e-05,1.04e-05,0.317357912,0.15895395,84.48969425,5.179664862,6.262058538,0.157079633,963.3177366,2.836538462,4.281105991,144.4976605,,,-1.0,582,0.221079567,0.103498702,0.196123295,0.117580865,NA.NA,582,0.221079567,44.26279831,898.9589844,9.174039841,0.22107956709335763,582,522.2657838404606,637.3173642384719,524.2708713480436,600.3695626349338
1592,RSN8394,7,8394,-999,4.92,34.31,-116.848,6.3,74.44,726,34.8294,-116.335,2.15,2.2,-0.001549194,-0.003684612,0.001508762,0.000347637,0.420449841,0.164076949,85.84745544,5.179664862,6.078701489,0.191986218,1203.455942,4.456355336,2.442142631,180.5183913,,,-1.0,663,0.090775025,0.103498702,0.196123295,-0.012723677,NA.NA,663,0.090775025,44.26279831,898.9589844,9.174039841,0.09077502463893339,663,602.9087148892731,713.5070616299788,619.7875010079829,672.333010465432
1592,RSN15165,7,15165,-999,3.9,33.867,-117.1038,11.856,128.06,726,34.8294,-116.335,20.35,20.4,-0.000150403,-0.000277352,0.000119223,6.49e-05,0.542282436,0.159423004,85.07562944,5.179664862,6.24946745,0.244346095,1541.196983,2.317457627,2.326329651,231.1795475,,,-1.0,773,-0.062729034,0.103498702,0.196123295,-0.166227736,NA.NA,773,-0.062729034,44.26279831,898.9589844,9.174039841,-0.06272903376262651,773,774.6943575645619,844.2426085184953,761.7035249023052,792.7165987721206
1592,RSN15625,7,15625,-999,3.87,33.7513,-116.0218,8.756,123.02,726,34.8294,-116.335,22.98,23.1,0.000170671,0.000284841,2.23e-05,1.29e-05,0.599178074,0.162046909,86.33240541,5.179664862,6.158414042,0.261799388,1642.735946,13.23031008,12.77313901,246.4103919,,,-1.0,731,-0.006863445,0.103498702,0.196123295,-0.110362147,NA.NA,731,-0.006863445,44.26279831,898.9589844,9.174039841,-0.006863444924982254,731,728.2548354739351,803.0317739304232,698.4441478398815,745.6309815716664
1592,RSN15359,7,15359,-999,3.87,33.928,-116.7858,18.501,108.24,726,34.8294,-116.335,22.75,22.86,-0.000533435,-0.001175413,9.52e-05,1.89e-05,0.453827621,0.154088549,80.71091094,5.179664862,6.40467109,0.20943951,1371.116745,28.22407407,12.34677521,205.6675118,,,-1.0,725,0.00137836,0.103498702,0.196123295,-0.102120342,NA.NA,725,0.00137836,44.26279831,898.9589844,9.174039841,0.0013783599701211457,725,723.0093687976773,783.3200617005442,673.1241782186854,745.5837283556928
1592,RSN10943,7,10943,-999,4.26,33.8776,-116.2019,10.062,106.29,726,34.8294,-116.335,25.21,25.31,-0.000215693,-0.000419647,3.04e-05,2.3e-05,0.513986571,0.160588486,85.06732419,5.179664862,6.204033973,0.244346095,1466.39298,9.377956522,13.80417763,219.958947,,,-1.0,759,-0.044451763,0.103498702,0.196123295,-0.147950464,NA.NA,759,-0.044451763,44.26279831,898.9589844,9.174039841,-0.0444517625708345,759,720.7510118138059,798.7797827179163,709.5293366364817,757.512878894422
1592,RSN14398,7,14398,-999,4.14,34.8632,-116.3444,6.474,3.85,726,34.8294,-116.335,14.47,14.51,-0.007145952,-0.024515459,0.000892908,0.000514514,0.291487573,0.078985634,28.72473754,5.179664862,6.084678138,0.13962634,1788.922964,13.88874161,27.4557502,268.3384446,,,-1.0,780,-0.071743905,0.103498702,0.196123295,-0.175242607,NA.NA,780,-0.071743905,44.26279831,898.9589844,9.174039841,-0.07174390485884174,780,639.7036486677163,851.5285294950838,686.0524058570611,791.4623265925865
3044,RSN14495,11,14495, BLY,4.01,33.2617,-116.0659,5.761,153.16,1029,33.75,-114.524,36.97,37.12,0.012430865,0.023073498,0.003158004,0.001174953,0.538750791,0.165002335,88.19407374,5.179664862,6.057510055,0.244346095,1481.460381,10.57988277,7.3063549,222.2190572,CI,BLY,-999.0,764,0.297774947,0.291630497,0.384255091,0.006144449,CI.BLY,764,0.297774947,47.8932991,146.9880066,7.737730026,0.2977749466675288,764,779.862259030836,842.9223560341698,713.9372106247866,821.6474625927439
3044,RSN10913,11,10913, BLY,4.26,33.8776,-116.2019,10.062,155.99,1029,33.75,-114.524,20.65,20.71,9.27e-05,0.000173515,7.07e-05,3.53e-05,0.534354698,0.160907108,86.63236161,5.179664862,6.204033973,0.244346095,1509.391635,2.626062323,2.454243281,226.4087453,CI,BLY,-999.0,773,0.286063687,0.291630497,0.384255091,-0.00556681,CI.BLY,773,0.286063687,47.8932991,146.9880066,7.737730026,0.2860636872466271,773,791.8666031126859,852.0951852749936,719.1978728388685,831.8650438007238
3044,RSN8989,11,8989, BLY,5.2,33.5328,-116.5697,15.48,191.3,1029,33.75,-114.524,14.61,14.75,0.001995832,0.00362756,0.000176971,5.96e-05,0.550185957,0.157427854,85.64188284,5.179664862,6.333749326,0.244346095,1578.497108,33.48711409,20.4980477,236.7745662,CI,BLY,-999.0,737,0.333754844,0.291630497,0.384255091,0.042124346,CI.BLY,737,0.333754844,47.8932991,146.9880066,7.737730026,0.3337548436447131,737,724.7243079301809,796.412315347736,695.2112410278759,789.2156546570584
3044,RSN14381,11,14381, BLY,4.14,34.8632,-116.3444,6.474,208.15,1029,33.75,-114.524,25.4,25.47,0.000144945,0.000275394,0.000114407,6.8e-05,0.526319687,0.164289237,88.47784802,5.179664862,6.084678138,0.244346095,1460.703132,2.131544118,2.40714292,219.1054698,CI,BLY,-999.0,757,0.306979482,0.291630497,0.384255091,0.015348985,CI.BLY,757,0.306979482,47.8932991,146.9880066,7.737730026,0.306979482396601,757,807.4373483686225,850.210016150716,730.2142435554595,820.6340059881658
3044,RSN15557,11,15557, BLY,4.06,32.6823,-116.088,9.762,187.83,1029,33.75,-114.524,28.83,28.88,2.5e-05,5e-05,1.26e-05,1.11e-05,0.499663965,0.161249418,87.30293139,5.179664862,6.194703173,0.226892803,1422.728347,2.252252252,3.968253968,213.4092521,CI,BLY,-999.0,743,0.325646691,0.291630497,0.384255091,0.034016194,CI.BLY,743,0.325646691,47.8932991,146.9880066,7.737730026,0.3256466911162903,743,769.3096050072373,824.6018558508613,713.9057087734478,803.5094362141107
3044,RSN13111,11,13111, BLY,4.06,33.2394,-116.2082,10.532,166.44,1029,33.75,-114.524,13.02,13.11,0.000105775,0.000197129,2.89e-05,1.99e-05,0.536576829,0.160568098,86.69371498,5.179664862,6.217520851,0.244346095,1517.534957,5.315326633,6.821072664,227.6302436,CI,BLY,-999.0,775,0.283479706,0.291630497,0.384255091,-0.008150791,CI.BLY,775,0.283479706,47.8932991,146.9880066,7.737730026,0.2834797064807022,775,791.7524920453452,853.7069503091897,738.4319128064649,835.3332239373583
3044,RSN10402,11,10402, BLY,4.45,34.1081,-117.3062,14.795,260.3,1029,33.75,-114.524,16.65,16.71,0.000122428,0.000167946,2.83e-05,5.6e-05,0.728973707,0.158163104,86.95116168,5.179664862,6.313637877,0.314159265,1958.221532,2.186214286,5.934487633,293.7332298,CI,BLY,-999.0,836,0.207714123,0.291630497,0.384255091,-0.083916374,CI.BLY,836,0.207714123,47.8932991,146.9880066,7.737730026,0.20771412274934775,836,870.2303561222467,849.312971762954,784.6074781598918,839.6559438679458
3046,RSN15536,12,15536, BOR,3.75,32.5969,-115.5741,12.269,108.42,619,33.268,-116.417,31.68,31.71,9.85e-05,0.000161586,3.26e-05,2.08e-05,0.609656335,0.158917788,83.98790004,5.179664862,6.257951442,0.27925268,1703.10376,4.735576923,4.956625767,255.465564,CI,BOR,-999.0,751,-0.193300379,-0.374657107,-0.282032514,0.181356728,CI.BOR,751,-0.193300379,20.2465992,289.8450012,13.80760002,-0.19330037907953823,751,704.2447244597754,524.0352984863115,551.5573107795136,493.1070081438007
3046,RSN10914,12,10914, BOR,4.26,33.8776,-116.2019,10.062,70.5,619,33.268,-116.417,28.55,28.64,-0.002557033,-0.004260935,8.51e-05,1.24e-05,0.60011076,0.159813078,82.51797595,5.179664862,6.204033973,0.261799388,1667.645827,206.2123387,50.06974148,250.1468741,CI,BOR,-999.0,739,-0.177192648,-0.374657107,-0.282032514,0.197464459,CI.BOR,739,-0.177192648,20.2465992,289.8450012,13.80760002,-0.17719264826360526,739,679.1011381324502,516.5458525139463,550.0511747702823,495.13596061070297
3046,RSN16815,12,16815, BOR,3.49,34.309,-116.9297,9.684,124.85,619,33.268,-116.417,12.83,12.9,-0.000421287,-0.000585986,4.01e-05,5.43e-05,0.71893721,0.161093115,85.96152595,5.179664862,6.192176404,0.314159265,1904.549278,7.758508287,14.61311721,285.6823917,CI,BOR,-999.0,819,-0.279978811,-0.374657107,-0.282032514,0.094678296,CI.BOR,819,-0.279978811,20.2465992,289.8450012,13.80760002,-0.27997881116847356,819,838.2273637980006,536.6497501659413,579.2924711956248,503.92650655034697
3046,RSN9327,12,9327, BOR,4.88,34.0655,-117.0011,17.501,103.72,619,33.268,-116.417,15.03,15.3,-0.010620549,-0.008530105,4.71e-05,8.95e-05,1.245066541,0.154633498,80.81061652,5.179664862,6.383907006,0.453785606,2799.905052,118.665352,181.1062633,419.9857578,CI,BOR,-999.0,1101,-0.575868864,-0.374657107,-0.282032514,-0.201211757,CI.BOR,1101,-0.575868864,20.2465992,289.8450012,13.80760002,-0.5758688640380836,1101,730.1329670469531,632.6184498605139,557.5064665727143,605.1784436129378
3046,RSN15891,12,15891, BOR,3.96,32.6554,-116.1347,12.336,72.89,619,33.268,-116.417,24.81,24.89,-0.000885212,-0.00083631,7.03e-05,1.99e-05,1.058473244,0.157764788,80.92860823,5.179664862,6.25927157,0.401425728,2505.491078,44.48301508,11.89630156,375.8236617,CI,BOR,-999.0,1011,-0.490589946,-0.374657107,-0.282032514,-0.115932839,CI.BOR,1011,-0.490589946,20.2465992,289.8450012,13.80760002,-0.4905899463358754,1011,614.7799783839461,598.9881642421252,554.8167077346493,576.0217758369674
3046,RSN13507,12,13507, BOR,4.06,32.7797,-117.3507,7.174,102.68,619,33.268,-116.417,14.57,14.63,-0.00079276,-0.000603667,0.000114,0.000157174,1.313242025,0.163484026,86.50193551,5.179664862,6.105409111,0.453785606,2711.917891,5.043836767,5.295324561,406.7876837,CI,BOR,-999.0,1075,-0.551970668,-0.374657107,-0.282032514,-0.17731356,CI.BOR,1075,-0.551970668,20.2465992,289.8450012,13.80760002,-0.5519706678771668,1075,836.3222095664107,644.1339354080021,578.9801422854341,606.818127390291
3046,RSN8990,12,8990, BOR,5.2,33.5328,-116.5697,15.48,32.62,619,33.268,-116.417,22.83,22.88,-0.15877467,-0.300837259,0.005748865,0.000933749,0.527775948,0.143048564,64.96287353,5.179664862,6.333749326,0.244346095,1681.276672,170.0399893,52.32985276,252.1915008,CI,BOR,-999.0,744,-0.183935762,-0.374657107,-0.282032514,0.190721345,CI.BOR,744,-0.183935762,20.2465992,289.8450012,13.80760002,-0.18393576214849539,744,617.3434349545794,531.0133364279559,553.0350655583253,503.19654512716056
3046,RSN8770,12,8770, BOR,5.39,33.9465,-117.7667,14.89,146.13,619,33.268,-116.417,26.87,27.39,-0.009936324,-0.00744282,0.000234082,0.000139023,1.33502133,0.157593168,84.52815583,5.179664862,6.31653763,0.471238898,2843.965442,71.47251894,31.79578097,426.5948163,CI,BOR,-999.0,1115,-0.588504411,-0.374657107,-0.282032514,-0.213847304,CI.BOR,1115,-0.588504411,20.2465992,289.8450012,13.80760002,-0.5885044112096232,1115,711.1908949398423,645.4554208983407,551.6769725579446,615.6570728812203
3046,RSN11350,12,11350, BOR,4.73,33.7328,-117.4921,10.018,112.42,619,33.268,-116.417,28.15,28.23,-0.001439798,-0.001189485,0.000364048,0.000330675,1.210437279,0.160690602,85.35530617,5.179664862,6.202702587,0.436332313,2649.342613,4.354118092,3.26738507,397.401392,CI,BOR,-999.0,1055,-0.533190773,-0.374657107,-0.282032514,-0.158533666,CI.BOR,1055,-0.533190773,20.2465992,289.8450012,13.80760002,-0.533190773225571,1055,883.0816956371577,611.3454799102669,583.3218358804357,585.8721894979071
3046,RSN17649,12,17649, BOR,3.47,33.8029,-116.1786,7.366,63.32,619,33.268,-116.417,15.96,16.03,0.0005303,0.001005677,4.03e-05,4.36e-06,0.527306426,0.162801641,84.1375615,5.179664862,6.110319177,0.244346095,1476.241767,121.6284404,24.95476427,221.4362651,CI,BOR,-999.0,762,-0.207841283,-0.374657107,-0.282032514,0.166815824,CI.BOR,762,-0.207841283,20.2465992,289.8450012,13.80760002,-0.2078412830020504,762,705.7225980037506,544.8995685605196,574.9005920046104,520.2014698835571
3046,RSN10403,12,10403, BOR,4.45,34.1081,-117.3062,14.795,124.42,619,33.268,-116.417,16.85,16.95,0.003973885,0.003744218,0.000699179,0.000811422,1.061339316,0.157400444,83.60076391,5.179664862,6.313637877,0.401425728,2514.846846,4.897433148,5.355163699,377.2270269,CI,BOR,-999.0,1014,-0.493552911,-0.374657107,-0.282032514,-0.118895804,CI.BOR,1014,-0.493552911,20.2465992,289.8450012,13.80760002,-0.4935529114665327,1014,751.0247967025327,595.1804916800249,558.122447851586,574.3601578532802
3046,RSN12596,12,12596, BOR,4.11,33.5089,-116.8485,12.274,48.23,619,33.268,-116.417,13.45,13.5,0.00209582,0.002639862,3.43e-05,1.77e-05,0.793912467,0.155386325,76.51118291,5.179664862,6.258050482,0.331612558,2117.069945,118.4079096,76.96390671,317.5604918,CI,BOR,-999.0,888,-0.36086647,-0.374657107,-0.282032514,0.013790637,CI.BOR,888,-0.36086647,20.2465992,289.8450012,13.80760002,-0.3608664703075739,888,850.9234121923645,583.6460825999009,618.3706036057204,548.1923153971156
3046,RSN8183,12,8183, BOR,4.92,33.5083,-116.5143,15.2,28.21,619,33.268,-116.417,17.75,17.78,0.00748298,0.013479574,0.004783022,0.000849101,0.555134761,0.139913957,62.25895429,5.179664862,6.325747735,0.261799388,1794.797808,8.812826743,2.818212837,269.2196712,CI,BOR,-999.0,782,-0.233749468,-0.374657107,-0.282032514,0.14090764,CI.BOR,782,-0.233749468,20.2465992,289.8450012,13.80760002,-0.23374946786071504,782,641.558839004605,560.1911305823389,582.561028816512,528.8974439374188
3055,RSN18327,16,18327, DPP,3.05,33.5043,-116.561,11.461,66.34,611,32.999,-116.942,13.55,13.61,0.00017045,0.000203671,2.93e-05,3.51e-05,0.836886682,0.158201433,80.85730303,5.179664862,6.240750508,0.34906585,2158.383988,4.856125356,6.951228669,323.7575982,CI,DPP,-999.0,902,-0.389517561,-0.419009726,-0.326385133,0.029492165,CI.DPP,902,-0.389517561,2.213140011,484.9679871,5.799489975,-0.3895175608910284,902,678.405667509579,639.1574192549768,702.5398552307408,599.156826874632
3055,RSN17371,16,17371, DPP,3.56,33.0804,-116.4826,10.835,43.85,611,32.999,-116.942,19.03,19.08,0.004652712,0.007829562,4.8e-05,0.000104188,0.594249305,0.156397394,76.82070488,5.179664862,6.225560001,0.261799388,1691.521485,44.65688947,163.115875,253.7282228,CI,DPP,-999.0,747,-0.200968226,-0.419009726,-0.326385133,0.2180415,CI.DPP,747,-0.200968226,2.213140011,484.9679871,5.799489975,-0.20096822596122177,747,711.4025581692007,592.1118839696516,624.9682136816255,549.0418690517366
3055,RSN13230,16,13230, DPP,4.19,34.3571,-116.8418,9.486,150.92,611,32.999,-116.942,22.37,22.47,-0.000929605,-0.000768645,2.29e-05,1.57e-05,1.209407695,0.161405201,86.74035365,5.179664862,6.185563454,0.436332313,2636.562678,59.21050955,33.56528384,395.4844017,CI,DPP,-999.0,1052,-0.543351434,-0.419009726,-0.326385133,-0.124341708,CI.DPP,1052,-0.543351434,2.213140011,484.9679871,5.799489975,-0.5433514341260599,1052,902.2399406359754,737.2998908380479,838.7814356498077,679.1552926216546
3055,RSN16712,16,16712, DPP,3.73,33.5058,-116.7636,16.276,58.61,611,32.999,-116.942,21.65,21.78,-0.002660067,-0.00209031,1.79e-05,1.58e-05,1.272570716,0.151992878,74.99728398,5.179664862,6.3549922,0.453785606,2876.740171,168.3586709,116.777095,431.5110257,CI,DPP,-999.0,1125,-0.610441355,-0.419009726,-0.326385133,-0.19143163,CI.DPP,1125,-0.610441355,2.213140011,484.9679871,5.799489975,-0.610441355466925,1125,620.0816197000142,763.1353665857868,771.3999855383499,699.4070624754356
3055,RSN10933,16,10933, DPP,4.26,33.8776,-116.2019,10.062,119.3,611,32.999,-116.942,33.4,33.52,-0.003456136,-0.003099219,0.000148267,7e-05,1.115163658,0.160712228,85.6084981,5.179664862,6.204033973,0.41887902,2536.039244,49.37337143,20.90295885,380.4058866,CI,DPP,-999.0,1021,-0.513440859,-0.419009726,-0.326385133,-0.094431133,CI.DPP,1021,-0.513440859,2.213140011,484.9679871,5.799489975,-0.5134408589930697,1021,844.5109323695369,704.9009044625103,777.4567878519148,649.2404683316731
3055,RSN8788,16,8788, DPP,5.39,33.9465,-117.7667,14.89,130.08,611,32.999,-116.942,29.11,29.53,-0.044895346,-0.031483761,0.001451065,0.001400032,1.425984239,0.157404751,83.85438756,5.179664862,6.31653763,0.471238898,2926.411746,32.06737132,21.69700255,438.9617619,CI,DPP,-999.0,1139,-0.622809004,-0.419009726,-0.326385133,-0.203799278,CI.DPP,1139,-0.622809004,2.213140011,484.9679871,5.799489975,-0.6228090042755863,1139,740.3777680593505,782.6672299047857,793.3715706955342,716.6098834822675
3055,RSN16942,16,16942, DPP,3.63,34.1242,-116.405,9.555,134.39,611,32.999,-116.942,13.49,13.57,-0.000387818,-0.000302063,1.3e-05,1.11e-05,1.283899883,0.161272399,86.31961617,5.179664862,6.187901101,0.453785606,2721.933824,34.93855856,23.23561538,408.2900736,CI,DPP,-999.0,1078,-0.567765792,-0.419009726,-0.326385133,-0.148756066,CI.DPP,1078,-0.567765792,2.213140011,484.9679871,5.799489975,-0.5677657922973465,1078,825.3197049356793,758.1545086959451,848.6290159128677,697.2239252440326
3055,RSN16256,16,16256, DPP,3.64,33.223,-116.7186,8.687,32.43,611,32.999,-116.942,16.87,16.93,-0.007829933,-0.010309267,0.000212187,1.38e-05,0.759504371,0.157678481,76.07339924,5.179664862,6.155594857,0.331612558,2026.845225,567.3864493,48.58576162,304.0267838,CI,DPP,-999.0,859,-0.340671963,-0.419009726,-0.326385133,0.078337763,CI.DPP,859,-0.340671963,2.213140011,484.9679871,5.799489975,-0.3406719628126593,859,849.1459763786261,644.0171272742238,717.4179592170101,606.5239648545722
3055,RSN15944,16,15944, DPP,3.64,33.8726,-117.7125,2.161,120.51,611,32.999,-116.942,34.05,34.15,-0.00013362,-0.000112093,3.72e-05,3.4e-05,1.19204789,0.168398172,89.44102278,5.179664862,5.93802414,0.436332313,2509.93034,3.93,3.013252688,376.489551,CI,DPP,-999.0,1012,-0.504586891,-0.419009726,-0.326385133,-0.085577165,CI.DPP,1012,-0.504586891,2.213140011,484.9679871,5.799489975,-0.5045868906758155,1012,955.1516055287582,759.4753807488667,848.4393235342687,673.690717440636
3055,RSN19335,16,19335, DPP,3.09,33.9522,-117.7991,13.107,132.38,611,32.999,-116.942,13.61,13.65,-4.5e-05,-7.81e-05,2.2e-05,1.11e-05,0.575920403,0.158725585,84.71973239,5.179664862,6.273446412,0.261799388,1627.520346,4.054054054,3.55,244.1280519,CI,DPP,-999.0,726,-0.172453056,-0.419009726,-0.326385133,0.24655667,CI.DPP,726,-0.172453056,2.213140011,484.9679871,5.799489975,-0.17245305565320024,726,718.0941844105774,570.1948917584098,617.1274017131775,529.945486285516
3055,RSN17839,16,17839, DPP,3.14,33.0622,-115.8937,7.729,98.19,611,32.999,-116.942,29.43,29.5,0.000266355,0.000577959,2.39e-05,7.23e-06,0.460853818,0.163029258,85.99048181,5.179664862,6.11885537,0.20943951,1312.637704,36.84024896,24.18238494,196.8956556,CI,DPP,-999.0,705,-0.143100844,-0.419009726,-0.326385133,0.275908882,CI.DPP,705,-0.143100844,2.213140011,484.9679871,5.799489975,-0.14310084364067333,705,639.7167729963138,553.8611546432527,566.908605022602,515.1813437260683
3057,RSN16259,18,16259, EML,3.64,33.223,-116.7186,8.687,38.69,805,32.891,-116.846,20.01,20.07,-0.003172855,-0.003332414,4.23e-05,1.78e-05,0.952119143,0.159057412,78.26337593,5.179664862,6.155594857,0.383972435,2336.429448,178.2502809,78.78047281,350.4644172,CI,EML,10.210785,958,-0.174005501,-0.269563321,-0.176938728,0.095557821,CI.EML,952,-0.167722757,8.073479652,181.2330017,6.086840153,-0.1677227573728013,952,721.2210380158764,596.6811206044415,758.0846692724805,591.4026127163729
3057,RSN17749,18,17749, EML,3.63,32.7081,-116.029,7.885,79.17,805,32.891,-116.846,27.28,27.38,0.000374191,0.000253674,1.19e-05,1.09e-05,1.475087241,0.162689469,84.89045267,5.179664862,6.12225391,0.488692191,2880.024428,34.32944954,21.31714286,432.0036642,CI,EML,10.210785,1125,-0.334696037,-0.269563321,-0.176938728,-0.065132716,CI.EML,1118,-0.328454376,8.073479652,181.2330017,6.086840153,-0.3284543762964809,1118,901.819380328312,693.8791723086906,833.1212947175314,657.776842729567
3057,RSN17842,18,17842, EML,3.14,33.0622,-115.8937,7.729,91.02,805,32.891,-116.846,28.15,28.22,0.000520227,0.000420615,4.34e-05,5.53e-05,1.236823546,0.16296414,85.67627896,5.179664862,6.11885537,0.453785606,2648.742941,9.407359855,9.691589862,397.3114412,CI,EML,10.210785,1055,-0.270453768,-0.269563321,-0.176938728,-0.000890447,CI.EML,1048,-0.263796587,8.073479652,181.2330017,6.086840153,-0.26379658746242374,1048,772.3338936381067,627.7407874502381,788.1042823465552,606.1672743984989
3057,RSN15699,18,15699, EML,3.81,32.4923,-116.8468,13.18,44.21,805,32.891,-116.846,18.65,18.71,-0.01244177,-0.011878485,1.49e-05,2.33e-05,1.047420649,0.153337451,74.18491761,5.179664862,6.274698597,0.401425728,2563.643482,533.9815451,797.2137584,384.5465223,CI,EML,10.210785,1029,-0.245500458,-0.269563321,-0.176938728,0.024062863,CI.EML,1022,-0.238674493,8.073479652,181.2330017,6.086840153,-0.23867449334508617,1022,667.418030941584,624.6572612610596,763.881528189331,602.5960768704467
3057,RSN15900,18,15900, EML,3.96,32.6554,-116.1347,12.336,71.58,805,32.891,-116.846,22.1,22.14,0.001994341,0.001705951,0.000546799,0.000522423,1.169049307,0.157708393,80.80121718,5.179664862,6.25927157,0.436332313,2655.262849,3.817483151,3.119886832,398.2894274,CI,EML,10.210785,1057,-0.272347708,-0.269563321,-0.176938728,-0.002784387,CI.EML,1050,-0.265703166,8.073479652,181.2330017,6.086840153,-0.26570316573300534,1050,600.3327829812986,607.8954176168262,717.4085758928267,590.9314234713196
3057,RSN16713,18,16713, EML,3.73,33.5058,-116.7636,16.276,68.62,805,32.891,-116.846,25.61,25.69,-0.000986064,-0.000857696,5.23e-05,2.99e-05,1.149665994,0.153419446,77.15611715,5.179664862,6.3549922,0.41887902,2697.006404,32.9787291,16.39954111,404.5509606,CI,EML,10.210785,1070,-0.28457165,-0.269563321,-0.176938728,-0.015008329,CI.EML,1063,-0.278008101,8.073479652,181.2330017,6.086840153,-0.2780081009233841,1063,609.7894361538754,613.2115249418846,722.9920103243305,596.598530184559
3057,RSN8209,18,8209, EML,4.92,33.5083,-116.5143,15.2,75.26,805,32.891,-116.846,24.1,24.15,-0.004387959,-0.003310823,0.001155954,0.000894352,1.325337775,0.155251543,79.1374487,5.179664862,6.325747735,0.453785606,2867.10797,4.906299757,2.864147708,430.0661955,CI,EML,10.210785,1122,-0.332025809,-0.269563321,-0.176938728,-0.062462487,CI.EML,1115,-0.325767406,8.073479652,181.2330017,6.086840153,-0.3257674064756557,1115,674.8983871428651,635.4432351365566,740.4816556721851,624.3382487458576
3057,RSN11377,18,11377, EML,4.73,33.7328,-117.4921,10.018,111.07,805,32.891,-116.846,30.35,30.57,-0.005659209,-0.004480937,0.000120919,9.7e-05,1.262952197,0.160671095,85.27046558,5.179664862,6.202702587,0.453785606,2712.123426,58.34236082,37.05734417,406.8185139,CI,EML,10.210785,1075,-0.289233663,-0.269563321,-0.176938728,-0.019670342,CI.EML,1068,-0.282700742,8.073479652,181.2330017,6.086840153,-0.2827007421015768,1068,870.5856064604725,618.3067267081534,812.4487929908643,607.7325047078451
3057,RSN13234,18,13234, EML,4.19,34.3571,-116.8418,9.486,162.61,805,32.891,-116.846,18.43,18.5,-0.000361012,-0.000232224,4.6e-05,4.42e-05,1.554582165,0.16144266,86.98284175,5.179664862,6.185563454,0.506145483,2971.354172,8.167692308,5.048347826,445.7031258,CI,EML,10.210785,1153,-0.359280243,-0.269563321,-0.176938728,-0.089716922,CI.EML,1145,-0.352317639,8.073479652,181.2330017,6.086840153,-0.3523176385697768,1145,1019.9191822000325,708.5514507801583,914.9965983317318,678.8029860548144
3057,RSN14306,18,14306, EML,4.19,33.4453,-116.439,8.875,72.25,805,32.891,-116.846,17.39,17.45,-0.000717965,-0.000568465,1.32e-05,1.4e-05,1.262988859,0.161265342,83.6708799,5.179664862,6.16316588,0.453785606,2702.164772,51.28321429,43.0655303,405.3247158,CI,EML,10.210785,1072,-0.286439064,-0.269563321,-0.176938728,-0.016875743,CI.EML,1065,-0.279887801,8.073479652,181.2330017,6.086840153,-0.27988780072496144,1065,826.2460678699855,633.9724601234295,800.5769664153555,614.0830185223475
3057,RSN18352,18,18352, EML,3.34,33.5022,-116.5193,11.15,74.32,805,32.891,-116.846,14.3,14.38,-0.000262722,-0.000261848,5.92e-05,3.15e-05,1.003338032,0.158896774,82.0842817,5.179664862,6.233428753,0.401425728,2417.582203,8.340380952,4.423108108,362.6373305,CI,EML,10.210785,984,-0.20078362,-0.269563321,-0.176938728,0.068779702,CI.EML,978,-0.194667393,8.073479652,181.2330017,6.086840153,-0.1946673926162541,978,586.3223665510059,579.3367625893571,721.2434652377983,571.6224446177677
3057,RSN12844,18,12844, EML,4.02,33.7129,-116.0516,12.808,117.4,805,32.891,-116.846,22.9,22.97,-0.000189767,-0.000194778,4.43e-05,2.64e-05,0.974269518,0.158716235,84.18770497,5.179664862,6.268161535,0.383972435,2371.949963,7.188143939,4.396794582,355.7924945,CI,EML,10.210785,969,-0.185422334,-0.269563321,-0.176938728,0.084140987,CI.EML,963,-0.179211134,8.073479652,181.2330017,6.086840153,-0.17921113437956215,963,669.9753404874987,571.2932699823207,714.3447944689885,566.5079732182788
3061,RSN15575,19,15575, GLA,4.06,32.6823,-116.088,9.762,124.9,743,33.051,-114.827,27.65,27.775,0.000446108,0.001552208,2.7e-05,7.87e-06,0.287402246,0.161020201,85.92537387,5.179664862,6.194703173,0.13962634,866.1525533,56.68462516,57.48918519,129.922883,CI,GLA,1.423333333,529,0.339707613,0.237321044,0.329945638,0.102386569,CI.GLA,529,0.339707613,25.5821991,544.7109985,16.43330002,0.33970761285945983,529,515.8173123789055,509.8743294268386,489.5745132842206,455.6976986924695
3061,RSN15702,19,15702, GLA,3.81,32.4923,-116.8468,13.18,199.13,743,33.051,-114.827,21.4125,21.55,4.55e-05,0.000169449,4.99e-06,2.87e-06,0.268283048,0.15906952,86.47987715,5.179664862,6.274698597,0.13962634,822.427234,15.85365854,33.95771543,123.3640851,CI,GLA,1.423333333,508,0.380214597,0.237321044,0.329945638,0.142893553,CI.GLA,508,0.380214597,25.5821991,544.7109985,16.43330002,0.3802145971392772,508,489.1426937796076,505.9710995111649,465.2883488583787,441.02875848973036
3061,RSN11572,19,11572, GLA,4.51,32.8882,-115.5018,9.4,65.62,743,33.051,-114.827,21.8875,22.0,0.002050006,0.003583952,0.00067148,0.000865714,0.571995956,0.160368881,82.52266969,5.179664862,6.182598645,0.261799388,1602.43295,2.367994511,5.33739203,240.3649425,CI,GLA,1.423333333,717,0.035620204,0.237321044,0.329945638,-0.20170084,CI.GLA,291,0.937372778,25.5821991,544.7109985,16.43330002,0.9373727775462664,291,265.46990921571944,248.77009256662785,249.750604740713,232.99838413129416
3061,RSN14447,19,14447, GLA,4.05,32.7091,-116.0396,7.817,119.64,743,33.051,-114.827,33.3375,33.5125,0.000211227,0.000549357,5.9e-06,2.58e-06,0.38449793,0.163105616,86.69362992,5.179664862,6.120791156,0.191986218,1120.523267,81.87093023,93.11135593,168.0784901,CI,GLA,1.423333333,638,0.152357761,0.237321044,0.329945638,-0.084963283,CI.GLA,259,1.053867983,25.5821991,544.7109985,16.43330002,1.0538679830182218,259,246.73640375148034,236.52265654186417,235.33639301965218,217.04217641993134
3061,RSN9127,19,9127, GLA,5.1,32.4105,-115.312,18.65,84.33,743,33.051,-114.827,14.9,15.0,-0.004125897,-0.010484903,0.000904688,0.00024844,0.393508377,0.152651979,77.99484488,5.179664862,6.407574254,0.191986218,1221.696176,16.60721703,11.58952368,183.2544264,CI,GLA,1.423333333,671,0.101926908,0.237321044,0.329945638,-0.135394136,CI.GLA,273,1.00122425,25.5821991,544.7109985,16.43330002,1.0012242495327994,273,252.24049128072372,242.02257641877725,235.01469261427755,223.09129319924804
3061,RSN9705,19,9705, GLA,4.69,35.0172,-119.0247,9.251,444.8,743,33.051,-114.827,13.5,13.7125,-1.58e-05,-3.07e-05,1.08e-05,7.86e-06,0.515359592,0.161854358,88.93297331,5.179664862,6.177322679,0.244346095,1458.032451,2.010178117,2.842592593,218.7048677,CI,GLA,1.423333333,756,-0.017345331,0.237321044,0.329945638,-0.254666376,CI.GLA,307,0.883848297,25.5821991,544.7109985,16.43330002,0.8838482971305623,307,266.62245870256936,269.00897445084695,267.97703693585436,251.09474238194082
3061,RSN14236,19,14236, GLA,3.94,32.7219,-116.8133,20.237,189.42,743,33.051,-114.827,23.0875,23.25,0.000148612,0.000337919,9.29e-06,1.96e-06,0.43978505,0.154462476,84.15757386,5.179664862,6.440435438,0.20943951,1332.157179,75.82244898,36.3744887,199.8235769,CI,GLA,1.423333333,712,0.042618133,0.237321044,0.329945638,-0.194702911,CI.GLA,289,0.944269357,25.5821991,544.7109985,16.43330002,0.9442693566053268,289,311.96778588964787,262.3891476701707,253.0343934779243,238.972027926865
3061,RSN15542,19,15542, GLA,3.75,32.5969,-115.5741,12.269,86.2,743,33.051,-114.827,28.025,28.2,0.000188606,0.000637802,5.88e-05,3.53e-05,0.295712537,0.158410612,82.44796842,5.179664862,6.257951442,0.13962634,903.8972076,5.342946176,10.84697279,135.5845811,CI,GLA,1.423333333,549,0.302597603,0.237321044,0.329945638,0.065276559,CI.GLA,549,0.302597603,25.5821991,544.7109985,16.43330002,0.3025976032082287,549,486.0758073992918,532.526366872244,494.51710674559956,474.32510343441373
3061,RSN9019,19,9019, GLA,5.2,33.5328,-116.5697,15.48,170.89,743,33.051,-114.827,19.15,19.25,-0.000275537,-0.001124932,0.000149945,2.86e-05,0.244936925,0.157308012,85.10283073,5.179664862,6.333749326,0.122173048,761.8419483,9.634160839,7.502297509,114.2762922,CI,GLA,1.423333333,483,0.430679391,0.237321044,0.329945638,0.193358347,CI.GLA,483,0.430679391,25.5821991,544.7109985,16.43330002,0.43067939106518693,483,447.6444288530569,470.4283611227378,443.65519351150317,416.3445206236511
3061,RSN12845,19,12845, GLA,4.02,33.7129,-116.0516,12.808,135.55,743,33.051,-114.827,21.76,21.825,-0.001073332,-0.004707495,0.00082736,0.000321451,0.228004827,0.158920593,84.96413777,5.179664862,6.268161535,0.104719755,703.2852075,3.339022122,5.689778331,105.4927811,CI,GLA,1.423333333,456,0.488203235,0.237321044,0.329945638,0.250882191,CI.GLA,456,0.488203235,25.5821991,544.7109985,16.43330002,0.4882032352033727,456,434.99064029348153,458.65553052663955,427.5762817209792,404.6597715118188
3061,RSN14395,19,14395, GLA,4.14,34.8632,-116.3444,6.474,245.11,743,33.051,-114.827,21.125,21.2625,3.21e-05,8.8e-05,5.42e-06,7.5e-06,0.365072371,0.164305547,88.70953061,5.179664862,6.084678138,0.174532925,1059.696144,4.28,16.23616236,158.9544216,CI,GLA,1.423333333,621,0.179364963,0.237321044,0.329945638,-0.057956081,CI.GLA,252,1.081266957,25.5821991,544.7109985,16.43330002,1.0812669572063358,252,272.40761990562464,233.42673030833308,245.6554113741263,213.0234082647812
3061,RSN17081,19,17081, GLA,3.52,34.2098,-116.4371,4.645,197.07,743,33.051,-114.827,43.5,43.6,-1.59e-05,-5.44e-05,1.51e-05,4.56e-06,0.293147905,0.16678784,88.92913437,5.179664862,5.994593769,0.13962634,851.6315121,3.486842105,3.602649007,127.7447268,CI,GLA,1.423333333,522,0.353028457,0.237321044,0.329945638,0.115707413,CI.GLA,522,0.353028457,25.5821991,544.7109985,16.43330002,0.3530284568351201,522,542.7791288611523,513.1637853663602,513.1186273055143,458.54937596925146
3061,RSN17844,19,17844, GLA,3.14,33.0622,-115.8937,7.729,99.63,743,33.051,-114.827,31.2375,31.3,1.39e-05,9.1e-05,6.82e-06,3.73e-06,0.152988759,0.163045361,86.07204991,5.179664862,6.11885537,0.06981317,464.9013361,3.726541555,13.3431085,69.73520042,CI,GLA,1.423333333,358,0.730163058,0.237321044,0.329945638,0.492842014,CI.GLA,358,0.730163058,25.5821991,544.7109985,16.43330002,0.7301630583170589,358,345.6414930898748,371.2413358075139,423.1699658015253,363.5801384027819
3061,RSN13129,19,13129, GLA,4.06,33.2394,-116.2082,10.532,130.55,743,33.051,-114.827,12.7125,12.85,0.00013205,0.000589978,1.47e-05,4.57e-06,0.223821166,0.160398522,85.77401053,5.179664862,6.217520851,0.104719755,684.6266921,28.89496718,40.13455782,102.6940038,CI,GLA,1.423333333,447,0.50813745,0.237321044,0.329945638,0.270816406,CI.GLA,447,0.50813745,25.5821991,544.7109985,16.43330002,0.50813745010419,447,430.7963868669837,447.0083507007298,420.618589129369,397.62630259516817
3061,RSN14503,19,14503, GLA,4.01,33.2617,-116.0659,5.761,117.91,743,33.051,-114.827,32.9125,33.075,0.000123069,0.000549272,3.84e-06,3.41e-06,0.224058399,0.164945462,87.64972251,5.179664862,6.057510055,0.104719755,666.4264123,36.09061584,143.0395833,99.96396185,CI,GLA,1.423333333,438,0.528477134,0.237321044,0.329945638,0.29115609,CI.GLA,438,0.528477134,25.5821991,544.7109985,16.43330002,0.5284771343413128,438,398.8943633151224,435.0271837642134,427.2162681138951,394.0876528931581
3061,RSN16759,19,16759, GLA,3.72,33.1099,-116.0467,7.494,114.07,743,33.051,-114.827,33.1,33.1875,9.84e-05,0.000215625,6.14e-05,3.94e-05,0.456300746,0.163299881,86.68158336,5.179664862,6.113435346,0.20943951,1299.662815,2.497461929,3.511807818,194.9494223,CI,GLA,1.423333333,700,0.05961571,0.237321044,0.329945638,-0.177705335,CI.GLA,284,0.961721807,25.5821991,544.7109985,16.43330002,0.9617218065565529,284,270.74930662108994,259.63660055140616,247.66610535484654,237.12725944571403
3061,RSN11723,19,11723, GLA,4.5,34.3365,-116.8617,8.94,236.47,743,33.051,-114.827,14.6,14.9875,0.000200386,0.000402533,1.13e-05,9.94e-06,0.497812926,0.162094978,88.06487023,5.179664862,6.165704274,0.226892803,1411.058126,20.15955734,35.62238938,211.6587189,CI,GLA,1.423333333,739,0.005398124,0.237321044,0.329945638,-0.23192292,CI.GLA,300,0.90691357,25.5821991,544.7109985,16.43330002,0.9069135700615583,300,314.8137587605614,262.9120264399107,265.7064085193026,244.96652848376087
3061,RSN13237,19,13237, GLA,4.19,34.3571,-116.8418,9.486,236.37,743,33.051,-114.827,49.4,49.5375,0.000149567,0.000483075,7.12e-05,1.96e-05,0.30961517,0.161561458,87.93191143,5.179664862,6.185563454,0.157079633,926.6519115,7.630969388,6.784761236,138.9977867,CI,GLA,1.423333333,562,0.279194195,0.237321044,0.329945638,0.041873151,CI.GLA,562,0.279194195,25.5821991,544.7109985,16.43330002,0.2791941948240684,562,555.0877726269398,536.4540813100305,518.0764844058588,481.69032552357834
3061,RSN13843,19,13843, GLA,4.17,34.3277,-116.829,4.957,233.47,743,33.051,-114.827,21.6,21.775,4.94e-05,0.000100664,1.83e-05,6.61e-06,0.490356725,0.166209985,89.02285595,5.179664862,6.015610792,0.226892803,1359.349827,7.473524962,5.500765027,203.9024741,CI,GLA,1.423333333,721,0.030056907,0.237321044,0.329945638,-0.207264137,CI.GLA,293,0.930523436,25.5821991,544.7109985,16.43330002,0.9305234357006915,293,324.5307804061102,261.5354380339246,267.4563665880855,241.96331290651423
3061,RSN16262,19,16262, GLA,3.64,33.223,-116.7186,8.687,177.53,743,33.051,-114.827,29.8,29.95,2.67e-05,0.000131943,5.18e-06,6.19e-06,0.202609345,0.162299109,87.49913114,5.179664862,6.155594857,0.104719755,615.1128165,4.313408724,25.47162162,92.26692248,CI,GLA,1.423333333,421,0.568063211,0.237321044,0.329945638,0.330742167,CI.GLA,421,0.568063211,25.5821991,544.7109985,16.43330002,0.568063211035378,421,417.25212462468096,431.5982772093355,408.39566306051296,383.97924762754917
3061,RSN14308,19,14308, GLA,4.19,33.4453,-116.439,8.875,156.46,743,33.051,-114.827,24.0,24.1875,3.27e-05,8.79e-05,1.11e-05,1.56e-05,0.371766706,0.162045265,87.09150559,5.179664862,6.16316588,0.174532925,1091.874481,2.096153846,7.918918919,163.7811722,CI,GLA,1.423333333,630,0.164976225,0.237321044,0.329945638,-0.072344819,CI.GLA,256,1.0655186,25.5821991,544.7109985,16.43330002,1.065518600238197,256,265.66143986541334,235.55953097636242,236.3885128315075,214.42263292042304
3061,RSN17751,19,17751, GLA,3.63,32.7081,-116.029,7.885,118.74,743,33.051,-114.827,33.7875,33.9125,4.87e-05,0.000156735,6.56e-06,9.54e-06,0.310508736,0.16305646,86.63224752,5.179664862,6.12225391,0.157079633,920.577391,5.104821803,23.89253049,138.0866087,CI,GLA,1.423333333,558,0.286337082,0.237321044,0.329945638,0.049016038,CI.GLA,558,0.286337082,25.5821991,544.7109985,16.43330002,0.2863370823364484,558,509.9081361550331,533.0921153991978,521.2581319404112,483.2268785700124
3061,RSN13527,19,13527, GLA,4.06,32.7797,-117.3507,7.174,237.99,743,33.051,-114.827,11.6375,11.75,-1.92e-05,-3.21e-05,5.84e-06,5.1e-06,0.597586883,0.163733168,88.50142595,5.179664862,6.105409111,0.261799388,1622.569087,3.764705882,5.496575342,243.3853631,CI,GLA,1.423333333,724,0.025904652,0.237321044,0.329945638,-0.211416392,CI.GLA,294,0.927116277,25.5821991,544.7109985,16.43330002,0.9271162773790778,294,316.9845331973721,258.78966366935794,260.8835058541699,241.36961235833755
3061,RSN10347,19,10347, GLA,4.63,32.3362,-115.2425,17.16,88.33,743,33.051,-114.827,15.22,15.375,-0.000841685,-0.001582142,6.04e-05,5.3e-05,0.531990933,0.154193987,79.4773968,5.179664862,6.37627289,0.244346095,1569.601529,15.88084906,26.19440397,235.4402294,CI,GLA,1.423333333,745,-0.002688174,0.237321044,0.329945638,-0.240009218,CI.GLA,303,0.896963239,25.5821991,544.7109985,16.43330002,0.8969632392083904,303,277.89421410325866,256.3773382136802,256.3376744623407,241.08352720467178
3061,RSN11303,19,11303, GLA,4.78,34.1228,-116.9226,5.969,227.98,743,33.051,-114.827,17.83,17.925,0.000114135,0.000207233,4.59e-05,4.87e-05,0.550756176,0.164807617,88.74045635,5.179664862,6.066214653,0.244346095,1509.033858,2.343634497,4.514880174,226.3550787,CI,GLA,1.423333333,773,-0.039583004,0.237321044,0.329945638,-0.276904048,CI.GLA,314,0.861303059,25.5821991,544.7109985,16.43330002,0.8613030588095061,314,334.0900948401,275.0547146322433,284.63182282329524,257.01254745111464
3082,RSN14517,27,14517, RXH,4.01,33.2617,-116.0659,5.761,42.2,309,33.183,-115.623,20.3,20.43,0.000677085,0.00305885,0.000302922,0.000242409,0.221352841,0.163927241,83.21230329,5.179664862,6.057510055,0.104719755,662.8442834,2.793151244,10.09781396,99.42664251,CI,RXH,4.186403333,437,-0.346591918,-0.407405332,-0.314780739,0.060813414,CI.RXH,437,-0.346591918,0.0,-70.9733963,0.0122753,-0.3465919181978441,437,414.17168809593045,436.3435917600017,365.44200154505506,389.34509892350485
3082,RSN9085,27,9085, RXH,5.2,33.5328,-116.5697,15.48,96.28,309,33.183,-115.623,12.58,12.78,-0.012905,-0.043378445,0.000213116,0.000286978,0.297497988,0.156081717,81.33361914,5.179664862,6.333749326,0.13962634,922.4833249,44.96860387,203.5438212,138.3724987,CI,RXH,4.186403333,559,-0.592808196,-0.407405332,-0.314780739,-0.185402864,CI.RXH,559,-0.592808196,0.0,-70.9733963,0.0122753,-0.5928081962573533,559,481.6120313948877,515.7902597689435,445.3151833587699,461.32107564368243
3082,RSN16777,27,16777, RXH,3.72,33.1099,-116.0467,7.494,40.35,309,33.183,-115.623,13.45,13.54,0.00218657,0.011382116,0.001006174,0.000662202,0.192105745,0.161352573,80.54625451,5.179664862,6.113435346,0.087266463,586.8559378,3.301968282,11.31227402,88.02839067,CI,RXH,4.186403333,410,-0.282815883,-0.407405332,-0.314780739,0.12458945,CI.RXH,410,-0.282815883,0.0,-70.9733963,0.0122753,-0.282815882800608,410,412.5642323701759,424.48520566892887,339.8354054296734,367.0528011443186
3088,RSN16968,30,16968, SLR,3.63,34.1242,-116.405,9.555,48.46,499,33.834,-116.797,13.85,13.9,0.001075287,0.003165633,5.62e-05,1.05e-05,0.33967532,0.158993285,79.68388983,5.179664862,6.187901101,0.157079633,1024.167659,102.4082857,56.32798932,153.6251489,CI,SLR,-999.0,610,-0.200852861,-0.371471551,-0.278846958,0.170618689,CI.SLR,610,-0.200852861,12.81680012,1560.819946,7.582159996,-0.20085286141583847,610,544.2976078691755,506.12541346138016,536.0002257258427,494.4636126812174
3088,RSN15306,30,15306, SLR,3.86,34.1976,-117.3882,14.177,67.89,499,33.834,-116.797,19.66,19.74,0.001727035,0.004431614,0.000134679,2.39e-05,0.389707943,0.155810868,78.70926757,5.179664862,6.293825021,0.191986218,1186.853439,72.26087866,32.90501117,178.0280159,CI,SLR,-999.0,657,-0.275077923,-0.371471551,-0.278846958,0.096393628,CI.SLR,657,-0.275077923,12.81680012,1560.819946,7.582159996,-0.2750779227330913,657,595.6933633025611,527.9026156382258,577.9985566871991,524.1100334311559
3088,RSN11462,30,11462, SLR,4.73,33.7328,-117.4921,10.018,65.35,499,33.834,-116.797,18.15,18.33,0.003220704,0.005755018,2.89e-05,4.37e-05,0.559633938,0.159643014,81.97946981,5.179664862,6.202702587,0.261799388,1582.860603,73.70032037,199.1355709,237.4290905,CI,SLR,-999.0,733,-0.384539606,-0.371471551,-0.278846958,-0.013068055,CI.SLR,733,-0.384539606,12.81680012,1560.819946,7.582159996,-0.3845396061351325,733,669.8992132281927,579.3089429480249,644.4386089165797,575.4372465348163
3088,RSN18341,30,18341, SLR,3.05,33.5043,-116.561,11.461,42.62,499,33.834,-116.797,14.37,14.43,-0.001275146,-0.002577898,0.000195539,7.67e-05,0.494645735,0.15526303,75.68657561,5.179664862,6.240750508,0.226892803,1465.538262,16.62511082,13.18354906,219.8307393,CI,SLR,-999.0,758,-0.41807729,-0.371471551,-0.278846958,-0.046605739,CI.SLR,758,-0.41807729,12.81680012,1560.819946,7.582159996,-0.4180772898908529,758,725.6759559586043,628.2609693826329,685.1446977337838,612.4773336397939
3088,RSN15918,30,15918, SLR,3.96,32.6554,-116.1347,12.336,144.55,499,33.834,-116.797,23.58,23.64,-0.000753375,-0.001043456,0.000403514,0.000347035,0.722000102,0.159263364,85.46748579,5.179664862,6.25927157,0.314159265,1932.026733,2.170890544,2.585922669,289.80401,CI,SLR,-999.0,828,-0.506407059,-0.371471551,-0.278846958,-0.134935508,CI.SLR,828,-0.506407059,12.81680012,1560.819946,7.582159996,-0.5064070586337408,828,818.0500981536666,644.9747332572871,764.0781432068545,637.5820543294695
3088,RSN12641,30,12641, SLR,4.11,33.5089,-116.8485,12.274,36.37,499,33.834,-116.797,12.39,12.44,-0.006136538,-0.014203182,0.00071193,0.000475956,0.432053766,0.152098203,72.14550871,5.179664862,6.258050482,0.20943951,1332.716965,12.89307835,19.95025073,199.9075448,CI,SLR,-999.0,712,-0.355471816,-0.371471551,-0.278846958,0.015999735,CI.SLR,712,-0.355471816,12.81680012,1560.819946,7.582159996,-0.35547181566045705,712,676.6053930367224,586.001974499633,636.3757611679151,572.4068745914567
3088,RSN14479,30,14479, SLR,4.05,32.7091,-116.0396,7.817,143.33,499,33.834,-116.797,36.85,36.91,-0.000146537,-0.000306751,7.5e-05,3.97e-05,0.477708615,0.163189631,87.25150926,5.179664862,6.120791156,0.226892803,1355.217979,3.691108312,4.090013333,203.2826969,CI,SLR,-999.0,720,-0.366645116,-0.371471551,-0.278846958,0.004826435,CI.SLR,720,-0.366645116,12.81680012,1560.819946,7.582159996,-0.3666451162585824,720,737.7694187564924,595.9582584626888,672.8070564264302,581.6855038839026
3088,RSN18367,30,18367, SLR,3.34,33.5022,-116.5193,11.15,44.92,499,33.834,-116.797,15.55,15.61,-0.001485551,-0.002320246,0.00066218,0.000253651,0.640255561,0.156134561,76.7186394,5.179664862,6.233428753,0.27925268,1797.101595,5.856673145,3.503950587,269.5652393,CI,SLR,-999.0,783,-0.4505266,-0.371471551,-0.278846958,-0.079055049,CI.SLR,783,-0.4505266,12.81680012,1560.819946,7.582159996,-0.45052660023928404,783,728.3300382929149,641.8196688484614,705.8634996288399,626.1338462601207
3088,RSN13454,30,13454, SLR,3.9,34.4032,-118.651,13.612,182.33,499,33.834,-116.797,9.5,9.66,-0.00020475,-0.000432545,9.76e-06,9.95e-06,0.473360691,0.158804444,86.01409791,5.179664862,6.281821568,0.226892803,1382.200359,20.57788945,44.31813525,207.3300539,CI,SLR,-999.0,729,-0.379067636,-0.371471551,-0.278846958,-0.007596085,CI.SLR,729,-0.379067636,12.81680012,1560.819946,7.582159996,-0.37906763625713946,729,734.6080630178556,598.4593303139444,687.0779275530102,587.3035254812077
3088,RSN17852,30,17852, SLR,3.14,33.0622,-115.8937,7.729,119.92,499,33.834,-116.797,33.08,33.17,-0.000270799,-0.000355893,7.88e-05,6.82e-05,0.760901477,0.163164178,86.73621866,5.179664862,6.11885537,0.331612558,1961.079955,3.970659824,4.516408629,294.1619933,CI,SLR,-999.0,837,-0.517217975,-0.371471551,-0.278846958,-0.145746424,CI.SLR,837,-0.517217975,12.81680012,1560.819946,7.582159996,-0.5172179747379566,837,782.8266992423355,637.2213578087612,744.2661871763221,638.0365178766949
3088,RSN16736,30,16736, SLR,3.73,33.5058,-116.7636,16.276,36.53,499,33.834,-116.797,20.67,20.73,-0.004823463,-0.013368432,0.000148734,4.08e-05,0.360809971,0.144218582,66.42079339,5.179664862,6.3549922,0.174532925,1194.783927,118.2221324,89.88147969,179.2175891,CI,SLR,-999.0,660,-0.279633739,-0.371471551,-0.278846958,0.091837812,CI.SLR,660,-0.279633739,12.81680012,1560.819946,7.582159996,-0.2796337392689523,660,571.5623700027014,541.1315602103949,583.4247232110469,534.6356477470579
3088,RSN17354,30,17354, SLR,3.56,33.4509,-116.5827,10.563,46.91,499,33.834,-116.797,22.35,22.38,-0.002526741,-0.004745618,9.67e-05,0.000251218,0.532436589,0.15730124,78.00249158,5.179664862,6.218365755,0.244346095,1539.614711,10.05796161,49.07567735,230.9422067,CI,SLR,-999.0,774,-0.438965778,-0.371471551,-0.278846958,-0.067494227,CI.SLR,774,-0.438965778,12.81680012,1560.819946,7.582159996,-0.43896577783820856,774,716.8451061896149,638.3407208365732,697.4836450851935,622.260089716424
3088,RSN15194,30,15194, SLR,3.9,33.867,-117.1038,11.856,28.63,499,33.834,-116.797,19.14,19.22,0.015963749,0.029929098,0.000635806,0.00015861,0.53338558,0.148462513,68.09621928,5.179664862,6.24946745,0.244346095,1633.571586,100.6478091,47.07268884,245.0357379,CI,SLR,-999.0,728,-0.377694952,-0.371471551,-0.278846958,-0.006223402,CI.SLR,728,-0.377694952,12.81680012,1560.819946,7.582159996,-0.37769495244516715,728,685.3514594845723,600.2023338583681,653.2486271802888,585.09000668772
3088,RSN13895,30,13895, SLR,4.17,34.3277,-116.829,4.957,54.84,499,33.834,-116.797,17.65,17.72,-0.008560207,-0.021616927,0.001247383,0.00031429,0.395995569,0.165772778,85.73019726,5.179664862,6.015610792,0.191986218,1131.178208,27.23665086,17.32982332,169.6767312,CI,SLR,-999.0,641,-0.250423361,-0.371471551,-0.278846958,0.12104819,CI.SLR,641,-0.250423361,12.81680012,1560.819946,7.582159996,-0.2504233611691511,641,594.1044330718483,523.456641095992,576.7461651685783,516.1177052150872
100048,RSN11612,36,11612, CAL,4.25,36.8049,-121.5134,3.694,76.04,519,37.4504,-121.8004,24.87,25.02,-0.006920671,-0.013914175,0.001386547,0.000865251,0.497382796,0.168294698,87.91504469,5.179664862,5.93802414,0.226892803,1358.124839,7.998454784,10.03512683,203.7187259,NC,CAL,-999.0,721,-0.328735254,-0.333014096,-0.240389503,0.004278842,NC.CAL,721,-0.328735254,19.79490089,267.375,9.751830101,-0.3287352541190609,721,751.0946872798519,627.4289464149297,752.1911324834672,617.0346962476696
100048,RSN12487,36,12487, CAL,4.18,37.3931,-121.486,8.483,28.55,519,37.4504,-121.8004,21.81,21.86,0.006485142,0.016463819,0.002454261,0.000902911,0.393902628,0.156772186,74.50938538,5.179664862,6.146971844,0.191986218,1190.624789,7.182481994,6.708259228,178.5937184,NC,CAL,-999.0,658,-0.237301048,-0.333014096,-0.240389503,0.095713048,NC.CAL,658,-0.237301048,19.79490089,267.375,9.751830101,-0.23730104815942887,658,621.1037615509466,589.8771274022927,611.8272370226841,557.3568037806314
100048,RSN13591,36,13591, CAL,3.9,37.7568,-121.9477,7.856,36.41,519,37.4504,-121.8004,23.75,23.89,-0.001467212,-0.00274615,0.000153216,0.000160053,0.534279741,0.160308427,78.91691044,5.179664862,6.121633552,0.244346095,1514.860875,9.167038419,17.9233892,227.2291313,NC,CAL,-999.0,775,-0.400959146,-0.333014096,-0.240389503,-0.06794505,NC.CAL,775,-0.400959146,19.79490089,267.375,9.751830101,-0.40095914618745887,775,741.6513359589025,675.103747553093,722.4741560521959,655.0070089699436
100048,RSN11019,36,11019, CAL,4.3,37.0995,-121.4909,3.361,47.65,519,37.4504,-121.8004,20.18,20.33,0.004848413,0.006226242,0.001026769,0.000479467,0.77870624,0.168184802,87.06181012,5.179664862,5.93802414,0.331612558,1931.61471,10.11208905,6.063917006,289.7422065,NC,CAL,-999.0,828,-0.467109271,-0.333014096,-0.240389503,-0.134095175,NC.CAL,828,-0.467109271,19.79490089,267.375,9.751830101,-0.4671092712193712,828,728.7345570317236,697.7332699902177,743.2935871624751,666.107983500968
100048,RSN12511,36,12511, CAL,4.1,37.862,-121.9995,13.322,48.94,519,37.4504,-121.8004,19.1,19.21,0.000921641,0.001704056,0.000466657,0.000264973,0.540851106,0.154101464,75.30937487,5.179664862,6.277093244,0.244346095,1591.114422,3.478244953,3.651624212,238.6671633,NC,CAL,-999.0,725,-0.334267772,-0.333014096,-0.240389503,-0.001253676,NC.CAL,725,-0.334267772,19.79490089,267.375,9.751830101,-0.3342677716887863,725,661.5128126330316,634.7052760950648,668.6070463284008,612.1011529404489
100048,RSN11661,36,11661, CAL,4.3,37.2793,-121.6191,3.442,24.87,519,37.4504,-121.8004,19.24,19.34,0.035821083,0.082476522,0.002680811,0.001285191,0.434318543,0.167464924,83.93938839,5.179664862,5.93802414,0.20943951,1215.800924,27.87218631,30.76551163,182.3701386,NC,CAL,-999.0,668,-0.25238429,-0.333014096,-0.240389503,0.080629805,NC.CAL,668,-0.25238429,19.79490089,267.375,9.751830101,-0.25238429037075694,668,593.1189328404253,585.9872546284304,608.0654511954227,565.1032013736266
100048,RSN14049,36,14049, CAL,3.7,37.8077,-122.0707,11.554,46.28,519,37.4504,-121.8004,35.5,35.64,-0.001039076,-0.001452737,0.000419682,0.0001753,0.715254263,0.155951303,76.80079014,5.179664862,6.242859346,0.314159265,1960.44372,5.927415859,3.461518483,294.066558,NC,CAL,-999.0,837,-0.477920187,-0.333014096,-0.240389503,-0.144906091,NC.CAL,837,-0.477920187,19.79490089,267.375,9.751830101,-0.477920187323587,837,780.6500592288825,713.9478368358361,774.5562712433915,670.5868001267334
100048,RSN12282,36,12282, CAL,4.23,37.901,-122.1038,14.378,56.72,519,37.4504,-121.8004,17.95,18.09,0.003740867,0.007866474,0.000388482,0.00041849,0.475545614,0.154222034,76.32906502,5.179664862,6.300455998,0.226892803,1428.678262,8.938963894,20.24926251,214.3017393,NC,CAL,-999.0,745,-0.361480335,-0.333014096,-0.240389503,-0.028466239,NC.CAL,745,-0.361480335,19.79490089,267.375,9.751830101,-0.3614803352136713,745,679.7614419470463,639.029198898033,683.8162889107108,628.9356378291876
100048,RSN12444,36,12444, CAL,4.0,37.7338,-121.9354,14.029,33.64,519,37.4504,-121.8004,19.2,19.26,-0.000527217,-0.001573308,0.000699918,0.000246948,0.335100945,0.147273013,67.84599702,5.179664862,6.288820984,0.157079633,1092.256358,2.134931241,2.247846176,163.8384537,NC,CAL,-999.0,631,-0.195401979,-0.333014096,-0.240389503,0.137612116,NC.CAL,631,-0.195401979,19.79490089,267.375,9.751830101,-0.19540197937532433,631,588.0788364250562,545.3040011511937,564.7165271541205,522.5599079748114
100048,RSN13003,36,13003, CAL,4.0,37.844,-122.2222,10.021,57.39,519,37.4504,-121.8004,26.5,26.59,0.000464363,0.001276256,0.000331864,0.000134048,0.363848046,0.159165747,80.84887982,5.179664862,6.202793758,0.174532925,1090.665008,3.464154631,3.845719933,163.5997512,NC,CAL,-999.0,630,-0.193815936,-0.333014096,-0.240389503,0.13919816,NC.CAL,630,-0.193815936,19.79490089,267.375,9.751830101,-0.19381593621969007,630,579.1567947203007,553.0653595743911,583.3058001796047,532.2891221637706
100048,RSN8671,36,8671, CAL,5.45,37.4317,-121.7767,7.486,2.95,519,37.4504,-121.8004,19.16,19.25,-0.060643028,-0.345162572,0.040534189,0.004487005,0.175694103,0.048201178,17.13748452,5.179664862,6.113244097,0.087266463,1801.869543,13.5152575,8.51534422,270.2804315,NC,CAL,-999.0,785,-0.413779835,-0.333014096,-0.240389503,-0.080765739,NC.CAL,785,-0.413779835,19.79490089,267.375,9.751830101,-0.4137798346165198,785,698.5593477428993,718.4624855747421,741.8827443672636,700.4329209310833
100055,RSN9299,38,9299, VES,5.03,35.3852,-118.6292,7.3,65.26,393,35.8409,-119.0847,12.6,12.82,-0.015579371,-0.069899528,9.49e-05,0.000101544,0.222882352,0.162914497,84.37805878,5.179664862,6.108664217,0.104719755,671.3587122,153.4248306,736.5598314,100.7038068,CI,VES,0.23,441,-0.115235264,-0.142908487,-0.050283894,0.027673224,CI.VES,441,-0.115235264,6.998569965,152.6029968,0.573539019,-0.11523526357758485,441,379.8061107998777,384.1143642757393,355.16567406248845,351.2418627803786
100055,RSN10550,38,10550, VES,4.45,34.1081,-117.3062,14.795,251.66,393,35.8409,-119.0847,14.12,14.47,0.000174953,0.000870198,1.19e-05,1.63e-05,0.201049909,0.158146709,86.84162187,5.179664862,6.313637877,0.104719755,626.5927565,10.73331288,73.12588235,93.98891348,CI,VES,0.23,425,-0.078279557,-0.142908487,-0.050283894,0.06462893,CI.VES,425,-0.078279557,6.998569965,152.6029968,0.573539019,-0.07827955705515599,425,455.5078820273199,392.76275007313467,370.9783852527082,348.1126060723273
100055,RSN18050,38,18050, VES,4.5,36.3915,-117.8683,9.117,125.4,393,35.8409,-119.0847,12.32,12.39,0.002230651,0.006867874,0.000704437,0.000845404,0.324795017,0.161665002,86.25478004,5.179664862,6.172420506,0.157079633,967.3091519,2.638562155,9.74945098,145.0963728,CI,VES,0.23,584,-0.396091371,-0.142908487,-0.050283894,-0.253182884,CI.VES,584,-0.396091371,6.998569965,152.6029968,0.573539019,-0.39609137095896596,584,556.8942653118434,535.549062691795,507.84209132956573,486.9528815431014
100055,RSN12911,38,12911, VES,4.11,36.0312,-117.7658,4.03,120.87,393,35.8409,-119.0847,21.99,22.08,0.000321155,0.001783328,0.000137785,5.38e-05,0.180087527,0.168262731,88.54143942,5.179664862,5.941161117,0.087266463,528.6801837,5.969423792,12.94283122,79.30202756,CI,VES,0.23,386,0.017972242,-0.142908487,-0.050283894,0.16088073,CI.VES,386,0.017972242,6.998569965,152.6029968,0.573539019,0.017972242404430183,386,363.2154957139806,351.1152745714537,312.69262605805045,305.80587207995603
100058,RSN16061,39,16061, JBMB,3.71,37.7173,-121.8076,16.702,53.77,584,37.3186,-122.1531,33.13,33.22,-0.00030377,-0.002151997,0.000265024,0.000123773,0.141157424,0.150389379,73.19770337,5.179664862,6.365528716,0.06981317,465.8346009,2.454250927,8.120007999,69.87519014,NC,JBMB,-999.0,359,0.486578594,0.357566142,0.450190736,0.129012452,NC.JBMB,359,0.486578594,7.979599953,783.901001,7.634349823,0.48657859433994854,359,387.7884177519107,418.8391926398971,397.9506449365752,380.17011698381964
100058,RSN8689,39,8689, JBMB,5.45,37.4317,-121.7767,7.486,35.62,584,37.3186,-122.1531,15.03,15.17,0.017050601,0.062126057,0.010275147,0.002590543,0.274451678,0.160681697,79.19975102,5.179664862,6.113244097,0.13962634,831.6175075,6.581863725,6.04624508,124.7426261,NC,JBMB,-999.0,511,0.133531393,0.357566142,0.450190736,-0.22403475,NC.JBMB,511,0.133531393,7.979599953,783.901001,7.634349823,0.13353139262452274,511,453.1749585962275,441.8722888583374,439.70162003481227,409.54850166089585
100058,RSN18851,39,18851, JBMB,4.05,37.4812,-121.7987,11.01,36.2,584,37.3186,-122.1531,40.6,40.66,-0.004816486,-0.021192898,0.001039499,0.000354639,0.227268883,0.154326302,74.03947051,5.179664862,6.229990225,0.104719755,721.9978258,13.58137712,20.38760788,108.2996739,NC,JBMB,-999.0,465,0.227863577,0.357566142,0.450190736,-0.129702565,NC.JBMB,465,0.227863577,7.979599953,783.901001,7.634349823,0.22786357724087125,465,436.2345116210226,408.14073856429303,413.01079621631504,380.73625187728345
100058,RSN12293,39,12293, JBMB,4.23,37.901,-122.1038,14.378,64.79,584,37.3186,-122.1531,15.49,15.59,-0.001580634,-0.008088683,0.000563441,0.000333952,0.195412967,0.155256831,78.0113675,5.179664862,6.300455998,0.104719755,621.0227715,4.733117334,14.35586512,93.15341573,NC,JBMB,-999.0,423,0.322528804,0.357566142,0.450190736,-0.035037339,NC.JBMB,423,0.322528804,7.979599953,783.901001,7.634349823,0.3225288037819496,423,412.1635955778165,386.4554599297172,398.432883619624,362.12066710974824
100058,RSN12527,39,12527, JBMB,4.1,37.862,-121.9995,13.322,61.82,584,37.3186,-122.1531,19.8,19.9,-0.002173951,-0.018241601,0.00049012,0.000365179,0.119175431,0.156052596,78.39471405,5.179664862,6.277093244,0.052359878,379.6831167,5.953110666,37.21864237,56.95246751,NC,JBMB,-999.0,315,0.617328344,0.357566142,0.450190736,0.259762202,NC.JBMB,315,0.617328344,7.979599953,783.901001,7.634349823,0.6173283440025941,315,327.0039554593238,344.6769722414642,346.6231505099644,326.8395674684922
100085,RSN19291,45,19291, PHSB,3.8,36.6652,-121.2928,7.59,95.78,422,35.824,-121.0539,22.28,22.37,-0.000419541,-0.002688038,0.000174684,4.54e-05,0.156077036,0.163113361,85.98976153,5.179664862,6.115695017,0.06981317,473.8688099,9.240991189,15.38800348,71.08032149,NC,PHSB,-999.0,362,0.153361102,0.10773133,0.200355924,0.045629772,NC.PHSB,362,0.153361102,15.38220024,456.9030151,7.475399971,0.15336110221024057,362,354.6961373969809,318.72723533947726,365.34339201065364,322.89478469751975
100085,RSN14139,45,14139, PHSB,3.8,36.6815,-121.3092,5.568,97.88,422,35.824,-121.0539,20.25,20.31,-0.000573134,-0.003708485,0.000496725,0.000174029,0.154546587,0.165136585,87.27573066,5.179664862,6.048749462,0.06981317,463.5802015,3.293324676,7.465871458,69.53703023,NC,PHSB,-999.0,358,0.164472328,0.10773133,0.200355924,0.056740997,NC.PHSB,358,0.164472328,15.38220024,456.9030151,7.475399971,0.16447232763531172,358,350.06527205258743,315.62059703952866,362.8524662876102,320.28293260553494
100085,RSN14974,45,14974, PHSB,3.7,35.6371,-120.7559,6.53,34.01,422,35.824,-121.0539,20.48,20.54,0.003099906,0.014588228,0.00142569,0.000289612,0.21249365,0.161897703,80.1954097,5.179664862,6.086524027,0.104719755,645.4622031,10.70365178,10.23239835,96.81933047,NC,PHSB,-999.0,432,-0.023420274,0.10773133,0.200355924,-0.131151605,NC.PHSB,432,-0.023420274,15.38220024,456.9030151,7.475399971,-0.023420274208098668,432,405.65981296096004,355.8847946646254,386.17966916768955,348.1447600926134
100085,RSN18518,45,18518, PHSB,3.48,35.8309,-120.3782,6.939,61.06,422,35.824,-121.0539,20.63,20.69,0.000452394,0.005290147,0.000295072,6.07e-05,0.085516394,0.163137439,84.25191083,5.179664862,6.098979266,0.034906585,261.3058298,7.452948929,17.92832597,39.19587447,NC,PHSB,-999.0,245,0.543747103,0.10773133,0.200355924,0.436015773,NC.PHSB,245,0.543747103,15.38220024,456.9030151,7.475399971,0.5437471034912846,245,333.2650464458629,331.4544037871725,341.0937886595674,307.5669667897546
100085,RSN8736,45,8736, PHSB,5.45,37.4317,-121.7767,7.486,189.76,422,35.824,-121.0539,15.6,15.92,-0.002652344,-0.010814911,0.000812348,0.000357271,0.245248773,0.163482006,88.0240793,5.179664862,6.113244097,0.122173048,733.9516547,7.423899505,13.31315028,110.0927482,NC,PHSB,-999.0,470,-0.107727381,0.10773133,0.200355924,-0.215458711,NC.PHSB,470,-0.107727381,15.38220024,456.9030151,7.475399971,-0.10772738066809229,470,435.67823996915416,397.73959384582173,427.0832408840417,370.8284740264654
100085,RSN18487,45,18487, PHSB,4.01,35.8628,-120.4101,9.132,58.32,422,35.824,-121.0539,20.15,20.28,0.002910752,0.012537299,0.000716518,0.00021136,0.232167378,0.160372522,81.88059314,5.179664862,6.172976895,0.122173048,710.3450366,13.77153671,17.4975353,106.5517555,NC,PHSB,-999.0,459,-0.084044896,0.10773133,0.200355924,-0.191776226,NC.PHSB,459,-0.084044896,15.38220024,456.9030151,7.475399971,-0.08404489602453324,459,409.060320724494,373.10864175055167,403.43315069018064,365.169600723836
100109,RSN9020,58,9020, GOR,5.2,33.5328,-116.5697,15.48,74.41,559,33.1537,-117.2292,19.41,19.58,0.02369514,0.016729279,0.000658687,0.000186635,1.416387415,0.154867122,78.78065844,5.179664862,6.333749326,0.471238898,2966.234543,126.9597878,25.39791889,444.9351815,CI,GOR,5.44,1151,-0.722236936,-0.63447892,-0.541854327,-0.087758015,CI.GOR,859,-0.429619449,9.207229614,125.9499969,2.980380058,-0.4296194488291558,859,523.1101357594777,574.5742632923187,698.8055606950475,627.3402585053365
100109,RSN15358,58,15358, GOR,3.87,33.928,-116.7858,18.501,95.24,559,33.1537,-117.2292,22.24,22.33,-0.000399698,-0.000342551,3.3e-05,1.69e-05,1.166826816,0.153498326,79.45337688,5.179664862,6.40467109,0.436332313,2725.593783,23.65076923,10.38033333,408.8390675,CI,GOR,5.44,1079,-0.657640492,-0.63447892,-0.541854327,-0.023161572,CI.GOR,806,-0.365934269,9.207229614,125.9499969,2.980380058,-0.36593426935152884,806,480.2759685755488,539.7090425113068,672.1697567772545,597.8442971945649
100109,RSN13996,58,13996, GOR,4.15,33.638,-116.7082,12.649,72.35,559,33.1537,-117.2292,13.76,13.82,-0.002755463,-0.003088443,0.000237066,6.99e-05,0.892184971,0.157504824,80.6824719,5.179664862,6.265244507,0.366519143,2262.942485,39.42007153,13.02777707,339.4413728,CI,GOR,5.44,935,-0.514397056,-0.63447892,-0.541854327,0.120081864,CI.GOR,698,-0.22206963,9.207229614,125.9499969,2.980380058,-0.22206962960727328,698,576.2618066450976,483.7540446682571,660.8541894349921,538.4574009659406
100109,RSN12846,58,12846, GOR,4.02,33.7129,-116.0516,12.808,125.85,559,33.1537,-117.2292,24.8,24.88,0.001286684,0.001064527,0.000177449,0.000262076,1.208690747,0.15881796,84.56036574,5.179664862,6.268161535,0.436332313,2678.769856,4.90958348,5.999058885,401.8154784,CI,GOR,5.44,1064,-0.643641197,-0.63447892,-0.541854327,-0.009162277,CI.GOR,794,-0.350933988,9.207229614,125.9499969,2.980380058,-0.350933988092037,794,514.0185338986292,534.0919602303102,751.6914287127954,608.1141490443491
100111,RSN17426,59,17426, GSC,3.73,35.2675,-117.3498,7.92,49.64,679,35.3018,-116.8057,22.11,22.19,0.000356791,0.000722486,2.57e-05,1.15e-05,0.493838086,0.161647541,81.79638158,5.179664862,6.122995859,0.226892803,1405.786787,31.02530435,28.11229572,210.8680181,CI,GSC,-999.0,737,-0.081966765,-0.035106954,0.05751764,-0.046859811,CI.GSC,737,-0.081966765,38.9856987,1000.460022,7.605160236,-0.08196676463064012,737,678.4635920884942,646.3002903027145,664.7722489686934,608.0389676052735
100111,RSN12403,59,12403, GSC,4.27,36.1466,-118.0613,4.057,147.28,679,35.3018,-116.8057,20.73,20.84,0.000132309,0.000334305,1.48e-05,7.4e-06,0.395772896,0.168201354,88.79222583,5.179664862,5.943934512,0.191986218,1114.301118,17.87959459,22.58817568,167.1451677,CI,GSC,-999.0,636,0.065422564,-0.035106954,0.05751764,0.100529518,CI.GSC,636,0.065422564,38.9856987,1000.460022,7.605160236,0.06542256421857395,636,627.2425853527598,565.54556057833,576.7727634884084,533.4773429656487
100111,RSN14728,59,14728, GSC,3.84,34.2268,-117.4407,8.593,132.67,679,35.3018,-116.8057,21.7,21.84,-0.000485584,-0.000874491,1.87e-05,1.48e-05,0.555275911,0.162284948,86.68274318,5.179664862,6.151676073,0.261799388,1547.690092,32.80972973,46.7642246,232.1535138,CI,GSC,-999.0,767,-0.121865674,-0.035106954,0.05751764,-0.08675872,CI.GSC,767,-0.121865674,38.9856987,1000.460022,7.605160236,-0.12186567380855973,767,785.9139386050509,689.6915656659589,717.5398391999571,641.5430895511219
100111,RSN15526,59,15526, GSC,3.68,34.7251,-116.0506,2.727,94.04,679,35.3018,-116.8057,22.36,22.52,0.00017141,0.000333339,1.8e-05,9.33e-06,0.51422162,0.168376523,88.92458488,5.179664862,5.93802414,0.244346095,1399.078683,18.37191854,18.51883333,209.8618025,CI,GSC,-999.0,734,-0.077887901,-0.035106954,0.05751764,-0.042780947,CI.GSC,734,-0.077887901,38.9856987,1000.460022,7.605160236,-0.07788790105581889,734,727.7150615084377,647.2338483320814,685.9658743986894,616.1736954593008
100111,RSN16880,59,16880, GSC,3.6,34.2088,-117.5824,7.536,140.57,679,35.3018,-116.8057,14.02,14.11,-0.000147057,-0.000280919,1.2e-05,9.49e-06,0.523484458,0.163366986,87.30784474,5.179664862,6.114431914,0.244346095,1462.660926,15.49599579,23.40991667,219.3991389,CI,GSC,-999.0,757,-0.108742126,-0.035106954,0.05751764,-0.073635172,CI.GSC,757,-0.108742126,38.9856987,1000.460022,7.605160236,-0.1087421258787522,757,775.68256944259,679.4547451026858,708.1846913616265,633.1787728685779
100111,RSN15164,59,15164, GSC,3.9,33.867,-117.1038,11.856,161.5,679,35.3018,-116.8057,26.01,26.16,-0.000274417,-0.00067043,1.9e-05,9.84e-06,0.409314631,0.15964658,86.11843049,5.179664862,6.24946745,0.191986218,1208.682401,27.8879065,35.28578947,181.3023602,CI,GSC,-999.0,665,0.020834087,-0.035106954,0.05751764,0.055941041,CI.GSC,665,0.020834087,38.9856987,1000.460022,7.605160236,0.020834086902842053,665,669.6023677462441,593.1369442178807,625.0775993721581,561.4677722240345
100111,RSN8798,59,8798, GSC,5.39,33.9465,-117.7667,14.89,174.27,679,35.3018,-116.8057,25.11,25.37,-0.012073135,-0.020617921,0.001107724,0.000733796,0.585565108,0.15780676,85.40962495,5.179664862,6.31653763,0.261799388,1657.840545,16.45298557,18.61286837,248.6760818,CI,GSC,-999.0,736,-0.080608991,-0.035106954,0.05751764,-0.045502037,CI.GSC,736,-0.080608991,38.9856987,1000.460022,7.605160236,-0.08060899117018039,736,723.7409642287831,652.4377179584638,684.2129165574963,614.0536820724435
100111,RSN16012,59,16012, GSC,3.73,35.6346,-117.5657,2.693,78.24,679,35.3018,-116.8057,32.26,32.33,0.000111411,0.000268476,6.32e-05,1.94e-05,0.414975271,0.168364417,88.72387218,5.179664862,5.93802414,0.191986218,1159.712849,5.742835052,4.248037975,173.9569274,CI,GSC,-999.0,647,0.048274833,-0.035106954,0.05751764,0.083381787,CI.GSC,647,0.048274833,38.9856987,1000.460022,7.605160236,0.04827483305779534,647,678.2763601572591,577.3487296182117,649.220193075245,553.2153371087896
100111,RSN10069,59,10069, GSC,4.18,34.3617,-118.6637,11.151,199.41,679,35.3018,-116.8057,6.58,6.74,7e-05,0.000193462,1.68e-05,1.14e-05,0.361995096,0.160214315,87.06514799,5.179664862,6.233452986,0.174532925,1078.632087,6.140350877,11.51559524,161.7948131,CI,GSC,-999.0,627,0.079674587,-0.035106954,0.05751764,0.114781541,CI.GSC,627,0.079674587,38.9856987,1000.460022,7.605160236,0.07967458692577534,627,643.2546952517689,561.6805315686478,588.6639650164599,529.3838995255182
100111,RSN13997,59,13997, GSC,4.15,33.638,-116.7082,12.649,184.78,679,35.3018,-116.8057,14.92,15.06,-7.52e-05,-0.000184399,1.45e-05,1.44e-05,0.407887925,0.159288294,86.35770917,5.179664862,6.265244507,0.191986218,1207.761407,5.222222222,12.71717241,181.1642111,CI,GSC,-999.0,665,0.020834087,-0.035106954,0.05751764,0.055941041,CI.GSC,665,0.020834087,38.9856987,1000.460022,7.605160236,0.020834086902842053,665,673.3819498663073,594.9958939829148,625.1854704864006,561.4677722240345
100111,RSN18014,59,18014, GSC,5.0,36.3864,-117.8583,7.408,153.38,679,35.3018,-116.8057,13.1,13.31,0.001196209,0.001736223,0.000234607,0.000139816,0.688971737,0.163484617,87.58596003,5.179664862,6.11135504,0.296705973,1815.295248,8.555594496,7.400559233,272.2942872,CI,GSC,-999.0,789,-0.150145193,-0.035106954,0.05751764,-0.115038239,CI.GSC,789,-0.150145193,38.9856987,1000.460022,7.605160236,-0.15014519328717757,789,774.5269380088645,696.182746955114,722.8510041166198,654.5570852843892
100114,RSN11196,61,11196, LDR,4.42,34.0665,-118.8938,12.827,114.36,378,34.9906,-118.3416,26.27,26.46,-0.001263289,-0.001899452,3.03e-05,4.39e-05,0.665080929,0.158661011,84.02496521,5.179664862,6.268505043,0.296705973,1824.408237,28.77651481,62.68818482,273.6612356,CI,LDR,-999.0,792,-0.739667196,-0.735366324,-0.642741731,-0.004300872,CI.LDR,792,-0.739667196,7.184519768,1117.209961,6.364550114,-0.739667196194838,792,744.2915045087323,762.9170031657535,633.8985642790603,710.3037877760149
100114,RSN17569,61,17569, LDR,3.4,34.0733,-118.867,10.648,112.61,378,34.9906,-118.3416,20.46,20.59,-0.000121918,-0.000215417,1.23e-05,1.27e-05,0.565961273,0.160150933,85.03239759,5.179664862,6.220655727,0.261799388,1591.590567,9.59984252,17.51357724,238.7385851,CI,LDR,-999.0,724,-0.649897197,-0.735366324,-0.642741731,0.085469128,CI.LDR,724,-0.649897197,7.184519768,1117.209961,6.364550114,-0.649897196766128,724,679.7403940504736,698.0716204299705,586.0437662530913,651.3680179249275
100114,RSN9211,61,9211, LDR,5.03,35.3852,-118.6292,7.3,51.02,378,34.9906,-118.3416,15.05,15.26,-0.058446611,-0.073784971,0.000395975,9.45e-05,0.79212081,0.162365411,82.67359334,5.179664862,6.108664217,0.331612558,2023.121799,618.4826561,186.3374481,303.4682699,CI,LDR,-999.0,858,-0.819709904,-0.735366324,-0.642741731,-0.084343579,CI.LDR,858,-0.819709904,7.184519768,1117.209961,6.364550114,-0.8197099038683744,858,795.1256699115395,840.1538682248748,723.1044199674143,768.0510568515813
100114,RSN16017,61,16017, LDR,3.73,35.6346,-117.5657,2.693,100.42,378,34.9906,-118.3416,34.86,35.09,-0.000196621,-0.000307846,2.09e-05,1.21e-05,0.638697907,0.168381062,89.01028463,5.179664862,5.93802414,0.27925268,1663.443094,16.24966942,14.72947368,249.5164641,CI,LDR,-999.0,738,-0.669049629,-0.735366324,-0.642741731,0.066316695,CI.LDR,738,-0.669049629,7.184519768,1117.209961,6.364550114,-0.6690496289808845,738,746.6608692897771,754.3276073264021,660.4710646219014,687.8751968564284
100114,RSN18215,61,18215, LDR,4.36,36.3932,-117.8644,8.798,161.5,378,34.9906,-118.3416,12.16,12.33,-0.001559587,-0.00205685,9.78e-05,3.87e-05,0.758240674,0.162142388,87.20975481,5.179664862,6.160106881,0.331612558,1968.876022,40.29940568,21.03118609,295.3314033,CI,LDR,-999.0,840,-0.798507696,-0.735366324,-0.642741731,-0.063141372,CI.LDR,840,-0.798507696,7.184519768,1117.209961,6.364550114,-0.7985076962177713,840,858.6842233992671,848.3191658872879,725.5655268943111,767.3709137069067
100115,RSN10084,62,10084, LEV,4.18,34.3617,-118.6637,11.151,44.26,505,34.6146,-118.291,6.46,6.62,-0.002787935,-0.005374672,0.000200076,0.000208375,0.518717253,0.156133142,76.71737727,5.179664862,6.233452986,0.244346095,1519.318652,13.37941212,26.863152,227.8977978,,,-1.0,776,-0.429594091,-0.342913119,-0.250288525,-0.086680972,NA.NA,776,-0.429594091,2.213140011,967.0469971,3.833169937,-0.4295940909078588,776,735.6876623467604,748.7986841824421,702.6664791865763,735.8786183292846
100115,RSN8807,62,8807, LEV,5.39,33.9465,-117.7667,14.89,88.45,505,34.6146,-118.291,22.21,22.6,0.04247563,0.042084395,0.002425734,0.001053653,1.009296431,0.15633465,80.92898812,5.179664862,6.31653763,0.401425728,2465.117699,40.31273104,17.34913845,369.7676549,,,-1.0,999,-0.682196349,-0.342913119,-0.250288525,-0.339283231,NA.NA,999,-0.682196349,2.213140011,967.0469971,3.833169937,-0.6821963493731937,999,728.9817380982254,915.2864307077077,806.4412044864107,915.3136373267845
100115,RSN9921,62,9921, LEV,4.59,34.9977,-119.1926,10.662,92.8,505,34.6146,-118.291,3.94,4.08,0.003128385,0.006010452,0.000281253,0.000115998,0.520490841,0.159846632,83.93928011,5.179664862,6.221029194,0.244346095,1488.066124,26.96930119,21.37026805,223.2099186,,,-1.0,766,-0.41662374,-0.342913119,-0.250288525,-0.073710622,NA.NA,766,-0.41662374,2.213140011,967.0469971,3.833169937,-0.4166237404652309,766,700.1991260290436,721.7547869705936,676.4223131056564,716.9772939432859
100115,RSN10459,62,10459, LEV,4.45,34.1081,-117.3062,14.795,106.6,505,34.6146,-118.291,14.15,14.23,-0.002580233,-0.0061157,0.0022709,0.000248721,0.421903173,0.157037779,82.51529386,5.179664862,6.313637877,0.191986218,1261.115355,10.37400541,2.693073231,189.1673033,,,-1.0,686,-0.306319198,-0.342913119,-0.250288525,0.03659392,NA.NA,686,-0.306319198,2.213140011,967.0469971,3.833169937,-0.3063191984505247,686,640.7816807034158,646.9975798626774,602.2129150720366,640.9888926863085
100115,RSN9212,62,9212, LEV,5.03,35.3852,-118.6292,7.3,90.89,505,34.6146,-118.291,9.5,9.72,-0.008501908,-0.014240742,0.000304725,0.000287644,0.597012982,0.163293312,85.95098517,5.179664862,6.108664217,0.261799388,1625.763439,29.55704969,46.73309377,243.8645159,,,-1.0,725,-0.361613226,-0.342913119,-0.250288525,-0.018700107,NA.NA,725,-0.361613226,2.213140011,967.0469971,3.833169937,-0.3616132255793145,725,656.4825787773141,685.5583894965139,650.140372307377,682.8905183409104
100115,RSN10225,62,10225, LEV,4.34,35.0174,-119.1492,9.557,90.34,505,34.6146,-118.291,7.84,7.9,-0.000499439,-0.003114033,0.000601485,0.000247623,0.160383442,0.16086213,84.50811705,5.179664862,6.187968323,0.087266463,494.0938631,2.016932999,5.177241328,74.11407947,,,-1.0,371,0.308356367,-0.342913119,-0.250288525,0.651269485,NA.NA,371,0.308356367,2.213140011,967.0469971,3.833169937,0.3083563666679252,371,348.9042935586194,351.99094184338134,365.40109027627875,368.0358387232943
100115,RSN10735,62,10735, LEV,4.66,34.2983,-118.6255,8.038,46.65,505,34.6146,-118.291,20.04,20.15,0.002945436,0.004496194,0.000619738,0.000327186,0.655095357,0.161264261,81.1109515,5.179664862,6.126524324,0.296705973,1775.630838,9.002328951,7.254991625,266.3446257,,,-1.0,776,-0.429594091,-0.342913119,-0.250288525,-0.086680972,NA.NA,776,-0.429594091,2.213140011,967.0469971,3.833169937,-0.4295940909078588,776,714.7772358559408,739.8802854915327,708.3052041663566,733.8929385274473
100115,RSN11729,62,11729, LEV,4.5,34.3365,-116.8617,8.94,134.88,505,34.6146,-118.291,16.15,16.26,0.003153062,0.005857322,0.001570835,0.000298575,0.538311221,0.161899226,86.58353995,5.179664862,6.165704274,0.244346095,1508.886287,10.56036842,3.728795195,226.3329431,,,-1.0,773,-0.425720619,-0.342913119,-0.250288525,-0.082807501,NA.NA,773,-0.425720619,2.213140011,967.0469971,3.833169937,-0.4257206193120622,773,787.8647109730791,760.9790802123985,739.4238546921838,744.4106799244823
100118,RSN16616,64,16616, LUG,3.69,33.735,-117.4936,9.693,70.92,365,34.3656,-117.3668,16.91,17.07,-0.002194666,-0.007397474,4.67e-05,5.92e-05,0.296677722,0.160219919,82.8193937,5.179664862,6.192470162,0.13962634,896.375952,37.07206081,158.4041542,134.4563928,CI,LUG,0.32,545,-0.400888441,-0.170436382,-0.077811789,-0.230452059,CI.LUG,545,-0.400888441,3.733690023,1137.849976,3.054860115,-0.4008884410807525,545,486.2926868489171,498.7728920593286,516.0525289395367,509.56814240766056
100118,RSN16955,64,16955, LUG,3.63,34.1242,-116.405,9.555,92.56,365,34.3656,-117.3668,12.09,12.24,0.000476428,0.003206456,3.72e-05,4.2e-05,0.148584098,0.160896244,84.62935203,5.179664862,6.187901101,0.06981317,457.842839,11.34352381,86.19505376,68.67642585,CI,LUG,0.32,355,0.027779564,-0.170436382,-0.077811789,0.198215946,CI.LUG,355,0.027779564,3.733690023,1137.849976,3.054860115,0.027779564107075494,355,351.01630250806664,385.27290724918805,366.7966626637754,376.563366845682
100118,RSN10092,64,10092, LUG,4.18,34.3617,-118.6637,11.151,119.3,365,34.3656,-117.3668,10.9,11.04,0.002539354,0.007876768,0.001910305,0.000526346,0.32238528,0.159834401,85.08321114,5.179664862,6.233452986,0.157079633,971.7992807,4.824495674,4.12330387,145.7698921,CI,LUG,0.32,586,-0.473422436,-0.170436382,-0.077811789,-0.302986054,CI.LUG,586,-0.473422436,3.733690023,1137.849976,3.054860115,-0.4734224359945207,586,518.1204637604735,530.089600787249,560.7512264274304,546.4013725382808
100118,RSN12618,64,12618, LUG,4.11,33.5089,-116.8485,12.274,106.42,365,34.3656,-117.3668,14.4,14.55,-0.000345138,-0.001265736,0.000225477,7.49e-05,0.272678015,0.158880958,83.8715492,5.179664862,6.258050482,0.13962634,835.9791904,4.607983979,5.613592517,125.3968786,CI,LUG,0.32,513,-0.340378492,-0.170436382,-0.077811789,-0.169942109,CI.LUG,513,-0.340378492,3.733690023,1137.849976,3.054860115,-0.34037849158827793,513,449.35464130830786,464.5785766955814,481.658108561699,477.5844353876874
100118,RSN19382,64,19382, LUG,3.43,34.1381,-117.4717,5.767,27.02,365,34.3656,-117.3668,22.06,22.17,-0.00476975,-0.017380498,0.000214609,2.78e-05,0.274431129,0.162155631,79.20443397,5.179664862,6.057771424,0.13962634,824.0009702,171.573741,80.98680857,123.6001455,CI,LUG,0.32,508,-0.330584094,-0.170436382,-0.077811789,-0.160147712,CI.LUG,508,-0.330584094,3.733690023,1137.849976,3.054860115,-0.33058409399599054,508,464.7513387717423,483.27666485501766,495.1088331520834,484.1405500267498
100118,RSN17466,64,17466, LUG,3.59,34.0938,-117.4347,3.015,30.79,365,34.3656,-117.3668,31.35,31.42,-0.001068728,-0.006081341,0.000183272,4.74e-05,0.175738938,0.168001132,86.02531936,5.179664862,5.93802414,0.087266463,517.1021093,22.54700422,33.18205181,77.5653164,CI,LUG,0.32,381,-0.042902022,-0.170436382,-0.077811789,0.127534361,CI.LUG,381,-0.042902022,3.733690023,1137.849976,3.054860115,-0.042902021544209745,381,375.81686281768935,397.32212756347394,379.00733715700596,387.2765560351167
100118,RSN15001,64,15001, LUG,3.74,34.1651,-117.4332,7.875,23.07,365,34.3656,-117.3668,21.67,21.74,-0.002515957,-0.017263309,0.000204029,0.00053141,0.145740139,0.155908797,72.64597536,5.179664862,6.12204057,0.06981317,463.634191,4.734493141,84.61203554,69.54512865,CI,LUG,0.32,358,0.019364367,-0.170436382,-0.077811789,0.18980075,CI.LUG,358,0.019364367,3.733690023,1137.849976,3.054860115,0.01936436718179113,358,352.08658803330565,396.04853053433516,362.40955598253106,383.36830865299214
100118,RSN14509,64,14509, LUG,4.01,33.2617,-116.0659,5.761,171.75,365,34.3656,-117.3668,42.6,42.8,-0.000251522,-0.000870649,0.00011483,0.000117453,0.288890023,0.16501963,88.39580046,5.179664862,6.057510055,0.13962634,849.2055436,2.141469354,7.582069146,127.3808315,CI,LUG,0.32,520,-0.353931458,-0.170436382,-0.077811789,-0.183495076,CI.LUG,520,-0.353931458,3.733690023,1137.849976,3.054860115,-0.35393145799298154,520,513.1897031739053,491.4473339112699,546.7083742643176,504.14274796190864
100118,RSN13731,64,13731, LUG,3.97,33.9535,-117.7457,11.873,57.54,365,34.3656,-117.3668,13.55,13.61,-0.000903953,-0.003351229,0.000225456,0.000240037,0.269737732,0.157071106,79.01212428,5.179664862,6.249828919,0.13962634,837.1059142,3.765890259,14.86422628,125.5658871,CI,LUG,0.32,514,-0.342325912,-0.170436382,-0.077811789,-0.17188953,CI.LUG,514,-0.342325912,3.733690023,1137.849976,3.054860115,-0.342325911872674,514,458.90011791283524,469.31632411907447,481.64163926232055,481.3095681084534
100118,RSN17091,64,17091, LUG,3.52,34.2098,-116.4371,4.645,87.33,365,34.3656,-117.3668,25.7,25.79,0.000304348,0.0023459,0.000128071,7.82e-05,0.129736252,0.166663807,87.54452654,5.179664862,5.994593769,0.06981317,386.9209219,3.891918159,18.31718344,58.03813829,CI,LUG,0.32,319,0.134706251,-0.170436382,-0.077811789,0.305142633,CI.LUG,319,0.134706251,3.733690023,1137.849976,3.054860115,0.1347062507976471,319,375.4455253707311,385.3989063786029,367.08874278860947,370.80902251039913
100118,RSN9374,64,9374, LUG,4.88,34.0655,-117.0011,17.501,47.37,365,34.3656,-117.3668,17.0,17.1,-0.018375533,-0.145316042,0.00328511,0.000559436,0.126452197,0.147444435,70.26620694,5.179664862,6.383907006,0.06981317,426.4610037,32.84653294,44.23475683,63.96915056,CI,LUG,0.32,340,0.070951736,-0.170436382,-0.077811789,0.241388118,CI.LUG,340,0.070951736,3.733690023,1137.849976,3.054860115,0.07095173597228399,340,345.3045186438153,390.70585307979917,358.9610189725773,382.19420063213124
100118,RSN16676,64,16676, LUG,3.79,34.0456,-117.2248,15.927,37.83,365,34.3656,-117.3668,33.19,33.34,0.002427908,0.016734132,5.9e-05,4.28e-05,0.145087163,0.146136743,68.0292536,5.179664862,6.345939946,0.06981317,492.4664201,56.72682243,283.6293559,73.86996302,CI,LUG,0.32,370,-0.013605652,-0.170436382,-0.077811789,0.15683073,CI.LUG,370,-0.013605652,3.733690023,1137.849976,3.054860115,-0.01360565205577835,370,361.9871446952643,406.1796465606585,365.0345559030154,396.648307443561
100119,RSN12767,65,12767, MCT,4.26,33.9538,-116.3912,7.696,44.29,1188,34.2265,-116.0407,20.4,20.46,-0.000633295,-0.002046011,0.000324419,4.41e-05,0.309526776,0.161502582,81.14893426,5.179664862,6.118116656,0.157079633,926.7477688,14.36043084,6.306692888,139.0121653,CI,MCT,-999.0,562,0.74852465,0.441615991,0.534240584,0.306908659,CI.MCT,562,0.74852465,24.11910057,615.335022,8.528459549,0.7485246500288998,562,507.73831401237004,648.4653962857404,517.1459309517279,635.5199370148779
100119,RSN14597,65,14597, MCT,4.11,35.6211,-117.5805,9.045,209.12,1188,34.2265,-116.0407,48.75,48.91,8.2e-05,0.00010083,5.36e-06,4.42e-06,0.813300626,0.161959576,87.7743349,5.179664862,6.169722379,0.34906585,2070.831625,18.5520362,18.81156716,310.6247438,CI,MCT,-999.0,873,0.308090944,0.441615991,0.534240584,-0.133525047,CI.MCT,873,0.308090944,24.11910057,615.335022,8.528459549,0.30809094408298865,873,850.6636767606951,888.7967582923463,883.8423077381508,877.8730253029116
100119,RSN16618,65,16618, MCT,3.69,33.735,-117.4936,9.693,144.91,1188,34.2265,-116.0407,11.48,11.63,5.49e-05,9.7e-05,5.28e-06,3.64e-06,0.565351943,0.161188888,86.5212585,5.179664862,6.192470162,0.261799388,1580.030336,15.08241758,18.37121212,237.0045504,CI,MCT,-999.0,735,0.480156001,0.441615991,0.534240584,0.03854001,CI.MCT,735,0.480156001,24.11910057,615.335022,8.528459549,0.48015600070975406,735,750.5104692197415,786.3093866013157,730.195661347864,781.7189385475241
100119,RSN15633,65,15633, MCT,3.87,33.7513,-116.0218,8.756,52.74,1188,34.2265,-116.0407,22.85,22.93,0.001067178,0.003121836,8.79e-05,1.79e-05,0.341843123,0.160533681,81.35280516,5.179664862,6.158414042,0.157079633,1020.156354,59.61888268,35.51576792,153.0234531,CI,MCT,-999.0,609,0.668208232,0.441615991,0.534240584,0.226592241,CI.MCT,609,0.668208232,24.11910057,615.335022,8.528459549,0.6682082322126934,609,542.5508005570517,670.3851581766512,566.1519725831794,677.6067553533077
100119,RSN14510,65,14510, MCT,4.01,33.2617,-116.0659,5.761,107.04,1188,34.2265,-116.0407,30.8,30.98,-0.000730291,-0.000614926,1.47e-05,1.13e-05,1.1876091,0.164914888,87.4038239,5.179664862,6.057510055,0.436332313,2558.414323,64.62752212,41.83170068,383.7621485,CI,MCT,-999.0,1027,0.14562929,0.441615991,0.534240584,-0.295986701,CI.MCT,1027,0.14562929,24.11910057,615.335022,8.528459549,0.1456292899940328,1027,883.1394125631226,981.8913063663115,911.6211952968224,991.8014488210637
100119,RSN13258,65,13258, MCT,4.19,34.3571,-116.8418,9.486,75.16,1188,34.2265,-116.0407,18.45,18.52,0.002363354,0.003583455,0.000149676,9.75e-06,0.659518303,0.16061413,83.45814414,5.179664862,6.185563454,0.296705973,1791.441152,242.3952821,23.94141345,268.7161728,CI,MCT,-999.0,781,0.41945135,0.441615991,0.534240584,-0.022164641,CI.MCT,781,0.41945135,24.11910057,615.335022,8.528459549,0.41945135008290446,781,705.7652060322447,765.5151189778803,727.0381281203008,781.5987681187559
100119,RSN16764,65,16764, MCT,3.72,33.1099,-116.0467,7.494,123.85,1188,34.2265,-116.0407,36.08,36.15,-0.000108628,-0.000182579,8.61e-06,5.45e-06,0.594963464,0.163342909,86.95304939,5.179664862,6.113435346,0.261799388,1621.064005,19.93174312,21.20545877,243.1596008,CI,MCT,-999.0,723,0.496617278,0.441615991,0.534240584,0.055001287,CI.MCT,723,0.496617278,24.11910057,615.335022,8.528459549,0.4966172777638258,723,720.2848783141657,776.2314749232655,690.8004362356146,761.5166219142159
100119,RSN16271,65,16271, MCT,3.64,33.223,-116.7186,8.687,127.81,1188,34.2265,-116.0407,27.75,27.82,-0.000104347,-0.00021071,6.63e-05,3.98e-05,0.495215608,0.162152354,86.50882977,5.179664862,6.155594857,0.226892803,1404.585211,2.62178392,3.178129713,210.6877817,CI,MCT,-999.0,736,0.478796381,0.441615991,0.534240584,0.03718039,CI.MCT,736,0.478796381,24.11910057,615.335022,8.528459549,0.4787963811937139,736,753.6658501062279,798.4326974103867,729.7067661659056,786.712779663771
100119,RSN17269,65,17269, MCT,3.53,34.2894,-116.8271,6.278,72.77,1188,34.2265,-116.0407,25.81,25.89,0.00045162,0.000826224,3.2e-05,1.53e-05,0.546606978,0.164077275,85.74856457,5.179664862,6.07791863,0.244346095,1506.825372,29.51764706,25.8195,226.0238058,CI,MCT,-999.0,772,0.43104195,0.441615991,0.534240584,-0.010574041,CI.MCT,772,0.43104195,24.11910057,615.335022,8.528459549,0.4310419498978142,772,718.3559211696479,805.1911691430726,726.552423671576,805.7926638837623
100119,RSN14245,65,14245, MCT,3.94,32.7219,-116.8133,20.237,181.67,1188,34.2265,-116.0407,18.8,18.96,-0.000108013,-0.000141593,1.16e-05,9.01e-06,0.762844094,0.154389813,83.89982713,5.179664862,6.440435438,0.331612558,2076.021661,11.98812431,12.2062931,311.4032492,CI,MCT,-999.0,875,0.305802614,0.441615991,0.534240584,-0.135813377,CI.MCT,875,0.305802614,24.11910057,615.335022,8.528459549,0.3058026135649765,875,935.7350884526859,878.4636973194467,877.0808935784005,890.163365360801
100119,RSN8812,65,8812, MCT,5.39,33.9465,-117.7667,14.89,162.3,1188,34.2265,-116.0407,24.2,24.32,0.007491962,0.00879588,0.002823714,0.001967212,0.851758102,0.157728674,85.06911396,5.179664862,6.31653763,0.34906585,2188.564604,3.808416175,3.115003857,328.2846906,CI,MCT,-999.0,911,0.265483603,0.441615991,0.534240584,-0.176132388,CI.MCT,911,0.265483603,24.11910057,615.335022,8.528459549,0.2654836026626324,911,797.6880515361839,898.7205377653532,845.5639842122331,907.5944520265173
100119,RSN10095,65,10095, MCT,4.18,34.3617,-118.6637,11.151,241.95,1188,34.2265,-116.0407,5.42,5.73,5.35e-05,8.75e-05,7.24e-06,3.78e-06,0.612003673,0.160281425,87.5780708,5.179664862,6.233452986,0.27925268,1693.447602,14.15343915,12.08563536,254.0171403,CI,MCT,-999.0,748,0.462623522,0.441615991,0.534240584,0.021007531,CI.MCT,748,0.462623522,24.11910057,615.335022,8.528459549,0.46262352194811296,748,790.9544533970334,799.6421452738554,752.3647151029317,796.9407870080213
100119,RSN13192,65,13192, MCT,4.11,33.7104,-116.0457,12.559,57.25,1188,34.2265,-116.0407,16.02,16.09,-0.011037422,-0.013103069,0.001072599,0.000580947,0.842353911,0.156357545,78.33732717,5.179664862,6.263559029,0.34906585,2192.67978,18.99901712,12.2161861,328.901967,CI,MCT,-999.0,913,0.263290619,0.441615991,0.534240584,-0.178325372,CI.MCT,913,0.263290619,24.11910057,615.335022,8.528459549,0.26329061932762254,913,750.4131964197784,877.2311527430486,821.3744472411391,884.8155490411845
100119,RSN16831,65,16831, MCT,3.49,34.309,-116.9297,9.684,82.38,1188,34.2265,-116.0407,9.54,9.61,0.000505833,0.001361029,6.54e-05,7.94e-06,0.371655163,0.160573929,83.88070011,5.179664862,6.192176404,0.174532925,1101.587648,63.70692695,20.81084098,165.2381472,CI,MCT,-999.0,633,0.629556078,0.441615991,0.534240584,0.187940087,CI.MCT,633,0.629556078,24.11910057,615.335022,8.528459549,0.6295560777784148,633,586.503610177828,692.5743457948188,590.9267730203763,685.553005340052
100119,RSN11410,65,11410, MCT,4.73,33.7328,-117.4921,10.018,144.87,1188,34.2265,-116.0407,22.6,22.7,0.000355639,0.000583643,0.000177005,6.22e-05,0.609343391,0.160900419,86.39153834,5.179664862,6.202702587,0.27925268,1681.475049,5.71766881,3.297324934,252.2212574,CI,MCT,-999.0,744,0.467985465,0.441615991,0.534240584,0.026369474,CI.MCT,744,0.467985465,24.11910057,615.335022,8.528459549,0.467985465089499,744,757.58361568125,786.9367055825492,732.8410177281153,785.3550793841879
100119,RSN17508,65,17508, MCT,3.62,33.9521,-116.3635,9.067,42.59,1188,34.2265,-116.0407,21.7,21.76,-0.001258982,-0.003075167,0.000138325,6.48e-06,0.409402731,0.159011389,78.86889188,5.179664862,6.170551665,0.191986218,1213.735614,194.2873457,22.23146214,182.0603421,CI,MCT,-999.0,667,0.577236454,0.441615991,0.534240584,0.135620463,CI.MCT,667,0.577236454,24.11910057,615.335022,8.528459549,0.5772364540069672,667,644.2901653564619,737.5590529635773,638.4570201253845,719.9885785299456
100119,RSN15530,65,15530, MCT,3.68,34.7251,-116.0506,2.727,55.32,1188,34.2265,-116.0407,21.65,21.72,-0.000330897,-0.000354732,5.65e-05,5.28e-05,0.932810443,0.168316853,88.13368278,5.179664862,5.93802414,0.383972435,2182.215206,6.266988636,6.278442478,327.3322809,CI,MCT,-999.0,909,0.267681406,0.441615991,0.534240584,-0.173934585,CI.MCT,909,0.267681406,24.11910057,615.335022,8.528459549,0.2676814057451118,909,858.756947623199,904.7159689312242,941.49380821905,905.9410164738741
100119,RSN13859,65,13859, MCT,4.17,34.3277,-116.829,4.957,73.45,1188,34.2265,-116.0407,21.47,21.54,0.001561862,0.002934758,0.000173622,1.56e-05,0.532194582,0.165983678,86.85428403,5.179664862,6.015610792,0.244346095,1458.555018,100.119359,16.90314591,218.7832527,CI,MCT,-999.0,756,0.451985124,0.441615991,0.534240584,0.010369133,CI.MCT,756,0.451985124,24.11910057,615.335022,8.528459549,0.4519851237430572,756,720.9363300093878,784.0732749353898,717.6668286447963,785.2173833471826
100119,RSN14740,65,14740, MCT,3.84,34.2268,-117.4407,8.593,128.99,1188,34.2265,-116.0407,20.88,20.96,0.000592405,0.000845113,0.000144411,3.99e-05,0.700977579,0.162267567,86.57850709,5.179664862,6.151676073,0.314159265,1858.153577,14.84724311,5.852137303,278.7230366,CI,MCT,-999.0,803,0.391671786,0.441615991,0.534240584,-0.049944205,CI.MCT,803,0.391671786,24.11910057,615.335022,8.528459549,0.39167178597582897,803,811.895437427888,815.2594501153341,796.6179864485781,809.2925427781141
100119,RSN15708,65,15708, MCT,3.81,32.4923,-116.8468,13.18,206.45,1188,34.2265,-116.0407,21.93,22.08,-3.59e-05,-5.72e-05,6.98e-06,4.03e-06,0.627883934,0.159089651,86.59978949,5.179664862,6.274698597,0.27925268,1738.734133,8.908188586,8.194842407,260.81012,CI,MCT,-999.0,763,0.442768469,0.441615991,0.534240584,0.001152478,CI.MCT,763,0.442768469,24.11910057,615.335022,8.528459549,0.4427684686381337,763,781.4849699658973,816.1087160991524,763.7069436709166,810.6122606894036
100119,RSN8239,65,8239, MCT,4.92,33.5083,-116.5143,15.2,91.04,1188,34.2264,-116.0407,17.43,17.64,-0.007139734,-0.009417326,0.000140028,4.25e-05,0.758148752,0.15615241,81.03391176,5.179664862,6.325747735,0.331612558,2044.237816,167.9937412,67.25316365,306.6356724,CI,MCT,-999.0,865,0.317296993,0.441615991,0.534240584,-0.124318998,CI.MCT,865,0.317296993,24.11910057,615.335022,8.528459549,0.3172969929907117,865,746.498843928316,830.6614056389703,796.9763003980845,848.4937465999692
100119,RSN16723,65,16723, MCT,3.73,33.5058,-116.7636,16.276,104.23,1188,34.2265,-116.0407,22.17,22.24,7.51e-05,0.000144863,1.7e-05,1.14e-05,0.518661779,0.155654029,81.56391882,5.179664862,6.3549922,0.244346095,1523.865193,6.587719298,8.521352941,228.579779,CI,MCT,-999.0,777,0.42458615,0.441615991,0.534240584,-0.017029841,CI.MCT,777,0.42458615,24.11910057,615.335022,8.528459549,0.4245861495549432,777,728.8469147228495,805.1220746259454,728.882455894116,816.0807235192146
100119,RSN18103,65,18103, MCT,5.19,36.4034,-117.8499,9.418,292.23,1188,34.2265,-116.0407,9.7,9.75,-4.39e-05,-7.38e-05,3.25e-05,1.42e-05,0.594368133,0.161660302,88.34301924,5.179664862,6.183223963,0.261799388,1636.70026,3.091549296,2.270769231,245.505039,CI,MCT,-999.0,729,0.488352768,0.441615991,0.534240584,0.046736777,CI.MCT,729,0.488352768,24.11910057,615.335022,8.528459549,0.48835276791393234,729,719.4663324211758,780.2448811770781,712.4478082709069,775.9166039171188
100119,RSN14550,65,14550, MCT,3.78,34.0294,-116.7534,14.93,69.28,1188,34.2265,-116.0407,24.2,24.25,0.00019718,0.000464638,4.61e-05,2.06e-05,0.424373357,0.155064086,78.42296004,5.179664862,6.317747533,0.191986218,1283.549204,9.57184466,10.0789154,192.5323806,CI,MCT,-999.0,694,0.537554539,0.441615991,0.534240584,0.095938549,CI.MCT,694,0.537554539,24.11910057,615.335022,8.528459549,0.5375545394157859,694,629.4577527480425,752.1664696665352,651.0513987642643,748.9700504387508
100119,RSN18357,65,18357, MCT,3.34,33.5022,-116.5193,11.15,91.74,1188,34.2265,-116.0407,14.56,14.64,-9.51e-05,-0.000168081,1.35e-05,1.5e-05,0.566027971,0.15941477,83.56549717,5.179664862,6.233428753,0.261799388,1599.085476,6.34,12.45044444,239.8628214,CI,MCT,-999.0,717,0.504950659,0.441615991,0.534240584,0.063334668,CI.MCT,717,0.504950659,24.11910057,615.335022,8.528459549,0.5049506593229705,717,638.594981814599,740.6563920228836,669.8841012220266,746.5789507323311
100119,RSN17331,65,17331, MCT,3.56,33.4509,-116.5827,10.563,99.59,1188,34.2265,-116.0407,27.1,27.2,0.000145245,0.000261232,3.05e-05,5.94e-05,0.555999957,0.160053732,84.4266298,5.179664862,6.218365755,0.261799388,1570.85263,2.44520202,8.564983607,235.6278945,CI,MCT,-999.0,744,0.467985465,0.441615991,0.534240584,0.026369474,CI.MCT,744,0.467985465,24.11910057,615.335022,8.528459549,0.467985465089499,744,681.5604330937715,767.1548940141353,697.1118040825944,772.673333215322
100119,RSN14320,65,14320, MCT,4.19,33.4453,-116.439,8.875,94.17,1188,34.2265,-116.0407,16.94,17.09,-0.000938704,-0.001302699,2.14e-05,2.15e-05,0.720583967,0.161663102,85.10753159,5.179664862,6.16316588,0.314159265,1900.800981,43.66065116,60.87378505,285.1201472,CI,MCT,-999.0,818,0.373164163,0.441615991,0.534240584,-0.068451828,CI.MCT,818,0.373164163,24.11910057,615.335022,8.528459549,0.3731641633198439,818,741.2769855721342,800.2196235994902,766.6206821755435,799.0889355356222
100119,RSN13140,65,13140, MCT,4.06,33.2394,-116.2082,10.532,110.58,1188,34.2265,-116.0407,17.8,17.91,-0.00021087,-0.000348576,1.11e-05,5.16e-06,0.6049468,0.160224325,85.00222452,5.179664862,6.217520851,0.27925268,1679.475495,40.86627907,31.40324324,251.9213243,CI,MCT,-999.0,743,0.469330455,0.441615991,0.534240584,0.027714464,CI.MCT,743,0.469330455,24.11910057,615.335022,8.528459549,0.4693304552048314,743,706.361074317167,764.4070699018184,699.3679758511302,770.7013546339122
100119,RSN10469,65,10469, MCT,4.45,34.1081,-117.3062,14.795,117.42,1188,34.2265,-116.0407,15.35,15.47,0.00125353,0.001988624,3.1e-05,1.09e-05,0.630350624,0.157279033,83.21809901,5.179664862,6.313637877,0.27925268,1763.818796,115.0027523,64.14916129,264.5728194,CI,MCT,-999.0,772,0.43104195,0.441615991,0.534240584,-0.010574041,CI.MCT,772,0.43104195,24.11910057,615.335022,8.528459549,0.4310419498978142,772,720.1707946336782,758.0558262118104,720.8952599291422,780.6343521713011
100119,RSN15174,65,15174, MCT,3.9,33.867,-117.1038,11.856,105.95,1188,34.2265,-116.0407,20.08,20.16,0.0002889,0.000459548,5e-05,1.24e-05,0.628661819,0.159148928,84.04078373,5.179664862,6.24946745,0.27925268,1739.667539,23.2983871,9.19096,260.9501309,CI,MCT,-999.0,764,0.441458711,0.441615991,0.534240584,-0.00015728,CI.MCT,764,0.441458711,24.11910057,615.335022,8.528459549,0.4414587107560699,764,715.4948235708391,754.7512970001357,713.0440212673,772.774302695859
100119,RSN9933,65,9933, MCT,4.59,34.9977,-119.1926,10.662,301.47,1188,34.2265,-116.0407,8.5,8.93,8.18e-05,9.1e-05,5.19e-06,3.72e-06,0.899832105,0.160661803,88.15533156,5.179664862,6.221029194,0.366519143,2229.735392,21.98924731,17.53371869,334.4603088,CI,MCT,-999.0,924,0.251314428,0.441615991,0.534240584,-0.190301563,CI.MCT,924,0.251314428,24.11910057,615.335022,8.528459549,0.25131442828090655,924,836.9262163977938,914.2822966883426,909.6503974137461,924.4144798887063
100119,RSN9050,65,9050, MCT,5.2,33.5328,-116.5697,15.48,91.19,1188,34.2265,-116.0407,13.4,13.49,-0.003414119,-0.005331497,0.001366905,0.000299274,0.64036768,0.155879764,80.86007165,5.179664862,6.333749326,0.27925268,1800.268526,11.40800404,3.900415172,270.0402789,CI,MCT,-999.0,784,0.41561748,0.441615991,0.534240584,-0.025998511,CI.MCT,784,0.41561748,24.11910057,615.335022,8.528459549,0.415617479572183,784,689.9144523532937,768.0663523956111,727.5920638812552,795.9834935972367
100119,RSN12699,65,12699, MCT,4.34,35.8373,-117.678,6.864,232.93,1188,34.2265,-116.0407,24.75,24.92,0.000127959,0.000148218,7.58e-06,6.13e-06,0.863315528,0.163967062,88.54584282,5.179664862,6.096821743,0.34906585,2122.748678,20.87422512,19.55382586,318.4123017,CI,MCT,-999.0,890,0.288805037,0.441615991,0.534240584,-0.152810954,CI.MCT,890,0.288805037,24.11910057,615.335022,8.528459549,0.28880503719640505,890,899.4905355808843,901.9076284576862,911.306834720021,896.2684106026592
100119,RSN14407,65,14407, MCT,4.14,34.8632,-116.3444,6.474,75.93,1188,34.2265,-116.0407,18.02,18.14,0.000435286,0.00037936,5.07e-06,7.64e-06,1.14742114,0.163899413,85.7693663,5.179664862,6.084678138,0.41887902,2522.13818,56.97460733,74.82445759,378.320727,CI,MCT,-999.0,1016,0.156397872,0.441615991,0.534240584,-0.285218119,CI.MCT,1016,0.156397872,24.11910057,615.335022,8.528459549,0.1563978717841632,1016,807.057151204322,970.4999668391715,896.9685423024797,978.598057739703
100119,RSN17928,65,17928, MCT,4.04,36.3911,-117.8665,9.439,291.96,1188,34.2265,-116.0407,12.41,12.52,0.000103207,0.000130054,5.41e-06,6.04e-06,0.793567951,0.161640508,88.33316321,5.179664862,6.183950287,0.331612558,2034.587432,17.08725166,24.03955638,305.1881148,CI,MCT,-999.0,861,0.321931995,0.441615991,0.534240584,-0.119683995,CI.MCT,861,0.321931995,24.11910057,615.335022,8.528459549,0.32193199549486007,861,903.876858842512,875.1618082347114,866.6155941820053,872.8694669914742
100119,RSN14455,65,14455, MCT,4.05,32.7091,-116.0396,7.817,168.3,1188,34.2265,-116.0407,42.85,42.94,-0.00035748,-0.000593958,9.59e-06,6.09e-06,0.601861408,0.163241624,87.66246347,5.179664862,6.120791156,0.27925268,1642.141199,58.69950739,61.93514077,246.3211799,CI,MCT,-999.0,731,0.48561304,0.441615991,0.534240584,0.043997049,CI.MCT,731,0.48561304,24.11910057,615.335022,8.528459549,0.4856130401728125,731,756.6265401367048,786.915762354316,740.1971447236195,780.8250550346144
100119,RSN16891,65,16891, MCT,3.6,34.2088,-117.5824,7.536,142.08,1188,34.2265,-116.0407,12.8,12.86,0.000139083,0.000252029,9.29e-05,1.36e-05,0.551854575,0.163369552,87.32704643,5.179664862,6.114431914,0.244346095,1524.683309,10.22669118,2.712906351,228.7024964,CI,MCT,-999.0,778,0.423299976,0.441615991,0.534240584,-0.018316015,CI.MCT,778,0.423299976,24.11910057,615.335022,8.528459549,0.4232999757441993,778,797.7124211558481,834.3747971492891,774.1509117107823,828.0724311823934
100119,RSN15364,65,15364, MCT,3.87,33.928,-116.7858,18.501,76.33,1188,34.2265,-116.0407,21.45,21.54,0.000766588,0.001601455,0.000122707,2.96e-05,0.478681889,0.152051264,76.8652532,5.179664862,6.40467109,0.226892803,1456.927156,25.89824324,13.05104843,218.5390734,CI,MCT,-999.0,755,0.453308751,0.441615991,0.534240584,0.01169276,CI.MCT,755,0.453308751,24.11910057,615.335022,8.528459549,0.4533087506735658,755,715.69086995998,797.2300716559364,701.9444740252031,807.3030927294874
100119,RSN16108,65,16108, MCT,3.58,33.827,-117.0296,15.131,101.52,1188,34.2265,-116.0407,18.1,18.2,-7.51e-05,-0.000156728,8.77e-06,1.51e-05,0.478892759,0.156578912,81.95678826,5.179664862,6.323730411,0.226892803,1415.310328,4.973509934,17.8709236,212.2965492,CI,MCT,-999.0,740,0.473376314,0.441615991,0.534240584,0.031760323,CI.MCT,740,0.473376314,24.11910057,615.335022,8.528459549,0.4733763137243754,740,667.1993104364723,782.2438231725173,691.7203425526643,785.922945905483
100119,RSN16956,65,16956, MCT,3.63,34.1242,-116.405,9.555,35.45,1188,34.2265,-116.0407,11.8,11.84,0.003221873,0.009095924,0.001132805,0.000120241,0.354210636,0.156720711,75.87655746,5.179664862,6.187901101,0.174532925,1081.564,26.79512812,8.029558485,162.2346,CI,MCT,-999.0,628,0.637486333,0.441615991,0.534240584,0.195870343,CI.MCT,628,0.637486333,24.11910057,615.335022,8.528459549,0.6374863334543921,628,592.7655853293014,697.5285828630317,592.2100435440885,682.2491819210127
100119,RSN9376,65,9376, MCT,4.88,34.0655,-117.0011,17.501,90.36,1188,34.2265,-116.0407,15.05,15.26,0.002578163,0.004312784,3.15e-05,1.33e-05,0.59779549,0.154019063,79.4963746,5.179664862,6.383907006,0.261799388,1725.358928,193.8468421,136.9137778,258.8038392,CI,MCT,-999.0,759,0.448024723,0.441615991,0.534240584,0.006408732,CI.MCT,759,0.448024723,24.11910057,615.335022,8.528459549,0.44802472252696024,759,696.7938009334607,773.2706368331759,699.4506594185356,790.3459259678269
100119,RSN10745,65,10745, MCT,4.66,34.2983,-118.6255,8.038,238.19,1188,34.2265,-116.0407,9.83,9.9,4.95e-05,0.000108431,3.59e-05,2.47e-05,0.456444907,0.163152151,88.29182959,5.179664862,6.126524324,0.20943951,1301.182651,2.004048583,3.020362117,195.1773977,CI,MCT,-999.0,701,0.527518613,0.441615991,0.534240584,0.085902622,CI.MCT,701,0.527518613,24.11910057,615.335022,8.528459549,0.5275186128880005,701,734.9059802153031,783.8265677514617,697.7350846070293,769.9638816258473
100119,RSN17379,65,17379, MCT,3.56,33.0804,-116.4826,10.835,133.56,1188,34.2265,-116.0407,30.93,30.99,-5.76e-05,-0.000142178,1.7e-05,9.34e-06,0.40487489,0.160184114,85.73890372,5.179664862,6.225560001,0.191986218,1193.347076,6.167023555,8.363411765,179.0020614,CI,MCT,-999.0,659,0.589302965,0.441615991,0.534240584,0.147686975,CI.MCT,659,0.589302965,24.11910057,615.335022,8.528459549,0.5893029654200834,659,662.9061692543343,737.6657639051023,650.4052333348529,720.2599965607917
100119,RSN13538,65,13538, MCT,4.06,32.7797,-117.3507,7.174,201.41,1188,34.2265,-116.0407,11.05,11.22,-0.000177144,-0.000258526,5.62e-05,2.98e-05,0.685208022,0.163711202,88.2318408,5.179664862,6.105409111,0.296705973,1805.830819,5.94442953,4.600106762,270.8746229,CI,MCT,-999.0,786,0.413069707,0.441615991,0.534240584,-0.028546283,CI.MCT,786,0.413069707,24.11910057,615.335022,8.528459549,0.413069707493384,786,867.4124087092654,812.7201341568953,794.2533681957459,813.8675308012123
100119,RSN12853,65,12853, MCT,4.02,33.7129,-116.0516,12.808,56.98,1188,34.2265,-116.0407,23.88,23.97,-0.002601977,-0.004384052,8.73e-05,7.79e-06,0.593509655,0.155982128,77.88304805,5.179664862,6.268161535,0.261799388,1694.43149,334.0150193,50.21823597,254.1647235,CI,MCT,-999.0,748,0.462623522,0.441615991,0.534240584,0.021007531,CI.MCT,748,0.462623522,24.11910057,615.335022,8.528459549,0.46262352194811296,748,680.2260535400893,769.197483985111,710.7698485167832,781.4074431587482
100119,RSN17092,65,17092, MCT,3.52,34.2098,-116.4371,4.645,36.57,1188,34.2265,-116.0407,19.93,19.99,0.000418975,0.00132751,9.97e-05,1.05e-05,0.315610078,0.165919641,84.05448649,5.179664862,5.994593769,0.157079633,918.2447498,39.90238095,13.31504514,137.7367125,CI,MCT,-999.0,557,0.75746126,0.441615991,0.534240584,0.315845269,CI.MCT,557,0.75746126,24.11910057,615.335022,8.528459549,0.7574612599953063,557,529.650939120541,654.763003083389,515.7772498724433,637.3468340503248
100119,RSN12619,65,12619, MCT,4.11,33.5089,-116.8485,12.274,109.19,1188,34.2265,-116.0407,13.48,13.52,0.000140366,0.000243002,8.9e-05,2.78e-05,0.57763389,0.158930583,84.04054151,5.179664862,6.258050482,0.261799388,1629.114586,5.049136691,2.730359551,244.3671879,CI,MCT,-999.0,726,0.492476485,0.441615991,0.534240584,0.050860494,CI.MCT,726,0.492476485,24.11910057,615.335022,8.528459549,0.49247648509779474,726,684.296595657072,746.4574043164433,678.2274402522971,752.003208788198
100135,RSN17773,68,17773, WES,3.63,32.7081,-116.029,7.885,28.44,242,32.759,-115.7316,19.91,19.98,0.001755256,0.017728874,0.000920941,0.000215022,0.099005475,0.158273702,75.69444815,5.179664862,6.12225391,0.052359878,311.6716289,8.163146097,19.25082497,46.75074434,CI,WES,0.173333333,276,-0.13146314,0.013577651,0.106202244,-0.14504079,CI.WES,276,-0.13146314,5.061649799,-12.64369965,0.089606099,-0.13146313956046285,276,306.22420838012977,290.7444370082138,263.56280720315374,264.5364550549822
100135,RSN15725,68,15725, WES,3.81,32.4923,-116.8468,13.18,108.76,242,32.759,-115.7316,21.86,21.97,0.000127344,0.001186944,3.66e-05,5.48e-05,0.107287595,0.158347599,83.505873,5.179664862,6.274698597,0.052359878,337.3018191,2.32379562,32.43016393,50.59527287,CI,WES,0.173333333,290,-0.180943197,0.013577651,0.106202244,-0.194520848,CI.WES,290,-0.180943197,5.061649799,-12.64369965,0.089606099,-0.18094319682383286,290,308.4147438991141,311.8975347543868,263.1835795777606,273.3791855516402
100135,RSN14276,68,14276, WES,3.94,32.7219,-116.8133,20.237,101.47,242,32.759,-115.7316,15.6,15.67,0.000153987,0.003132957,0.000386467,7.05e-05,0.049150565,0.152473401,79.11103033,5.179664862,6.440435438,0.017453293,161.007753,2.184212766,8.106661112,24.15116295,CI,WES,0.173333333,170,0.353139289,0.013577651,0.106202244,0.339561638,CI.WES,170,0.353139289,5.061649799,-12.64369965,0.089606099,0.35313928910642467,170,269.07903672969286,210.46868639439717,214.17406285634837,185.69159850471874
100164,RSN16320,70,16320, CGO,3.74,34.8456,-119.2446,12.927,229.79,715,36.5504,-117.803,34.25,34.33,-2.47e-05,-5.01e-05,1.75e-05,9.65e-06,0.492115577,0.159264352,87.00550683,5.179664862,6.270295551,0.226892803,1422.773867,2.559585492,2.862857143,213.4160801,CI,CGO,-999.0,743,-0.038413502,-0.067945752,0.024678842,0.02953225,CI.CGO,743,-0.038413502,12.05959988,2669.620117,11.77110004,-0.03841350202375171,743,799.2274418784446,762.2700530483635,763.5078714144113,794.9905635546291
100164,RSN18303,70,18303, CGO,3.05,36.3904,-117.8704,9.371,18.75,715,36.5504,-117.803,10.08,10.21,-0.000838999,-0.001792329,1.31e-05,2.85e-05,0.468105446,0.145130021,63.78382254,5.179664862,6.181585801,0.226892803,1498.556263,29.4385614,136.8190076,224.7834395,CI,CGO,-999.0,769,-0.072808427,-0.067945752,0.024678842,-0.004862675,CI.CGO,769,-0.072808427,12.05959988,2669.620117,11.77110004,-0.0728084268116369,769,688.1736432973123,768.9864824839752,720.6304007669361,812.0861654908618
100164,RSN17889,70,17889, CGO,3.32,36.3834,-117.8599,7.189,19.22,715,36.5504,-117.803,10.64,10.77,-0.003247204,-0.00642501,0.000160422,5.62e-05,0.505400706,0.15487927,71.02532222,5.179664862,6.105803389,0.226892803,1494.96975,57.7794306,40.05067883,224.2454625,CI,CGO,-999.0,768,-0.07150719,-0.067945752,0.024678842,-0.003561439,CI.CGO,768,-0.07150719,12.05959988,2669.620117,11.77110004,-0.07150719045366483,768,714.784492903401,771.7345712801698,729.590702352986,812.8765984245059
100164,RSN17994,70,17994, CGO,3.07,36.4025,-117.8737,7.008,17.59,715,36.5504,-117.803,14.2,14.27,0.000242412,0.000475819,0.000131505,6.77e-05,0.509463621,0.153448253,69.41884295,5.179664862,6.100917913,0.226892803,1518.670888,3.580679468,3.618257861,227.8006332,CI,CGO,-999.0,776,-0.081869977,-0.067945752,0.024678842,-0.013924226,CI.CGO,776,-0.081869977,12.05959988,2669.620117,11.77110004,-0.08186997748921154,776,726.7389200138937,780.0924869381531,730.7623940960431,820.1153257719204
100164,RSN9450,70,9450, CGO,4.73,36.4011,-117.8397,7.419,16.89,715,36.5504,-117.803,15.28,15.49,-0.079179952,-0.108455727,0.001022842,0.000217128,0.730067048,0.150427657,66.83230366,5.179664862,6.111624155,0.314159265,2061.011761,364.6694669,106.0337051,309.1517642,CI,CGO,-999.0,870,-0.196210669,-0.067945752,0.024678842,-0.128264917,CI.CGO,870,-0.196210669,12.05959988,2669.620117,11.77110004,-0.19621066895462214,870,775.5202838086079,859.2204196750723,809.1313710229988,896.0848320990747
100164,RSN12390,70,12390, CGO,4.27,36.1466,-118.0613,4.057,50.45,715,36.5504,-117.803,23.4,23.54,-0.000467633,-0.001046849,8.61e-06,6.89e-06,0.446704818,0.167912272,86.4300718,5.179664862,5.943934512,0.20943951,1241.665481,67.8712627,121.5852497,186.2498222,CI,CGO,-999.0,678,0.053135255,-0.067945752,0.024678842,0.121081007,CI.CGO,678,0.053135255,12.05959988,2669.620117,11.77110004,0.05313525475361214,678,610.7291108916569,670.0385370008239,640.7599833403949,716.0500314249358
100177,RSN15529,77,15529, LDF,3.68,34.7251,-116.0506,2.727,91.06,448,35.1307,-115.1842,21.13,21.24,-5.6e-05,-0.00013766,1.62e-05,6.21e-06,0.407014761,0.16837449,88.88834388,5.179664862,5.93802414,0.191986218,1140.47585,9.017713366,8.497530864,171.0713775,CI,LDF,-999.0,643,-0.361351492,-0.407031705,-0.314407112,0.045680213,CI.LDF,643,-0.361351492,2.213140011,1239.449951,2.034770012,-0.36135149182263415,643,637.3292434847019,788.1476582348885,671.5386913710339,792.2942806046376
100177,RSN13535,77,13535, LDF,4.06,32.7797,-117.3507,7.174,328.8,448,35.1307,-115.1842,8.81,9.0,-3.68e-05,-9.75e-05,8.88e-06,4.43e-06,0.377384109,0.163760002,88.91834215,5.179664862,6.105409111,0.174532925,1094.806069,8.306997743,10.97972973,164.2209104,CI,LDF,-999.0,631,-0.34251263,-0.407031705,-0.314407112,0.064519075,CI.LDF,631,-0.34251263,2.213140011,1239.449951,2.034770012,-0.3425126301262278,631,555.2899486801076,808.6253435956446,706.6441330620252,817.1427908640829
100177,RSN10082,77,10082, LDF,4.18,34.3617,-118.6637,11.151,329.84,448,35.1307,-115.1842,14.0,14.12,6.45e-05,0.000122018,1.46e-05,1.34e-05,0.528879473,0.160347957,88.22736623,5.179664862,6.233452986,0.244346095,1502.373733,4.813432836,8.35739726,225.35606,CI,LDF,-999.0,771,-0.542895141,-0.407031705,-0.314407112,-0.135863436,CI.LDF,771,-0.542895141,2.213140011,1239.449951,2.034770012,-0.5428951411483443,771,687.1225883088633,950.9948832396556,874.7750634826577,967.4140506700319
100177,RSN9210,77,9210, LDF,5.03,35.3852,-118.6292,7.3,314.77,448,35.1307,-115.1842,8.85,9.12,0.000934692,0.002270309,4.43e-05,2.44e-05,0.411702354,0.16366876,88.84691796,5.179664862,6.108664217,0.191986218,1184.896233,38.30704918,51.24851016,177.734435,CI,LDF,-999.0,656,-0.381367557,-0.407031705,-0.314407112,0.025664148,CI.LDF,656,-0.381367557,2.213140011,1239.449951,2.034770012,-0.3813675565291037,656,656.8420429457773,828.8421377763295,739.7751013948068,841.0908801178882
100194,RSN9897,82,9897, FUR,4.59,34.9977,-119.1926,10.662,266.45,433,36.4672,-116.8632,9.4,9.62,0.000434415,0.001317815,0.000309843,0.000127316,0.329647795,0.160638369,87.91189921,5.179664862,6.221029194,0.157079633,986.6529741,3.4121006,4.253170154,147.9979461,CI,FUR,-999.0,595,-0.317823678,-0.233518182,-0.140893589,-0.084305495,CI.FUR,595,-0.317823678,8.073479652,-42.94779968,5.473599911,-0.31782367754314045,595,535.3142037914084,501.05704433316834,520.1583337869222,495.23323294222473
100194,RSN12885,82,12885, FUR,4.11,36.0312,-117.7658,4.03,94.46,433,36.4672,-116.8632,21.8,21.92,0.000407275,0.001538627,0.000126063,6.56e-05,0.264700371,0.168228003,88.13392663,5.179664862,5.941161117,0.122173048,766.2944958,6.208460366,12.20522279,114.9441744,CI,FUR,-999.0,484,-0.111347179,-0.233518182,-0.140893589,0.122171004,CI.FUR,484,-0.111347179,8.073479652,-42.94779968,5.473599911,-0.11134717871414246,484,408.01064798666044,391.16570784631983,395.30622522324325,394.0747217469989
100194,RSN18013,82,18013, FUR,5.0,36.3864,-117.8583,7.408,89.69,433,36.4672,-116.8632,11.4,11.53,0.002227212,0.007017166,0.002271511,0.000489223,0.317394764,0.163197727,85.83517644,5.179664862,6.11135504,0.157079633,938.3669122,4.552549655,3.08920626,140.7550368,CI,FUR,-999.0,568,-0.271383691,-0.233518182,-0.140893589,-0.037865508,CI.FUR,568,-0.271383691,8.073479652,-42.94779968,5.473599911,-0.271383690718662,568,490.0755929814798,455.5883593960557,476.3888010693492,460.6877583366316
100195,RSN10439,83,10439, GRA,4.45,34.1081,-117.3062,14.795,320.47,386,36.9961,-117.3662,15.62,15.76,0.000194851,0.000549316,8.97e-05,3.75e-05,0.354715236,0.158239399,87.52381465,5.179664862,6.313637877,0.174532925,1072.543619,5.196026667,6.123924192,160.8815429,CI,GRA,0.145362,625,-0.48191428,-0.263488365,-0.170863772,-0.218425915,CI.GRA,90,1.456027699,4.468639851,697.4530029,9.097610474,1.456027699134566,90,91.31518304637555,89.05148949126009,86.43768926336553,83.01699549765144
100195,RSN17990,83,17990, GRA,3.67,36.403,-117.8749,7.11,79.99,386,36.9961,-117.3662,14.09,14.23,0.000385533,0.001621183,2.2e-05,1.38e-05,0.237809838,0.163334545,85.52097692,5.179664862,6.103705693,0.122173048,713.5268725,27.93717391,73.69013636,107.0290309,CI,GRA,0.145362,461,-0.177560674,-0.263488365,-0.170863772,0.085927692,CI.GRA,461,-0.177560674,4.468639851,697.4530029,9.097610474,-0.1775606735318176,461,415.306244588584,454.30368276046096,417.8095815860147,416.48086978931565
100195,RSN18257,83,18257, GRA,4.2,36.3905,-117.8695,8.829,80.87,386,36.9961,-117.3662,10.86,11.03,-0.001983629,-0.007280291,9.65e-05,5.62e-05,0.272465609,0.16151105,84.34039522,5.179664862,6.161345296,0.13962634,821.7688926,35.29588968,75.44343005,123.2653339,CI,GRA,0.145362,507,-0.272673634,-0.263488365,-0.170863772,-0.009185269,CI.GRA,507,-0.272673634,4.468639851,697.4530029,9.097610474,-0.2726736341263525,507,446.99940440433244,480.6602845567243,456.1332788276862,450.4964504623682
100195,RSN18089,83,18089, GRA,5.19,36.4034,-117.8499,9.418,78.7,386,36.9961,-117.3662,14.9,14.99,-0.000609107,-0.002824558,0.000628934,0.000283134,0.215646797,0.160770029,83.76093497,5.179664862,6.183223963,0.104719755,659.2136783,2.151302917,4.491024495,98.88205175,CI,GRA,0.145362,436,-0.121804874,-0.263488365,-0.170863772,0.141683492,CI.GRA,436,-0.121804874,4.468639851,697.4530029,9.097610474,-0.12180487388420325,436,373.9651328724894,419.1840435915756,391.04931940093456,394.1028221529969
100200,RSN13195,85,13195, PFO,4.11,33.7104,-116.0457,12.559,39.9,763,33.6117,-116.4594,14.75,14.84,0.003224845,0.0029844,6.56e-05,9.92e-05,1.080567225,0.152743427,73.08106709,5.179664862,6.263559029,0.41887902,2626.036842,32.50851815,45.49390244,393.9055263,AZ,PFO,-1.0,1048,-0.317380834,-0.318076587,-0.225451994,0.000695753,AZ.PFO,1048,-0.317380834,10.1232996,1285.910034,6.906630039,-0.31738083359653047,1048,739.0147230038855,768.7304027861485,754.548892800251,781.3901155079943
100200,RSN17280,85,17280, PFO,3.53,34.2894,-116.8271,6.278,82.5,763,33.6117,-116.4594,24.69,24.77,-0.000439847,-0.000320215,1.65e-05,7.31e-06,1.373599412,0.164181828,86.27184919,5.179664862,6.07791863,0.471238898,2762.838986,60.17058824,19.4069697,414.4258479,AZ,PFO,-1.0,1090,-0.356674944,-0.318076587,-0.225451994,-0.038598357,AZ.PFO,1090,-0.356674944,10.1232996,1285.910034,6.906630039,-0.35667494393873245,1090,883.9400631130499,803.3463864301154,833.6663084211815,808.1640501967338
100200,RSN14254,85,14254, PFO,3.94,32.7219,-116.8133,20.237,104.06,763,33.6117,-116.4594,25.36,25.51,-0.001168651,-0.000983777,3.01e-05,1.9e-05,1.187922202,0.152629813,79.42092211,5.179664862,6.440435438,0.436332313,2764.685486,61.50794737,32.68362126,414.7028229,AZ,PFO,-1.0,1091,-0.357591955,-0.318076587,-0.225451994,-0.039515368,AZ.PFO,1091,-0.357591955,10.1232996,1285.910034,6.906630039,-0.3575919545486137,1091,664.2317502215919,778.2416180822163,742.0360143592142,792.2594717896873
100200,RSN18123,85,18123, PFO,5.19,36.4034,-117.8499,9.418,334.71,763,33.6117,-116.4594,12.67,12.73,-4.69e-05,-4.56e-05,2.2e-05,1.16e-05,1.02818718,0.161676277,88.5519124,5.179664862,6.183223963,0.401425728,2407.591411,4.043103448,2.072727273,361.1387117,AZ,PFO,-1.0,981,-0.251314428,-0.318076587,-0.225451994,0.066762159,AZ.PFO,981,-0.251314428,10.1232996,1285.910034,6.906630039,-0.25131442828090655,981,690.8451702455009,718.0348348850854,822.2020454149277,733.9425849273889
100200,RSN17515,85,17515, PFO,3.62,33.9521,-116.3635,9.067,38.79,763,33.6117,-116.4594,19.01,19.12,-0.00749394,-0.005773561,7.5e-06,1.02e-05,1.297975364,0.15834034,77.70045033,5.179664862,6.170551665,0.453785606,2785.720743,734.7,769.8081333,417.8581115,AZ,PFO,-1.0,1097,-0.363076429,-0.318076587,-0.225451994,-0.044999842,AZ.PFO,1097,-0.363076429,10.1232996,1285.910034,6.906630039,-0.3630764289907731,1097,757.7340889181157,815.8093917800229,802.4313788113493,826.2435612225215
100200,RSN11432,85,11432, PFO,4.73,33.7328,-117.4921,10.018,96.71,763,33.6117,-116.4594,30.6,30.67,0.000544914,0.000441792,6.11e-05,7.42e-05,1.233416076,0.160498542,84.57737156,5.179664862,6.202702587,0.436332313,2675.784072,7.343854447,7.230638298,401.3676108,AZ,PFO,-1.0,1064,-0.332532639,-0.318076587,-0.225451994,-0.014456052,AZ.PFO,1064,-0.332532639,10.1232996,1285.910034,6.906630039,-0.332532638617133,1064,828.0475987600295,754.6076349014909,795.4538715135883,775.3316112009524
100200,RSN16839,85,16839, PFO,3.49,34.309,-116.9297,9.684,88.72,763,33.6117,-116.4594,14.1,14.14,-0.00252852,-0.001863172,0.000293795,0.000433251,1.357104739,0.160695566,84.29983988,5.179664862,6.192176404,0.471238898,2808.525733,5.836155023,6.341741691,421.27886,AZ,PFO,-1.0,1104,-0.369437196,-0.318076587,-0.225451994,-0.051360609,AZ.PFO,1104,-0.369437196,10.1232996,1285.910034,6.906630039,-0.3694371955525835,1104,805.0189085721973,798.94412637356,817.8559122951187,812.4397785333434
100200,RSN19388,85,19388, PFO,3.43,34.1381,-117.4717,5.767,110.37,763,33.6117,-116.4594,37.88,37.99,-8.25e-05,-7.88e-05,3.41e-05,1.62e-05,1.046694831,0.164919567,87.49582526,5.179664862,6.057771424,0.401425728,2382.729501,5.092592593,2.31085044,357.4094252,AZ,PFO,-1.0,973,-0.243126051,-0.318076587,-0.225451994,0.074950536,AZ.PFO,973,-0.243126051,10.1232996,1285.910034,6.906630039,-0.24312605090154804,973,850.5130810445536,715.7234088797126,768.238738340038,719.8886457494284
100200,RSN18375,85,18375, PFO,3.96,34.0609,-117.0231,12.849,72.15,763,33.6117,-116.4594,16.5,16.55,0.001264888,0.000996664,0.00040049,0.000630942,1.269121345,0.15734154,80.5253772,5.179664862,6.26890146,0.453785606,2775.576723,2.004761135,2.488611451,416.3365085,AZ,PFO,-1.0,1094,-0.360337952,-0.318076587,-0.225451994,-0.042261365,AZ.PFO,1094,-0.360337952,10.1232996,1285.910034,6.906630039,-0.3603379516974696,1094,618.9369832576419,778.5756768906288,747.4714114540499,793.1588981032039
100200,RSN15744,85,15744, PFO,3.81,32.9942,-116.2977,5.726,70.12,763,33.6117,-116.4594,24.14,24.29,-0.002558531,-0.001907586,1.56e-05,1.36e-05,1.341239637,0.16472888,86.02433625,5.179664862,6.055972626,0.471238898,2726.161984,188.1272794,122.2811538,408.9242976,AZ,PFO,-1.0,1079,-0.346531934,-0.318076587,-0.225451994,-0.028455347,AZ.PFO,1079,-0.346531934,10.1232996,1285.910034,6.906630039,-0.34653193397367765,1079,843.6585749364826,789.896578034199,821.7917110635374,794.188339050157
100200,RSN9071,85,9071, PFO,5.2,33.5328,-116.5697,15.48,13.47,763,33.6117,-116.4594,20.74,20.78,0.092131884,0.147265824,0.000261906,0.000123243,0.62561619,0.105475551,41.91717949,5.179664862,6.333749326,0.27925268,2615.580358,747.5628149,562.2850336,392.3370537,AZ,PFO,-1.0,1045,-0.314514133,-0.318076587,-0.225451994,0.003562454,AZ.PFO,1045,-0.314514133,10.1232996,1285.910034,6.906630039,-0.31451413311445453,1045,825.484206648156,825.9099650311707,821.2286019263952,800.6825620401842
100200,RSN12778,85,12778, PFO,4.26,33.9538,-116.3912,7.696,38.47,763,33.6117,-116.4594,23.09,23.17,-0.007967131,-0.006877664,0.000190851,0.000139352,1.158406582,0.160836417,79.74203773,5.179664862,6.118116656,0.436332313,2592.161044,57.17270653,36.03682454,388.8241566,AZ,PFO,-1.0,1038,-0.307793032,-0.318076587,-0.225451994,0.010283554,AZ.PFO,1038,-0.307793032,10.1232996,1285.910034,6.906630039,-0.3077930324413769,1038,928.8657747298821,776.3234961264427,805.5190117159952,785.382404946589
100200,RSN9389,85,9389, PFO,4.88,34.0655,-117.0011,17.501,71.05,763,33.6117,-116.4594,16.2,16.34,-0.013244702,-0.010851769,0.001420914,0.001540409,1.220510924,0.152465067,76.73589583,5.179664862,6.383907006,0.436332313,2803.089668,8.598172304,7.637175086,420.4634502,AZ,PFO,-1.0,1102,-0.367623958,-0.318076587,-0.225451994,-0.049547372,AZ.PFO,1102,-0.367623958,10.1232996,1285.910034,6.906630039,-0.36762395842840245,1102,730.5981434202495,769.0538369007461,748.4172993063135,792.7144123367634
100200,RSN21189,85,21189, PFO,3.4,37.1173,-121.5231,7.213,602.53,763,33.6117,-116.4594,15.19,15.25,0.000177355,-0.000202179,7.23e-06,6.15e-06,0.877214592,0.163753045,89.40771049,5.179664862,6.106430378,0.366519143,2154.68054,28.83821138,27.96390041,323.202081,AZ,PFO,-1.0,900,-0.165136732,-0.318076587,-0.225451994,0.152939855,AZ.PFO,900,-0.165136732,10.1232996,1285.910034,6.906630039,-0.16513673203985402,900,633.5759505676708,686.6651025325602,794.593309405106,684.4124015098039
100219,RSN15884,87,15884, SHD,3.6,35.492,-120.7845,4.912,35.99,818,35.1682,-120.7613,16.13,16.24,-0.000322249,0.000743887,0.000126164,0.000118051,0.433195501,0.165222426,83.43647727,5.179664862,6.012777814,0.20943951,1229.602464,2.729743924,5.896190672,184.4403696,PG,SHD,14.2707,674,0.193632226,0.056241076,0.148865669,0.13739115,PG.SHD,779,0.048851291,25.35289955,148.2359924,18.68289948,0.048851290731998454,779,752.6780686360307,664.1494473944532,696.8276487689259,712.2552647862857
100219,RSN14977,87,14977, SHD,3.7,35.6371,-120.7559,6.53,52.02,818,35.1682,-120.7613,20.75,20.81,0.001212095,-0.002822576,0.000203818,0.000250229,0.429428495,0.163301642,83.68873726,5.179664862,6.086524027,0.20943951,1234.879577,4.843942948,13.84851191,185.2319366,PG,SHD,14.2707,676,0.190669261,0.056241076,0.148865669,0.134428185,PG.SHD,782,0.045007596,25.35289955,148.2359924,18.68289948,0.04500759605743543,782,719.7031147852471,666.2447715537431,687.4268060124832,712.4560638102777
100219,RSN8743,87,8743, SHD,5.45,37.4317,-121.7767,7.486,267.21,818,35.1682,-120.7613,11.33,11.67,0.002990495,-0.00228993,0.000351218,0.000547638,1.305932646,0.163530295,88.59793869,5.179664862,6.113244097,0.453785606,2704.551861,5.460714925,6.519967655,405.6827792,PG,SHD,14.2707,1072,-0.270419005,0.056241076,0.148865669,-0.326660081,PG.SHD,1240,-0.416004322,25.35289955,148.2359924,18.68289948,-0.4160043219963363,1240,962.652459041184,1087.2480904451738,786.0868430243727,1021.9708617426344
100219,RSN19044,87,19044, SHD,4.39,35.6421,-120.9543,5.902,55.42,818,35.1682,-120.7613,22.5,22.55,-0.00046673,0.000766183,0.000169905,0.000184755,0.60916221,0.164246201,84.8130332,5.179664862,6.063488731,0.27925268,1646.857781,2.526210387,4.509478826,247.0286672,PG,SHD,14.2707,732,0.111081823,0.056241076,0.148865669,0.054840747,PG.SHD,846,-0.033657023,25.35289955,148.2359924,18.68289948,-0.03365702300347628,846,780.1289670212849,723.0308781159491,747.3923419691367,768.0287505232327
100282,RSN11428,95,11428, PASC,4.73,33.7328,-117.4921,10.018,80.45,714,34.1714,-118.1852,26.2,26.36,-0.000651642,-0.000819784,3.67e-05,2.4e-05,0.794894631,0.1601798,83.48776658,5.179664862,6.202702587,0.331612558,2055.351004,27.15175,22.33743869,308.3026506,CI,PASC,10.46789333,868,-0.195308752,-0.149843307,-0.057218713,-0.045465446,CI.PASC,872,-0.199906462,35.96979904,367.8280029,12.48719978,-0.1999064615693955,872,818.146297272415,827.8233470039111,765.2178336069209,810.7921113109086
100282,RSN13335,95,13335, PASC,4.2,34.3768,-117.6461,8.934,54.62,714,34.1714,-118.1852,15.68,15.78,-0.000203603,-0.000353343,6.41e-06,5.64e-06,0.576217506,0.160406238,81.48615136,5.179664862,6.165471616,0.261799388,1611.10307,36.0998227,55.12371295,241.6654605,CI,PASC,10.46789333,720,-0.00836825,-0.149843307,-0.057218713,0.141475057,CI.PASC,723,-0.01252626,35.96979904,367.8280029,12.48719978,-0.012526259819180652,723,664.1249541699401,709.9569841105983,662.5091559066676,714.9702098055933
100282,RSN10766,95,10766, PASC,4.66,34.2983,-118.6255,8.038,42.94,714,34.1714,-118.1852,10.25,10.38,0.000218427,0.000248603,5.66e-06,3.98e-06,0.878616494,0.160871717,80.25962207,5.179664862,6.126524324,0.366519143,2195.378311,54.88115578,43.92279152,329.3067467,CI,PASC,10.46789333,913,-0.245852918,-0.149843307,-0.057218713,-0.096009612,CI.PASC,917,-0.25022451,35.96979904,367.8280029,12.48719978,-0.2502245099168805,917,897.9825819501117,894.9069456468499,781.8912818027073,866.8172778675913
100296,RSN13890,100,13890, SDG,4.17,34.3277,-116.829,4.957,173.6,439,32.784,-117.1381,22.58,22.68,-0.000449026,-0.001226479,0.000243132,7.51e-05,0.366110202,0.166190185,88.68209643,5.179664862,6.015610792,0.174532925,1050.315522,5.979041278,5.044498462,157.5473283,CI,SDG,0.85,618,-0.341989044,-0.246149056,-0.153524463,-0.095839988,CI.SDG,199,0.791194588,11.06569958,87.38960266,7.724770069,0.7911945883506792,199,214.05131967730682,157.72000577657212,192.32982979767658,150.00886713334873
100296,RSN14264,100,14264, SDG,3.94,32.7219,-116.8133,20.237,31.21,439,32.784,-117.1381,20.17,20.25,0.00516193,0.03753894,0.001231308,0.000474378,0.137508665,0.130705401,57.3306539,5.179664862,6.440435438,0.06981317,522.3929413,10.88147005,30.48704305,78.3589412,CI,SDG,0.85,384,0.13385686,-0.246149056,-0.153524463,0.380005917,CI.SDG,384,0.13385686,11.06569958,87.38960266,7.724770069,0.1338568604874446,384,397.9512249912651,376.32519495729844,422.92774180954854,372.7121517823714
100296,RSN15719,100,15719, SDG,3.81,32.4923,-116.8468,13.18,42.35,439,32.784,-117.1381,16.75,16.82,0.000553285,0.002512489,0.000236099,4.04e-05,0.220213963,0.152771485,73.45472802,5.179664862,6.274698597,0.104719755,707.7550221,13.69517327,10.64167574,106.1632533,CI,SDG,0.85,458,-0.042369771,-0.246149056,-0.153524463,0.203779285,CI.SDG,458,-0.042369771,11.06569958,87.38960266,7.724770069,-0.04236977103901385,458,426.44456696663735,387.33053237215864,412.03494983233344,363.07846530086556
100296,RSN13288,100,13288, SDG,4.19,34.3571,-116.8418,9.486,176.63,439,32.784,-117.1381,17.93,18.05,-0.000498898,-0.001609347,0.000146754,9.9e-05,0.310000427,0.161477021,87.22382042,5.179664862,6.185563454,0.157079633,928.1909483,5.039373737,10.96629053,139.2286422,CI,SDG,0.85,562,-0.247002437,-0.246149056,-0.153524463,-0.00085338,CI.SDG,562,-0.247002437,11.06569958,87.38960266,7.724770069,-0.2470024368185193,562,541.9235105932771,438.5054128914203,516.6153306773023,419.6828195449794
100296,RSN14348,100,14348, SDG,4.19,33.4453,-116.439,8.875,98.17,439,32.784,-117.1381,22.95,23.01,0.000319964,0.00146477,0.000416675,0.000124672,0.218439829,0.161711098,85.31045562,5.179664862,6.16316588,0.104719755,663.4859528,2.566446355,3.515377692,99.52289292,CI,SDG,0.85,438,0.002280503,-0.246149056,-0.153524463,0.248429559,CI.SDG,438,0.002280503,11.06569958,87.38960266,7.724770069,0.002280502698725151,438,386.1651659351038,355.4205541336863,386.5534139073643,339.80225959866345
100296,RSN16779,100,16779, SDG,3.72,33.1099,-116.0467,7.494,108.27,439,32.784,-117.1381,33.07,33.15,0.000218145,0.000769445,6.89e-05,7.18e-05,0.283508942,0.163273721,86.5268883,5.179664862,6.113435346,0.13962634,843.4771676,3.038231198,11.16756168,126.5215751,CI,SDG,0.85,517,-0.163543461,-0.246149056,-0.153524463,0.082605595,CI.SDG,517,-0.163543461,11.06569958,87.38960266,7.724770069,-0.1635434614332576,517,469.3269737342345,410.19748484121595,446.59571670338806,388.26552072769795
100296,RSN12789,100,12789, SDG,4.26,33.9538,-116.3912,7.696,147.19,439,32.784,-117.1381,23.67,23.74,-0.000624112,-0.001740859,0.00072188,0.000269084,0.358507973,0.16327499,87.35599882,5.179664862,6.118116656,0.174532925,1049.351936,2.319394687,2.411562864,157.4027904,CI,SDG,0.85,618,-0.341989044,-0.246149056,-0.153524463,-0.095839988,CI.SDG,199,0.791194588,11.06569958,87.38960266,7.724770069,0.7911945883506792,199,203.84734745269142,157.564976201212,187.18729281308458,149.91484767992102
100296,RSN16129,100,16129, SDG,3.58,33.827,-117.0296,15.131,116.12,439,32.784,-117.1381,18.75,18.82,-0.000430105,-0.001550817,0.000321558,0.000182656,0.27734093,0.156954018,82.99471118,5.179664862,6.323730411,0.13962634,859.7042326,2.354726918,4.82282201,128.9556349,CI,SDG,0.85,526,-0.1808018,-0.246149056,-0.153524463,0.065347257,CI.SDG,526,-0.1808018,11.06569958,87.38960266,7.724770069,-0.18080179966253862,526,472.73267485225426,421.6062993397,454.9184371862175,391.8541559716159
100296,RSN8852,100,8852, SDG,5.39,33.9465,-117.7667,14.89,141.58,439,32.784,-117.1381,18.3,19.01,-0.041057283,-0.036143035,0.001178554,0.00031728,1.135966675,0.157541103,84.33398271,5.179664862,6.31653763,0.41887902,2610.998784,129.4039429,30.66727108,391.6498176,CI,SDG,0.85,1044,-0.866315355,-0.246149056,-0.153524463,-0.620166299,CI.SDG,336,0.267388253,11.06569958,87.38960266,7.724770069,0.26738825311196734,336,245.7596748717645,221.43475977912976,265.52078825080923,213.89935192836822
100296,RSN12932,100,12932, SDG,4.41,32.707,-116.04,10.16,103.27,439,32.784,-117.1381,21.96,22.2,0.001099996,0.00328376,8.39e-05,7.84e-05,0.334980656,0.160463834,84.86837984,5.179664862,6.206955363,0.157079633,1002.143712,14.03056122,39.13897497,150.3215568,CI,SDG,0.85,603,-0.317417784,-0.246149056,-0.153524463,-0.071268727,CI.SDG,194,0.816641254,11.06569958,87.38960266,7.724770069,0.8166412540118433,194,168.75872629313972,148.56510086464152,167.06430979431076,141.14014002567745
100296,RSN11455,100,11455, SDG,4.73,33.7328,-117.4921,10.018,110.28,439,32.784,-117.1381,23.21,23.4,-0.001166063,-0.003249224,0.000123235,0.000147597,0.358874375,0.160671095,85.27046558,5.179664862,6.202702587,0.174532925,1067.326929,7.900316402,26.36608106,160.0990394,CI,SDG,0.85,623,-0.350047106,-0.246149056,-0.153524463,-0.103898049,CI.SDG,200,0.786182047,11.06569958,87.38960266,7.724770069,0.7861820465271352,200,188.3022994819527,151.98464447451448,178.16051286153294,146.39412130327003
100296,RSN9093,100,9093, SDG,5.2,33.5328,-116.5697,15.48,98.53,439,32.784,-117.1381,14.5,14.68,0.001532222,0.005270501,0.000281187,9.47e-05,0.290716667,0.156154082,81.50967629,5.179664862,6.333749326,0.13962634,902.6604409,16.17974657,18.74375771,135.3990661,CI,SDG,0.85,549,-0.223599028,-0.246149056,-0.153524463,0.022550028,CI.SDG,549,-0.223599028,11.06569958,87.38960266,7.724770069,-0.22359902843435897,549,472.9964315488253,413.894612910769,468.6109059245483,398.3636166263316
100296,RSN9407,100,9407, SDG,4.88,34.0655,-117.0011,17.501,142.7,439,32.784,-117.1381,17.12,17.33,-0.005635313,-0.016471124,0.000378379,0.00021922,0.342132867,0.155582111,83.32513009,5.179664862,6.383907006,0.157079633,1053.425193,25.70619925,43.5307562,158.013779,CI,SDG,0.85,619,-0.34360586,-0.246149056,-0.153524463,-0.097456803,CI.SDG,199,0.791194588,11.06569958,87.38960266,7.724770069,0.7911945883506792,199,193.94015051821407,151.04987061273545,181.54124271403828,145.36498185809162
100296,RSN16296,100,16296, SDG,3.64,33.223,-116.7186,8.687,62.51,439,32.784,-117.1381,24.25,24.32,-0.000767336,-0.00274855,9.83e-05,7.34e-05,0.279178551,0.161179105,82.81765171,5.179664862,6.155594857,0.13962634,842.3219307,10.45416894,27.96083418,126.3482896,CI,SDG,0.85,517,-0.163543461,-0.246149056,-0.153524463,0.082605595,CI.SDG,517,-0.163543461,11.06569958,87.38960266,7.724770069,-0.1635434614332576,517,464.55722946356696,415.82788417490855,447.6479405776302,389.07395044273824
100356,RSN11955,110,11955, PHL,4.27,34.3874,-119.4398,6.219,151.75,384,35.4077,-120.5456,14.3125,14.5375,0.000222028,0.00022696,6.41e-06,6.25e-06,0.978272522,0.164488183,88.00729269,5.179664862,6.075787581,0.383972435,2293.955276,35.52448,35.40717629,344.0932914,CI,PHL,4.276666667,945,-0.900542375,-0.918401194,-0.8257766,0.017858819,CI.PHL,633,-0.49982787,3.069080114,387.6669922,3.995280027,-0.49982786955644887,633,546.0005928702292,569.7050340658091,585.4479617875845,551.6071876062549
100356,RSN10773,110,10773, PHL,4.66,34.2983,-118.6255,8.038,214.43,384,35.4077,-120.5456,17.0,17.2,0.00034967,0.000451155,0.00011968,9.52e-05,0.775055494,0.163135654,88.10750686,5.179664862,6.126524324,0.331612558,1985.30443,3.673004202,3.769677473,297.7956645,CI,PHL,4.276666667,845,-0.788694075,-0.918401194,-0.8257766,0.129707119,CI.PHL,566,-0.387951526,3.069080114,387.6669922,3.995280027,-0.3879515256154562,566,572.5778744188348,516.5487241298222,556.4034614630907,492.7739710740152
100356,RSN14666,110,14666, PHL,3.9,35.3429,-118.5645,9.906,180.16,384,35.4077,-120.5456,23.0625,23.1875,9.68e-05,6.88e-05,2.02e-05,1.74e-05,1.407610254,0.161108126,87.13566827,5.179664862,6.199256899,0.471238898,2844.115456,5.563218391,3.405940594,426.6173184,CI,PHL,4.276666667,1115,-1.065967131,-0.918401194,-0.8257766,-0.147565938,CI.PHL,746,-0.664083048,3.069080114,387.6669922,3.995280027,-0.6640830476160335,746,569.3885633783653,678.9166723909823,679.7666275245707,650.0896781313082
100361,RSN18456,111,18456, PAGB,3.45,35.8887,-120.4353,8.049,24.25,473,35.7307,-120.2499,22.26,22.3,-0.000262621,-0.001389691,0.000232588,4.07e-05,0.18897784,0.156046264,72.96083648,5.179664862,6.12705915,0.087266463,597.2716177,6.452604423,5.974904122,89.59074266,NC,PAGB,8.69501,414,0.133229415,0.049513515,0.142138109,0.083715899,NC.PAGB,414,0.133229415,20.99570084,479.0830078,7.364409924,0.13322941466661842,414,401.86349635809796,356.84065000013595,384.397139868661,337.6224708721144
100361,RSN15078,111,15078, PAGB,3.56,36.0672,-120.1861,14.523,37.78,473,35.7307,-120.2499,19.94,20.02,-0.000725389,-0.00309905,0.000163876,6.91e-05,0.234068068,0.148471652,69.41186891,5.179664862,6.305125515,0.122173048,773.2433987,10.49767004,18.91094486,115.9865098,NC,PAGB,8.69501,487,-0.029168735,0.049513515,0.142138109,-0.07868225,NC.PAGB,487,-0.029168735,20.99570084,479.0830078,7.364409924,-0.029168734590657053,487,459.34954437975506,399.78835979809946,405.62311110792126,369.14188953740796
100361,RSN20286,111,20286, PAGB,3.9,37.5893,-118.8176,11.872,242.77,473,35.7307,-120.2499,4.8,5.01,9.04e-05,0.000304608,2.32e-05,4.85e-06,0.296729013,0.159842359,87.41702215,5.179664862,6.249807686,0.13962634,898.636287,18.63917526,13.12965517,134.7954431,NC,PAGB,8.69501,546,-0.143523587,0.049513515,0.142138109,-0.193037103,NC.PAGB,546,-0.143523587,20.99570084,479.0830078,7.364409924,-0.14352358725297254,546,548.0791638337868,452.0356139719757,453.906335346677,406.96313037335915
100361,RSN12065,111,12065, PAGB,4.05,35.7241,-121.0951,7.275,76.47,473,35.7307,-120.2499,22.2,22.4,-0.000168669,-0.001025433,2.73e-05,7.06e-06,0.164485386,0.163148914,85.21739195,5.179664862,6.108028485,0.087266463,499.3055931,23.8907932,37.56164835,74.89583897,NC,PAGB,8.69501,373,0.237516969,0.049513515,0.142138109,0.188003453,NC.PAGB,373,0.237516969,20.99570084,479.0830078,7.364409924,0.23751696884811668,373,359.88216663663576,317.4676422058543,341.8170069335574,307.06326976323055
100386,RSN16960,117,16960, PLC,3.63,34.1242,-116.405,9.555,34.69,346,33.8244,-116.512,13.55,13.59,-0.004190631,-0.026782796,0.003642416,0.000835154,0.156467276,0.156434442,75.46644875,5.179664862,6.187901101,0.06981317,495.306609,5.017794323,7.353030516,74.29599135,CI,PLC,0.396666667,372,-0.072455079,0.065877002,0.158501596,-0.138332082,CI.PLC,372,-0.072455079,0.868066013,129.1329956,0.829178989,-0.07245507921542149,372,378.53004749838294,342.62913012187494,307.53587141719754,303.62215159003193
100386,RSN14560,117,14560, PLC,3.78,34.0294,-116.7534,14.93,31.86,346,33.8244,-116.512,19.5,19.55,-0.003417477,-0.019584898,0.003486009,0.001063166,0.174495543,0.144377658,65.80300224,5.179664862,6.317747533,0.087266463,597.579859,3.214434058,5.618143269,89.63697885,CI,PLC,0.396666667,414,-0.179427199,0.065877002,0.158501596,-0.245304201,CI.PLC,414,-0.179427199,0.868066013,129.1329956,0.829178989,-0.1794271987675895,414,384.02908646307907,366.672516480193,336.560405646693,326.14607829435494
100386,RSN17675,117,17675, PLC,3.47,33.8029,-116.1786,7.366,30.96,346,33.8244,-116.512,19.35,19.38,0.004568692,0.036848676,0.008539541,0.00064877,0.123985253,0.159851439,77.61896723,5.179664862,6.110319177,0.06981317,385.8038192,7.04208271,4.315065177,57.87057288,CI,PLC,0.396666667,319,0.081247672,0.065877002,0.158501596,0.01537067,CI.PLC,319,0.081247672,0.868066013,129.1329956,0.829178989,0.08124767227288032,319,359.17322471042536,323.5052766357144,285.22895626918694,286.4905789532356
100386,RSN8257,117,8257, PLC,4.92,33.5083,-116.5143,15.2,35.14,346,33.8244,-116.512,18.74,18.8,-0.073974467,-0.819302351,0.01690899,0.001266148,0.090289583,0.14587294,67.3322889,5.179664862,6.325747735,0.052359878,308.6485229,58.42481843,48.453654,46.29727844,CI,PLC,0.396666667,274,0.233310669,0.065877002,0.158501596,0.167433666,CI.PLC,274,0.233310669,0.868066013,129.1329956,0.829178989,0.23331066866965422,274,288.4686750601894,283.6019563702445,246.81006143615508,251.75788072360265
100386,RSN12859,117,12859, PLC,4.02,33.7129,-116.0516,12.808,44.41,346,33.8244,-116.512,21.58,21.63,0.001852618,0.020520825,0.000829543,0.000468249,0.090279886,0.153841408,74.6448101,5.179664862,6.268161535,0.052359878,292.6303886,3.95648042,24.73750607,43.89455829,CI,PLC,0.396666667,265,0.266708949,0.065877002,0.158501596,0.200831947,CI.PLC,265,0.266708949,0.868066013,129.1329956,0.829178989,0.26670894907150267,265,296.5197195952926,285.41514252956665,248.73204326479504,251.7999168587818
100438,RSN12905,130,12905, SPG2,4.11,36.0312,-117.7658,4.03,92.01,924,36.2006,-118.7662,21.05,21.16,0.000667862,0.000475134,0.000111442,8.3e-05,1.405627847,0.168221959,88.07177038,5.179664862,5.941161117,0.471238898,2722.27367,8.04653012,4.263509269,408.3410505,CI,SPG2,-999.0,1078,-0.15415068,-0.028416479,0.064208115,-0.125734201,CI.SPG2,1078,-0.15415068,11.80700016,657.5360107,10.30140018,-0.15415067982725805,1078,852.5469563966919,961.3528533415619,912.6949567664233,994.0462712648398
100438,RSN18030,130,18030, SPG2,5.0,36.3864,-117.8583,7.408,84.12,924,36.2006,-118.7662,10.5,10.55,0.003711946,0.003218238,0.000413858,0.000230387,1.153409668,0.163132478,85.53162558,5.179664862,6.11135504,0.436332313,2550.325433,16.11178582,7.776188934,382.548815,CI,SPG2,-999.0,1025,-0.10373582,-0.028416479,0.064208115,-0.075319341,CI.SPG2,1025,-0.10373582,11.80700016,657.5360107,10.30140018,-0.10373581993082492,1025,867.1877364206971,921.8559781263397,874.5387983125819,948.2366670895575
100438,RSN17000,130,17000, SPG2,3.59,35.7823,-117.6639,7.014,109.7,924,36.2006,-118.7662,13.25,13.31,0.000705232,0.000512872,0.000130628,9.78e-05,1.375064426,0.163651755,86.81276556,5.179664862,6.101084446,0.471238898,2773.01948,7.210961145,3.926202652,415.952922,CI,SPG2,-999.0,1093,-0.167969417,-0.028416479,0.064208115,-0.139552938,CI.SPG2,1093,-0.167969417,11.80700016,657.5360107,10.30140018,-0.16796941653485487,1093,950.5309837471234,992.7036953632381,945.0568349614408,1015.9776651166383
100438,RSN18318,130,18318, SPG2,3.47,36.3879,-117.8711,9.151,83.05,924,36.2006,-118.7662,10.63,10.67,0.00059717,0.001071702,3.01e-05,1.39e-05,0.557216569,0.161164031,84.25369115,5.179664862,6.173678858,0.261799388,1562.676167,42.9618705,35.60471761,234.4014251,CI,SPG2,-999.0,752,0.205975748,-0.028416479,0.064208115,0.234392226,CI.SPG2,752,0.205975748,11.80700016,657.5360107,10.30140018,0.205975747691844,752,701.3992316628938,678.0861940817529,692.4055495025519,701.9472479112899
100438,RSN18048,130,18048, SPG2,4.5,36.3915,-117.8683,9.117,83.39,924,36.2006,-118.7662,11.5,11.57,0.02937272,0.020196343,0.00072842,0.001232424,1.454358351,0.161223044,84.3468329,5.179664862,6.172420506,0.488692191,2890.136757,23.83329114,27.72623349,433.5205136,CI,SPG2,-999.0,1129,-0.200375493,-0.028416479,0.064208115,-0.171959014,CI.SPG2,1129,-0.200375493,11.80700016,657.5360107,10.30140018,-0.2003754925079777,1129,882.0777183474709,1019.9230201638272,928.5571659644525,1043.7885942041316
100438,RSN17967,130,17967, SPG2,4.04,36.3911,-117.8665,9.439,83.53,924,36.2006,-118.7662,10.42,10.44,0.000120656,0.000130121,4.74e-05,2.16e-05,0.927259893,0.160859312,84.12411221,5.179664862,6.183950287,0.366519143,2266.510995,5.585925926,2.745168776,339.9766493,CI,SPG2,-999.0,936,-0.012903405,-0.028416479,0.064208115,0.015513074,CI.SPG2,936,-0.012903405,11.80700016,657.5360107,10.30140018,-0.012903404835907573,936,813.7182890568884,839.6249617089444,848.1495551038187,864.6732456114125
100438,RSN14609,130,14609, SPG2,4.11,35.6211,-117.5805,9.045,124.86,924,36.2006,-118.7662,25.91,26.02,0.004309066,0.004804831,1.19e-05,9.96e-06,0.896819507,0.161736262,86.25781366,5.179664862,6.169722379,0.366519143,2210.528487,432.6371486,403.7673109,331.5792731,CI,SPG2,-999.0,918,0.006514681,-0.028416479,0.064208115,0.03493116,CI.SPG2,918,0.006514681,11.80700016,657.5360107,10.30140018,0.006514681021193347,918,885.3254643862958,871.9889473271296,879.0479455061945,871.045154274207
100438,RSN10811,130,10811, SPG2,4.66,34.2983,-118.6255,8.038,211.44,924,36.2006,-118.7662,14.11,14.2,-0.000103049,-0.000161096,4.72e-05,3.02e-05,0.639673505,0.163133094,88.08049133,5.179664862,6.126524324,0.27925268,1718.865976,3.412218543,3.413050847,257.8298964,CI,SPG2,-999.0,757,0.199348818,-0.028416479,0.064208115,0.227765297,CI.SPG2,757,0.199348818,11.80700016,657.5360107,10.30140018,0.19934881820423556,757,785.5387910220287,731.1801645764407,740.4454227021066,723.1433659260366
100438,RSN18146,130,18146, SPG2,5.19,36.4034,-117.8499,9.418,85.32,924,36.2006,-118.7662,12.17,12.21,0.003091365,0.002400174,0.000816964,0.000863103,1.287975085,0.160921885,84.27725101,5.179664862,6.183223963,0.453785606,2731.695528,3.581687238,2.937918929,409.7543292,CI,SPG2,-999.0,1081,-0.156929746,-0.028416479,0.064208115,-0.128513267,CI.SPG2,1081,-0.156929746,11.80700016,657.5360107,10.30140018,-0.15692974599752407,1081,820.0801019634995,974.9064217060994,888.33153845784,998.8699176842897
100438,RSN18232,130,18232, SPG2,4.36,36.3932,-117.8644,8.798,83.78,924,36.2006,-118.7662,12.15,12.23,0.013870601,0.009324181,0.000234595,0.000144948,1.487594605,0.161605746,84.56764772,5.179664862,6.160106881,0.488692191,2908.861093,95.69363496,39.74586415,436.329164,CI,SPG2,-999.0,1134,-0.204794413,-0.028416479,0.064208115,-0.176377934,CI.SPG2,1134,-0.204794413,11.80700016,657.5360107,10.30140018,-0.20479441264601306,1134,956.0290735548884,1020.5154027415755,936.4169162378622,1048.4112186248763
100438,RSN10536,130,10536, SPG2,4.45,34.1081,-117.3062,14.795,267.56,924,36.2006,-118.7662,15.4,15.54,0.000498187,0.000588923,0.00011419,0.000108171,0.845928236,0.158174724,87.03124881,5.179664862,6.313637877,0.34906585,2173.173388,4.605550471,5.157395569,325.9760082,CI,SPG2,-999.0,906,0.019672766,-0.028416479,0.064208115,0.048089244,CI.SPG2,906,0.019672766,11.80700016,657.5360107,10.30140018,0.019672765598704345,906,950.5963056218864,866.5081531760105,871.7762143658465,861.6284064875657
100438,RSN16650,130,16650, SPG2,3.69,33.735,-117.4936,9.693,297.2,924,36.2006,-118.7662,10.98,11.08,1.19e-05,1.22e-05,2.21e-06,1.53e-06,0.977695138,0.161416851,88.31780713,5.179664862,6.192470162,0.383972435,2336.834786,7.777777778,5.520361991,350.5252179,CI,SPG2,-999.0,958,-0.036135706,-0.028416479,0.064208115,-0.007719228,CI.SPG2,958,-0.036135706,11.80700016,657.5360107,10.30140018,-0.03613570632917629,958,760.3781021093628,916.3944993552637,924.0012280944422,915.5500089104294
100438,RSN16368,130,16368, SPG2,3.74,34.8456,-119.2446,12.927,156.47,924,36.2006,-118.7662,35.3,35.37,-0.000297381,-0.000411554,7.65e-05,2.79e-05,0.722580006,0.159012051,85.59985301,5.179664862,6.270295551,0.314159265,1936.139211,10.6588172,5.37979085,290.4208817,CI,SPG2,-999.0,829,0.108491917,-0.028416479,0.064208115,0.136908395,CI.SPG2,829,0.108491917,11.80700016,657.5360107,10.30140018,0.1084919165063889,829,821.805878640787,791.0257774916822,795.7945542738006,783.2834299114737
100438,RSN18190,130,18190, SPG2,4.08,36.3983,-117.8495,7.662,85.21,924,36.2006,-118.7662,12.35,12.38,0.000692062,0.00076874,0.000148094,0.000205059,0.900254131,0.162945483,85.4109888,5.179664862,6.117348091,0.366519143,2199.095426,3.374940871,5.190892271,329.8643139,CI,SPG2,-999.0,915,0.009788006,-0.028416479,0.064208115,0.038204485,CI.SPG2,915,0.009788006,11.80700016,657.5360107,10.30140018,0.00978800636616306,915,798.4856713496592,820.902351622873,829.6901172777541,845.378955841081
100438,RSN12716,130,12716, SPG2,4.34,35.8373,-117.678,6.864,106.06,924,36.2006,-118.7662,22.93,23.06,0.004231387,0.004402535,1.74e-05,2.91e-05,0.961125127,0.163759777,86.77281659,5.179664862,6.096821743,0.383972435,2281.448967,145.408488,253.0192529,342.2173451,CI,SPG2,-999.0,941,-0.018231068,-0.028416479,0.064208115,0.010185411,CI.SPG2,941,-0.018231068,11.80700016,657.5360107,10.30140018,-0.018231067943695223,941,815.37984363537,845.1561470665889,833.0943131678148,873.6408571073215
100438,RSN11466,130,11466, SPG2,4.73,33.7328,-117.4921,10.018,297.48,924,36.2006,-118.7662,60.43,60.57,0.000101807,9.92e-05,1.78e-05,1.61e-05,1.02656678,0.161145277,88.25495417,5.179664862,6.202702587,0.401425728,2413.48673,6.323416149,5.573033708,362.0230095,CI,SPG2,-999.0,982,-0.060879237,-0.028416479,0.064208115,-0.032462758,CI.SPG2,982,-0.060879237,11.80700016,657.5360107,10.30140018,-0.060879236712781726,982,821.7054540146647,939.7115574730777,937.522839941124,937.8599501548553
100438,RSN18287,130,18287, SPG2,4.2,36.3905,-117.8695,8.829,83.26,924,36.2006,-118.7662,12.9,12.93,0.005058509,0.004350124,0.001593172,0.0012291,1.16284258,0.161567496,84.54618202,5.179664862,6.161345296,0.436332313,2585.203481,4.115620373,2.730479823,387.7805222,CI,SPG2,-999.0,1036,-0.114410351,-0.028416479,0.064208115,-0.085993873,CI.SPG2,1036,-0.114410351,11.80700016,657.5360107,10.30140018,-0.11441035117774412,1036,821.413123254966,929.6239965119004,887.0723360157854,957.807779978282
100438,RSN18308,130,18308, SPG2,3.05,36.3904,-117.8704,9.371,83.18,924,36.2006,-118.7662,7.18,7.21,0.001804253,0.001767525,0.000196888,0.000346601,1.020779227,0.160934378,84.17113179,5.179664862,6.181585801,0.401425728,2409.329514,5.205562015,8.977311974,361.3994271,CI,SPG2,-999.0,981,-0.059860388,-0.028416479,0.064208115,-0.031443909,CI.SPG2,981,-0.059860388,11.80700016,657.5360107,10.30140018,-0.059860387923679426,981,709.8341578282443,878.9595007494429,854.2519761162969,904.557501380235
100438,RSN14682,130,14682, SPG2,3.9,35.3429,-118.5645,9.906,96.9,924,36.2006,-118.7662,20.51,20.57,-0.004582885,-0.007328044,0.000532145,9.43e-05,0.625390033,0.160605454,84.64432442,5.179664862,6.199256899,0.27925268,1717.291559,48.59899258,13.77076549,257.5937339,CI,SPG2,-999.0,756,0.200670695,-0.028416479,0.064208115,0.229087174,CI.SPG2,756,0.200670695,11.80700016,657.5360107,10.30140018,0.20067069546215066,756,682.1524965613027,678.1995294183557,690.7607753961798,699.4056918067984
100439,RSN11747,131,11747, SBC,4.5,34.3365,-116.8617,8.94,262.64,485,34.4408,-119.7149,17.6,17.8875,0.000228446,0.00084043,6.19e-05,0.000105583,0.271821042,0.162112476,88.25751637,5.179664862,6.165704274,0.13962634,816.9147572,2.163662711,13.57722132,122.5372136,CI,SBC,0.2,506,-0.042387778,0.050342216,0.142966809,-0.092729994,CI.SBC,506,-0.042387778,4.426280022,105.5289993,5.224259853,-0.04238777834998242,506,461.2319933814131,451.99987155729247,447.2923981485731,433.2918755325843
100439,RSN11849,131,11849, SBC,4.26,34.2844,-118.4129,8.031,121.02,485,34.4408,-119.7149,45.78,45.925,0.000237196,0.001083234,0.000327611,7.22e-05,0.218970156,0.1629496,86.61866524,5.179664862,6.126183158,0.104719755,659.9694792,3.285263158,3.306464069,98.99542188,CI,SBC,0.2,436,0.106506648,0.050342216,0.142966809,0.056164432,CI.SBC,436,0.106506648,4.426280022,105.5289993,5.224259853,0.10650664758844908,436,389.8721229140918,377.74224435630634,372.53802249352754,368.37223472195524
100439,RSN10127,131,10127, SBC,4.18,34.3617,-118.6637,11.151,97.05,485,34.4408,-119.7149,8.5625,8.8,0.00075525,0.003520524,0.000100986,6.59e-05,0.214527629,0.159516673,83.90093691,5.179664862,6.233452986,0.104719755,661.0955824,11.46054628,34.86150556,99.16433736,CI,SBC,0.2,437,0.104215696,0.050342216,0.142966809,0.05387348,CI.SBC,437,0.104215696,4.426280022,105.5289993,5.224259853,0.10421569584189339,437,382.68322597099694,378.3665571231512,370.6355376023026,368.90855805209503
100439,RSN17552,131,17552, SBC,3.29,34.2551,-119.6305,10.135,22.01,485,34.4408,-119.7149,72.625,72.7125,-0.001832313,-0.006521364,0.000178892,5.95e-05,0.280970763,0.147754634,66.49095978,5.179664862,6.206215806,0.13962634,924.3279135,30.79517647,36.45419583,138.649187,CI,SBC,0.2,560,-0.143787893,0.050342216,0.142966809,-0.194130108,CI.SBC,560,-0.143787893,4.426280022,105.5289993,5.224259853,-0.14378789279171134,560,511.34004504883364,486.7471917167188,490.3255736528937,464.7907119919393
100439,RSN10275,131,10275, SBC,4.34,35.0174,-119.1492,9.557,82.32,485,34.4408,-119.7149,6.15,6.375,-0.000698387,-0.002632857,0.000312765,6.39e-05,0.265258304,0.16070964,83.96952811,5.179664862,6.187968323,0.122173048,803.7251598,10.92937402,8.418003933,120.558774,CI,SBC,0.2,500,-0.030459207,0.050342216,0.142966809,-0.080801423,CI.SBC,500,-0.030459207,4.426280022,105.5289993,5.224259853,-0.030459207484708095,500,438.28183107296957,430.10813004389684,420.4693101954102,417.7112086937872
100439,RSN8846,131,8846, SBC,5.39,33.9465,-117.7667,14.89,187.76,485,34.4408,-119.7149,25.5,26.05,0.006682888,0.027576853,0.000258152,0.000104489,0.242336857,0.15787498,85.72922624,5.179664862,6.31653763,0.122173048,751.491272,63.95781374,106.824092,112.7236908,CI,SBC,0.2,478,0.014538158,0.050342216,0.142966809,-0.035804057,CI.SBC,478,0.014538158,4.426280022,105.5289993,5.224259853,0.014538158446026905,478,437.9171739882567,426.1648427344057,425.11583022871923,409.1772299056633
100439,RSN12102,131,12102, SBC,4.42,34.8927,-119.0292,16.97,80.39,485,34.4408,-119.7149,35.8125,36.0375,0.002285832,0.0113835,7.53e-05,0.000108514,0.200802178,0.153827758,78.57156412,5.179664862,6.371886121,0.104719755,643.4220784,21.06485799,151.1752988,96.51331176,CI,SBC,0.2,431,0.118040801,0.050342216,0.142966809,0.067698585,CI.SBC,431,0.118040801,4.426280022,105.5289993,5.224259853,0.11804080083373591,431,405.2630559807526,386.47917264863503,399.5723221890489,385.76754903362763
100439,RSN11219,131,11219, SBC,4.42,34.0665,-118.8938,12.827,86.28,485,34.4408,-119.7149,22.23,22.32,0.000375641,0.001766868,0.000677559,0.000122465,0.212602918,0.158005487,82.07865633,5.179664862,6.268505043,0.104719755,661.6876811,3.067333524,2.607696156,99.25315217,CI,SBC,0.2,437,0.104215696,0.050342216,0.142966809,0.05387348,CI.SBC,437,0.104215696,4.426280022,105.5289993,5.224259853,0.10421569584189339,437,379.40578257751787,377.4894950571125,369.27521446393865,368.90855805209503
100439,RSN9267,131,9267, SBC,5.03,35.3852,-118.6292,7.3,144.29,485,34.4408,-119.7149,16.775,17.35,0.004147836,0.014044766,0.000108345,0.000101135,0.295329683,0.163543274,87.47741155,5.179664862,6.108664217,0.13962634,874.4847982,41.01286399,129.6300337,131.1727197,CI,SBC,0.2,534,-0.096246948,0.050342216,0.142966809,-0.146589164,CI.SBC,534,-0.096246948,4.426280022,105.5289993,5.224259853,-0.09624694802271172,534,499.05955165664926,477.2817488381758,470.12977531417414,456.40748248471897
100439,RSN15074,131,15074, SBC,3.52,34.2871,-119.6948,5.225,17.15,485,34.4408,-119.7149,13.9125,13.975,-0.003573312,-0.018028655,0.000319851,0.000147406,0.198201812,0.160307396,75.20797477,5.179664862,6.0312809,0.104719755,609.7210872,24.24129276,56.3657922,91.45816308,CI,SBC,0.2,419,0.146277971,0.050342216,0.142966809,0.095935755,CI.SBC,419,0.146277971,4.426280022,105.5289993,5.224259853,0.1462779710153459,419,409.0836526715157,380.66085037284284,400.7468072379926,367.62469702925716
100439,RSN10794,131,10794, SBC,4.66,34.2983,-118.6255,8.038,101.44,485,34.4408,-119.7149,10.0,10.25,0.002274322,0.010219741,0.001352213,0.000216909,0.222542022,0.162821926,85.9741614,5.179664862,6.126524324,0.104719755,670.7625247,10.48514354,7.557789342,100.6143787,CI,SBC,0.2,441,0.095104015,0.050342216,0.142966809,0.0447618,CI.SBC,441,0.095104015,4.426280022,105.5289993,5.224259853,0.0951040154906373,441,383.4637136584862,381.97768034917607,372.4059375725136,372.4418376313943
100439,RSN18137,131,18137, SBC,5.19,36.4034,-117.8499,9.418,275.86,485,34.4408,-119.7149,16.29,16.65,-0.000722678,-0.001725475,0.000377962,0.000105788,0.418828577,0.161651656,88.24027661,5.179664862,6.183223963,0.191986218,1217.479716,6.831379741,4.565207613,182.6219574,CI,SBC,0.2,669,-0.321635169,0.050342216,0.142966809,-0.371977385,CI.SBC,112,1.46565002,4.426280022,105.5289993,5.224259853,1.4656500196423892,112,109.83698688696677,105.1878757143861,101.74642887358972,98.29719419897935
100439,RSN15337,131,15337, SBC,3.74,34.8437,-119.6912,11.07,44.75,485,34.4408,-119.7149,21.0125,21.075,-0.000402795,-0.003335357,0.000230631,0.00010364,0.120765172,0.156248264,76.81965222,5.179664862,6.231475121,0.052359878,384.1941561,3.886482053,14.46187633,57.62912342,CI,SBC,0.2,318,0.422097508,0.050342216,0.142966809,0.371755293,CI.SBC,318,0.422097508,4.426280022,105.5289993,5.224259853,0.4220975081573064,318,349.6096180996001,341.84654624366294,353.99812813832483,344.22910131450425
100439,RSN11967,131,11967, SBC,4.27,34.3874,-119.4398,6.219,25.98,485,34.4408,-119.7149,16.6375,16.775,-0.000907415,-0.005299181,6.38e-05,5.14e-05,0.17123682,0.160828988,77.73155915,5.179664862,6.075787581,0.087266463,526.7206539,17.65398833,83.05926332,79.00809809,CI,SBC,0.2,386,0.228311521,0.050342216,0.142966809,0.177969306,CI.SBC,386,0.228311521,4.426280022,105.5289993,5.224259853,0.22831152147265232,386,367.0743433521719,356.5673300216826,383.96456439972656,363.502521947394
100452,RSN18047,134,18047, RCT,4.5,36.3915,-117.8683,9.117,123.84,282,36.3052,-119.2438,10.67,10.82,0.008545547,0.046019592,0.001395475,0.001429802,0.185693682,0.161653603,86.19356204,5.179664862,6.172420506,0.087266463,566.8678937,5.976734541,32.97772586,85.03018406,CI,RCT,3.7,402,-0.354545018,-0.356168493,-0.263543899,0.001623475,CI.RCT,402,-0.354545018,5.659100056,108.0770035,0.161065996,-0.3545450176809073,402,390.40714380974833,370.8013345155523,328.4268951803964,324.4044409650238
100452,RSN18187,134,18187, RCT,4.08,36.3983,-117.8495,7.662,125.58,282,36.3052,-119.2438,10.8,10.9,0.000721735,0.003909779,0.001164321,0.000161988,0.18459726,0.163234112,86.92469468,5.179664862,6.117348091,0.087266463,558.1731387,4.455484357,3.357990623,83.72597081,CI,RCT,3.7,399,-0.347054346,-0.356168493,-0.263543899,0.009114147,CI.RCT,399,-0.347054346,5.659100056,108.0770035,0.161065996,-0.3470543459517499,399,418.42680592195387,375.5265195203607,347.58084337226325,329.67403982283656
100452,RSN9769,134,9769, RCT,4.69,35.0172,-119.0247,9.251,144.28,282,36.3052,-119.2438,8.5,8.69,-0.001611656,-0.008486225,0.000302358,0.000148191,0.18991437,0.16161363,86.69773499,5.179664862,6.177322679,0.087266463,579.4561065,10.87553225,28.06681153,86.91841598,CI,RCT,3.7,407,-0.366906115,-0.356168493,-0.263543899,-0.010737622,CI.RCT,407,-0.366906115,5.659100056,108.0770035,0.161065996,-0.36690611450448074,407,405.7653408621377,374.1279589902779,347.7019355579485,332.65674567984803
100453,RSN16379,135,16379, WGR,3.74,34.8456,-119.2446,12.927,37.23,660,34.5109,-119.2741,14.15,14.26,-0.000433137,-0.006933009,6.88e-05,6.49e-05,0.062474535,0.151389863,71.66967951,5.179664862,6.270295551,0.034906585,206.0605171,6.673913713,100.7704797,30.90907757,CI,WGR,-999.0,205,1.169229856,0.347849698,0.440474291,0.821380158,CI.WGR,205,1.169229856,46.75080109,625.0280151,10.37559986,1.1692298558820626,205,317.93509146792,308.65851426801487,357.9132205466043,341.1431676394956
100453,RSN10832,135,10832, WGR,4.66,34.2983,-118.6255,8.038,64.13,660,34.5109,-119.2741,9.58,9.95,0.004606597,0.007867195,5.35e-05,2.76e-05,0.585545066,0.162183091,83.52372751,5.179664862,6.126524324,0.261799388,1613.063639,166.9056884,147.0503738,241.9595459,CI,WGR,-999.0,721,-0.088399302,0.347849698,0.440474291,-0.436249,CI.WGR,721,-0.088399302,46.75080109,625.0280151,10.37559986,-0.08839930226447823,721,662.3680390217486,665.1918853581362,690.8460052223289,714.804765785206
100453,RSN9820,135,9820, WGR,4.69,35.0172,-119.0247,9.251,60.63,660,34.5109,-119.2741,9.2,9.34,-0.00161224,-0.006256511,0.000314002,0.000241108,0.257689886,0.160322284,82.03896181,5.179664862,6.177322679,0.122173048,784.1062749,6.686795959,19.92506736,117.6159412,CI,WGR,-999.0,492,0.293761119,0.347849698,0.440474291,-0.054088579,CI.WGR,492,0.293761119,46.75080109,625.0280151,10.37559986,0.2937611185281632,492,427.1166386458435,432.0687448181207,443.75498560866083,478.85392368324466
100453,RSN15077,135,15077, WGR,3.52,34.2871,-119.6948,5.225,45.96,660,34.5109,-119.2741,19.81,19.88,-0.000265153,-0.000649683,4.51e-05,4.46e-05,0.408126478,0.165043126,84.51511927,5.179664862,6.0312809,0.191986218,1166.236079,5.945134529,14.40538803,174.9354119,CI,WGR,-999.0,649,0.016807118,0.347849698,0.440474291,-0.331042579,CI.WGR,649,0.016807118,46.75080109,625.0280151,10.37559986,0.01680711831638071,649,622.2984054030246,605.2389563846604,631.1718668263303,652.8389640993407
100458,RSN17929,136,17929, MDPB,4.04,36.3911,-117.8665,9.439,175.0,580,37.6323,-119.0794,12.45,12.72,3.74e-05,0.000489813,1.1e-05,1.37e-06,0.076258853,0.16151688,87.20730569,5.179664862,6.183950287,0.034906585,235.5310357,27.29927007,44.52845455,35.32965536,NC,MDPB,4.121806667,227,0.938078086,0.704825117,0.79744971,0.233252969,NC.MDPB,227,0.938078086,13.47599983,2372.969971,5.602079868,0.9380780860590621,227,327.56374352317397,356.15008558931083,331.86366721205115,328.50447972099926
100458,RSN18218,136,18218, MDPB,4.36,36.3932,-117.8644,8.798,174.94,580,37.6323,-119.0794,12.5,12.57,-3.48e-05,-0.000300236,0.000108841,2.87e-06,0.116007697,0.162170183,87.41913142,5.179664862,6.160106881,0.052359878,355.7789671,12.12543554,2.758482557,53.36684507,NC,MDPB,4.121806667,301,0.655917839,0.704825117,0.79744971,-0.048907278,NC.MDPB,301,0.655917839,13.47599983,2372.969971,5.602079868,0.6559178387915896,301,322.2663317495151,338.887718906266,340.5856174059932,333.73277604496377
100458,RSN18104,136,18104, MDPB,5.19,36.4034,-117.8499,9.418,174.85,580,37.6323,-119.0794,11.63,11.77,-0.000365045,-0.002279665,0.000481261,0.000111922,0.160130863,0.161536806,87.2142442,5.179664862,6.183223963,0.087266463,491.2746474,3.26160183,4.736857963,73.69119711,NC,MDPB,4.121806667,370,0.449525098,0.704825117,0.79744971,-0.255300019,NC.MDPB,370,0.449525098,13.47599983,2372.969971,5.602079868,0.4495250979021952,370,363.0144608513769,374.03855913249896,373.36771895106335,365.2879083927872
100458,RSN18267,136,18267, MDPB,4.2,36.3905,-117.8695,8.829,174.89,580,37.6323,-119.0794,11.92,11.99,6.16e-05,0.000640058,7.58e-05,1.14e-05,0.096248184,0.162136278,87.40888545,5.179664862,6.161345296,0.052359878,295.8521559,5.403508772,8.444036939,44.37782339,NC,MDPB,4.121806667,267,0.775779445,0.704825117,0.79744971,0.070954328,NC.MDPB,267,0.775779445,13.47599983,2372.969971,5.602079868,0.7757794451402154,267,307.8595790086214,339.8847678074476,326.18215858780553,322.909660150186
100519,RSN18530,139,18530, PHOB,3.43,35.9148,-120.4658,7.18,5.49,376,35.8666,-120.4796,40.53,40.63,-0.009111321,-0.253371314,0.001307549,0.00051227,0.035960348,0.103017635,38.97498814,5.179664862,6.105567046,0.017453293,174.4487448,17.7861694,193.7757698,26.16731172,NC,PHOB,0.343333333,181,0.731092112,0.490949937,0.58357453,0.240142175,NC.PHOB,181,0.731092112,5.659100056,771.3359985,2.658590078,0.7310921121240685,181,245.1042341146761,270.5980224965921,253.61150933937668,255.2319219516329
100519,RSN18429,139,18429, PHOB,4.17,35.9468,-120.4938,10.375,8.99,376,35.8666,-120.4796,22.39,22.45,-0.003771864,-0.064383612,0.000591972,0.000538618,0.058584219,0.104474906,40.47523153,5.179664862,6.213159667,0.034906585,280.0651274,7.002855456,108.7612455,42.00976911,NC,PHOB,0.343333333,257,0.380513058,0.490949937,0.58357453,-0.110436878,NC.PHOB,257,0.380513058,5.659100056,771.3359985,2.658590078,0.38051305849467454,257,305.7210790962015,338.7416347863254,334.7145379369205,346.3201574716053
100519,RSN18421,139,18421, PHOB,3.72,35.86,-120.4076,9.04,6.54,376,35.8666,-120.4796,22.46,22.57,0.021481779,0.385740739,0.000672354,0.000379238,0.055689681,0.096941597,36.73282666,5.179664862,6.169533303,0.034906585,286.9633942,56.64458467,573.7167311,43.04450913,NC,PHOB,0.343333333,262,0.36124464,0.490949937,0.58357453,-0.129705297,NC.PHOB,262,0.36124464,5.659100056,771.3359985,2.658590078,0.36124463962879805,262,352.28525196163474,404.0088532135221,362.6565559494604,379.71271853184675
100549,RSN11274,147,11274, SMM,4.39,35.6421,-120.9543,5.902,94.29,225,35.3142,-119.9958,14.0,14.21,0.000735045,0.012688198,0.000170415,5.12e-05,0.057931373,0.164692931,86.98275016,5.179664862,6.063488731,0.034906585,175.6894548,14.35634766,74.45470176,26.35341822,CI,SMM,0.940016,182,0.212093715,-0.180500098,-0.087875505,0.392593813,CI.SMM,182,0.212093715,2.213140011,599.1740112,0.199263006,0.21209371512762498,182,277.47941802299135,251.2628190075465,224.3406055302107,212.86637762064424
100549,RSN9278,147,9278, SMM,5.03,35.3852,-118.6292,7.3,124.47,225,35.3142,-119.9958,13.61,13.96,0.001695014,0.01309028,0.000299458,8.54e-05,0.129486469,0.163487601,87.06790039,5.179664862,6.108664217,0.06981317,393.6910238,19.84793911,43.71324192,59.05365357,CI,SMM,0.940016,323,-0.361551921,-0.180500098,-0.087875505,-0.181051823,CI.SMM,323,-0.361551921,2.213140011,599.1740112,0.199263006,-0.3615519210182363,323,332.8110834588799,325.71396121616255,284.67585882985054,273.97528221490063
100549,RSN13455,147,13455, SMM,3.9,34.4032,-118.651,13.612,159.18,225,35.3142,-119.9958,26.3,26.48,7.17e-05,0.000543624,7.33e-05,7.45e-06,0.131870591,0.158684753,85.43616799,5.179664862,6.281821568,0.06981317,412.9487274,9.624161074,7.416425648,61.94230911,CI,SMM,0.940016,333,-0.392042088,-0.180500098,-0.087875505,-0.21154199,CI.SMM,333,-0.392042088,2.213140011,599.1740112,0.199263006,-0.3920420877760238,333,360.40089149409465,339.94759003230087,304.46251152124995,284.89616720542534
