SSN,File.name,Code,RSN,SID,Mw,E.Lat,E.Long,E.Dep,EpiD,Vs30_mea,S.Lat,S.Long,p.ver,peak.time,Ur,Uz,max.noise.ver.05,max.noise.rad.05,U.ratio,ray.p,i2.angle,Vp_1,Vp_2,j.angle,Vsz,SNRrad,SNRver,z_0.15,network,station,f0,Vs30_est,Res,y_bar,eta,within_res,station2,Vs30_f0,Res_f0,slope,mean_ele_500m,slope_500m,log_res,P-wave_pred,Set1_pred,Set2_pred,Set3_pred,Set4_pred
1312,RSN2052,3,2052,13099,4.27,33.9173,-117.7758,7.0,17.5,420,33.876,-117.593,1.7,1.84,0.039527627,0.200839827,0.036904327,0.006309299,0.196811695,0.153479091,69.44395478,5.179664862,6.100695365,0.104719755,632.5468538,6.2649792,5.442175575,94.88202807,CE,13099,0.35,427,-0.016529302,-0.103339769,-0.010715175,0.086810467,CE.13099,427,-0.016529302,4.117599964,219.6060028,2.600260019,-0.01652930195121094,427,401.65667483467524,401.8499563598654,414.0830468215721,415.444045654019
1312,RSN10576,3,10576,13099,4.45,34.1081,-117.3062,14.795,36.95,420,33.876,-117.593,19.83,19.915,-0.057999847,-0.198856957,0.001589147,0.001106862,0.291666171,0.147900382,69.03344512,5.179664862,6.313637877,0.13962634,955.9078497,52.40025134,125.1344004,143.3861775,CE,13099,0.35,577,-0.317587555,-0.103339769,-0.010715175,-0.214247787,CE.13099,577,-0.317587555,4.117599964,219.6060028,2.600260019,-0.31758755523068594,577,532.6142569303883,526.0962441731936,521.7700688506337,511.66974284392666
1312,RSN11504,3,11504,13099,4.73,33.7328,-117.4921,10.018,18.43,420,33.876,-117.593,24.61,24.665,-0.02417688,-0.143618268,0.025164524,0.005369382,0.168341257,0.142421923,62.05536456,5.179664862,6.202702587,0.087266463,585.0156028,4.502730482,5.707172049,87.75234042,CE,13099,0.35,410,0.024097552,-0.103339769,-0.010715175,0.12743732,CE.13099,410,0.024097552,4.117599964,219.6060028,2.600260019,0.024097551579060017,410,344.40467299126,382.2617891972698,367.8605791476311,403.4044455518641
3039,RSN16086,8,16086, BBS,3.58,33.827,-117.0296,15.131,11.35,341,33.921,-116.981,16.83,16.89,-0.007772645,-0.085597566,0.003359039,0.000330356,0.090804508,0.097135931,37.89827473,5.179664862,6.323730411,0.052359878,466.1318062,23.52808788,25.48275444,69.91977093,CI,BBS,0.377483,359,-0.051439911,-0.115453137,-0.022828543,0.064013225,CI.BBS,359,-0.051439911,3.129859924,781.7869873,1.160560012,-0.05143991120476166,359,417.3666224505176,400.6472958534208,390.0922142355192,394.02452762343586
3039,RSN15250,8,15250, BBS,3.86,34.1976,-117.3882,14.177,48.52,341,33.921,-116.981,22.42,22.48,0.001507103,0.012208178,0.000734883,0.000138907,0.12345029,0.152987021,74.33853798,5.179664862,6.293825021,0.06981317,401.4013243,10.8497268,16.61241041,60.21019865,CI,BBS,0.377483,327,0.041922306,-0.115453137,-0.022828543,0.157375443,CI.BBS,327,0.041922306,3.129859924,781.7869873,1.160560012,0.041922306386263486,327,341.6515522573898,314.80734561614315,294.9013885096398,292.3382875577793
3039,RSN19359,8,19359, BBS,3.43,34.1381,-117.4717,5.767,51.32,341,33.921,-116.981,25.92,26.03,0.000821836,0.003270244,0.000545698,0.000134952,0.251307356,0.164332033,84.55388179,5.179664862,6.057771424,0.122173048,747.1483026,6.08983935,5.992772559,112.0722454,CI,BBS,0.377483,476,-0.333535377,-0.115453137,-0.022828543,-0.21808224,CI.BBS,476,-0.333535377,3.129859924,781.7869873,1.160560012,-0.3335353769479035,476,472.6091057323951,417.94919505925594,411.50415840556934,381.37378291942287
3039,RSN16243,8,16243, BBS,3.64,33.223,-116.7186,8.687,81.16,341,33.921,-116.981,26.16,26.23,-0.000622381,-0.00308716,0.000141253,0.000218438,0.201603095,0.161690196,84.44239885,5.179664862,6.155594857,0.104719755,614.4818615,2.849234108,21.85553581,92.17227923,CI,BBS,0.377483,421,-0.210750356,-0.115453137,-0.022828543,-0.09529722,CI.BBS,421,-0.210750356,3.129859924,781.7869873,1.160560012,-0.2107503563988642,421,421.5770204081551,380.8801018889157,359.13151527105543,346.57213337061273
3039,RSN16511,8,16511, BBS,3.61,34.2449,-117.4464,12.48,56.0,341,33.921,-116.981,16.7,16.74,-0.000416302,-0.00226758,0.000252515,0.000206404,0.183588682,0.1562011,77.99802483,5.179664862,6.262058538,0.087266463,580.2213898,2.016927967,8.979981387,87.03320847,CI,BBS,0.377483,408,-0.179384697,-0.115453137,-0.022828543,-0.063931561,CI.BBS,408,-0.179384697,3.129859924,781.7869873,1.160560012,-0.17938469712064453,408,396.81832224710934,354.9071177731015,344.2485392629609,331.3351550470932
3039,RSN13775,8,13775, BBS,4.06,34.1614,-116.9872,11.361,26.67,341,33.921,-116.981,15.99,16.04,-0.002676964,-0.031051377,0.001018655,0.000258481,0.08621079,0.148082728,67.48892695,5.179664862,6.238442335,0.034906585,290.1916671,10.35652137,30.48272182,43.52875007,CI,BBS,0.377483,264,0.255933374,-0.115453137,-0.022828543,0.371386511,CI.BBS,264,0.255933374,3.129859924,781.7869873,1.160560012,0.25593337413720096,264,304.90448138116744,292.63882626531034,288.2299628781324,292.1123540705987
3039,RSN18058,8,18058, BBS,5.19,36.4034,-117.8499,9.418,286.55,341,33.921,-116.981,11.58,11.7,-0.000304904,-0.001364563,0.000195453,0.000136365,0.223444183,0.161657426,88.3081555,5.179664862,6.183223963,0.104719755,678.2047939,2.235940307,6.981540319,101.7307191,CI,BBS,0.377483,444,-0.263942085,-0.115453137,-0.022828543,-0.148488949,CI.BBS,444,-0.263942085,3.129859924,781.7869873,1.160560012,-0.26394208514870776,444,531.1205643698431,410.237676892633,426.866223524834,368.53568038764735
3039,RSN10908,8,10908, BBS,4.26,33.8776,-116.2019,10.062,72.22,341,33.921,-116.981,26.27,26.35,0.00334383,0.0183787,0.000827985,0.000612502,0.181940494,0.159888388,82.72644798,5.179664862,6.204033973,0.087266463,561.9140435,5.459296459,22.1968997,84.28710653,CI,BBS,0.377483,400,-0.15958207,-0.115453137,-0.022828543,-0.044128933,CI.BBS,400,-0.15958207,3.129859924,781.7869873,1.160560012,-0.15958206982446477,400,372.7444063319232,348.07283915154716,334.19704372867307,319.9036098842507
3039,RSN8177,8,8177, BBS,4.92,33.5083,-116.5143,15.2,63.0,341,33.921,-116.981,24.15,24.23,-0.003700095,-0.022031987,0.000858653,0.00019411,0.167941965,0.154094168,77.09990833,5.179664862,6.325747735,0.087266463,539.4546444,19.06184638,25.65877834,80.91819666,CI,BBS,0.377483,391,-0.136825083,-0.115453137,-0.022828543,-0.021371946,CI.BBS,391,-0.136825083,3.129859924,781.7869873,1.160560012,-0.1368250827018489,391,355.987573133731,335.6445708349431,309.45511874078466,310.1678622051375
3039,RSN16699,8,16699, BBS,3.73,33.5058,-116.7636,16.276,50.27,341,33.921,-116.981,23.35,23.48,-0.001249306,-0.005822795,0.000346509,0.00029685,0.214554387,0.150225553,72.68486601,5.179664862,6.3549922,0.104719755,702.066637,4.208543035,16.8041667,105.3099956,CI,BBS,0.377483,456,-0.290610332,-0.115453137,-0.022828543,-0.175157196,CI.BBS,456,-0.290610332,3.129859924,781.7869873,1.160560012,-0.2906103322308695,456,444.80853095585604,388.8366306905047,387.71986103708184,373.56157425272414
3039,RSN17479,8,17479, BBS,3.62,33.9521,-116.3635,9.067,57.2,341,33.921,-116.981,19.1,19.16,0.001911262,0.012637582,0.000475287,0.000189247,0.151236329,0.160404301,81.80272963,5.179664862,6.170551665,0.06981317,467.2639386,10.0992988,26.58937021,70.08959079,CI,BBS,0.377483,359,-0.051439911,-0.115453137,-0.022828543,0.064013225,CI.BBS,359,-0.051439911,3.129859924,781.7869873,1.160560012,-0.05143991120476166,359,388.04176509858166,342.9284698138744,308.4332665548873,309.7153850408969
3039,RSN15147,8,15147, BBS,3.9,33.867,-117.1038,11.856,12.84,341,33.921,-116.981,17.41,17.5,0.045101032,0.239691391,0.007986142,0.000632484,0.188162922,0.118661457,47.8654059,5.179664862,6.24946745,0.087266463,782.1725661,71.30778328,30.01341461,117.3258849,CI,BBS,0.377483,491,-0.364561651,-0.115453137,-0.022828543,-0.249108514,CI.BBS,491,-0.364561651,3.129859924,781.7869873,1.160560012,-0.3645616505110034,491,419.5802205077039,416.8460870801057,399.6921803451762,399.6837720624344
3039,RSN16577,8,16577, BBS,3.69,33.735,-117.4936,9.693,51.74,341,33.921,-116.981,13.07,13.12,0.000614017,0.002851385,0.000937265,0.000297973,0.215339753,0.159099769,80.13714303,5.179664862,6.192470162,0.104719755,665.2273617,2.060646434,3.042239921,99.78410426,CI,BBS,0.377483,438,-0.250336433,-0.115453137,-0.022828543,-0.134883297,CI.BBS,438,-0.250336433,3.129859924,781.7869873,1.160560012,-0.2503364330929294,438,423.8253687577874,374.1199199437361,370.0649507669607,354.5857310154771
3039,RSN14982,8,14982, BBS,3.74,34.1651,-117.4332,7.875,49.77,341,33.921,-116.981,21.65,21.71,0.000872126,0.006100136,0.00052289,0.000196546,0.142968276,0.161694105,81.84900965,5.179664862,6.12204057,0.06981317,438.7142211,4.437261506,11.66619365,65.80713317,CI,BBS,0.377483,346,-0.014556298,-0.115453137,-0.022828543,0.100896839,CI.BBS,346,-0.014556298,3.129859924,781.7869873,1.160560012,-0.01455629777420775,346,397.32960029663417,346.0787484571352,313.1089708775199,309.2493185007379
3039,RSN13815,8,13815, BBS,4.17,34.3277,-116.829,4.957,47.24,341,33.921,-116.981,21.4,21.52,-0.004108067,-0.02381155,0.000200358,0.000172586,0.172524131,0.165595178,84.97471681,5.179664862,6.015610792,0.087266463,515.2962416,23.80301415,118.8450174,77.29443624,CI,BBS,0.377483,380,-0.108288775,-0.115453137,-0.022828543,0.007164361,CI.BBS,380,-0.108288775,3.129859924,781.7869873,1.160560012,-0.10828877543691462,380,370.39890971387416,346.8214532630261,326.27245168046625,317.0907786991618
3039,RSN12730,8,12730, BBS,4.26,33.9538,-116.3912,7.696,54.65,341,33.921,-116.981,22.9,22.95,0.004516857,0.027069604,0.005790719,0.001022789,0.166860859,0.162159941,82.79942227,5.179664862,6.118116656,0.087266463,509.4115666,4.416215857,4.674653355,76.41173499,CI,BBS,0.377483,378,-0.103011718,-0.115453137,-0.022828543,0.012441418,CI.BBS,378,-0.103011718,3.129859924,781.7869873,1.160560012,-0.10301171833607103,378,374.29538601225,344.99279085064035,318.5968631970901,311.37548530072587
3039,RSN10397,8,10397, BBS,4.45,34.1081,-117.3062,14.795,36.51,341,33.921,-116.981,18.42,18.52,0.029182618,0.202208245,0.00103687,0.000113556,0.144319624,0.147354638,68.48847488,5.179664862,6.313637877,0.06981317,485.8650155,256.9887809,195.0179338,72.87975233,CI,BBS,0.377483,368,-0.076200461,-0.115453137,-0.022828543,0.039252676,CI.BBS,368,-0.076200461,3.129859924,781.7869873,1.160560012,-0.07620046088541432,368,340.66930599754863,329.6368528547171,298.7621567081682,313.18114083745155
3039,RSN9320,8,9320, BBS,4.88,34.0655,-117.0011,17.501,16.13,341,33.921,-116.981,15.0,15.07,-0.003975128,-0.04803923,0.00118358,0.000844664,0.082747542,0.105366584,42.27196068,5.179664862,6.383907006,0.034906585,391.5667346,4.706164818,40.58807178,58.73501019,CI,BBS,0.377483,322,0.057330932,-0.115453137,-0.022828543,0.172784068,CI.BBS,322,0.057330932,3.129859924,781.7869873,1.160560012,0.057330931739108415,322,397.35168087199486,370.05469660171366,351.93684200040633,362.4631275785166
3039,RSN8983,8,8983, BBS,5.2,33.5328,-116.5697,15.48,57.51,341,33.921,-116.981,18.82,18.95,-0.006704236,-0.03398514,9.24e-05,0.000441042,0.197269636,0.152857087,75.50247877,5.179664862,6.333749326,0.104719755,636.5437375,15.2009015,367.8045455,95.48156063,CI,BBS,0.377483,428,-0.227240718,-0.115453137,-0.022828543,-0.111787582,CI.BBS,428,-0.227240718,3.129859924,781.7869873,1.160560012,-0.22724071829827963,428,389.0065704677059,364.611200279398,343.0024689519688,343.2890348508721
3039,RSN8764,8,8764, BBS,5.39,33.9465,-117.7667,14.89,72.7,341,33.921,-116.981,27.25,27.35,0.010280593,0.05601769,0.009086797,0.00116139,0.183524047,0.155369304,78.9308112,5.179664862,6.31653763,0.087266463,583.1289726,8.851973067,6.164734394,87.46934589,CI,BBS,0.377483,409,-0.181832679,-0.115453137,-0.022828543,-0.066379542,CI.BBS,409,-0.181832679,3.129859924,781.7869873,1.160560012,-0.18183267875928522,409,377.18671209691786,349.3545486936322,321.08340008116994,319.29315137103583
3039,RSN11346,8,11346, BBS,4.73,33.7328,-117.4921,10.018,51.71,341,33.921,-116.981,19.0,19.09,0.002023055,0.00785909,0.001937239,0.000338199,0.257415895,0.158660113,79.77604838,5.179664862,6.202702587,0.122173048,791.5299085,5.981847965,4.056851013,118.7294863,CI,BBS,0.377483,495,-0.372675285,-0.115453137,-0.022828543,-0.257222149,CI.BBS,495,-0.372675285,3.129859924,781.7869873,1.160560012,-0.37267528528517335,495,451.27682325268506,412.32174317328264,394.7149444874817,378.63639440025446
3039,RSN17237,8,17237, BBS,3.53,34.2894,-116.8271,6.278,43.26,341,33.921,-116.981,20.85,20.92,-0.001183659,-0.010261277,0.000721597,0.000186572,0.115351989,0.163246057,82.8373772,5.179664862,6.07791863,0.052359878,351.4626999,6.344247797,14.22023235,52.71940499,CI,BBS,0.377483,299,0.131438904,-0.115453137,-0.022828543,0.24689204,CI.BBS,299,0.131438904,3.129859924,781.7869873,1.160560012,0.13143890389283008,299,335.79381535500835,309.90643225487173,280.3967301263668,277.7832245522345
3039,RSN12592,8,12592, BBS,4.11,33.5089,-116.8485,12.274,47.33,341,33.921,-116.981,15.01,15.06,-0.001963953,-0.01064954,0.000869111,0.000273715,0.184416673,0.155200871,76.22899929,5.179664862,6.258050482,0.087266463,586.5087621,7.175174908,12.25337155,87.97631432,CI,BBS,0.377483,410,-0.184274682,-0.115453137,-0.022828543,-0.068821546,CI.BBS,410,-0.184274682,3.129859924,781.7869873,1.160560012,-0.1842746824148369,410,395.9327822807453,355.84081276970244,343.840591135767,331.4974320287381
3039,RSN15383,8,15383, BBS,3.99,34.0514,-117.2429,14.998,28.19,341,33.921,-116.981,22.38,22.42,0.001031329,0.009035383,0.000949184,0.000260281,0.114143351,0.140476419,62.5957695,5.179664862,6.319789549,0.052359878,404.2064804,3.962367595,9.519105885,60.63097206,CI,BBS,0.377483,329,0.035824727,-0.115453137,-0.022828543,0.151277863,CI.BBS,329,0.035824727,3.129859924,781.7869873,1.160560012,0.035824726518145056,329,315.97041655307044,323.48521736043983,300.3470355614448,302.503567360557
3039,RSN16811,8,16811, BBS,3.49,34.309,-116.9297,9.684,43.3,341,33.921,-116.981,11.5,11.54,-0.003394256,-0.031197516,0.003237696,0.00053623,0.108798904,0.158149011,78.31802904,5.179664862,6.192176404,0.052359878,342.4276385,6.329850997,9.635715027,51.36414578,CI,BBS,0.377483,293,0.151709868,-0.115453137,-0.022828543,0.267163005,CI.BBS,293,0.151709868,3.129859924,781.7869873,1.160560012,0.15170986826644928,293,316.2992575392286,294.2067095309356,273.89157225506335,268.6325804703777
3052,RSN12837,14,12837, CTC,4.02,33.7129,-116.0516,12.808,8.59,370,33.655,-115.99,17.38,17.44,0.035397879,0.455062759,0.004410929,0.00011023,0.077786807,0.089483615,34.11790609,5.179664862,6.268161535,0.034906585,433.5982228,321.1274517,103.1671013,65.03973342,CI,CTC,1.499275,344,0.072861348,0.249469929,0.342094522,-0.176608581,CI.CTC,344,0.072861348,9.389570236,511.5859985,8.461239815,0.07286134826487167,344,391.91374306899513,409.7436287742308,498.7258621565717,511.6224766364541
3052,RSN10926,14,10926, CTC,4.26,33.8776,-116.2019,10.062,31.54,370,33.655,-115.99,19.59,19.65,0.001414951,0.013526694,0.000779969,5.32e-05,0.104604377,0.154299616,73.19218345,5.179664862,6.204033973,0.052359878,337.5883214,26.59682331,17.34260464,50.63824821,CI,CTC,1.499275,290,0.243622083,0.249469929,0.342094522,-0.005847846,CI.CTC,290,0.243622083,9.389570236,511.5859985,8.461239815,0.2436220826577502,290,302.9457250572958,332.22235274943137,383.8864210191736,420.04839128179333
3052,RSN15210,14,15210, CTC,3.9,33.867,-117.1038,11.856,105.83,370,33.655,-115.99,23.4,23.49,0.000250775,0.002533943,0.00028321,5.76e-05,0.098966322,0.159148928,84.04078373,5.179664862,6.24946745,0.052359878,309.8362271,4.353732639,8.947222909,46.47543407,CI,CTC,1.499275,275,0.296731908,0.249469929,0.342094522,0.047261979,CI.CTC,275,0.296731908,9.389570236,511.5859985,8.461239815,0.29673190797169813,275,284.1940501450548,318.028953889086,382.99306463043905,399.7351980097854
3052,RSN16250,14,16250, CTC,3.64,33.223,-116.7186,8.687,82.98,370,33.655,-115.99,27.5,27.56,5.07e-05,0.000469873,6.52e-05,1.58e-05,0.107804845,0.161727192,84.57879578,5.179664862,6.155594857,0.052359878,331.8272724,3.208860759,7.206641104,49.77409086,CI,CTC,1.499275,287,0.25402079,0.249469929,0.342094522,0.004550861,CI.CTC,287,0.25402079,9.389570236,511.5859985,8.461239815,0.2540207898786484,287,316.0730408476952,338.61310332118165,382.8087732341554,419.5153867892117
3052,RSN8196,14,8196, CTC,4.92,33.5083,-116.5143,15.2,51.24,370,33.655,-115.99,21.82,21.89,0.00828244,0.099268432,0.002765809,7.99e-05,0.08343478,0.152070298,74.14545357,5.179664862,6.325747735,0.034906585,273.5468642,103.6600751,35.89128244,41.03202963,CI,CTC,1.499275,253,0.380113517,0.249469929,0.342094522,0.130643588,CI.CTC,253,0.380113517,9.389570236,511.5859985,8.461239815,0.38011351691074946,253,294.9141332155322,310.67595558620116,389.96488492340956,380.29545281727104
3055,RSN18327,16,18327, DPP,3.05,33.5043,-116.561,11.461,66.34,611,32.999,-116.942,13.55,13.61,0.00017045,0.000203671,2.93e-05,3.51e-05,0.836886682,0.158201433,80.85730303,5.179664862,6.240750508,0.34906585,2158.383988,4.856125356,6.951228669,323.7575982,CI,DPP,-999.0,902,-0.389517561,-0.419009726,-0.326385133,0.029492165,CI.DPP,902,-0.389517561,2.213140011,484.9679871,5.799489975,-0.3895175608910284,902,792.3819799685484,768.2510540405417,650.3391714166604,663.2182270009977
3055,RSN17371,16,17371, DPP,3.56,33.0804,-116.4826,10.835,43.85,611,32.999,-116.942,19.03,19.08,0.004652712,0.007829562,4.8e-05,0.000104188,0.594249305,0.156397394,76.82070488,5.179664862,6.225560001,0.261799388,1691.521485,44.65688947,163.115875,253.7282228,CI,DPP,-999.0,747,-0.200968226,-0.419009726,-0.326385133,0.2180415,CI.DPP,747,-0.200968226,2.213140011,484.9679871,5.799489975,-0.20096822596122177,747,765.9386981308779,705.9778092595503,570.4156936704067,602.8136048128556
3055,RSN13230,16,13230, DPP,4.19,34.3571,-116.8418,9.486,150.92,611,32.999,-116.942,22.37,22.47,-0.000929605,-0.000768645,2.29e-05,1.57e-05,1.209407695,0.161405201,86.74035365,5.179664862,6.185563454,0.436332313,2636.562678,59.21050955,33.56528384,395.4844017,CI,DPP,-999.0,1052,-0.543351434,-0.419009726,-0.326385133,-0.124341708,CI.DPP,1052,-0.543351434,2.213140011,484.9679871,5.799489975,-0.5433514341260599,1052,911.3683990578111,940.4208958049198,810.6604598788839,794.4198155176065
3055,RSN16712,16,16712, DPP,3.73,33.5058,-116.7636,16.276,58.61,611,32.999,-116.942,21.65,21.78,-0.002660067,-0.00209031,1.79e-05,1.58e-05,1.272570716,0.151992878,74.99728398,5.179664862,6.3549922,0.453785606,2876.740171,168.3586709,116.777095,431.5110257,CI,DPP,-999.0,1125,-0.610441355,-0.419009726,-0.326385133,-0.19143163,CI.DPP,1125,-0.610441355,2.213140011,484.9679871,5.799489975,-0.610441355466925,1125,804.3725589721972,886.3775103672849,733.4136593624901,797.8707476500722
3055,RSN10933,16,10933, DPP,4.26,33.8776,-116.2019,10.062,119.3,611,32.999,-116.942,33.4,33.52,-0.003456136,-0.003099219,0.000148267,7e-05,1.115163658,0.160712228,85.6084981,5.179664862,6.204033973,0.41887902,2536.039244,49.37337143,20.90295885,380.4058866,CI,DPP,-999.0,1021,-0.513440859,-0.419009726,-0.326385133,-0.094431133,CI.DPP,1021,-0.513440859,2.213140011,484.9679871,5.799489975,-0.5134408589930697,1021,881.1835620941528,879.1674164635532,724.5784208711887,745.7379749490335
3055,RSN8788,16,8788, DPP,5.39,33.9465,-117.7667,14.89,130.08,611,32.999,-116.942,29.11,29.53,-0.044895346,-0.031483761,0.001451065,0.001400032,1.425984239,0.157404751,83.85438756,5.179664862,6.31653763,0.471238898,2926.411746,32.06737132,21.69700255,438.9617619,CI,DPP,-999.0,1139,-0.622809004,-0.419009726,-0.326385133,-0.203799278,CI.DPP,1139,-0.622809004,2.213140011,484.9679871,5.799489975,-0.6228090042755863,1139,789.7697048811061,950.9452670212444,711.8458163762715,798.0142186576516
3055,RSN16942,16,16942, DPP,3.63,34.1242,-116.405,9.555,134.39,611,32.999,-116.942,13.49,13.57,-0.000387818,-0.000302063,1.3e-05,1.11e-05,1.283899883,0.161272399,86.31961617,5.179664862,6.187901101,0.453785606,2721.933824,34.93855856,23.23561538,408.2900736,CI,DPP,-999.0,1078,-0.567765792,-0.419009726,-0.326385133,-0.148756066,CI.DPP,1078,-0.567765792,2.213140011,484.9679871,5.799489975,-0.5677657922973465,1078,927.2244942303018,939.4244329737816,829.7788598597158,810.6756768035798
3055,RSN16256,16,16256, DPP,3.64,33.223,-116.7186,8.687,32.43,611,32.999,-116.942,16.87,16.93,-0.007829933,-0.010309267,0.000212187,1.38e-05,0.759504371,0.157678481,76.07339924,5.179664862,6.155594857,0.331612558,2026.845225,567.3864493,48.58576162,304.0267838,CI,DPP,-999.0,859,-0.340671963,-0.419009726,-0.326385133,0.078337763,CI.DPP,859,-0.340671963,2.213140011,484.9679871,5.799489975,-0.3406719628126593,859,816.6146560218284,731.21115913104,645.8208677039992,636.9064917701944
3055,RSN15944,16,15944, DPP,3.64,33.8726,-117.7125,2.161,120.51,611,32.999,-116.942,34.05,34.15,-0.00013362,-0.000112093,3.72e-05,3.4e-05,1.19204789,0.168398172,89.44102278,5.179664862,5.93802414,0.436332313,2509.93034,3.93,3.013252688,376.489551,CI,DPP,-999.0,1012,-0.504586891,-0.419009726,-0.326385133,-0.085577165,CI.DPP,1012,-0.504586891,2.213140011,484.9679871,5.799489975,-0.5045868906758155,1012,1010.4395571462481,886.6027618135857,754.3574662403487,756.0937283275871
3055,RSN19335,16,19335, DPP,3.09,33.9522,-117.7991,13.107,132.38,611,32.999,-116.942,13.61,13.65,-4.5e-05,-7.81e-05,2.2e-05,1.11e-05,0.575920403,0.158725585,84.71973239,5.179664862,6.273446412,0.261799388,1627.520346,4.054054054,3.55,244.1280519,CI,DPP,-999.0,726,-0.172453056,-0.419009726,-0.326385133,0.24655667,CI.DPP,726,-0.172453056,2.213140011,484.9679871,5.799489975,-0.17245305565320024,726,726.6243632360874,716.2481436271592,572.4443760180632,601.3040070847796
3055,RSN17839,16,17839, DPP,3.14,33.0622,-115.8937,7.729,98.19,611,32.999,-116.942,29.43,29.5,0.000266355,0.000577959,2.39e-05,7.23e-06,0.460853818,0.163029258,85.99048181,5.179664862,6.11885537,0.20943951,1312.637704,36.84024896,24.18238494,196.8956556,CI,DPP,-999.0,705,-0.143100844,-0.419009726,-0.326385133,0.275908882,CI.DPP,705,-0.143100844,2.213140011,484.9679871,5.799489975,-0.14310084364067333,705,712.8098250318405,717.0026950716971,542.655709069096,599.2467373667241
3057,RSN16259,18,16259, EML,3.64,33.223,-116.7186,8.687,38.69,805,32.891,-116.846,20.01,20.07,-0.003172855,-0.003332414,4.23e-05,1.78e-05,0.952119143,0.159057412,78.26337593,5.179664862,6.155594857,0.383972435,2336.429448,178.2502809,78.78047281,350.4644172,CI,EML,10.210785,958,-0.174005501,-0.269563321,-0.176938728,0.095557821,CI.EML,952,-0.167722757,8.073479652,181.2330017,6.086840153,-0.1677227573728013,952,867.0691739631085,739.9482887985091,708.1805866161947,676.6342297083172
3057,RSN17749,18,17749, EML,3.63,32.7081,-116.029,7.885,79.17,805,32.891,-116.846,27.28,27.38,0.000374191,0.000253674,1.19e-05,1.09e-05,1.475087241,0.162689469,84.89045267,5.179664862,6.12225391,0.488692191,2880.024428,34.32944954,21.31714286,432.0036642,CI,EML,10.210785,1125,-0.334696037,-0.269563321,-0.176938728,-0.065132716,CI.EML,1118,-0.328454376,8.073479652,181.2330017,6.086840153,-0.3284543762964809,1118,948.0961621245717,881.0770890915644,802.289061352816,794.9325585014956
3057,RSN17842,18,17842, EML,3.14,33.0622,-115.8937,7.729,91.02,805,32.891,-116.846,28.15,28.22,0.000520227,0.000420615,4.34e-05,5.53e-05,1.236823546,0.16296414,85.67627896,5.179664862,6.11885537,0.453785606,2648.742941,9.407359855,9.691589862,397.3114412,CI,EML,10.210785,1055,-0.270453768,-0.269563321,-0.176938728,-0.000890447,CI.EML,1048,-0.263796587,8.073479652,181.2330017,6.086840153,-0.26379658746242374,1048,837.3762203262104,826.427197612761,741.0914672733292,744.4284757970163
3057,RSN15699,18,15699, EML,3.81,32.4923,-116.8468,13.18,44.21,805,32.891,-116.846,18.65,18.71,-0.01244177,-0.011878485,1.49e-05,2.33e-05,1.047420649,0.153337451,74.18491761,5.179664862,6.274698597,0.401425728,2563.643482,533.9815451,797.2137584,384.5465223,CI,EML,10.210785,1029,-0.245500458,-0.269563321,-0.176938728,0.024062863,CI.EML,1022,-0.238674493,8.073479652,181.2330017,6.086840153,-0.23867449334508617,1022,749.829529375066,745.1500763121178,671.7476899258377,697.6350836269273
3057,RSN15900,18,15900, EML,3.96,32.6554,-116.1347,12.336,71.58,805,32.891,-116.846,22.1,22.14,0.001994341,0.001705951,0.000546799,0.000522423,1.169049307,0.157708393,80.80121718,5.179664862,6.25927157,0.436332313,2655.262849,3.817483151,3.119886832,398.2894274,CI,EML,10.210785,1057,-0.272347708,-0.269563321,-0.176938728,-0.002784387,CI.EML,1050,-0.265703166,8.073479652,181.2330017,6.086840153,-0.26570316573300534,1050,758.6048709263576,795.0920596710588,690.1091934411658,717.2417341435371
3057,RSN16713,18,16713, EML,3.73,33.5058,-116.7636,16.276,68.62,805,32.891,-116.846,25.61,25.69,-0.000986064,-0.000857696,5.23e-05,2.99e-05,1.149665994,0.153419446,77.15611715,5.179664862,6.3549922,0.41887902,2697.006404,32.9787291,16.39954111,404.5509606,CI,EML,10.210785,1070,-0.28457165,-0.269563321,-0.176938728,-0.015008329,CI.EML,1063,-0.278008101,8.073479652,181.2330017,6.086840153,-0.2780081009233841,1063,818.0900006127331,781.0981565446509,694.6366010980977,727.4104929412205
3057,RSN8209,18,8209, EML,4.92,33.5083,-116.5143,15.2,75.26,805,32.891,-116.846,24.1,24.15,-0.004387959,-0.003310823,0.001155954,0.000894352,1.325337775,0.155251543,79.1374487,5.179664862,6.325747735,0.453785606,2867.10797,4.906299757,2.864147708,430.0661955,CI,EML,10.210785,1122,-0.332025809,-0.269563321,-0.176938728,-0.062462487,CI.EML,1115,-0.325767406,8.073479652,181.2330017,6.086840153,-0.3257674064756557,1115,725.4754576956988,832.7118477340268,662.0860030660077,736.0966309057878
3057,RSN11377,18,11377, EML,4.73,33.7328,-117.4921,10.018,111.07,805,32.891,-116.846,30.35,30.57,-0.005659209,-0.004480937,0.000120919,9.7e-05,1.262952197,0.160671095,85.27046558,5.179664862,6.202702587,0.453785606,2712.123426,58.34236082,37.05734417,406.8185139,CI,EML,10.210785,1075,-0.289233663,-0.269563321,-0.176938728,-0.019670342,CI.EML,1068,-0.282700742,8.073479652,181.2330017,6.086840153,-0.2827007421015768,1068,775.9989636881488,842.4233688056535,701.9540142917583,727.3052747164891
3057,RSN13234,18,13234, EML,4.19,34.3571,-116.8418,9.486,162.61,805,32.891,-116.846,18.43,18.5,-0.000361012,-0.000232224,4.6e-05,4.42e-05,1.554582165,0.16144266,86.98284175,5.179664862,6.185563454,0.506145483,2971.354172,8.167692308,5.048347826,445.7031258,CI,EML,10.210785,1153,-0.359280243,-0.269563321,-0.176938728,-0.089716922,CI.EML,1145,-0.352317639,8.073479652,181.2330017,6.086840153,-0.3523176385697768,1145,1060.2299228949832,975.1602978474381,880.928525205606,847.4324606506646
3057,RSN14306,18,14306, EML,4.19,33.4453,-116.439,8.875,72.25,805,32.891,-116.846,17.39,17.45,-0.000717965,-0.000568465,1.32e-05,1.4e-05,1.262988859,0.161265342,83.6708799,5.179664862,6.16316588,0.453785606,2702.164772,51.28321429,43.0655303,405.3247158,CI,EML,10.210785,1072,-0.286439064,-0.269563321,-0.176938728,-0.016875743,CI.EML,1065,-0.279887801,8.073479652,181.2330017,6.086840153,-0.27988780072496144,1065,849.4270570487512,854.3293053821745,749.0262164227418,755.922493964742
3057,RSN18352,18,18352, EML,3.34,33.5022,-116.5193,11.15,74.32,805,32.891,-116.846,14.3,14.38,-0.000262722,-0.000261848,5.92e-05,3.15e-05,1.003338032,0.158896774,82.0842817,5.179664862,6.233428753,0.401425728,2417.582203,8.340380952,4.423108108,362.6373305,CI,EML,10.210785,984,-0.20078362,-0.269563321,-0.176938728,0.068779702,CI.EML,978,-0.194667393,8.073479652,181.2330017,6.086840153,-0.1946673926162541,978,800.8704862135074,747.5528575947817,683.3611984484711,686.3382508749812
3057,RSN12844,18,12844, EML,4.02,33.7129,-116.0516,12.808,117.4,805,32.891,-116.846,22.9,22.97,-0.000189767,-0.000194778,4.43e-05,2.64e-05,0.974269518,0.158716235,84.18770497,5.179664862,6.268161535,0.383972435,2371.949963,7.188143939,4.396794582,355.7924945,CI,EML,10.210785,969,-0.185422334,-0.269563321,-0.176938728,0.084140987,CI.EML,963,-0.179211134,8.073479652,181.2330017,6.086840153,-0.17921113437956215,963,832.3681233842104,764.3972459853386,701.4378551040771,677.9559247041143
3076,RSN8824,24,8824, OLP,5.39,33.9465,-117.7667,14.89,167.67,489,32.608,-116.93,23.2,23.47,-0.027611841,-0.017841234,0.004725599,0.005757088,1.547641887,0.157763257,85.21693495,5.179664862,6.31653763,0.506145483,3035.61838,4.796147115,3.775443917,455.342757,CI,OLP,3.996666667,1172,-0.874104481,-0.368398253,-0.27577366,-0.505706227,CI.OLP,761,-0.442270868,6.639430046,149.1390076,3.718270063,-0.44227086838681373,761,612.4299777728646,613.2535654084958,621.7125270784561,582.9741027363507
3076,RSN15711,24,15711, OLP,3.81,32.4923,-116.8468,13.18,15.02,489,32.608,-116.93,13.62,13.64,0.000750021,0.005573737,0.001212168,0.000150141,0.134563314,0.120235748,48.97673098,5.179664862,6.274698597,0.06981317,555.9349307,4.995444282,4.598155536,83.39023961,CI,OLP,3.996666667,398,0.205910484,-0.368398253,-0.27577366,0.574308738,CI.OLP,398,0.205910484,6.639430046,149.1390076,3.718270063,0.20591048419043467,398,378.13842767908704,367.6521613138091,397.3610328835296,399.16817998451285
3076,RSN13543,24,13543, OLP,4.06,32.7797,-117.3507,7.174,43.81,489,32.608,-116.93,13.61,13.68,0.001131411,0.002184074,0.000204122,0.000186768,0.518027657,0.162047701,81.6374129,5.179664862,6.105409111,0.244346095,1462.31227,6.057841814,10.69984617,219.3468405,CI,OLP,3.996666667,757,-0.437000764,-0.368398253,-0.27577366,-0.06860251,CI.OLP,491,-0.004081638,6.639430046,149.1390076,3.718270063,-0.004081638319648029,491,500.2818942994334,448.83329847882203,470.29920120853257,429.8007674264929
3089,RSN11229,31,11229, SNO,4.42,34.0665,-118.8938,12.827,192.62,503,34.035,-116.808,23.3,23.54,0.000268571,0.000508684,3.69e-05,3.82e-05,0.527972087,0.15922271,86.45668539,5.179664862,6.268505043,0.244346095,1510.934279,7.03065445,13.78547425,226.6401419,CI,SNO,-999.0,773,-0.429688878,-0.275087077,-0.182462483,-0.154601802,CI.SNO,773,-0.429688878,32.69390106,2231.169922,21.4654007,-0.4296888784876831,773,810.4588491055562,676.6508980805895,714.9571571975279,663.4106428003857
3089,RSN18231,31,18231, SNO,4.36,36.3932,-117.8644,8.798,278.75,503,34.035,-116.808,11.0,11.2,-5.71e-05,-0.000151359,1.98e-05,7.97e-06,0.377442226,0.162270558,88.38745662,5.179664862,6.160106881,0.174532925,1105.004631,7.164366374,7.644393939,165.7506947,CI,SNO,-999.0,634,-0.231458784,-0.275087077,-0.182462483,0.043628292,CI.SNO,634,-0.231458784,32.69390106,2231.169922,21.4654007,-0.23145878433748646,634,842.4290097976345,603.1098436892403,932.5536220827366,636.7045550918078
3089,RSN10534,31,10534, SNO,4.45,34.1081,-117.3062,14.795,46.7,503,34.035,-116.808,15.1,15.33,0.010901374,0.027917331,0.00010209,0.000103484,0.390487694,0.151431552,72.95678817,5.179664862,6.313637877,0.191986218,1223.306367,105.34357,273.458037,183.4959551,CI,SNO,-999.0,671,-0.288178967,-0.275087077,-0.182462483,-0.01309189,CI.SNO,671,-0.288178967,32.69390106,2231.169922,21.4654007,-0.2881789668719428,671,648.6985697624428,575.9200750119318,667.388653000871,622.8973728397494
3089,RSN18144,31,18144, SNO,5.19,36.4034,-117.8499,9.418,279.36,503,34.035,-116.808,14.22,14.56,-0.000181704,-0.000558646,4.68e-05,2.86e-05,0.32525841,0.161653834,88.26558079,5.179664862,6.183223963,0.157079633,968.6272083,6.353286713,11.93688034,145.2940812,CI,SNO,-999.0,585,-0.151021677,-0.275087077,-0.182462483,0.1240654,CI.SNO,585,-0.151021677,32.69390106,2231.169922,21.4654007,-0.15102167713211756,585,698.7833409881771,544.7575997690368,779.2928822957862,580.6007720874967
3093,RSN10998,32,10998, TOR,4.26,33.8776,-116.2019,10.062,33.64,1100,33.575,-116.226,19.09,19.22,-0.007436389,-0.018791936,5.95e-05,1.92e-05,0.395722346,0.155086759,74.18854106,5.179664862,6.204033973,0.191986218,1208.395622,387.3119271,315.8308571,181.2593433,CI,TOR,14.39045,665,0.503278418,0.341712364,0.434336957,0.161566054,CI.TOR,772,0.354080909,31.92429924,15.28190041,8.998370171,0.3540809087616852,772,751.266159566646,802.6530677921265,772.3183767711694,829.3570720425349
3093,RSN11477,32,11477, TOR,4.73,33.7328,-117.4921,10.018,118.74,1100,33.575,-116.226,23.44,23.6,0.000684222,0.000868194,3.05e-05,1.18e-05,0.788097698,0.160743278,85.59253186,5.179664862,6.202702587,0.331612558,2036.827615,57.98491525,28.46537705,305.5241423,CI,TOR,14.39045,862,0.243810188,0.341712364,0.434336957,-0.097902176,CI.TOR,1001,0.094310679,31.92429924,15.28190041,8.998370171,0.09431067947124117,1001,926.281910727195,858.8676286638143,934.9983370322642,890.8994403593169
3093,RSN16307,32,16307, TOR,3.64,33.223,-116.7186,8.687,60.2,1100,33.575,-116.226,20.11,20.17,0.000356184,0.00045366,7.68e-06,1.05e-05,0.785133324,0.161092319,82.57685388,5.179664862,6.155594857,0.331612558,2027.460136,33.92228571,59.0703125,304.1190204,CI,TOR,14.39045,859,0.247296537,0.341712364,0.434336957,-0.094415827,CI.TOR,997,0.098314689,31.92429924,15.28190041,8.998370171,0.09831468882462335,997,984.2460629430103,886.4639978577139,959.4826035121771,917.383928628936
3093,RSN10547,32,10547, TOR,4.45,34.1081,-117.3062,14.795,116.16,1100,33.575,-116.226,15.7,16.0,0.024062699,0.035492089,6e-05,3.55e-05,0.677973604,0.157259881,83.15968236,5.179664862,6.313637877,0.296705973,1865.910978,677.822507,591.5348167,279.8866467,CI,TOR,14.39045,806,0.310981716,0.341712364,0.434336957,-0.030730648,CI.TOR,936,0.161449982,31.92429924,15.28190041,8.998370171,0.16144998230886998,936,805.3094694325955,781.6880227173543,828.3334141630569,837.5355387213747
3093,RSN19406,32,19406, TOR,3.43,34.1381,-117.4717,5.767,131.11,1100,33.575,-116.226,39.46,39.53,-5.99e-05,-9.72e-05,2.3e-05,5.83e-06,0.61650887,0.164964613,87.88368405,5.179664862,6.057771424,0.27925268,1654.350163,10.27444254,4.226086957,248.1525245,CI,TOR,14.39045,735,0.40319496,0.341712364,0.434336957,0.061482596,CI.TOR,853,0.254305911,31.92429924,15.28190041,8.998370171,0.2543059112947823,853,988.1722268779158,910.618592976298,964.1107112590685,927.098720762971
3096,RSN18162,33,18162, WWC,5.19,36.4034,-117.8499,9.418,303.08,587,33.941,-116.409,11.32,11.48,-0.000478037,-0.000611096,7.97e-05,0.00015123,0.782261169,0.161664718,88.39803925,5.179664862,6.183223963,0.331612558,2015.481882,3.160993189,7.667452949,302.3222823,CI,WWC,-999.0,855,-0.376076649,-0.382631253,-0.29000666,0.006554604,CI.WWC,855,-0.376076649,7.592470169,589.1959839,16.11199951,-0.3760766491086631,855,920.8638106586371,676.0122440561947,994.8931682970573,714.9491134870317
3096,RSN17982,33,17982, WWC,4.04,36.3911,-117.8665,9.439,302.52,587,33.941,-116.409,10.37,10.48,4.61e-05,5.91e-05,6.43e-06,8.25e-06,0.779277513,0.161645415,88.39404501,5.179664862,6.183950287,0.331612558,2010.718572,5.587878788,9.191290824,301.6077858,CI,WWC,-999.0,854,-0.374906374,-0.382631253,-0.29000666,0.007724879,CI.WWC,854,-0.374906374,7.592470169,589.1959839,16.11199951,-0.37490637396047344,854,1013.8149553259086,676.5794690687922,1019.1308898093985,718.4638204411897
3096,RSN18239,33,18239, WWC,4.36,36.3932,-117.8644,8.798,302.64,587,33.941,-116.409,11.98,12.12,-0.00018984,-0.000232912,1.31e-05,1.15e-05,0.815070445,0.162280396,88.51597153,5.179664862,6.160106881,0.34906585,2069.580166,16.50782609,17.77954198,310.4370249,CI,WWC,-999.0,873,-0.396910736,-0.382631253,-0.29000666,-0.014279483,CI.WWC,873,-0.396910736,7.592470169,589.1959839,16.11199951,-0.39691073601150517,873,957.1742612891281,688.1890356663539,1050.2152309888065,730.0831463503569
100047,RSN8670,35,8670, CADB,5.45,37.4317,-121.7767,7.486,32.61,600,37.1635,-121.6265,17.25,17.52,-0.163214037,-0.42095793,0.001236583,0.005385702,0.387720542,0.160112311,78.18271195,5.179664862,6.113244097,0.191986218,1149.827711,30.30506274,340.4202791,172.4741567,NC,CADB,7.89435,645,-0.072320662,-0.095500777,-0.002876184,0.023180115,NC.CADB,570,0.051293294,14.11769962,200.9049988,11.85639954,0.05129329438755015,570,494.95968807147494,497.7731406329575,556.9691428439834,513.6033225079681
100047,RSN17443,35,17443, CADB,3.4,37.1173,-121.5231,7.213,10.52,600,37.1635,-121.6265,19.6,19.63,0.010075207,0.02281542,0.004434571,0.001118589,0.441596377,0.134768075,55.38138791,5.179664862,6.106430378,0.20943951,1532.134419,9.007067833,5.144899022,229.8201629,NC,CADB,7.89435,780,-0.262364264,-0.095500777,-0.002876184,-0.166863487,NC.CADB,689,-0.138311616,14.11769962,200.9049988,11.85639954,-0.1383116157975124,689,594.7849463288945,593.2276159176437,599.4031387769403,595.7859951392281
100047,RSN12442,35,12442, CADB,4.0,37.7338,-121.9354,14.029,68.94,600,37.1635,-121.6265,23.05,23.2,0.000689241,0.002608995,0.000630496,0.000338453,0.264178572,0.156088405,78.99545203,5.179664862,6.288820984,0.122173048,824.3685742,2.036445238,4.138004048,123.6552861,NC,CADB,7.89435,508,0.166448208,-0.095500777,-0.002876184,0.261948985,NC.CADB,508,0.166448208,14.11769962,200.9049988,11.85639954,0.16644820763766432,508,490.14906666510444,438.1647435963318,507.8736908976718,458.4845673841162
100047,RSN14855,35,14855, CADB,3.68,36.9659,-121.5943,6.068,22.12,600,37.1635,-121.6265,22.41,22.49,-0.012185797,-0.021951311,0.000432836,0.000103011,0.555128433,0.159694187,75.78055722,5.179664862,6.070114836,0.261799388,1572.474531,118.2960752,50.71507684,235.8711797,NC,CADB,7.89435,743,-0.21376639,-0.095500777,-0.002876184,-0.118265613,NC.CADB,657,-0.090754363,14.11769962,200.9049988,11.85639954,-0.09075436326846376,657,615.1270263115966,573.7453272871062,619.5670000924966,579.879348391945
100060,RSN18931,40,18931, JELB,3.73,37.4822,-121.793,9.63,61.64,323,36.9275,-121.8276,40.88,40.96,-0.00116549,-0.005117706,0.000746638,0.000272381,0.227736906,0.15989492,81.81509219,5.179664862,6.190401578,0.104719755,698.2183117,4.278896105,6.854333693,104.7327468,NC,JELB,0.253333333,454,-0.340444875,-0.189839919,-0.097215326,-0.150604956,NC.JELB,454,-0.340444875,14.01060009,81.6969986,5.152009964,-0.3404448748186919,454,430.302149285296,396.9679490376588,447.1306030488207,412.2641930934448
100060,RSN18855,40,18855, JELB,4.05,37.4812,-121.7987,11.01,61.5,323,36.9275,-121.8276,40.9,41.04,-0.006504721,-0.030159627,0.003788638,0.000487114,0.215676426,0.15832565,80.52838684,5.179664862,6.229990225,0.104719755,669.4791641,13.35359074,7.96054598,100.4218746,NC,JELB,0.253333333,440,-0.309122404,-0.189839919,-0.097215326,-0.119282484,NC.JELB,440,-0.309122404,14.01060009,81.6969986,5.152009964,-0.30912240368965005,440,423.16373006856514,385.40384786625464,429.9486209261257,407.93005963298623
100060,RSN11630,40,11630, JELB,4.2,36.8832,-121.619,7.507,19.23,323,36.9275,-121.8276,19.3,19.34,0.017595951,0.151437457,0.024732522,0.002058872,0.116192856,0.153823391,70.12507677,5.179664862,6.113745147,0.052359878,375.6750396,8.546403565,6.123009089,56.35125594,NC,JELB,0.253333333,313,0.031449133,-0.189839919,-0.097215326,0.221289052,NC.JELB,313,0.031449133,14.01060009,81.6969986,5.152009964,0.03144913268250349,313,329.07656902346747,358.40012507921966,349.0957331984204,362.8056773448626
100060,RSN17446,40,17446, JELB,3.4,37.1173,-121.5231,7.213,34.32,323,36.9275,-121.8276,19.46,19.53,-0.00181557,-0.011268359,0.000651252,0.000265451,0.16112103,0.160934343,79.33758035,5.179664862,6.106430378,0.087266463,496.0863727,6.839567378,17.30260944,74.41295591,NC,JELB,0.253333333,372,-0.141241531,-0.189839919,-0.097215326,0.048598388,NC.JELB,372,-0.141241531,14.01060009,81.6969986,5.152009964,-0.14124153105048975,372,367.559806045152,348.666051096783,384.858750636971,360.19903284087667
100061,RSN14064,41,14064, JFP,3.7,37.8077,-122.0707,11.554,50.74,437,37.3605,-122.1899,35.82,35.98,-0.001276256,-0.005401324,0.000247597,0.000127405,0.236285826,0.156591891,77.84488639,5.179664862,6.242859346,0.122173048,739.7309305,10.01731486,21.8149816,110.9596396,NC,JFP,4.586666667,473,-0.079162193,-0.147989208,-0.055364615,0.068827015,NC.JFP,473,-0.079162193,12.65410042,276.7990112,16.2343998,-0.07916219339634267,473,456.3156728752153,475.6060097067376,534.8865229663959,465.20351291165656
100061,RSN11109,41,11109, JFP,4.5,38.3669,-122.5881,6.985,117.07,437,37.3605,-122.1899,20.1,20.23,0.000597232,0.002358286,0.001033856,0.000138202,0.253248111,0.163705445,87.02081613,5.179664862,6.100276528,0.122173048,755.457406,4.321442526,2.281058484,113.3186109,NC,JFP,4.586666667,480,-0.093852909,-0.147989208,-0.055364615,0.054136299,NC.JFP,480,-0.093852909,12.65410042,276.7990112,16.2343998,-0.09385290880634667,480,466.1999670327336,448.31924784733627,603.0545789476054,468.9534065359297
100061,RSN17725,41,17725, JFP,3.41,37.8651,-122.2381,9.076,56.17,437,37.3605,-122.1899,20.61,20.67,-0.000305946,-0.00097177,0.000104935,9.1e-05,0.314834012,0.160331953,81.64659047,5.179664862,6.170889681,0.157079633,948.1163157,3.362043956,9.260685186,142.2174474,NC,JFP,4.586666667,573,-0.270952522,-0.147989208,-0.055364615,-0.122963314,NC.JFP,573,-0.270952522,12.65410042,276.7990112,16.2343998,-0.27095252161914996,573,582.3687157840405,549.0149343289225,684.7515330674009,555.2133206813729
100064,RSN14136,42,14136, JLAB,3.8,36.6815,-121.3092,5.568,64.74,477,37.1543,-121.7347,21.1,21.24,0.00066543,0.00086911,0.000265649,0.000184162,0.765644475,0.164890549,85.85285882,5.179664862,6.048749462,0.331612558,1948.509661,3.613286129,3.271647926,292.2764492,NC,JLAB,6.71517,833,-0.557517151,-0.428268892,-0.335644299,-0.129248259,NC.JLAB,684,-0.360441427,19.61330032,280.8819885,4.276450157,-0.36044142673420865,684,667.0780306040255,592.8609216424798,647.4825614679334,584.5683083830364
100064,RSN11679,42,11679, JLAB,4.3,37.2793,-121.6191,3.442,17.25,477,37.1543,-121.7347,20.73,20.84,-0.074021614,-0.166943197,0.003671779,0.000768037,0.443394009,0.166217885,80.75336803,5.179664862,5.93802414,0.20943951,1246.500156,96.3776667,45.46657002,186.9750234,NC,JLAB,6.71517,680,-0.354576307,-0.428268892,-0.335644299,0.073692585,NC.JLAB,559,-0.158632982,19.61330032,280.8819885,4.276450157,-0.1586329822667576,559,511.52179627927563,491.51019641472453,521.0176164158265,492.0761261658391
100064,RSN19195,42,19195, JLAB,3.8,36.6888,-121.3205,4.454,63.49,477,37.1543,-121.7347,21.22,21.37,0.001475921,0.001968262,0.000191469,7.22e-05,0.749860033,0.166966826,86.81136659,5.179664862,5.979941298,0.314159265,1890.565857,20.44211911,10.27979464,283.5848786,NC,JLAB,6.71517,814,-0.534443875,-0.428268892,-0.335644299,-0.106174983,NC.JLAB,669,-0.338267569,19.61330032,280.8819885,4.276450157,-0.3382675692398873,669,665.9593461580727,578.6047097060517,630.9771723491339,570.338621286587
100064,RSN15858,42,15858, JLAB,3.6,37.3892,-121.5177,5.014,32.4,477,37.1543,-121.7347,33.16,33.33,-0.001486029,-0.004066502,0.000146131,0.000223307,0.365431809,0.164762006,82.62217034,5.179664862,6.019111729,0.174532925,1057.681689,6.654645846,27.82778466,158.6522534,NC,JLAB,6.71517,621,-0.263814591,-0.428268892,-0.335644299,0.164454301,NC.JLAB,510,-0.066894235,19.61330032,280.8819885,4.276450157,-0.06689423483002965,510,536.7840540194453,454.51176396195046,489.20892262277476,452.3595727340018
100064,RSN18984,42,18984, JLAB,4.51,35.7277,-121.0758,5.558,168.97,477,37.1543,-121.7347,24.97,25.08,0.000344669,0.000683908,0.000283755,0.000120328,0.503969342,0.165274821,88.43659075,5.179664862,6.048276052,0.226892803,1397.736606,2.864412273,2.410205988,209.6604909,NC,JLAB,6.71517,734,-0.430992538,-0.428268892,-0.335644299,-0.002723645,NC.JLAB,603,-0.234400706,19.61330032,280.8819885,4.276450157,-0.2344007058388442,603,722.0882300410923,565.4194381490021,633.2093394824353,558.5913326527847
100085,RSN19291,45,19291, PHSB,3.8,36.6652,-121.2928,7.59,95.78,422,35.824,-121.0539,22.28,22.37,-0.000419541,-0.002688038,0.000174684,4.54e-05,0.156077036,0.163113361,85.98976153,5.179664862,6.115695017,0.06981317,473.8688099,9.240991189,15.38800348,71.08032149,NC,PHSB,-999.0,362,0.153361102,0.10773133,0.200355924,0.045629772,NC.PHSB,362,0.153361102,15.38220024,456.9030151,7.475399971,0.15336110221024057,362,364.6887637509562,386.48927279373004,341.11592356423694,338.1934691529403
100085,RSN14139,45,14139, PHSB,3.8,36.6815,-121.3092,5.568,97.88,422,35.824,-121.0539,20.25,20.31,-0.000573134,-0.003708485,0.000496725,0.000174029,0.154546587,0.165136585,87.27573066,5.179664862,6.048749462,0.06981317,463.5802015,3.293324676,7.465871458,69.53703023,NC,PHSB,-999.0,358,0.164472328,0.10773133,0.200355924,0.056740997,NC.PHSB,358,0.164472328,15.38220024,456.9030151,7.475399971,0.16447232763531172,358,357.3844404990532,382.2186730943518,337.3466868397702,334.4565247424106
100085,RSN14974,45,14974, PHSB,3.7,35.6371,-120.7559,6.53,34.01,422,35.824,-121.0539,20.48,20.54,0.003099906,0.014588228,0.00142569,0.000289612,0.21249365,0.161897703,80.1954097,5.179664862,6.086524027,0.104719755,645.4622031,10.70365178,10.23239835,96.81933047,NC,PHSB,-999.0,432,-0.023420274,0.10773133,0.200355924,-0.131151605,NC.PHSB,432,-0.023420274,15.38220024,456.9030151,7.475399971,-0.023420274208098668,432,429.1175213787526,409.7744640365987,348.5025996253002,349.01910187271176
100085,RSN18518,45,18518, PHSB,3.48,35.8309,-120.3782,6.939,61.06,422,35.824,-121.0539,20.63,20.69,0.000452394,0.005290147,0.000295072,6.07e-05,0.085516394,0.163137439,84.25191083,5.179664862,6.098979266,0.034906585,261.3058298,7.452948929,17.92832597,39.19587447,NC,PHSB,-999.0,245,0.543747103,0.10773133,0.200355924,0.436015773,NC.PHSB,245,0.543747103,15.38220024,456.9030151,7.475399971,0.5437471034912846,245,344.277581154337,365.6904444691358,306.03226719376903,295.30310927873415
100085,RSN8736,45,8736, PHSB,5.45,37.4317,-121.7767,7.486,189.76,422,35.824,-121.0539,15.6,15.92,-0.002652344,-0.010814911,0.000812348,0.000357271,0.245248773,0.163482006,88.0240793,5.179664862,6.113244097,0.122173048,733.9516547,7.423899505,13.31315028,110.0927482,NC,PHSB,-999.0,470,-0.107727381,0.10773133,0.200355924,-0.215458711,NC.PHSB,470,-0.107727381,15.38220024,456.9030151,7.475399971,-0.10772738066809229,470,502.88628372079324,474.5289963241705,408.6545845757791,381.33179690763865
100085,RSN18487,45,18487, PHSB,4.01,35.8628,-120.4101,9.132,58.32,422,35.824,-121.0539,20.15,20.28,0.002910752,0.012537299,0.000716518,0.00021136,0.232167378,0.160372522,81.88059314,5.179664862,6.172976895,0.122173048,710.3450366,13.77153671,17.4975353,106.5517555,NC,PHSB,-999.0,459,-0.084044896,0.10773133,0.200355924,-0.191776226,NC.PHSB,459,-0.084044896,15.38220024,456.9030151,7.475399971,-0.08404489602453324,459,477.45705487204094,435.1825551296088,374.1595859519848,358.2509088143502
100095,RSN9675,52,9675, CAC,4.69,35.0172,-119.0247,9.251,128.06,399,34.1368,-118.122,13.13,13.33,0.002119666,0.005478296,0.00141462,0.001027059,0.386920731,0.161536452,86.25338516,5.179664862,6.177322679,0.191986218,1137.637294,2.063821066,3.872627278,170.6455941,CI,CAC,0.57,642,-0.475626887,0.164249416,0.256874009,-0.639876303,CI.CAC,172,0.84146694,5.490129948,232.727005,1.846899986,0.841466940076411,172,190.2844997349256,176.65274141866732,169.93293965981994,157.89702358287624
100095,RSN8774,52,8774, CAC,5.39,33.9465,-117.7667,14.89,39.01,399,34.1368,-118.122,21.8,21.97,-0.002928313,-0.035878819,0.004755755,0.000942712,0.081616754,0.148692539,69.92131188,5.179664862,6.31653763,0.034906585,273.7056313,3.106264692,7.54429507,41.0558447,CI,CAC,0.57,253,0.455571928,0.164249416,0.256874009,0.291322512,CI.CAC,253,0.455571928,5.490129948,232.727005,1.846899986,0.4555719281623434,253,294.6110611323017,314.0645624012448,287.58138904184466,306.1665359706574
100095,RSN11354,52,11354, CAC,4.73,33.7328,-117.4921,10.018,73.48,399,34.1368,-118.122,24.76,24.93,0.000777649,0.01118745,0.002921447,0.000330273,0.069510831,0.159970158,82.86088051,5.179664862,6.202702587,0.034906585,216.870989,2.354564254,3.829420832,32.53064835,CI,CAC,0.57,214,0.622985402,0.164249416,0.256874009,0.458735986,CI.CAC,214,0.622985402,5.490129948,232.727005,1.846899986,0.6229854018680125,214,242.64293402275123,263.12154977714033,239.24019975459734,260.2700397383453
100095,RSN9870,52,9870, CAC,4.59,34.9977,-119.1926,10.662,137.01,399,34.1368,-118.122,6.2,6.39,0.000622212,0.003776926,0.00097038,0.000231185,0.164740312,0.160334988,85.90630006,5.179664862,6.221029194,0.087266463,508.8353047,2.691402989,3.89221336,76.32529571,CI,CAC,0.57,378,0.054067221,0.164249416,0.256874009,-0.110182195,CI.CAC,378,0.054067221,5.490129948,232.727005,1.846899986,0.054067221270275745,378,404.09082098768545,383.46737201777756,388.4067062111652,379.4974425697002
100097,RSN17778,54,17778, CIA,3.08,33.974,-118.4283,11.329,63.47,505,33.4019,-118.415,19.58,19.63,-0.000111991,-0.000243718,2.48e-05,2.87e-05,0.459512586,0.158136164,80.54157415,5.179664862,6.237694647,0.20943951,1349.973951,3.902125436,9.82733871,202.4960927,CI,CIA,-999.0,718,-0.35191114,-0.322735427,-0.230110834,-0.029175712,CI.CIA,718,-0.35191114,5.790719986,455.6470032,8.358940125,-0.3519111397728638,718,679.2419218501171,643.9120786909054,886.0244313300667,730.7986715315951
100097,RSN9170,54,9170, CIA,5.03,35.3852,-118.6292,7.3,220.88,505,33.4019,-118.415,6.3,6.55,-0.000394075,-0.000666098,6.74e-05,3.99e-05,0.591616776,0.163634216,88.35221969,5.179664862,6.108664217,0.261799388,1611.301568,9.876566416,9.882759644,241.6952352,CI,CIA,-999.0,720,-0.354692783,-0.322735427,-0.230110834,-0.031957355,CI.CIA,720,-0.354692783,5.790719986,455.6470032,8.358940125,-0.35469278273474103,720,999.881704785989,701.734248540817,1074.2416538494942,792.760857148875
100097,RSN10692,54,10692, CIA,4.66,34.2983,-118.6255,8.038,101.32,505,33.4019,-118.415,22.15,22.2,-0.000376887,-0.000921577,0.00015689,6.6e-05,0.408959207,0.162821926,85.9741614,5.179664862,6.126524324,0.191986218,1184.224145,5.710409091,5.874032762,177.6336218,CI,CIA,-999.0,656,-0.26160236,-0.322735427,-0.230110834,0.061133068,CI.CIA,656,-0.26160236,5.790719986,455.6470032,8.358940125,-0.26160235966872847,656,654.7460582555233,611.8779885904362,850.4716499705684,700.6139751869707
100106,RSN18206,57,18206, EDW2,4.36,36.3932,-117.8644,8.798,168.18,1242,34.8811,-117.9939,11.53,11.7,-0.000539415,-0.000603606,5.84e-05,4.47e-05,0.893654976,0.162156027,87.31045619,5.179664862,6.160106881,0.366519143,2200.185616,12.06744966,10.33571918,330.0278424,CI,EDW2,-999.0,915,0.305554197,0.233151859,0.325776452,0.072402338,CI.EDW2,915,0.305554197,3.305500031,773.6849976,3.443459988,0.3055541972179032,915,916.2564206445644,823.2883417740798,929.3503681511725,813.3519380020614
100106,RSN9013,57,9013, EDW2,5.2,33.5328,-116.5697,15.48,198.99,1242,34.8811,-117.9939,21.77,21.89,-0.002213986,-0.00236591,0.000636633,0.000664221,0.935786349,0.157459592,85.79617447,5.179664862,6.333749326,0.383972435,2336.956564,3.333206869,3.716285521,350.5434846,CI,EDW2,-999.0,958,0.259630485,0.233151859,0.325776452,0.026478625,CI.EDW2,958,0.259630485,3.305500031,773.6849976,3.443459988,0.2596304845225639,958,948.7228278726858,823.0355376545177,916.773436499372,823.2631902436871
100106,RSN12608,57,12608, EDW2,4.11,33.5089,-116.8485,12.274,185.24,1242,34.8811,-117.9939,13.23,13.27,-1.6e-05,-2.17e-05,3.81e-06,4.39e-06,0.737148552,0.159495063,86.49377129,5.179664862,6.258050482,0.314159265,1956.562871,3.644646925,5.695538058,293.4844307,CI,EDW2,-999.0,836,0.395849649,0.233151859,0.325776452,0.16269779,CI.EDW2,836,0.395849649,3.305500031,773.6849976,3.443459988,0.39584964940872247,836,863.6287312482717,746.4770478019637,865.6390250688777,751.3199595560367
100106,RSN11186,57,11186, EDW2,4.42,34.0665,-118.8938,12.827,122.48,1242,34.8811,-117.9939,22.3,22.46,-0.000789122,-0.000996836,0.000144942,4.97e-05,0.791627046,0.158771035,84.41742598,5.179664862,6.268505043,0.331612558,2068.090654,15.87770624,6.877482027,310.2135981,CI,EDW2,-999.0,872,0.353688839,0.233151859,0.325776452,0.120536979,CI.EDW2,872,0.353688839,3.305500031,773.6849976,3.443459988,0.35368883858444455,872,742.5833695142427,716.8391303201281,760.9241097902747,719.8089588463737
100106,RSN14588,57,14588, EDW2,4.11,35.6211,-117.5805,9.045,90.31,1242,34.8811,-117.9939,30.64,30.82,-0.001233601,-0.000940845,7.84e-06,5.02e-06,1.311162824,0.161423697,84.83488522,5.179664862,6.169722379,0.453785606,2744.635071,245.737251,120.0057398,411.6952607,CI,EDW2,-999.0,1085,0.135142997,0.233151859,0.325776452,-0.098008863,CI.EDW2,1085,0.135142997,3.305500031,773.6849976,3.443459988,0.13514299651886397,1085,866.2999544126077,904.4459858983413,941.4431073515766,928.8215635700401
100106,RSN12884,57,12884, EDW2,4.11,36.0312,-117.7658,4.03,129.27,1242,34.8811,-117.9939,20.55,20.68,-0.000102949,-7.98e-05,1.03e-05,1.15e-05,1.289308356,0.168269383,88.63328123,5.179664862,5.941161117,0.453785606,2613.61162,8.952086957,7.747572816,392.041743,CI,EDW2,-999.0,1045,0.172706098,0.233151859,0.325776452,-0.060445761,CI.EDW2,1045,0.172706098,3.305500031,773.6849976,3.443459988,0.17270609809451276,1045,957.1813985883028,906.32237035734,996.669619722713,909.784433164541
100106,RSN12686,57,12686, EDW2,4.34,35.8373,-117.678,6.864,109.9,1242,34.8811,-117.9939,23.59,23.65,-9.53e-05,-7.11e-05,3.43e-05,4.26e-05,1.339999171,0.163778646,86.8921031,5.179664862,6.096821743,0.471238898,2740.900115,2.237089202,2.072886297,411.1350173,CI,EDW2,-999.0,1083,0.136988015,0.233151859,0.325776452,-0.096163844,CI.EDW2,1083,0.136988015,3.305500031,773.6849976,3.443459988,0.13698801549243367,1083,839.5985415545082,885.1432438136579,939.4617403133528,905.4056327343477
100106,RSN18082,57,18082, EDW2,5.19,36.4034,-117.8499,9.418,169.4,1242,34.8811,-117.9939,13.57,13.66,-0.001098699,-0.000999556,0.000237039,0.000263201,1.099187515,0.161525282,87.13147128,5.179664862,6.183223963,0.41887902,2504.991186,4.174372438,4.216841954,375.7486779,CI,EDW2,-999.0,1011,0.205783043,0.233151859,0.325776452,-0.027368816,CI.EDW2,1011,0.205783043,3.305500031,773.6849976,3.443459988,0.20578304347295262,1011,948.0001893262383,883.2932036149942,927.9659755137491,885.7048492402823
100106,RSN11376,57,11376, EDW2,4.73,33.7328,-117.4921,10.018,135.49,1242,34.8811,-117.9939,29.4,29.48,-0.000981991,-0.001185412,0.000180478,8.94e-05,0.828396356,0.160856192,86.14988506,5.179664862,6.202702587,0.34906585,2109.303419,10.98423937,6.568180055,316.3955129,CI,EDW2,-999.0,886,0.337761312,0.233151859,0.325776452,0.104609453,CI.EDW2,886,0.337761312,3.305500031,773.6849976,3.443459988,0.33776131188834313,886,834.5275641767965,751.823924674575,836.4911038731602,752.3679425289757
100106,RSN9187,57,9187, EDW2,5.03,35.3852,-118.6292,7.3,80.5,1242,34.8811,-117.9939,11.89,12.16,-0.010298235,-0.008284991,0.000315958,0.000235557,1.242998933,0.163183844,85.44049205,5.179664862,6.108664217,0.453785606,2651.193005,43.71865408,26.22181113,397.6789508,CI,EDW2,-999.0,1056,0.162234798,0.233151859,0.325776452,-0.070917061,CI.EDW2,1056,0.162234798,3.305500031,773.6849976,3.443459988,0.16223479822721742,1056,754.414952980725,842.73748439973,851.6937526740672,867.3925404376307
100106,RSN13233,57,13233, EDW2,4.19,34.3571,-116.8418,9.486,120.59,1242,34.8811,-117.9939,20.73,20.8,0.001964312,0.001734238,7.09e-05,3.99e-05,1.132665336,0.161257263,85.92108974,5.179664862,6.185563454,0.41887902,2547.157303,49.23087719,24.4603385,382.0735955,CI,EDW2,-999.0,1024,0.193006457,0.233151859,0.325776452,-0.040145402,CI.EDW2,1024,0.193006457,3.305500031,773.6849976,3.443459988,0.1930064568939711,1024,906.2115751989423,857.9569004549853,919.8387774200274,876.6021023923696
100106,RSN10710,57,10710, EDW2,4.66,34.2983,-118.6255,8.038,86.82,1242,34.8811,-117.9939,9.36,9.69,-0.002688006,-0.002779998,0.00019187,8.74e-05,0.966909557,0.162668024,85.26670665,5.179664862,6.126524324,0.383972435,2304.524223,30.75521739,14.48896649,345.6786335,CI,EDW2,-999.0,948,0.27012376,0.233151859,0.325776452,0.036971901,CI.EDW2,948,0.27012376,3.305500031,773.6849976,3.443459988,0.2701237602384028,948,806.6761876442442,781.4332751394645,839.3461373805163,790.7372968937365
100106,RSN13840,57,13840, EDW2,4.17,34.3277,-116.829,4.957,123.23,1242,34.8811,-117.9939,26.83,26.91,0.002772653,0.002358114,9.42e-05,4.81e-05,1.17579225,0.16614534,88.12695348,5.179664862,6.015610792,0.436332313,2527.389487,57.64351351,25.03305732,379.1084231,CI,EDW2,-999.0,1018,0.198883065,0.233151859,0.325776452,-0.034268794,CI.EDW2,1018,0.198883065,3.305500031,773.6849976,3.443459988,0.1988830653829563,1018,971.3657378723593,856.7143878655245,930.1497984298793,872.9716497086528
100106,RSN13323,57,13323, EDW2,4.2,34.3768,-117.6461,8.934,64.39,1242,34.8811,-117.9939,16.07,16.16,-0.008409708,-0.008407232,0.000413067,0.00040435,1.00029454,0.160922498,82.82215731,5.179664862,6.165471616,0.401425728,2383.20137,20.79809076,20.3531921,357.4802055,CI,EDW2,-999.0,973,0.24409418,0.233151859,0.325776452,0.010942321,CI.EDW2,973,0.24409418,3.305500031,773.6849976,3.443459988,0.24409418030741925,973,877.6358905816433,828.071712248548,919.6167743016634,840.9253381579312
100106,RSN9699,57,9699, EDW2,4.69,35.0172,-119.0247,9.251,95.36,1242,34.8811,-117.9939,8.52,8.65,-0.001778682,-0.002001814,0.000192225,0.000214,0.888535241,0.161262379,84.98362842,5.179664862,6.177322679,0.366519143,2204.824474,8.311598131,10.41391078,330.7236711,CI,EDW2,-999.0,916,0.304461898,0.233151859,0.325776452,0.071310039,CI.EDW2,916,0.304461898,3.305500031,773.6849976,3.443459988,0.30446189781929434,916,835.4922359086095,762.8113232890016,822.815302740232,768.1108413371286
100106,RSN12750,57,12750, EDW2,4.26,33.9538,-116.3912,7.696,179.69,1242,34.8811,-117.9939,24.1,24.19,7.16e-05,0.000102355,4.7e-05,2.33e-05,0.699956002,0.163333465,87.84566448,5.179664862,6.118116656,0.296705973,1837.135943,3.072961373,2.177765957,275.5703915,CI,EDW2,-999.0,796,0.444879077,0.233151859,0.325776452,0.211727218,CI.EDW2,796,0.444879077,3.305500031,773.6849976,3.443459988,0.44487907664904114,796,922.7624787930548,745.865931961624,884.8526827442479,739.9212295470372
100106,RSN9892,57,9892, EDW2,4.59,34.9977,-119.1926,10.662,110.27,1242,34.8811,-117.9939,3.8,3.97,0.000728129,0.000595659,0.000200769,0.000160866,1.222391472,0.160117281,84.93441577,5.179664862,6.221029194,0.436332313,2671.036263,4.52630761,2.966887318,400.6554395,CI,EDW2,-999.0,1062,0.156569061,0.233151859,0.325776452,-0.076582798,CI.EDW2,1062,0.156569061,3.305500031,773.6849976,3.443459988,0.15656906069153997,1062,693.1272745798301,826.5312177479401,836.8399003048517,847.5476933059682
100106,RSN8791,57,8791, EDW2,5.39,33.9465,-117.7667,14.89,105.76,1242,34.8811,-117.9939,22.52,22.93,-0.056796136,-0.048419396,0.004982872,0.004192867,1.173003806,0.156921212,82.39272672,5.179664862,6.31653763,0.436332313,2672.912503,13.54589497,9.717166325,400.9368755,CI,EDW2,-999.0,1063,0.155627884,0.233151859,0.325776452,-0.077523975,CI.EDW2,1063,0.155627884,3.305500031,773.6849976,3.443459988,0.15562788415147644,1063,702.3515723588321,805.6744617506378,785.1802280385258,844.5356452521813
100106,RSN11915,57,11915, EDW2,4.27,34.3874,-119.4398,6.219,143.44,1242,34.8811,-117.9939,14.5,14.65,0.000380242,0.000544436,8.26e-05,3.4e-05,0.698414942,0.164476664,87.89512579,5.179664862,6.075787581,0.296705973,1821.573602,11.18358824,6.591234867,273.2360403,CI,EDW2,-999.0,791,0.451180295,0.233151859,0.325776452,0.218028436,CI.EDW2,791,0.451180295,3.305500031,773.6849976,3.443459988,0.4511802947257699,791,774.9841786796666,691.290200152774,800.1261749559093,695.1244611384319
100106,RSN18253,57,18253, EDW2,4.2,36.3905,-117.8695,8.829,167.85,1242,34.8811,-117.9939,11.79,11.89,-0.001336798,-0.000913206,0.000170236,0.000126275,1.46385097,0.162122012,87.29978003,5.179664862,6.161345296,0.488692191,2881.476167,10.58640269,5.364353016,432.2214251,CI,EDW2,-999.0,1126,0.098051454,0.233151859,0.325776452,-0.135100405,CI.EDW2,1126,0.098051454,3.305500031,773.6849976,3.443459988,0.09805145379378821,1126,1088.3319112635004,1021.3860310509418,1111.2960772650688,1016.3642456344418
100106,RSN13126,57,13126, EDW2,4.06,33.2394,-116.2082,10.532,245.64,1242,34.8811,-117.9939,10.97,11.12,-0.000138271,-0.00014132,4.08e-05,3.32e-05,0.978422638,0.160713223,87.76284509,5.179664862,6.217520851,0.383972435,2348.038086,4.164789157,3.46372549,352.2057129,CI,EDW2,-999.0,962,0.255463812,0.233151859,0.325776452,0.022311953,CI.EDW2,962,0.255463812,3.305500031,773.6849976,3.443459988,0.2554638118277177,962,1088.7222149900776,878.0584598545867,1066.2226979910972,882.3932511238424
100106,RSN9347,57,9347, EDW2,4.88,34.0655,-117.0011,17.501,128.47,1242,34.8811,-117.9939,13.41,13.51,-0.004979342,-0.004531964,0.000121769,5.58e-05,1.098716186,0.155338196,82.59708076,5.179664862,6.383907006,0.41887902,2604.198378,89.23551971,37.21771551,390.6297567,CI,EDW2,-999.0,1042,0.17558104,0.233151859,0.325776452,-0.057570819,CI.EDW2,1042,0.17558104,3.305500031,773.6849976,3.443459988,0.1755810401801119,1042,768.6380147460184,858.6289851901624,812.5693283605102,867.3788794087662
100106,RSN18012,57,18012, EDW2,5.0,36.3864,-117.8583,7.408,167.46,1242,34.8811,-117.9939,15.19,15.3,-0.001593058,-0.001348272,0.000254834,0.000168545,1.181555602,0.163508052,87.78934248,5.179664862,6.11135504,0.436332313,2574.16016,9.451825922,5.290785374,386.124024,CI,EDW2,-999.0,1032,0.185224316,0.233151859,0.325776452,-0.047927543,CI.EDW2,1032,0.185224316,3.305500031,773.6849976,3.443459988,0.18522431645191606,1032,893.5269102318782,906.2495628995664,967.7565809248989,907.1807008459465
100106,RSN12399,57,12399, EDW2,4.27,36.1466,-118.0613,4.057,140.54,1242,34.8811,-117.9939,19.3,19.49,-0.000302488,-0.000204121,2.93e-05,3.31e-05,1.481903242,0.168198059,88.74010815,5.179664862,5.943934512,0.488692191,2790.702256,9.138610272,6.966587031,418.6053384,CI,EDW2,-999.0,1099,0.122322308,0.233151859,0.325776452,-0.110829551,CI.EDW2,1099,0.122322308,3.305500031,773.6849976,3.443459988,0.12232230808980304,1099,902.7004034525677,927.3241741506639,1002.4066114573001,944.9500494500481
100106,RSN10428,57,10428, EDW2,4.45,34.1081,-117.3062,14.795,106.5,1242,34.8811,-117.9939,17.15,17.25,0.008227332,0.00810818,0.001759375,0.001297624,1.014695292,0.157037779,82.51529386,5.179664862,6.313637877,0.401425728,2461.172735,6.34030505,4.608557016,369.1759103,CI,EDW2,-999.0,997,0.219727493,0.233151859,0.325776452,-0.013424367,CI.EDW2,997,0.219727493,3.305500031,773.6849976,3.443459988,0.21972749253158597,997,745.9623672138728,778.4852214620513,781.5749732694966,805.2360480945757
100106,RSN17912,57,17912, EDW2,4.04,36.3911,-117.8665,9.439,167.93,1242,34.8811,-117.9939,12.85,12.94,-0.000822472,-0.000605562,6.78e-05,6.97e-05,1.358196899,0.161500374,87.08973984,5.179664862,6.183950287,0.471238898,2795.47643,11.80017217,8.93159292,419.3214645,CI,EDW2,-999.0,1100,0.121412804,0.233151859,0.325776452,-0.111739055,CI.EDW2,1100,0.121412804,3.305500031,773.6849976,3.443459988,0.12141280370696261,1100,965.4084103921515,987.9229220056775,1065.8962570521692,989.1440891129504
100118,RSN16616,64,16616, LUG,3.69,33.735,-117.4936,9.693,70.92,365,34.3656,-117.3668,16.91,17.07,-0.002194666,-0.007397474,4.67e-05,5.92e-05,0.296677722,0.160219919,82.8193937,5.179664862,6.192470162,0.13962634,896.375952,37.07206081,158.4041542,134.4563928,CI,LUG,0.32,545,-0.400888441,-0.170436382,-0.077811789,-0.230452059,CI.LUG,545,-0.400888441,3.733690023,1137.849976,3.054860115,-0.4008884410807525,545,592.7787953827742,548.1762542523041,537.0447839495654,503.4492944044898
100118,RSN16955,64,16955, LUG,3.63,34.1242,-116.405,9.555,92.56,365,34.3656,-117.3668,12.09,12.24,0.000476428,0.003206456,3.72e-05,4.2e-05,0.148584098,0.160896244,84.62935203,5.179664862,6.187901101,0.06981317,457.842839,11.34352381,86.19505376,68.67642585,CI,LUG,0.32,355,0.027779564,-0.170436382,-0.077811789,0.198215946,CI.LUG,355,0.027779564,3.733690023,1137.849976,3.054860115,0.027779564107075494,355,369.13339499855425,389.34423342097045,366.8744686097121,374.56466770359157
100118,RSN10092,64,10092, LUG,4.18,34.3617,-118.6637,11.151,119.3,365,34.3656,-117.3668,10.9,11.04,0.002539354,0.007876768,0.001910305,0.000526346,0.32238528,0.159834401,85.08321114,5.179664862,6.233452986,0.157079633,971.7992807,4.824495674,4.12330387,145.7698921,CI,LUG,0.32,586,-0.473422436,-0.170436382,-0.077811789,-0.302986054,CI.LUG,586,-0.473422436,3.733690023,1137.849976,3.054860115,-0.4734224359945207,586,545.9592282963911,561.2540349207678,563.9591299632933,526.8991160844175
100118,RSN12618,64,12618, LUG,4.11,33.5089,-116.8485,12.274,106.42,365,34.3656,-117.3668,14.4,14.55,-0.000345138,-0.001265736,0.000225477,7.49e-05,0.272678015,0.158880958,83.8715492,5.179664862,6.258050482,0.13962634,835.9791904,4.607983979,5.613592517,125.3968786,CI,LUG,0.32,513,-0.340378492,-0.170436382,-0.077811789,-0.169942109,CI.LUG,513,-0.340378492,3.733690023,1137.849976,3.054860115,-0.34037849158827793,513,487.12302223980856,491.33672340333425,481.70723964754967,461.64075434304493
100118,RSN19382,64,19382, LUG,3.43,34.1381,-117.4717,5.767,27.02,365,34.3656,-117.3668,22.06,22.17,-0.00476975,-0.017380498,0.000214609,2.78e-05,0.274431129,0.162155631,79.20443397,5.179664862,6.057771424,0.13962634,824.0009702,171.573741,80.98680857,123.6001455,CI,LUG,0.32,508,-0.330584094,-0.170436382,-0.077811789,-0.160147712,CI.LUG,508,-0.330584094,3.733690023,1137.849976,3.054860115,-0.33058409399599054,508,497.8135585162435,507.4860610889038,497.5661561125511,468.97674993443565
100118,RSN17466,64,17466, LUG,3.59,34.0938,-117.4347,3.015,30.79,365,34.3656,-117.3668,31.35,31.42,-0.001068728,-0.006081341,0.000183272,4.74e-05,0.175738938,0.168001132,86.02531936,5.179664862,5.93802414,0.087266463,517.1021093,22.54700422,33.18205181,77.5653164,CI,LUG,0.32,381,-0.042902022,-0.170436382,-0.077811789,0.127534361,CI.LUG,381,-0.042902022,3.733690023,1137.849976,3.054860115,-0.042902021544209745,381,388.19537901751704,387.6932549490582,381.79026298684914,382.08443658745074
100118,RSN15001,64,15001, LUG,3.74,34.1651,-117.4332,7.875,23.07,365,34.3656,-117.3668,21.67,21.74,-0.002515957,-0.017263309,0.000204029,0.00053141,0.145740139,0.155908797,72.64597536,5.179664862,6.12204057,0.06981317,463.634191,4.734493141,84.61203554,69.54512865,CI,LUG,0.32,358,0.019364367,-0.170436382,-0.077811789,0.18980075,CI.LUG,358,0.019364367,3.733690023,1137.849976,3.054860115,0.01936436718179113,358,353.12071283734554,382.12421481540645,363.31851948610864,378.9907055288938
100118,RSN14509,64,14509, LUG,4.01,33.2617,-116.0659,5.761,171.75,365,34.3656,-117.3668,42.6,42.8,-0.000251522,-0.000870649,0.00011483,0.000117453,0.288890023,0.16501963,88.39580046,5.179664862,6.057510055,0.13962634,849.2055436,2.141469354,7.582069146,127.3808315,CI,LUG,0.32,520,-0.353931458,-0.170436382,-0.077811789,-0.183495076,CI.LUG,520,-0.353931458,3.733690023,1137.849976,3.054860115,-0.35393145799298154,520,645.1057259556118,541.5715462062539,581.4365225206939,500.9825527746306
100118,RSN13731,64,13731, LUG,3.97,33.9535,-117.7457,11.873,57.54,365,34.3656,-117.3668,13.55,13.61,-0.000903953,-0.003351229,0.000225456,0.000240037,0.269737732,0.157071106,79.01212428,5.179664862,6.249828919,0.13962634,837.1059142,3.765890259,14.86422628,125.5658871,CI,LUG,0.32,514,-0.342325912,-0.170436382,-0.077811789,-0.17188953,CI.LUG,514,-0.342325912,3.733690023,1137.849976,3.054860115,-0.342325911872674,514,493.46084205801236,492.8882357515657,486.56036428745415,462.5406388544349
100118,RSN17091,64,17091, LUG,3.52,34.2098,-116.4371,4.645,87.33,365,34.3656,-117.3668,25.7,25.79,0.000304348,0.0023459,0.000128071,7.82e-05,0.129736252,0.166663807,87.54452654,5.179664862,5.994593769,0.06981317,386.9209219,3.891918159,18.31718344,58.03813829,CI,LUG,0.32,319,0.134706251,-0.170436382,-0.077811789,0.305142633,CI.LUG,319,0.134706251,3.733690023,1137.849976,3.054860115,0.1347062507976471,319,372.0595002771119,365.31900425928626,348.10024010390134,354.0326087162813
100118,RSN9374,64,9374, LUG,4.88,34.0655,-117.0011,17.501,47.37,365,34.3656,-117.3668,17.0,17.1,-0.018375533,-0.145316042,0.00328511,0.000559436,0.126452197,0.147444435,70.26620694,5.179664862,6.383907006,0.06981317,426.4610037,32.84653294,44.23475683,63.96915056,CI,LUG,0.32,340,0.070951736,-0.170436382,-0.077811789,0.241388118,CI.LUG,340,0.070951736,3.733690023,1137.849976,3.054860115,0.07095173597228399,340,392.80258263359485,391.60309855520967,361.2987730365202,380.7526225075838
100118,RSN16676,64,16676, LUG,3.79,34.0456,-117.2248,15.927,37.83,365,34.3656,-117.3668,33.19,33.34,0.002427908,0.016734132,5.9e-05,4.28e-05,0.145087163,0.146136743,68.0292536,5.179664862,6.345939946,0.06981317,492.4664201,56.72682243,283.6293559,73.86996302,CI,LUG,0.32,370,-0.013605652,-0.170436382,-0.077811789,0.15683073,CI.LUG,370,-0.013605652,3.733690023,1137.849976,3.054860115,-0.01360565205577835,370,362.7236404109655,398.3351673137487,371.0900970826112,390.5612687890256
100168,RSN13243,74,13243, IRM,4.19,34.3571,-116.8418,9.486,157.84,981,34.1574,-115.1451,16.23,16.36,0.001822462,0.001744538,0.000198453,0.000156759,1.044667831,0.161428097,86.88632529,5.179664862,6.185563454,0.401425728,2431.772393,11.62588432,8.790685956,364.765859,CI,IRM,-999.0,988,-0.007110238,-0.013128456,0.079496138,0.006018218,CI.IRM,988,-0.007110238,21.1208992,538.5460205,11.79109955,-0.00711023818250478,988,1043.3496869656296,1039.8236857254478,1035.793934542011,1118.6572069440954
100168,RSN16950,74,16950, IRM,3.63,34.1242,-116.405,9.555,116.26,981,34.1574,-115.1451,10.94,11.03,0.000198245,0.000183647,3.76e-05,3e-05,1.079492165,0.161160365,85.74552885,5.179664862,6.187901101,0.41887902,2487.61522,6.608166667,4.884228723,373.142283,CI,IRM,-999.0,1006,-0.025164891,-0.013128456,0.079496138,-0.012036435,CI.IRM,1006,-0.025164891,21.1208992,538.5460205,11.79109955,-0.025164891094321185,1006,907.7373068137618,1038.9406703014179,929.7554407936173,1097.3982045637545
100168,RSN17085,74,17085, IRM,3.52,34.2098,-116.4371,4.645,119.25,981,34.1574,-115.1451,32.5,32.63,0.000259708,0.000235598,1.63e-05,2.63e-05,1.102331785,0.166736081,88.21559324,5.179664862,5.994593769,0.41887902,2430.216674,9.874828897,14.45386503,364.5325011,CI,IRM,-999.0,988,-0.007110238,-0.013128456,0.079496138,0.006018218,CI.IRM,988,-0.007110238,21.1208992,538.5460205,11.79109955,-0.00711023818250478,988,939.4560090714447,1020.204569347851,929.2097935544562,1076.4994261776599
100172,RSN18017,75,18017, JRC2,5.0,36.3864,-117.8583,7.408,45.04,623,35.9825,-117.8089,11.9,11.96,-0.005279313,-0.017955662,0.003030054,0.000739247,0.294019426,0.161842606,81.52397407,5.179664862,6.11135504,0.13962634,880.0598364,7.141473689,5.925855447,132.0089755,CI,JRC2,5.246016667,537,0.148548424,-0.125458709,-0.032834115,0.274007133,CI.JRC2,537,0.148548424,13.04990005,1420.880005,9.128740311,0.14854842427858816,537,503.79999370730184,497.1622513527034,561.5995371362518,528.1285985230719
100172,RSN18043,75,18043, JRC2,4.5,36.3915,-117.8683,9.117,45.7,623,35.9825,-117.8089,10.31,10.45,-0.016569592,-0.028627639,0.001876735,0.002011774,0.578797019,0.159322655,79.54774351,5.179664862,6.172420506,0.261799388,1627.602499,8.23630885,15.25395914,244.1403749,CI,JRC2,5.246016667,726,-0.153003496,-0.125458709,-0.032834115,-0.027544787,CI.JRC2,533,0.156025095,13.04990005,1420.880005,9.128740311,0.15602509462160885,533,517.5767135893243,482.303494193715,526.6803012525183,498.1584282916096
100172,RSN12693,75,12693, JRC2,4.34,35.8373,-117.678,6.864,19.98,623,35.9825,-117.8089,19.81,19.96,0.068244611,0.144159652,4.47e-05,2.91e-05,0.473396059,0.155952805,71.95554156,5.179664862,6.096821743,0.226892803,1407.560947,2345.175636,3225.048143,211.1341421,CI,JRC2,5.246016667,737,-0.168041373,-0.125458709,-0.032834115,-0.042582665,CI.JRC2,541,0.14112724,13.04990005,1420.880005,9.128740311,0.14112723994097198,541,505.80205848878444,498.8543721268807,521.0388142124245,508.49686482810654
100172,RSN14643,75,14643, JRC2,3.9,35.3429,-118.5645,9.906,98.57,623,35.9825,-117.8089,20.21,20.35,0.00039111,0.000492824,7.14e-06,1.04e-05,0.793608856,0.160634014,84.75412821,5.179664862,6.199256899,0.331612558,2047.403659,37.60673077,69.02296919,307.1105489,CI,JRC2,5.246016667,866,-0.32933839,-0.125458709,-0.032834115,-0.203879681,CI.JRC2,636,-0.020652045,13.04990005,1420.880005,9.128740311,-0.020652044552669224,636,637.0059947451057,605.6462867106344,612.8733141836391,605.1226121731734
100183,RSN12414,79,12414, MPP,4.27,36.1466,-118.0613,4.057,211.54,522,34.8885,-119.8136,23.0,23.26,0.000184901,0.000356333,7.91e-05,3.7e-05,0.518899878,0.168220908,89.16599606,5.179664862,5.943934512,0.244346095,1410.541713,4.997324324,4.504841972,211.581257,CI,MPP,-999.0,738,-0.346276237,-0.074183401,0.018441192,-0.272092835,CI.MPP,738,-0.346276237,17.28520012,1663.48999,5.600999832,-0.34627623671783336,738,1034.0668290628628,637.5682087102666,698.9538604379392,605.6094569991018
100183,RSN15331,79,15331, MPP,3.74,34.8437,-119.6912,11.07,12.25,522,34.8885,-119.8136,15.48,15.59,0.007282429,0.047735941,7.83e-05,7.66e-06,0.152556519,0.118366728,47.52731427,5.179664862,6.231475121,0.06981317,638.6143715,950.7087467,609.6544189,95.79215573,CI,MPP,-999.0,429,0.196210669,-0.074183401,0.018441192,0.27039407,CI.MPP,429,0.196210669,17.28520012,1663.48999,5.600999832,0.19621066895462214,429,386.336595208867,390.2052857949296,374.73751017436933,401.0094309138241
100183,RSN9940,79,9940, MPP,4.59,34.9977,-119.1926,10.662,58.01,522,34.8885,-119.8136,5.1,5.2,0.000169103,0.000632128,0.000154047,2.02e-05,0.267513447,0.158404656,80.2108092,5.179664862,6.221029194,0.122173048,821.8998661,8.371435644,4.103474914,123.2849799,CI,MPP,-999.0,507,0.029156584,-0.074183401,0.018441192,0.103339986,CI.MPP,507,0.029156584,17.28520012,1663.48999,5.600999832,0.029156584291455623,507,461.98879718497875,412.6228069714525,383.7085455568387,398.62274471768626
100183,RSN11202,79,11202, MPP,4.42,34.0665,-118.8938,12.827,124.31,522,34.8885,-119.8136,22.0,22.14,0.000177216,0.000447949,7.25e-05,1.89e-05,0.395615422,0.158795273,84.50763994,5.179664862,6.268505043,0.191986218,1179.897639,9.376507937,6.178606897,176.9846459,CI,MPP,-999.0,654,-0.225439764,-0.074183401,0.018441192,-0.151256362,CI.MPP,654,-0.225439764,17.28520012,1663.48999,5.600999832,-0.22543976357455975,654,656.5269399029193,545.38059088763,504.70787887317897,515.2752240674205
100183,RSN10754,79,10754, MPP,4.66,34.2983,-118.6255,8.038,127.15,522,34.8885,-119.8136,10.4,10.87,0.001607669,0.002219759,0.000111993,2.53e-05,0.724253765,0.162966575,86.7774209,5.179664862,6.126524324,0.314159265,1892.135456,63.54422925,19.82051557,283.8203184,CI,MPP,-999.0,815,-0.445520525,-0.074183401,0.018441192,-0.371337124,CI.MPP,815,-0.445520525,17.28520012,1663.48999,5.600999832,-0.44552052535822373,815,747.6350691234547,615.6391947317645,620.8904862615628,590.1375377432158
100183,RSN10246,79,10246, MPP,4.34,35.0174,-119.1492,9.557,62.35,522,34.8885,-119.8136,6.42,6.64,0.001575342,0.005629416,9.2e-05,6.2e-05,0.279841013,0.160036988,82.01472948,5.179664862,6.187968323,0.13962634,850.2026321,25.40874194,61.18930435,127.5303948,CI,MPP,-999.0,521,0.001917546,-0.074183401,0.018441192,0.076100947,CI.MPP,521,0.001917546,17.28520012,1663.48999,5.600999832,0.0019175461292721963,521,475.6542709418921,429.73736923141,405.26017569419383,410.935657062575
100183,RSN16344,79,16344, MPP,3.74,34.8456,-119.2446,12.927,52.24,522,34.8885,-119.8136,17.24,17.4,0.001147451,0.006035219,1.27e-05,1.46e-05,0.190125788,0.155292044,76.8372142,5.179664862,6.270295551,0.087266463,603.6925903,78.59253425,475.2140945,90.55388855,CI,MPP,-999.0,417,0.224581366,-0.074183401,0.018441192,0.298764767,CI.MPP,417,0.224581366,17.28520012,1663.48999,5.600999832,0.2245813660838376,417,403.6256786436224,355.22871421130924,353.796852615776,362.87431919284046
100183,RSN14659,79,14659, MPP,3.9,35.3429,-118.5645,9.906,124.53,522,34.8885,-119.8136,22.12,22.25,8.79e-05,0.000722322,2.56e-05,2.93e-05,0.12175788,0.160888463,85.85864012,5.179664862,6.199256899,0.052359878,376.1362028,3.0,28.21570313,56.42043042,CI,MPP,-999.0,313,0.511464397,-0.074183401,0.018441192,0.585647799,CI.MPP,313,0.511464397,17.28520012,1663.48999,5.600999832,0.5114643973424862,313,347.2277060259619,309.99910252655695,312.52197505078954,308.4158096838438
100183,RSN11269,79,11269, MPP,4.39,35.6421,-120.9543,5.902,133.28,522,34.8885,-119.8136,15.72,16.05,0.001674561,0.004462827,6.34e-05,2.01e-05,0.37522419,0.164806212,87.85700055,5.179664862,6.063488731,0.174532925,1082.376595,83.31149254,70.39159306,162.3564893,CI,MPP,-999.0,628,-0.184872579,-0.074183401,0.018441192,-0.110689177,CI.MPP,628,-0.184872579,17.28520012,1663.48999,5.600999832,-0.1848725785855594,628,705.7442899537235,535.5948644216061,533.551511587237,502.2150483116363
100183,RSN9231,79,9231, MPP,5.03,35.3852,-118.6292,7.3,121.19,522,34.8885,-119.8136,11.82,12.12,0.004192774,0.009761148,0.000332616,5.1e-05,0.42953696,0.163472982,86.96952315,5.179664862,6.108664217,0.20943951,1233.849962,82.2112549,29.34659788,185.0774943,CI,MPP,-999.0,675,-0.257045103,-0.074183401,0.018441192,-0.182861702,CI.MPP,675,-0.257045103,17.28520012,1663.48999,5.600999832,-0.25704510298989103,675,698.1850399045302,548.0447475991019,539.8346548558195,524.1316173181459
100183,RSN13424,79,13424, MPP,3.9,34.4032,-118.651,13.612,119.41,522,34.8885,-119.8136,14.69,15.11,0.000543008,0.000960409,4e-05,1.56e-05,0.565391792,0.158287951,83.89930971,5.179664862,6.281821568,0.261799388,1609.074855,34.80820513,24.010225,241.3612283,CI,MPP,-999.0,719,-0.32019377,-0.074183401,0.018441192,-0.246010369,CI.MPP,719,-0.32019377,17.28520012,1663.48999,5.600999832,-0.32019376983840786,719,761.9806488393826,588.3073455491447,572.0904105830261,556.9103237722405
100194,RSN9897,82,9897, FUR,4.59,34.9977,-119.1926,10.662,266.45,433,36.4672,-116.8632,9.4,9.62,0.000434415,0.001317815,0.000309843,0.000127316,0.329647795,0.160638369,87.91189921,5.179664862,6.221029194,0.157079633,986.6529741,3.4121006,4.253170154,147.9979461,CI,FUR,-999.0,595,-0.317823678,-0.233518182,-0.140893589,-0.084305495,CI.FUR,595,-0.317823678,8.073479652,-42.94779968,5.473599911,-0.31782367754314045,595,628.6447902215034,626.6065191195532,522.2872898949772,571.7423381695303
100194,RSN12885,82,12885, FUR,4.11,36.0312,-117.7658,4.03,94.46,433,36.4672,-116.8632,21.8,21.92,0.000407275,0.001538627,0.000126063,6.56e-05,0.264700371,0.168228003,88.13392663,5.179664862,5.941161117,0.122173048,766.2944958,6.208460366,12.20522279,114.9441744,CI,FUR,-999.0,484,-0.111347179,-0.233518182,-0.140893589,0.122171004,CI.FUR,484,-0.111347179,8.073479652,-42.94779968,5.473599911,-0.11134717871414246,484,482.19819065082396,487.93868253190385,389.8070267462266,446.19752108948853
100194,RSN18013,82,18013, FUR,5.0,36.3864,-117.8583,7.408,89.69,433,36.4672,-116.8632,11.4,11.53,0.002227212,0.007017166,0.002271511,0.000489223,0.317394764,0.163197727,85.83517644,5.179664862,6.11135504,0.157079633,938.3669122,4.552549655,3.08920626,140.7550368,CI,FUR,-999.0,568,-0.271383691,-0.233518182,-0.140893589,-0.037865508,CI.FUR,568,-0.271383691,8.073479652,-42.94779968,5.473599911,-0.271383690718662,568,541.7095468301258,562.1553871349444,442.35031906557566,517.9471420192217
100195,RSN10439,83,10439, GRA,4.45,34.1081,-117.3062,14.795,320.47,386,36.9961,-117.3662,15.62,15.76,0.000194851,0.000549316,8.97e-05,3.75e-05,0.354715236,0.158239399,87.52381465,5.179664862,6.313637877,0.174532925,1072.543619,5.196026667,6.123924192,160.8815429,CI,GRA,0.145362,625,-0.48191428,-0.263488365,-0.170863772,-0.218425915,CI.GRA,90,1.456027699,4.468639851,697.4530029,9.097610474,1.456027699134566,90,79.75773350270555,93.96045793012287,96.82665493213125,95.55211456110227
100195,RSN17990,83,17990, GRA,3.67,36.403,-117.8749,7.11,79.99,386,36.9961,-117.3662,14.09,14.23,0.000385533,0.001621183,2.2e-05,1.38e-05,0.237809838,0.163334545,85.52097692,5.179664862,6.103705693,0.122173048,713.5268725,27.93717391,73.69013636,107.0290309,CI,GRA,0.145362,461,-0.177560674,-0.263488365,-0.170863772,0.085927692,CI.GRA,461,-0.177560674,4.468639851,697.4530029,9.097610474,-0.1775606735318176,461,461.04599300236396,487.9452393084536,484.71420678469207,486.33171513763614
100195,RSN18257,83,18257, GRA,4.2,36.3905,-117.8695,8.829,80.87,386,36.9961,-117.3662,10.86,11.03,-0.001983629,-0.007280291,9.65e-05,5.62e-05,0.272465609,0.16151105,84.34039522,5.179664862,6.161345296,0.13962634,821.7688926,35.29588968,75.44343005,123.2653339,CI,GRA,0.145362,507,-0.272673634,-0.263488365,-0.170863772,-0.009185269,CI.GRA,507,-0.272673634,4.468639851,697.4530029,9.097610474,-0.2726736341263525,507,502.98739412788166,534.4266563472737,530.4447343889129,534.2725018311459
100195,RSN18089,83,18089, GRA,5.19,36.4034,-117.8499,9.418,78.7,386,36.9961,-117.3662,14.9,14.99,-0.000609107,-0.002824558,0.000628934,0.000283134,0.215646797,0.160770029,83.76093497,5.179664862,6.183223963,0.104719755,659.2136783,2.151302917,4.491024495,98.88205175,CI,GRA,0.145362,436,-0.121804874,-0.263488365,-0.170863772,0.141683492,CI.GRA,436,-0.121804874,4.468639851,697.4530029,9.097610474,-0.12180487388420325,436,414.44467638621177,451.9417096827141,451.49619899728583,463.19082768793794
100219,RSN15884,87,15884, SHD,3.6,35.492,-120.7845,4.912,35.99,818,35.1682,-120.7613,16.13,16.24,-0.000322249,0.000743887,0.000126164,0.000118051,0.433195501,0.165222426,83.43647727,5.179664862,6.012777814,0.20943951,1229.602464,2.729743924,5.896190672,184.4403696,PG,SHD,14.2707,674,0.193632226,0.056241076,0.148865669,0.13739115,PG.SHD,779,0.048851291,25.35289955,148.2359924,18.68289948,0.048851290731998454,779,799.4446976481656,648.4148666359794,733.8543787907238,667.911233410677
100219,RSN14977,87,14977, SHD,3.7,35.6371,-120.7559,6.53,52.02,818,35.1682,-120.7613,20.75,20.81,0.001212095,-0.002822576,0.000203818,0.000250229,0.429428495,0.163301642,83.68873726,5.179664862,6.086524027,0.20943951,1234.879577,4.843942948,13.84851191,185.2319366,PG,SHD,14.2707,676,0.190669261,0.056241076,0.148865669,0.134428185,PG.SHD,782,0.045007596,25.35289955,148.2359924,18.68289948,0.04500759605743543,782,796.7829762569387,650.9119713855404,745.1667662211667,670.4834204456348
100219,RSN8743,87,8743, SHD,5.45,37.4317,-121.7767,7.486,267.21,818,35.1682,-120.7613,11.33,11.67,0.002990495,-0.00228993,0.000351218,0.000547638,1.305932646,0.163530295,88.59793869,5.179664862,6.113244097,0.453785606,2704.551861,5.460714925,6.519967655,405.6827792,PG,SHD,14.2707,1072,-0.270419005,0.056241076,0.148865669,-0.326660081,PG.SHD,1240,-0.416004322,25.35289955,148.2359924,18.68289948,-0.4160043219963363,1240,1136.5450539503697,1036.5161435551327,1042.1433346258923,926.5144169215248
100219,RSN19044,87,19044, SHD,4.39,35.6421,-120.9543,5.902,55.42,818,35.1682,-120.7613,22.5,22.55,-0.00046673,0.000766183,0.000169905,0.000184755,0.60916221,0.164246201,84.8130332,5.179664862,6.063488731,0.27925268,1646.857781,2.526210387,4.509478826,247.0286672,PG,SHD,14.2707,732,0.111081823,0.056241076,0.148865669,0.054840747,PG.SHD,846,-0.033657023,25.35289955,148.2359924,18.68289948,-0.03365702300347628,846,858.8059837274386,713.662165086538,786.0742959279468,726.0124763450764
100269,RSN14608,92,14608, SLA,4.11,35.6211,-117.5805,9.045,40.24,482,35.891,-117.2833,21.17,21.23,-0.001614225,-0.021344272,0.000603852,0.000536848,0.075628012,0.158739664,78.34439795,5.179664862,6.169722379,0.034906585,237.6805657,3.006856689,35.34685983,35.65208486,CI,SLA,-999.0,229,0.74422211,-0.245484331,-0.152859738,0.989706442,CI.SLA,229,0.74422211,8.788499832,1108.48999,5.750790119,0.7442221104963602,229,284.91018609590566,348.71267099518985,268.685519053361,291.67351755188537
100269,RSN18284,92,18284, SLA,4.2,36.3905,-117.8695,8.829,76.52,482,35.891,-117.2833,10.32,10.61,0.00153778,0.002396246,4.24e-05,6.33e-05,0.641745299,0.161425109,84.04066746,5.179664862,6.161345296,0.27925268,1741.144845,24.29352291,56.51523585,261.1717268,CI,SLA,-999.0,764,-0.460623675,-0.245484331,-0.152859738,-0.215139344,CI.SLA,764,-0.460623675,8.788499832,1108.48999,5.750790119,-0.4606236751159205,764,756.5284199126977,809.7589485233256,590.8128973944412,663.0323497158607
100269,RSN18189,92,18189, SLA,4.08,36.3983,-117.8495,7.662,75.93,482,35.891,-117.2833,11.4,11.63,0.000802153,0.001116569,0.000131434,5.17e-05,0.718408611,0.162811078,84.85569935,5.179664862,6.117348091,0.314159265,1883.505904,15.51553191,8.495282804,282.5258856,CI,SLA,-999.0,812,-0.521556226,-0.245484331,-0.152859738,-0.276071895,CI.SLA,812,-0.521556226,8.788499832,1108.48999,5.750790119,-0.5215562261110778,812,813.8297493123459,871.2727405394241,629.4801410372769,710.7643901867531
100269,RSN9409,92,9409, SLA,4.88,34.0655,-117.0011,17.501,204.15,482,35.891,-117.2833,13.3,13.41,-0.000693149,-0.001612478,0.000464114,0.000154813,0.42986582,0.156128934,85.35288872,5.179664862,6.383907006,0.20943951,1292.728333,4.477330715,3.4743145,193.90925,CI,SLA,-999.0,697,-0.368841297,-0.245484331,-0.152859738,-0.123356965,CI.SLA,697,-0.368841297,8.788499832,1108.48999,5.750790119,-0.36884129670992394,697,1124.6762803190668,842.2029499779279,743.5602759690037,662.0972543063971
100269,RSN8856,92,8856, SLA,5.39,33.9465,-117.7667,14.89,220.19,482,35.891,-117.2833,28.44,28.7,-0.004318474,-0.008798355,0.000555974,0.00011522,0.490827444,0.157997112,86.37089585,5.179664862,6.31653763,0.226892803,1431.128528,37.48024648,15.82511952,214.6692792,CI,SLA,-999.0,746,-0.436781486,-0.245484331,-0.152859738,-0.191297155,CI.SLA,746,-0.436781486,8.788499832,1108.48999,5.750790119,-0.43678148615316026,746,836.8074984325405,801.8183623555832,634.8254484577009,665.7312059568675
100269,RSN12423,92,12423, SLA,4.27,36.1466,-118.0613,4.057,75.65,482,35.891,-117.2833,26.42,26.61,0.000747836,0.00172361,1.74e-05,9.14e-06,0.433877713,0.168095358,87.63440997,5.179664862,5.943934512,0.20943951,1210.199737,81.82013129,99.05804598,181.5299606,CI,SLA,-999.0,666,-0.323345556,-0.245484331,-0.152859738,-0.077861225,CI.SLA,666,-0.323345556,8.788499832,1108.48999,5.750790119,-0.32334555648978913,666,662.6140596232431,700.7461643584836,522.5893386692618,578.232833503172
100269,RSN16999,92,16999, SLA,3.59,35.7823,-117.6639,7.014,36.44,482,35.891,-117.2833,12.98,13.11,0.000605243,0.00307201,5.93e-05,9.03e-05,0.197018717,0.161537926,80.25015891,5.179664862,6.101084446,0.104719755,601.5989753,6.702580288,51.80455312,90.2398463,CI,SLA,-999.0,416,0.147258854,-0.245484331,-0.152859738,0.392743185,CI.SLA,416,0.147258854,8.788499832,1108.48999,5.750790119,0.1472588537893369,416,419.5349535578741,444.70140620651773,341.61038945758787,391.60988568425773
100269,RSN14678,92,14678, SLA,3.9,35.3429,-118.5645,9.906,131.04,482,35.891,-117.2833,28.02,28.16,4.77e-05,0.00013491,2.31e-05,1.09e-05,0.353679806,0.160926596,86.05063717,5.179664862,6.199256899,0.174532925,1051.889585,4.376146789,5.84025974,157.7834378,CI,SLA,-999.0,619,-0.250161159,-0.245484331,-0.152859738,-0.004676827,CI.SLA,619,-0.250161159,8.788499832,1108.48999,5.750790119,-0.250161158633996,619,717.3314936206154,668.6244117509086,518.2431090533186,550.4462670244435
100269,RSN12714,92,12714, SLA,4.34,35.8373,-117.678,6.864,36.14,482,35.891,-117.2833,23.5,23.73,0.009917468,0.033307446,3.16e-05,5.69e-05,0.297755272,0.161633517,80.21443282,5.179664862,6.096821743,0.13962634,891.5067722,174.2964499,1054.033101,133.7260158,CI,SLA,-999.0,543,-0.119165206,-0.245484331,-0.152859738,0.126319125,CI.SLA,543,-0.119165206,8.788499832,1108.48999,5.750790119,-0.11916520588333501,543,542.9750764378621,567.8250008989825,420.84253159305473,473.77698664326334
100269,RSN9276,92,9276, SLA,5.03,35.3852,-118.6292,7.3,134.2,482,35.891,-117.2833,23.09,23.44,0.006321186,0.012215287,0.000210871,6.66e-05,0.51748161,0.16351578,87.26750223,5.179664862,6.108664217,0.244346095,1447.963855,94.9127027,57.92777101,217.1945783,CI,SLA,-999.0,752,-0.44479221,-0.245484331,-0.152859738,-0.199307879,CI.SLA,752,-0.44479221,8.788499832,1108.48999,5.750790119,-0.44479220989923984,752,807.6620366781422,804.766195696386,608.9113276301457,656.6037630250664
100269,RSN9453,92,9453, SLA,4.73,36.4011,-117.8397,7.419,75.57,482,35.891,-117.2833,23.21,23.49,0.002516828,0.003660453,0.000226299,0.000173652,0.687572747,0.163010499,85.04238775,5.179664862,6.111624155,0.296705973,1817.983471,14.49351577,16.17529463,272.6975207,CI,SLA,-999.0,790,-0.494088831,-0.245484331,-0.152859738,-0.2486045,CI.SLA,790,-0.494088831,8.788499832,1108.48999,5.750790119,-0.4940888314104672,790,709.6874794889244,810.003715415893,565.1297673609513,665.5790883867286
100269,RSN14762,92,14762, SLA,3.84,34.2268,-117.4407,8.593,185.18,482,35.891,-117.2833,26.92,27.04,0.000471448,0.002054696,0.000294765,0.000212983,0.229448877,0.162417577,87.62405761,5.179664862,6.151676073,0.104719755,692.2868413,2.21354756,6.970624056,103.8430262,CI,SLA,-999.0,451,0.066476775,-0.245484331,-0.152859738,0.311961106,CI.SLA,451,0.066476775,8.788499832,1108.48999,5.750790119,0.06647677454792156,451,516.4008879130099,512.6099945161407,394.54757180499394,427.6245323309302
100269,RSN17960,92,17960, SLA,4.04,36.3911,-117.8665,9.439,76.38,482,35.891,-117.2833,12.0,12.19,0.002201332,0.003625159,0.000357612,0.000110371,0.607237318,0.160694873,83.58008168,5.179664862,6.183950287,0.27925268,1679.287667,19.94484058,10.13712907,251.8931501,CI,SLA,-999.0,743,-0.432751931,-0.245484331,-0.152859738,-0.187267599,CI.SLA,743,-0.432751931,8.788499832,1108.48999,5.750790119,-0.432751930667159,743,807.3311979147435,781.5976601645294,587.2400630422667,644.0572769653951
100269,RSN18142,92,18142, SLA,5.19,36.4034,-117.8499,9.418,76.37,482,35.891,-117.2833,12.45,12.77,0.009611885,0.020839968,0.002653098,0.002156286,0.461223588,0.160718744,83.59592441,5.179664862,6.183223963,0.20943951,1332.397253,4.457611374,7.85495598,199.859588,CI,SLA,-999.0,712,-0.390133797,-0.245484331,-0.152859738,-0.144649466,CI.SLA,712,-0.390133797,8.788499832,1108.48999,5.750790119,-0.39013379736137566,712,718.7925213976998,736.6643570512242,533.5913790150327,611.6742332971974
100269,RSN11461,92,11461, SLA,4.73,33.7328,-117.4921,10.018,240.18,482,35.891,-117.2833,24.1,24.23,-8.62e-05,-0.000254889,3.7e-05,1.34e-05,0.338026853,0.161105403,87.83912828,5.179664862,6.202702587,0.157079633,1006.326395,6.432835821,6.888891892,150.9489593,CI,SLA,-999.0,604,-0.225630084,-0.245484331,-0.152859738,0.019854247,CI.SLA,604,-0.225630084,8.788499832,1108.48999,5.750790119,-0.2256300838842149,604,713.3353349572196,676.6362599929847,530.4022722516288,555.9743547835114
100269,RSN10527,92,10527, SLA,4.45,34.1081,-117.3062,14.795,197.8,482,35.891,-117.2833,16.5,16.62,0.000362616,0.001255673,0.000229272,1.79e-05,0.288782456,0.15799644,85.97401014,5.179664862,6.313637877,0.13962634,886.6487601,20.25787709,5.476783035,132.997314,CI,SLA,-999.0,540,-0.113625026,-0.245484331,-0.152859738,0.131859306,CI.SLA,540,-0.113625026,8.788499832,1108.48999,5.750790119,-0.11362502550772025,540,531.9302556881901,574.4463203861258,425.7693973615605,481.2405196301466
100269,RSN16562,92,16562, SLA,3.61,34.2449,-117.4464,12.48,183.22,482,35.891,-117.2833,18.9,19.02,0.000387388,0.000937599,0.00017122,0.000152917,0.413169932,0.159375158,86.39074017,5.179664862,6.262058538,0.191986218,1220.545603,2.533321998,5.475989954,183.0818405,CI,SLA,-999.0,670,-0.329333598,-0.245484331,-0.152859738,-0.083849267,CI.SLA,670,-0.329333598,8.788499832,1108.48999,5.750790119,-0.32933359833441145,670,726.8468246624655,736.3793285972456,549.7697123340171,606.6425974962111
100269,RSN18029,92,18029, SLA,5.0,36.3864,-117.8583,7.408,75.5,482,35.891,-117.2833,11.92,12.05,0.005782364,0.008858811,0.001369205,0.001322844,0.652724687,0.163019762,85.05084119,5.179664862,6.11135504,0.296705973,1751.937956,4.371160923,6.470039914,262.7906934,CI,SLA,-999.0,768,-0.465845619,-0.245484331,-0.152859738,-0.220361288,CI.SLA,768,-0.465845619,8.788499832,1108.48999,5.750790119,-0.4658456190970721,768,683.7470919088368,788.2038432938864,548.826673490072,646.9517527387541
100282,RSN11428,95,11428, PASC,4.73,33.7328,-117.4921,10.018,80.45,714,34.1714,-118.1852,26.2,26.36,-0.000651642,-0.000819784,3.67e-05,2.4e-05,0.794894631,0.1601798,83.48776658,5.179664862,6.202702587,0.331612558,2055.351004,27.15175,22.33743869,308.3026506,CI,PASC,10.46789333,868,-0.195308752,-0.149843307,-0.057218713,-0.045465446,CI.PASC,872,-0.199906462,35.96979904,367.8280029,12.48719978,-0.1999064615693955,872,708.6664553265241,774.1905659893811,717.1771907398701,715.1658282396553
100282,RSN13335,95,13335, PASC,4.2,34.3768,-117.6461,8.934,54.62,714,34.1714,-118.1852,15.68,15.78,-0.000203603,-0.000353343,6.41e-06,5.64e-06,0.576217506,0.160406238,81.48615136,5.179664862,6.165471616,0.261799388,1611.10307,36.0998227,55.12371295,241.6654605,CI,PASC,10.46789333,720,-0.00836825,-0.149843307,-0.057218713,0.141475057,CI.PASC,723,-0.01252626,35.96979904,367.8280029,12.48719978,-0.012526259819180652,723,794.9398144837195,728.9945746538842,735.3311645459135,715.1777388642847
100282,RSN10766,95,10766, PASC,4.66,34.2983,-118.6255,8.038,42.94,714,34.1714,-118.1852,10.25,10.38,0.000218427,0.000248603,5.66e-06,3.98e-06,0.878616494,0.160871717,80.25962207,5.179664862,6.126524324,0.366519143,2195.378311,54.88115578,43.92279152,329.3067467,CI,PASC,10.46789333,913,-0.245852918,-0.149843307,-0.057218713,-0.096009612,CI.PASC,917,-0.25022451,35.96979904,367.8280029,12.48719978,-0.2502245099168805,917,784.5340554721358,839.1481335648712,772.9522792637399,766.8726880310445
100283,RSN16659,96,16659, VCS,3.69,33.735,-117.4936,9.693,101.05,405,34.4836,-118.1178,12.55,12.61,-0.000161951,-0.000313866,8.36e-05,3.8e-05,0.51598735,0.160867472,84.98183826,5.179664862,6.192470162,0.244346095,1468.405416,4.261868421,3.75437799,220.2608124,CI,VCS,3.2625,759,-0.62811471,-0.641257946,-0.548633353,0.013143236,CI.VCS,449,-0.103135821,3.069080114,997.302002,5.126949787,-0.1031358206357158,449,466.61283620806836,453.7128942521768,451.19343717838484,412.39109855450926
100283,RSN13474,96,13474, VCS,3.9,34.4032,-118.651,13.612,49.81,405,34.4836,-118.1178,17.36,17.42,-0.000718206,-0.002608049,0.000494046,0.000272436,0.275380635,0.153963552,75.27829636,5.179664862,6.281821568,0.13962634,870.6389877,2.636237502,5.278959854,130.5958482,CI,VCS,3.2625,532,-0.272756422,-0.641257946,-0.548633353,0.368501524,CI.VCS,532,-0.272756422,3.069080114,997.302002,5.126949787,-0.27275642223510577,532,512.2054789659625,520.5580941692062,514.6412713197357,486.66746782840335
100283,RSN10826,96,10826, VCS,4.66,34.2983,-118.6255,8.038,51.01,405,34.4836,-118.1178,14.89,15.04,-0.001900035,-0.003928195,0.000169831,6.26e-05,0.48369155,0.161566606,81.82635759,5.179664862,6.126524324,0.226892803,1382.875961,30.35199681,23.13002338,207.4313942,CI,VCS,3.2625,729,-0.587786665,-0.641257946,-0.548633353,0.053471281,CI.VCS,432,-0.064538521,3.069080114,997.302002,5.126949787,-0.06453852113757197,432,422.33286216367316,429.8871781164197,413.96787343297774,395.97449308354874
100283,RSN16376,96,16376, VCS,3.74,34.8456,-119.2446,12.927,110.81,405,34.4836,-118.1178,23.02,23.09,-0.000807693,-0.002921681,0.000326183,0.000169995,0.276447973,0.158535851,83.75542356,5.179664862,6.270295551,0.13962634,848.5776549,4.751275038,8.957183544,127.2866482,CI,VCS,3.2625,520,-0.249941744,-0.641257946,-0.548633353,0.391316202,CI.VCS,520,-0.249941744,3.069080114,997.302002,5.126949787,-0.24994174446893425,520,515.0744633800608,509.707188832343,516.3495584880818,476.3866182689567
100283,RSN13100,96,13100, VCS,4.11,34.373,-117.6258,8.33,46.86,405,34.4836,-118.1178,12.82,12.88,0.000502541,0.001070073,4.62e-05,4.42e-05,0.469632671,0.160742458,80.74840664,5.179664862,6.140206558,0.226892803,1356.654305,11.36970588,23.16175325,203.4981458,CI,VCS,3.2625,720,-0.575364145,-0.641257946,-0.548633353,0.065893801,CI.VCS,426,-0.050552279,3.069080114,997.302002,5.126949787,-0.050552279162832114,426,434.3998837415854,430.1098904459207,426.8967460968634,393.43994017397523
100283,RSN11480,96,11480, VCS,4.73,33.7328,-117.4921,10.018,101.33,405,34.4836,-118.1178,25.1,25.28,-0.005262961,-0.005410223,0.000493612,0.000273408,0.972780786,0.160568463,84.84700523,5.179664862,6.202702587,0.383972435,2342.586585,19.24947697,10.96047705,351.3879878,CI,VCS,3.2625,960,-0.863046217,-0.641257946,-0.548633353,-0.221788271,CI.VCS,568,-0.338234352,3.069080114,997.302002,5.126949787,-0.3382343516146129,568,492.5369663823659,509.0047431375081,509.2582067964744,475.72979038937734
100283,RSN16694,96,16694, VCS,3.79,34.0456,-117.2248,15.927,95.52,405,34.4836,-118.1178,42.51,42.62,0.000534506,0.000936513,3.11e-05,2.53e-05,0.5707406,0.15563103,80.97689325,5.179664862,6.345939946,0.261799388,1648.435276,21.12671937,30.1129582,247.2652914,CI,VCS,3.2625,733,-0.593258635,-0.641257946,-0.548633353,0.047999312,CI.VCS,434,-0.069157467,3.069080114,997.302002,5.126949787,-0.06915746699386638,434,458.4956839754061,429.5897994945721,424.5572736941655,391.41351037790525
100283,RSN17202,96,17202, VCS,3.53,33.9634,-117.8198,13.862,63.9,405,34.4836,-118.1178,25.57,25.6,-0.000390343,-0.000568245,0.000244506,0.000171172,0.686926334,0.155773816,78.28013699,5.179664862,6.285731951,0.296705973,1901.185759,2.280413853,2.324053397,285.1778639,CI,VCS,3.2625,818,-0.702975269,-0.641257946,-0.548633353,-0.061717323,CI.VCS,484,-0.17819784,3.069080114,997.302002,5.126949787,-0.1781978396100934,484,438.95017808482623,453.47624228764363,451.2486269588868,417.6322058994287
100283,RSN15015,96,15015, VCS,3.74,34.1651,-117.4332,7.875,72.23,405,34.4836,-118.1178,24.77,24.89,0.001039285,0.001351065,0.000103454,8.2e-05,0.769234125,0.162583796,84.46923609,5.179664862,6.12204057,0.331612558,1982.236365,12.67420732,13.05957237,297.3354548,CI,VCS,3.2625,844,-0.734265427,-0.641257946,-0.548633353,-0.093007481,CI.VCS,500,-0.210721031,3.069080114,997.302002,5.126949787,-0.21072103131565267,500,499.7074861583914,476.69200123503464,493.307439079859,440.3537108165904
100283,RSN17475,96,17475, VCS,3.59,34.0938,-117.4347,3.015,76.32,405,34.4836,-118.1178,14.57,14.63,0.000243717,0.00046361,9.73e-05,2.44e-05,0.52569453,0.168343788,88.44023683,5.179664862,5.93802414,0.244346095,1424.178258,9.988401639,4.764748201,213.6267387,CI,VCS,3.2625,743,-0.606808978,-0.641257946,-0.548633353,0.034448969,CI.VCS,440,-0.08288766,3.069080114,997.302002,5.126949787,-0.08288765980576773,440,444.52416657099445,444.7185948264465,441.29397639614115,404.1070486621864
100283,RSN9423,96,9423, VCS,4.88,34.0655,-117.0011,17.501,112.81,405,34.4836,-118.1178,14.85,14.94,-0.002522158,-0.00406287,0.000826736,0.000756969,0.620782426,0.154941211,81.5444673,5.179664862,6.383907006,0.27925268,1770.39428,3.331917159,4.914349925,265.559142,CI,VCS,3.2625,774,-0.647684806,-0.641257946,-0.548633353,-0.00642686,CI.VCS,458,-0.122982117,3.069080114,997.302002,5.126949787,-0.12298211700764661,458,569.1730357120954,477.1460129411576,491.3352303100261,428.47711478567106
100283,RSN19407,96,19407, VCS,3.43,34.1381,-117.4717,5.767,70.75,405,34.4836,-118.1178,27.82,27.89,0.001218298,0.001668383,0.000403329,0.000244413,0.730227076,0.164684656,86.04788881,5.179664862,6.057771424,0.314159265,1882.866409,4.984587563,4.136531219,282.4299614,CI,VCS,3.2625,812,-0.695613273,-0.641257946,-0.548633353,-0.054355327,CI.VCS,481,-0.171980203,3.069080114,997.302002,5.126949787,-0.17198020299922234,481,478.80288142020044,466.66184139333956,474.894273194262,426.64316086877557
100283,RSN16925,96,16925, VCS,3.6,34.2088,-117.5824,7.536,57.93,405,34.4836,-118.1178,12.38,12.44,0.001165709,0.004187942,7.77e-05,6.04e-05,0.278348806,0.162444804,83.34288324,5.179664862,6.114431914,0.13962634,833.4508817,19.29981788,53.89886744,125.0176323,CI,VCS,3.2625,512,-0.234437558,-0.641257946,-0.548633353,0.406820388,CI.VCS,512,-0.234437558,3.069080114,997.302002,5.126949787,-0.23443755793296894,512,509.1203921452596,522.8633491486993,511.3889877345341,480.8722424663907
100283,RSN14690,96,14690, VCS,3.9,35.3429,-118.5645,9.906,103.7,405,34.4836,-118.1178,21.8,21.86,-0.00023212,-0.000791453,6.69e-05,2.28e-05,0.293282961,0.160698263,85.00994722,5.179664862,6.199256899,0.13962634,884.2792578,10.18070175,11.83038864,132.6418887,CI,VCS,3.2625,539,-0.285828504,-0.641257946,-0.548633353,0.355429442,CI.VCS,539,-0.285828504,3.069080114,997.302002,5.126949787,-0.28582850380245883,539,552.7510496907628,546.0967192078754,539.709804407985,505.88974282839007
100283,RSN17030,96,17030, VCS,3.45,33.6767,-117.9697,9.542,90.54,405,34.4836,-118.1178,38.68,38.74,-0.000193875,-0.000426003,3.98e-05,3.19e-05,0.455103091,0.160877837,84.51768535,5.179664862,6.187463428,0.20943951,1316.337406,6.077586207,10.70359296,197.4506109,CI,VCS,3.2625,706,-0.55572817,-0.641257946,-0.548633353,0.085529776,CI.VCS,418,-0.031594365,3.069080114,997.302002,5.126949787,-0.031594365418217585,418,432.54275948370116,423.8548930823542,420.49007243060913,386.0513966965297
100283,RSN17063,96,17063, VCS,3.43,34.0052,-118.2218,6.093,53.92,405,34.4836,-118.1178,36.05,36.1,-0.000628477,-0.001142728,0.00042226,0.000118676,0.549979461,0.16393104,84.40616027,5.179664862,6.071076522,0.244346095,1515.433827,5.295737976,2.706218917,227.3150741,CI,VCS,3.2625,775,-0.648975962,-0.641257946,-0.548633353,-0.007718016,CI.VCS,459,-0.125163143,3.069080114,997.302002,5.126949787,-0.12516314295400655,459,507.3034640250395,464.21215913754537,463.23961758284395,421.8599201910637
100283,RSN9298,96,9298, VCS,5.03,35.3852,-118.6292,7.3,110.4,405,34.4836,-118.1178,11.17,11.3,-0.002466162,-0.003205276,0.00093129,0.000292899,0.769407023,0.16342916,86.6920893,5.179664862,6.108664217,0.331612558,1972.273656,8.419837555,3.44175928,295.8410484,CI,VCS,3.2625,841,-0.730704593,-0.641257946,-0.548633353,-0.089446647,CI.VCS,498,-0.20671301,3.069080114,997.302002,5.126949787,-0.20671300991811403,498,454.632889814029,451.2813057014087,466.84670351611624,419.2099268187894
100283,RSN15201,96,15201, VCS,3.9,33.867,-117.1038,11.856,115.83,405,34.4836,-118.1178,22.56,22.65,0.000559532,0.000830406,2.68e-05,3.3e-05,0.673804989,0.159292999,84.5602372,5.179664862,6.24946745,0.296705973,1834.077536,16.95551515,30.98529851,275.1116304,CI,VCS,3.2625,795,-0.674455048,-0.641257946,-0.548633353,-0.033197101,CI.VCS,471,-0.150971027,3.069080114,997.302002,5.126949787,-0.15097102690987896,471,432.435223635576,433.2788439832974,447.0883033797778,405.7626776804718
100283,RSN14772,96,14772, VCS,3.84,34.2268,-117.4407,8.593,68.5,405,34.4836,-118.1178,24.2,24.38,0.002998583,0.003432807,0.000221243,0.00010572,0.873507803,0.161523385,83.53434934,5.179664862,6.151676073,0.366519143,2178.86111,28.36344117,15.51600277,326.8291665,CI,VCS,3.2625,908,-0.807357311,-0.641257946,-0.548633353,-0.166099365,CI.VCS,538,-0.283971493,3.069080114,997.302002,5.126949787,-0.2839714930552457,538,538.1147974964617,510.1256993402811,530.7988044499283,473.8205928386513
100283,RSN9813,96,9813, VCS,4.69,35.0172,-119.0247,9.251,101.98,405,34.4836,-118.1178,5.45,5.56,-0.000590406,-0.001112231,0.000239823,0.000128011,0.530830538,0.161334187,85.28320968,5.179664862,6.177322679,0.244346095,1497.54783,4.612150518,4.637716149,224.6321745,CI,VCS,3.2625,769,-0.641203902,-0.641257946,-0.548633353,5.4e-05,CI.VCS,455,-0.116410352,3.069080114,997.302002,5.126949787,-0.11641035184441151,455,460.819470380864,451.71888663272097,437.21743876581303,414.75244659449356
100283,RSN13743,96,13743, VCS,3.97,33.9535,-117.7457,11.873,68.07,405,34.4836,-118.1178,11.0,11.04,-0.001115999,-0.001875493,0.000404781,0.000156195,0.595042787,0.157876335,80.64498236,5.179664862,6.249828919,0.261799388,1677.363038,7.144908608,4.633352356,251.6044557,CI,VCS,3.2625,743,-0.606808978,-0.641257946,-0.548633353,0.034448969,CI.VCS,440,-0.08288766,3.069080114,997.302002,5.126949787,-0.08288765980576773,440,451.34483710563217,427.034877516664,429.56342975776914,393.8439364754209
100283,RSN11240,96,11240, VCS,4.42,34.0665,-118.8938,12.827,85.13,405,34.4836,-118.1178,23.6,23.69,-0.001365393,-0.00274755,0.000179573,0.000129903,0.496949491,0.157969562,81.98557282,5.179664862,6.268505043,0.226892803,1445.871752,10.5108658,15.30046276,216.8807628,CI,VCS,3.2625,751,-0.617518585,-0.641257946,-0.548633353,0.023739362,CI.VCS,445,-0.094187215,3.069080114,997.302002,5.126949787,-0.0941872150597014,445,432.54765990524595,433.2758096770035,417.54226935405643,398.6443897648187
100283,RSN17598,96,17598, VCS,3.4,34.0733,-118.867,10.648,82.65,405,34.4836,-118.1178,22.0,22.05,-0.000157246,-0.000410911,0.00012882,7.78e-05,0.382677206,0.159626399,83.20743846,5.179664862,6.220655727,0.174532925,1136.972818,2.021156812,3.189807483,170.5459227,CI,VCS,3.2625,642,-0.460701237,-0.641257946,-0.548633353,0.18055671,CI.VCS,380,0.063715814,3.069080114,997.302002,5.126949787,0.06371581438610718,380,357.1519567526284,378.858523490373,361.2186742657873,350.0709884062966
100283,RSN9116,96,9116, VCS,5.2,33.5328,-116.5697,15.48,177.69,405,34.4836,-118.1178,16.6,16.68,-0.008388168,-0.015385115,0.002219817,0.002725344,0.545213228,0.15735272,85.29671274,5.179664862,6.333749326,0.244346095,1568.084483,3.077838247,6.930803305,235.2126725,CI,VCS,3.2625,747,-0.612178118,-0.641257946,-0.548633353,0.029079828,CI.VCS,442,-0.087422815,3.069080114,997.302002,5.126949787,-0.08742281497115911,442,482.0358605260962,437.80970806445504,453.8242510198554,407.0268921519193
100283,RSN17886,96,17886, VCS,3.14,33.909,-118.1836,6.769,64.02,405,34.4836,-118.1178,14.28,14.35,-0.000106131,-0.000139928,1.85e-05,1.59e-05,0.758468672,0.163389755,84.68402677,5.179664862,6.094010642,0.331612558,1954.233528,6.67490566,7.563675676,293.1350292,CI,VCS,3.2625,835,-0.723544658,-0.641257946,-0.548633353,-0.082286711,CI.VCS,494,-0.19864845,3.069080114,997.302002,5.126949787,-0.1986484500813841,494,468.45786861431964,474.5519974345464,477.24821684870415,433.8815152244895
100283,RSN12799,96,12799, VCS,4.26,33.9538,-116.3912,7.696,169.61,405,34.4836,-118.1178,24.02,24.43,0.000929802,0.000989246,4.17e-05,2.44e-05,0.939909425,0.16331932,87.71756204,5.179664862,6.118116656,0.383972435,2258.791437,38.10663934,23.72292566,338.8187156,CI,VCS,3.2625,934,-0.835589371,-0.641257946,-0.548633353,-0.194331425,CI.VCS,553,-0.311470934,3.069080114,997.302002,5.126949787,-0.3114709344157962,553,618.4171959872385,553.5836222315864,605.455768574216,508.7663339792587
100283,RSN16568,96,16568, VCS,3.61,34.2449,-117.4464,12.48,67.2,405,34.4836,-118.1178,14.91,14.97,0.000527982,0.000877416,0.000126388,6.92e-05,0.601746998,0.157329633,80.13272762,5.179664862,6.262058538,0.27925268,1703.605592,7.629797688,6.942241352,255.5408388,CI,VCS,3.2625,751,-0.617518585,-0.641257946,-0.548633353,0.023739362,CI.VCS,445,-0.094187215,3.069080114,997.302002,5.126949787,-0.0941872150597014,445,458.27272725589154,433.96587768579,434.90827167213484,398.9027445120847
100283,RSN14572,96,14572, VCS,3.78,34.0294,-116.7534,14.93,135.39,405,34.4836,-118.1178,17.75,17.84,0.000480007,0.000662182,0.000115056,9.55e-05,0.72488742,0.157435867,84.06512194,5.179664862,6.317747533,0.314159265,1959.771576,5.026251309,5.755301766,293.9657364,CI,VCS,3.2625,837,-0.725937003,-0.641257946,-0.548633353,-0.084679057,CI.VCS,496,-0.20268886,3.069080114,997.302002,5.126949787,-0.20268885961838912,496,463.4051288491776,463.4717512309671,484.8610380636972,430.7408311074068
100283,RSN11338,96,11338, VCS,4.78,34.1228,-116.9226,5.969,117.08,405,34.4836,-118.1178,17.1,17.17,0.00049317,0.000649347,0.00028941,0.000139726,0.759486582,0.164693778,87.52586307,5.179664862,6.066214653,0.331612558,1940.479682,3.529550692,2.24369234,291.0719523,CI,VCS,3.2625,831,-0.718742728,-0.641257946,-0.548633353,-0.077484781,CI.VCS,492,-0.194591649,3.069080114,997.302002,5.126949787,-0.19459164938576912,492,444.9712597268055,445.7165755954314,455.2348595200148,413.7368558602917
100283,RSN17442,96,17442, VCS,3.73,35.2675,-117.3498,7.92,111.77,405,34.4836,-118.1178,32.01,32.1,-0.000235325,-0.000342712,0.000103594,4.72e-05,0.686655886,0.16299653,86.40031824,5.179664862,6.122995859,0.296705973,1816.438365,4.985699153,3.308222484,272.4657548,CI,VCS,3.2625,789,-0.666879254,-0.641257946,-0.548633353,-0.025621307,CI.VCS,467,-0.142442191,3.069080114,997.302002,5.126949787,-0.14244219056235874,467,484.4058543613834,449.1183948044196,477.48649645081485,414.714711778937
100283,RSN8872,96,8872, VCS,5.39,33.9465,-117.7667,14.89,67.8,405,34.4836,-118.1178,21.19,21.49,-0.128392663,-0.146842207,0.009533862,0.003256057,0.87435803,0.154920939,78.11527963,5.179664862,6.31653763,0.366519143,2273.052673,39.43194576,15.40217459,340.957901,CI,VCS,3.2625,938,-0.839862882,-0.641257946,-0.548633353,-0.198604936,CI.VCS,555,-0.315081047,3.069080114,997.302002,5.126949787,-0.31508104663989567,555,469.3225471113439,487.03814192873796,470.8460059924947,455.09714449791585
100283,RSN11866,96,11866, VCS,4.26,34.2844,-118.4129,8.031,35.0,405,34.4836,-118.1178,30.81,30.93,-0.01540967,-0.023253145,0.000142132,7.33e-05,0.662691846,0.159650341,77.9723716,5.179664862,6.126183158,0.296705973,1808.452725,210.2274216,163.6024611,271.2679088,CI,VCS,3.2625,787,-0.664341181,-0.641257946,-0.548633353,-0.023083235,CI.VCS,466,-0.140298567,3.069080114,997.302002,5.126949787,-0.1402985670191068,466,417.2347975853488,430.4607831113222,445.750490627949,403.08651842908006
100283,RSN17702,96,17702, VCS,3.59,34.3463,-118.5806,6.999,45.19,405,34.4836,-118.1178,13.33,13.44,0.00152744,0.003378306,4.57e-05,2.72e-05,0.452132064,0.16234421,82.05783521,5.179664862,6.100667506,0.20943951,1297.322865,56.15588235,73.92354486,194.5984298,CI,VCS,3.2625,699,-0.545763675,-0.641257946,-0.548633353,0.095494271,CI.VCS,414,-0.021978907,3.069080114,997.302002,5.126949787,-0.02197890671877545,414,426.0780180229663,419.3233190784373,414.9466213036683,382.61485415207096
100283,RSN15313,96,15313, VCS,3.86,34.1976,-117.3882,14.177,74.25,405,34.4836,-118.1178,24.9,25.14,0.00493389,0.009191597,2.24e-05,2.39e-05,0.536782744,0.156359009,79.76789982,5.179664862,6.293825021,0.244346095,1558.857104,206.4389121,410.3391518,233.8285656,CI,VCS,3.2625,756,-0.624154309,-0.641257946,-0.548633353,0.017103637,CI.VCS,448,-0.100906165,3.069080114,997.302002,5.126949787,-0.1009061653084462,448,442.3838197863593,434.99335899710667,435.1759691414028,401.5919764975595
100283,RSN13308,96,13308, VCS,4.19,34.3571,-116.8418,9.486,118.14,405,34.4836,-118.1178,18.8,18.93,0.000921004,0.001102858,0.000196329,5.6e-05,0.835106942,0.161235894,85.81597061,5.179664862,6.185563454,0.34906585,2114.959789,16.4465,5.617397328,317.2439684,CI,VCS,3.2625,888,-0.785084676,-0.641257946,-0.548633353,-0.14382673,CI.VCS,526,-0.261414146,3.069080114,997.302002,5.126949787,-0.2614141456311714,526,538.3836896766994,498.02364026847255,533.0867724025444,462.08434602036147
100283,RSN10152,96,10152, VCS,4.18,34.3617,-118.6637,11.151,51.97,405,34.4836,-118.1178,10.0,10.08,-0.001865442,-0.002511342,0.000667955,0.000197972,0.742806776,0.157217419,78.52378644,5.179664862,6.233452986,0.314159265,1995.142217,9.422756753,3.759747288,299.2713326,CI,VCS,3.2625,849,-0.740172119,-0.641257946,-0.548633353,-0.098914173,CI.VCS,503,-0.216703103,3.069080114,997.302002,5.126949787,-0.2167031029932005,503,449.56210959998236,462.35947843284174,469.34899890809004,432.8037036467782
100283,RSN11760,96,11760, VCS,4.5,34.3365,-116.8617,8.94,116.63,405,34.4836,-118.1178,15.6,15.72,0.002890974,0.002976613,0.001064492,0.000562773,0.971229194,0.161802276,86.0503681,5.179664862,6.165704274,0.383972435,2322.649155,5.137016168,2.796275594,348.3973733,CI,VCS,3.2625,954,-0.856776604,-0.641257946,-0.548633353,-0.215518658,CI.VCS,565,-0.332938664,3.069080114,997.302002,5.126949787,-0.3329386640399026,565,490.4726917323692,505.6891606549715,518.2614777059993,474.074068400232
100283,RSN13908,96,13908, VCS,4.17,34.3277,-116.829,4.957,119.75,405,34.4836,-118.1178,20.3,20.44,0.001164926,0.001458979,2.31e-05,2.7e-05,0.798453146,0.166140771,88.07936887,5.179664862,6.015610792,0.331612558,1987.305149,43.14540741,63.15926407,298.0957724,CI,VCS,3.2625,846,-0.736632292,-0.641257946,-0.548633353,-0.095374346,CI.VCS,501,-0.212719034,3.069080114,997.302002,5.126949787,-0.2127190339783258,501,526.2575377703922,474.7668002386758,506.6757650327067,440.12216227414655
100283,RSN13351,96,13351, VCS,4.2,34.3768,-117.6461,8.934,44.95,405,34.4836,-118.1178,13.19,13.25,0.002401683,0.003374533,0.001301179,0.00069505,0.711708241,0.159501244,79.5458399,5.179664862,6.165471616,0.314159265,1910.287912,3.455410402,2.593442562,286.5431868,CI,VCS,3.2625,821,-0.706636042,-0.641257946,-0.548633353,-0.065378096,CI.VCS,486,-0.182321557,3.069080114,997.302002,5.126949787,-0.1823215567939549,486,444.55061743306516,447.83024892132903,462.17526016512016,419.27034098216535
100283,RSN14174,96,14174, VCS,3.81,33.8204,-117.7145,10.077,82.43,405,34.4836,-118.1178,14.98,15.1,-0.00087741,-0.001127431,7.3e-05,9.15e-05,0.778238196,0.160171167,83.60601175,5.179664862,6.204485033,0.331612558,2027.462303,9.589180328,15.44426027,304.1193455,CI,VCS,3.2625,859,-0.751881855,-0.641257946,-0.548633353,-0.110623909,CI.VCS,509,-0.228560949,3.069080114,997.302002,5.126949787,-0.22856094944398375,509,458.5273031335097,472.52957009212673,483.37275734549894,438.9055192427393
100283,RSN17828,96,17828, VCS,3.25,33.9806,-118.6693,13.117,75.46,405,34.4836,-118.1178,13.88,13.96,-0.000154363,-0.000252032,0.000110395,7.16e-05,0.612476543,0.157302794,80.70072745,5.179664862,6.273618806,0.27925268,1726.504665,2.155907821,2.283001948,258.9756998,CI,VCS,3.2625,759,-0.62811471,-0.641257946,-0.548633353,0.013143236,CI.VCS,449,-0.103135821,3.069080114,997.302002,5.126949787,-0.1031358206357158,449,441.0582405655939,438.1402247098175,429.7534141269367,402.0930509693979
100283,RSN15451,96,15451, VCS,3.99,34.0514,-117.2429,14.998,93.76,405,34.4836,-118.1178,25.07,25.19,0.000633122,0.00089504,4.1e-05,4.75e-05,0.707367668,0.156432746,81.34867558,5.179664862,6.319789549,0.314159265,1939.579566,13.32888421,21.8302439,290.9369349,CI,VCS,3.2625,830,-0.717538634,-0.641257946,-0.548633353,-0.076280687,CI.VCS,491,-0.192557061,3.069080114,997.302002,5.126949787,-0.19255706068798162,491,449.27731649001987,450.49445806224503,457.3848267179821,422.1547020318567
100283,RSN10307,96,10307, VCS,4.34,35.0174,-119.1492,9.557,111.47,405,34.4836,-118.1178,13.18,13.29,-0.000162826,-0.000298789,4.98e-05,6.2e-05,0.544953694,0.161117171,85.55186731,5.179664862,6.187968323,0.244346095,1530.875867,2.626225806,5.999779116,229.6313801,CI,VCS,3.2625,780,-0.655406853,-0.641257946,-0.548633353,-0.014148906,CI.VCS,462,-0.131677824,3.069080114,997.302002,5.126949787,-0.1316778239751999,462,515.2395183858207,465.27470896255227,480.96751595236896,424.3311526329249
100286,RSN9974,97,9974, SCZ2,4.59,34.9977,-119.1926,10.662,118.38,313,33.9954,-119.6351,9.8,10.05,0.002134143,0.010966234,0.001193991,0.000113677,0.194610392,0.160199781,85.27915803,5.179664862,6.221029194,0.104719755,599.4789941,18.77374491,9.184519816,89.92184912,CI,SCZ2,1.0,415,-0.28207533,-0.249759413,-0.157134819,-0.032315917,CI.SCZ2,415,-0.28207533,11.46700001,402.6470032,9.571990013,-0.28207532969054494,415,435.3923385911045,395.9305124901397,426.0951950259446,440.8916318720705
100286,RSN11221,97,11221, SCZ2,4.42,34.0665,-118.8938,12.827,68.91,313,33.9954,-119.6351,19.11,19.28,0.000868215,0.00334661,8.2e-05,0.000220534,0.259431162,0.157098833,79.98914195,5.179664862,6.268505043,0.122173048,805.2677575,3.936875947,40.81231707,120.7901636,CI,SCZ2,1.0,501,-0.470402911,-0.249759413,-0.157134819,-0.220643498,CI.SCZ2,501,-0.470402911,11.46700001,402.6470032,9.571990013,-0.4704029105447116,501,465.33757756686464,464.89877583613406,476.7242114737145,485.482825235945
100286,RSN15075,97,15075, SCZ2,3.52,34.2871,-119.6948,5.225,32.82,313,33.9954,-119.6351,16.82,16.92,-0.002988509,-0.024216172,0.000167968,0.000202996,0.123409634,0.164283492,82.23895791,5.179664862,6.0312809,0.06981317,373.6788794,14.7220093,144.1713422,56.05183191,CI,SCZ2,1.0,312,0.003200003,-0.249759413,-0.157134819,0.252959415,CI.SCZ2,312,0.003200003,11.46700001,402.6470032,9.571990013,0.003200002730670448,312,351.73278293110866,339.1102943370002,381.6750180227459,396.5517724226731
100287,RSN13780,98,13780, GMR,4.06,34.1614,-116.9872,11.361,140.17,943,34.7846,-115.6599,13.5,13.56,0.000145265,0.000172714,2.22e-05,4.15e-05,0.841072078,0.159852956,85.7370808,5.179664862,6.238442335,0.34906585,2142.710906,3.500361446,7.77990991,321.4066359,CI,GMR,-999.0,896,0.05112587,-0.000513132,0.092111461,0.051639002,CI.GMR,896,0.05112587,4.426280022,1349.630005,11.59070015,0.05112586965852728,896,815.1626391350939,977.2515010834195,849.7463074742739,992.5816019660108
100287,RSN17425,98,17425, GMR,3.73,35.2675,-117.3498,7.92,163.26,943,34.7846,-115.6599,40.55,40.62,-0.000943654,-0.000752082,0.000154472,0.000205908,1.254722654,0.163169948,87.55403761,5.179664862,6.122995859,0.453785606,2662.731954,4.582891388,4.868727018,399.4097931,CI,GMR,-999.0,1060,-0.116957904,-0.000513132,0.092111461,-0.116444772,CI.GMR,1060,-0.116957904,4.426280022,1349.630005,11.59070015,-0.1169579044726552,1060,1010.8172214122604,1193.578215560539,1129.0122449343503,1219.0149754450429
100287,RSN11384,98,11384, GMR,4.73,33.7328,-117.4921,10.018,205.16,943,34.7846,-115.6599,24.64,24.81,0.000172981,0.000216847,3.29e-05,1.94e-05,0.797708779,0.161061201,87.45638497,5.179664862,6.202702587,0.331612558,2048.753567,8.916546392,6.591094225,307.3130351,CI,GMR,-999.0,866,0.085181374,-0.000513132,0.092111461,0.085694506,CI.GMR,866,0.085181374,4.426280022,1349.630005,11.59070015,0.08518137407102255,866,1015.6695866598814,996.1646689279763,981.3860135389583,984.1264567248802
100287,RSN12688,98,12688, GMR,4.34,35.8373,-117.678,6.864,217.54,943,34.7846,-115.6599,21.98,22.08,0.000390767,0.000381548,1.33e-05,2.26e-05,1.024162415,0.163959475,88.44490766,5.179664862,6.096821743,0.401425728,2369.082581,17.29057522,28.68781955,355.3623872,CI,GMR,-999.0,968,-0.026165805,-0.000513132,0.092111461,-0.025652672,CI.GMR,968,-0.026165805,4.426280022,1349.630005,11.59070015,-0.026165804643119017,968,1097.4025636996698,1107.0094480853816,1057.9765316017774,1111.4582750287118
100287,RSN17497,98,17497, GMR,3.62,33.9521,-116.3635,9.067,112.77,943,34.7846,-115.6599,24.13,24.18,-0.000140007,-0.000149781,4.08e-05,1.03e-05,0.934746355,0.161633772,85.84329846,5.179664862,6.170551665,0.383972435,2275.152183,13.59291262,3.671102941,341.2728275,CI,GMR,-999.0,939,0.004250803,-0.000513132,0.092111461,0.004763936,CI.GMR,939,0.004250803,4.426280022,1349.630005,11.59070015,0.0042508034251946825,939,935.6549500201054,1051.418358354178,920.1599171154999,1052.2000085884308
100308,RSN16958,101,16958, NBS,3.63,34.1242,-116.405,9.555,74.14,419,34.7804,-116.558,11.64,11.7,-0.001356016,-0.004590025,0.000258543,0.000277677,0.295426698,0.160476845,83.22391652,5.179664862,6.187901101,0.13962634,891.4643936,4.883429308,17.7534298,133.719659,CI,NBS,-999.0,543,-0.2592384,-0.253287419,-0.160662826,-0.005950981,CI.NBS,543,-0.2592384,8.788499832,585.848999,3.908220053,-0.25923840001179776,543,589.6966989374056,482.45224707598464,524.1172286808179,482.9228413897758
100308,RSN18223,101,18223, NBS,4.36,36.3932,-117.8644,8.798,214.57,419,34.7804,-116.558,10.28,10.34,-0.000140222,-0.000509459,0.000120113,5.5e-05,0.275237474,0.162226165,87.90331909,5.179664862,6.160106881,0.13962634,825.8952311,2.549490909,4.24149759,123.8842847,CI,NBS,-999.0,509,-0.194577097,-0.253287419,-0.160662826,0.058710323,CI.NBS,509,-0.194577097,8.788499832,585.848999,3.908220053,-0.19457709662838507,509,617.3862529608441,471.803498316497,572.721054487981,477.37965880141184
100308,RSN15639,101,15639, NBS,3.87,33.7513,-116.0218,8.756,124.38,419,34.7804,-116.558,25.52,25.61,0.00055358,0.001424001,0.000249047,0.00017494,0.388749519,0.162057604,86.39188226,5.179664862,6.158414042,0.191986218,1138.656358,3.164399223,5.717800255,170.7984537,CI,NBS,-999.0,642,-0.426717384,-0.253287419,-0.160662826,-0.173429964,CI.NBS,642,-0.426717384,8.788499832,585.848999,3.908220053,-0.42671738376782375,642,728.7840878795408,575.1832580213301,637.1819164259872,571.0042321267201
100308,RSN14412,101,14412, NBS,4.14,34.8632,-116.3444,6.474,21.59,419,34.7804,-116.558,17.43,17.5,-0.002789625,-0.020464754,0.001676755,0.000430823,0.13631364,0.158517056,74.6930194,5.179664862,6.084678138,0.06981317,427.0645604,6.475106946,12.20497568,64.05968406,CI,NBS,-999.0,340,0.208925302,-0.253287419,-0.160662826,0.462212722,CI.NBS,340,0.208925302,8.788499832,585.848999,3.908220053,0.20892530231192996,340,354.6568703859882,341.9953319430436,362.67778094070127,362.9325535876992
100308,RSN13266,101,13266, NBS,4.19,34.3571,-116.8418,9.486,53.7,419,34.7804,-116.558,14.12,14.18,-0.008585723,-0.027537312,0.000207936,0.000227537,0.31178508,0.159556093,80.73147218,5.179664862,6.185563454,0.157079633,944.3048839,37.73330491,132.4316713,141.6457326,CI,NBS,-999.0,571,-0.30951829,-0.253287419,-0.160662826,-0.05623087,CI.NBS,571,-0.30951829,8.788499832,585.848999,3.908220053,-0.3095182897338731,571,551.2909357160695,488.43200412783483,534.4904688719274,494.81380930729256
100308,RSN10483,101,10483, NBS,4.45,34.1081,-117.3062,14.795,101.44,419,34.7804,-116.558,14.35,14.49,-0.004347988,-0.009551461,0.000427798,0.000655021,0.455217039,0.156901394,82.14562034,5.179664862,6.313637877,0.20943951,1349.980397,6.637936799,22.32703519,202.4970596,CI,NBS,-999.0,718,-0.538598649,-0.253287419,-0.160662826,-0.28531123,CI.NBS,718,-0.538598649,8.788499832,585.848999,3.908220053,-0.5385986491260866,718,696.6236537777663,600.1314687211583,637.4710772206004,610.596461794504
100356,RSN11955,110,11955, PHL,4.27,34.3874,-119.4398,6.219,151.75,384,35.4077,-120.5456,14.3125,14.5375,0.000222028,0.00022696,6.41e-06,6.25e-06,0.978272522,0.164488183,88.00729269,5.179664862,6.075787581,0.383972435,2293.955276,35.52448,35.40717629,344.0932914,CI,PHL,4.276666667,945,-0.900542375,-0.918401194,-0.8257766,0.017858819,CI.PHL,633,-0.49982787,3.069080114,387.6669922,3.995280027,-0.49982786955644887,633,594.0956128662397,493.5647841990959,617.1559792463099,515.2274081322197
100356,RSN10773,110,10773, PHL,4.66,34.2983,-118.6255,8.038,214.43,384,35.4077,-120.5456,17.0,17.2,0.00034967,0.000451155,0.00011968,9.52e-05,0.775055494,0.163135654,88.10750686,5.179664862,6.126524324,0.331612558,1985.30443,3.673004202,3.769677473,297.7956645,CI,PHL,4.276666667,845,-0.788694075,-0.918401194,-0.8257766,0.129707119,CI.PHL,566,-0.387951526,3.069080114,387.6669922,3.995280027,-0.3879515256154562,566,638.5389146204426,479.6649585339426,588.5231385797422,479.8931911806921
100356,RSN14666,110,14666, PHL,3.9,35.3429,-118.5645,9.906,180.16,384,35.4077,-120.5456,23.0625,23.1875,9.68e-05,6.88e-05,2.02e-05,1.74e-05,1.407610254,0.161108126,87.13566827,5.179664862,6.199256899,0.471238898,2844.115456,5.563218391,3.405940594,426.6173184,CI,PHL,4.276666667,1115,-1.065967131,-0.918401194,-0.8257766,-0.147565938,CI.PHL,746,-0.664083048,3.069080114,387.6669922,3.995280027,-0.6640830476160335,746,685.5836554050031,614.9089809683977,710.6513709538903,636.8835883613739
100361,RSN18456,111,18456, PAGB,3.45,35.8887,-120.4353,8.049,24.25,473,35.7307,-120.2499,22.26,22.3,-0.000262621,-0.001389691,0.000232588,4.07e-05,0.18897784,0.156046264,72.96083648,5.179664862,6.12705915,0.087266463,597.2716177,6.452604423,5.974904122,89.59074266,NC,PAGB,8.69501,414,0.133229415,0.049513515,0.142138109,0.083715899,NC.PAGB,414,0.133229415,20.99570084,479.0830078,7.364409924,0.13322941466661842,414,397.72915318479875,332.13918536394954,354.7665416340574,328.2665393635848
100361,RSN15078,111,15078, PAGB,3.56,36.0672,-120.1861,14.523,37.78,473,35.7307,-120.2499,19.94,20.02,-0.000725389,-0.00309905,0.000163876,6.91e-05,0.234068068,0.148471652,69.41186891,5.179664862,6.305125515,0.122173048,773.2433987,10.49767004,18.91094486,115.9865098,NC,PAGB,8.69501,487,-0.029168735,0.049513515,0.142138109,-0.07868225,NC.PAGB,487,-0.029168735,20.99570084,479.0830078,7.364409924,-0.029168734590657053,487,480.30037516221176,384.24029130836544,382.99024596741987,356.41610930732156
100361,RSN20286,111,20286, PAGB,3.9,37.5893,-118.8176,11.872,242.77,473,35.7307,-120.2499,4.8,5.01,9.04e-05,0.000304608,2.32e-05,4.85e-06,0.296729013,0.159842359,87.41702215,5.179664862,6.249807686,0.13962634,898.636287,18.63917526,13.12965517,134.7954431,NC,PAGB,8.69501,546,-0.143523587,0.049513515,0.142138109,-0.193037103,NC.PAGB,546,-0.143523587,20.99570084,479.0830078,7.364409924,-0.14352358725297254,546,553.766124397274,449.8514370693369,477.36083171733674,414.83381256503714
100361,RSN12065,111,12065, PAGB,4.05,35.7241,-121.0951,7.275,76.47,473,35.7307,-120.2499,22.2,22.4,-0.000168669,-0.001025433,2.73e-05,7.06e-06,0.164485386,0.163148914,85.21739195,5.179664862,6.108028485,0.087266463,499.3055931,23.8907932,37.56164835,74.89583897,NC,PAGB,8.69501,373,0.237516969,0.049513515,0.142138109,0.188003453,NC.PAGB,373,0.237516969,20.99570084,479.0830078,7.364409924,0.23751696884811668,373,372.78142412010493,306.6930524602725,348.0519126983949,311.0950208146381
100373,RSN10297,112,10297, SYP,4.34,35.0174,-119.1492,9.557,93.33,440,34.5278,-119.9783,9.7,9.9,0.000478394,0.001784917,9.51e-05,0.000106933,0.268020252,0.160909413,84.68615792,5.179664862,6.187968323,0.13962634,812.2795705,4.473773297,18.76884332,121.8419356,CI,SYP,1.21579,504,-0.135801541,-0.059099244,0.03352535,-0.076702297,CI.SYP,504,-0.135801541,43.68880081,1185.349976,12.22700024,-0.1358015411590623,504,497.3598226405945,400.410272350288,520.4851799934828,426.8725658590443
100373,RSN16372,112,16372, SYP,3.74,34.8456,-119.2446,12.927,75.92,440,34.5278,-119.9783,20.43,20.53,0.000141954,0.001731389,9.37e-05,3.61e-05,0.08198845,0.157450139,80.8440553,5.179664862,6.270295551,0.034906585,259.6510769,3.932243767,18.47800427,38.94766154,CI,SYP,1.21579,244,0.589606502,-0.059099244,0.03352535,0.648705745,CI.SYP,244,0.589606502,43.68880081,1185.349976,12.22700024,0.5896065016191043,244,322.5113064984197,292.66069244197826,383.81353108278813,337.030861212936
100373,RSN11235,112,11235, SYP,4.42,34.0665,-118.8938,12.827,112.19,440,34.5278,-119.9783,21.87,22.1,0.000236219,0.001066606,2.43e-05,5.71e-05,0.221467594,0.158629764,83.91810675,5.179664862,6.268505043,0.104719755,685.3188279,4.136935201,43.89325103,102.7978242,CI,SYP,1.21579,448,-0.018018506,-0.059099244,0.03352535,0.041080738,CI.SYP,448,-0.018018506,43.68880081,1185.349976,12.22700024,-0.018018505502678472,448,430.37767407235015,355.19905921921975,463.32212921379426,391.5697468649978
100373,RSN8866,112,8866, SYP,5.39,33.9465,-117.7667,14.89,213.71,440,34.5278,-119.9783,17.24,17.64,0.006702995,0.01507775,0.000797044,0.000113599,0.444562026,0.15797587,86.25140316,5.179664862,6.31653763,0.20943951,1314.440197,59.00575709,18.91708613,197.1660296,CI,SYP,1.21579,705,-0.471423076,-0.059099244,0.03352535,-0.412323832,CI.SYP,267,0.499526069,43.68880081,1185.349976,12.22700024,0.49952606851205683,267,298.2555044978996,223.2166883918222,303.7875976649586,231.62305670356648
100373,RSN10543,112,10543, SYP,4.45,34.1081,-117.3062,14.795,250.31,440,34.5278,-119.9783,16.5,16.64,0.000219478,0.000889897,0.000117478,4.2e-05,0.246633256,0.158144777,86.82896345,5.179664862,6.313637877,0.122173048,762.7633025,5.225666667,7.575009789,114.4144954,CI,SYP,1.21579,483,-0.093241927,-0.059099244,0.03352535,-0.034142683,CI.SYP,483,-0.093241927,43.68880081,1185.349976,12.22700024,-0.09324192674026577,483,490.8280380135183,394.1492749431413,554.4239410321028,426.35385937903976
100373,RSN14196,112,14196, SYP,3.69,34.7697,-120.4993,10.11,54.78,440,34.5278,-119.9783,19.69,19.93,0.001396053,0.008147169,6.12e-05,0.00016428,0.171354344,0.158819006,80.24691879,5.179664862,6.205472367,0.087266463,533.7424335,8.498009496,133.1236765,80.06136503,CI,SYP,1.21579,389,0.123195383,-0.059099244,0.03352535,0.182294627,CI.SYP,389,0.123195383,43.68880081,1185.349976,12.22700024,0.1231953832938606,389,375.73465055532756,322.74642164116125,410.7378254060196,375.34763819024073
100373,RSN13465,112,13465, SYP,3.9,34.4032,-118.651,13.612,122.73,440,34.5278,-119.9783,18.59,18.75,0.000125381,0.000650996,2.23e-05,3.17e-05,0.192598654,0.158331745,84.04946756,5.179664862,6.281821568,0.087266463,599.5328547,3.955236593,29.19264574,89.92992821,CI,SYP,1.21579,415,0.058496207,-0.059099244,0.03352535,0.11759545,CI.SYP,415,0.058496207,43.68880081,1185.349976,12.22700024,0.0584962066816086,415,407.7761898995394,331.29575508242345,431.23388812295167,385.71724233957843
100373,RSN10145,112,10145, SYP,4.18,34.3617,-118.6637,11.151,122.21,440,34.5278,-119.9783,8.2,8.41,0.000390803,0.001766113,8.95e-05,9.78e-05,0.221278365,0.159863159,85.20453932,5.179664862,6.233452986,0.104719755,679.4771368,3.995940695,19.73310615,101.9215705,CI,SYP,1.21579,445,-0.011299555,-0.059099244,0.03352535,0.047799689,CI.SYP,445,-0.011299555,43.68880081,1185.349976,12.22700024,-0.011299555253933669,445,423.4645063965853,346.3557358152359,458.13721247400883,387.5260268548318
100373,RSN17972,112,17972, SYP,4.04,36.3911,-117.8665,9.439,281.93,440,34.5278,-119.9783,14.9,15.08,0.000165468,0.000754832,0.000115223,7.72e-05,0.219212338,0.161635536,88.27366872,5.179664862,6.183950287,0.104719755,666.0374351,2.143367876,6.551053175,99.90561527,CI,SYP,1.21579,438,0.004555817,-0.059099244,0.03352535,0.06365506,CI.SYP,438,0.004555817,43.68880081,1185.349976,12.22700024,0.004555816535860124,438,525.0269804529596,368.43094792521174,541.7379955296963,404.9217523953251
100373,RSN8431,112,8431, SYP,4.92,34.31,-116.848,6.3,288.15,440,34.5277,-119.9783,5.62,5.8,0.000129481,0.000728148,0.000107354,2.01e-05,0.177822717,0.164480578,88.93834658,5.179664862,6.078701489,0.087266463,534.243402,6.441840796,6.782681595,80.1365103,CI,SYP,1.21579,389,0.123195383,-0.059099244,0.03352535,0.182294627,CI.SYP,389,0.123195383,43.68880081,1185.349976,12.22700024,0.1231953832938606,389,511.5262050487661,335.26330709803284,491.7980548868156,381.50727244875657
100373,RSN11987,112,11987, SYP,4.27,34.3874,-119.4398,6.219,51.87,440,34.5278,-119.9783,13.9,13.98,-8.98e-05,-0.000477198,0.000148165,3.26e-05,0.188086815,0.16369837,84.04104532,5.179664862,6.075787581,0.087266463,566.7586481,2.754601227,3.220720143,85.01379722,CI,SYP,1.21579,402,0.090322638,-0.059099244,0.03352535,0.149421882,CI.SYP,402,0.090322638,43.68880081,1185.349976,12.22700024,0.09032263829328535,402,395.13005269014667,327.91161315448693,424.1595975909453,380.4558236765877
100373,RSN10818,112,10818, SYP,4.66,34.2983,-118.6255,8.038,126.95,440,34.5278,-119.9783,21.36,21.75,0.002212874,0.005195564,0.000137485,4.62e-05,0.425916038,0.162966575,86.7774209,5.179664862,6.126524324,0.20943951,1228.804697,47.89770563,37.79004255,184.3207046,CI,SYP,1.21579,673,-0.424970603,-0.059099244,0.03352535,-0.365871359,CI.SYP,255,0.545511182,43.68880081,1185.349976,12.22700024,0.5455111817538807,255,267.7012650318021,204.83390930091656,265.9432408289823,213.67528897765573
100373,RSN9289,112,9289, SYP,5.03,35.3852,-118.6292,7.3,155.67,440,34.5278,-119.9783,17.53,17.89,0.001683159,0.005027295,0.000135324,4.33e-05,0.334804023,0.1635651,87.65738799,5.179664862,6.108664217,0.157079633,982.6751747,38.87203233,37.15006207,147.4012762,CI,SYP,1.21579,592,-0.296731908,-0.059099244,0.03352535,-0.237632664,CI.SYP,592,-0.296731908,43.68880081,1185.349976,12.22700024,-0.296731907971699,592,734.8976591988509,498.0140456737192,744.5446979559325,533.0797591915577
100373,RSN9996,112,9996, SYP,4.59,34.9977,-119.1926,10.662,88.83,440,34.5278,-119.9783,7.3,7.52,0.000795528,0.002144767,0.000243244,6.84e-05,0.370915983,0.159762887,83.66284413,5.179664862,6.221029194,0.174532925,1105.236552,11.63052632,8.817348013,165.7854828,CI,SYP,1.21579,634,-0.365274228,-0.059099244,0.03352535,-0.306174984,CI.SYP,240,0.606135804,43.68880081,1185.349976,12.22700024,0.6061358035703153,240,230.21553663543668,192.29583306974214,244.95456313468932,202.9205449220066
100452,RSN18047,134,18047, RCT,4.5,36.3915,-117.8683,9.117,123.84,282,36.3052,-119.2438,10.67,10.82,0.008545547,0.046019592,0.001395475,0.001429802,0.185693682,0.161653603,86.19356204,5.179664862,6.172420506,0.087266463,566.8678937,5.976734541,32.97772586,85.03018406,CI,RCT,3.7,402,-0.354545018,-0.356168493,-0.263543899,0.001623475,CI.RCT,402,-0.354545018,5.659100056,108.0770035,0.161065996,-0.3545450176809073,402,395.1637693879125,372.34661108288236,321.29134147915244,319.79773283887135
100452,RSN18187,134,18187, RCT,4.08,36.3983,-117.8495,7.662,125.58,282,36.3052,-119.2438,10.8,10.9,0.000721735,0.003909779,0.001164321,0.000161988,0.18459726,0.163234112,86.92469468,5.179664862,6.117348091,0.087266463,558.1731387,4.455484357,3.357990623,83.72597081,CI,RCT,3.7,399,-0.347054346,-0.356168493,-0.263543899,0.009114147,CI.RCT,399,-0.347054346,5.659100056,108.0770035,0.161065996,-0.3470543459517499,399,415.2141412133495,381.64429779994236,340.6843399812584,321.4662369984393
100452,RSN9769,134,9769, RCT,4.69,35.0172,-119.0247,9.251,144.28,282,36.3052,-119.2438,8.5,8.69,-0.001611656,-0.008486225,0.000302358,0.000148191,0.18991437,0.16161363,86.69773499,5.179664862,6.177322679,0.087266463,579.4561065,10.87553225,28.06681153,86.91841598,CI,RCT,3.7,407,-0.366906115,-0.356168493,-0.263543899,-0.010737622,CI.RCT,407,-0.366906115,5.659100056,108.0770035,0.161065996,-0.36690611450448074,407,430.3301947872802,397.1880811079334,345.79384751220675,329.9518808037797
100458,RSN17929,136,17929, MDPB,4.04,36.3911,-117.8665,9.439,175.0,580,37.6323,-119.0794,12.45,12.72,3.74e-05,0.000489813,1.1e-05,1.37e-06,0.076258853,0.16151688,87.20730569,5.179664862,6.183950287,0.034906585,235.5310357,27.29927007,44.52845455,35.32965536,NC,MDPB,4.121806667,227,0.938078086,0.704825117,0.79744971,0.233252969,NC.MDPB,227,0.938078086,13.47599983,2372.969971,5.602079868,0.9380780860590621,227,275.1293860493785,305.3521595029912,261.8558069185592,270.4046610701692
100458,RSN18218,136,18218, MDPB,4.36,36.3932,-117.8644,8.798,174.94,580,37.6323,-119.0794,12.5,12.57,-3.48e-05,-0.000300236,0.000108841,2.87e-06,0.116007697,0.162170183,87.41913142,5.179664862,6.160106881,0.052359878,355.7789671,12.12543554,2.758482557,53.36684507,NC,MDPB,4.121806667,301,0.655917839,0.704825117,0.79744971,-0.048907278,NC.MDPB,301,0.655917839,13.47599983,2372.969971,5.602079868,0.6559178387915896,301,330.5936634214652,338.1623277838307,306.3416469422302,319.50062210984305
100458,RSN18104,136,18104, MDPB,5.19,36.4034,-117.8499,9.418,174.85,580,37.6323,-119.0794,11.63,11.77,-0.000365045,-0.002279665,0.000481261,0.000111922,0.160130863,0.161536806,87.2142442,5.179664862,6.183223963,0.087266463,491.2746474,3.26160183,4.736857963,73.69119711,NC,MDPB,4.121806667,370,0.449525098,0.704825117,0.79744971,-0.255300019,NC.MDPB,370,0.449525098,13.47599983,2372.969971,5.602079868,0.4495250979021952,370,387.06810642255715,366.7770401016292,360.91863887391116,357.85166062901175
100458,RSN18267,136,18267, MDPB,4.2,36.3905,-117.8695,8.829,174.89,580,37.6323,-119.0794,11.92,11.99,6.16e-05,0.000640058,7.58e-05,1.14e-05,0.096248184,0.162136278,87.40888545,5.179664862,6.161345296,0.052359878,295.8521559,5.403508772,8.444036939,44.37782339,NC,MDPB,4.121806667,267,0.775779445,0.704825117,0.79744971,0.070954328,NC.MDPB,267,0.775779445,13.47599983,2372.969971,5.602079868,0.7757794451402154,267,310.7415955360668,325.37649179539477,293.64927061191935,306.88830298519616
100542,RSN8174,144,8174, BAR,4.92,33.5083,-116.5143,15.2,93.26,511,32.6801,-116.6722,27.95,28.025,-0.007474087,-0.007544349,0.00035106,0.000230456,0.990686817,0.156234031,81.22576075,5.179664862,6.325747735,0.383972435,2432.089976,32.431731,21.49019826,364.8134964,CI,BAR,-999.0,988,-0.659313108,-0.652094039,-0.559469445,-0.007219069,CI.BAR,988,-0.659313108,33.28779984,528.697998,12.70170021,-0.6593131075441638,988,794.4604449935634,735.2805890105816,784.304559784458,765.5912362133106
100542,RSN17740,144,17740, BAR,3.63,32.7081,-116.029,7.885,60.4,511,32.6801,-116.6722,26.2375,26.3375,0.003377054,0.003335397,2.18e-05,1.23e-05,1.012489474,0.162237621,83.34397817,5.179664862,6.12225391,0.401425728,2379.490485,274.5572358,152.9998624,356.9235728,CI,BAR,-999.0,972,-0.642986214,-0.652094039,-0.559469445,0.009107824,CI.BAR,972,-0.642986214,33.28779984,528.697998,12.70170021,-0.6429862142567346,972,889.7319852352895,738.6131318065194,819.3323185563789,792.6017950464509
100542,RSN14490,144,14490, BAR,4.01,33.2617,-116.0659,5.761,85.87,511,32.6801,-116.6722,30.15,30.3,0.006380578,0.006434909,2.36e-05,1.88e-05,0.991556776,0.164819806,86.75602781,5.179664862,6.057510055,0.383972435,2306.514505,339.3924468,272.6656356,345.9771758,CI,BAR,-999.0,949,-0.619039208,-0.652094039,-0.559469445,0.03305483,CI.BAR,949,-0.619039208,33.28779984,528.697998,12.70170021,-0.6190392084062237,949,911.5814489508733,740.4374179510337,830.9160826163209,784.1184099445886
100542,RSN13366,144,13366, BAR,3.9,34.4032,-118.651,13.612,265.14,511,32.6801,-116.6722,11.8625,12.075,0.00013434,0.000132701,1.74e-05,3.45e-05,1.01235138,0.159008151,87.2649038,5.179664862,6.281821568,0.401425728,2427.639073,3.893913043,7.626494253,364.145861,CI,BAR,-999.0,987,-0.658300449,-0.652094039,-0.559469445,-0.006206411,CI.BAR,987,-0.658300449,33.28779984,528.697998,12.70170021,-0.6583004492297775,987,1071.2376010604683,792.9721590305703,929.4358593350669,816.8200122479994
100542,RSN9660,144,9660, BAR,4.69,35.0172,-119.0247,9.251,338.53,511,32.6801,-116.6722,10.9,11.0625,0.000388198,0.000293876,7.12e-05,6.57e-05,1.320958384,0.161833931,88.5974687,5.179664862,6.177322679,0.453785606,2746.553233,5.908645358,4.12747191,411.982985,CI,BAR,-999.0,1085,-0.752965676,-0.652094039,-0.559469445,-0.100871637,CI.BAR,1085,-0.752965676,33.28779984,528.697998,12.70170021,-0.7529656757708558,1085,888.6655328933052,867.806382403188,943.2030875544485,905.4418972746147
100542,RSN13315,144,13315, BAR,4.2,34.3768,-117.6461,8.934,208.8,511,32.6801,-116.6722,18.7,18.8875,-0.000167279,-0.000138921,1.39e-05,1.16e-05,1.204133932,0.162074588,87.80501302,5.179664862,6.165471616,0.436332313,2620.297077,14.42060345,9.994316547,393.0445616,CI,BAR,-999.0,1047,-0.717314621,-0.652094039,-0.559469445,-0.065220582,CI.BAR,1047,-0.717314621,33.28779984,528.697998,12.70170021,-0.7173146206668326,1047,1124.3937505153647,861.2868395834595,1011.9996957399137,895.6702506850468
100542,RSN8306,144,8306, BAR,5.31,32.3188,-115.3215,7.0,132.88,511,32.6801,-116.6722,22.3,22.4375,0.001350812,0.001059825,0.000194451,0.00036102,1.27456166,0.163744081,87.37759854,5.179664862,6.100695365,0.453785606,2672.153597,3.741654202,5.450344817,400.8230396,CI,BAR,-999.0,1062,-0.731539612,-0.652094039,-0.559469445,-0.079445573,CI.BAR,1062,-0.731539612,33.28779984,528.697998,12.70170021,-0.7315396115981798,1062,830.6637337150047,824.2902500468631,863.0595422106163,841.2759092129384
100542,RSN8315,144,8315, BAR,4.27,33.9173,-117.7758,7.0,171.6,511,32.6801,-116.6722,13.3,13.375,-0.001380542,-0.001057433,0.000304319,0.000344009,1.305559439,0.163813743,87.97863506,5.179664862,6.100695365,0.453785606,2699.534457,4.013098495,3.474751823,404.9301686,CI,BAR,-999.0,1071,-0.73997848,-0.652094039,-0.559469445,-0.087884442,CI.BAR,1071,-0.73997848,33.28779984,528.697998,12.70170021,-0.7399784802440443,1071,938.8705936943201,874.2741686749147,957.8898322379814,901.3966390106892
100542,RSN16084,144,16084, BAR,3.58,33.827,-117.0296,15.131,131.49,511,32.6801,-116.6722,26.87,26.9375,-0.000133545,-0.000112458,3.16e-05,4.45e-05,1.187505674,0.157208473,83.7963059,5.179664862,6.323730411,0.436332313,2683.717713,3.001011236,3.558797468,402.557657,CI,BAR,-999.0,1066,-0.735299015,-0.652094039,-0.559469445,-0.083204976,CI.BAR,1066,-0.735299015,33.28779984,528.697998,12.70170021,-0.7352990145220852,1066,825.8807860442129,795.3478222006036,857.2261804627082,820.1439475637078
100542,RSN15248,144,15248, BAR,3.86,34.1976,-117.3882,14.177,181.0,511,32.6801,-116.6722,26.5,26.6125,-0.000409385,-0.0003652,7.08e-05,6.36e-05,1.12098814,0.158457124,85.78979262,5.179664862,6.293825021,0.41887902,2578.843122,6.436871069,5.15819209,386.8264683,CI,BAR,-999.0,1034,-0.704820465,-0.652094039,-0.559469445,-0.052726426,CI.BAR,1034,-0.704820465,33.28779984,528.697998,12.70170021,-0.7048204648646701,1034,1022.9369520040885,809.9065186729854,922.2447521270128,842.8133683730537
100542,RSN17405,144,17405, BAR,3.66,34.2987,-116.8617,15.28,180.38,511,32.6801,-116.6722,13.9375,14.0375,-0.000122844,-0.000137978,1.55e-05,6.85e-06,0.890317094,0.157525743,85.43880107,5.179664862,6.328063842,0.366519143,2259.821259,17.93343066,8.901806452,338.9731889,CI,BAR,-999.0,934,-0.603106848,-0.652094039,-0.559469445,0.048987191,CI.BAR,934,-0.603106848,33.28779984,528.697998,12.70170021,-0.6031068480251385,934,990.4599199871348,753.1132638932793,873.3838520872939,775.2374327246465
100542,RSN14698,144,14698, BAR,3.84,34.2268,-117.4407,8.593,185.83,511,32.6801,-116.6722,26.3,26.4625,-0.000203596,-0.000165458,1.02e-05,1.13e-05,1.230501137,0.16241909,87.63695567,5.179664862,6.151676073,0.436332313,2641.258228,18.01734513,16.22137255,396.1887342,CI,BAR,-999.0,1053,-0.723028922,-0.652094039,-0.559469445,-0.070934883,CI.BAR,1053,-0.723028922,33.28779984,528.697998,12.70170021,-0.723028921930271,1053,1055.5973726942912,855.2164176963229,995.4776793813181,899.0654523613557
100542,RSN11285,144,11285, BAR,4.78,34.1228,-116.9226,5.969,161.7,511,32.6801,-116.6722,17.7,17.8,-0.003040366,-0.003144711,0.000170983,0.000110662,0.966818776,0.164768008,88.22117969,5.179664862,6.066214653,0.383972435,2275.032959,27.4743453,18.39195125,341.2549439,CI,BAR,-999.0,939,-0.608445889,-0.652094039,-0.559469445,0.04364815,CI.BAR,939,-0.608445889,33.28779984,528.697998,12.70170021,-0.6084458890045585,939,930.8798893076493,762.5731606285938,892.0066233207313,799.3270315731289
100542,RSN14980,144,14980, BAR,3.74,34.1651,-117.4332,7.875,179.26,511,32.6801,-116.6722,24.1625,24.2125,0.000258707,0.000315319,4.96e-05,0.000103555,0.820462316,0.163222529,87.78813043,5.179664862,6.12204057,0.34906585,2066.207621,2.498256965,6.357237903,309.9311432,CI,BAR,-999.0,872,-0.534419834,-0.652094039,-0.559469445,0.117674205,CI.BAR,872,-0.534419834,33.28779984,528.697998,12.70170021,-0.5344198337052752,872,990.9491783615935,725.891737818977,873.8717019716045,762.4603613937022
100542,RSN15095,144,15095, BAR,3.78,34.1353,-117.4476,5.857,176.78,511,32.6801,-116.6722,23.3875,23.45,0.000374563,0.000396151,0.000100048,0.000126415,0.945506517,0.164908977,88.41020469,5.179664862,6.061617088,0.383972435,2244.613825,2.962963256,3.959609387,336.6920738,CI,BAR,-999.0,929,-0.597739149,-0.652094039,-0.559469445,0.05435489,CI.BAR,929,-0.597739149,33.28779984,528.697998,12.70170021,-0.5977391486101338,929,1093.6684112008606,773.0465929717477,930.8622449807465,810.4457912039126
100542,RSN13918,144,13918, BAR,3.79,34.2691,-117.4608,11.018,190.87,511,32.6801,-116.6722,16.4,16.525,-0.000312345,-0.000279671,4.26e-05,3.48e-05,1.116831782,0.160283764,86.96585994,5.179664862,6.230189198,0.41887902,2544.72327,8.975431034,6.565046948,381.7084905,CI,BAR,-999.0,1023,-0.694125176,-0.652094039,-0.559469445,-0.042031137,CI.BAR,1023,-0.694125176,33.28779984,528.697998,12.70170021,-0.6941251757479217,1023,1111.6114666026365,817.67275337598,951.9764269090034,854.843983992051
100542,RSN15535,144,15535, BAR,3.75,32.5969,-115.5741,12.269,103.45,511,32.6801,-116.6722,31.45,31.5,-0.001016337,-0.001431778,0.000228902,0.000215766,0.70984298,0.158830307,83.69550755,5.179664862,6.257951442,0.314159265,1914.900597,4.710366786,6.254982482,287.2350896,CI,BAR,-999.0,822,-0.475370805,-0.652094039,-0.559469445,0.176723234,CI.BAR,822,-0.475370805,33.28779984,528.697998,12.70170021,-0.4753708048524752,822,751.6094329551909,641.7566224756267,680.203789992879,666.0098160605097
100542,RSN10166,144,10166, BAR,4.34,35.0174,-119.1492,9.557,346.07,511,32.6801,-116.6722,7.5,7.55,1.98e-05,3.05e-05,1.02e-05,7.86e-06,0.650185066,0.161553956,88.57506134,5.179664862,6.187968323,0.296705973,1762.877371,2.519083969,2.990196078,264.4316057,CI,BAR,-999.0,772,-0.41261496,-0.652094039,-0.559469445,0.239479079,CI.BAR,772,-0.41261496,33.28779984,528.697998,12.70170021,-0.412614959821072,772,740.1351718459406,642.84476661039,796.231661113156,697.3174378068732
100542,RSN10395,144,10395, BAR,4.45,34.1081,-117.3062,14.795,169.01,511,32.6801,-116.6722,16.3,16.425,-0.000441505,-0.000332436,2.81e-05,3.63e-05,1.328092231,0.157849659,85.27781536,5.179664862,6.313637877,0.471238898,2833.031916,12.16267218,11.83046263,424.9547874,CI,BAR,-999.0,1111,-0.776646199,-0.652094039,-0.559469445,-0.124552161,CI.BAR,1111,-0.776646199,33.28779984,528.697998,12.70170021,-0.7766461994359259,1111,848.4780129810695,861.4469854588767,921.5641965978425,881.8801693654381
100542,RSN11563,144,11563, BAR,4.51,32.8882,-115.5018,9.4,112.05,511,32.6801,-116.6722,20.55,20.6125,-9.52e-05,-0.000181605,7.07e-05,3.36e-05,0.524445548,0.16127474,85.63316104,5.179664862,6.182598645,0.244346095,1483.79777,2.833333333,2.568670438,222.5696655,CI,BAR,-999.0,764,-0.402198199,-0.652094039,-0.559469445,0.24989584,CI.BAR,764,-0.402198199,33.28779984,528.697998,12.70170021,-0.4021981989628163,764,831.6026793857895,700.9091375454129,800.8919065316264,751.2399248701158
100542,RSN16206,144,16206, BAR,3.63,32.6386,-117.3257,13.108,61.48,511,32.6801,-116.6722,22.05,22.1125,0.005958378,0.004914848,0.000529835,0.000160263,1.212321804,0.156251785,78.59093617,5.179664862,6.273463664,0.436332313,2726.588233,37.17874993,9.276185982,408.988235,CI,BAR,-999.0,1079,-0.747420375,-0.652094039,-0.559469445,-0.095326337,CI.BAR,1079,-0.747420375,33.28779984,528.697998,12.70170021,-0.7474203750544302,1079,774.1179221058696,770.310270568377,803.2625137558467,819.045077007243
100542,RSN16241,144,16241, BAR,3.64,33.223,-116.7186,8.687,60.36,511,32.6801,-116.6722,22.725,22.7875,-0.006008492,-0.007233844,0.000330609,5.84e-05,0.830608488,0.161092319,82.57685388,5.179664862,6.155594857,0.34906585,2109.726175,102.885137,21.88036018,316.4589263,CI,BAR,-999.0,886,-0.55034736,-0.652094039,-0.559469445,0.101746678,CI.BAR,886,-0.55034736,33.28779984,528.697998,12.70170021,-0.5503473604013767,886,874.6660097968978,694.1926972320871,778.0225574781091,719.5343955423506
100542,RSN14426,144,14426, BAR,4.05,32.7091,-116.0396,7.817,59.41,511,32.6801,-116.6722,25.2625,25.325,0.008994042,0.01114028,0.000872108,0.000203689,0.807344403,0.162260653,83.29652535,5.179664862,6.120791156,0.331612558,2049.298066,44.15575706,12.77396836,307.3947099,CI,BAR,-999.0,866,-0.527515318,-0.652094039,-0.559469445,0.12457872,CI.BAR,866,-0.527515318,33.28779984,528.697998,12.70170021,-0.5275153183587307,866,852.3140082833406,679.493973921047,762.1989913174958,716.5753546352736
100542,RSN19310,144,19310, BAR,3.64,33.938,-117.7504,13.632,171.89,511,32.6801,-116.6722,24.55,24.6125,-4.71e-05,-3.93e-05,1.34e-05,1.65e-05,1.196730658,0.15874379,85.75039627,5.179664862,6.282139913,0.436332313,2667.517867,2.854545455,2.932835821,400.1276801,CI,BAR,-999.0,1061,-0.730597548,-0.652094039,-0.559469445,-0.07850351,CI.BAR,1061,-0.730597548,33.28779984,528.697998,12.70170021,-0.7305975484102785,1061,961.2132686719849,829.3270710957164,943.8016613630922,861.2920149131572
100542,RSN15382,144,15382, BAR,3.99,34.0514,-117.2429,14.998,161.1,511,32.6801,-116.6722,23.2,23.3125,0.000606172,0.00058879,0.000127908,0.000163585,1.029521285,0.157631008,85.00006616,5.179664862,6.319789549,0.401425728,2471.089694,3.705547575,4.603230447,370.6634541,CI,BAR,-999.0,1000,-0.671385689,-0.652094039,-0.559469445,-0.01929165,CI.BAR,1000,-0.671385689,33.28779984,528.697998,12.70170021,-0.6713856887784324,1000,948.0665287622119,767.684915224886,893.6073086344645,810.5831847546159
100542,RSN8373,144,8373, BAR,4.92,34.31,-116.848,6.3,181.97,511,32.6801,-116.6722,4.01,4.175,-0.003325676,-0.003170369,0.00019937,0.00016721,1.048987073,0.164437552,88.31344489,5.179664862,6.078701489,0.401425728,2392.474037,19.88921715,15.9019361,358.8711056,CI,BAR,-999.0,976,-0.647092996,-0.652094039,-0.559469445,0.005001042,CI.BAR,976,-0.647092996,33.28779984,528.697998,12.70170021,-0.6470929962093876,976,939.8993552378204,793.9797710843043,887.0183653726667,819.9638848199428
100542,RSN12827,144,12827, BAR,4.02,33.7129,-116.0516,12.808,128.33,511,32.6801,-116.6722,23.92,24.0125,-0.000394199,-0.000422686,8.96e-05,8.65e-05,0.93260517,0.158851286,84.6881172,5.179664862,6.268161535,0.383972435,2311.955548,4.557213873,4.717477679,346.7933322,CI,BAR,-999.0,950,-0.620092394,-0.652094039,-0.559469445,0.032001644,CI.BAR,950,-0.620092394,33.28779984,528.697998,12.70170021,-0.6200923943908823,950,846.2872021732674,730.8004691058337,785.7315735376453,748.4106650524894
100542,RSN14212,144,14212, BAR,3.94,32.7219,-116.8133,20.237,14.02,511,32.6801,-116.6722,4.9,4.9625,0.001726269,0.004618046,8.67e-05,7.47e-05,0.373809361,0.08693781,34.05008214,5.179664862,6.440435438,0.174532925,2045.023666,23.10935743,53.26465975,306.7535499,CI,BAR,-999.0,865,-0.526359917,-0.652094039,-0.559469445,0.125734122,CI.BAR,865,-0.526359917,33.28779984,528.697998,12.70170021,-0.5263599167281745,865,928.0958952752453,829.9503484791055,913.2997770171618,916.8107403089828
100542,RSN16662,144,16662, BAR,3.79,34.0456,-117.2248,15.927,159.94,511,32.6801,-116.6722,52.1,52.2,0.000361303,0.000320013,3.77e-05,3.72e-05,1.129023992,0.1568825,84.60301818,5.179664862,6.345939946,0.41887902,2614.007986,9.712446237,8.488408488,392.1011979,CI,BAR,-999.0,1045,-0.715402574,-0.652094039,-0.559469445,-0.063308536,CI.BAR,1045,-0.715402574,33.28779984,528.697998,12.70170021,-0.715402574195207,1045,940.8471103291452,791.2003410697341,911.3748922952034,841.941428865401
100542,RSN17309,144,17309, BAR,3.56,33.4509,-116.5827,10.563,85.89,511,32.6801,-116.6722,22.075,22.175,-0.000270453,-0.000234053,8.1e-06,1.15e-05,1.155517429,0.159781845,83.50511153,5.179664862,6.218365755,0.436332313,2606.11419,23.51765217,28.8954321,390.9171285,CI,BAR,-999.0,1042,-0.712527632,-0.652094039,-0.559469445,-0.060433594,CI.BAR,1042,-0.712527632,33.28779984,528.697998,12.70170021,-0.7125276321096079,1042,798.200616654234,769.2352361149447,794.106487634601,796.9361864209848
100542,RSN10906,144,10906, BAR,4.26,33.8776,-116.2019,10.062,139.85,511,32.6801,-116.6722,24.93,25.0375,-0.000346078,-0.000400105,9.52e-05,4.47e-05,0.864967671,0.160839044,86.24297119,5.179664862,6.204033973,0.34906585,2166.555624,7.742237136,4.202783613,324.9833436,CI,BAR,-999.0,904,-0.57045977,-0.652094039,-0.559469445,0.081634268,CI.BAR,904,-0.57045977,33.28779984,528.697998,12.70170021,-0.5704597701884717,904,929.4706693361442,733.5349869014187,808.5828081872686,748.3242633459223
100542,RSN11344,144,11344, BAR,4.73,33.7328,-117.4921,10.018,139.55,511,32.6801,-116.6722,25.38,25.5125,-0.004973439,-0.003748127,0.000607637,0.000704112,1.326913092,0.160876913,86.26116135,5.179664862,6.202702587,0.453785606,2768.274879,7.063420308,6.168365323,415.2412319,CI,BAR,-999.0,1092,-0.759396566,-0.652094039,-0.559469445,-0.107302528,CI.BAR,1092,-0.759396566,33.28779984,528.697998,12.70170021,-0.7593965661011461,1092,822.8200424179992,843.09861489612,871.7270828712212,863.1230935178565
100542,RSN16697,144,16697, BAR,3.73,33.5058,-116.7636,16.276,91.97,511,32.6801,-116.6722,29.6375,29.7625,-0.001839113,-0.00183707,1.9e-05,1.87e-05,1.001112047,0.15513776,80.36680506,5.179664862,6.3549922,0.401425728,2473.166974,98.34828877,96.68789474,370.9750461,CI,BAR,-999.0,1001,-0.672385189,-0.652094039,-0.559469445,-0.020291151,CI.BAR,1001,-0.672385189,33.28779984,528.697998,12.70170021,-0.672385189111516,1001,826.5312111945644,742.6045241772053,799.3522362649167,786.645265967253
100542,RSN17359,144,17359, BAR,3.56,33.0804,-116.4826,10.835,47.81,511,32.6801,-116.6722,21.075,21.1375,-0.008103092,-0.009329986,0.000682508,0.00051132,0.868499911,0.157078038,77.93161495,5.179664862,6.225560001,0.34906585,2223.938073,15.84739889,13.67014892,333.590711,CI,BAR,-999.0,923,-0.591259644,-0.652094039,-0.559469445,0.060834394,CI.BAR,923,-0.591259644,33.28779984,528.697998,12.70170021,-0.5912596442991473,923,851.4381042131909,704.6315399288736,771.0839024720967,727.8585480961317
100542,RSN15145,144,15145, BAR,3.9,33.867,-117.1038,11.856,137.64,511,32.6801,-116.6722,19.3,19.3875,-0.000122283,-0.000122187,2.03e-05,8.95e-06,1.00078656,0.159506271,85.4361256,5.179664862,6.24946745,0.401425728,2405.006224,13.66290503,6.019064039,360.7509336,CI,BAR,-999.0,980,-0.651182981,-0.652094039,-0.559469445,0.000911057,CI.BAR,980,-0.651182981,33.28779984,528.697998,12.70170021,-0.6511829814609129,980,900.8777384566818,752.3659666021732,825.3271185358627,776.5425608393983
100542,RSN13484,144,13484, BAR,4.29,33.2262,-116.1472,10.889,77.96,511,32.6801,-116.6722,13.3875,13.4625,-0.002444952,-0.002213609,0.000152123,8.46e-05,1.104509211,0.159249986,82.58641571,5.179664862,6.226943092,0.41887902,2546.995414,28.90014184,14.55144193,382.0493121,CI,BAR,-999.0,1024,-0.695102215,-0.652094039,-0.559469445,-0.043008177,CI.BAR,1024,-0.695102215,33.28779984,528.697998,12.70170021,-0.6951022153957487,1024,764.2554687035878,743.4902817324624,757.0246994288225,773.5048080320987
100542,RSN10322,144,10322, BAR,4.63,32.3362,-115.2425,17.16,139.65,511,32.6801,-116.6722,21.45,21.7625,0.000791537,0.000721255,0.000121327,0.000121397,1.09744331,0.15576707,83.32099949,5.179664862,6.37627289,0.41887902,2595.502257,6.520235261,5.944719642,389.3253386,CI,BAR,-999.0,1039,-0.709644401,-0.652094039,-0.559469445,-0.057550362,CI.BAR,1039,-0.709644401,33.28779984,528.697998,12.70170021,-0.7096444008955229,1039,851.9456798303422,794.9994124321222,838.1960266995908,813.2381498214143
100542,RSN9856,144,9856, BAR,4.59,34.9977,-119.1926,10.662,347.14,511,32.6801,-116.6722,5.5,5.6875,0.000356567,0.000264081,3.03e-05,3.86e-05,1.350220028,0.160682105,88.39580534,5.179664862,6.221029194,0.471238898,2802.739528,9.237487047,8.715544554,420.4109292,CI,BAR,-999.0,1102,-0.7685124,-0.652094039,-0.559469445,-0.116418361,CI.BAR,1102,-0.7685124,33.28779984,528.697998,12.70170021,-0.768512399509155,1102,812.1918330916521,867.1523540799342,916.2811782383912,893.9834554187865
100542,RSN14281,144,14281, BAR,4.19,33.4453,-116.439,8.875,87.61,511,32.6801,-116.6722,19.2125,19.275,-0.00128078,-0.001610005,6.73e-05,7.3e-06,0.795512681,0.161578269,84.76802964,5.179664862,6.16316588,0.331612558,2038.581222,175.4493151,23.92280832,305.7871833,CI,BAR,-999.0,863,-0.524045101,-0.652094039,-0.559469445,0.128048938,CI.BAR,863,-0.524045101,33.28779984,528.697998,12.70170021,-0.5240451008797233,863,863.1841454264805,688.5506948982934,760.871980350445,710.1876508139459
100542,RSN17601,144,17601, BAR,3.52,33.5309,-117.6639,9.734,132.18,511,32.6801,-116.6722,44.13,44.1875,-0.000150685,-0.000153099,5.07e-05,4.21e-05,0.984233408,0.161094102,86.18563487,5.179664862,6.193801083,0.383972435,2350.204723,3.579216152,3.019704142,352.5307085,CI,BAR,-999.0,963,-0.633683822,-0.652094039,-0.559469445,0.018410217,CI.BAR,963,-0.633683822,33.28779984,528.697998,12.70170021,-0.6336838215944214,963,983.2641275767135,772.5546013967181,876.10861814218,793.1082249186687
100542,RSN16931,144,16931, BAR,3.63,34.1242,-116.405,9.555,162.08,511,32.6801,-116.6722,13.4,13.4375,-0.000298542,-0.000292189,0.000136862,0.00011304,1.0217415,0.161375172,86.93938074,5.179664862,6.187901101,0.401425728,2403.965575,2.641029724,2.134916924,360.5948363,CI,BAR,-999.0,979,-0.650162052,-0.652094039,-0.559469445,0.001931986,CI.BAR,979,-0.650162052,33.28779984,528.697998,12.70170021,-0.6501620523268059,979,1042.9371879239143,783.0954147038752,934.162325262452,820.4640685960052
100542,RSN15726,144,15726, BAR,3.81,32.9942,-116.2977,5.726,49.42,511,32.6801,-116.6722,21.52,21.55,0.001617796,0.00167685,0.000469028,0.00035787,0.964783105,0.164331644,84.37687658,5.179664862,6.055972626,0.383972435,2278.375266,4.520624808,3.575159692,341.7562899,CI,BAR,-999.0,940,-0.609510285,-0.652094039,-0.559469445,0.042583753,CI.BAR,940,-0.609510285,33.28779984,528.697998,12.70170021,-0.6095102850603453,940,884.1267198422287,722.9598046264568,821.8897873270987,771.4940754985852
100542,RSN18320,144,18320, BAR,3.05,33.5043,-116.561,11.461,91.99,511,32.6801,-116.6722,14.52,14.5875,-0.000285974,-0.000280787,3.41e-05,3.45e-05,1.018472196,0.159165567,83.37007094,5.179664862,6.240750508,0.401425728,2433.140385,8.289101449,8.234222874,364.9710578,CI,BAR,-999.0,989,-0.660324741,-0.652094039,-0.559469445,-0.008230703,CI.BAR,989,-0.660324741,33.28779984,528.697998,12.70170021,-0.6603247414190081,989,805.3218489829071,742.1037999491975,770.0188373173187,777.2267219525845
100542,RSN12913,144,12913, BAR,4.41,32.707,-116.04,10.16,59.36,511,32.6801,-116.6722,22.1,22.1875,0.006573243,0.005798287,0.000216383,0.000142322,1.133652543,0.159137191,81.02534428,5.179664862,6.206955363,0.41887902,2582.205145,46.18571268,26.7964073,387.3307718,CI,BAR,-999.0,1035,-0.705787115,-0.652094039,-0.559469445,-0.053693077,CI.BAR,1035,-0.705787115,33.28779984,528.697998,12.70170021,-0.7057871154957649,1035,758.1991944102002,744.7890813505124,752.4049190446722,778.7366110170545
100542,RSN8981,144,8981, BAR,5.2,33.5328,-116.5697,15.48,95.05,511,32.6801,-116.6722,19.4,19.575,-0.034950494,-0.027720375,0.00024097,0.0005413,1.260823297,0.156043831,81.24284539,5.179664862,6.333749326,0.453785606,2790.429317,64.56769629,115.0366228,418.5643976,CI,BAR,-999.0,1098,-0.764876032,-0.652094039,-0.559469445,-0.112781993,CI.BAR,1098,-0.764876032,33.28779984,528.697998,12.70170021,-0.7648760318657715,1098,724.9961058682162,780.6391974105044,783.7771048862495,817.14481696683
100542,RSN9318,144,9318, BAR,4.88,34.0655,-117.0011,17.501,156.67,511,32.6801,-116.6722,14.7,14.7875,-0.003782654,-0.00294216,0.000896035,0.001183636,1.285672397,0.155763713,83.92328967,5.179664862,6.383907006,0.453785606,2819.921233,3.195791612,3.283532451,422.988185,CI,BAR,-999.0,1107,-0.773039343,-0.652094039,-0.559469445,-0.120945304,CI.BAR,1107,-0.773039343,33.28779984,528.697998,12.70170021,-0.7730393425049327,1107,913.3127531467711,861.0489518966649,945.3924864179468,899.8570659147376
100542,RSN15551,144,15551, BAR,4.06,32.6823,-116.088,9.762,54.79,511,32.6801,-116.6722,22.6375,22.7375,0.011962537,0.011192174,6.47e-05,4.31e-05,1.068830542,0.159266454,80.61272501,5.179664862,6.194703173,0.401425728,2494.514489,277.5530626,172.9856878,374.1771734,CI,BAR,-999.0,1008,-0.679353858,-0.652094039,-0.559469445,-0.02725982,CI.BAR,1008,-0.679353858,33.28779984,528.697998,12.70170021,-0.6793538584276098,1008,810.3956819446015,730.0243331156224,774.7361637397763,771.3304822202625
100542,RSN15684,144,15684, BAR,3.81,32.4923,-116.8468,13.18,26.5,511,32.6801,-116.6722,15.9125,15.975,-0.005233558,-0.006184334,0.000107345,0.000108726,0.84626061,0.143271042,64.02465619,5.179664862,6.274698597,0.34906585,2399.818601,48.13529423,57.61175649,359.9727902,CI,BAR,-999.0,978,-0.64914008,-0.652094039,-0.559469445,0.002953959,CI.BAR,978,-0.64914008,33.28779984,528.697998,12.70170021,-0.6491400798311133,978,818.4879822673769,740.7363245489033,765.7299833096006,779.7212932881537
100542,RSN16862,144,16862, BAR,3.6,34.2088,-117.5824,7.536,189.5,511,32.6801,-116.6722,12.75,12.8125,-3.61e-05,-3.74e-05,1.21e-05,1.17e-05,0.964012607,0.163448743,88.00885932,5.179664862,6.114431914,0.383972435,2289.653679,3.085470085,3.090909091,343.4480519,CI,BAR,-999.0,943,-0.612696692,-0.652094039,-0.559469445,0.039397346,CI.BAR,943,-0.612696692,33.28779984,528.697998,12.70170021,-0.6126966924297532,943,1072.7728504546117,786.6760037527731,947.940773256246,827.0855646371239
100542,RSN13206,144,13206, BAR,4.19,34.3571,-116.8418,9.486,186.67,511,32.6801,-116.6722,20.1,20.2,-0.000230845,-0.000218612,6.02e-05,4.68e-05,1.055958059,0.161496947,87.37366808,5.179664862,6.185563454,0.401425728,2444.538793,4.93258547,3.631428571,366.680819,CI,BAR,-999.0,992,-0.663353517,-0.652094039,-0.559469445,-0.011259479,CI.BAR,992,-0.663353517,33.28779984,528.697998,12.70170021,-0.663353517081168,992,1052.843522543049,797.7570485194294,923.4503123883782,829.7776145678389
100542,RSN16743,144,16743, BAR,3.72,33.1099,-116.0467,7.494,75.48,511,32.6801,-116.6722,12.875,12.925,0.001380189,0.001573617,9.16e-05,0.000141608,0.877080738,0.162947904,84.98475643,5.179664862,6.113435346,0.366519143,2165.128335,9.746546805,17.17922489,324.7692503,CI,BAR,-999.0,904,-0.57045977,-0.652094039,-0.559469445,0.081634268,CI.BAR,904,-0.57045977,33.28779984,528.697998,12.70170021,-0.5704597701884717,904,903.4711349743717,717.799671249081,801.2206130948067,753.3114606771696
100542,RSN17831,144,17831, BAR,3.14,33.0622,-115.8937,7.729,84.29,511,32.6801,-116.6722,27.8,27.8875,0.000341337,0.000390956,2e-05,9.5e-06,0.873083551,0.162894805,85.36503702,5.179664862,6.11885537,0.366519143,2159.884332,35.93021053,19.5478,323.9826498,CI,BAR,-999.0,902,-0.56824493,-0.652094039,-0.559469445,0.083849109,CI.BAR,902,-0.56824493,33.28779984,528.697998,12.70170021,-0.5682449298589196,902,871.9184438479374,719.3984924276472,790.2247443612257,751.6448424013352
100542,RSN16575,144,16575, BAR,3.69,33.735,-117.4936,9.693,139.83,511,32.6801,-116.6722,11.45,11.5375,0.000582396,0.000536764,0.000153152,0.000218796,1.085013103,0.161167,86.39554364,5.179664862,6.192470162,0.41887902,2494.025088,2.661821971,3.504779565,374.1037632,CI,BAR,-999.0,1008,-0.679353858,-0.652094039,-0.559469445,-0.02725982,CI.BAR,1008,-0.679353858,33.28779984,528.697998,12.70170021,-0.6793538584276098,1008,978.5359727038505,784.4281959628316,864.8560673768941,813.0244635301358
100542,RSN15483,144,15483, BAR,3.88,33.1624,-115.9772,9.013,84.18,511,32.6801,-116.6722,22.7,22.75,0.00050778,0.000468649,0.000161422,0.000156497,1.08349733,0.161363504,84.48563084,5.179664862,6.168508418,0.41887902,2489.206221,3.244662837,2.903253584,373.3809332,CI,BAR,-999.0,1006,-0.67736776,-0.652094039,-0.559469445,-0.025273722,CI.BAR,1006,-0.67736776,33.28779984,528.697998,12.70170021,-0.6773677604559802,1006,881.2521996477135,764.3522595291732,809.7635432990011,798.1500459933436
100542,RSN18343,144,18343, BAR,3.34,33.5022,-116.5193,11.15,92.29,511,32.6801,-116.6722,14.55,14.7,-0.000781467,-0.00057751,2.48e-05,2.15e-05,1.353167201,0.159436655,83.63562262,5.179664862,6.233428753,0.471238898,2827.236388,36.34730233,23.28669355,424.0854582,CI,BAR,-999.0,1110,-0.775745704,-0.652094039,-0.559469445,-0.123651666,CI.BAR,1110,-0.775745704,33.28779984,528.697998,12.70170021,-0.7757457041026754,1110,782.6252390296546,816.1163132738834,814.8601427640642,848.2801894832631
100542,RSN12591,144,12591, BAR,4.11,33.5089,-116.8485,12.274,93.38,511,32.6801,-116.6722,15.38,15.425,-0.005331617,-0.004974718,0.001040867,0.001837066,1.071742569,0.158607712,83.01360826,5.179664862,6.258050482,0.401425728,2508.418667,2.902245755,4.779398329,376.2628001,CI,BAR,-999.0,1012,-0.68331426,-0.652094039,-0.559469445,-0.031220221,CI.BAR,1012,-0.68331426,33.28779984,528.697998,12.70170021,-0.6833142596437067,1012,785.7969734986934,737.3221754614576,753.9754835801286,769.6036368988164
100542,RSN15611,144,15611, BAR,3.87,33.7513,-116.0218,8.756,133.38,511,32.6801,-116.6722,21.9,22.0125,-7.41e-05,-8.2e-05,4.58e-06,7.64e-06,0.904063531,0.162099889,86.63730519,5.179664862,6.158414042,0.366519143,2216.085985,9.69895288,17.90393013,332.4128978,CI,BAR,-999.0,920,-0.58800408,-0.652094039,-0.559469445,0.064089959,CI.BAR,920,-0.58800408,33.28779984,528.697998,12.70170021,-0.588004079839382,920,957.5899121238153,748.4389031843862,846.3728562789457,771.2454640429867
100542,RSN12003,144,12003, BAR,4.37,34.0559,-117.2442,15.833,161.61,511,32.6801,-116.6722,20.3,20.425,0.000440498,0.000408443,7.67e-05,4.62e-05,1.078481818,0.156970239,84.70346213,5.179664862,6.343433553,0.41887902,2552.790869,9.534588745,5.325202086,382.9186304,CI,BAR,-999.0,1026,-0.697053436,-0.652094039,-0.559469445,-0.044959397,CI.BAR,1026,-0.697053436,33.28779984,528.697998,12.70170021,-0.6970534355270104,1026,851.5510515579479,772.3042749278977,867.093151411952,816.1794121306762
100543,RSN17416,145,17416, BBR,3.73,35.2675,-117.3498,7.92,118.23,356,34.2623,-116.9208,33.47,33.53,-0.000224257,-0.00081855,6.84e-05,3.44e-05,0.273968308,0.163028914,86.58605634,5.179664862,6.122995859,0.13962634,818.2999892,6.519098837,11.96710526,122.7449984,CI,BBR,0.933333333,506,-0.351605938,0.470744315,0.563368909,-0.822350254,CI.BBR,506,-0.351605938,4.674680233,2075.679932,6.031939983,-0.3516059384354353,506,525.467307468092,477.62939723886683,404.5592559845082,413.5970014987019
100543,RSN19358,145,19358, BBR,3.43,34.1381,-117.4717,5.767,52.61,356,34.2623,-116.9208,26.21,26.29,0.000280176,0.004912846,0.000136795,3.56e-05,0.057029164,0.164360781,84.660045,5.179664862,6.057771424,0.034906585,173.3117792,7.87011236,35.9139296,25.99676688,CI,BBR,0.933333333,180,0.68197388,0.470744315,0.563368909,0.211229565,CI.BBR,180,0.68197388,4.674680233,2075.679932,6.031939983,0.68197387996182,180,270.99853319229277,271.429157753552,252.4921647695446,242.78392732628345
100543,RSN16863,145,16863, BBR,3.6,34.2088,-117.5824,7.536,61.24,356,34.2623,-116.9208,12.52,12.61,0.000320049,0.004439229,0.000170917,8.61e-05,0.072095687,0.162585677,83.78309333,5.179664862,6.114431914,0.034906585,221.2768446,3.7171777,25.97301029,33.19152669,CI,BBR,0.933333333,217,0.495033377,0.470744315,0.563368909,0.024289062,CI.BBR,217,0.495033377,4.674680233,2075.679932,6.031939983,0.4950333773115707,217,299.3358742762358,288.0948364567768,260.1960910128678,259.47539813968643
100543,RSN10396,145,10396, BBR,4.45,34.1081,-117.3062,14.795,39.43,356,34.2623,-116.9208,15.38,15.46,-0.001373567,-0.025169707,0.000778015,6.98e-05,0.054572214,0.148880483,70.04777057,5.179664862,6.313637877,0.034906585,183.1143642,19.67861032,32.35118475,27.46715463,CI,BBR,0.933333333,187,0.643822114,0.470744315,0.563368909,0.173077799,CI.BBR,187,0.643822114,4.674680233,2075.679932,6.031939983,0.6438221139974436,187,250.7189426966384,250.4499747648822,240.8023250393017,242.16946133165158
100543,RSN14526,145,14526, BBR,3.78,34.0294,-116.7534,14.93,30.1,356,34.2623,-116.9208,19.61,19.67,0.000450125,-0.011838103,6.46e-05,6.35e-05,0.038023399,0.142677712,64.34293882,5.179664862,6.317747533,0.017453293,133.1733279,7.088582677,183.2523684,19.97599919,CI,BBR,0.933333333,147,0.884498144,0.470744315,0.563368909,0.413753829,CI.BBR,147,0.884498144,4.674680233,2075.679932,6.031939983,0.8844981440732944,147,197.63616463088346,206.2143094166853,199.25520502177008,196.21395820440927
