SSN,File.name,Code,RSN,SID,Mw,E.Lat,E.Long,E.Dep,EpiD,Vs30_mea,S.Lat,S.Long,p.ver,peak.time,Ur,Uz,max.noise.ver.05,max.noise.rad.05,U.ratio,ray.p,i2.angle,Vp_1,Vp_2,j.angle,Vsz,SNRrad,SNRver,z_0.15,network,station,f0,Vs30_est,Res,y_bar,eta,within_res,station2,Vs30_f0,Res_f0,slope,mean_ele_500m,slope_500m,log_res,P-wave_pred,Set1_pred,Set2_pred,Set3_pred,Set4_pred
1310,RSN11501,2,11501,13096,4.73,33.7328,-117.4921,10.018,21.2,646,33.699,-117.267,24.75,24.775,0.003061105,0.01743913,0.001256407,0.000951544,0.17553082,0.146970487,65.72938663,5.179664862,6.202702587,0.087266463,590.4172747,3.216987338,13.88015985,88.56259121,CE,13096,6.42143,412,0.449776154,-0.084978458,0.007646135,0.534754612,CE.13096,412,0.449776154,5.790719986,436.6180115,1.587949991,0.44977615443307517,412,351.4789281689646,349.5175960614383,352.96434733404715,344.75726390581355
1310,RSN10573,2,10573,13096,4.45,34.1081,-117.3062,14.795,45.52,646,33.699,-117.267,19.4,19.505,-0.03191384,-0.024361638,0.000542156,0.000981913,1.310003876,0.151133427,72.5926063,5.179664862,6.313637877,0.453785606,2930.37901,32.50169822,44.93473834,439.5568515,CE,13096,6.42143,1141,-0.568860846,-0.084978458,0.007646135,-0.483882388,CE.13096,918,-0.351397887,5.790719986,436.6180115,1.587949991,-0.35139788683788886,918,633.1508714920692,694.6879801341986,757.1505554550205,728.5016627981793
1310,RSN15457,2,15457,13096,3.99,34.0514,-117.2429,14.998,39.15,646,33.699,-117.267,20.25,20.31,-0.003927207,-0.007156505,0.00059726,0.000437127,0.548760509,0.148479491,69.77779578,5.179664862,6.319789549,0.244346095,1670.242381,8.984132758,11.98222717,250.5363572,CE,13096,6.42143,740,-0.135850682,-0.084978458,0.007646135,-0.050872224,CE.13096,596,0.080558837,5.790719986,436.6180115,1.587949991,0.08055883671725184,596,529.5297754016949,497.078440630037,537.1410404356031,513.180519198207
1312,RSN2052,3,2052,13099,4.27,33.9173,-117.7758,7.0,17.5,420,33.876,-117.593,1.7,1.84,0.039527627,0.200839827,0.036904327,0.006309299,0.196811695,0.153479091,69.44395478,5.179664862,6.100695365,0.104719755,632.5468538,6.2649792,5.442175575,94.88202807,CE,13099,0.35,427,-0.016529302,-0.103339769,-0.010715175,0.086810467,CE.13099,427,-0.016529302,4.117599964,219.6060028,2.600260019,-0.01652930195121094,427,387.2188406357485,418.87317544694196,372.1653264097383,392.62158865871214
1312,RSN10576,3,10576,13099,4.45,34.1081,-117.3062,14.795,36.95,420,33.876,-117.593,19.83,19.915,-0.057999847,-0.198856957,0.001589147,0.001106862,0.291666171,0.147900382,69.03344512,5.179664862,6.313637877,0.13962634,955.9078497,52.40025134,125.1344004,143.3861775,CE,13099,0.35,577,-0.317587555,-0.103339769,-0.010715175,-0.214247787,CE.13099,577,-0.317587555,4.117599964,219.6060028,2.600260019,-0.31758755523068594,577,491.61757355378273,542.9966426835041,472.4517372480877,505.24972373573877
1312,RSN11504,3,11504,13099,4.73,33.7328,-117.4921,10.018,18.43,420,33.876,-117.593,24.61,24.665,-0.02417688,-0.143618268,0.025164524,0.005369382,0.168341257,0.142421923,62.05536456,5.179664862,6.202702587,0.087266463,585.0156028,4.502730482,5.707172049,87.75234042,CE,13099,0.35,410,0.024097552,-0.103339769,-0.010715175,0.12743732,CE.13099,410,0.024097552,4.117599964,219.6060028,2.600260019,0.024097551579060017,410,350.7195793001329,386.567607033502,356.0558873013603,375.355832376509
3049,RSN10923,13,10923, CHN,4.26,33.8776,-116.2019,10.062,137.32,292,33.999,-117.68,23.65,23.78,0.000995667,0.004435454,0.000357844,0.000167361,0.224479175,0.160828815,86.1878825,5.179664862,6.204033973,0.104719755,684.7073971,5.94921756,12.39493746,102.7061096,CI,CHN,-999.0,447,-0.425804792,-0.152837688,-0.060213095,-0.272967104,CI.CHN,447,-0.425804792,1.372529984,207.397995,1.463750005,-0.42580479234528745,447,494.2796169907481,483.78475801183924,428.97289915745415,427.7553767278331
3049,RSN15934,13,15934, CHN,3.64,33.8726,-117.7125,2.161,14.34,292,33.999,-117.68,19.2,19.36,-0.005522224,-0.029649712,0.000432142,0.000238881,0.186248827,0.167623489,84.47383318,5.179664862,5.93802414,0.087266463,548.2590954,23.11704991,68.61103989,82.23886431,CI,CHN,-999.0,395,-0.302131963,-0.152837688,-0.060213095,-0.149294274,CI.CHN,395,-0.302131963,1.372529984,207.397995,1.463750005,-0.30213196263284026,395,388.5251195286395,410.206998000605,344.17318171260496,368.7054546415101
3049,RSN19315,13,19315, CHN,3.64,33.938,-117.7504,13.632,9.39,292,33.999,-117.68,17.6,17.65,0.001891337,0.064357365,0.00075005,0.000569462,0.029388047,0.092366927,35.46896961,5.179664862,6.282139913,0.017453293,159.0387332,3.3212699,85.80409973,23.85580998,CI,CHN,-999.0,169,0.546855087,-0.152837688,-0.060213095,0.699692776,CI.CHN,169,0.546855087,1.372529984,207.397995,1.463750005,0.5468550873452083,169,182.33136954041314,210.6508475887646,173.30735964176816,189.95039344642188
3049,RSN8190,13,8190, CHN,4.92,33.5083,-116.5143,15.2,120.79,292,33.999,-117.68,22.09,22.36,0.005982073,0.027227742,0.000841978,0.000285049,0.21970508,0.156970469,83.19520098,5.179664862,6.325747735,0.104719755,687.3031976,20.98612168,32.33783068,103.0954796,CI,CHN,-999.0,449,-0.430269085,-0.152837688,-0.060213095,-0.277431397,CI.CHN,449,-0.430269085,1.372529984,207.397995,1.463750005,-0.4302690854739728,449,408.1712024835467,440.40122373664303,381.6777312327941,399.39911544365106
3054,RSN16099,15,16099, DNR,3.58,33.827,-117.0296,15.131,46.88,361,33.567,-116.631,17.25,17.33,0.000134656,0.001133367,6.02e-05,1.71e-05,0.118810846,0.150870694,72.56655244,5.179664862,6.323730411,0.052359878,391.5392027,7.874619883,18.82669435,58.73088041,CI,DNR,-999.0,322,0.114326413,-0.162157535,-0.069532941,0.276483948,CI.DNR,322,0.114326413,7.391310215,1272.319946,5.659110069,0.114326412788472,322,361.18462282237533,348.1487919648072,396.6077979227445,380.7175307911528
3054,RSN13389,15,13389, DNR,3.9,34.4032,-118.651,13.612,208.43,361,33.567,-116.631,16.3,16.55,-6.86e-05,-0.000210166,1.89e-05,9.52e-06,0.326439255,0.158894846,86.51341931,5.179664862,6.281821568,0.157079633,988.6876505,7.205882353,11.11989418,148.3031476,CI,DNR,-999.0,596,-0.501362709,-0.162157535,-0.069532941,-0.339205174,CI.DNR,596,-0.501362709,7.391310215,1272.319946,5.659110069,-0.5013627087324695,596,703.5417263587275,553.7343049993669,658.968075971742,572.7610943142253
3054,RSN12684,15,12684, DNR,4.34,35.8373,-117.678,6.864,269.5,361,33.567,-116.631,21.4,21.45,1.47e-05,5.95e-05,2.74e-05,5.4e-06,0.246215253,0.163980636,88.74653415,5.179664862,6.096821743,0.122173048,734.4411395,2.722222222,2.171532847,110.1661709,CI,DNR,-999.0,470,-0.263854736,-0.162157535,-0.069532941,-0.101697202,CI.DNR,470,-0.263854736,7.391310215,1272.319946,5.659110069,-0.2638547363712238,470,601.5799458488484,442.5248270510137,531.6632157186863,457.9856154522245
3054,RSN17911,15,17911, DNR,4.04,36.3911,-117.8665,9.439,333.0,361,33.567,-116.631,11.1,11.15,-2.61e-05,-7.29e-05,2.79e-05,7.88e-06,0.357988974,0.161656401,88.53953366,5.179664862,6.183950287,0.174532925,1058.494134,3.312182741,2.612903226,158.7741201,CI,DNR,-999.0,621,-0.542453124,-0.162157535,-0.069532941,-0.380295589,CI.DNR,621,-0.542453124,7.391310215,1272.319946,5.659110069,-0.5424531236005983,621,991.2791898374753,698.0502946493547,727.8860651519688,738.6572822128666
3054,RSN18326,15,18326, DNR,3.05,33.5043,-116.561,11.461,9.52,361,33.567,-116.631,14.13,14.17,-0.000633154,-0.005548436,0.00015563,4.44e-05,0.114113958,0.104504533,40.70667477,5.179664862,6.240750508,0.052359878,543.2017399,14.26022523,35.65145537,81.48026099,CI,DNR,-999.0,393,-0.084931654,-0.162157535,-0.069532941,0.077225881,CI.DNR,393,-0.084931654,7.391310215,1272.319946,5.659110069,-0.08493165353638066,393,422.6884005991699,415.4200998244147,459.0618439565113,453.774470853157
3054,RSN11372,15,11372, DNR,4.73,33.7328,-117.4921,10.018,81.97,361,33.567,-116.631,27.54,27.63,-0.000166098,-0.002010053,0.000324771,5.81e-05,0.082633683,0.160205401,83.56848316,5.179664862,6.202702587,0.034906585,257.1802401,2.858829604,6.189139424,38.57703602,CI,DNR,-999.0,243,0.395816515,-0.162157535,-0.069532941,0.55797405,CI.DNR,243,0.395816515,7.391310215,1272.319946,5.659110069,0.3958165149923323,243,368.7035627662661,310.47153319783376,386.7951382833034,329.49494213093135
3054,RSN8787,15,8787, DNR,5.39,33.9465,-117.7667,14.89,113.33,361,33.567,-116.631,25.56,25.7,0.001126973,0.006130913,0.000166563,0.000141055,0.183818148,0.157110973,82.93039724,5.179664862,6.31653763,0.087266463,577.5588338,7.989599801,36.80837281,86.63382507,CI,DNR,-999.0,407,-0.119935227,-0.162157535,-0.069532941,0.042222308,CI.DNR,407,-0.119935227,7.391310215,1272.319946,5.659110069,-0.11993522710971405,407,373.93377184126405,349.0333446782861,385.2735664679236,369.33956356169955
3054,RSN18350,15,18350, DNR,3.34,33.5022,-116.5193,11.15,12.62,361,33.567,-116.631,14.34,14.4,-0.002487305,-0.016722756,0.001539975,0.000202343,0.148737715,0.12248587,49.77434518,5.179664862,6.233428753,0.06981317,602.0263062,12.29251815,10.85910875,90.30394593,CI,DNR,-999.0,416,-0.141807302,-0.162157535,-0.069532941,0.020350233,CI.DNR,416,-0.141807302,7.391310215,1272.319946,5.659110069,-0.14180730192838276,416,418.3417378292774,398.9911116820076,442.1315506510631,430.21928091389105
3054,RSN16941,15,16941, DNR,3.63,34.1242,-116.405,9.555,65.25,361,33.567,-116.631,12.27,12.34,-0.00054837,-0.001575053,5.28e-05,2.49e-05,0.348159993,0.160180952,82.38629928,5.179664862,6.187901101,0.174532925,1042.045123,22.02289157,29.83054924,156.3067685,CI,DNR,-999.0,616,-0.534369005,-0.162157535,-0.069532941,-0.37221147,CI.DNR,616,-0.534369005,7.391310215,1272.319946,5.659110069,-0.5343690052006389,616,602.0479276749627,563.8258190340053,558.3154640804078,562.3307571107332
3054,RSN16327,15,16327, DNR,3.74,34.8456,-119.2446,12.927,279.53,361,33.567,-116.631,26.87,26.99,6.58e-06,4.78e-05,8.61e-06,3.22e-06,0.137744775,0.159335542,87.54335272,5.179664862,6.270295551,0.06981317,429.2491571,2.043478261,5.551684088,64.38737357,CI,DNR,-999.0,341,0.056995481,-0.162157535,-0.069532941,0.219153016,CI.DNR,341,0.056995481,7.391310215,1272.319946,5.659110069,0.05699548104936358,341,414.1570225774585,352.0986721538495,446.97526118931876,410.93543119378046
3055,RSN18327,16,18327, DPP,3.05,33.5043,-116.561,11.461,66.34,611,32.999,-116.942,13.55,13.61,0.00017045,0.000203671,2.93e-05,3.51e-05,0.836886682,0.158201433,80.85730303,5.179664862,6.240750508,0.34906585,2158.383988,4.856125356,6.951228669,323.7575982,CI,DPP,-999.0,902,-0.389517561,-0.419009726,-0.326385133,0.029492165,CI.DPP,902,-0.389517561,2.213140011,484.9679871,5.799489975,-0.3895175608910284,902,777.87274021827,815.1375579677615,718.6253051890775,818.2685806518681
3055,RSN17371,16,17371, DPP,3.56,33.0804,-116.4826,10.835,43.85,611,32.999,-116.942,19.03,19.08,0.004652712,0.007829562,4.8e-05,0.000104188,0.594249305,0.156397394,76.82070488,5.179664862,6.225560001,0.261799388,1691.521485,44.65688947,163.115875,253.7282228,CI,DPP,-999.0,747,-0.200968226,-0.419009726,-0.326385133,0.2180415,CI.DPP,747,-0.200968226,2.213140011,484.9679871,5.799489975,-0.20096822596122177,747,667.3525267003754,716.3475235969621,602.5653869988153,736.4690370892364
3055,RSN13230,16,13230, DPP,4.19,34.3571,-116.8418,9.486,150.92,611,32.999,-116.942,22.37,22.47,-0.000929605,-0.000768645,2.29e-05,1.57e-05,1.209407695,0.161405201,86.74035365,5.179664862,6.185563454,0.436332313,2636.562678,59.21050955,33.56528384,395.4844017,CI,DPP,-999.0,1052,-0.543351434,-0.419009726,-0.326385133,-0.124341708,CI.DPP,1052,-0.543351434,2.213140011,484.9679871,5.799489975,-0.5433514341260599,1052,1057.2139428907883,1000.353904522119,981.4534114572131,997.971050662167
3055,RSN16712,16,16712, DPP,3.73,33.5058,-116.7636,16.276,58.61,611,32.999,-116.942,21.65,21.78,-0.002660067,-0.00209031,1.79e-05,1.58e-05,1.272570716,0.151992878,74.99728398,5.179664862,6.3549922,0.453785606,2876.740171,168.3586709,116.777095,431.5110257,CI,DPP,-999.0,1125,-0.610441355,-0.419009726,-0.326385133,-0.19143163,CI.DPP,1125,-0.610441355,2.213140011,484.9679871,5.799489975,-0.610441355466925,1125,801.175522246363,982.291894847076,815.2410425367956,984.7847504343555
3055,RSN10933,16,10933, DPP,4.26,33.8776,-116.2019,10.062,119.3,611,32.999,-116.942,33.4,33.52,-0.003456136,-0.003099219,0.000148267,7e-05,1.115163658,0.160712228,85.6084981,5.179664862,6.204033973,0.41887902,2536.039244,49.37337143,20.90295885,380.4058866,CI,DPP,-999.0,1021,-0.513440859,-0.419009726,-0.326385133,-0.094431133,CI.DPP,1021,-0.513440859,2.213140011,484.9679871,5.799489975,-0.5134408589930697,1021,968.3053748451508,968.7381274742016,880.5488350107748,948.3244902072425
3055,RSN8788,16,8788, DPP,5.39,33.9465,-117.7667,14.89,130.08,611,32.999,-116.942,29.11,29.53,-0.044895346,-0.031483761,0.001451065,0.001400032,1.425984239,0.157404751,83.85438756,5.179664862,6.31653763,0.471238898,2926.411746,32.06737132,21.69700255,438.9617619,CI,DPP,-999.0,1139,-0.622809004,-0.419009726,-0.326385133,-0.203799278,CI.DPP,1139,-0.622809004,2.213140011,484.9679871,5.799489975,-0.6228090042755863,1139,835.5920969823509,1015.8731971509071,818.6757498841802,1020.2625149744215
3055,RSN16942,16,16942, DPP,3.63,34.1242,-116.405,9.555,134.39,611,32.999,-116.942,13.49,13.57,-0.000387818,-0.000302063,1.3e-05,1.11e-05,1.283899883,0.161272399,86.31961617,5.179664862,6.187901101,0.453785606,2721.933824,34.93855856,23.23561538,408.2900736,CI,DPP,-999.0,1078,-0.567765792,-0.419009726,-0.326385133,-0.148756066,CI.DPP,1078,-0.567765792,2.213140011,484.9679871,5.799489975,-0.5677657922973465,1078,1071.005171308654,1007.2502898767083,987.6165844622406,1009.5535634412604
3055,RSN16256,16,16256, DPP,3.64,33.223,-116.7186,8.687,32.43,611,32.999,-116.942,16.87,16.93,-0.007829933,-0.010309267,0.000212187,1.38e-05,0.759504371,0.157678481,76.07339924,5.179664862,6.155594857,0.331612558,2026.845225,567.3864493,48.58576162,304.0267838,CI,DPP,-999.0,859,-0.340671963,-0.419009726,-0.326385133,0.078337763,CI.DPP,859,-0.340671963,2.213140011,484.9679871,5.799489975,-0.3406719628126593,859,748.1320861740652,778.6320128841962,693.1582671115244,781.1264260693794
3055,RSN15944,16,15944, DPP,3.64,33.8726,-117.7125,2.161,120.51,611,32.999,-116.942,34.05,34.15,-0.00013362,-0.000112093,3.72e-05,3.4e-05,1.19204789,0.168398172,89.44102278,5.179664862,5.93802414,0.436332313,2509.93034,3.93,3.013252688,376.489551,CI,DPP,-999.0,1012,-0.504586891,-0.419009726,-0.326385133,-0.085577165,CI.DPP,1012,-0.504586891,2.213140011,484.9679871,5.799489975,-0.5045868906758155,1012,1124.809208835626,999.133867524622,956.4228418978835,965.1007290537661
3055,RSN19335,16,19335, DPP,3.09,33.9522,-117.7991,13.107,132.38,611,32.999,-116.942,13.61,13.65,-4.5e-05,-7.81e-05,2.2e-05,1.11e-05,0.575920403,0.158725585,84.71973239,5.179664862,6.273446412,0.261799388,1627.520346,4.054054054,3.55,244.1280519,CI,DPP,-999.0,726,-0.172453056,-0.419009726,-0.326385133,0.24655667,CI.DPP,726,-0.172453056,2.213140011,484.9679871,5.799489975,-0.17245305565320024,726,732.7330259676039,759.5392992436977,664.8570038054804,762.5007260647758
3055,RSN17839,16,17839, DPP,3.14,33.0622,-115.8937,7.729,98.19,611,32.999,-116.942,29.43,29.5,0.000266355,0.000577959,2.39e-05,7.23e-06,0.460853818,0.163029258,85.99048181,5.179664862,6.11885537,0.20943951,1312.637704,36.84024896,24.18238494,196.8956556,CI,DPP,-999.0,705,-0.143100844,-0.419009726,-0.326385133,0.275908882,CI.DPP,705,-0.143100844,2.213140011,484.9679871,5.799489975,-0.14310084364067333,705,675.5841652927189,717.7222832341226,593.7649075273546,716.9031411804225
3057,RSN16259,18,16259, EML,3.64,33.223,-116.7186,8.687,38.69,805,32.891,-116.846,20.01,20.07,-0.003172855,-0.003332414,4.23e-05,1.78e-05,0.952119143,0.159057412,78.26337593,5.179664862,6.155594857,0.383972435,2336.429448,178.2502809,78.78047281,350.4644172,CI,EML,10.210785,958,-0.174005501,-0.269563321,-0.176938728,0.095557821,CI.EML,952,-0.167722757,8.073479652,181.2330017,6.086840153,-0.1677227573728013,952,838.0581059572748,798.2678546038065,767.4215392274773,855.2790255700986
3057,RSN17749,18,17749, EML,3.63,32.7081,-116.029,7.885,79.17,805,32.891,-116.846,27.28,27.38,0.000374191,0.000253674,1.19e-05,1.09e-05,1.475087241,0.162689469,84.89045267,5.179664862,6.12225391,0.488692191,2880.024428,34.32944954,21.31714286,432.0036642,CI,EML,10.210785,1125,-0.334696037,-0.269563321,-0.176938728,-0.065132716,CI.EML,1118,-0.328454376,8.073479652,181.2330017,6.086840153,-0.3284543762964809,1118,982.7141673288127,945.7506453360859,894.1844521059173,1004.5522962258684
3057,RSN17842,18,17842, EML,3.14,33.0622,-115.8937,7.729,91.02,805,32.891,-116.846,28.15,28.22,0.000520227,0.000420615,4.34e-05,5.53e-05,1.236823546,0.16296414,85.67627896,5.179664862,6.11885537,0.453785606,2648.742941,9.407359855,9.691589862,397.3114412,CI,EML,10.210785,1055,-0.270453768,-0.269563321,-0.176938728,-0.000890447,CI.EML,1048,-0.263796587,8.073479652,181.2330017,6.086840153,-0.26379658746242374,1048,934.5765660864308,887.3479189889807,853.7105678925702,941.5258639151126
3057,RSN15699,18,15699, EML,3.81,32.4923,-116.8468,13.18,44.21,805,32.891,-116.846,18.65,18.71,-0.01244177,-0.011878485,1.49e-05,2.33e-05,1.047420649,0.153337451,74.18491761,5.179664862,6.274698597,0.401425728,2563.643482,533.9815451,797.2137584,384.5465223,CI,EML,10.210785,1029,-0.245500458,-0.269563321,-0.176938728,0.024062863,CI.EML,1022,-0.238674493,8.073479652,181.2330017,6.086840153,-0.23867449334508617,1022,755.3815509990201,838.9290840288267,765.6223472968042,907.6457955879628
3057,RSN15900,18,15900, EML,3.96,32.6554,-116.1347,12.336,71.58,805,32.891,-116.846,22.1,22.14,0.001994341,0.001705951,0.000546799,0.000522423,1.169049307,0.157708393,80.80121718,5.179664862,6.25927157,0.436332313,2655.262849,3.817483151,3.119886832,398.2894274,CI,EML,10.210785,1057,-0.272347708,-0.269563321,-0.176938728,-0.002784387,CI.EML,1050,-0.265703166,8.073479652,181.2330017,6.086840153,-0.26570316573300534,1050,772.1174457415627,860.8949052689599,756.005895384964,912.9855729922143
3057,RSN16713,18,16713, EML,3.73,33.5058,-116.7636,16.276,68.62,805,32.891,-116.846,25.61,25.69,-0.000986064,-0.000857696,5.23e-05,2.99e-05,1.149665994,0.153419446,77.15611715,5.179664862,6.3549922,0.41887902,2697.006404,32.9787291,16.39954111,404.5509606,CI,EML,10.210785,1070,-0.28457165,-0.269563321,-0.176938728,-0.015008329,CI.EML,1063,-0.278008101,8.073479652,181.2330017,6.086840153,-0.2780081009233841,1063,795.3971052303341,872.9779724594032,783.7102826895032,926.3733922567727
3057,RSN8209,18,8209, EML,4.92,33.5083,-116.5143,15.2,75.26,805,32.891,-116.846,24.1,24.15,-0.004387959,-0.003310823,0.001155954,0.000894352,1.325337775,0.155251543,79.1374487,5.179664862,6.325747735,0.453785606,2867.10797,4.906299757,2.864147708,430.0661955,CI,EML,10.210785,1122,-0.332025809,-0.269563321,-0.176938728,-0.062462487,CI.EML,1115,-0.325767406,8.073479652,181.2330017,6.086840153,-0.3257674064756557,1115,709.5750237289885,894.054899413396,753.2682497502067,946.6992485468865
3057,RSN11377,18,11377, EML,4.73,33.7328,-117.4921,10.018,111.07,805,32.891,-116.846,30.35,30.57,-0.005659209,-0.004480937,0.000120919,9.7e-05,1.262952197,0.160671095,85.27046558,5.179664862,6.202702587,0.453785606,2712.123426,58.34236082,37.05734417,406.8185139,CI,EML,10.210785,1075,-0.289233663,-0.269563321,-0.176938728,-0.019670342,CI.EML,1068,-0.282700742,8.073479652,181.2330017,6.086840153,-0.2827007421015768,1068,959.5204064801143,916.5977778566446,877.0027632768664,955.8297648445676
3057,RSN13234,18,13234, EML,4.19,34.3571,-116.8418,9.486,162.61,805,32.891,-116.846,18.43,18.5,-0.000361012,-0.000232224,4.6e-05,4.42e-05,1.554582165,0.16144266,86.98284175,5.179664862,6.185563454,0.506145483,2971.354172,8.167692308,5.048347826,445.7031258,CI,EML,10.210785,1153,-0.359280243,-0.269563321,-0.176938728,-0.089716922,CI.EML,1145,-0.352317639,8.073479652,181.2330017,6.086840153,-0.3523176385697768,1145,1153.9424361281456,1023.96483568146,1065.1286650207378,1062.8354571091356
3057,RSN14306,18,14306, EML,4.19,33.4453,-116.439,8.875,72.25,805,32.891,-116.846,17.39,17.45,-0.000717965,-0.000568465,1.32e-05,1.4e-05,1.262988859,0.161265342,83.6708799,5.179664862,6.16316588,0.453785606,2702.164772,51.28321429,43.0655303,405.3247158,CI,EML,10.210785,1072,-0.286439064,-0.269563321,-0.176938728,-0.016875743,CI.EML,1065,-0.279887801,8.073479652,181.2330017,6.086840153,-0.27988780072496144,1065,928.7681448262259,920.7187951029176,864.2215418672467,958.673910444176
3057,RSN18352,18,18352, EML,3.34,33.5022,-116.5193,11.15,74.32,805,32.891,-116.846,14.3,14.38,-0.000262722,-0.000261848,5.92e-05,3.15e-05,1.003338032,0.158896774,82.0842817,5.179664862,6.233428753,0.401425728,2417.582203,8.340380952,4.423108108,362.6373305,CI,EML,10.210785,984,-0.20078362,-0.269563321,-0.176938728,0.068779702,CI.EML,978,-0.194667393,8.073479652,181.2330017,6.086840153,-0.1946673926162541,978,846.8731503677509,824.9333612194699,775.1288856160915,880.5182413140361
3057,RSN12844,18,12844, EML,4.02,33.7129,-116.0516,12.808,117.4,805,32.891,-116.846,22.9,22.97,-0.000189767,-0.000194778,4.43e-05,2.64e-05,0.974269518,0.158716235,84.18770497,5.179664862,6.268161535,0.383972435,2371.949963,7.188143939,4.396794582,355.7924945,CI,EML,10.210785,969,-0.185422334,-0.269563321,-0.176938728,0.084140987,CI.EML,963,-0.179211134,8.073479652,181.2330017,6.086840153,-0.17921113437956215,963,929.3910896804877,847.7838672895413,814.1003605096358,880.7075230537678
3079,RSN16902,25,16902, PLM,3.6,34.2088,-117.5824,7.536,115.88,465,33.354,-116.863,14.32,14.39,8.41e-05,0.000171191,5.41e-06,1.61e-05,0.491053724,0.163279353,86.71863423,5.179664862,6.114431914,0.226892803,1385.35009,5.223602484,31.64343808,207.8025135,CI,PLM,-999.0,730,-0.451007129,-0.335573349,-0.242948756,-0.115433779,CI.PLM,730,-0.451007129,6.259709835,1675.150024,4.301589966,-0.45100712855508096,730,780.6478593538747,618.3235439838788,705.8128556558298,639.2561766710401
3079,RSN16729,25,16729, PLM,3.73,33.5058,-116.7636,16.276,19.21,465,33.354,-116.863,20.04,20.09,0.002296094,0.007441843,0.000143672,6.19e-05,0.308538347,0.119975087,49.67984349,5.179664862,6.3549922,0.157079633,1243.883394,37.09360258,51.79744835,186.5825091,CI,PLM,-999.0,679,-0.378583722,-0.335573349,-0.242948756,-0.043010373,CI.PLM,679,-0.378583722,6.259709835,1675.150024,4.301589966,-0.3785837219713404,679,629.3501750400519,581.1922295066317,599.7443352936083,600.7268930215009
3079,RSN15123,25,15123, PLM,3.78,34.1353,-117.4476,5.857,102.2,465,33.354,-116.863,23.63,23.76,-0.000333858,-0.000775802,1.02e-05,6.85e-06,0.430339678,0.164778234,87.21932919,5.179664862,6.061617088,0.20943951,1226.01883,48.73839416,76.05901961,183.9028245,CI,PLM,-999.0,672,-0.368220935,-0.335573349,-0.242948756,-0.032647586,CI.PLM,672,-0.368220935,6.259709835,1675.150024,4.301589966,-0.36822093493579366,672,648.9888279477364,563.5472541385734,602.6455654423395,581.3940524815662
3079,RSN9072,25,9072, PLM,5.2,33.5328,-116.5697,15.48,33.72,465,33.354,-116.863,16.12,16.24,0.029248173,0.067399015,0.003927509,0.001523372,0.433955502,0.143843266,65.65324815,5.179664862,6.333749326,0.20943951,1414.455185,19.19962622,17.1607538,212.1682778,CI,PLM,-999.0,740,-0.464612781,-0.335573349,-0.242948756,-0.129039431,CI.PLM,740,-0.464612781,6.259709835,1675.150024,4.301589966,-0.4646127806108593,740,648.9959161155972,577.8783532271275,624.2614470226703,611.292100863599
3079,RSN12860,25,12860, PLM,4.02,33.7129,-116.0516,12.808,85.23,465,33.354,-116.863,23.82,23.91,0.001235693,0.002690317,0.000101675,4.45e-05,0.459311318,0.157983148,81.99828106,5.179664862,6.268161535,0.20943951,1350.78844,27.76838202,26.45996558,202.618266,CI,PLM,-999.0,718,-0.434432163,-0.335573349,-0.242948756,-0.098858814,CI.PLM,718,-0.434432163,6.259709835,1675.150024,4.301589966,-0.4344321634608681,718,663.5707601670695,581.8604239201968,620.5188562910771,608.6369173857298
3079,RSN17625,25,17625, PLM,3.52,33.5309,-117.6639,9.734,77.01,465,33.354,-116.863,35.16,35.2,6.58e-05,0.000201029,6.13e-05,3.23e-05,0.327467227,0.160368002,83.35763421,5.179664862,6.193801083,0.157079633,982.3988806,2.037151703,3.279429038,147.3598321,CI,PLM,-999.0,592,-0.241469229,-0.335573349,-0.242948756,0.09410412,CI.PLM,592,-0.241469229,6.259709835,1675.150024,4.301589966,-0.2414692292966496,592,519.3487869310436,507.1986696094046,523.752652757204,528.8876416830465
3079,RSN17470,25,17470, PLM,3.59,34.0938,-117.4347,3.015,97.68,465,33.354,-116.863,42.01,42.1,-0.00011663,-0.000289544,2.04e-05,7.82e-06,0.402804845,0.168369102,88.79756202,5.179664862,5.93802414,0.191986218,1130.315374,14.91432225,14.19333333,169.5473061,CI,PLM,-999.0,640,-0.319430771,-0.335573349,-0.242948756,0.016142578,CI.PLM,640,-0.319430771,6.259709835,1675.150024,4.301589966,-0.3194307707663615,640,662.9949934480181,576.5404683566186,627.3248691318944,595.6095745324185
3079,RSN16119,25,16119, PLM,3.58,33.827,-117.0296,15.131,54.69,465,33.354,-116.863,15.01,15.05,-6.38e-05,-0.000310278,1.28e-05,1.44e-05,0.205464122,0.152796762,75.07093784,5.179664862,6.323730411,0.104719755,662.2052449,4.430555556,24.24046875,99.33078674,CI,PLM,-999.0,437,0.06210421,-0.335573349,-0.242948756,0.39767756,CI.PLM,437,0.06210421,6.259709835,1675.150024,4.301589966,0.062104210491765954,437,384.8853214337983,371.1680464450073,384.088732842118,392.80155423961713
3079,RSN14005,25,14005, PLM,4.15,33.638,-116.7082,12.649,34.63,465,33.354,-116.863,13.29,13.38,-0.013323514,-0.029004204,0.000773091,0.000330259,0.459364905,0.150508559,70.55696822,5.179664862,6.265244507,0.20943951,1418.009391,40.342622,37.51719267,212.7014087,CI,PLM,-999.0,741,-0.46596322,-0.335573349,-0.242948756,-0.13038987,CI.PLM,741,-0.46596322,6.259709835,1675.150024,4.301589966,-0.46596321970873067,741,675.2709333162497,600.4994068591446,639.2923149272818,628.133643151568
3079,RSN16550,25,16550, PLM,3.61,34.2449,-117.4464,12.48,112.62,465,33.354,-116.863,18.25,18.31,-0.000127251,-0.000314631,9.47e-05,3.95e-05,0.404443628,0.158844622,84.09526775,5.179664862,6.262058538,0.191986218,1202.302759,3.221544304,3.322397043,180.3454139,CI,PLM,-999.0,663,-0.354737585,-0.335573349,-0.242948756,-0.019164235,CI.PLM,663,-0.354737585,6.259709835,1675.150024,4.301589966,-0.3547375845985066,663,669.5734184838253,577.9451388684955,620.8034343577452,596.318067583307
3079,RSN18125,25,18125, PLM,5.19,36.4034,-117.8499,9.418,350.12,465,33.354,-116.863,13.8,13.86,-5.63e-05,-0.000152753,5.83e-05,2.11e-05,0.368401928,0.161680632,88.61430508,5.179664862,6.183223963,0.174532925,1085.586115,2.668246445,2.620120069,162.8379173,CI,PLM,-999.0,629,-0.302093851,-0.335573349,-0.242948756,0.033479498,CI.PLM,629,-0.302093851,6.259709835,1675.150024,4.301589966,-0.30209385111308507,629,973.6285882255671,668.5722579178115,724.5632052537372,712.4153822220594
3079,RSN19389,25,19389, PLM,3.43,34.1381,-117.4717,5.767,103.66,465,33.354,-116.863,34.58,34.7,-0.000336064,-0.000876985,5.99e-05,4.02e-05,0.383203807,0.164897224,87.3242119,5.179664862,6.057771424,0.174532925,1101.9573,8.359800995,14.64081803,165.293595,CI,PLM,-999.0,633,-0.308433017,-0.335573349,-0.242948756,0.027140333,CI.PLM,633,-0.308433017,6.259709835,1675.150024,4.301589966,-0.3084330165568199,633,643.0825867928589,570.0537732645479,581.5252925676891,579.5473922492293
3082,RSN14517,27,14517, RXH,4.01,33.2617,-116.0659,5.761,42.2,309,33.183,-115.623,20.3,20.43,0.000677085,0.00305885,0.000302922,0.000242409,0.221352841,0.163927241,83.21230329,5.179664862,6.057510055,0.104719755,662.8442834,2.793151244,10.09781396,99.42664251,CI,RXH,4.186403333,437,-0.346591918,-0.407405332,-0.314780739,0.060813414,CI.RXH,437,-0.346591918,0.0,-70.9733963,0.0122753,-0.3465919181978441,437,412.37290732466846,499.37334147961303,349.4413163896776,472.94352569092473
3082,RSN9085,27,9085, RXH,5.2,33.5328,-116.5697,15.48,96.28,309,33.183,-115.623,12.58,12.78,-0.012905,-0.043378445,0.000213116,0.000286978,0.297497988,0.156081717,81.33361914,5.179664862,6.333749326,0.13962634,922.4833249,44.96860387,203.5438212,138.3724987,CI,RXH,4.186403333,559,-0.592808196,-0.407405332,-0.314780739,-0.185402864,CI.RXH,559,-0.592808196,0.0,-70.9733963,0.0122753,-0.5928081962573533,559,464.33743810221273,547.4750876346933,417.7637451235796,524.6028664564636
3082,RSN16777,27,16777, RXH,3.72,33.1099,-116.0467,7.494,40.35,309,33.183,-115.623,13.45,13.54,0.00218657,0.011382116,0.001006174,0.000662202,0.192105745,0.161352573,80.54625451,5.179664862,6.113435346,0.087266463,586.8559378,3.301968282,11.31227402,88.02839067,CI,RXH,4.186403333,410,-0.282815883,-0.407405332,-0.314780739,0.12458945,CI.RXH,410,-0.282815883,0.0,-70.9733963,0.0122753,-0.282815882800608,410,387.09823215769944,462.5622735714366,327.1887943619006,428.8391970796962
3088,RSN16968,30,16968, SLR,3.63,34.1242,-116.405,9.555,48.46,499,33.834,-116.797,13.85,13.9,0.001075287,0.003165633,5.62e-05,1.05e-05,0.33967532,0.158993285,79.68388983,5.179664862,6.187901101,0.157079633,1024.167659,102.4082857,56.32798932,153.6251489,CI,SLR,-999.0,610,-0.200852861,-0.371471551,-0.278846958,0.170618689,CI.SLR,610,-0.200852861,12.81680012,1560.819946,7.582159996,-0.20085286141583847,610,575.6333805684862,535.9803650896155,522.5667506409059,557.797852919183
3088,RSN15306,30,15306, SLR,3.86,34.1976,-117.3882,14.177,67.89,499,33.834,-116.797,19.66,19.74,0.001727035,0.004431614,0.000134679,2.39e-05,0.389707943,0.155810868,78.70926757,5.179664862,6.293825021,0.191986218,1186.853439,72.26087866,32.90501117,178.0280159,CI,SLR,-999.0,657,-0.275077923,-0.371471551,-0.278846958,0.096393628,CI.SLR,657,-0.275077923,12.81680012,1560.819946,7.582159996,-0.2750779227330913,657,612.4200167321457,582.4763669043692,564.5740557501524,601.3628816606332
3088,RSN11462,30,11462, SLR,4.73,33.7328,-117.4921,10.018,65.35,499,33.834,-116.797,18.15,18.33,0.003220704,0.005755018,2.89e-05,4.37e-05,0.559633938,0.159643014,81.97946981,5.179664862,6.202702587,0.261799388,1582.860603,73.70032037,199.1355709,237.4290905,CI,SLR,-999.0,733,-0.384539606,-0.371471551,-0.278846958,-0.013068055,CI.SLR,733,-0.384539606,12.81680012,1560.819946,7.582159996,-0.3845396061351325,733,650.5315743203003,584.9885992503911,598.697206649957,622.5421728429116
3088,RSN18341,30,18341, SLR,3.05,33.5043,-116.561,11.461,42.62,499,33.834,-116.797,14.37,14.43,-0.001275146,-0.002577898,0.000195539,7.67e-05,0.494645735,0.15526303,75.68657561,5.179664862,6.240750508,0.226892803,1465.538262,16.62511082,13.18354906,219.8307393,CI,SLR,-999.0,758,-0.41807729,-0.371471551,-0.278846958,-0.046605739,CI.SLR,758,-0.41807729,12.81680012,1560.819946,7.582159996,-0.4180772898908529,758,688.1613937595653,623.0718130071276,638.5354963395749,655.1026869513277
3088,RSN15918,30,15918, SLR,3.96,32.6554,-116.1347,12.336,144.55,499,33.834,-116.797,23.58,23.64,-0.000753375,-0.001043456,0.000403514,0.000347035,0.722000102,0.159263364,85.46748579,5.179664862,6.25927157,0.314159265,1932.026733,2.170890544,2.585922669,289.80401,CI,SLR,-999.0,828,-0.506407059,-0.371471551,-0.278846958,-0.134935508,CI.SLR,828,-0.506407059,12.81680012,1560.819946,7.582159996,-0.5064070586337408,828,793.40513591176,683.4232807770185,761.0224709921803,708.355525667174
3088,RSN12641,30,12641, SLR,4.11,33.5089,-116.8485,12.274,36.37,499,33.834,-116.797,12.39,12.44,-0.006136538,-0.014203182,0.00071193,0.000475956,0.432053766,0.152098203,72.14550871,5.179664862,6.258050482,0.20943951,1332.716965,12.89307835,19.95025073,199.9075448,CI,SLR,-999.0,712,-0.355471816,-0.371471551,-0.278846958,0.015999735,CI.SLR,712,-0.355471816,12.81680012,1560.819946,7.582159996,-0.35547181566045705,712,648.8433259395003,584.511052457006,607.5256680586975,613.2024193362059
3088,RSN14479,30,14479, SLR,4.05,32.7091,-116.0396,7.817,143.33,499,33.834,-116.797,36.85,36.91,-0.000146537,-0.000306751,7.5e-05,3.97e-05,0.477708615,0.163189631,87.25150926,5.179664862,6.120791156,0.226892803,1355.217979,3.691108312,4.090013333,203.2826969,CI,SLR,-999.0,720,-0.366645116,-0.371471551,-0.278846958,0.004826435,CI.SLR,720,-0.366645116,12.81680012,1560.819946,7.582159996,-0.3666451162585824,720,810.3820006021191,644.363283987134,721.1357036659427,669.7237120767826
3088,RSN18367,30,18367, SLR,3.34,33.5022,-116.5193,11.15,44.92,499,33.834,-116.797,15.55,15.61,-0.001485551,-0.002320246,0.00066218,0.000253651,0.640255561,0.156134561,76.7186394,5.179664862,6.233428753,0.27925268,1797.101595,5.856673145,3.503950587,269.5652393,CI,SLR,-999.0,783,-0.4505266,-0.371471551,-0.278846958,-0.079055049,CI.SLR,783,-0.4505266,12.81680012,1560.819946,7.582159996,-0.45052660023928404,783,643.7320498723191,628.153705652335,649.8813568995661,649.2489081150075
3088,RSN13454,30,13454, SLR,3.9,34.4032,-118.651,13.612,182.33,499,33.834,-116.797,9.5,9.66,-0.00020475,-0.000432545,9.76e-06,9.95e-06,0.473360691,0.158804444,86.01409791,5.179664862,6.281821568,0.226892803,1382.200359,20.57788945,44.31813525,207.3300539,CI,SLR,-999.0,729,-0.379067636,-0.371471551,-0.278846958,-0.007596085,CI.SLR,729,-0.379067636,12.81680012,1560.819946,7.582159996,-0.37906763625713946,729,777.699233323947,631.7570086765026,725.1145371015522,663.5701793003925
3088,RSN17852,30,17852, SLR,3.14,33.0622,-115.8937,7.729,119.92,499,33.834,-116.797,33.08,33.17,-0.000270799,-0.000355893,7.88e-05,6.82e-05,0.760901477,0.163164178,86.73621866,5.179664862,6.11885537,0.331612558,1961.079955,3.970659824,4.516408629,294.1619933,CI,SLR,-999.0,837,-0.517217975,-0.371471551,-0.278846958,-0.145746424,CI.SLR,837,-0.517217975,12.81680012,1560.819946,7.582159996,-0.5172179747379566,837,854.2903708583376,691.3746455796388,761.8168228629703,711.4040505638401
3088,RSN16736,30,16736, SLR,3.73,33.5058,-116.7636,16.276,36.53,499,33.834,-116.797,20.67,20.73,-0.004823463,-0.013368432,0.000148734,4.08e-05,0.360809971,0.144218582,66.42079339,5.179664862,6.3549922,0.174532925,1194.783927,118.2221324,89.88147969,179.2175891,CI,SLR,-999.0,660,-0.279633739,-0.371471551,-0.278846958,0.091837812,CI.SLR,660,-0.279633739,12.81680012,1560.819946,7.582159996,-0.2796337392689523,660,705.8032570686026,608.5242965873804,603.4022001291688,615.5304460371234
3088,RSN17354,30,17354, SLR,3.56,33.4509,-116.5827,10.563,46.91,499,33.834,-116.797,22.35,22.38,-0.002526741,-0.004745618,9.67e-05,0.000251218,0.532436589,0.15730124,78.00249158,5.179664862,6.218365755,0.244346095,1539.614711,10.05796161,49.07567735,230.9422067,CI,SLR,-999.0,774,-0.438965778,-0.371471551,-0.278846958,-0.067494227,CI.SLR,774,-0.438965778,12.81680012,1560.819946,7.582159996,-0.43896577783820856,774,690.5946619953003,636.3471923083309,650.1553853213692,668.9307120057092
3088,RSN15194,30,15194, SLR,3.9,33.867,-117.1038,11.856,28.63,499,33.834,-116.797,19.14,19.22,0.015963749,0.029929098,0.000635806,0.00015861,0.53338558,0.148462513,68.09621928,5.179664862,6.24946745,0.244346095,1633.571586,100.6478091,47.07268884,245.0357379,CI,SLR,-999.0,728,-0.377694952,-0.371471551,-0.278846958,-0.006223402,CI.SLR,728,-0.377694952,12.81680012,1560.819946,7.582159996,-0.37769495244516715,728,637.5335258024342,598.050827568646,613.6209905070782,629.1751399743622
3088,RSN13895,30,13895, SLR,4.17,34.3277,-116.829,4.957,54.84,499,33.834,-116.797,17.65,17.72,-0.008560207,-0.021616927,0.001247383,0.00031429,0.395995569,0.165772778,85.73019726,5.179664862,6.015610792,0.191986218,1131.178208,27.23665086,17.32982332,169.6767312,CI,SLR,-999.0,641,-0.250423361,-0.371471551,-0.278846958,0.12104819,CI.SLR,641,-0.250423361,12.81680012,1560.819946,7.582159996,-0.2504233611691511,641,628.8830116720242,585.9378562376764,574.7580315257859,598.8946743473174
100061,RSN14064,41,14064, JFP,3.7,37.8077,-122.0707,11.554,50.74,437,37.3605,-122.1899,35.82,35.98,-0.001276256,-0.005401324,0.000247597,0.000127405,0.236285826,0.156591891,77.84488639,5.179664862,6.242859346,0.122173048,739.7309305,10.01731486,21.8149816,110.9596396,NC,JFP,4.586666667,473,-0.079162193,-0.147989208,-0.055364615,0.068827015,NC.JFP,473,-0.079162193,12.65410042,276.7990112,16.2343998,-0.07916219339634267,473,405.77922675348015,458.0929324905371,509.4193891025757,498.71253098820273
100061,RSN11109,41,11109, JFP,4.5,38.3669,-122.5881,6.985,117.07,437,37.3605,-122.1899,20.1,20.23,0.000597232,0.002358286,0.001033856,0.000138202,0.253248111,0.163705445,87.02081613,5.179664862,6.100276528,0.122173048,755.457406,4.321442526,2.281058484,113.3186109,NC,JFP,4.586666667,480,-0.093852909,-0.147989208,-0.055364615,0.054136299,NC.JFP,480,-0.093852909,12.65410042,276.7990112,16.2343998,-0.09385290880634667,480,454.7595865584667,459.85207351107584,580.7305903823824,518.2328092854859
100061,RSN17725,41,17725, JFP,3.41,37.8651,-122.2381,9.076,56.17,437,37.3605,-122.1899,20.61,20.67,-0.000305946,-0.00097177,0.000104935,9.1e-05,0.314834012,0.160331953,81.64659047,5.179664862,6.170889681,0.157079633,948.1163157,3.362043956,9.260685186,142.2174474,NC,JFP,4.586666667,573,-0.270952522,-0.147989208,-0.055364615,-0.122963314,NC.JFP,573,-0.270952522,12.65410042,276.7990112,16.2343998,-0.27095252161914996,573,505.8196520580783,541.8817787314933,649.8596368404937,591.7490482614706
100085,RSN19291,45,19291, PHSB,3.8,36.6652,-121.2928,7.59,95.78,422,35.824,-121.0539,22.28,22.37,-0.000419541,-0.002688038,0.000174684,4.54e-05,0.156077036,0.163113361,85.98976153,5.179664862,6.115695017,0.06981317,473.8688099,9.240991189,15.38800348,71.08032149,NC,PHSB,-999.0,362,0.153361102,0.10773133,0.200355924,0.045629772,NC.PHSB,362,0.153361102,15.38220024,456.9030151,7.475399971,0.15336110221024057,362,355.7242979870417,336.91922328341644,365.5967237538861,332.4853054224931
100085,RSN14139,45,14139, PHSB,3.8,36.6815,-121.3092,5.568,97.88,422,35.824,-121.0539,20.25,20.31,-0.000573134,-0.003708485,0.000496725,0.000174029,0.154546587,0.165136585,87.27573066,5.179664862,6.048749462,0.06981317,463.5802015,3.293324676,7.465871458,69.53703023,NC,PHSB,-999.0,358,0.164472328,0.10773133,0.200355924,0.056740997,NC.PHSB,358,0.164472328,15.38220024,456.9030151,7.475399971,0.16447232763531172,358,356.37223593540534,333.8469978584303,361.5569809499758,328.81143464434405
100085,RSN14974,45,14974, PHSB,3.7,35.6371,-120.7559,6.53,34.01,422,35.824,-121.0539,20.48,20.54,0.003099906,0.014588228,0.00142569,0.000289612,0.21249365,0.161897703,80.1954097,5.179664862,6.086524027,0.104719755,645.4622031,10.70365178,10.23239835,96.81933047,NC,PHSB,-999.0,432,-0.023420274,0.10773133,0.200355924,-0.131151605,NC.PHSB,432,-0.023420274,15.38220024,456.9030151,7.475399971,-0.023420274208098668,432,415.0688459262394,350.82421318639535,385.203343794213,357.7301221724609
100085,RSN18518,45,18518, PHSB,3.48,35.8309,-120.3782,6.939,61.06,422,35.824,-121.0539,20.63,20.69,0.000452394,0.005290147,0.000295072,6.07e-05,0.085516394,0.163137439,84.25191083,5.179664862,6.098979266,0.034906585,261.3058298,7.452948929,17.92832597,39.19587447,NC,PHSB,-999.0,245,0.543747103,0.10773133,0.200355924,0.436015773,NC.PHSB,245,0.543747103,15.38220024,456.9030151,7.475399971,0.5437471034912846,245,392.0676106901715,344.6117548621352,374.444456708595,327.43209773269285
100085,RSN8736,45,8736, PHSB,5.45,37.4317,-121.7767,7.486,189.76,422,35.824,-121.0539,15.6,15.92,-0.002652344,-0.010814911,0.000812348,0.000357271,0.245248773,0.163482006,88.0240793,5.179664862,6.113244097,0.122173048,733.9516547,7.423899505,13.31315028,110.0927482,NC,PHSB,-999.0,470,-0.107727381,0.10773133,0.200355924,-0.215458711,NC.PHSB,470,-0.107727381,15.38220024,456.9030151,7.475399971,-0.10772738066809229,470,478.33599914595436,393.8417939389527,461.15685957630666,399.7523516130375
100085,RSN18487,45,18487, PHSB,4.01,35.8628,-120.4101,9.132,58.32,422,35.824,-121.0539,20.15,20.28,0.002910752,0.012537299,0.000716518,0.00021136,0.232167378,0.160372522,81.88059314,5.179664862,6.172976895,0.122173048,710.3450366,13.77153671,17.4975353,106.5517555,NC,PHSB,-999.0,459,-0.084044896,0.10773133,0.200355924,-0.191776226,NC.PHSB,459,-0.084044896,15.38220024,456.9030151,7.475399971,-0.08404489602453324,459,418.33627900983197,352.72573821587883,396.8679514111872,365.9584605504001
100091,RSN14493,49,14493, BEL,4.01,33.2617,-116.0659,5.761,82.19,796,34.0006,-115.9982,27.28,27.42,-0.000904187,-0.000951643,2.67e-05,6.04e-06,0.950132982,0.164792763,86.59420195,5.179664862,6.057510055,0.383972435,2252.442659,149.6998344,35.64205993,337.8663989,CI,BEL,-999.0,932,-0.157733629,0.085610816,0.178235409,-0.243344444,CI.BEL,932,-0.157733629,14.83349991,1330.719971,1.703959942,-0.1577336288412079,932,882.139306120169,905.4740551470442,889.1340662680885,999.8863926674484
100091,RSN15148,49,15148, BEL,3.9,33.867,-117.1038,11.856,103.29,796,34.0006,-115.9982,24.6,24.7,0.001087614,0.001843527,0.000151355,2.3e-05,0.58996366,0.159114974,83.92480187,5.179664862,6.24946745,0.261799388,1653.563216,47.28756522,12.18015262,248.0344824,CI,BEL,-999.0,734,0.081090157,0.085610816,0.178235409,-0.004520658,CI.BEL,734,0.081090157,14.83349991,1330.719971,1.703959942,0.0810901572298679,734,663.355862032468,726.8092013067665,662.4671919583798,791.0043257615737
100091,RSN16088,49,16088, BEL,3.58,33.827,-117.0296,15.131,97.31,796,34.0006,-115.9982,16.2,16.28,0.000264893,0.000639394,5.18e-05,7.89e-06,0.414287275,0.156448687,81.62631328,5.179664862,6.323730411,0.191986218,1246.264454,33.57325729,12.34351351,186.9396681,CI,BEL,-999.0,680,0.157506388,0.085610816,0.178235409,0.071895572,CI.BEL,680,0.157506388,14.83349991,1330.719971,1.703959942,0.15750638767423109,680,624.4068951000174,699.041417616397,632.6567950158548,739.7904928123119
100091,RSN13817,49,13817, BEL,4.17,34.3277,-116.829,4.957,84.76,796,34.0006,-115.9982,21.5,21.59,0.000890871,0.00244091,0.000201964,4.46e-05,0.364974843,0.166045565,87.27050765,5.179664862,6.015610792,0.174532925,1048.343304,19.9746861,12.08586679,157.2514956,CI,BEL,-999.0,618,0.253110728,0.085610816,0.178235409,0.167499913,CI.BEL,618,0.253110728,14.83349991,1330.719971,1.703959942,0.2531107283866927,618,658.3576591619533,677.4856169304962,585.1656875811367,696.5009899999216
100091,RSN16746,49,16746, BEL,3.72,33.1099,-116.0467,7.494,98.89,796,34.0006,-115.9982,31.63,31.69,-0.000181162,-0.000252159,5.92e-05,3.58e-05,0.718444318,0.163208802,86.1698517,5.179664862,6.113435346,0.314159265,1878.979801,5.060391061,4.259442568,281.8469702,CI,BEL,-999.0,810,-0.017435062,0.085610816,0.178235409,-0.103045877,CI.BEL,810,-0.017435062,14.83349991,1330.719971,1.703959942,-0.017435061822101083,810,751.3578342515891,797.6553083794587,774.7410613926568,870.1114761987719
100091,RSN15385,49,15385, BEL,3.99,34.0514,-117.2429,14.998,115.1,796,34.0006,-115.9982,21.95,22.07,0.000261707,0.000583171,3.41e-05,7.04e-06,0.448765472,0.157053578,82.9997227,5.179664862,6.319789549,0.20943951,1332.653141,37.17428977,17.10178886,199.8979712,CI,BEL,-999.0,712,0.111521274,0.085610816,0.178235409,0.025910459,CI.BEL,712,0.111521274,14.83349991,1330.719971,1.703959942,0.11152127443240722,712,691.3050291492054,729.5393777248378,704.1459535138108,792.2526627281351
100091,RSN16578,49,16578, BEL,3.69,33.735,-117.4936,9.693,141.47,796,34.0006,-115.9982,17.48,17.57,0.00014818,0.000331633,2.97e-05,4.46e-06,0.446818487,0.161176036,86.44690301,5.179664862,6.192470162,0.20943951,1293.836479,33.22421525,11.16609428,194.0754719,CI,BEL,-999.0,698,0.131380083,0.085610816,0.178235409,0.045769268,CI.BEL,698,0.131380083,14.83349991,1330.719971,1.703959942,0.13138008308201066,698,775.6804724771322,798.623696259382,790.702104879958,852.7211264004649
100091,RSN15555,49,15555, BEL,4.06,32.6823,-116.088,9.762,146.45,796,34.0006,-115.9982,26.2,26.31,-0.000217628,-0.000384977,1.07e-05,1.26e-05,0.565303008,0.161134313,86.54195926,5.179664862,6.194703173,0.261799388,1580.460094,17.27206349,35.97915888,237.0690141,CI,BEL,-999.0,735,0.079728687,0.085610816,0.178235409,-0.005882129,CI.BEL,735,0.079728687,14.83349991,1330.719971,1.703959942,0.07972868663154653,735,821.7855007899093,837.4785650338198,812.6283318761793,892.6798588993416
100091,RSN8317,49,8317, BEL,4.27,33.9173,-117.7758,7.0,164.21,796,34.0006,-115.9982,15.3,15.4,0.001449592,0.002250213,0.000883323,0.000500218,0.644202327,0.163803431,87.8789036,5.179664862,6.100695365,0.27925268,1720.634545,2.897920507,2.547440744,258.0951818,CI,BEL,-999.0,757,0.050235932,0.085610816,0.178235409,-0.035374883,CI.BEL,757,0.050235932,14.83349991,1330.719971,1.703959942,0.05023593240693458,757,865.805138985214,832.3424681970315,848.1881269591224,907.1299561355686
100091,RSN16512,49,16512, BEL,3.61,34.2449,-117.4464,12.48,136.32,796,34.0006,-115.9982,13.7,13.84,4.71e-05,8.79e-05,2.22e-05,3.92e-06,0.535658738,0.159117619,85.13943024,5.179664862,6.262058538,0.244346095,1529.303446,12.01530612,3.959459459,229.3955169,CI,BEL,-999.0,779,0.02158814,0.085610816,0.178235409,-0.064022676,CI.BEL,779,0.02158814,14.83349991,1330.719971,1.703959942,0.021588139973634846,779,801.8832613417284,859.7309346564399,821.1914695871835,918.802445024949
100091,RSN17407,49,17407, BEL,3.66,34.2987,-116.8617,15.28,86.23,796,34.0006,-115.9982,15.81,15.89,0.000164947,0.00066613,3.01e-05,2.04e-05,0.247620289,0.155842275,80.46336424,5.179664862,6.328063842,0.122173048,776.9543269,8.085637255,22.13056478,116.543149,CI,BEL,-999.0,489,0.487236696,0.085610816,0.178235409,0.401625881,CI.BEL,489,0.487236696,14.83349991,1330.719971,1.703959942,0.4872366963695107,489,427.08183308134824,501.578252855994,406.7775657886497,506.859629456026
100091,RSN16864,49,16864, BEL,3.6,34.2088,-117.5824,7.536,147.99,796,34.0006,-115.9982,40.78,40.86,0.000121074,0.000221267,4.62e-05,2.39e-05,0.547186333,0.163383855,87.4367442,5.179664862,6.114431914,0.244346095,1514.474562,5.065857741,4.789329004,227.1711843,CI,BEL,-999.0,774,0.028027312,0.085610816,0.178235409,-0.057583503,CI.BEL,774,0.028027312,14.83349991,1330.719971,1.703959942,0.028027312254655712,774,850.0975393023974,891.310961775391,862.3527959009888,955.1292165906755
100091,RSN8767,49,8767, BEL,5.39,33.9465,-117.7667,14.89,163.55,796,34.0006,-115.9982,25.18,25.42,0.018378477,0.021237889,0.002295683,0.002273399,0.865362721,0.157735846,85.09940284,5.179664862,6.31653763,0.34906585,2209.793629,8.084140531,9.251228937,331.4690444,CI,BEL,-999.0,918,-0.142598205,0.085610816,0.178235409,-0.22820902,CI.BEL,918,-0.142598205,14.83349991,1330.719971,1.703959942,-0.14259820477610763,918,884.5582726225548,898.0600470740004,925.393194755086,1011.4623326774547
100091,RSN14700,49,14700, BEL,3.84,34.2268,-117.4407,8.593,135.43,796,34.0006,-115.9982,20.62,20.73,0.000317145,0.000966106,2.4e-05,6.93e-06,0.328270825,0.162296979,86.75684979,5.179664862,6.151676073,0.157079633,972.878693,45.76406926,40.25441667,145.931804,CI,BEL,-999.0,587,0.304574366,0.085610816,0.178235409,0.21896355,CI.BEL,587,0.304574366,14.83349991,1330.719971,1.703959942,0.3045743660162863,587,615.6393442399568,691.9686951567268,586.7207374514468,680.7826247334316
100091,RSN17120,49,17120, BEL,3.53,33.9634,-117.8198,13.862,168.38,796,34.0006,-115.9982,39.59,39.69,2.82e-05,0.000121054,7.17e-06,6.01e-06,0.23270239,0.158620707,85.59589003,5.179664862,6.285731951,0.122173048,719.7611287,4.6921797,16.88340307,107.9641693,CI,BEL,-999.0,464,0.539714634,0.085610816,0.178235409,0.454103818,CI.BEL,464,0.539714634,14.83349991,1330.719971,1.703959942,0.5397146336181278,464,482.43013322541503,568.404774949485,447.30869517860975,550.5936103155348
100091,RSN13109,49,13109, BEL,4.06,33.2394,-116.2082,10.532,86.65,796,34.0006,-115.9982,13.45,13.52,-0.00192886,-0.002192454,0.000407911,0.000283174,0.879772592,0.159833942,83.6015162,5.179664862,6.217520851,0.366519143,2211.377811,6.811571684,5.374834216,331.7066717,CI,BEL,-999.0,918,-0.142598205,0.085610816,0.178235409,-0.22820902,CI.BEL,918,-0.142598205,14.83349991,1330.719971,1.703959942,-0.14259820477610763,918,825.6121209853221,855.7033558284963,837.383695901584,952.71033950107
100091,RSN15686,49,15686, BEL,3.81,32.4923,-116.8468,13.18,185.03,796,34.0006,-115.9982,22.61,22.72,-6.53e-05,-7.73e-05,6.67e-06,6.25e-06,0.844967925,0.159018377,86.19215934,5.179664862,6.274698597,0.34906585,2160.127194,10.448,11.5892054,324.0190791,CI,BEL,-999.0,902,-0.125015334,0.085610816,0.178235409,-0.21062615,CI.BEL,902,-0.125015334,14.83349991,1330.719971,1.703959942,-0.12501533421824096,902,900.3860887257075,906.9552519969918,939.7745262983848,1014.0769655997482
100091,RSN12593,49,12593, BEL,4.11,33.5089,-116.8485,12.274,95.82,796,34.0006,-115.9982,15.7,15.78,0.002150437,0.002950239,0.000563935,0.000490578,0.728902812,0.158657131,83.16083188,5.179664862,6.258050482,0.314159265,1951.995278,4.383476226,5.231523137,292.7992917,CI,BEL,-999.0,834,-0.046634217,0.085610816,0.178235409,-0.132245032,CI.BEL,834,-0.046634217,14.83349991,1330.719971,1.703959942,-0.046634216514363835,834,734.1420281479406,787.4423335054395,763.5132019787956,867.1027065765694
100091,RSN14379,49,14379, BEL,4.14,34.8632,-116.3444,6.474,100.84,796,34.0006,-115.9982,20.95,21.03,0.000163317,0.0002105,7.18e-05,6.13e-05,0.775850245,0.164096575,86.83517117,5.179664862,6.084678138,0.331612558,1975.000138,2.664225122,2.931754875,296.2500207,CI,BEL,-999.0,842,-0.056180828,0.085610816,0.178235409,-0.141791644,CI.BEL,842,-0.056180828,14.83349991,1330.719971,1.703959942,-0.05618082839794347,842,800.1803725629222,819.5871319953392,807.8038737776324,903.3308397274587
100091,RSN9323,49,9323, BEL,4.88,34.0655,-117.0011,17.501,92.9,796,34.0006,-115.9982,12.45,12.64,0.001976966,0.002596934,0.000115451,7.12e-05,0.761269257,0.15413044,79.72224984,5.179664862,6.383907006,0.331612558,2076.682979,27.7663764,22.49381989,311.5024469,CI,BEL,-999.0,875,-0.094624701,0.085610816,0.178235409,-0.180235516,CI.BEL,875,-0.094624701,14.83349991,1330.719971,1.703959942,-0.09462470051323102,875,780.723771997177,795.7714522706382,800.9522824125346,902.8986147340003
100091,RSN16245,49,16245, BEL,3.64,33.223,-116.7186,8.687,109.12,796,34.0006,-115.9982,33.04,33.23,-0.000377779,-0.00045958,8.69e-06,7e-06,0.822009379,0.162036228,85.89086652,5.179664862,6.155594857,0.34906585,2083.802438,53.96842857,52.88607595,312.5703657,CI,BEL,-999.0,877,-0.096907807,0.085610816,0.178235409,-0.182518622,CI.BEL,877,-0.096907807,14.83349991,1330.719971,1.703959942,-0.09690780652779996,877,824.7027076689324,852.4532427017623,836.8710291773014,942.8210437433784
100091,RSN10400,49,10400, BEL,4.45,34.1081,-117.3062,14.795,121.35,796,34.0006,-115.9982,11.7,11.83,0.001540626,0.002543127,0.000122497,2.71e-05,0.605799883,0.157350974,83.44215977,5.179664862,6.313637877,0.27925268,1711.9446,56.8496679,20.76072883,256.79169,CI,BEL,-999.0,754,0.054206818,0.085610816,0.178235409,-0.031403998,CI.BEL,754,0.054206818,14.83349991,1330.719971,1.703959942,0.05420681783642678,754,728.2645233753863,760.0345453238118,725.3317804498776,829.3048780939969
100091,RSN15889,49,15889, BEL,3.96,32.6554,-116.1347,12.336,149.73,796,34.0006,-115.9982,23.37,23.51,-0.000146619,-0.00024733,1.05e-05,1.22e-05,0.592806736,0.159296408,85.62000506,5.179664862,6.25927157,0.261799388,1657.693718,12.01795082,23.5552381,248.6540577,CI,BEL,-999.0,736,0.078369067,0.085610816,0.178235409,-0.007241748,CI.BEL,736,0.078369067,14.83349991,1330.719971,1.703959942,0.0783690671155064,736,751.8868812579856,811.9893868006736,764.684784474518,871.2219334168448
100091,RSN15612,49,15612, BEL,3.87,33.7513,-116.0218,8.756,27.74,796,34.0006,-115.9982,17.42,17.49,0.007904897,0.014574904,0.000694721,0.000514365,0.542363621,0.155603612,73.38975319,5.179664862,6.158414042,0.244346095,1579.212124,15.36826378,20.97950688,236.8818186,CI,BEL,-999.0,736,0.078369067,0.085610816,0.178235409,-0.007241748,CI.BEL,736,0.078369067,14.83349991,1330.719971,1.703959942,0.0783690671155064,736,650.7582122236473,733.7537406990629,664.0737351077753,787.9231470398267
100091,RSN16700,49,16700, BEL,3.73,33.5058,-116.7636,16.276,89.67,796,34.0006,-115.9982,18.8,18.87,0.000339583,0.000409755,0.000145861,6.25e-05,0.82874655,0.155038001,80.15210912,5.179664862,6.3549922,0.34906585,2189.039083,5.433328,2.809215623,328.3558625,CI,BEL,-999.0,911,-0.134943711,0.085610816,0.178235409,-0.220554527,CI.BEL,911,-0.134943711,14.83349991,1330.719971,1.703959942,-0.13494371141557515,911,813.0349232208672,855.1723683998898,836.0600248078038,940.8817213439532
100091,RSN8986,49,8986, BEL,5.2,33.5328,-116.5697,15.48,74.13,796,34.0006,-115.9982,20.59,20.74,0.03164686,0.034853301,0.000366791,9.17e-05,0.908001804,0.154867122,78.78065844,5.179664862,6.333749326,0.366519143,2325.528975,345.1129771,95.0222361,348.8293463,CI,BEL,-999.0,955,-0.182112155,0.085610816,0.178235409,-0.26772297,CI.BEL,955,-0.182112155,14.83349991,1330.719971,1.703959942,-0.18211215463634733,955,785.8792788978316,860.5958554105416,838.8960045544865,957.2245499326717
100091,RSN14983,49,14983, BEL,3.74,34.1651,-117.4332,7.875,133.7,796,34.0006,-115.9982,21.5,21.73,0.000262273,0.000293764,2e-05,7.05e-06,0.892799055,0.163123129,87.01853878,5.179664862,6.12204057,0.366519143,2185.896164,37.20184397,14.6882,327.8844246,CI,BEL,-999.0,910,-0.133845414,0.085610816,0.178235409,-0.219456229,CI.BEL,910,-0.133845414,14.83349991,1330.719971,1.703959942,-0.1338454136665126,910,957.2173264690022,951.6175172481398,987.790943325872,1056.1573897109406
100091,RSN16812,49,16812, BEL,3.49,34.309,-116.9297,9.684,92.46,796,34.0006,-115.9982,13.12,13.21,0.00018882,0.000733542,1.47e-05,4.08e-06,0.257408391,0.16076376,84.54885278,5.179664862,6.192176404,0.122173048,781.151101,46.27941176,49.90081633,117.1726652,CI,BEL,-999.0,491,0.483155058,0.085610816,0.178235409,0.397544242,CI.BEL,491,0.483155058,14.83349991,1330.719971,1.703959942,0.4831550580498627,491,452.7144254481347,517.365902968971,421.868185143674,516.8633694955636
100091,RSN17313,49,17313, BEL,3.56,33.4509,-116.5827,10.563,81.56,796,34.0006,-115.9982,28.47,28.57,0.000315302,0.000395782,4.55e-05,3.8e-05,0.796657261,0.159677172,83.18335114,5.179664862,6.218365755,0.331612558,2064.760615,8.297421053,8.698505495,309.7140923,CI,BEL,-999.0,871,-0.090042791,0.085610816,0.178235409,-0.175653607,CI.BEL,871,-0.090042791,14.83349991,1330.719971,1.703959942,-0.09004279100811985,871,772.1378516078349,817.1662061347138,794.0840865742528,907.7834117138239
100091,RSN16934,49,16934, BEL,3.63,34.1242,-116.405,9.555,39.98,796,34.0006,-115.9982,11.86,11.92,0.00215355,0.009053399,0.000466745,9.37e-05,0.23787202,0.15765964,77.31244106,5.179664862,6.187901101,0.122173048,739.3930905,22.98345784,19.39688481,110.9089636,CI,BEL,-999.0,473,0.520503797,0.085610816,0.178235409,0.434892982,CI.BEL,473,0.520503797,14.83349991,1330.719971,1.703959942,0.5205037973524504,473,410.32256360292934,509.3119346854657,391.93499904024105,505.9017807860791
100091,RSN17480,49,17480, BEL,3.62,33.9521,-116.3635,9.067,34.18,796,34.0006,-115.9982,16.25,16.32,0.005188963,0.016751483,0.000211041,6.29e-06,0.309761417,0.157424619,76.26318558,5.179664862,6.170551665,0.157079633,951.4133125,824.954372,79.37549102,142.7119969,CI,BEL,-999.0,575,0.325229145,0.085610816,0.178235409,0.239618329,CI.BEL,575,0.325229145,14.83349991,1330.719971,1.703959942,0.3252291450470324,575,480.7516701646519,575.9933619893226,469.1893752115257,576.0487167862304
100091,RSN10910,49,10910, BEL,4.26,33.8776,-116.2019,10.062,23.25,796,34.0006,-115.9982,16.26,16.32,-0.008873149,-0.024717884,0.000913813,6.7e-05,0.358976908,0.149037077,67.61279194,5.179664862,6.204033973,0.174532925,1150.935996,132.4350597,27.04917089,172.6403994,CI,BEL,-999.0,645,0.210348869,0.085610816,0.178235409,0.124738053,CI.BEL,645,0.210348869,14.83349991,1330.719971,1.703959942,0.2103488690486106,645,617.3029544828746,682.5588470340186,576.3684696751077,701.8978328387925
100091,RSN17647,49,17647, BEL,3.47,33.8029,-116.1786,7.366,27.55,796,34.0006,-115.9982,19.1,19.17,0.004367615,0.007289641,9.78e-05,5.24e-05,0.599153641,0.158962062,76.2420152,5.179664862,6.110319177,0.261799388,1674.563842,83.3514313,74.53620654,251.1845763,CI,BEL,-999.0,742,0.070249943,0.085610816,0.178235409,-0.015360873,CI.BEL,742,0.070249943,14.83349991,1330.719971,1.703959942,0.07024994267700269,742,658.1552156294052,738.9236526023058,661.8014485730265,796.6237428827025
100091,RSN15251,49,15251, BEL,3.86,34.1976,-117.3882,14.177,130.12,796,34.0006,-115.9982,24.05,24.23,0.00042843,0.000888782,4.54e-06,1.23e-05,0.482041712,0.158063409,84.16762059,5.179664862,6.293825021,0.226892803,1409.575426,34.83170732,195.7669604,211.4363139,CI,BEL,-999.0,738,0.075655361,0.085610816,0.178235409,-0.009955454,CI.BEL,738,0.075655361,14.83349991,1330.719971,1.703959942,0.07565536124391059,738,743.8002085952786,815.5498832536653,782.4906521337402,874.6372244865324
100091,RSN17362,49,17362, BEL,3.56,33.0804,-116.4826,10.835,111.54,796,34.0006,-115.9982,31.75,31.79,-0.000800639,-0.001206113,0.000390972,0.000176838,0.663817917,0.159989915,84.89082177,5.179664862,6.225560001,0.296705973,1806.803,4.52752802,3.084908894,271.02045,CI,BEL,-999.0,786,0.012642393,0.085610816,0.178235409,-0.072968422,CI.BEL,786,0.012642393,14.83349991,1330.719971,1.703959942,0.012642393415176478,786,795.3011937991373,777.9283705992774,789.8828153694728,852.6170847438735
100091,RSN17070,49,17070, BEL,3.52,34.2098,-116.4371,4.645,46.68,796,34.0006,-115.9982,18.13,18.2,0.000339044,0.001103762,0.000187027,2.81e-05,0.307171067,0.16627241,85.36915187,5.179664862,5.994593769,0.157079633,893.893077,12.06562278,5.901618483,134.0839616,CI,BEL,-999.0,544,0.380649939,0.085610816,0.178235409,0.295039123,CI.BEL,544,0.380649939,14.83349991,1330.719971,1.703959942,0.3806499389884408,544,492.07347698513195,564.8044244330978,464.3777514292961,562.1183427210223
100091,RSN15522,49,15522, BEL,3.68,34.7251,-116.0506,2.727,80.51,796,34.0006,-115.9982,22.15,22.23,-0.000137241,-0.000173142,4.62e-05,1.85e-05,0.792650961,0.168365961,88.74767021,5.179664862,5.93802414,0.331612558,1951.859857,7.418432432,3.747662338,292.7789786,CI,BEL,-999.0,834,-0.046634217,0.085610816,0.178235409,-0.132245032,CI.BEL,834,-0.046634217,14.83349991,1330.719971,1.703959942,-0.046634216514363835,834,895.7378948166909,842.658743483461,875.5618845971459,919.9109816274602
100091,RSN17833,49,17833, BEL,3.14,33.0622,-115.8937,7.729,104.53,796,34.0006,-115.9982,30.4,30.55,-0.000106884,-0.000133529,8.62e-06,5.03e-06,0.80045582,0.163081612,86.26217283,5.179664862,6.11885537,0.331612558,2027.840156,21.24930417,15.49060325,304.1760234,CI,BEL,-999.0,859,-0.076169736,0.085610816,0.178235409,-0.161780552,CI.BEL,859,-0.076169736,14.83349991,1330.719971,1.703959942,-0.07616973613987188,859,800.9734872031981,835.5415825124152,820.8916050421622,922.7478494503025
100091,RSN14285,49,14285, BEL,4.19,33.4453,-116.439,8.875,73.91,796,34.0006,-115.9982,21.82,21.87,-0.000710782,-0.001216282,7.76e-05,3.48e-05,0.584389148,0.16129238,83.75808565,5.179664862,6.16316588,0.261799388,1619.539037,20.42477011,15.67373711,242.9308556,CI,BEL,-999.0,723,0.096189964,0.085610816,0.178235409,0.010579148,CI.BEL,723,0.096189964,14.83349991,1330.719971,1.703959942,0.09618996368561827,723,688.5328526673417,740.8351196982799,683.1650159230873,799.4154037853975
100091,RSN17896,49,17896, BEL,4.04,36.3911,-117.8665,9.439,315.1,796,34.0006,-115.9982,11.73,11.86,9.72e-05,0.000194976,8.39e-06,7.22e-06,0.498431691,0.161650189,88.45558475,5.179664862,6.183950287,0.226892803,1416.365808,13.46260388,23.23909416,212.4548712,CI,BEL,-999.0,741,0.071598561,0.085610816,0.178235409,-0.014012255,CI.BEL,741,0.071598561,14.83349991,1330.719971,1.703959942,0.0715985605482965,741,1116.1240348230976,895.0410966591979,867.6760392278146,962.3982404895842
100091,RSN14217,49,14217, BEL,3.94,32.7219,-116.8133,20.237,160.83,796,34.0006,-115.9982,15.23,15.34,-0.000188375,-0.000229188,6.13e-06,3.49e-06,0.821923696,0.15414492,83.10146116,5.179664862,6.440435438,0.34906585,2190.337255,53.9756447,37.38792822,328.5505883,CI,BEL,-999.0,912,-0.136040804,0.085610816,0.178235409,-0.22165162,CI.BEL,912,-0.136040804,14.83349991,1330.719971,1.703959942,-0.1360408042299479,912,987.9400789170617,922.6329375044972,968.2834019018638,1027.623333323682
100091,RSN18321,49,18321, BEL,3.05,33.5043,-116.561,11.461,75.82,796,34.0006,-115.9982,14.6,14.66,3.44e-05,6.45e-05,1.36e-05,1.6e-05,0.533002884,0.158659651,81.9537063,5.179664862,6.240750508,0.244346095,1527.715046,2.15,4.742647059,229.1572569,CI,BEL,-999.0,779,0.02158814,0.085610816,0.178235409,-0.064022676,CI.BEL,779,0.02158814,14.83349991,1330.719971,1.703959942,0.021588139973634846,779,679.2569744349083,772.2157682352828,707.7913745458815,837.0992640987686
100091,RSN9862,49,9862, BEL,4.59,34.9977,-119.1926,10.662,313.53,796,34.0006,-115.9982,9.3,9.57,8.4e-05,0.000137217,8.81e-06,3.38e-06,0.612149718,0.160668083,88.22623412,5.179664862,6.221029194,0.27925268,1689.671782,24.85207101,15.57514188,253.4507673,CI,BEL,-999.0,747,0.063534001,0.085610816,0.178235409,-0.022076815,CI.BEL,747,0.063534001,14.83349991,1330.719971,1.703959942,0.06353400071156567,747,907.8347493180628,852.3088781477164,817.5471526028863,929.9298012076457
100091,RSN15097,49,15097, BEL,3.78,34.1353,-117.4476,5.857,134.63,796,34.0006,-115.9982,20.59,20.71,0.00014137,0.000311114,7.71e-06,3.93e-06,0.454399594,0.164862584,87.90855646,5.179664862,6.061617088,0.20943951,1282.862053,35.97201018,40.35201038,192.429308,CI,BEL,-999.0,694,0.137127225,0.085610816,0.178235409,0.05151641,CI.BEL,694,0.137127225,14.83349991,1330.719971,1.703959942,0.13712722533757837,694,769.7122435627183,804.3468202298415,777.860863977623,858.5273141717698
100091,RSN15728,49,15728, BEL,3.81,32.9942,-116.2977,5.726,115.04,796,34.0006,-115.9982,12.88,13.01,-0.000798524,-0.000837847,0.00027603,0.000289031,0.953066783,0.164982015,87.60511381,5.179664862,6.055972626,0.383972435,2253.797652,2.762762472,3.035347607,338.0696478,CI,BEL,-999.0,932,-0.157733629,0.085610816,0.178235409,-0.243344444,CI.BEL,932,-0.157733629,14.83349991,1330.719971,1.703959942,-0.1577336288412079,932,978.2208562394616,927.4777825513092,956.5391319583335,1026.4825690652196
100091,RSN14428,49,14428, BEL,4.05,32.7091,-116.0396,7.817,143.29,796,34.0006,-115.9982,36.48,36.58,-0.000401207,-0.000577669,2.62e-05,9.55e-06,0.694527426,0.163189631,87.25150926,5.179664862,6.120791156,0.296705973,1828.815197,42.01120419,22.04843511,274.3222796,CI,BEL,-999.0,794,0.002515725,0.085610816,0.178235409,-0.083095091,CI.BEL,794,0.002515725,14.83349991,1330.719971,1.703959942,0.0025157245972469156,794,872.1654620702878,863.8295443990108,884.3427966277635,936.1031451289574
100091,RSN17238,49,17238, BEL,3.53,34.2894,-116.8271,6.278,82.89,796,34.0006,-115.9982,29.39,29.47,0.00043056,0.001486827,7.72e-05,2.42e-05,0.289583218,0.164181828,86.27184919,5.179664862,6.07791863,0.13962634,855.4317189,17.79173554,19.2594171,128.3147578,CI,BEL,-999.0,524,0.418107502,0.085610816,0.178235409,0.332496686,CI.BEL,524,0.418107502,14.83349991,1330.719971,1.703959942,0.4181075015233411,524,490.26739820494095,544.9502153571324,450.6234463994648,542.6207189911502
100091,RSN15346,49,15346, BEL,3.87,33.928,-116.7858,18.501,73.24,796,34.0006,-115.9982,21.44,21.52,0.002318641,0.005232752,0.000181805,4.42e-05,0.443101609,0.151718388,76.33809491,5.179664862,6.40467109,0.20943951,1364.868016,52.45794118,28.78222271,204.7302024,CI,BEL,-999.0,723,0.096189964,0.085610816,0.178235409,0.010579148,CI.BEL,723,0.096189964,14.83349991,1330.719971,1.703959942,0.09618996368561827,723,769.4192788218985,746.3875453123446,704.6832440734452,810.5345790260525
100091,RSN13371,49,13371, BEL,3.9,34.4032,-118.651,13.612,248.54,796,34.0006,-115.9982,9.52,9.64,-1.88e-05,-3.17e-05,1.02e-05,8.55e-06,0.593227502,0.15898238,87.07697428,5.179664862,6.281821568,0.261799388,1661.858193,2.198830409,3.107843137,249.278729,CI,BEL,-999.0,737,0.077011294,0.085610816,0.178235409,-0.008599522,CI.BEL,737,0.077011294,14.83349991,1330.719971,1.703959942,0.07701129365504666,737,913.1063766511865,830.536392431029,811.7834399485207,894.5884479666239
100091,RSN10030,49,10030, BEL,4.18,34.3617,-118.6637,11.151,248.97,796,34.0006,-115.9982,16.7,16.95,-0.000225176,-0.000367357,7.22e-05,5.36e-05,0.612962075,0.160289423,87.64663017,5.179664862,6.233452986,0.27925268,1695.332731,4.201044776,5.088047091,254.2999097,CI,BEL,-999.0,749,0.060860202,0.085610816,0.178235409,-0.024750613,CI.BEL,749,0.060860202,14.83349991,1330.719971,1.703959942,0.060860202327163826,749,992.1815358322765,857.1361851304971,849.7645173903705,923.1825771977769
100091,RSN17742,49,17742, BEL,3.63,32.7081,-116.029,7.885,143.38,796,34.0006,-115.9982,37.0,37.09,-0.00012732,-0.000209137,6.63e-06,1.1e-05,0.608787592,0.16314688,87.22413556,5.179664862,6.12225391,0.27925268,1657.195226,11.57454545,31.54404223,248.5792839,CI,BEL,-999.0,736,0.078369067,0.085610816,0.178235409,-0.007241748,CI.BEL,736,0.078369067,14.83349991,1330.719971,1.703959942,0.0783690671155064,736,816.5383914280366,842.5303871528885,811.1565330129811,904.2608801922657
100091,RSN12830,49,12830, BEL,4.02,33.7129,-116.0516,12.808,32.29,796,34.0006,-115.9982,19.68,19.72,-0.007033751,-0.015715847,0.003087571,0.001031057,0.447557852,0.149087258,69.14800146,5.179664862,6.268161535,0.20943951,1400.690964,6.821883756,5.090035824,210.1036446,CI,BEL,-999.0,735,0.079728687,0.085610816,0.178235409,-0.005882129,CI.BEL,735,0.079728687,14.83349991,1330.719971,1.703959942,0.07972868663154653,735,669.8031524796809,732.1722227721195,674.6665429508391,798.5159047023079
100091,RSN13209,49,13209, BEL,4.19,34.3571,-116.8418,9.486,87.25,796,34.0006,-115.9982,18.55,18.65,0.000697535,0.001613375,0.000128032,4.94e-05,0.432345251,0.160885415,84.36461493,5.179664862,6.185563454,0.20943951,1260.647663,14.1201417,12.60134185,189.0971495,CI,BEL,-999.0,685,0.150180348,0.085610816,0.178235409,0.064569532,CI.BEL,685,0.150180348,14.83349991,1330.719971,1.703959942,0.15018034758215748,685,668.7524573484094,703.939740274858,669.3129973056958,761.4294913468722
100091,RSN14529,49,14529, BEL,3.78,34.0294,-116.7534,14.93,69.83,796,34.0006,-115.9982,19.96,20.02,0.000180707,0.000908461,3.93e-05,1.03e-05,0.198915173,0.155064086,78.42296004,5.179664862,6.317747533,0.104719755,632.5212695,17.54436893,23.11605598,94.87819043,CI,BEL,-999.0,427,0.622815173,0.085610816,0.178235409,0.537204357,CI.BEL,427,0.622815173,14.83349991,1330.719971,1.703959942,0.6228151726157583,427,381.4201232186099,473.3116485695961,371.61029023688315,481.0146024226702
100091,RSN13179,49,13179, BEL,4.11,33.7104,-116.0457,12.559,32.49,796,34.0006,-115.9982,16.1,16.17,-0.02185078,-0.042952438,0.001281012,0.000380705,0.508720365,0.149592809,69.55097494,5.179664862,6.263559029,0.226892803,1555.983371,57.39556875,33.53008247,233.3975057,CI,BEL,-999.0,759,0.047597408,0.085610816,0.178235409,-0.038013407,CI.BEL,759,0.047597408,14.83349991,1330.719971,1.703959942,0.04759740844875271,759,691.6742758259562,752.8442997145233,688.493938119888,816.9537157243886
100091,RSN12732,49,12732, BEL,4.26,33.9538,-116.3912,7.696,36.69,796,34.0006,-115.9982,23.22,23.27,0.007094904,0.014368909,0.005116951,0.001327009,0.493767803,0.160537465,79.16937116,5.179664862,6.118116656,0.226892803,1415.343695,5.346537966,2.808099784,212.3015543,CI,BEL,-999.0,740,0.072949,0.085610816,0.178235409,-0.012661816,CI.BEL,740,0.072949,14.83349991,1330.719971,1.703959942,0.07294899964616786,740,708.2076335923714,754.4530171121274,700.946153781542,809.1961126913678
100109,RSN9020,58,9020, GOR,5.2,33.5328,-116.5697,15.48,74.41,559,33.1537,-117.2292,19.41,19.58,0.02369514,0.016729279,0.000658687,0.000186635,1.416387415,0.154867122,78.78065844,5.179664862,6.333749326,0.471238898,2966.234543,126.9597878,25.39791889,444.9351815,CI,GOR,5.44,1151,-0.722236936,-0.63447892,-0.541854327,-0.087758015,CI.GOR,859,-0.429619449,9.207229614,125.9499969,2.980380058,-0.4296194488291558,859,581.7137133599527,589.8569278295352,666.8358297190138,648.9139532013803
100109,RSN15358,58,15358, GOR,3.87,33.928,-116.7858,18.501,95.24,559,33.1537,-117.2292,22.24,22.33,-0.000399698,-0.000342551,3.3e-05,1.69e-05,1.166826816,0.153498326,79.45337688,5.179664862,6.40467109,0.436332313,2725.593783,23.65076923,10.38033333,408.8390675,CI,GOR,5.44,1079,-0.657640492,-0.63447892,-0.541854327,-0.023161572,CI.GOR,806,-0.365934269,9.207229614,125.9499969,2.980380058,-0.36593426935152884,806,628.4860867745533,583.5822739531403,688.7735309609848,639.2209723296411
100109,RSN13996,58,13996, GOR,4.15,33.638,-116.7082,12.649,72.35,559,33.1537,-117.2292,13.76,13.82,-0.002755463,-0.003088443,0.000237066,6.99e-05,0.892184971,0.157504824,80.6824719,5.179664862,6.265244507,0.366519143,2262.942485,39.42007153,13.02777707,339.4413728,CI,GOR,5.44,935,-0.514397056,-0.63447892,-0.541854327,0.120081864,CI.GOR,698,-0.22206963,9.207229614,125.9499969,2.980380058,-0.22206962960727328,698,605.4844134683356,528.3334363014374,621.2210580296359,568.5797048357131
100109,RSN12846,58,12846, GOR,4.02,33.7129,-116.0516,12.808,125.85,559,33.1537,-117.2292,24.8,24.88,0.001286684,0.001064527,0.000177449,0.000262076,1.208690747,0.15881796,84.56036574,5.179664862,6.268161535,0.436332313,2678.769856,4.90958348,5.999058885,401.8154784,CI,GOR,5.44,1064,-0.643641197,-0.63447892,-0.541854327,-0.009162277,CI.GOR,794,-0.350933988,9.207229614,125.9499969,2.980380058,-0.350933988092037,794,645.0830292097224,576.4178424066233,712.3673399678997,632.9394187338798
100114,RSN11196,61,11196, LDR,4.42,34.0665,-118.8938,12.827,114.36,378,34.9906,-118.3416,26.27,26.46,-0.001263289,-0.001899452,3.03e-05,4.39e-05,0.665080929,0.158661011,84.02496521,5.179664862,6.268505043,0.296705973,1824.408237,28.77651481,62.68818482,273.6612356,CI,LDR,-999.0,792,-0.739667196,-0.735366324,-0.642741731,-0.004300872,CI.LDR,792,-0.739667196,7.184519768,1117.209961,6.364550114,-0.739667196194838,792,778.6400236376666,801.0371897421511,677.4625613360789,744.4258242892414
100114,RSN17569,61,17569, LDR,3.4,34.0733,-118.867,10.648,112.61,378,34.9906,-118.3416,20.46,20.59,-0.000121918,-0.000215417,1.23e-05,1.27e-05,0.565961273,0.160150933,85.03239759,5.179664862,6.220655727,0.261799388,1591.590567,9.59984252,17.51357724,238.7385851,CI,LDR,-999.0,724,-0.649897197,-0.735366324,-0.642741731,0.085469128,CI.LDR,724,-0.649897197,7.184519768,1117.209961,6.364550114,-0.649897196766128,724,746.3367412872805,737.5896451805354,647.3360294202395,691.9472002030856
100114,RSN9211,61,9211, LDR,5.03,35.3852,-118.6292,7.3,51.02,378,34.9906,-118.3416,15.05,15.26,-0.058446611,-0.073784971,0.000395975,9.45e-05,0.79212081,0.162365411,82.67359334,5.179664862,6.108664217,0.331612558,2023.121799,618.4826561,186.3374481,303.4682699,CI,LDR,-999.0,858,-0.819709904,-0.735366324,-0.642741731,-0.084343579,CI.LDR,858,-0.819709904,7.184519768,1117.209961,6.364550114,-0.8197099038683744,858,756.686544511849,844.6934470554596,691.6565773484401,797.8757614221386
100114,RSN16017,61,16017, LDR,3.73,35.6346,-117.5657,2.693,100.42,378,34.9906,-118.3416,34.86,35.09,-0.000196621,-0.000307846,2.09e-05,1.21e-05,0.638697907,0.168381062,89.01028463,5.179664862,5.93802414,0.27925268,1663.443094,16.24966942,14.72947368,249.5164641,CI,LDR,-999.0,738,-0.669049629,-0.735366324,-0.642741731,0.066316695,CI.LDR,738,-0.669049629,7.184519768,1117.209961,6.364550114,-0.6690496289808845,738,767.4630796158833,794.9857785241446,680.3128639163189,721.0340362816632
100114,RSN18215,61,18215, LDR,4.36,36.3932,-117.8644,8.798,161.5,378,34.9906,-118.3416,12.16,12.33,-0.001559587,-0.00205685,9.78e-05,3.87e-05,0.758240674,0.162142388,87.20975481,5.179664862,6.160106881,0.331612558,1968.876022,40.29940568,21.03118609,295.3314033,CI,LDR,-999.0,840,-0.798507696,-0.735366324,-0.642741731,-0.063141372,CI.LDR,840,-0.798507696,7.184519768,1117.209961,6.364550114,-0.7985076962177713,840,879.6569471262728,902.4201639938149,814.8070778720024,841.6995536901243
100117,RSN18217,63,18217, LRL,4.36,36.3932,-117.8644,8.798,102.71,511,35.4795,-117.6821,11.01,11.21,-0.010267242,-0.007986439,0.000117662,8.35e-05,1.285584456,0.161853154,85.58507065,5.179664862,6.160106881,0.453785606,2713.744373,122.960982,67.87611123,407.061656,CI,LRL,-999.0,1075,-0.74370635,-0.628944422,-0.536319829,-0.114761928,CI.LRL,1075,-0.74370635,22.71949959,1283.589966,5.832890034,-0.7437063503580585,1075,958.1988528788297,1044.8115274869895,875.4983311245668,991.5251887321265
100117,RSN8810,63,8810, LRL,5.39,33.9465,-117.7667,14.89,170.24,511,35.4795,-117.6821,24.23,24.46,0.010708416,0.015618538,0.001693686,0.000359841,0.68562218,0.157782559,85.30145787,5.179664862,6.31653763,0.296705973,1874.479786,29.75874345,9.221625496,281.1719679,CI,LRL,-999.0,809,-0.459429327,-0.628944422,-0.536319829,0.169515096,CI.LRL,809,-0.459429327,22.71949959,1283.589966,5.832890034,-0.4594293268547869,809,810.3236621224772,807.5332181551149,741.1682594010707,778.5566007640457
100117,RSN12894,63,12894, LRL,4.11,36.0312,-117.7658,4.03,61.68,511,35.4795,-117.6821,21.74,21.84,0.001171391,0.001186809,9.96e-05,0.00012503,0.987009004,0.168103051,87.10901904,5.179664862,5.941161117,0.383972435,2255.729908,9.368879469,11.91575301,338.3594862,CI,LRL,-999.0,933,-0.602035611,-0.628944422,-0.536319829,0.026908812,CI.LRL,933,-0.602035611,22.71949959,1283.589966,5.832890034,-0.6020356106436395,933,819.1386778613467,930.0968988260955,768.3449096060382,871.199566267328
100117,RSN17927,63,17927, LRL,4.04,36.3911,-117.8665,9.439,102.51,511,35.4795,-117.6821,12.89,13.01,-0.002160229,-0.001847666,2.15e-05,5.23e-05,1.169166601,0.161147398,85.22377655,5.179664862,6.183950287,0.436332313,2598.722894,41.30456979,85.93795349,389.8084341,CI,LRL,-999.0,1040,-0.710606402,-0.628944422,-0.536319829,-0.081661979,CI.LRL,1040,-0.710606402,22.71949959,1283.589966,5.832890034,-0.710606401931714,1040,942.3945667991717,1011.8526857770978,851.3777854072147,959.2429732850339
100119,RSN12767,65,12767, MCT,4.26,33.9538,-116.3912,7.696,44.29,1188,34.2265,-116.0407,20.4,20.46,-0.000633295,-0.002046011,0.000324419,4.41e-05,0.309526776,0.161502582,81.14893426,5.179664862,6.118116656,0.157079633,926.7477688,14.36043084,6.306692888,139.0121653,CI,MCT,-999.0,562,0.74852465,0.441615991,0.534240584,0.306908659,CI.MCT,562,0.74852465,24.11910057,615.335022,8.528459549,0.7485246500288998,562,494.72799110453286,583.2814623266913,559.7387132433024,615.3458933149726
100119,RSN14597,65,14597, MCT,4.11,35.6211,-117.5805,9.045,209.12,1188,34.2265,-116.0407,48.75,48.91,8.2e-05,0.00010083,5.36e-06,4.42e-06,0.813300626,0.161959576,87.7743349,5.179664862,6.169722379,0.34906585,2070.831625,18.5520362,18.81156716,310.6247438,CI,MCT,-999.0,873,0.308090944,0.441615991,0.534240584,-0.133525047,CI.MCT,873,0.308090944,24.11910057,615.335022,8.528459549,0.30809094408298865,873,1008.7925327465886,949.8948358300654,987.4120395049106,969.2506254122493
100119,RSN16618,65,16618, MCT,3.69,33.735,-117.4936,9.693,144.91,1188,34.2265,-116.0407,11.48,11.63,5.49e-05,9.7e-05,5.28e-06,3.64e-06,0.565351943,0.161188888,86.5212585,5.179664862,6.192470162,0.261799388,1580.030336,15.08241758,18.37121212,237.0045504,CI,MCT,-999.0,735,0.480156001,0.441615991,0.534240584,0.03854001,CI.MCT,735,0.480156001,24.11910057,615.335022,8.528459549,0.48015600070975406,735,811.6717452980521,846.689477639276,836.9381368114651,856.2147919926082
100119,RSN15633,65,15633, MCT,3.87,33.7513,-116.0218,8.756,52.74,1188,34.2265,-116.0407,22.85,22.93,0.001067178,0.003121836,8.79e-05,1.79e-05,0.341843123,0.160533681,81.35280516,5.179664862,6.158414042,0.157079633,1020.156354,59.61888268,35.51576792,153.0234531,CI,MCT,-999.0,609,0.668208232,0.441615991,0.534240584,0.226592241,CI.MCT,609,0.668208232,24.11910057,615.335022,8.528459549,0.6682082322126934,609,605.6680313245593,658.2191169867478,636.6237647885163,680.876453056977
100119,RSN14510,65,14510, MCT,4.01,33.2617,-116.0659,5.761,107.04,1188,34.2265,-116.0407,30.8,30.98,-0.000730291,-0.000614926,1.47e-05,1.13e-05,1.1876091,0.164914888,87.4038239,5.179664862,6.057510055,0.436332313,2558.414323,64.62752212,41.83170068,383.7621485,CI,MCT,-999.0,1027,0.14562929,0.441615991,0.534240584,-0.295986701,CI.MCT,1027,0.14562929,24.11910057,615.335022,8.528459549,0.1456292899940328,1027,931.1552748869062,1002.9001830576949,971.236499079798,1034.5788922002012
100119,RSN13258,65,13258, MCT,4.19,34.3571,-116.8418,9.486,75.16,1188,34.2265,-116.0407,18.45,18.52,0.002363354,0.003583455,0.000149676,9.75e-06,0.659518303,0.16061413,83.45814414,5.179664862,6.185563454,0.296705973,1791.441152,242.3952821,23.94141345,268.7161728,CI,MCT,-999.0,781,0.41945135,0.441615991,0.534240584,-0.022164641,CI.MCT,781,0.41945135,24.11910057,615.335022,8.528459549,0.41945135008290446,781,715.2754323749986,770.4934111183869,761.2633778111473,793.8927003225697
100119,RSN16764,65,16764, MCT,3.72,33.1099,-116.0467,7.494,123.85,1188,34.2265,-116.0407,36.08,36.15,-0.000108628,-0.000182579,8.61e-06,5.45e-06,0.594963464,0.163342909,86.95304939,5.179664862,6.113435346,0.261799388,1621.064005,19.93174312,21.20545877,243.1596008,CI,MCT,-999.0,723,0.496617278,0.441615991,0.534240584,0.055001287,CI.MCT,723,0.496617278,24.11910057,615.335022,8.528459549,0.4966172777638258,723,768.1547486981132,776.8531953288164,764.2996119816506,795.0156352530842
100119,RSN16271,65,16271, MCT,3.64,33.223,-116.7186,8.687,127.81,1188,34.2265,-116.0407,27.75,27.82,-0.000104347,-0.00021071,6.63e-05,3.98e-05,0.495215608,0.162152354,86.50882977,5.179664862,6.155594857,0.226892803,1404.585211,2.62178392,3.178129713,210.6877817,CI,MCT,-999.0,736,0.478796381,0.441615991,0.534240584,0.03718039,CI.MCT,736,0.478796381,24.11910057,615.335022,8.528459549,0.4787963811937139,736,778.685352190907,793.8472015096438,779.1754530461735,813.6898741923458
100119,RSN17269,65,17269, MCT,3.53,34.2894,-116.8271,6.278,72.77,1188,34.2265,-116.0407,25.81,25.89,0.00045162,0.000826224,3.2e-05,1.53e-05,0.546606978,0.164077275,85.74856457,5.179664862,6.07791863,0.244346095,1506.825372,29.51764706,25.8195,226.0238058,CI,MCT,-999.0,772,0.43104195,0.441615991,0.534240584,-0.010574041,CI.MCT,772,0.43104195,24.11910057,615.335022,8.528459549,0.4310419498978142,772,740.6469428934947,807.3318012308007,767.1268092195915,833.04989907695
100119,RSN14245,65,14245, MCT,3.94,32.7219,-116.8133,20.237,181.67,1188,34.2265,-116.0407,18.8,18.96,-0.000108013,-0.000141593,1.16e-05,9.01e-06,0.762844094,0.154389813,83.89982713,5.179664862,6.440435438,0.331612558,2076.021661,11.98812431,12.2062931,311.4032492,CI,MCT,-999.0,875,0.305802614,0.441615991,0.534240584,-0.135813377,CI.MCT,875,0.305802614,24.11910057,615.335022,8.528459549,0.3058026135649765,875,944.8835877256824,909.9305709710475,938.5516512751747,933.8124584066184
100119,RSN8812,65,8812, MCT,5.39,33.9465,-117.7667,14.89,162.3,1188,34.2265,-116.0407,24.2,24.32,0.007491962,0.00879588,0.002823714,0.001967212,0.851758102,0.157728674,85.06911396,5.179664862,6.31653763,0.34906585,2188.564604,3.808416175,3.115003857,328.2846906,CI,MCT,-999.0,911,0.265483603,0.441615991,0.534240584,-0.176132388,CI.MCT,911,0.265483603,24.11910057,615.335022,8.528459549,0.2654836026626324,911,877.8132749010321,916.0307732265268,936.9238917468303,951.8110939842455
100119,RSN10095,65,10095, MCT,4.18,34.3617,-118.6637,11.151,241.95,1188,34.2265,-116.0407,5.42,5.73,5.35e-05,8.75e-05,7.24e-06,3.78e-06,0.612003673,0.160281425,87.5780708,5.179664862,6.233452986,0.27925268,1693.447602,14.15343915,12.08563536,254.0171403,CI,MCT,-999.0,748,0.462623522,0.441615991,0.534240584,0.021007531,CI.MCT,748,0.462623522,24.11910057,615.335022,8.528459549,0.46262352194811296,748,987.9503857273776,865.3142865050168,908.159629320842,882.0520710991741
100119,RSN13192,65,13192, MCT,4.11,33.7104,-116.0457,12.559,57.25,1188,34.2265,-116.0407,16.02,16.09,-0.011037422,-0.013103069,0.001072599,0.000580947,0.842353911,0.156357545,78.33732717,5.179664862,6.263559029,0.34906585,2192.67978,18.99901712,12.2161861,328.901967,CI,MCT,-999.0,913,0.263290619,0.441615991,0.534240584,-0.178325372,CI.MCT,913,0.263290619,24.11910057,615.335022,8.528459549,0.26329061932762254,913,772.5560271207928,871.6267820445795,848.656617476965,903.0086912373089
100119,RSN16831,65,16831, MCT,3.49,34.309,-116.9297,9.684,82.38,1188,34.2265,-116.0407,9.54,9.61,0.000505833,0.001361029,6.54e-05,7.94e-06,0.371655163,0.160573929,83.88070011,5.179664862,6.192176404,0.174532925,1101.587648,63.70692695,20.81084098,165.2381472,CI,MCT,-999.0,633,0.629556078,0.441615991,0.534240584,0.187940087,CI.MCT,633,0.629556078,24.11910057,615.335022,8.528459549,0.6295560777784148,633,651.1255775791024,692.5585134460259,673.6495466292666,709.7207596865076
100119,RSN11410,65,11410, MCT,4.73,33.7328,-117.4921,10.018,144.87,1188,34.2265,-116.0407,22.6,22.7,0.000355639,0.000583643,0.000177005,6.22e-05,0.609343391,0.160900419,86.39153834,5.179664862,6.202702587,0.27925268,1681.475049,5.71766881,3.297324934,252.2212574,CI,MCT,-999.0,744,0.467985465,0.441615991,0.534240584,0.026369474,CI.MCT,744,0.467985465,24.11910057,615.335022,8.528459549,0.467985465089499,744,785.2473174775961,828.7865911952422,827.3157711460741,850.1354013018566
100119,RSN17508,65,17508, MCT,3.62,33.9521,-116.3635,9.067,42.59,1188,34.2265,-116.0407,21.7,21.76,-0.001258982,-0.003075167,0.000138325,6.48e-06,0.409402731,0.159011389,78.86889188,5.179664862,6.170551665,0.191986218,1213.735614,194.2873457,22.23146214,182.0603421,CI,MCT,-999.0,667,0.577236454,0.441615991,0.534240584,0.135620463,CI.MCT,667,0.577236454,24.11910057,615.335022,8.528459549,0.5772364540069672,667,612.1703824216221,696.8082303855942,654.556539458376,728.6407050037674
100119,RSN15530,65,15530, MCT,3.68,34.7251,-116.0506,2.727,55.32,1188,34.2265,-116.0407,21.65,21.72,-0.000330897,-0.000354732,5.65e-05,5.28e-05,0.932810443,0.168316853,88.13368278,5.179664862,5.93802414,0.383972435,2182.215206,6.266988636,6.278442478,327.3322809,CI,MCT,-999.0,909,0.267681406,0.441615991,0.534240584,-0.173934585,CI.MCT,909,0.267681406,24.11910057,615.335022,8.528459549,0.2676814057451118,909,1002.2754110607401,946.4811834811378,965.4697187841215,960.2671297679577
100119,RSN13859,65,13859, MCT,4.17,34.3277,-116.829,4.957,73.45,1188,34.2265,-116.0407,21.47,21.54,0.001561862,0.002934758,0.000173622,1.56e-05,0.532194582,0.165983678,86.85428403,5.179664862,6.015610792,0.244346095,1458.555018,100.119359,16.90314591,218.7832527,CI,MCT,-999.0,756,0.451985124,0.441615991,0.534240584,0.010369133,CI.MCT,756,0.451985124,24.11910057,615.335022,8.528459549,0.4519851237430572,756,742.0429302526519,791.2046808043254,756.905221935802,815.7846161945263
100119,RSN14740,65,14740, MCT,3.84,34.2268,-117.4407,8.593,128.99,1188,34.2265,-116.0407,20.88,20.96,0.000592405,0.000845113,0.000144411,3.99e-05,0.700977579,0.162267567,86.57850709,5.179664862,6.151676073,0.314159265,1858.153577,14.84724311,5.852137303,278.7230366,CI,MCT,-999.0,803,0.391671786,0.441615991,0.534240584,-0.049944205,CI.MCT,803,0.391671786,24.11910057,615.335022,8.528459549,0.39167178597582897,803,842.3403589157025,879.7341399871103,868.6256798879851,882.8891570212858
100119,RSN15708,65,15708, MCT,3.81,32.4923,-116.8468,13.18,206.45,1188,34.2265,-116.0407,21.93,22.08,-3.59e-05,-5.72e-05,6.98e-06,4.03e-06,0.627883934,0.159089651,86.59978949,5.179664862,6.274698597,0.27925268,1738.734133,8.908188586,8.194842407,260.81012,CI,MCT,-999.0,763,0.442768469,0.441615991,0.534240584,0.001152478,CI.MCT,763,0.442768469,24.11910057,615.335022,8.528459549,0.4427684686381337,763,888.7627797779395,841.8282676309359,902.8952438358673,860.8808949596587
100119,RSN8239,65,8239, MCT,4.92,33.5083,-116.5143,15.2,91.04,1188,34.2264,-116.0407,17.43,17.64,-0.007139734,-0.009417326,0.000140028,4.25e-05,0.758148752,0.15615241,81.03391176,5.179664862,6.325747735,0.331612558,2044.237816,167.9937412,67.25316365,306.6356724,CI,MCT,-999.0,865,0.317296993,0.441615991,0.534240584,-0.124318998,CI.MCT,865,0.317296993,24.11910057,615.335022,8.528459549,0.3172969929907117,865,715.4156337452886,803.5500256189526,789.3774210156644,841.300680777355
100119,RSN16723,65,16723, MCT,3.73,33.5058,-116.7636,16.276,104.23,1188,34.2265,-116.0407,22.17,22.24,7.51e-05,0.000144863,1.7e-05,1.14e-05,0.518661779,0.155654029,81.56391882,5.179664862,6.3549922,0.244346095,1523.865193,6.587719298,8.521352941,228.579779,CI,MCT,-999.0,777,0.42458615,0.441615991,0.534240584,-0.017029841,CI.MCT,777,0.42458615,24.11910057,615.335022,8.528459549,0.4245861495549432,777,800.5980238972701,804.1074287154022,787.9906880739478,830.2546269321033
100119,RSN18103,65,18103, MCT,5.19,36.4034,-117.8499,9.418,292.23,1188,34.2265,-116.0407,9.7,9.75,-4.39e-05,-7.38e-05,3.25e-05,1.42e-05,0.594368133,0.161660302,88.34301924,5.179664862,6.183223963,0.261799388,1636.70026,3.091549296,2.270769231,245.505039,CI,MCT,-999.0,729,0.488352768,0.441615991,0.534240584,0.046736777,CI.MCT,729,0.488352768,24.11910057,615.335022,8.528459549,0.48835276791393234,729,858.7359877876036,836.3803595655182,858.141714368446,869.4941690281261
100119,RSN14550,65,14550, MCT,3.78,34.0294,-116.7534,14.93,69.28,1188,34.2265,-116.0407,24.2,24.25,0.00019718,0.000464638,4.61e-05,2.06e-05,0.424373357,0.155064086,78.42296004,5.179664862,6.317747533,0.191986218,1283.549204,9.57184466,10.0789154,192.5323806,CI,MCT,-999.0,694,0.537554539,0.441615991,0.534240584,0.095938549,CI.MCT,694,0.537554539,24.11910057,615.335022,8.528459549,0.5375545394157859,694,630.0151955676745,700.6222362669974,670.7207934701182,741.4518485866005
100119,RSN18357,65,18357, MCT,3.34,33.5022,-116.5193,11.15,91.74,1188,34.2265,-116.0407,14.56,14.64,-9.51e-05,-0.000168081,1.35e-05,1.5e-05,0.566027971,0.15941477,83.56549717,5.179664862,6.233428753,0.261799388,1599.085476,6.34,12.45044444,239.8628214,CI,MCT,-999.0,717,0.504950659,0.441615991,0.534240584,0.063334668,CI.MCT,717,0.504950659,24.11910057,615.335022,8.528459549,0.5049506593229705,717,651.802220769662,718.5728857568049,688.8120569840569,753.3271454341974
100119,RSN17331,65,17331, MCT,3.56,33.4509,-116.5827,10.563,99.59,1188,34.2265,-116.0407,27.1,27.2,0.000145245,0.000261232,3.05e-05,5.94e-05,0.555999957,0.160053732,84.4266298,5.179664862,6.218365755,0.261799388,1570.85263,2.44520202,8.564983607,235.6278945,CI,MCT,-999.0,744,0.467985465,0.441615991,0.534240584,0.026369474,CI.MCT,744,0.467985465,24.11910057,615.335022,8.528459549,0.467985465089499,744,694.5100852780937,758.0663965982725,734.8929691238827,792.708757405743
100119,RSN14320,65,14320, MCT,4.19,33.4453,-116.439,8.875,94.17,1188,34.2265,-116.0407,16.94,17.09,-0.000938704,-0.001302699,2.14e-05,2.15e-05,0.720583967,0.161663102,85.10753159,5.179664862,6.16316588,0.314159265,1900.800981,43.66065116,60.87378505,285.1201472,CI,MCT,-999.0,818,0.373164163,0.441615991,0.534240584,-0.068451828,CI.MCT,818,0.373164163,24.11910057,615.335022,8.528459549,0.3731641633198439,818,765.3857897358608,811.9660111979416,796.8195057304841,837.0463469692551
100119,RSN13140,65,13140, MCT,4.06,33.2394,-116.2082,10.532,110.58,1188,34.2265,-116.0407,17.8,17.91,-0.00021087,-0.000348576,1.11e-05,5.16e-06,0.6049468,0.160224325,85.00222452,5.179664862,6.217520851,0.27925268,1679.475495,40.86627907,31.40324324,251.9213243,CI,MCT,-999.0,743,0.469330455,0.441615991,0.534240584,0.027714464,CI.MCT,743,0.469330455,24.11910057,615.335022,8.528459549,0.4693304552048314,743,776.2267986060051,773.4643045328593,777.5899137221779,806.9409336578075
100119,RSN10469,65,10469, MCT,4.45,34.1081,-117.3062,14.795,117.42,1188,34.2265,-116.0407,15.35,15.47,0.00125353,0.001988624,3.1e-05,1.09e-05,0.630350624,0.157279033,83.21809901,5.179664862,6.313637877,0.27925268,1763.818796,115.0027523,64.14916129,264.5728194,CI,MCT,-999.0,772,0.43104195,0.441615991,0.534240584,-0.010574041,CI.MCT,772,0.43104195,24.11910057,615.335022,8.528459549,0.4310419498978142,772,727.3356131743296,755.303878551039,770.1689161861709,781.1431633337888
100119,RSN15174,65,15174, MCT,3.9,33.867,-117.1038,11.856,105.95,1188,34.2265,-116.0407,20.08,20.16,0.0002889,0.000459548,5e-05,1.24e-05,0.628661819,0.159148928,84.04078373,5.179664862,6.24946745,0.27925268,1739.667539,23.2983871,9.19096,260.9501309,CI,MCT,-999.0,764,0.441458711,0.441615991,0.534240584,-0.00015728,CI.MCT,764,0.441458711,24.11910057,615.335022,8.528459549,0.4414587107560699,764,665.8932149582432,734.3725179811798,721.9844740509642,766.8876317090381
100119,RSN9933,65,9933, MCT,4.59,34.9977,-119.1926,10.662,301.47,1188,34.2265,-116.0407,8.5,8.93,8.18e-05,9.1e-05,5.19e-06,3.72e-06,0.899832105,0.160661803,88.15533156,5.179664862,6.221029194,0.366519143,2229.735392,21.98924731,17.53371869,334.4603088,CI,MCT,-999.0,924,0.251314428,0.441615991,0.534240584,-0.190301563,CI.MCT,924,0.251314428,24.11910057,615.335022,8.528459549,0.25131442828090655,924,848.4036649371178,945.7138497970848,974.7951725905731,986.8144004926893
100119,RSN9050,65,9050, MCT,5.2,33.5328,-116.5697,15.48,91.19,1188,34.2265,-116.0407,13.4,13.49,-0.003414119,-0.005331497,0.001366905,0.000299274,0.64036768,0.155879764,80.86007165,5.179664862,6.333749326,0.27925268,1800.268526,11.40800404,3.900415172,270.0402789,CI,MCT,-999.0,784,0.41561748,0.441615991,0.534240584,-0.025998511,CI.MCT,784,0.41561748,24.11910057,615.335022,8.528459549,0.415617479572183,784,648.5590591580586,728.6776714738814,732.6344139697916,765.3650292611218
100119,RSN12699,65,12699, MCT,4.34,35.8373,-117.678,6.864,232.93,1188,34.2265,-116.0407,24.75,24.92,0.000127959,0.000148218,7.58e-06,6.13e-06,0.863315528,0.163967062,88.54584282,5.179664862,6.096821743,0.34906585,2122.748678,20.87422512,19.55382586,318.4123017,CI,MCT,-999.0,890,0.288805037,0.441615991,0.534240584,-0.152810954,CI.MCT,890,0.288805037,24.11910057,615.335022,8.528459549,0.28880503719640505,890,1005.8292182442088,962.488854166388,1011.4873549239767,984.9197623505385
100119,RSN14407,65,14407, MCT,4.14,34.8632,-116.3444,6.474,75.93,1188,34.2265,-116.0407,18.02,18.14,0.000435286,0.00037936,5.07e-06,7.64e-06,1.14742114,0.163899413,85.7693663,5.179664862,6.084678138,0.41887902,2522.13818,56.97460733,74.82445759,378.320727,CI,MCT,-999.0,1016,0.156397872,0.441615991,0.534240584,-0.285218119,CI.MCT,1016,0.156397872,24.11910057,615.335022,8.528459549,0.1563978717841632,1016,887.5502692605542,990.4633388742114,959.6914941225998,1022.0192256997345
100119,RSN17928,65,17928, MCT,4.04,36.3911,-117.8665,9.439,291.96,1188,34.2265,-116.0407,12.41,12.52,0.000103207,0.000130054,5.41e-06,6.04e-06,0.793567951,0.161640508,88.33316321,5.179664862,6.183950287,0.331612558,2034.587432,17.08725166,24.03955638,305.1881148,CI,MCT,-999.0,861,0.321931995,0.441615991,0.534240584,-0.119683995,CI.MCT,861,0.321931995,24.11910057,615.335022,8.528459549,0.32193199549486007,861,833.6383443981753,916.5670256605127,935.3694866309675,942.7072976665347
100119,RSN14455,65,14455, MCT,4.05,32.7091,-116.0396,7.817,168.3,1188,34.2265,-116.0407,42.85,42.94,-0.00035748,-0.000593958,9.59e-06,6.09e-06,0.601861408,0.163241624,87.66246347,5.179664862,6.120791156,0.27925268,1642.141199,58.69950739,61.93514077,246.3211799,CI,MCT,-999.0,731,0.48561304,0.441615991,0.534240584,0.043997049,CI.MCT,731,0.48561304,24.11910057,615.335022,8.528459549,0.4856130401728125,731,866.0106953015506,850.0363065601293,871.0848057704927,862.4575973996372
100119,RSN16891,65,16891, MCT,3.6,34.2088,-117.5824,7.536,142.08,1188,34.2265,-116.0407,12.8,12.86,0.000139083,0.000252029,9.29e-05,1.36e-05,0.551854575,0.163369552,87.32704643,5.179664862,6.114431914,0.244346095,1524.683309,10.22669118,2.712906351,228.7024964,CI,MCT,-999.0,778,0.423299976,0.441615991,0.534240584,-0.018316015,CI.MCT,778,0.423299976,24.11910057,615.335022,8.528459549,0.4232999757441993,778,866.982075353971,905.0947651017048,887.4192139645504,913.1358205081808
100119,RSN15364,65,15364, MCT,3.87,33.928,-116.7858,18.501,76.33,1188,34.2265,-116.0407,21.45,21.54,0.000766588,0.001601455,0.000122707,2.96e-05,0.478681889,0.152051264,76.8652532,5.179664862,6.40467109,0.226892803,1456.927156,25.89824324,13.05104843,218.5390734,CI,MCT,-999.0,755,0.453308751,0.441615991,0.534240584,0.01169276,CI.MCT,755,0.453308751,24.11910057,615.335022,8.528459549,0.4533087506735658,755,782.9744436676327,785.1775449702996,757.7530741065741,806.7467739172947
100119,RSN16108,65,16108, MCT,3.58,33.827,-117.0296,15.131,101.52,1188,34.2265,-116.0407,18.1,18.2,-7.51e-05,-0.000156728,8.77e-06,1.51e-05,0.478892759,0.156578912,81.95678826,5.179664862,6.323730411,0.226892803,1415.310328,4.973509934,17.8709236,212.2965492,CI,MCT,-999.0,740,0.473376314,0.441615991,0.534240584,0.031760323,CI.MCT,740,0.473376314,24.11910057,615.335022,8.528459549,0.4733763137243754,740,667.0761743297655,742.5957542323363,711.5967433206418,777.4924513546807
100119,RSN16956,65,16956, MCT,3.63,34.1242,-116.405,9.555,35.45,1188,34.2265,-116.0407,11.8,11.84,0.003221873,0.009095924,0.001132805,0.000120241,0.354210636,0.156720711,75.87655746,5.179664862,6.187901101,0.174532925,1081.564,26.79512812,8.029558485,162.2346,CI,MCT,-999.0,628,0.637486333,0.441615991,0.534240584,0.195870343,CI.MCT,628,0.637486333,24.11910057,615.335022,8.528459549,0.6374863334543921,628,601.4061694348678,672.2744759477589,644.3418257907636,692.7656667513571
100119,RSN9376,65,9376, MCT,4.88,34.0655,-117.0011,17.501,90.36,1188,34.2265,-116.0407,15.05,15.26,0.002578163,0.004312784,3.15e-05,1.33e-05,0.59779549,0.154019063,79.4963746,5.179664862,6.383907006,0.261799388,1725.358928,193.8468421,136.9137778,258.8038392,CI,MCT,-999.0,759,0.448024723,0.441615991,0.534240584,0.006408732,CI.MCT,759,0.448024723,24.11910057,615.335022,8.528459549,0.44802472252696024,759,810.7284797685982,761.2920410013104,764.2576717313334,797.6147864192233
100119,RSN10745,65,10745, MCT,4.66,34.2983,-118.6255,8.038,238.19,1188,34.2265,-116.0407,9.83,9.9,4.95e-05,0.000108431,3.59e-05,2.47e-05,0.456444907,0.163152151,88.29182959,5.179664862,6.126524324,0.20943951,1301.182651,2.004048583,3.020362117,195.1773977,CI,MCT,-999.0,701,0.527518613,0.441615991,0.534240584,0.085902622,CI.MCT,701,0.527518613,24.11910057,615.335022,8.528459549,0.5275186128880005,701,896.4252946890196,816.7754420034732,837.4627449324466,822.9483830784085
100119,RSN17379,65,17379, MCT,3.56,33.0804,-116.4826,10.835,133.56,1188,34.2265,-116.0407,30.93,30.99,-5.76e-05,-0.000142178,1.7e-05,9.34e-06,0.40487489,0.160184114,85.73890372,5.179664862,6.225560001,0.191986218,1193.347076,6.167023555,8.363411765,179.0020614,CI,MCT,-999.0,659,0.589302965,0.441615991,0.534240584,0.147686975,CI.MCT,659,0.589302965,24.11910057,615.335022,8.528459549,0.5893029654200834,659,698.4166177396218,783.867865911433,739.7008309369145,798.2905746234865
100119,RSN13538,65,13538, MCT,4.06,32.7797,-117.3507,7.174,201.41,1188,34.2265,-116.0407,11.05,11.22,-0.000177144,-0.000258526,5.62e-05,2.98e-05,0.685208022,0.163711202,88.2318408,5.179664862,6.105409111,0.296705973,1805.830819,5.94442953,4.600106762,270.8746229,CI,MCT,-999.0,786,0.413069707,0.441615991,0.534240584,-0.028546283,CI.MCT,786,0.413069707,24.11910057,615.335022,8.528459549,0.413069707493384,786,1013.6464636679838,896.0219601830692,960.1628657081825,895.5515397010109
100119,RSN12853,65,12853, MCT,4.02,33.7129,-116.0516,12.808,56.98,1188,34.2265,-116.0407,23.88,23.97,-0.002601977,-0.004384052,8.73e-05,7.79e-06,0.593509655,0.155982128,77.88304805,5.179664862,6.268161535,0.261799388,1694.43149,334.0150193,50.21823597,254.1647235,CI,MCT,-999.0,748,0.462623522,0.441615991,0.534240584,0.021007531,CI.MCT,748,0.462623522,24.11910057,615.335022,8.528459549,0.46262352194811296,748,676.9700442949824,748.818244252949,719.8139153499906,785.8977751531097
100119,RSN17092,65,17092, MCT,3.52,34.2098,-116.4371,4.645,36.57,1188,34.2265,-116.0407,19.93,19.99,0.000418975,0.00132751,9.97e-05,1.05e-05,0.315610078,0.165919641,84.05448649,5.179664862,5.994593769,0.157079633,918.2447498,39.90238095,13.31504514,137.7367125,CI,MCT,-999.0,557,0.75746126,0.441615991,0.534240584,0.315845269,CI.MCT,557,0.75746126,24.11910057,615.335022,8.528459549,0.7574612599953063,557,495.78049438118353,583.5768911222403,549.1792609037925,612.2030396800232
100119,RSN12619,65,12619, MCT,4.11,33.5089,-116.8485,12.274,109.19,1188,34.2265,-116.0407,13.48,13.52,0.000140366,0.000243002,8.9e-05,2.78e-05,0.57763389,0.158930583,84.04054151,5.179664862,6.258050482,0.261799388,1629.114586,5.049136691,2.730359551,244.3671879,CI,MCT,-999.0,726,0.492476485,0.441615991,0.534240584,0.050860494,CI.MCT,726,0.492476485,24.11910057,615.335022,8.528459549,0.49247648509779474,726,665.9314764180021,727.5926290926644,700.6344208530548,762.78313470743
100164,RSN16320,70,16320, CGO,3.74,34.8456,-119.2446,12.927,229.79,715,36.5504,-117.803,34.25,34.33,-2.47e-05,-5.01e-05,1.75e-05,9.65e-06,0.492115577,0.159264352,87.00550683,5.179664862,6.270295551,0.226892803,1422.773867,2.559585492,2.862857143,213.4160801,CI,CGO,-999.0,743,-0.038413502,-0.067945752,0.024678842,0.02953225,CI.CGO,743,-0.038413502,12.05959988,2669.620117,11.77110004,-0.03841350202375171,743,943.11102992621,781.8613085944219,817.7446017215109,743.3308266535942
100164,RSN18303,70,18303, CGO,3.05,36.3904,-117.8704,9.371,18.75,715,36.5504,-117.803,10.08,10.21,-0.000838999,-0.001792329,1.31e-05,2.85e-05,0.468105446,0.145130021,63.78382254,5.179664862,6.181585801,0.226892803,1498.556263,29.4385614,136.8190076,224.7834395,CI,CGO,-999.0,769,-0.072808427,-0.067945752,0.024678842,-0.004862675,CI.CGO,769,-0.072808427,12.05959988,2669.620117,11.77110004,-0.0728084268116369,769,688.4366043578326,750.4117289592305,657.9589861120318,716.8419028989568
100164,RSN17889,70,17889, CGO,3.32,36.3834,-117.8599,7.189,19.22,715,36.5504,-117.803,10.64,10.77,-0.003247204,-0.00642501,0.000160422,5.62e-05,0.505400706,0.15487927,71.02532222,5.179664862,6.105803389,0.226892803,1494.96975,57.7794306,40.05067883,224.2454625,CI,CGO,-999.0,768,-0.07150719,-0.067945752,0.024678842,-0.003561439,CI.CGO,768,-0.07150719,12.05959988,2669.620117,11.77110004,-0.07150719045366483,768,693.6073389696157,749.4359009631846,662.5785176679099,715.9097287729503
100164,RSN17994,70,17994, CGO,3.07,36.4025,-117.8737,7.008,17.59,715,36.5504,-117.803,14.2,14.27,0.000242412,0.000475819,0.000131505,6.77e-05,0.509463621,0.153448253,69.41884295,5.179664862,6.100917913,0.226892803,1518.670888,3.580679468,3.618257861,227.8006332,CI,CGO,-999.0,776,-0.081869977,-0.067945752,0.024678842,-0.013924226,CI.CGO,776,-0.081869977,12.05959988,2669.620117,11.77110004,-0.08186997748921154,776,699.1124319598597,758.1842308749088,663.9482096527134,723.367121781002
100164,RSN9450,70,9450, CGO,4.73,36.4011,-117.8397,7.419,16.89,715,36.5504,-117.803,15.28,15.49,-0.079179952,-0.108455727,0.001022842,0.000217128,0.730067048,0.150427657,66.83230366,5.179664862,6.111624155,0.314159265,2061.011761,364.6694669,106.0337051,309.1517642,CI,CGO,-999.0,870,-0.196210669,-0.067945752,0.024678842,-0.128264917,CI.CGO,870,-0.196210669,12.05959988,2669.620117,11.77110004,-0.19621066895462214,870,706.5830457563784,815.4394829404242,674.2902461822189,778.9735379288777
100164,RSN12390,70,12390, CGO,4.27,36.1466,-118.0613,4.057,50.45,715,36.5504,-117.803,23.4,23.54,-0.000467633,-0.001046849,8.61e-06,6.89e-06,0.446704818,0.167912272,86.4300718,5.179664862,5.943934512,0.20943951,1241.665481,67.8712627,121.5852497,186.2498222,CI,CGO,-999.0,678,0.053135255,-0.067945752,0.024678842,0.121081007,CI.CGO,678,0.053135255,12.05959988,2669.620117,11.77110004,0.05313525475361214,678,613.211289651753,669.614214901548,610.8184568779342,642.7949574626451
100165,RSN14202,71,14202, CLC,4.02,36.0735,-117.8947,7.001,39.21,1464,35.8157,-117.5975,8.3,8.43,0.001334305,0.001488721,1.72e-05,7.13e-06,0.896276147,0.161908503,81.02590228,5.179664862,6.100723215,0.366519143,2207.383533,187.1395512,86.55354651,331.10753,CI,CLC,-999.0,917,0.467820222,0.53413576,0.626760353,-0.066315537,CI.CLC,917,0.467820222,18.78919983,767.2020264,12.03999996,0.46782022226479203,917,856.4955389466181,855.748876685139,805.0659417425212,839.8239842260514
100165,RSN15351,71,15351, CLC,3.87,33.928,-116.7858,18.501,222.18,1464,35.8157,-117.5975,23.65,23.78,7.03e-05,9.08e-05,3.58e-06,1.15e-06,0.774637708,0.155648764,85.47219357,5.179664862,6.40467109,0.331612558,2080.067111,61.13043478,25.36312849,312.0100667,CI,CLC,-999.0,876,0.513561604,0.53413576,0.626760353,-0.020574156,CI.CLC,876,0.513561604,18.78919983,767.2020264,12.03999996,0.5135616035848649,876,919.2964458804734,886.4658295659891,846.8471721534802,840.4895695802771
100165,RSN13221,71,13221, CLC,4.19,34.3571,-116.8418,9.486,175.88,1464,35.8157,-117.5975,20.45,20.53,-0.000524552,-0.000485676,6.47e-05,8.5e-05,1.080044992,0.161474838,87.20789054,5.179664862,6.185563454,0.41887902,2483.423261,6.1712,7.506584235,372.5134892,CI,CLC,-999.0,1004,0.377180394,0.53413576,0.626760353,-0.156955365,CI.CLC,1004,0.377180394,18.78919983,767.2020264,12.03999996,0.3771803942695824,1004,1038.4470071838514,982.4097463240195,996.0468263189915,971.0386694296155
100165,RSN10043,71,10043, CLC,4.18,34.3617,-118.6637,11.151,188.34,1464,35.8157,-117.5975,19.18,19.36,0.000156614,0.000214545,1.42e-05,1.61e-05,0.729984673,0.160188888,86.89283855,5.179664862,6.233452986,0.314159265,1935.274483,9.72757764,15.10880282,290.2911725,CI,CLC,-999.0,829,0.568707539,0.53413576,0.626760353,0.03457178,CI.CLC,829,0.568707539,18.78919983,767.2020264,12.03999996,0.5687075393859615,829,859.0668867688294,813.3423300027595,839.8650224247934,803.4514904526819
100165,RSN9682,71,9682, CLC,4.69,35.0172,-119.0247,9.251,157.0,1464,35.8157,-117.5975,9.16,9.39,-0.000103963,-0.000206259,1.78e-05,4.86e-05,0.504038515,0.161653554,86.95289228,5.179664862,6.177322679,0.226892803,1429.206178,2.139156379,11.58758427,214.3809267,CI,CLC,-999.0,745,0.675543476,0.53413576,0.626760353,0.141407717,CI.CLC,745,0.675543476,18.78919983,767.2020264,12.03999996,0.675543476141697,745,837.9186335854033,722.8778171650027,798.8569240184153,738.4232730230559
100165,RSN14708,71,14708, CLC,3.84,34.2268,-117.4407,8.593,176.85,1464,35.8157,-117.5975,25.0,25.1,-0.000171314,-0.000251433,1.68e-05,5.93e-06,0.681349046,0.162404527,87.51557623,5.179664862,6.151676073,0.296705973,1813.142686,28.88937605,14.96625,271.9714029,CI,CLC,-999.0,788,0.619429605,0.53413576,0.626760353,0.085293845,CI.CLC,788,0.619429605,18.78919983,767.2020264,12.03999996,0.6194296046633774,788,906.5673704627909,794.1387124241918,840.2283131298072,776.3437759520422
100165,RSN14585,71,14585, CLC,4.11,35.6211,-117.5805,9.045,21.65,1464,35.8157,-117.5975,20.83,20.88,-0.004063556,-0.004705729,2.66e-05,8.68e-06,0.863533865,0.150372266,68.08754276,5.179664862,6.169722379,0.34906585,2315.01829,468.1516129,176.9071053,347.2527435,CI,CLC,-999.0,951,0.431413632,0.53413576,0.626760353,-0.102722128,CI.CLC,951,0.431413632,18.78919983,767.2020264,12.03999996,0.43141363197586635,951,798.8394346136192,873.6245090469674,777.6909493592178,851.153673509232
100165,RSN12074,71,12074, CLC,4.42,34.8927,-119.0292,16.97,165.59,1464,35.8157,-117.5975,23.76,23.9,0.000114103,0.000175968,2.83e-05,1.1e-05,0.648431854,0.156200565,84.4381845,5.179664862,6.371886121,0.27925268,1812.961712,10.373,6.21795053,271.9442568,CI,CLC,-999.0,788,0.619429605,0.53413576,0.626760353,0.085293845,CI.CLC,788,0.619429605,18.78919983,767.2020264,12.03999996,0.6194296046633774,788,814.405439835291,807.953875938767,817.4656972881613,764.5804363961494
100167,RSN17750,73,17750, ERR,3.63,32.7081,-116.029,7.885,49.26,238,33.1168,-115.8227,22.98,23.04,-0.000293418,-0.003032312,0.000348536,0.000128505,0.096763777,0.16168374,81.83731332,5.179664862,6.12225391,0.052359878,298.2548328,2.283319715,8.700140014,44.73822492,CI,ERR,0.146666667,268,-0.118716307,-0.107137855,-0.014513262,-0.011578451,CI.ERR,268,-0.118716307,7.979599953,-59.80690002,0.576366007,-0.1187163068393815,268,393.99889987397205,348.02332543850514,303.08348839618895,306.59909449301074
100167,RSN14446,73,14446, ERR,4.05,32.7091,-116.0396,7.817,49.56,238,33.1168,-115.8227,23.42,23.5,-0.000869507,-0.008302256,0.000225396,0.000250418,0.104731352,0.161754429,81.9168618,5.179664862,6.120791156,0.052359878,322.4164821,3.472222444,36.83408756,48.36247232,CI,ERR,0.146666667,282,-0.169636397,-0.107137855,-0.014513262,-0.062498542,CI.ERR,282,-0.169636397,7.979599953,-59.80690002,0.576366007,-0.16963639726663882,282,376.55389499716364,365.1121774733149,284.433073439103,315.75109308906923
100167,RSN16758,73,16758, ERR,3.72,33.1099,-116.0467,7.494,20.92,238,33.1168,-115.8227,12.71,12.82,0.009728025,0.119637427,0.000308404,0.000330158,0.081312555,0.154782935,71.13011189,5.179664862,6.113435346,0.034906585,261.9622979,29.46475627,387.9243687,39.29434469,CI,ERR,0.146666667,246,-0.033060862,-0.107137855,-0.014513262,0.074076993,CI.ERR,246,-0.033060862,7.979599953,-59.80690002,0.576366007,-0.03306086226088745,246,291.01429554872544,300.1124018475261,259.5125813767619,280.78136895222116
100168,RSN13243,74,13243, IRM,4.19,34.3571,-116.8418,9.486,157.84,981,34.1574,-115.1451,16.23,16.36,0.001822462,0.001744538,0.000198453,0.000156759,1.044667831,0.161428097,86.88632529,5.179664862,6.185563454,0.401425728,2431.772393,11.62588432,8.790685956,364.765859,CI,IRM,-999.0,988,-0.007110238,-0.013128456,0.079496138,0.006018218,CI.IRM,988,-0.007110238,21.1208992,538.5460205,11.79109955,-0.00711023818250478,988,1019.0796335883264,1050.2515050190482,978.2180146073229,1041.467485199875
100168,RSN16950,74,16950, IRM,3.63,34.1242,-116.405,9.555,116.26,981,34.1574,-115.1451,10.94,11.03,0.000198245,0.000183647,3.76e-05,3e-05,1.079492165,0.161160365,85.74552885,5.179664862,6.187901101,0.41887902,2487.61522,6.608166667,4.884228723,373.142283,CI,IRM,-999.0,1006,-0.025164891,-0.013128456,0.079496138,-0.012036435,CI.IRM,1006,-0.025164891,21.1208992,538.5460205,11.79109955,-0.025164891094321185,1006,988.2045443939951,1003.8385826545095,904.936252581014,992.0275289972923
100168,RSN17085,74,17085, IRM,3.52,34.2098,-116.4371,4.645,119.25,981,34.1574,-115.1451,32.5,32.63,0.000259708,0.000235598,1.63e-05,2.63e-05,1.102331785,0.166736081,88.21559324,5.179664862,5.994593769,0.41887902,2430.216674,9.874828897,14.45386503,364.5325011,CI,IRM,-999.0,988,-0.007110238,-0.013128456,0.079496138,0.006018218,CI.IRM,988,-0.007110238,21.1208992,538.5460205,11.79109955,-0.00711023818250478,988,1002.0678076687927,1000.5531636726276,893.4929076829806,977.6365664251533
100177,RSN15529,77,15529, LDF,3.68,34.7251,-116.0506,2.727,91.06,448,35.1307,-115.1842,21.13,21.24,-5.6e-05,-0.00013766,1.62e-05,6.21e-06,0.407014761,0.16837449,88.88834388,5.179664862,5.93802414,0.191986218,1140.47585,9.017713366,8.497530864,171.0713775,CI,LDF,-999.0,643,-0.361351492,-0.407031705,-0.314407112,0.045680213,CI.LDF,643,-0.361351492,2.213140011,1239.449951,2.034770012,-0.36135149182263415,643,674.9179636165023,767.4033883389153,671.0204407573113,766.6548377198355
100177,RSN13535,77,13535, LDF,4.06,32.7797,-117.3507,7.174,328.8,448,35.1307,-115.1842,8.81,9.0,-3.68e-05,-9.75e-05,8.88e-06,4.43e-06,0.377384109,0.163760002,88.91834215,5.179664862,6.105409111,0.174532925,1094.806069,8.306997743,10.97972973,164.2209104,CI,LDF,-999.0,631,-0.34251263,-0.407031705,-0.314407112,0.064519075,CI.LDF,631,-0.34251263,2.213140011,1239.449951,2.034770012,-0.3425126301262278,631,1020.5660669244187,918.8461649991725,737.4129591154517,882.2073252220637
100177,RSN10082,77,10082, LDF,4.18,34.3617,-118.6637,11.151,329.84,448,35.1307,-115.1842,14.0,14.12,6.45e-05,0.000122018,1.46e-05,1.34e-05,0.528879473,0.160347957,88.22736623,5.179664862,6.233452986,0.244346095,1502.373733,4.813432836,8.35739726,225.35606,CI,LDF,-999.0,771,-0.542895141,-0.407031705,-0.314407112,-0.135863436,CI.LDF,771,-0.542895141,2.213140011,1239.449951,2.034770012,-0.5428951411483443,771,1146.2447476860295,1027.3617164893797,885.774817542513,1025.8330181084414
100177,RSN9210,77,9210, LDF,5.03,35.3852,-118.6292,7.3,314.77,448,35.1307,-115.1842,8.85,9.12,0.000934692,0.002270309,4.43e-05,2.44e-05,0.411702354,0.16366876,88.84691796,5.179664862,6.108664217,0.191986218,1184.896233,38.30704918,51.24851016,177.734435,CI,LDF,-999.0,656,-0.381367557,-0.407031705,-0.314407112,0.025664148,CI.LDF,656,-0.381367557,2.213140011,1239.449951,2.034770012,-0.3813675565291037,656,988.7853620231906,910.0352286712777,761.2803790246998,895.2188823707618
100219,RSN15884,87,15884, SHD,3.6,35.492,-120.7845,4.912,35.99,818,35.1682,-120.7613,16.13,16.24,-0.000322249,0.000743887,0.000126164,0.000118051,0.433195501,0.165222426,83.43647727,5.179664862,6.012777814,0.20943951,1229.602464,2.729743924,5.896190672,184.4403696,PG,SHD,14.2707,674,0.193632226,0.056241076,0.148865669,0.13739115,PG.SHD,779,0.048851291,25.35289955,148.2359924,18.68289948,0.048851290731998454,779,745.8800480161162,620.2536235280332,753.6195234361547,650.0496079660182
100219,RSN14977,87,14977, SHD,3.7,35.6371,-120.7559,6.53,52.02,818,35.1682,-120.7613,20.75,20.81,0.001212095,-0.002822576,0.000203818,0.000250229,0.429428495,0.163301642,83.68873726,5.179664862,6.086524027,0.20943951,1234.879577,4.843942948,13.84851191,185.2319366,PG,SHD,14.2707,676,0.190669261,0.056241076,0.148865669,0.134428185,PG.SHD,782,0.045007596,25.35289955,148.2359924,18.68289948,0.04500759605743543,782,749.9129221747224,622.6422767636997,758.6883168302878,652.5530082534355
100219,RSN8743,87,8743, SHD,5.45,37.4317,-121.7767,7.486,267.21,818,35.1682,-120.7613,11.33,11.67,0.002990495,-0.00228993,0.000351218,0.000547638,1.305932646,0.163530295,88.59793869,5.179664862,6.113244097,0.453785606,2704.551861,5.460714925,6.519967655,405.6827792,PG,SHD,14.2707,1072,-0.270419005,0.056241076,0.148865669,-0.326660081,PG.SHD,1240,-0.416004322,25.35289955,148.2359924,18.68289948,-0.4160043219963363,1240,1164.3405918033059,1180.105084686675,948.7656235274532,934.7734406212477
100219,RSN19044,87,19044, SHD,4.39,35.6421,-120.9543,5.902,55.42,818,35.1682,-120.7613,22.5,22.55,-0.00046673,0.000766183,0.000169905,0.000184755,0.60916221,0.164246201,84.8130332,5.179664862,6.063488731,0.27925268,1646.857781,2.526210387,4.509478826,247.0286672,PG,SHD,14.2707,732,0.111081823,0.056241076,0.148865669,0.054840747,PG.SHD,846,-0.033657023,25.35289955,148.2359924,18.68289948,-0.03365702300347628,846,794.390870111566,683.6096197272138,757.1937677275681,705.9800059941361
100283,RSN16659,96,16659, VCS,3.69,33.735,-117.4936,9.693,101.05,405,34.4836,-118.1178,12.55,12.61,-0.000161951,-0.000313866,8.36e-05,3.8e-05,0.51598735,0.160867472,84.98183826,5.179664862,6.192470162,0.244346095,1468.405416,4.261868421,3.75437799,220.2608124,CI,VCS,3.2625,759,-0.62811471,-0.641257946,-0.548633353,0.013143236,CI.VCS,449,-0.103135821,3.069080114,997.302002,5.126949787,-0.1031358206357158,449,432.0885005836425,458.68637737068946,414.8521447840577,443.6058963842463
100283,RSN13474,96,13474, VCS,3.9,34.4032,-118.651,13.612,49.81,405,34.4836,-118.1178,17.36,17.42,-0.000718206,-0.002608049,0.000494046,0.000272436,0.275380635,0.153963552,75.27829636,5.179664862,6.281821568,0.13962634,870.6389877,2.636237502,5.278959854,130.5958482,CI,VCS,3.2625,532,-0.272756422,-0.641257946,-0.548633353,0.368501524,CI.VCS,532,-0.272756422,3.069080114,997.302002,5.126949787,-0.27275642223510577,532,452.4545509106605,521.9976486155732,463.7602284835536,518.7508725625646
100283,RSN10826,96,10826, VCS,4.66,34.2983,-118.6255,8.038,51.01,405,34.4836,-118.1178,14.89,15.04,-0.001900035,-0.003928195,0.000169831,6.26e-05,0.48369155,0.161566606,81.82635759,5.179664862,6.126524324,0.226892803,1382.875961,30.35199681,23.13002338,207.4313942,CI,VCS,3.2625,729,-0.587786665,-0.641257946,-0.548633353,0.053471281,CI.VCS,432,-0.064538521,3.069080114,997.302002,5.126949787,-0.06453852113757197,432,399.6852551002778,425.8022057996915,388.42108780029923,419.76184637720917
100283,RSN16376,96,16376, VCS,3.74,34.8456,-119.2446,12.927,110.81,405,34.4836,-118.1178,23.02,23.09,-0.000807693,-0.002921681,0.000326183,0.000169995,0.276447973,0.158535851,83.75542356,5.179664862,6.270295551,0.13962634,848.5776549,4.751275038,8.957183544,127.2866482,CI,VCS,3.2625,520,-0.249941744,-0.641257946,-0.548633353,0.391316202,CI.VCS,520,-0.249941744,3.069080114,997.302002,5.126949787,-0.24994174446893425,520,495.0874735777652,517.124582186908,484.328349619249,513.2779510347935
100283,RSN13100,96,13100, VCS,4.11,34.373,-117.6258,8.33,46.86,405,34.4836,-118.1178,12.82,12.88,0.000502541,0.001070073,4.62e-05,4.42e-05,0.469632671,0.160742458,80.74840664,5.179664862,6.140206558,0.226892803,1356.654305,11.36970588,23.16175325,203.4981458,CI,VCS,3.2625,720,-0.575364145,-0.641257946,-0.548633353,0.065893801,CI.VCS,426,-0.050552279,3.069080114,997.302002,5.126949787,-0.050552279162832114,426,405.4050826680788,435.9968177833156,389.51451756948944,419.1281979939316
100283,RSN11480,96,11480, VCS,4.73,33.7328,-117.4921,10.018,101.33,405,34.4836,-118.1178,25.1,25.28,-0.005262961,-0.005410223,0.000493612,0.000273408,0.972780786,0.160568463,84.84700523,5.179664862,6.202702587,0.383972435,2342.586585,19.24947697,10.96047705,351.3879878,CI,VCS,3.2625,960,-0.863046217,-0.641257946,-0.548633353,-0.221788271,CI.VCS,568,-0.338234352,3.069080114,997.302002,5.126949787,-0.3382343516146129,568,523.8006878418489,552.176477413712,509.3180296690054,535.1548193678392
100283,RSN16694,96,16694, VCS,3.79,34.0456,-117.2248,15.927,95.52,405,34.4836,-118.1178,42.51,42.62,0.000534506,0.000936513,3.11e-05,2.53e-05,0.5707406,0.15563103,80.97689325,5.179664862,6.345939946,0.261799388,1648.435276,21.12671937,30.1129582,247.2652914,CI,VCS,3.2625,733,-0.593258635,-0.641257946,-0.548633353,0.047999312,CI.VCS,434,-0.069157467,3.069080114,997.302002,5.126949787,-0.06915746699386638,434,455.5598694235966,461.72745086106124,406.5383801500982,428.7973565442651
100283,RSN17202,96,17202, VCS,3.53,33.9634,-117.8198,13.862,63.9,405,34.4836,-118.1178,25.57,25.6,-0.000390343,-0.000568245,0.000244506,0.000171172,0.686926334,0.155773816,78.28013699,5.179664862,6.285731951,0.296705973,1901.185759,2.280413853,2.324053397,285.1778639,CI,VCS,3.2625,818,-0.702975269,-0.641257946,-0.548633353,-0.061717323,CI.VCS,484,-0.17819784,3.069080114,997.302002,5.126949787,-0.1781978396100934,484,405.0987701264441,477.6369531704265,422.4339796152312,453.7081265585624
100283,RSN15015,96,15015, VCS,3.74,34.1651,-117.4332,7.875,72.23,405,34.4836,-118.1178,24.77,24.89,0.001039285,0.001351065,0.000103454,8.2e-05,0.769234125,0.162583796,84.46923609,5.179664862,6.12204057,0.331612558,1982.236365,12.67420732,13.05957237,297.3354548,CI,VCS,3.2625,844,-0.734265427,-0.641257946,-0.548633353,-0.093007481,CI.VCS,500,-0.210721031,3.069080114,997.302002,5.126949787,-0.21072103131565267,500,452.0638793905896,507.116137298688,455.9429920093393,481.7362591077603
100283,RSN17475,96,17475, VCS,3.59,34.0938,-117.4347,3.015,76.32,405,34.4836,-118.1178,14.57,14.63,0.000243717,0.00046361,9.73e-05,2.44e-05,0.52569453,0.168343788,88.44023683,5.179664862,5.93802414,0.244346095,1424.178258,9.988401639,4.764748201,213.6267387,CI,VCS,3.2625,743,-0.606808978,-0.641257946,-0.548633353,0.034448969,CI.VCS,440,-0.08288766,3.069080114,997.302002,5.126949787,-0.08288765980576773,440,424.0735259960561,462.04161717887615,428.1513421128373,444.9191841634674
100283,RSN9423,96,9423, VCS,4.88,34.0655,-117.0011,17.501,112.81,405,34.4836,-118.1178,14.85,14.94,-0.002522158,-0.00406287,0.000826736,0.000756969,0.620782426,0.154941211,81.5444673,5.179664862,6.383907006,0.27925268,1770.39428,3.331917159,4.914349925,265.559142,CI,VCS,3.2625,774,-0.647684806,-0.641257946,-0.548633353,-0.00642686,CI.VCS,458,-0.122982117,3.069080114,997.302002,5.126949787,-0.12298211700764661,458,516.0257619298536,476.11626187850896,436.7058460572552,449.345330081106
100283,RSN19407,96,19407, VCS,3.43,34.1381,-117.4717,5.767,70.75,405,34.4836,-118.1178,27.82,27.89,0.001218298,0.001668383,0.000403329,0.000244413,0.730227076,0.164684656,86.04788881,5.179664862,6.057771424,0.314159265,1882.866409,4.984587563,4.136531219,282.4299614,CI,VCS,3.2625,812,-0.695613273,-0.641257946,-0.548633353,-0.054355327,CI.VCS,481,-0.171980203,3.069080114,997.302002,5.126949787,-0.17198020299922234,481,442.8528233424228,492.8110174481908,439.4858776436368,466.19175647682533
100283,RSN16925,96,16925, VCS,3.6,34.2088,-117.5824,7.536,57.93,405,34.4836,-118.1178,12.38,12.44,0.001165709,0.004187942,7.77e-05,6.04e-05,0.278348806,0.162444804,83.34288324,5.179664862,6.114431914,0.13962634,833.4508817,19.29981788,53.89886744,125.0176323,CI,VCS,3.2625,512,-0.234437558,-0.641257946,-0.548633353,0.406820388,CI.VCS,512,-0.234437558,3.069080114,997.302002,5.126949787,-0.23443755793296894,512,463.74437693815787,515.6917272127768,464.38177290468036,510.02949695893585
100283,RSN14690,96,14690, VCS,3.9,35.3429,-118.5645,9.906,103.7,405,34.4836,-118.1178,21.8,21.86,-0.00023212,-0.000791453,6.69e-05,2.28e-05,0.293282961,0.160698263,85.00994722,5.179664862,6.199256899,0.13962634,884.2792578,10.18070175,11.83038864,132.6418887,CI,VCS,3.2625,539,-0.285828504,-0.641257946,-0.548633353,0.355429442,CI.VCS,539,-0.285828504,3.069080114,997.302002,5.126949787,-0.28582850380245883,539,496.36862316284936,541.2529597274986,489.86185057319426,533.8836806144221
100283,RSN17030,96,17030, VCS,3.45,33.6767,-117.9697,9.542,90.54,405,34.4836,-118.1178,38.68,38.74,-0.000193875,-0.000426003,3.98e-05,3.19e-05,0.455103091,0.160877837,84.51768535,5.179664862,6.187463428,0.20943951,1316.337406,6.077586207,10.70359296,197.4506109,CI,VCS,3.2625,706,-0.55572817,-0.641257946,-0.548633353,0.085529776,CI.VCS,418,-0.031594365,3.069080114,997.302002,5.126949787,-0.031594365418217585,418,401.79912627576766,427.97926714582064,386.20979180342124,412.9783177920155
100283,RSN17063,96,17063, VCS,3.43,34.0052,-118.2218,6.093,53.92,405,34.4836,-118.1178,36.05,36.1,-0.000628477,-0.001142728,0.00042226,0.000118676,0.549979461,0.16393104,84.40616027,5.179664862,6.071076522,0.244346095,1515.433827,5.295737976,2.706218917,227.3150741,CI,VCS,3.2625,775,-0.648975962,-0.641257946,-0.548633353,-0.007718016,CI.VCS,459,-0.125163143,3.069080114,997.302002,5.126949787,-0.12516314295400655,459,438.18257696637977,472.07237912542365,419.9528962371875,454.47471956839115
100283,RSN9298,96,9298, VCS,5.03,35.3852,-118.6292,7.3,110.4,405,34.4836,-118.1178,11.17,11.3,-0.002466162,-0.003205276,0.00093129,0.000292899,0.769407023,0.16342916,86.6920893,5.179664862,6.108664217,0.331612558,1972.273656,8.419837555,3.44175928,295.8410484,CI,VCS,3.2625,841,-0.730704593,-0.641257946,-0.548633353,-0.089446647,CI.VCS,498,-0.20671301,3.069080114,997.302002,5.126949787,-0.20671300991811403,498,486.9636865209091,494.39483238583665,469.82631864666405,478.5502257655673
100283,RSN15201,96,15201, VCS,3.9,33.867,-117.1038,11.856,115.83,405,34.4836,-118.1178,22.56,22.65,0.000559532,0.000830406,2.68e-05,3.3e-05,0.673804989,0.159292999,84.5602372,5.179664862,6.24946745,0.296705973,1834.077536,16.95551515,30.98529851,275.1116304,CI,VCS,3.2625,795,-0.674455048,-0.641257946,-0.548633353,-0.033197101,CI.VCS,471,-0.150971027,3.069080114,997.302002,5.126949787,-0.15097102690987896,471,452.0206206959486,470.3651277910377,438.51695801692085,450.12616050031056
100283,RSN14772,96,14772, VCS,3.84,34.2268,-117.4407,8.593,68.5,405,34.4836,-118.1178,24.2,24.38,0.002998583,0.003432807,0.000221243,0.00010572,0.873507803,0.161523385,83.53434934,5.179664862,6.151676073,0.366519143,2178.86111,28.36344117,15.51600277,326.8291665,CI,VCS,3.2625,908,-0.807357311,-0.641257946,-0.548633353,-0.166099365,CI.VCS,538,-0.283971493,3.069080114,997.302002,5.126949787,-0.2839714930552457,538,487.30122633436866,544.297727451197,491.8800974736053,518.34821479995
100283,RSN9813,96,9813, VCS,4.69,35.0172,-119.0247,9.251,101.98,405,34.4836,-118.1178,5.45,5.56,-0.000590406,-0.001112231,0.000239823,0.000128011,0.530830538,0.161334187,85.28320968,5.179664862,6.177322679,0.244346095,1497.54783,4.612150518,4.637716149,224.6321745,CI,VCS,3.2625,769,-0.641203902,-0.641257946,-0.548633353,5.4e-05,CI.VCS,455,-0.116410352,3.069080114,997.302002,5.126949787,-0.11641035184441151,455,433.4855420661958,448.555116768489,412.0530368940507,442.44009252420113
100283,RSN13743,96,13743, VCS,3.97,33.9535,-117.7457,11.873,68.07,405,34.4836,-118.1178,11.0,11.04,-0.001115999,-0.001875493,0.000404781,0.000156195,0.595042787,0.157876335,80.64498236,5.179664862,6.249828919,0.261799388,1677.363038,7.144908608,4.633352356,251.6044557,CI,VCS,3.2625,743,-0.606808978,-0.641257946,-0.548633353,0.034448969,CI.VCS,440,-0.08288766,3.069080114,997.302002,5.126949787,-0.08288765980576773,440,391.1160815258666,436.80894339118373,388.4789102971591,425.1339827706672
100283,RSN11240,96,11240, VCS,4.42,34.0665,-118.8938,12.827,85.13,405,34.4836,-118.1178,23.6,23.69,-0.001365393,-0.00274755,0.000179573,0.000129903,0.496949491,0.157969562,81.98557282,5.179664862,6.268505043,0.226892803,1445.871752,10.5108658,15.30046276,216.8807628,CI,VCS,3.2625,751,-0.617518585,-0.641257946,-0.548633353,0.023739362,CI.VCS,445,-0.094187215,3.069080114,997.302002,5.126949787,-0.0941872150597014,445,409.98616026791973,443.69469433947677,394.5011814793071,431.26379964309575
100283,RSN17598,96,17598, VCS,3.4,34.0733,-118.867,10.648,82.65,405,34.4836,-118.1178,22.0,22.05,-0.000157246,-0.000410911,0.00012882,7.78e-05,0.382677206,0.159626399,83.20743846,5.179664862,6.220655727,0.174532925,1136.972818,2.021156812,3.189807483,170.5459227,CI,VCS,3.2625,642,-0.460701237,-0.641257946,-0.548633353,0.18055671,CI.VCS,380,0.063715814,3.069080114,997.302002,5.126949787,0.06371581438610718,380,365.0759058306977,396.5016474023427,343.3358383590537,380.83959446004803
100283,RSN9116,96,9116, VCS,5.2,33.5328,-116.5697,15.48,177.69,405,34.4836,-118.1178,16.6,16.68,-0.008388168,-0.015385115,0.002219817,0.002725344,0.545213228,0.15735272,85.29671274,5.179664862,6.333749326,0.244346095,1568.084483,3.077838247,6.930803305,235.2126725,CI,VCS,3.2625,747,-0.612178118,-0.641257946,-0.548633353,0.029079828,CI.VCS,442,-0.087422815,3.069080114,997.302002,5.126949787,-0.08742281497115911,442,457.5908534625973,455.5962717464563,450.6676165630659,448.59723796524753
100283,RSN17886,96,17886, VCS,3.14,33.909,-118.1836,6.769,64.02,405,34.4836,-118.1178,14.28,14.35,-0.000106131,-0.000139928,1.85e-05,1.59e-05,0.758468672,0.163389755,84.68402677,5.179664862,6.094010642,0.331612558,1954.233528,6.67490566,7.563675676,293.1350292,CI,VCS,3.2625,835,-0.723544658,-0.641257946,-0.548633353,-0.082286711,CI.VCS,494,-0.19864845,3.069080114,997.302002,5.126949787,-0.1986484500813841,494,460.5323958282262,506.1302341359797,450.9702488142971,478.79153367890166
100283,RSN12799,96,12799, VCS,4.26,33.9538,-116.3912,7.696,169.61,405,34.4836,-118.1178,24.02,24.43,0.000929802,0.000989246,4.17e-05,2.44e-05,0.939909425,0.16331932,87.71756204,5.179664862,6.118116656,0.383972435,2258.791437,38.10663934,23.72292566,338.8187156,CI,VCS,3.2625,934,-0.835589371,-0.641257946,-0.548633353,-0.194331425,CI.VCS,553,-0.311470934,3.069080114,997.302002,5.126949787,-0.3114709344157962,553,610.2759182206702,589.0237263556863,592.2274974375945,561.1854756165409
100283,RSN16568,96,16568, VCS,3.61,34.2449,-117.4464,12.48,67.2,405,34.4836,-118.1178,14.91,14.97,0.000527982,0.000877416,0.000126388,6.92e-05,0.601746998,0.157329633,80.13272762,5.179664862,6.262058538,0.27925268,1703.605592,7.629797688,6.942241352,255.5408388,CI,VCS,3.2625,751,-0.617518585,-0.641257946,-0.548633353,0.023739362,CI.VCS,445,-0.094187215,3.069080114,997.302002,5.126949787,-0.0941872150597014,445,396.85692827313574,442.32031683068044,393.6716029155392,429.9650507566975
100283,RSN14572,96,14572, VCS,3.78,34.0294,-116.7534,14.93,135.39,405,34.4836,-118.1178,17.75,17.84,0.000480007,0.000662182,0.000115056,9.55e-05,0.72488742,0.157435867,84.06512194,5.179664862,6.317747533,0.314159265,1959.771576,5.026251309,5.755301766,293.9657364,CI,VCS,3.2625,837,-0.725937003,-0.641257946,-0.548633353,-0.084679057,CI.VCS,496,-0.20268886,3.069080114,997.302002,5.126949787,-0.20268885961838912,496,475.83060463556905,510.6540034205257,487.35138559836247,489.13311840394965
100283,RSN11338,96,11338, VCS,4.78,34.1228,-116.9226,5.969,117.08,405,34.4836,-118.1178,17.1,17.17,0.00049317,0.000649347,0.00028941,0.000139726,0.759486582,0.164693778,87.52586307,5.179664862,6.066214653,0.331612558,1940.479682,3.529550692,2.24369234,291.0719523,CI,VCS,3.2625,831,-0.718742728,-0.641257946,-0.548633353,-0.077484781,CI.VCS,492,-0.194591649,3.069080114,997.302002,5.126949787,-0.19459164938576912,492,489.20018748067787,491.1994546375838,464.1657605906802,473.8156062282818
100283,RSN17442,96,17442, VCS,3.73,35.2675,-117.3498,7.92,111.77,405,34.4836,-118.1178,32.01,32.1,-0.000235325,-0.000342712,0.000103594,4.72e-05,0.686655886,0.16299653,86.40031824,5.179664862,6.122995859,0.296705973,1816.438365,4.985699153,3.308222484,272.4657548,CI,VCS,3.2625,789,-0.666879254,-0.641257946,-0.548633353,-0.025621307,CI.VCS,467,-0.142442191,3.069080114,997.302002,5.126949787,-0.14244219056235874,467,496.1536300198117,482.06983036209067,461.38608510224185,456.5222932125209
100283,RSN8872,96,8872, VCS,5.39,33.9465,-117.7667,14.89,67.8,405,34.4836,-118.1178,21.19,21.49,-0.128392663,-0.146842207,0.009533862,0.003256057,0.87435803,0.154920939,78.11527963,5.179664862,6.31653763,0.366519143,2273.052673,39.43194576,15.40217459,340.957901,CI,VCS,3.2625,938,-0.839862882,-0.641257946,-0.548633353,-0.198604936,CI.VCS,555,-0.315081047,3.069080114,997.302002,5.126949787,-0.31508104663989567,555,452.9078530380703,525.8951031447109,473.2194578113437,507.7743931871804
100283,RSN11866,96,11866, VCS,4.26,34.2844,-118.4129,8.031,35.0,405,34.4836,-118.1178,30.81,30.93,-0.01540967,-0.023253145,0.000142132,7.33e-05,0.662691846,0.159650341,77.9723716,5.179664862,6.126183158,0.296705973,1808.452725,210.2274216,163.6024611,271.2679088,CI,VCS,3.2625,787,-0.664341181,-0.641257946,-0.548633353,-0.023083235,CI.VCS,466,-0.140298567,3.069080114,997.302002,5.126949787,-0.1402985670191068,466,403.9390508627308,456.43052333542676,409.3429756921791,438.94988767827044
100283,RSN17702,96,17702, VCS,3.59,34.3463,-118.5806,6.999,45.19,405,34.4836,-118.1178,13.33,13.44,0.00152744,0.003378306,4.57e-05,2.72e-05,0.452132064,0.16234421,82.05783521,5.179664862,6.100667506,0.20943951,1297.322865,56.15588235,73.92354486,194.5984298,CI,VCS,3.2625,699,-0.545763675,-0.641257946,-0.548633353,0.095494271,CI.VCS,414,-0.021978907,3.069080114,997.302002,5.126949787,-0.02197890671877545,414,390.91978527136496,426.7496701572285,378.7810436649142,409.9183745126665
100283,RSN15313,96,15313, VCS,3.86,34.1976,-117.3882,14.177,74.25,405,34.4836,-118.1178,24.9,25.14,0.00493389,0.009191597,2.24e-05,2.39e-05,0.536782744,0.156359009,79.76789982,5.179664862,6.293825021,0.244346095,1558.857104,206.4389121,410.3391518,233.8285656,CI,VCS,3.2625,756,-0.624154309,-0.641257946,-0.548633353,0.017103637,CI.VCS,448,-0.100906165,3.069080114,997.302002,5.126949787,-0.1009061653084462,448,397.0622211834102,445.2395243406741,392.140979888639,432.86369154831567
100283,RSN13308,96,13308, VCS,4.19,34.3571,-116.8418,9.486,118.14,405,34.4836,-118.1178,18.8,18.93,0.000921004,0.001102858,0.000196329,5.6e-05,0.835106942,0.161235894,85.81597061,5.179664862,6.185563454,0.34906585,2114.959789,16.4465,5.617397328,317.2439684,CI,VCS,3.2625,888,-0.785084676,-0.641257946,-0.548633353,-0.14382673,CI.VCS,526,-0.261414146,3.069080114,997.302002,5.126949787,-0.2614141456311714,526,547.78636316628,540.4364746155438,518.8710484601745,513.5607425885617
100283,RSN10152,96,10152, VCS,4.18,34.3617,-118.6637,11.151,51.97,405,34.4836,-118.1178,10.0,10.08,-0.001865442,-0.002511342,0.000667955,0.000197972,0.742806776,0.157217419,78.52378644,5.179664862,6.233452986,0.314159265,1995.142217,9.422756753,3.759747288,299.2713326,CI,VCS,3.2625,849,-0.740172119,-0.641257946,-0.548633353,-0.098914173,CI.VCS,503,-0.216703103,3.069080114,997.302002,5.126949787,-0.2167031029932005,503,427.7419721032316,493.1070154057458,441.0787454494684,469.1654685819061
100283,RSN11760,96,11760, VCS,4.5,34.3365,-116.8617,8.94,116.63,405,34.4836,-118.1178,15.6,15.72,0.002890974,0.002976613,0.001064492,0.000562773,0.971229194,0.161802276,86.0503681,5.179664862,6.165704274,0.383972435,2322.649155,5.137016168,2.796275594,348.3973733,CI,VCS,3.2625,954,-0.856776604,-0.641257946,-0.548633353,-0.215518658,CI.VCS,565,-0.332938664,3.069080114,997.302002,5.126949787,-0.3329386640399026,565,561.3027697530176,558.0928390266214,536.675430976206,542.5287623155499
100283,RSN13908,96,13908, VCS,4.17,34.3277,-116.829,4.957,119.75,405,34.4836,-118.1178,20.3,20.44,0.001164926,0.001458979,2.31e-05,2.7e-05,0.798453146,0.166140771,88.07936887,5.179664862,6.015610792,0.331612558,1987.305149,43.14540741,63.15926407,298.0957724,CI,VCS,3.2625,846,-0.736632292,-0.641257946,-0.548633353,-0.095374346,CI.VCS,501,-0.212719034,3.069080114,997.302002,5.126949787,-0.2127190339783258,501,532.9083627082979,518.7138863269204,494.3317472904137,490.21870181547234
100283,RSN13351,96,13351, VCS,4.2,34.3768,-117.6461,8.934,44.95,405,34.4836,-118.1178,13.19,13.25,0.002401683,0.003374533,0.001301179,0.00069505,0.711708241,0.159501244,79.5458399,5.179664862,6.165471616,0.314159265,1910.287912,3.455410402,2.593442562,286.5431868,CI,VCS,3.2625,821,-0.706636042,-0.641257946,-0.548633353,-0.065378096,CI.VCS,486,-0.182321557,3.069080114,997.302002,5.126949787,-0.1823215567939549,486,417.6845842926817,476.01981618244076,426.5519035945056,457.7889386515868
100283,RSN14174,96,14174, VCS,3.81,33.8204,-117.7145,10.077,82.43,405,34.4836,-118.1178,14.98,15.1,-0.00087741,-0.001127431,7.3e-05,9.15e-05,0.778238196,0.160171167,83.60601175,5.179664862,6.204485033,0.331612558,2027.462303,9.589180328,15.44426027,304.1193455,CI,VCS,3.2625,859,-0.751881855,-0.641257946,-0.548633353,-0.110623909,CI.VCS,509,-0.228560949,3.069080114,997.302002,5.126949787,-0.22856094944398375,509,463.33511615304184,510.2191086440974,460.1949860427279,486.51907362772675
100283,RSN17828,96,17828, VCS,3.25,33.9806,-118.6693,13.117,75.46,405,34.4836,-118.1178,13.88,13.96,-0.000154363,-0.000252032,0.000110395,7.16e-05,0.612476543,0.157302794,80.70072745,5.179664862,6.273618806,0.27925268,1726.504665,2.155907821,2.283001948,258.9756998,CI,VCS,3.2625,759,-0.62811471,-0.641257946,-0.548633353,0.013143236,CI.VCS,449,-0.103135821,3.069080114,997.302002,5.126949787,-0.1031358206357158,449,389.8485617359584,448.6973582629032,396.5224192927925,433.82990514552176
100283,RSN15451,96,15451, VCS,3.99,34.0514,-117.2429,14.998,93.76,405,34.4836,-118.1178,25.07,25.19,0.000633122,0.00089504,4.1e-05,4.75e-05,0.707367668,0.156432746,81.34867558,5.179664862,6.319789549,0.314159265,1939.579566,13.32888421,21.8302439,290.9369349,CI,VCS,3.2625,830,-0.717538634,-0.641257946,-0.548633353,-0.076280687,CI.VCS,491,-0.192557061,3.069080114,997.302002,5.126949787,-0.19255706068798162,491,419.3062474436442,481.78413870005795,429.92309923559895,458.5858491641207
100283,RSN10307,96,10307, VCS,4.34,35.0174,-119.1492,9.557,111.47,405,34.4836,-118.1178,13.18,13.29,-0.000162826,-0.000298789,4.98e-05,6.2e-05,0.544953694,0.161117171,85.55186731,5.179664862,6.187968323,0.244346095,1530.875867,2.626225806,5.999779116,229.6313801,CI,VCS,3.2625,780,-0.655406853,-0.641257946,-0.548633353,-0.014148906,CI.VCS,462,-0.131677824,3.069080114,997.302002,5.126949787,-0.1316778239751999,462,502.10078156560905,479.804998362806,460.3754121627604,462.4565239437332
100326,RSN11263,104,11263, BCW,4.39,35.6421,-120.9543,5.902,160.37,305,34.9401,-119.4131,14.72,15.4,0.000290026,0.00135915,6.37e-05,2.32e-05,0.213387508,0.164843233,88.23411966,5.179664862,6.063488731,0.104719755,636.4806102,12.50112069,21.33673469,95.47209153,CI,BCW,-999.0,428,-0.338811419,-0.155243589,-0.062618996,-0.18356783,CI.BCW,428,-0.338811419,12.65410042,1082.400024,7.314340115,-0.3388114189743847,428,510.5941985843897,422.03658451419733,442.71140960754053,445.1078389842676
100326,RSN17894,104,17894, BCW,4.04,36.3911,-117.8665,9.439,213.37,305,34.9401,-119.4131,12.87,13.16,-2.88e-05,-0.000375462,1.31e-05,9.88e-06,0.076788211,0.161580965,87.72045313,5.179664862,6.183950287,0.034906585,237.0624022,2.914979757,28.66122137,35.55936033,CI,BCW,-999.0,229,0.286589773,-0.155243589,-0.062618996,0.441833362,CI.BCW,229,0.286589773,12.65410042,1082.400024,7.314340115,0.2865897730531719,229,412.3773134814428,319.9888520947793,386.67241922667864,348.1349862391589
100326,RSN18243,104,18243, BCW,4.2,36.3905,-117.8695,8.829,213.14,305,34.9401,-119.4131,12.9,13.07,-5.64e-05,-0.000569845,6.95e-05,1.86e-05,0.098904253,0.162190609,87.87505699,5.179664862,6.161345296,0.052359878,303.8368058,3.032258065,8.199208633,45.57552087,CI,BCW,-999.0,272,0.11450971,-0.155243589,-0.062618996,0.2697533,CI.BCW,272,0.11450971,12.65410042,1082.400024,7.314340115,0.1145097103114141,272,432.11471613418746,349.51422849703476,412.56060697938335,383.00653113510094
100326,RSN10399,104,10399, BCW,4.45,34.1081,-117.3062,14.795,214.33,305,34.9401,-119.4131,13.09,13.49,0.000443556,0.00133939,1.41e-05,3.25e-05,0.331162912,0.158056152,86.29439936,5.179664862,6.313637877,0.157079633,1006.93755,13.64787692,94.99219858,151.0406325,CI,BCW,-999.0,604,-0.683262421,-0.155243589,-0.062618996,-0.528018832,CI.BCW,604,-0.683262421,12.65410042,1082.400024,7.314340115,-0.6832624213274032,604,660.9203053304856,571.2464309615864,594.6107644223652,611.2759528551484
100341,RSN14475,107,14475, SAL,4.05,32.7091,-116.0396,7.817,63.52,253,33.2801,-115.9859,25.66,25.73,-0.00106217,-0.009579701,0.000669202,0.000189455,0.110877197,0.162398872,83.72544076,5.179664862,6.120791156,0.052359878,339.7600846,5.60645008,14.31511113,50.96401269,CI,SAL,0.206666667,291,-0.139933778,-0.106360308,-0.013735714,-0.033573471,CI.SAL,291,-0.139933778,5.061649799,11.31519985,2.160559893,-0.13993377844397248,291,345.5209653130393,382.0337580065703,347.49481739508826,379.50725858494883
100341,RSN13160,107,13160, SAL,4.06,33.2394,-116.2082,10.532,21.2,253,33.2801,-115.9859,10.52,10.59,0.008612742,0.101645799,0.00533418,0.000162816,0.084732888,0.145189214,64.51753114,5.179664862,6.217520851,0.034906585,290.9375001,52.89862176,19.05556224,43.64062502,CI,SAL,0.206666667,264,-0.042559614,-0.106360308,-0.013735714,0.063800693,CI.SAL,264,-0.042559614,5.061649799,11.31519985,2.160559893,-0.04255961441879563,264,305.3266047347579,326.20192560408157,324.589803452116,341.29539650703396
100341,RSN14344,107,14344, SAL,4.19,33.4453,-116.439,8.875,45.98,253,33.2801,-115.9859,12.41,12.51,0.003288788,0.022701615,0.005241326,0.000446771,0.144870241,0.159716351,79.85279535,5.179664862,6.16316588,0.06981317,449.9354027,7.361238755,4.331273231,67.49031041,CI,SAL,0.206666667,351,-0.327396735,-0.106360308,-0.013735714,-0.221036427,CI.SAL,351,-0.327396735,5.061649799,11.31519985,2.160559893,-0.3273967347383451,351,356.22798599217003,430.4569076928255,353.72396111463524,431.34789703051956
100341,RSN14008,107,14008, SAL,4.15,33.638,-116.7082,12.649,78.0,253,33.2801,-115.9859,15.76,15.82,0.001232434,0.01283847,0.000963029,0.000105312,0.095995423,0.157768176,81.28573488,5.179664862,6.265244507,0.052359878,303.252194,11.70269295,13.33134309,45.4878291,CI,SAL,0.206666667,271,-0.068729332,-0.106360308,-0.013735714,0.037630976,CI.SAL,271,-0.068729332,5.061649799,11.31519985,2.160559893,-0.06872933215218069,271,351.57003732981144,345.7106185883094,368.7489273939132,356.66539243076426
100341,RSN10515,107,10515, SAL,4.45,34.1081,-117.3062,14.795,153.03,253,33.2801,-115.9859,16.56,16.8,0.001227822,0.007310799,0.000856219,0.000343639,0.167946375,0.157730433,84.78008418,5.179664862,6.313637877,0.087266463,527.0317001,3.572999572,8.538468546,79.05475502,CI,SAL,0.206666667,386,-0.422447881,-0.106360308,-0.013735714,-0.316087573,CI.SAL,386,-0.422447881,5.061649799,11.31519985,2.160559893,-0.42244788073731065,386,387.70911474572296,487.53041962254656,386.7958012073832,481.6590202577608
100341,RSN12863,107,12863, SAL,4.02,33.7129,-116.0516,12.808,48.39,253,33.2801,-115.9859,22.75,22.82,-0.001129832,-0.021593407,0.001476038,8.85e-05,0.052323016,0.154728022,75.89722959,5.179664862,6.268161535,0.017453293,168.875444,12.76646328,14.6293029,25.3313166,CI,SAL,0.206666667,176,0.362905494,-0.106360308,-0.013735714,0.469265801,CI.SAL,176,0.362905494,5.061649799,11.31519985,2.160559893,0.362905493689369,176,237.85243144811093,234.4884987666165,248.90648213623226,249.89024165550106
100356,RSN11955,110,11955, PHL,4.27,34.3874,-119.4398,6.219,151.75,384,35.4077,-120.5456,14.3125,14.5375,0.000222028,0.00022696,6.41e-06,6.25e-06,0.978272522,0.164488183,88.00729269,5.179664862,6.075787581,0.383972435,2293.955276,35.52448,35.40717629,344.0932914,CI,PHL,4.276666667,945,-0.900542375,-0.918401194,-0.8257766,0.017858819,CI.PHL,633,-0.49982787,3.069080114,387.6669922,3.995280027,-0.49982786955644887,633,684.4868590312465,526.8956662235844,649.7026155668194,513.1849770266949
100356,RSN10773,110,10773, PHL,4.66,34.2983,-118.6255,8.038,214.43,384,35.4077,-120.5456,17.0,17.2,0.00034967,0.000451155,0.00011968,9.52e-05,0.775055494,0.163135654,88.10750686,5.179664862,6.126524324,0.331612558,1985.30443,3.673004202,3.769677473,297.7956645,CI,PHL,4.276666667,845,-0.788694075,-0.918401194,-0.8257766,0.129707119,CI.PHL,566,-0.387951526,3.069080114,387.6669922,3.995280027,-0.3879515256154562,566,554.6184720446993,478.70129794584614,572.0025226165986,475.95731857719124
100356,RSN14666,110,14666, PHL,3.9,35.3429,-118.5645,9.906,180.16,384,35.4077,-120.5456,23.0625,23.1875,9.68e-05,6.88e-05,2.02e-05,1.74e-05,1.407610254,0.161108126,87.13566827,5.179664862,6.199256899,0.471238898,2844.115456,5.563218391,3.405940594,426.6173184,CI,PHL,4.276666667,1115,-1.065967131,-0.918401194,-0.8257766,-0.147565938,CI.PHL,746,-0.664083048,3.069080114,387.6669922,3.995280027,-0.6640830476160335,746,728.6326845466515,620.3294179643385,738.2253172674725,603.213628540722
100361,RSN18456,111,18456, PAGB,3.45,35.8887,-120.4353,8.049,24.25,473,35.7307,-120.2499,22.26,22.3,-0.000262621,-0.001389691,0.000232588,4.07e-05,0.18897784,0.156046264,72.96083648,5.179664862,6.12705915,0.087266463,597.2716177,6.452604423,5.974904122,89.59074266,NC,PAGB,8.69501,414,0.133229415,0.049513515,0.142138109,0.083715899,NC.PAGB,414,0.133229415,20.99570084,479.0830078,7.364409924,0.13322941466661842,414,370.59075966587255,339.65594078529165,365.1273308779875,344.39863461948994
100361,RSN15078,111,15078, PAGB,3.56,36.0672,-120.1861,14.523,37.78,473,35.7307,-120.2499,19.94,20.02,-0.000725389,-0.00309905,0.000163876,6.91e-05,0.234068068,0.148471652,69.41186891,5.179664862,6.305125515,0.122173048,773.2433987,10.49767004,18.91094486,115.9865098,NC,PAGB,8.69501,487,-0.029168735,0.049513515,0.142138109,-0.07868225,NC.PAGB,487,-0.029168735,20.99570084,479.0830078,7.364409924,-0.029168734590657053,487,420.57170760582704,377.5905031270603,395.0321533976445,392.79841826576353
100361,RSN20286,111,20286, PAGB,3.9,37.5893,-118.8176,11.872,242.77,473,35.7307,-120.2499,4.8,5.01,9.04e-05,0.000304608,2.32e-05,4.85e-06,0.296729013,0.159842359,87.41702215,5.179664862,6.249807686,0.13962634,898.636287,18.63917526,13.12965517,134.7954431,NC,PAGB,8.69501,546,-0.143523587,0.049513515,0.142138109,-0.193037103,NC.PAGB,546,-0.143523587,20.99570084,479.0830078,7.364409924,-0.14352358725297254,546,596.5905774518295,450.73339727039763,547.0638108218989,461.0719583662721
100361,RSN12065,111,12065, PAGB,4.05,35.7241,-121.0951,7.275,76.47,473,35.7307,-120.2499,22.2,22.4,-0.000168669,-0.001025433,2.73e-05,7.06e-06,0.164485386,0.163148914,85.21739195,5.179664862,6.108028485,0.087266463,499.3055931,23.8907932,37.56164835,74.89583897,NC,PAGB,8.69501,373,0.237516969,0.049513515,0.142138109,0.188003453,NC.PAGB,373,0.237516969,20.99570084,479.0830078,7.364409924,0.23751696884811668,373,345.15412005256206,306.99509013640653,347.280187688103,317.31674183249123
100373,RSN10297,112,10297, SYP,4.34,35.0174,-119.1492,9.557,93.33,440,34.5278,-119.9783,9.7,9.9,0.000478394,0.001784917,9.51e-05,0.000106933,0.268020252,0.160909413,84.68615792,5.179664862,6.187968323,0.13962634,812.2795705,4.473773297,18.76884332,121.8419356,CI,SYP,1.21579,504,-0.135801541,-0.059099244,0.03352535,-0.076702297,CI.SYP,504,-0.135801541,43.68880081,1185.349976,12.22700024,-0.1358015411590623,504,468.38319934001885,386.47936163423384,463.2990922736563,384.85112611745126
100373,RSN16372,112,16372, SYP,3.74,34.8456,-119.2446,12.927,75.92,440,34.5278,-119.9783,20.43,20.53,0.000141954,0.001731389,9.37e-05,3.61e-05,0.08198845,0.157450139,80.8440553,5.179664862,6.270295551,0.034906585,259.6510769,3.932243767,18.47800427,38.94766154,CI,SYP,1.21579,244,0.589606502,-0.059099244,0.03352535,0.648705745,CI.SYP,244,0.589606502,43.68880081,1185.349976,12.22700024,0.5896065016191043,244,333.45282022203855,297.3883523579968,361.76738214385216,309.7652995951615
100373,RSN11235,112,11235, SYP,4.42,34.0665,-118.8938,12.827,112.19,440,34.5278,-119.9783,21.87,22.1,0.000236219,0.001066606,2.43e-05,5.71e-05,0.221467594,0.158629764,83.91810675,5.179664862,6.268505043,0.104719755,685.3188279,4.136935201,43.89325103,102.7978242,CI,SYP,1.21579,448,-0.018018506,-0.059099244,0.03352535,0.041080738,CI.SYP,448,-0.018018506,43.68880081,1185.349976,12.22700024,-0.018018505502678472,448,436.9334261225981,361.7197775047905,424.0878514600658,357.46129979896114
100373,RSN8866,112,8866, SYP,5.39,33.9465,-117.7667,14.89,213.71,440,34.5278,-119.9783,17.24,17.64,0.006702995,0.01507775,0.000797044,0.000113599,0.444562026,0.15797587,86.25140316,5.179664862,6.31653763,0.20943951,1314.440197,59.00575709,18.91708613,197.1660296,CI,SYP,1.21579,705,-0.471423076,-0.059099244,0.03352535,-0.412323832,CI.SYP,267,0.499526069,43.68880081,1185.349976,12.22700024,0.49952606851205683,267,280.3123434453608,227.5600741255121,277.28057894264026,222.78859012357208
100373,RSN10543,112,10543, SYP,4.45,34.1081,-117.3062,14.795,250.31,440,34.5278,-119.9783,16.5,16.64,0.000219478,0.000889897,0.000117478,4.2e-05,0.246633256,0.158144777,86.82896345,5.179664862,6.313637877,0.122173048,762.7633025,5.225666667,7.575009789,114.4144954,CI,SYP,1.21579,483,-0.093241927,-0.059099244,0.03352535,-0.034142683,CI.SYP,483,-0.093241927,43.68880081,1185.349976,12.22700024,-0.09324192674026577,483,542.9793777463026,397.6281342795181,541.354009065833,411.28573607386284
100373,RSN14196,112,14196, SYP,3.69,34.7697,-120.4993,10.11,54.78,440,34.5278,-119.9783,19.69,19.93,0.001396053,0.008147169,6.12e-05,0.00016428,0.171354344,0.158819006,80.24691879,5.179664862,6.205472367,0.087266463,533.7424335,8.498009496,133.1236765,80.06136503,CI,SYP,1.21579,389,0.123195383,-0.059099244,0.03352535,0.182294627,CI.SYP,389,0.123195383,43.68880081,1185.349976,12.22700024,0.1231953832938606,389,345.0852567161628,328.17364821672516,361.5418117435691,334.4909653617575
100373,RSN13465,112,13465, SYP,3.9,34.4032,-118.651,13.612,122.73,440,34.5278,-119.9783,18.59,18.75,0.000125381,0.000650996,2.23e-05,3.17e-05,0.192598654,0.158331745,84.04946756,5.179664862,6.281821568,0.087266463,599.5328547,3.955236593,29.19264574,89.92992821,CI,SYP,1.21579,415,0.058496207,-0.059099244,0.03352535,0.11759545,CI.SYP,415,0.058496207,43.68880081,1185.349976,12.22700024,0.0584962066816086,415,394.9020065525605,335.724689605353,395.6859133706492,332.9851519431294
100373,RSN10145,112,10145, SYP,4.18,34.3617,-118.6637,11.151,122.21,440,34.5278,-119.9783,8.2,8.41,0.000390803,0.001766113,8.95e-05,9.78e-05,0.221278365,0.159863159,85.20453932,5.179664862,6.233452986,0.104719755,679.4771368,3.995940695,19.73310615,101.9215705,CI,SYP,1.21579,445,-0.011299555,-0.059099244,0.03352535,0.047799689,CI.SYP,445,-0.011299555,43.68880081,1185.349976,12.22700024,-0.011299555253933669,445,429.9409546567944,358.03429675844404,421.96204919463895,349.4747310034532
100373,RSN17972,112,17972, SYP,4.04,36.3911,-117.8665,9.439,281.93,440,34.5278,-119.9783,14.9,15.08,0.000165468,0.000754832,0.000115223,7.72e-05,0.219212338,0.161635536,88.27366872,5.179664862,6.183950287,0.104719755,666.0374351,2.143367876,6.551053175,99.90561527,CI,SYP,1.21579,438,0.004555817,-0.059099244,0.03352535,0.06365506,CI.SYP,438,0.004555817,43.68880081,1185.349976,12.22700024,0.004555816535860124,438,501.41391747718956,419.8149645318235,516.350512029754,402.88094848191014
100373,RSN8431,112,8431, SYP,4.92,34.31,-116.848,6.3,288.15,440,34.5277,-119.9783,5.62,5.8,0.000129481,0.000728148,0.000107354,2.01e-05,0.177822717,0.164480578,88.93834658,5.179664862,6.078701489,0.087266463,534.243402,6.441840796,6.782681595,80.1365103,CI,SYP,1.21579,389,0.123195383,-0.059099244,0.03352535,0.182294627,CI.SYP,389,0.123195383,43.68880081,1185.349976,12.22700024,0.1231953832938606,389,447.40395787802106,372.5821562903827,450.82569670675196,364.8188431163427
100373,RSN11987,112,11987, SYP,4.27,34.3874,-119.4398,6.219,51.87,440,34.5278,-119.9783,13.9,13.98,-8.98e-05,-0.000477198,0.000148165,3.26e-05,0.188086815,0.16369837,84.04104532,5.179664862,6.075787581,0.087266463,566.7586481,2.754601227,3.220720143,85.01379722,CI,SYP,1.21579,402,0.090322638,-0.059099244,0.03352535,0.149421882,CI.SYP,402,0.090322638,43.68880081,1185.349976,12.22700024,0.09032263829328535,402,383.48221747727996,335.49877677741097,380.4128418817201,332.13831554110305
100373,RSN10818,112,10818, SYP,4.66,34.2983,-118.6255,8.038,126.95,440,34.5278,-119.9783,21.36,21.75,0.002212874,0.005195564,0.000137485,4.62e-05,0.425916038,0.162966575,86.7774209,5.179664862,6.126524324,0.20943951,1228.804697,47.89770563,37.79004255,184.3207046,CI,SYP,1.21579,673,-0.424970603,-0.059099244,0.03352535,-0.365871359,CI.SYP,255,0.545511182,43.68880081,1185.349976,12.22700024,0.5455111817538807,255,254.98641443203456,200.34271321054075,242.573091172019,194.9496811135702
100373,RSN9289,112,9289, SYP,5.03,35.3852,-118.6292,7.3,155.67,440,34.5278,-119.9783,17.53,17.89,0.001683159,0.005027295,0.000135324,4.33e-05,0.334804023,0.1635651,87.65738799,5.179664862,6.108664217,0.157079633,982.6751747,38.87203233,37.15006207,147.4012762,CI,SYP,1.21579,592,-0.296731908,-0.059099244,0.03352535,-0.237632664,CI.SYP,592,-0.296731908,43.68880081,1185.349976,12.22700024,-0.296731907971699,592,686.9107616445723,505.506085910006,667.92188226172,498.0784542994039
100373,RSN9996,112,9996, SYP,4.59,34.9977,-119.1926,10.662,88.83,440,34.5278,-119.9783,7.3,7.52,0.000795528,0.002144767,0.000243244,6.84e-05,0.370915983,0.159762887,83.66284413,5.179664862,6.221029194,0.174532925,1105.236552,11.63052632,8.817348013,165.7854828,CI,SYP,1.21579,634,-0.365274228,-0.059099244,0.03352535,-0.306174984,CI.SYP,240,0.606135804,43.68880081,1185.349976,12.22700024,0.6061358035703153,240,234.8545757320778,192.40413258520397,223.0016864080415,188.26552817251977
100385,RSN17283,116,17283, PMD,3.53,34.2894,-116.8271,6.278,82.39,786,33.6479,-116.3777,25.02,25.08,-8.76e-05,-0.000133736,1.26e-05,9.43e-06,0.655276727,0.164181828,86.27184919,5.179664862,6.07791863,0.296705973,1744.424047,9.289501591,10.61396825,261.6636071,CI,PMD,-999.0,765,0.027080959,-0.045160485,0.047464109,0.072241443,CI.PMD,765,0.027080959,19.11720085,316.875,7.515870094,0.02708095860267079,765,728.5720058125102,604.6813188915231,667.3858881805795,606.4609805155309
100385,RSN10501,116,10501, PMD,4.45,34.1081,-117.3062,14.795,99.92,786,33.6479,-116.3777,16.58,16.8,0.028021836,0.017951974,8.61e-05,6.31e-05,1.560933414,0.156841021,81.98738824,5.179664862,6.313637877,0.506145483,3063.137172,444.086149,208.5014402,459.4705758,CI,PMD,-999.0,1180,-0.406312925,-0.045160485,0.047464109,-0.36115244,CI.PMD,1180,-0.406312925,19.11720085,316.875,7.515870094,-0.40631292503050354,1180,822.0588182394855,827.0617634712302,862.2645613726318,866.718391649199
100385,RSN12632,116,12632, PMD,4.11,33.5089,-116.8485,12.274,46.35,786,33.6479,-116.3777,13.91,13.97,0.003642621,0.00354114,0.000297002,0.000306043,1.02865782,0.155003647,75.93499991,5.179664862,6.258050482,0.401425728,2511.848591,11.90231765,11.92295001,376.7772887,CI,PMD,-999.0,1013,-0.253714712,-0.045160485,0.047464109,-0.208554227,CI.PMD,1013,-0.253714712,19.11720085,316.875,7.515870094,-0.2537147118194767,1013,843.3634183042205,752.215053136359,840.1237736865371,774.5455661612586
100385,RSN15184,116,15184, PMD,3.9,33.867,-117.1038,11.856,71.53,786,33.6479,-116.3777,17.75,17.81,0.000725539,0.004252115,0.000477826,6.04e-05,0.170630127,0.158123374,81.18447123,5.179664862,6.24946745,0.087266463,533.8885843,12.0122351,8.898877416,80.08328765,CI,PMD,-999.0,389,0.703377449,-0.045160485,0.047464109,0.748537933,CI.PMD,389,0.703377449,19.11720085,316.875,7.515870094,0.7033774488107607,389,344.0680896601408,327.8277289896418,359.42353342297923,353.2009515643754
100385,RSN17759,116,17759, PMD,3.63,32.7081,-116.029,7.885,109.19,786,33.6479,-116.3777,32.75,32.86,-0.000512018,-0.000412115,1.96e-05,2.77e-05,1.242415229,0.163001442,86.31833312,5.179664862,6.12225391,0.453785606,2653.59216,18.48440433,21.02627551,398.038824,CI,PMD,-999.0,1057,-0.296233193,-0.045160485,0.047464109,-0.251072709,CI.PMD,1057,-0.296233193,19.11720085,316.875,7.515870094,-0.29623319344103116,1057,950.7392018792985,795.6358334595411,899.0343600653634,816.7973288938583
100390,RSN14167,118,14167, SAN,3.81,33.8204,-117.7145,10.077,20.44,222,33.7043,-117.8858,12.3,12.45,0.002920405,0.051238669,0.001181329,0.000318588,0.05699611,0.145429988,64.46447519,5.179664862,6.204485033,0.034906585,195.7588183,9.166713749,43.37375024,29.36382275,CI,SAN,0.15,197,0.119473653,-0.267811403,-0.17518681,0.387285056,CI.SAN,197,0.119473653,4.910520077,14.29300022,0.386303991,0.11947365313429081,197,234.89904858065645,253.15462465658177,216.467925671029,222.7949714375522
100390,RSN10516,118,10516, SAN,4.45,34.1081,-117.3062,14.795,69.86,222,33.7043,-117.8858,14.4,14.52,-0.005244816,-0.045965004,0.003483986,0.000279633,0.114104546,0.155225325,78.53217032,5.179664862,6.313637877,0.052359878,365.6775867,18.75606956,13.19322293,54.85163801,CI,SAN,0.15,307,-0.324170366,-0.267811403,-0.17518681,-0.056358963,CI.SAN,307,-0.324170366,4.910520077,14.29300022,0.386303991,-0.32417036571491753,307,329.1230695867307,374.60956923228576,286.9874908848527,308.82529836443837
100390,RSN12032,118,12032, SAN,4.37,34.0559,-117.2442,15.833,71.02,222,33.7043,-117.8858,20.48,20.59,-0.000633091,-0.003559356,0.000604299,0.000249974,0.177866764,0.154219008,78.03599688,5.179664862,6.343433553,0.087266463,569.9282383,2.532627393,5.890057736,85.48923575,CI,SAN,0.15,404,-0.598737496,-0.267811403,-0.17518681,-0.330926093,CI.SAN,404,-0.598737496,4.910520077,14.29300022,0.386303991,-0.5987374960888712,404,409.9069750926843,433.31960101162935,337.2574193366399,354.5073872796292
100427,RSN11078,125,11078, JSGB,4.35,36.6065,-121.2101,6.13,106.08,376,37.284,-122.0502,22.6,22.8,-0.000783358,-0.003218388,0.000685811,0.000300638,0.243400792,0.164477301,87.17606436,5.179664862,6.072483163,0.122173048,724.3178489,2.60565198,4.692820617,108.6476773,NC,JSGB,-999.0,466,-0.214596491,0.037488864,0.130113457,-0.252085355,NC.JSGB,466,-0.214596491,19.41049957,188.0809937,4.954850197,-0.21459649073575093,466,437.3941912774733,442.615512238297,427.7774422620031,449.0196018175513
100427,RSN20898,125,20898, JSGB,3.7,37.8077,-122.0707,11.554,58.15,376,37.284,-122.0502,10.11,10.25,-0.001021126,-0.011072038,0.000138207,0.000107528,0.092225701,0.157505841,79.51003478,5.179664862,6.242859346,0.052359878,291.9312588,9.496373038,80.11199143,43.78968882,NC,JSGB,-999.0,265,0.349859317,0.037488864,0.130113457,0.312370453,NC.JSGB,265,0.349859317,19.41049957,188.0809937,4.954850197,0.3498593174036726,265,341.02365286137257,451.50498154706384,376.2594840749963,444.655805227654
100427,RSN15821,125,15821, JSGB,3.57,37.0656,-122.2831,5.852,31.86,376,37.284,-122.0502,22.03,22.1,-0.001230108,-0.005675539,0.000365523,0.000137952,0.216738457,0.162861902,80.81291561,5.179664862,6.061407057,0.104719755,653.8948941,8.916927627,15.52717339,98.08423412,NC,JSGB,-999.0,434,-0.143455391,0.037488864,0.130113457,-0.180944255,NC.JSGB,434,-0.143455391,19.41049957,188.0809937,4.954850197,-0.1434553907105105,434,416.75375785514046,444.15872965630086,402.2671582179,438.13043894383117
100427,RSN20102,125,20102, JSGB,4.2,37.8056,-122.1853,4.131,59.11,376,37.284,-122.0502,4.0,4.24,-0.000691396,-0.005250697,5.25e-05,0.000118563,0.131676947,0.167777503,86.85591255,5.179664862,5.951303027,0.06981317,390.0050718,5.831465128,100.0132762,58.50076077,NC,JSGB,-999.0,321,0.15814802,0.037488864,0.130113457,0.120659156,NC.JSGB,321,0.15814802,19.41049957,188.0809937,4.954850197,0.15814802025987884,321,354.0686052646533,416.43394023427834,373.011518870813,420.9400559260506
100453,RSN16379,135,16379, WGR,3.74,34.8456,-119.2446,12.927,37.23,660,34.5109,-119.2741,14.15,14.26,-0.000433137,-0.006933009,6.88e-05,6.49e-05,0.062474535,0.151389863,71.66967951,5.179664862,6.270295551,0.034906585,206.0605171,6.673913713,100.7704797,30.90907757,CI,WGR,-999.0,205,1.169229856,0.347849698,0.440474291,0.821380158,CI.WGR,205,1.169229856,46.75080109,625.0280151,10.37559986,1.1692298558820626,205,276.38437667733086,272.108145052737,289.292274283261,296.8706758465676
100453,RSN10832,135,10832, WGR,4.66,34.2983,-118.6255,8.038,64.13,660,34.5109,-119.2741,9.58,9.95,0.004606597,0.007867195,5.35e-05,2.76e-05,0.585545066,0.162183091,83.52372751,5.179664862,6.126524324,0.261799388,1613.063639,166.9056884,147.0503738,241.9595459,CI,WGR,-999.0,721,-0.088399302,0.347849698,0.440474291,-0.436249,CI.WGR,721,-0.088399302,46.75080109,625.0280151,10.37559986,-0.08839930226447823,721,667.0456822509291,642.8010886891956,648.7587445263539,661.7885737412594
100453,RSN9820,135,9820, WGR,4.69,35.0172,-119.0247,9.251,60.63,660,34.5109,-119.2741,9.2,9.34,-0.00161224,-0.006256511,0.000314002,0.000241108,0.257689886,0.160322284,82.03896181,5.179664862,6.177322679,0.122173048,784.1062749,6.686795959,19.92506736,117.6159412,CI,WGR,-999.0,492,0.293761119,0.347849698,0.440474291,-0.054088579,CI.WGR,492,0.293761119,46.75080109,625.0280151,10.37559986,0.2937611185281632,492,440.95228633449614,429.5359042185407,446.6103684753826,454.6147727534612
100453,RSN15077,135,15077, WGR,3.52,34.2871,-119.6948,5.225,45.96,660,34.5109,-119.2741,19.81,19.88,-0.000265153,-0.000649683,4.51e-05,4.46e-05,0.408126478,0.165043126,84.51511927,5.179664862,6.0312809,0.191986218,1166.236079,5.945134529,14.40538803,174.9354119,CI,WGR,-999.0,649,0.016807118,0.347849698,0.440474291,-0.331042579,CI.WGR,649,0.016807118,46.75080109,625.0280151,10.37559986,0.01680711831638071,649,625.3677791769044,603.7892628139549,603.69881563145,623.2088289288405
100519,RSN18530,139,18530, PHOB,3.43,35.9148,-120.4658,7.18,5.49,376,35.8666,-120.4796,40.53,40.63,-0.009111321,-0.253371314,0.001307549,0.00051227,0.035960348,0.103017635,38.97498814,5.179664862,6.105567046,0.017453293,174.4487448,17.7861694,193.7757698,26.16731172,NC,PHOB,0.343333333,181,0.731092112,0.490949937,0.58357453,0.240142175,NC.PHOB,181,0.731092112,5.659100056,771.3359985,2.658590078,0.7310921121240685,181,211.11586313624176,223.089261906747,209.82707305605263,206.52248161546294
100519,RSN18429,139,18429, PHOB,4.17,35.9468,-120.4938,10.375,8.99,376,35.8666,-120.4796,22.39,22.45,-0.003771864,-0.064383612,0.000591972,0.000538618,0.058584219,0.104474906,40.47523153,5.179664862,6.213159667,0.034906585,280.0651274,7.002855456,108.7612455,42.00976911,NC,PHOB,0.343333333,257,0.380513058,0.490949937,0.58357453,-0.110436878,NC.PHOB,257,0.380513058,5.659100056,771.3359985,2.658590078,0.38051305849467454,257,285.13832599016706,315.75106323225174,299.91411828917455,293.7785306694266
100519,RSN18421,139,18421, PHOB,3.72,35.86,-120.4076,9.04,6.54,376,35.8666,-120.4796,22.46,22.57,0.021481779,0.385740739,0.000672354,0.000379238,0.055689681,0.096941597,36.73282666,5.179664862,6.169533303,0.034906585,286.9633942,56.64458467,573.7167311,43.04450913,NC,PHOB,0.343333333,262,0.36124464,0.490949937,0.58357453,-0.129705297,NC.PHOB,262,0.36124464,5.659100056,771.3359985,2.658590078,0.36124463962879805,262,307.1550898503373,325.4430140754223,305.6894091261433,301.50826957776036
100537,RSN18628,142,18628, HCAB,3.69,37.4342,-121.7815,7.42,52.47,646,37.0254,-121.4845,21.15,21.22,-0.001992017,-0.006223658,0.000794573,0.000445362,0.320071742,0.162340773,82.82521174,5.179664862,6.111648575,0.157079633,950.5555971,4.472804146,7.83270763,142.5833396,NC,HCAB,-999.0,575,0.116429463,0.032942719,0.125567312,0.083486744,NC.HCAB,575,0.116429463,14.84619999,287.9559937,4.530789852,0.11642946298525114,575,502.56624623073105,461.260009863264,519.0458955936438,466.74687768448536
100537,RSN21427,142,21427, HCAB,4.1,37.862,-121.9995,13.322,103.43,646,37.0254,-121.4845,6.2,6.3,-0.000583266,-0.00186015,0.000517181,0.000163569,0.31355834,0.158159529,83.11182347,5.179664862,6.277093244,0.157079633,957.5871006,3.565871284,3.596709856,143.6380651,NC,HCAB,-999.0,578,0.111225635,0.032942719,0.125567312,0.078282916,NC.HCAB,578,0.111225635,14.84619999,287.9559937,4.530789852,0.1112256351102241,578,491.6165844837431,470.36127880473174,506.6585653449795,459.8692638080533
100537,RSN21248,142,21248, HCAB,4.6,37.5255,-118.8612,10.217,239.19,646,37.0254,-121.4845,4.58,5.12,0.002191396,0.00266555,0.000182295,0.000188438,0.822117679,0.160945556,87.78222088,5.179664862,6.208627201,0.34906585,2098.097392,11.62926798,14.62217834,314.7146088,NC,HCAB,-999.0,882,-0.311392552,0.032942719,0.125567312,-0.344335271,NC.HCAB,882,-0.311392552,14.84619999,287.9559937,4.530789852,-0.3113925522241896,882,862.0792711433966,826.7093945796494,915.7071067134401,767.9010909395436
100537,RSN19193,142,19193, HCAB,3.8,36.6888,-121.3205,4.454,40.11,646,37.0254,-121.4845,21.35,21.44,-0.000706258,-0.001600379,0.000638618,0.000203414,0.441307021,0.166539176,84.80638678,5.179664862,5.979941298,0.20943951,1239.160403,3.472022575,2.506003589,185.8740605,NC,HCAB,-999.0,677,-0.046871769,0.032942719,0.125567312,-0.079814488,NC.HCAB,677,-0.046871769,14.84619999,287.9559937,4.530789852,-0.04687176912967317,677,635.6081303063249,553.5381224865818,611.5259077162542,549.7028127313482
100537,RSN21317,142,21317, HCAB,4.2,36.8832,-121.619,7.507,19.81,646,37.0254,-121.4845,14.17,14.29,-0.00578204,-0.040721653,0.000400645,0.000206308,0.141989325,0.153823391,70.12507677,5.179664862,6.113745147,0.06981317,458.0665744,28.02625201,101.6402376,68.70998616,NC,HCAB,-999.0,355,0.598681714,0.032942719,0.125567312,0.565738995,NC.HCAB,355,0.598681714,14.84619999,287.9559937,4.530789852,0.5986817143071859,355,369.96367074129165,370.43677532281134,395.81649531971163,365.5695438343449
100537,RSN11670,142,11670, HCAB,4.3,37.2793,-121.6191,3.442,30.61,646,37.0254,-121.4845,19.14,19.2,0.004963011,0.010390392,0.001930913,0.000613028,0.477653853,0.167812276,85.18665561,5.179664862,5.93802414,0.226892803,1317.76228,8.095896109,5.381077242,197.664342,NC,HCAB,-999.0,707,-0.090231162,0.032942719,0.125567312,-0.123173881,NC.HCAB,707,-0.090231162,14.84619999,287.9559937,4.530789852,-0.09023116211397131,707,644.3480163952554,575.7409327910798,640.352302983714,568.7259085648643
100537,RSN19063,142,19063, HCAB,4.0,36.6775,-121.3009,6.377,41.94,646,37.0254,-121.4845,16.63,16.89,-0.002186481,-0.004821947,0.00034271,0.000207262,0.453443631,0.162970171,82.34391009,5.179664862,6.081392586,0.20943951,1295.475717,10.54935782,14.07005048,194.3213576,NC,HCAB,-999.0,698,-0.077419599,0.032942719,0.125567312,-0.110362318,NC.HCAB,698,-0.077419599,14.84619999,287.9559937,4.530789852,-0.07741959897977058,698,678.1336706988743,571.4569086482294,637.8959151106201,566.4271768996662
100537,RSN19081,142,19081, HCAB,3.6,36.6809,-121.3013,6.35,41.57,646,37.0254,-121.4845,21.65,21.78,-0.001088104,-0.002430251,0.000455131,0.000411702,0.447733304,0.163009726,82.38190167,5.179664862,6.080457504,0.20943951,1281.481192,2.642940768,5.339673632,192.2221788,NC,HCAB,-999.0,693,-0.070230495,0.032942719,0.125567312,-0.103173214,NC.HCAB,693,-0.070230495,14.84619999,287.9559937,4.530789852,-0.07023049540730142,693,677.950648294054,567.3633777839871,634.5808181246206,562.3696756324765
100537,RSN8686,142,8686, HCAB,5.45,37.4317,-121.7767,7.486,52.02,646,37.0254,-121.4845,16.63,16.87,-0.148096708,-0.307994936,0.011303743,0.009541669,0.480841373,0.162220101,82.60886464,5.179664862,6.113244097,0.226892803,1370.652701,15.52104857,27.2471637,205.5979052,NC,HCAB,-999.0,725,-0.115372151,0.032942719,0.125567312,-0.14831487,NC.HCAB,725,-0.115372151,14.84619999,287.9559937,4.530789852,-0.11537215107207288,725,669.8726255870231,609.8459591247143,650.1605673182117,587.912095312361
100537,RSN18829,142,18829, HCAB,4.05,37.4812,-121.7987,11.01,57.76,646,37.0254,-121.4845,41.1,41.22,-0.006554579,-0.016050106,0.003635299,0.001239602,0.408382296,0.15800942,79.86541344,5.179664862,6.229990225,0.191986218,1218.808589,5.287647971,4.415071773,182.8212884,NC,HCAB,-999.0,669,-0.034984556,0.032942719,0.125567312,-0.067927275,NC.HCAB,669,-0.034984556,14.84619999,287.9559937,4.530789852,-0.03498455634562703,669,613.2698652723595,584.8982706593713,602.2864815629451,557.8247369547184
100537,RSN19147,142,19147, HCAB,3.9,36.6979,-121.3332,5.002,38.77,646,37.0254,-121.4845,15.88,15.93,-0.000582161,-0.002227442,0.000954543,0.000246591,0.261358471,0.1651941,83.82676363,5.179664862,6.018382641,0.122173048,771.1385923,2.360836365,2.333516667,115.6707888,NC,HCAB,-999.0,487,0.282535381,0.032942719,0.125567312,0.249592662,NC.HCAB,487,0.282535381,14.84619999,287.9559937,4.530789852,0.28253538070001216,487,446.04756101035287,393.60172223033885,442.0790923649394,396.2138551747422
100542,RSN8174,144,8174, BAR,4.92,33.5083,-116.5143,15.2,93.26,511,32.6801,-116.6722,27.95,28.025,-0.007474087,-0.007544349,0.00035106,0.000230456,0.990686817,0.156234031,81.22576075,5.179664862,6.325747735,0.383972435,2432.089976,32.431731,21.49019826,364.8134964,CI,BAR,-999.0,988,-0.659313108,-0.652094039,-0.559469445,-0.007219069,CI.BAR,988,-0.659313108,33.28779984,528.697998,12.70170021,-0.6593131075441638,988,819.2643159855169,787.607322958781,801.3752470804051,830.7342338924104
100542,RSN17740,144,17740, BAR,3.63,32.7081,-116.029,7.885,60.4,511,32.6801,-116.6722,26.2375,26.3375,0.003377054,0.003335397,2.18e-05,1.23e-05,1.012489474,0.162237621,83.34397817,5.179664862,6.12225391,0.401425728,2379.490485,274.5572358,152.9998624,356.9235728,CI,BAR,-999.0,972,-0.642986214,-0.652094039,-0.559469445,0.009107824,CI.BAR,972,-0.642986214,33.28779984,528.697998,12.70170021,-0.6429862142567346,972,891.8210001338598,799.9120464624697,851.3991598070534,840.0114713592782
100542,RSN14490,144,14490, BAR,4.01,33.2617,-116.0659,5.761,85.87,511,32.6801,-116.6722,30.15,30.3,0.006380578,0.006434909,2.36e-05,1.88e-05,0.991556776,0.164819806,86.75602781,5.179664862,6.057510055,0.383972435,2306.514505,339.3924468,272.6656356,345.9771758,CI,BAR,-999.0,949,-0.619039208,-0.652094039,-0.559469445,0.03305483,CI.BAR,949,-0.619039208,33.28779984,528.697998,12.70170021,-0.6190392084062237,949,898.2298299442493,788.2315741625218,831.1784620286103,823.16899026547
100542,RSN13366,144,13366, BAR,3.9,34.4032,-118.651,13.612,265.14,511,32.6801,-116.6722,11.8625,12.075,0.00013434,0.000132701,1.74e-05,3.45e-05,1.01235138,0.159008151,87.2649038,5.179664862,6.281821568,0.401425728,2427.639073,3.893913043,7.626494253,364.145861,CI,BAR,-999.0,987,-0.658300449,-0.652094039,-0.559469445,-0.006206411,CI.BAR,987,-0.658300449,33.28779984,528.697998,12.70170021,-0.6583004492297775,987,1037.5821560108855,815.0105104980494,915.99408658486,862.7000903826795
100542,RSN9660,144,9660, BAR,4.69,35.0172,-119.0247,9.251,338.53,511,32.6801,-116.6722,10.9,11.0625,0.000388198,0.000293876,7.12e-05,6.57e-05,1.320958384,0.161833931,88.5974687,5.179664862,6.177322679,0.453785606,2746.553233,5.908645358,4.12747191,411.982985,CI,BAR,-999.0,1085,-0.752965676,-0.652094039,-0.559469445,-0.100871637,CI.BAR,1085,-0.752965676,33.28779984,528.697998,12.70170021,-0.7529656757708558,1085,967.9511364542586,920.2178976039216,940.716992863298,968.7475351430302
100542,RSN13315,144,13315, BAR,4.2,34.3768,-117.6461,8.934,208.8,511,32.6801,-116.6722,18.7,18.8875,-0.000167279,-0.000138921,1.39e-05,1.16e-05,1.204133932,0.162074588,87.80501302,5.179664862,6.165471616,0.436332313,2620.297077,14.42060345,9.994316547,393.0445616,CI,BAR,-999.0,1047,-0.717314621,-0.652094039,-0.559469445,-0.065220582,CI.BAR,1047,-0.717314621,33.28779984,528.697998,12.70170021,-0.7173146206668326,1047,1202.84366046468,867.0333911161235,991.5449253130851,921.4783283509413
100542,RSN8306,144,8306, BAR,5.31,32.3188,-115.3215,7.0,132.88,511,32.6801,-116.6722,22.3,22.4375,0.001350812,0.001059825,0.000194451,0.00036102,1.27456166,0.163744081,87.37759854,5.179664862,6.100695365,0.453785606,2672.153597,3.741654202,5.450344817,400.8230396,CI,BAR,-999.0,1062,-0.731539612,-0.652094039,-0.559469445,-0.079445573,CI.BAR,1062,-0.731539612,33.28779984,528.697998,12.70170021,-0.7315396115981798,1062,1007.0016120795558,864.5734595156644,907.5138485374422,916.0730447088098
100542,RSN8315,144,8315, BAR,4.27,33.9173,-117.7758,7.0,171.6,511,32.6801,-116.6722,13.3,13.375,-0.001380542,-0.001057433,0.000304319,0.000344009,1.305559439,0.163813743,87.97863506,5.179664862,6.100695365,0.453785606,2699.534457,4.013098495,3.474751823,404.9301686,CI,BAR,-999.0,1071,-0.73997848,-0.652094039,-0.559469445,-0.087884442,CI.BAR,1071,-0.73997848,33.28779984,528.697998,12.70170021,-0.7399784802440443,1071,1115.706853887867,890.716389426837,973.5067728428787,942.3876827656613
100542,RSN16084,144,16084, BAR,3.58,33.827,-117.0296,15.131,131.49,511,32.6801,-116.6722,26.87,26.9375,-0.000133545,-0.000112458,3.16e-05,4.45e-05,1.187505674,0.157208473,83.7963059,5.179664862,6.323730411,0.436332313,2683.717713,3.001011236,3.558797468,402.557657,CI,BAR,-999.0,1066,-0.735299015,-0.652094039,-0.559469445,-0.083204976,CI.BAR,1066,-0.735299015,33.28779984,528.697998,12.70170021,-0.7352990145220852,1066,874.6911212294876,842.4892388038859,835.3800921670963,894.5758781607344
100542,RSN15248,144,15248, BAR,3.86,34.1976,-117.3882,14.177,181.0,511,32.6801,-116.6722,26.5,26.6125,-0.000409385,-0.0003652,7.08e-05,6.36e-05,1.12098814,0.158457124,85.78979262,5.179664862,6.293825021,0.41887902,2578.843122,6.436871069,5.15819209,386.8264683,CI,BAR,-999.0,1034,-0.704820465,-0.652094039,-0.559469445,-0.052726426,CI.BAR,1034,-0.704820465,33.28779984,528.697998,12.70170021,-0.7048204648646701,1034,923.0424100627384,802.065902250386,864.1422248306767,869.9055995849067
100542,RSN17405,144,17405, BAR,3.66,34.2987,-116.8617,15.28,180.38,511,32.6801,-116.6722,13.9375,14.0375,-0.000122844,-0.000137978,1.55e-05,6.85e-06,0.890317094,0.157525743,85.43880107,5.179664862,6.328063842,0.366519143,2259.821259,17.93343066,8.901806452,338.9731889,CI,BAR,-999.0,934,-0.603106848,-0.652094039,-0.559469445,0.048987191,CI.BAR,934,-0.603106848,33.28779984,528.697998,12.70170021,-0.6031068480251385,934,959.7426217764811,762.8462848218649,842.6644048307999,814.7963747366538
100542,RSN14698,144,14698, BAR,3.84,34.2268,-117.4407,8.593,185.83,511,32.6801,-116.6722,26.3,26.4625,-0.000203596,-0.000165458,1.02e-05,1.13e-05,1.230501137,0.16241909,87.63695567,5.179664862,6.151676073,0.436332313,2641.258228,18.01734513,16.22137255,396.1887342,CI,BAR,-999.0,1053,-0.723028922,-0.652094039,-0.559469445,-0.070934883,CI.BAR,1053,-0.723028922,33.28779984,528.697998,12.70170021,-0.723028921930271,1053,1083.2476446746425,855.1752792712771,958.3837791290398,920.701025325954
100542,RSN11285,144,11285, BAR,4.78,34.1228,-116.9226,5.969,161.7,511,32.6801,-116.6722,17.7,17.8,-0.003040366,-0.003144711,0.000170983,0.000110662,0.966818776,0.164768008,88.22117969,5.179664862,6.066214653,0.383972435,2275.032959,27.4743453,18.39195125,341.2549439,CI,BAR,-999.0,939,-0.608445889,-0.652094039,-0.559469445,0.04364815,CI.BAR,939,-0.608445889,33.28779984,528.697998,12.70170021,-0.6084458890045585,939,982.9669280552829,789.2284603034701,864.2536555262633,832.6081842931848
100542,RSN14980,144,14980, BAR,3.74,34.1651,-117.4332,7.875,179.26,511,32.6801,-116.6722,24.1625,24.2125,0.000258707,0.000315319,4.96e-05,0.000103555,0.820462316,0.163222529,87.78813043,5.179664862,6.12204057,0.34906585,2066.207621,2.498256965,6.357237903,309.9311432,CI,BAR,-999.0,872,-0.534419834,-0.652094039,-0.559469445,0.117674205,CI.BAR,872,-0.534419834,33.28779984,528.697998,12.70170021,-0.5344198337052752,872,924.218349120649,728.6309173407601,824.8730742218519,775.5871906411462
100542,RSN15095,144,15095, BAR,3.78,34.1353,-117.4476,5.857,176.78,511,32.6801,-116.6722,23.3875,23.45,0.000374563,0.000396151,0.000100048,0.000126415,0.945506517,0.164908977,88.41020469,5.179664862,6.061617088,0.383972435,2244.613825,2.962963256,3.959609387,336.6920738,CI,BAR,-999.0,929,-0.597739149,-0.652094039,-0.559469445,0.05435489,CI.BAR,929,-0.597739149,33.28779984,528.697998,12.70170021,-0.5977391486101338,929,1033.2342984678887,778.100498756173,882.7932092770723,828.9526533020559
100542,RSN13918,144,13918, BAR,3.79,34.2691,-117.4608,11.018,190.87,511,32.6801,-116.6722,16.4,16.525,-0.000312345,-0.000279671,4.26e-05,3.48e-05,1.116831782,0.160283764,86.96585994,5.179664862,6.230189198,0.41887902,2544.72327,8.975431034,6.565046948,381.7084905,CI,BAR,-999.0,1023,-0.694125176,-0.652094039,-0.559469445,-0.042031137,CI.BAR,1023,-0.694125176,33.28779984,528.697998,12.70170021,-0.6941251757479217,1023,1000.6791577661653,821.3632589809918,913.0278774440761,886.8048855175183
100542,RSN15535,144,15535, BAR,3.75,32.5969,-115.5741,12.269,103.45,511,32.6801,-116.6722,31.45,31.5,-0.001016337,-0.001431778,0.000228902,0.000215766,0.70984298,0.158830307,83.69550755,5.179664862,6.257951442,0.314159265,1914.900597,4.710366786,6.254982482,287.2350896,CI,BAR,-999.0,822,-0.475370805,-0.652094039,-0.559469445,0.176723234,CI.BAR,822,-0.475370805,33.28779984,528.697998,12.70170021,-0.4753708048524752,822,715.8079301311793,661.7626016041569,690.0508317412183,702.8159570926873
100542,RSN10166,144,10166, BAR,4.34,35.0174,-119.1492,9.557,346.07,511,32.6801,-116.6722,7.5,7.55,1.98e-05,3.05e-05,1.02e-05,7.86e-06,0.650185066,0.161553956,88.57506134,5.179664862,6.187968323,0.296705973,1762.877371,2.519083969,2.990196078,264.4316057,CI,BAR,-999.0,772,-0.41261496,-0.652094039,-0.559469445,0.239479079,CI.BAR,772,-0.41261496,33.28779984,528.697998,12.70170021,-0.412614959821072,772,934.5045832759761,734.3109837670033,818.6586091350425,753.7465889826317
100542,RSN10395,144,10395, BAR,4.45,34.1081,-117.3062,14.795,169.01,511,32.6801,-116.6722,16.3,16.425,-0.000441505,-0.000332436,2.81e-05,3.63e-05,1.328092231,0.157849659,85.27781536,5.179664862,6.313637877,0.471238898,2833.031916,12.16267218,11.83046263,424.9547874,CI,BAR,-999.0,1111,-0.776646199,-0.652094039,-0.559469445,-0.124552161,CI.BAR,1111,-0.776646199,33.28779984,528.697998,12.70170021,-0.7766461994359259,1111,876.726948556776,859.5649405314928,870.1909470313991,930.001043078886
100542,RSN11563,144,11563, BAR,4.51,32.8882,-115.5018,9.4,112.05,511,32.6801,-116.6722,20.55,20.6125,-9.52e-05,-0.000181605,7.07e-05,3.36e-05,0.524445548,0.16127474,85.63316104,5.179664862,6.182598645,0.244346095,1483.79777,2.833333333,2.568670438,222.5696655,CI,BAR,-999.0,764,-0.402198199,-0.652094039,-0.559469445,0.24989584,CI.BAR,764,-0.402198199,33.28779984,528.697998,12.70170021,-0.4021981989628163,764,788.6963833623779,697.0573786669712,728.2825511055469,723.8519134276611
100542,RSN16206,144,16206, BAR,3.63,32.6386,-117.3257,13.108,61.48,511,32.6801,-116.6722,22.05,22.1125,0.005958378,0.004914848,0.000529835,0.000160263,1.212321804,0.156251785,78.59093617,5.179664862,6.273463664,0.436332313,2726.588233,37.17874993,9.276185982,408.988235,CI,BAR,-999.0,1079,-0.747420375,-0.652094039,-0.559469445,-0.095326337,CI.BAR,1079,-0.747420375,33.28779984,528.697998,12.70170021,-0.7474203750544302,1079,772.6959693312979,829.202670470064,808.3814264074015,883.7807979643577
100542,RSN16241,144,16241, BAR,3.64,33.223,-116.7186,8.687,60.36,511,32.6801,-116.6722,22.725,22.7875,-0.006008492,-0.007233844,0.000330609,5.84e-05,0.830608488,0.161092319,82.57685388,5.179664862,6.155594857,0.34906585,2109.726175,102.885137,21.88036018,316.4589263,CI,BAR,-999.0,886,-0.55034736,-0.652094039,-0.559469445,0.101746678,CI.BAR,886,-0.55034736,33.28779984,528.697998,12.70170021,-0.5503473604013767,886,812.0668875723611,731.3551051959441,776.5569468578249,766.8996018713366
100542,RSN14426,144,14426, BAR,4.05,32.7091,-116.0396,7.817,59.41,511,32.6801,-116.6722,25.2625,25.325,0.008994042,0.01114028,0.000872108,0.000203689,0.807344403,0.162260653,83.29652535,5.179664862,6.120791156,0.331612558,2049.298066,44.15575706,12.77396836,307.3947099,CI,BAR,-999.0,866,-0.527515318,-0.652094039,-0.559469445,0.12457872,CI.BAR,866,-0.527515318,33.28779984,528.697998,12.70170021,-0.5275153183587307,866,798.8254739864002,720.6922457860288,756.3946827975706,748.9505248270864
100542,RSN19310,144,19310, BAR,3.64,33.938,-117.7504,13.632,171.89,511,32.6801,-116.6722,24.55,24.6125,-4.71e-05,-3.93e-05,1.34e-05,1.65e-05,1.196730658,0.15874379,85.75039627,5.179664862,6.282139913,0.436332313,2667.517867,2.854545455,2.932835821,400.1276801,CI,BAR,-999.0,1061,-0.730597548,-0.652094039,-0.559469445,-0.07850351,CI.BAR,1061,-0.730597548,33.28779984,528.697998,12.70170021,-0.7305975484102785,1061,924.7096434966912,822.973910188389,891.9508921081114,894.9034789559483
100542,RSN15382,144,15382, BAR,3.99,34.0514,-117.2429,14.998,161.1,511,32.6801,-116.6722,23.2,23.3125,0.000606172,0.00058879,0.000127908,0.000163585,1.029521285,0.157631008,85.00006616,5.179664862,6.319789549,0.401425728,2471.089694,3.705547575,4.603230447,370.6634541,CI,BAR,-999.0,1000,-0.671385689,-0.652094039,-0.559469445,-0.01929165,CI.BAR,1000,-0.671385689,33.28779984,528.697998,12.70170021,-0.6713856887784324,1000,1007.7719595902607,824.6260630486083,893.9094052441586,870.9305969555618
100542,RSN8373,144,8373, BAR,4.92,34.31,-116.848,6.3,181.97,511,32.6801,-116.6722,4.01,4.175,-0.003325676,-0.003170369,0.00019937,0.00016721,1.048987073,0.164437552,88.31344489,5.179664862,6.078701489,0.401425728,2392.474037,19.88921715,15.9019361,358.8711056,CI,BAR,-999.0,976,-0.647092996,-0.652094039,-0.559469445,0.005001042,CI.BAR,976,-0.647092996,33.28779984,528.697998,12.70170021,-0.6470929962093876,976,972.7747787483514,800.0902796016412,864.2444262982897,862.1341795778292
100542,RSN12827,144,12827, BAR,4.02,33.7129,-116.0516,12.808,128.33,511,32.6801,-116.6722,23.92,24.0125,-0.000394199,-0.000422686,8.96e-05,8.65e-05,0.93260517,0.158851286,84.6881172,5.179664862,6.268161535,0.383972435,2311.955548,4.557213873,4.717477679,346.7933322,CI,BAR,-999.0,950,-0.620092394,-0.652094039,-0.559469445,0.032001644,CI.BAR,950,-0.620092394,33.28779984,528.697998,12.70170021,-0.6200923943908823,950,930.7956601030523,786.5722893041853,832.361141466826,832.1472117562805
100542,RSN14212,144,14212, BAR,3.94,32.7219,-116.8133,20.237,14.02,511,32.6801,-116.6722,4.9,4.9625,0.001726269,0.004618046,8.67e-05,7.47e-05,0.373809361,0.08693781,34.05008214,5.179664862,6.440435438,0.174532925,2045.023666,23.10935743,53.26465975,306.7535499,CI,BAR,-999.0,865,-0.526359917,-0.652094039,-0.559469445,0.125734122,CI.BAR,865,-0.526359917,33.28779984,528.697998,12.70170021,-0.5263599167281745,865,998.3864473529819,895.4384489843233,812.725049624628,876.575832610024
100542,RSN16662,144,16662, BAR,3.79,34.0456,-117.2248,15.927,159.94,511,32.6801,-116.6722,52.1,52.2,0.000361303,0.000320013,3.77e-05,3.72e-05,1.129023992,0.1568825,84.60301818,5.179664862,6.345939946,0.41887902,2614.007986,9.712446237,8.488408488,392.1011979,CI,BAR,-999.0,1045,-0.715402574,-0.652094039,-0.559469445,-0.063308536,CI.BAR,1045,-0.715402574,33.28779984,528.697998,12.70170021,-0.715402574195207,1045,957.6350973652235,831.3826338748211,853.28460913062,881.7438331121688
100542,RSN17309,144,17309, BAR,3.56,33.4509,-116.5827,10.563,85.89,511,32.6801,-116.6722,22.075,22.175,-0.000270453,-0.000234053,8.1e-06,1.15e-05,1.155517429,0.159781845,83.50511153,5.179664862,6.218365755,0.436332313,2606.11419,23.51765217,28.8954321,390.9171285,CI,BAR,-999.0,1042,-0.712527632,-0.652094039,-0.559469445,-0.060433594,CI.BAR,1042,-0.712527632,33.28779984,528.697998,12.70170021,-0.7125276321096079,1042,818.5404017213742,798.3340447328933,796.2506365939524,859.4538970825637
100542,RSN10906,144,10906, BAR,4.26,33.8776,-116.2019,10.062,139.85,511,32.6801,-116.6722,24.93,25.0375,-0.000346078,-0.000400105,9.52e-05,4.47e-05,0.864967671,0.160839044,86.24297119,5.179664862,6.204033973,0.34906585,2166.555624,7.742237136,4.202783613,324.9833436,CI,BAR,-999.0,904,-0.57045977,-0.652094039,-0.559469445,0.081634268,CI.BAR,904,-0.57045977,33.28779984,528.697998,12.70170021,-0.5704597701884717,904,953.3777415640271,773.6276014083238,840.0948414288417,804.7530333002363
100542,RSN11344,144,11344, BAR,4.73,33.7328,-117.4921,10.018,139.55,511,32.6801,-116.6722,25.38,25.5125,-0.004973439,-0.003748127,0.000607637,0.000704112,1.326913092,0.160876913,86.26116135,5.179664862,6.202702587,0.453785606,2768.274879,7.063420308,6.168365323,415.2412319,CI,BAR,-999.0,1092,-0.759396566,-0.652094039,-0.559469445,-0.107302528,CI.BAR,1092,-0.759396566,33.28779984,528.697998,12.70170021,-0.7593965661011461,1092,916.0775222574192,876.1262380486137,894.3994315553826,927.1253139058682
100542,RSN16697,144,16697, BAR,3.73,33.5058,-116.7636,16.276,91.97,511,32.6801,-116.6722,29.6375,29.7625,-0.001839113,-0.00183707,1.9e-05,1.87e-05,1.001112047,0.15513776,80.36680506,5.179664862,6.3549922,0.401425728,2473.166974,98.34828877,96.68789474,370.9750461,CI,BAR,-999.0,1001,-0.672385189,-0.652094039,-0.559469445,-0.020291151,CI.BAR,1001,-0.672385189,33.28779984,528.697998,12.70170021,-0.672385189111516,1001,894.183960351133,826.9940747356658,831.8012891591743,855.68820074808
100542,RSN17359,144,17359, BAR,3.56,33.0804,-116.4826,10.835,47.81,511,32.6801,-116.6722,21.075,21.1375,-0.008103092,-0.009329986,0.000682508,0.00051132,0.868499911,0.157078038,77.93161495,5.179664862,6.225560001,0.34906585,2223.938073,15.84739889,13.67014892,333.590711,CI,BAR,-999.0,923,-0.591259644,-0.652094039,-0.559469445,0.060834394,CI.BAR,923,-0.591259644,33.28779984,528.697998,12.70170021,-0.5912596442991473,923,789.1800245618705,747.0047634622256,761.6208201905137,782.153214118274
100542,RSN15145,144,15145, BAR,3.9,33.867,-117.1038,11.856,137.64,511,32.6801,-116.6722,19.3,19.3875,-0.000122283,-0.000122187,2.03e-05,8.95e-06,1.00078656,0.159506271,85.4361256,5.179664862,6.24946745,0.401425728,2405.006224,13.66290503,6.019064039,360.7509336,CI,BAR,-999.0,980,-0.651182981,-0.652094039,-0.559469445,0.000911057,CI.BAR,980,-0.651182981,33.28779984,528.697998,12.70170021,-0.6511829814609129,980,952.6391857012064,808.2043490122371,857.2922648801998,854.1827250016629
100542,RSN13484,144,13484, BAR,4.29,33.2262,-116.1472,10.889,77.96,511,32.6801,-116.6722,13.3875,13.4625,-0.002444952,-0.002213609,0.000152123,8.46e-05,1.104509211,0.159249986,82.58641571,5.179664862,6.226943092,0.41887902,2546.995414,28.90014184,14.55144193,382.0493121,CI,BAR,-999.0,1024,-0.695102215,-0.652094039,-0.559469445,-0.043008177,CI.BAR,1024,-0.695102215,33.28779984,528.697998,12.70170021,-0.6951022153957487,1024,769.8848047870889,787.5695801696776,774.3188210249133,844.8103615730746
100542,RSN10322,144,10322, BAR,4.63,32.3362,-115.2425,17.16,139.65,511,32.6801,-116.6722,21.45,21.7625,0.000791537,0.000721255,0.000121327,0.000121397,1.09744331,0.15576707,83.32099949,5.179664862,6.37627289,0.41887902,2595.502257,6.520235261,5.944719642,389.3253386,CI,BAR,-999.0,1039,-0.709644401,-0.652094039,-0.559469445,-0.057550362,CI.BAR,1039,-0.709644401,33.28779984,528.697998,12.70170021,-0.7096444008955229,1039,875.8534706144289,848.8341501441265,807.9421599545972,877.9373547944524
100542,RSN9856,144,9856, BAR,4.59,34.9977,-119.1926,10.662,347.14,511,32.6801,-116.6722,5.5,5.6875,0.000356567,0.000264081,3.03e-05,3.86e-05,1.350220028,0.160682105,88.39580534,5.179664862,6.221029194,0.471238898,2802.739528,9.237487047,8.715544554,420.4109292,CI,BAR,-999.0,1102,-0.7685124,-0.652094039,-0.559469445,-0.116418361,CI.BAR,1102,-0.7685124,33.28779984,528.697998,12.70170021,-0.768512399509155,1102,849.0522097649632,910.1359609657405,918.8545644665977,968.5138432266734
100542,RSN14281,144,14281, BAR,4.19,33.4453,-116.439,8.875,87.61,511,32.6801,-116.6722,19.2125,19.275,-0.00128078,-0.001610005,6.73e-05,7.3e-06,0.795512681,0.161578269,84.76802964,5.179664862,6.16316588,0.331612558,2038.581222,175.4493151,23.92280832,305.7871833,CI,BAR,-999.0,863,-0.524045101,-0.652094039,-0.559469445,0.128048938,CI.BAR,863,-0.524045101,33.28779984,528.697998,12.70170021,-0.5240451008797233,863,813.3187712793664,719.1703841790825,758.4761058219035,750.2038267379477
100542,RSN17601,144,17601, BAR,3.52,33.5309,-117.6639,9.734,132.18,511,32.6801,-116.6722,44.13,44.1875,-0.000150685,-0.000153099,5.07e-05,4.21e-05,0.984233408,0.161094102,86.18563487,5.179664862,6.193801083,0.383972435,2350.204723,3.579216152,3.019704142,352.5307085,CI,BAR,-999.0,963,-0.633683822,-0.652094039,-0.559469445,0.018410217,CI.BAR,963,-0.633683822,33.28779984,528.697998,12.70170021,-0.6336838215944214,963,1010.2721670209106,817.7724083037393,893.3979703423807,855.6058766863489
100542,RSN16931,144,16931, BAR,3.63,34.1242,-116.405,9.555,162.08,511,32.6801,-116.6722,13.4,13.4375,-0.000298542,-0.000292189,0.000136862,0.00011304,1.0217415,0.161375172,86.93938074,5.179664862,6.187901101,0.401425728,2403.965575,2.641029724,2.134916924,360.5948363,CI,BAR,-999.0,979,-0.650162052,-0.652094039,-0.559469445,0.001931986,CI.BAR,979,-0.650162052,33.28779984,528.697998,12.70170021,-0.6501620523268059,979,1054.5717397905314,824.7153650684339,930.1250970507958,868.1971687906263
100542,RSN15726,144,15726, BAR,3.81,32.9942,-116.2977,5.726,49.42,511,32.6801,-116.6722,21.52,21.55,0.001617796,0.00167685,0.000469028,0.00035787,0.964783105,0.164331644,84.37687658,5.179664862,6.055972626,0.383972435,2278.375266,4.520624808,3.575159692,341.7562899,CI,BAR,-999.0,940,-0.609510285,-0.652094039,-0.559469445,0.042583753,CI.BAR,940,-0.609510285,33.28779984,528.697998,12.70170021,-0.6095102850603453,940,859.637612464598,777.0184208811205,820.2461340357004,811.8573357424287
100542,RSN18320,144,18320, BAR,3.05,33.5043,-116.561,11.461,91.99,511,32.6801,-116.6722,14.52,14.5875,-0.000285974,-0.000280787,3.41e-05,3.45e-05,1.018472196,0.159165567,83.37007094,5.179664862,6.240750508,0.401425728,2433.140385,8.289101449,8.234222874,364.9710578,CI,BAR,-999.0,989,-0.660324741,-0.652094039,-0.559469445,-0.008230703,CI.BAR,989,-0.660324741,33.28779984,528.697998,12.70170021,-0.6603247414190081,989,865.5280089945657,788.9786698729426,829.0291212185955,842.1390850669602
100542,RSN12913,144,12913, BAR,4.41,32.707,-116.04,10.16,59.36,511,32.6801,-116.6722,22.1,22.1875,0.006573243,0.005798287,0.000216383,0.000142322,1.133652543,0.159137191,81.02534428,5.179664862,6.206955363,0.41887902,2582.205145,46.18571268,26.7964073,387.3307718,CI,BAR,-999.0,1035,-0.705787115,-0.652094039,-0.559469445,-0.053693077,CI.BAR,1035,-0.705787115,33.28779984,528.697998,12.70170021,-0.7057871154957649,1035,800.6393890986683,798.7749380047965,785.5791621517228,852.9573720419041
100542,RSN8981,144,8981, BAR,5.2,33.5328,-116.5697,15.48,95.05,511,32.6801,-116.6722,19.4,19.575,-0.034950494,-0.027720375,0.00024097,0.0005413,1.260823297,0.156043831,81.24284539,5.179664862,6.333749326,0.453785606,2790.429317,64.56769629,115.0366228,418.5643976,CI,BAR,-999.0,1098,-0.764876032,-0.652094039,-0.559469445,-0.112781993,CI.BAR,1098,-0.764876032,33.28779984,528.697998,12.70170021,-0.7648760318657715,1098,815.1604183279958,821.1435294103499,806.8128360848156,881.4939032379891
100542,RSN9318,144,9318, BAR,4.88,34.0655,-117.0011,17.501,156.67,511,32.6801,-116.6722,14.7,14.7875,-0.003782654,-0.00294216,0.000896035,0.001183636,1.285672397,0.155763713,83.92328967,5.179664862,6.383907006,0.453785606,2819.921233,3.195791612,3.283532451,422.988185,CI,BAR,-999.0,1107,-0.773039343,-0.652094039,-0.559469445,-0.120945304,CI.BAR,1107,-0.773039343,33.28779984,528.697998,12.70170021,-0.7730393425049327,1107,901.8964129672869,872.7581809049569,846.8812208141176,915.1113557961684
100542,RSN15551,144,15551, BAR,4.06,32.6823,-116.088,9.762,54.79,511,32.6801,-116.6722,22.6375,22.7375,0.011962537,0.011192174,6.47e-05,4.31e-05,1.068830542,0.159266454,80.61272501,5.179664862,6.194703173,0.401425728,2494.514489,277.5530626,172.9856878,374.1771734,CI,BAR,-999.0,1008,-0.679353858,-0.652094039,-0.559469445,-0.02725982,CI.BAR,1008,-0.679353858,33.28779984,528.697998,12.70170021,-0.6793538584276098,1008,760.328013017909,785.9781116595822,774.5833854266853,836.3238658099086
100542,RSN15684,144,15684, BAR,3.81,32.4923,-116.8468,13.18,26.5,511,32.6801,-116.6722,15.9125,15.975,-0.005233558,-0.006184334,0.000107345,0.000108726,0.84626061,0.143271042,64.02465619,5.179664862,6.274698597,0.34906585,2399.818601,48.13529423,57.61175649,359.9727902,CI,BAR,-999.0,978,-0.64914008,-0.652094039,-0.559469445,0.002953959,CI.BAR,978,-0.64914008,33.28779984,528.697998,12.70170021,-0.6491400798311133,978,801.7561071050447,796.748000752974,790.4031891287566,827.6544229568717
100542,RSN16862,144,16862, BAR,3.6,34.2088,-117.5824,7.536,189.5,511,32.6801,-116.6722,12.75,12.8125,-3.61e-05,-3.74e-05,1.21e-05,1.17e-05,0.964012607,0.163448743,88.00885932,5.179664862,6.114431914,0.383972435,2289.653679,3.085470085,3.090909091,343.4480519,CI,BAR,-999.0,943,-0.612696692,-0.652094039,-0.559469445,0.039397346,CI.BAR,943,-0.612696692,33.28779984,528.697998,12.70170021,-0.6126966924297532,943,1012.5138000456627,789.0908727183725,899.5679941758274,840.9301274924037
100542,RSN13206,144,13206, BAR,4.19,34.3571,-116.8418,9.486,186.67,511,32.6801,-116.6722,20.1,20.2,-0.000230845,-0.000218612,6.02e-05,4.68e-05,1.055958059,0.161496947,87.37366808,5.179664862,6.185563454,0.401425728,2444.538793,4.93258547,3.631428571,366.680819,CI,BAR,-999.0,992,-0.663353517,-0.652094039,-0.559469445,-0.011259479,CI.BAR,992,-0.663353517,33.28779984,528.697998,12.70170021,-0.663353517081168,992,1002.7641382756531,822.9048885893186,901.4783960063415,878.7020070645062
100542,RSN16743,144,16743, BAR,3.72,33.1099,-116.0467,7.494,75.48,511,32.6801,-116.6722,12.875,12.925,0.001380189,0.001573617,9.16e-05,0.000141608,0.877080738,0.162947904,84.98475643,5.179664862,6.113435346,0.366519143,2165.128335,9.746546805,17.17922489,324.7692503,CI,BAR,-999.0,904,-0.57045977,-0.652094039,-0.559469445,0.081634268,CI.BAR,904,-0.57045977,33.28779984,528.697998,12.70170021,-0.5704597701884717,904,797.9203249789856,745.4238019101596,791.0864745540921,784.0044712204505
100542,RSN17831,144,17831, BAR,3.14,33.0622,-115.8937,7.729,84.29,511,32.6801,-116.6722,27.8,27.8875,0.000341337,0.000390956,2e-05,9.5e-06,0.873083551,0.162894805,85.36503702,5.179664862,6.11885537,0.366519143,2159.884332,35.93021053,19.5478,323.9826498,CI,BAR,-999.0,902,-0.56824493,-0.652094039,-0.559469445,0.083849109,CI.BAR,902,-0.56824493,33.28779984,528.697998,12.70170021,-0.5682449298589196,902,846.7689705865131,746.7868869945302,792.8279459019702,783.4016084088835
100542,RSN16575,144,16575, BAR,3.69,33.735,-117.4936,9.693,139.83,511,32.6801,-116.6722,11.45,11.5375,0.000582396,0.000536764,0.000153152,0.000218796,1.085013103,0.161167,86.39554364,5.179664862,6.192470162,0.41887902,2494.025088,2.661821971,3.504779565,374.1037632,CI,BAR,-999.0,1008,-0.679353858,-0.652094039,-0.559469445,-0.02725982,CI.BAR,1008,-0.679353858,33.28779984,528.697998,12.70170021,-0.6793538584276098,1008,1006.1796921220694,833.3299433303857,888.9654571425376,879.3050157707793
100542,RSN15483,144,15483, BAR,3.88,33.1624,-115.9772,9.013,84.18,511,32.6801,-116.6722,22.7,22.75,0.00050778,0.000468649,0.000161422,0.000156497,1.08349733,0.161363504,84.48563084,5.179664862,6.168508418,0.41887902,2489.206221,3.244662837,2.903253584,373.3809332,CI,BAR,-999.0,1006,-0.67736776,-0.652094039,-0.559469445,-0.025273722,CI.BAR,1006,-0.67736776,33.28779984,528.697998,12.70170021,-0.6773677604559802,1006,891.3043858349245,808.0721933168537,837.0082256784849,855.113490290885
100542,RSN18343,144,18343, BAR,3.34,33.5022,-116.5193,11.15,92.29,511,32.6801,-116.6722,14.55,14.7,-0.000781467,-0.00057751,2.48e-05,2.15e-05,1.353167201,0.159436655,83.63562262,5.179664862,6.233428753,0.471238898,2827.236388,36.34730233,23.28669355,424.0854582,CI,BAR,-999.0,1110,-0.775745704,-0.652094039,-0.559469445,-0.123651666,CI.BAR,1110,-0.775745704,33.28779984,528.697998,12.70170021,-0.7757457041026754,1110,780.0628376705577,847.5434487046657,802.2133879881203,914.9910221625207
100542,RSN12591,144,12591, BAR,4.11,33.5089,-116.8485,12.274,93.38,511,32.6801,-116.6722,15.38,15.425,-0.005331617,-0.004974718,0.001040867,0.001837066,1.071742569,0.158607712,83.01360826,5.179664862,6.258050482,0.401425728,2508.418667,2.902245755,4.779398329,376.2628001,CI,BAR,-999.0,1012,-0.68331426,-0.652094039,-0.559469445,-0.031220221,CI.BAR,1012,-0.68331426,33.28779984,528.697998,12.70170021,-0.6833142596437067,1012,774.4202424769524,786.7692208476169,778.1380534498469,844.7241782721711
100542,RSN15611,144,15611, BAR,3.87,33.7513,-116.0218,8.756,133.38,511,32.6801,-116.6722,21.9,22.0125,-7.41e-05,-8.2e-05,4.58e-06,7.64e-06,0.904063531,0.162099889,86.63730519,5.179664862,6.158414042,0.366519143,2216.085985,9.69895288,17.90393013,332.4128978,CI,BAR,-999.0,920,-0.58800408,-0.652094039,-0.559469445,0.064089959,CI.BAR,920,-0.58800408,33.28779984,528.697998,12.70170021,-0.588004079839382,920,965.5736394697751,785.7716979011734,848.9734140430317,823.1654561416731
100542,RSN12003,144,12003, BAR,4.37,34.0559,-117.2442,15.833,161.61,511,32.6801,-116.6722,20.3,20.425,0.000440498,0.000408443,7.67e-05,4.62e-05,1.078481818,0.156970239,84.70346213,5.179664862,6.343433553,0.41887902,2552.790869,9.534588745,5.325202086,382.9186304,CI,BAR,-999.0,1026,-0.697053436,-0.652094039,-0.559469445,-0.044959397,CI.BAR,1026,-0.697053436,33.28779984,528.697998,12.70170021,-0.6970534355270104,1026,948.8473676952183,825.5069915253456,841.6686855997656,868.8069369634748
100543,RSN17416,145,17416, BBR,3.73,35.2675,-117.3498,7.92,118.23,356,34.2623,-116.9208,33.47,33.53,-0.000224257,-0.00081855,6.84e-05,3.44e-05,0.273968308,0.163028914,86.58605634,5.179664862,6.122995859,0.13962634,818.2999892,6.519098837,11.96710526,122.7449984,CI,BBR,0.933333333,506,-0.351605938,0.470744315,0.563368909,-0.822350254,CI.BBR,506,-0.351605938,4.674680233,2075.679932,6.031939983,-0.3516059384354353,506,518.9725162910272,445.67625451405144,455.20902486411063,461.8284397722033
100543,RSN19358,145,19358, BBR,3.43,34.1381,-117.4717,5.767,52.61,356,34.2623,-116.9208,26.21,26.29,0.000280176,0.004912846,0.000136795,3.56e-05,0.057029164,0.164360781,84.660045,5.179664862,6.057771424,0.034906585,173.3117792,7.87011236,35.9139296,25.99676688,CI,BBR,0.933333333,180,0.68197388,0.470744315,0.563368909,0.211229565,CI.BBR,180,0.68197388,4.674680233,2075.679932,6.031939983,0.68197387996182,180,282.18608988952604,245.09943570547856,272.0344950987017,254.20336307592424
100543,RSN16863,145,16863, BBR,3.6,34.2088,-117.5824,7.536,61.24,356,34.2623,-116.9208,12.52,12.61,0.000320049,0.004439229,0.000170917,8.61e-05,0.072095687,0.162585677,83.78309333,5.179664862,6.114431914,0.034906585,221.2768446,3.7171777,25.97301029,33.19152669,CI,BBR,0.933333333,217,0.495033377,0.470744315,0.563368909,0.024289062,CI.BBR,217,0.495033377,4.674680233,2075.679932,6.031939983,0.4950333773115707,217,338.82835498485167,289.1608890710655,328.6915747655641,306.2197058306885
100543,RSN10396,145,10396, BBR,4.45,34.1081,-117.3062,14.795,39.43,356,34.2623,-116.9208,15.38,15.46,-0.001373567,-0.025169707,0.000778015,6.98e-05,0.054572214,0.148880483,70.04777057,5.179664862,6.313637877,0.034906585,183.1143642,19.67861032,32.35118475,27.46715463,CI,BBR,0.933333333,187,0.643822114,0.470744315,0.563368909,0.173077799,CI.BBR,187,0.643822114,4.674680233,2075.679932,6.031939983,0.6438221139974436,187,240.9963722529848,226.17293032807606,259.48036038005847,248.66982515147552
100543,RSN14526,145,14526, BBR,3.78,34.0294,-116.7534,14.93,30.1,356,34.2623,-116.9208,19.61,19.67,0.000450125,-0.011838103,6.46e-05,6.35e-05,0.038023399,0.142677712,64.34293882,5.179664862,6.317747533,0.017453293,133.1733279,7.088582677,183.2523684,19.97599919,CI,BBR,0.933333333,147,0.884498144,0.470744315,0.563368909,0.413753829,CI.BBR,147,0.884498144,4.674680233,2075.679932,6.031939983,0.8844981440732944,147,184.07448963800005,173.3086340077697,193.88339172873168,188.450296639172
100550,RSN16334,148,16334, LCP,3.74,34.8456,-119.2446,12.927,95.54,259,34.7355,-120.28,22.4,22.56,0.000149974,0.001371996,0.000135852,5.93e-05,0.109310554,0.158213637,82.76878145,5.179664862,6.270295551,0.052359878,343.8785432,2.529072513,10.09919618,51.58178148,CI,LCP,-999.0,294,-0.126751706,-0.453355065,-0.360730472,0.32660336,CI.LCP,294,-0.126751706,13.99709988,229.7550049,7.260879993,-0.12675170563914406,294,330.73437909605417,308.1704569652067,337.1016956798959,307.95873085102164
100550,RSN11929,148,11929, LCP,4.27,34.3874,-119.4398,6.219,86.24,259,34.7355,-120.28,26.3,26.42,0.000965969,0.005449462,0.000579496,0.000161621,0.177259427,0.164270957,86.4447287,5.179664862,6.075787581,0.087266463,533.2819536,5.976754258,9.403795712,79.99229304,CI,LCP,-999.0,388,-0.404177278,-0.453355065,-0.360730472,0.049177788,CI.LCP,388,-0.404177278,13.99709988,229.7550049,7.260879993,-0.40417727792373626,388,375.71684280633053,317.1260654808481,356.5340293159586,311.7442467843041
100550,RSN15065,148,15065, LCP,3.52,34.2871,-119.6948,5.225,73.22,259,34.7355,-120.28,23.4,23.46,0.000267033,0.001047162,0.000381252,0.000105999,0.255005889,0.165509476,86.59451355,5.179664862,6.0312809,0.122173048,752.0985992,2.519203011,2.746640018,112.8147899,CI,LCP,-999.0,478,-0.612782671,-0.453355065,-0.360730472,-0.159427605,CI.LCP,478,-0.612782671,13.99709988,229.7550049,7.260879993,-0.6127826707919191,478,438.3753433878959,365.86208054541754,396.9553935428863,360.54483037036994
100550,RSN10081,148,10081, LCP,4.18,34.3617,-118.6637,11.151,154.04,259,34.7355,-120.28,5.81,6.13,0.000177112,0.000660489,3.19e-05,6.15e-05,0.268152776,0.160068177,86.17929531,5.179664862,6.233452986,0.13962634,816.9255485,2.879869919,20.70498433,122.5388323,CI,LCP,-999.0,506,-0.669708608,-0.453355065,-0.360730472,-0.216353542,CI.LCP,506,-0.669708608,13.99709988,229.7550049,7.260879993,-0.6697086075879284,506,517.0464196957387,404.54526548685334,481.3030827135626,408.68260878931693
