SSN,File.name,Code,RSN,SID,Mw,E.Lat,E.Long,E.Dep,EpiD,Vs30_mea,S.Lat,S.Long,p.ver,peak.time,Ur,Uz,max.noise.ver.05,max.noise.rad.05,U.ratio,ray.p,i2.angle,Vp_1,Vp_2,j.angle,Vsz,SNRrad,SNRver,z_0.15,network,station,f0,Vs30_est,Res,y_bar,eta,within_res,station2,Vs30_f0,Res_f0,slope,mean_ele_500m,slope_500m,log_res,P-wave_pred,Set1_pred,Set2_pred,Set3_pred,Set4_pred
3044,RSN14495,11,14495, BLY,4.01,33.2617,-116.0659,5.761,153.16,1029,33.75,-114.524,36.97,37.12,0.012430865,0.023073498,0.003158004,0.001174953,0.538750791,0.165002335,88.19407374,5.179664862,6.057510055,0.244346095,1481.460381,10.57988277,7.3063549,222.2190572,CI,BLY,-999.0,764,0.297774947,0.291630497,0.384255091,0.006144449,CI.BLY,764,0.297774947,47.8932991,146.9880066,7.737730026,0.2977749466675288,764,791.2901154848889,672.7714492749964,755.6191734736217,759.0895499569107
3044,RSN10913,11,10913, BLY,4.26,33.8776,-116.2019,10.062,155.99,1029,33.75,-114.524,20.65,20.71,9.27e-05,0.000173515,7.07e-05,3.53e-05,0.534354698,0.160907108,86.63236161,5.179664862,6.204033973,0.244346095,1509.391635,2.626062323,2.454243281,226.4087453,CI,BLY,-999.0,773,0.286063687,0.291630497,0.384255091,-0.00556681,CI.BLY,773,0.286063687,47.8932991,146.9880066,7.737730026,0.2860636872466271,773,796.8833492125251,679.5218489540714,766.9221767709324,769.7581359429935
3044,RSN8989,11,8989, BLY,5.2,33.5328,-116.5697,15.48,191.3,1029,33.75,-114.524,14.61,14.75,0.001995832,0.00362756,0.000176971,5.96e-05,0.550185957,0.157427854,85.64188284,5.179664862,6.333749326,0.244346095,1578.497108,33.48711409,20.4980477,236.7745662,CI,BLY,-999.0,737,0.333754844,0.291630497,0.384255091,0.042124346,CI.BLY,737,0.333754844,47.8932991,146.9880066,7.737730026,0.3337548436447131,737,804.7108743677334,605.7487432023763,763.0658336294887,698.5857431390988
3044,RSN14381,11,14381, BLY,4.14,34.8632,-116.3444,6.474,208.15,1029,33.75,-114.524,25.4,25.47,0.000144945,0.000275394,0.000114407,6.8e-05,0.526319687,0.164289237,88.47784802,5.179664862,6.084678138,0.244346095,1460.703132,2.131544118,2.40714292,219.1054698,CI,BLY,-999.0,757,0.306979482,0.291630497,0.384255091,0.015348985,CI.BLY,757,0.306979482,47.8932991,146.9880066,7.737730026,0.306979482396601,757,843.5472760671614,651.2893753078115,786.5532688009431,734.8557815659366
3044,RSN15557,11,15557, BLY,4.06,32.6823,-116.088,9.762,187.83,1029,33.75,-114.524,28.83,28.88,2.5e-05,5e-05,1.26e-05,1.11e-05,0.499663965,0.161249418,87.30293139,5.179664862,6.194703173,0.226892803,1422.728347,2.252252252,3.968253968,213.4092521,CI,BLY,-999.0,743,0.325646691,0.291630497,0.384255091,0.034016194,CI.BLY,743,0.325646691,47.8932991,146.9880066,7.737730026,0.3256466911162903,743,797.9874744274691,646.3017804462006,755.9707996331728,732.0750840479513
3044,RSN13111,11,13111, BLY,4.06,33.2394,-116.2082,10.532,166.44,1029,33.75,-114.524,13.02,13.11,0.000105775,0.000197129,2.89e-05,1.99e-05,0.536576829,0.160568098,86.69371498,5.179664862,6.217520851,0.244346095,1517.534957,5.315326633,6.821072664,227.6302436,CI,BLY,-999.0,775,0.283479706,0.291630497,0.384255091,-0.008150791,CI.BLY,775,0.283479706,47.8932991,146.9880066,7.737730026,0.2834797064807022,775,835.0340620141577,675.0571132845935,779.8091123575454,762.8864046407115
3044,RSN10402,11,10402, BLY,4.45,34.1081,-117.3062,14.795,260.3,1029,33.75,-114.524,16.65,16.71,0.000122428,0.000167946,2.83e-05,5.6e-05,0.728973707,0.158163104,86.95116168,5.179664862,6.313637877,0.314159265,1958.221532,2.186214286,5.934487633,293.7332298,CI,BLY,-999.0,836,0.207714123,0.291630497,0.384255091,-0.083916374,CI.BLY,836,0.207714123,47.8932991,146.9880066,7.737730026,0.20771412274934775,836,918.6733100587861,652.3636086327523,839.8367089146891,756.0103613081365
3052,RSN12837,14,12837, CTC,4.02,33.7129,-116.0516,12.808,8.59,370,33.655,-115.99,17.38,17.44,0.035397879,0.455062759,0.004410929,0.00011023,0.077786807,0.089483615,34.11790609,5.179664862,6.268161535,0.034906585,433.5982228,321.1274517,103.1671013,65.03973342,CI,CTC,1.499275,344,0.072861348,0.249469929,0.342094522,-0.176608581,CI.CTC,344,0.072861348,9.389570236,511.5859985,8.461239815,0.07286134826487167,344,452.00931016036105,411.5924029185281,594.4310466134256,511.72164319805705
3052,RSN10926,14,10926, CTC,4.26,33.8776,-116.2019,10.062,31.54,370,33.655,-115.99,19.59,19.65,0.001414951,0.013526694,0.000779969,5.32e-05,0.104604377,0.154299616,73.19218345,5.179664862,6.204033973,0.052359878,337.5883214,26.59682331,17.34260464,50.63824821,CI,CTC,1.499275,290,0.243622083,0.249469929,0.342094522,-0.005847846,CI.CTC,290,0.243622083,9.389570236,511.5859985,8.461239815,0.2436220826577502,290,302.6968408669481,341.762107693524,403.1131377239724,397.7918920462623
3052,RSN15210,14,15210, CTC,3.9,33.867,-117.1038,11.856,105.83,370,33.655,-115.99,23.4,23.49,0.000250775,0.002533943,0.00028321,5.76e-05,0.098966322,0.159148928,84.04078373,5.179664862,6.24946745,0.052359878,309.8362271,4.353732639,8.947222909,46.47543407,CI,CTC,1.499275,275,0.296731908,0.249469929,0.342094522,0.047261979,CI.CTC,275,0.296731908,9.389570236,511.5859985,8.461239815,0.29673190797169813,275,285.1648926078024,326.7872462229819,384.7244419413625,373.8315926537349
3052,RSN16250,14,16250, CTC,3.64,33.223,-116.7186,8.687,82.98,370,33.655,-115.99,27.5,27.56,5.07e-05,0.000469873,6.52e-05,1.58e-05,0.107804845,0.161727192,84.57879578,5.179664862,6.155594857,0.052359878,331.8272724,3.208860759,7.206641104,49.77409086,CI,CTC,1.499275,287,0.25402079,0.249469929,0.342094522,0.004550861,CI.CTC,287,0.25402079,9.389570236,511.5859985,8.461239815,0.2540207898786484,287,302.6865812983588,340.7334694451314,409.93752913915444,389.54579030789
3052,RSN8196,14,8196, CTC,4.92,33.5083,-116.5143,15.2,51.24,370,33.655,-115.99,21.82,21.89,0.00828244,0.099268432,0.002765809,7.99e-05,0.08343478,0.152070298,74.14545357,5.179664862,6.325747735,0.034906585,273.5468642,103.6600751,35.89128244,41.03202963,CI,CTC,1.499275,253,0.380113517,0.249469929,0.342094522,0.130643588,CI.CTC,253,0.380113517,9.389570236,511.5859985,8.461239815,0.38011351691074946,253,334.47694239240104,309.5036480539167,468.9105895356346,371.8367670697984
3054,RSN16099,15,16099, DNR,3.58,33.827,-117.0296,15.131,46.88,361,33.567,-116.631,17.25,17.33,0.000134656,0.001133367,6.02e-05,1.71e-05,0.118810846,0.150870694,72.56655244,5.179664862,6.323730411,0.052359878,391.5392027,7.874619883,18.82669435,58.73088041,CI,DNR,-999.0,322,0.114326413,-0.162157535,-0.069532941,0.276483948,CI.DNR,322,0.114326413,7.391310215,1272.319946,5.659110069,0.114326412788472,322,331.2749770247947,331.9854163613949,361.71201611637866,351.769550391124
3054,RSN13389,15,13389, DNR,3.9,34.4032,-118.651,13.612,208.43,361,33.567,-116.631,16.3,16.55,-6.86e-05,-0.000210166,1.89e-05,9.52e-06,0.326439255,0.158894846,86.51341931,5.179664862,6.281821568,0.157079633,988.6876505,7.205882353,11.11989418,148.3031476,CI,DNR,-999.0,596,-0.501362709,-0.162157535,-0.069532941,-0.339205174,CI.DNR,596,-0.501362709,7.391310215,1272.319946,5.659110069,-0.5013627087324695,596,583.4174268232846,513.5762778143566,569.2560636740094,534.3028542292518
3054,RSN12684,15,12684, DNR,4.34,35.8373,-117.678,6.864,269.5,361,33.567,-116.631,21.4,21.45,1.47e-05,5.95e-05,2.74e-05,5.4e-06,0.246215253,0.163980636,88.74653415,5.179664862,6.096821743,0.122173048,734.4411395,2.722222222,2.171532847,110.1661709,CI,DNR,-999.0,470,-0.263854736,-0.162157535,-0.069532941,-0.101697202,CI.DNR,470,-0.263854736,7.391310215,1272.319946,5.659110069,-0.2638547363712238,470,479.33129007986514,405.24750896729336,458.72842115256316,421.40821646595293
3054,RSN17911,15,17911, DNR,4.04,36.3911,-117.8665,9.439,333.0,361,33.567,-116.631,11.1,11.15,-2.61e-05,-7.29e-05,2.79e-05,7.88e-06,0.357988974,0.161656401,88.53953366,5.179664862,6.183950287,0.174532925,1058.494134,3.312182741,2.612903226,158.7741201,CI,DNR,-999.0,621,-0.542453124,-0.162157535,-0.069532941,-0.380295589,CI.DNR,621,-0.542453124,7.391310215,1272.319946,5.659110069,-0.5424531236005983,621,548.6322232494497,590.385931329561,601.3463933728453,589.1337723265095
3054,RSN18326,15,18326, DNR,3.05,33.5043,-116.561,11.461,9.52,361,33.567,-116.631,14.13,14.17,-0.000633154,-0.005548436,0.00015563,4.44e-05,0.114113958,0.104504533,40.70667477,5.179664862,6.240750508,0.052359878,543.2017399,14.26022523,35.65145537,81.48026099,CI,DNR,-999.0,393,-0.084931654,-0.162157535,-0.069532941,0.077225881,CI.DNR,393,-0.084931654,7.391310215,1272.319946,5.659110069,-0.08493165353638066,393,404.2359423608801,413.7934646243504,415.3983999923397,431.92659621031123
3054,RSN11372,15,11372, DNR,4.73,33.7328,-117.4921,10.018,81.97,361,33.567,-116.631,27.54,27.63,-0.000166098,-0.002010053,0.000324771,5.81e-05,0.082633683,0.160205401,83.56848316,5.179664862,6.202702587,0.034906585,257.1802401,2.858829604,6.189139424,38.57703602,CI,DNR,-999.0,243,0.395816515,-0.162157535,-0.069532941,0.55797405,CI.DNR,243,0.395816515,7.391310215,1272.319946,5.659110069,0.3958165149923323,243,343.3300882915587,299.6236027644889,384.79496298887864,322.47954012172573
3054,RSN8787,15,8787, DNR,5.39,33.9465,-117.7667,14.89,113.33,361,33.567,-116.631,25.56,25.7,0.001126973,0.006130913,0.000166563,0.000141055,0.183818148,0.157110973,82.93039724,5.179664862,6.31653763,0.087266463,577.5588338,7.989599801,36.80837281,86.63382507,CI,DNR,-999.0,407,-0.119935227,-0.162157535,-0.069532941,0.042222308,CI.DNR,407,-0.119935227,7.391310215,1272.319946,5.659110069,-0.11993522710971405,407,360.1807402082709,323.86683121149105,364.2419373158123,347.5260321500193
3054,RSN18350,15,18350, DNR,3.34,33.5022,-116.5193,11.15,12.62,361,33.567,-116.631,14.34,14.4,-0.002487305,-0.016722756,0.001539975,0.000202343,0.148737715,0.12248587,49.77434518,5.179664862,6.233428753,0.06981317,602.0263062,12.29251815,10.85910875,90.30394593,CI,DNR,-999.0,416,-0.141807302,-0.162157535,-0.069532941,0.020350233,CI.DNR,416,-0.141807302,7.391310215,1272.319946,5.659110069,-0.14180730192838276,416,423.00830555830737,423.01377239425665,418.8372176127127,450.8140435523349
3054,RSN16941,15,16941, DNR,3.63,34.1242,-116.405,9.555,65.25,361,33.567,-116.631,12.27,12.34,-0.00054837,-0.001575053,5.28e-05,2.49e-05,0.348159993,0.160180952,82.38629928,5.179664862,6.187901101,0.174532925,1042.045123,22.02289157,29.83054924,156.3067685,CI,DNR,-999.0,616,-0.534369005,-0.162157535,-0.069532941,-0.37221147,CI.DNR,616,-0.534369005,7.391310215,1272.319946,5.659110069,-0.5343690052006389,616,670.7766315650321,535.1988050421216,599.4591504491149,542.8294109752394
3054,RSN16327,15,16327, DNR,3.74,34.8456,-119.2446,12.927,279.53,361,33.567,-116.631,26.87,26.99,6.58e-06,4.78e-05,8.61e-06,3.22e-06,0.137744775,0.159335542,87.54335272,5.179664862,6.270295551,0.06981317,429.2491571,2.043478261,5.551684088,64.38737357,CI,DNR,-999.0,341,0.056995481,-0.162157535,-0.069532941,0.219153016,CI.DNR,341,0.056995481,7.391310215,1272.319946,5.659110069,0.05699548104936358,341,393.12500839218325,370.9841599239907,419.3662984614294,377.2675781154287
3055,RSN18327,16,18327, DPP,3.05,33.5043,-116.561,11.461,66.34,611,32.999,-116.942,13.55,13.61,0.00017045,0.000203671,2.93e-05,3.51e-05,0.836886682,0.158201433,80.85730303,5.179664862,6.240750508,0.34906585,2158.383988,4.856125356,6.951228669,323.7575982,CI,DPP,-999.0,902,-0.389517561,-0.419009726,-0.326385133,0.029492165,CI.DPP,902,-0.389517561,2.213140011,484.9679871,5.799489975,-0.3895175608910284,902,743.9108739350955,681.8338659953089,722.8530858843815,670.3274575506651
3055,RSN17371,16,17371, DPP,3.56,33.0804,-116.4826,10.835,43.85,611,32.999,-116.942,19.03,19.08,0.004652712,0.007829562,4.8e-05,0.000104188,0.594249305,0.156397394,76.82070488,5.179664862,6.225560001,0.261799388,1691.521485,44.65688947,163.115875,253.7282228,CI,DPP,-999.0,747,-0.200968226,-0.419009726,-0.326385133,0.2180415,CI.DPP,747,-0.200968226,2.213140011,484.9679871,5.799489975,-0.20096822596122177,747,782.9105598696983,663.7846339009003,668.8848961410758,635.097362207358
3055,RSN13230,16,13230, DPP,4.19,34.3571,-116.8418,9.486,150.92,611,32.999,-116.942,22.37,22.47,-0.000929605,-0.000768645,2.29e-05,1.57e-05,1.209407695,0.161405201,86.74035365,5.179664862,6.185563454,0.436332313,2636.562678,59.21050955,33.56528384,395.4844017,CI,DPP,-999.0,1052,-0.543351434,-0.419009726,-0.326385133,-0.124341708,CI.DPP,1052,-0.543351434,2.213140011,484.9679871,5.799489975,-0.5433514341260599,1052,868.3677575863155,774.0677181533536,855.7261660271733,772.9966724198267
3055,RSN16712,16,16712, DPP,3.73,33.5058,-116.7636,16.276,58.61,611,32.999,-116.942,21.65,21.78,-0.002660067,-0.00209031,1.79e-05,1.58e-05,1.272570716,0.151992878,74.99728398,5.179664862,6.3549922,0.453785606,2876.740171,168.3586709,116.777095,431.5110257,CI,DPP,-999.0,1125,-0.610441355,-0.419009726,-0.326385133,-0.19143163,CI.DPP,1125,-0.610441355,2.213140011,484.9679871,5.799489975,-0.610441355466925,1125,674.8512050478868,793.6956487160919,757.4862277914858,794.6597975187217
3055,RSN10933,16,10933, DPP,4.26,33.8776,-116.2019,10.062,119.3,611,32.999,-116.942,33.4,33.52,-0.003456136,-0.003099219,0.000148267,7e-05,1.115163658,0.160712228,85.6084981,5.179664862,6.204033973,0.41887902,2536.039244,49.37337143,20.90295885,380.4058866,CI,DPP,-999.0,1021,-0.513440859,-0.419009726,-0.326385133,-0.094431133,CI.DPP,1021,-0.513440859,2.213140011,484.9679871,5.799489975,-0.5134408589930697,1021,817.731927871581,741.2296171998871,809.4546507908718,736.8484727392209
3055,RSN8788,16,8788, DPP,5.39,33.9465,-117.7667,14.89,130.08,611,32.999,-116.942,29.11,29.53,-0.044895346,-0.031483761,0.001451065,0.001400032,1.425984239,0.157404751,83.85438756,5.179664862,6.31653763,0.471238898,2926.411746,32.06737132,21.69700255,438.9617619,CI,DPP,-999.0,1139,-0.622809004,-0.419009726,-0.326385133,-0.203799278,CI.DPP,1139,-0.622809004,2.213140011,484.9679871,5.799489975,-0.6228090042755863,1139,752.0327047506989,781.4369861415415,768.863461166783,790.7244387574044
3055,RSN16942,16,16942, DPP,3.63,34.1242,-116.405,9.555,134.39,611,32.999,-116.942,13.49,13.57,-0.000387818,-0.000302063,1.3e-05,1.11e-05,1.283899883,0.161272399,86.31961617,5.179664862,6.187901101,0.453785606,2721.933824,34.93855856,23.23561538,408.2900736,CI,DPP,-999.0,1078,-0.567765792,-0.419009726,-0.326385133,-0.148756066,CI.DPP,1078,-0.567765792,2.213140011,484.9679871,5.799489975,-0.5677657922973465,1078,805.2393266890257,793.4599027850672,845.8222091435258,790.4241770498645
3055,RSN16256,16,16256, DPP,3.64,33.223,-116.7186,8.687,32.43,611,32.999,-116.942,16.87,16.93,-0.007829933,-0.010309267,0.000212187,1.38e-05,0.759504371,0.157678481,76.07339924,5.179664862,6.155594857,0.331612558,2026.845225,567.3864493,48.58576162,304.0267838,CI,DPP,-999.0,859,-0.340671963,-0.419009726,-0.326385133,0.078337763,CI.DPP,859,-0.340671963,2.213140011,484.9679871,5.799489975,-0.3406719628126593,859,785.7694434728473,679.917156050055,724.2189118359775,665.9533788261366
3055,RSN15944,16,15944, DPP,3.64,33.8726,-117.7125,2.161,120.51,611,32.999,-116.942,34.05,34.15,-0.00013362,-0.000112093,3.72e-05,3.4e-05,1.19204789,0.168398172,89.44102278,5.179664862,5.93802414,0.436332313,2509.93034,3.93,3.013252688,376.489551,CI,DPP,-999.0,1012,-0.504586891,-0.419009726,-0.326385133,-0.085577165,CI.DPP,1012,-0.504586891,2.213140011,484.9679871,5.799489975,-0.5045868906758155,1012,1022.3627252244996,744.188599338346,828.4084513603663,740.5155607779506
3055,RSN19335,16,19335, DPP,3.09,33.9522,-117.7991,13.107,132.38,611,32.999,-116.942,13.61,13.65,-4.5e-05,-7.81e-05,2.2e-05,1.11e-05,0.575920403,0.158725585,84.71973239,5.179664862,6.273446412,0.261799388,1627.520346,4.054054054,3.55,244.1280519,CI,DPP,-999.0,726,-0.172453056,-0.419009726,-0.326385133,0.24655667,CI.DPP,726,-0.172453056,2.213140011,484.9679871,5.799489975,-0.17245305565320024,726,758.6263453578922,627.5444615354552,645.4661678656926,606.6200003006608
3055,RSN17839,16,17839, DPP,3.14,33.0622,-115.8937,7.729,98.19,611,32.999,-116.942,29.43,29.5,0.000266355,0.000577959,2.39e-05,7.23e-06,0.460853818,0.163029258,85.99048181,5.179664862,6.11885537,0.20943951,1312.637704,36.84024896,24.18238494,196.8956556,CI,DPP,-999.0,705,-0.143100844,-0.419009726,-0.326385133,0.275908882,CI.DPP,705,-0.143100844,2.213140011,484.9679871,5.799489975,-0.14310084364067333,705,658.0651826934302,607.0479724882096,591.1924424635943,587.7651589443433
3061,RSN15575,19,15575, GLA,4.06,32.6823,-116.088,9.762,124.9,743,33.051,-114.827,27.65,27.775,0.000446108,0.001552208,2.7e-05,7.87e-06,0.287402246,0.161020201,85.92537387,5.179664862,6.194703173,0.13962634,866.1525533,56.68462516,57.48918519,129.922883,CI,GLA,1.423333333,529,0.339707613,0.237321044,0.329945638,0.102386569,CI.GLA,529,0.339707613,25.5821991,544.7109985,16.43330002,0.33970761285945983,529,475.7191860074663,483.12857209298284,510.3574904442002,511.00714798873804
3061,RSN15702,19,15702, GLA,3.81,32.4923,-116.8468,13.18,199.13,743,33.051,-114.827,21.4125,21.55,4.55e-05,0.000169449,4.99e-06,2.87e-06,0.268283048,0.15906952,86.47987715,5.179664862,6.274698597,0.13962634,822.427234,15.85365854,33.95771543,123.3640851,CI,GLA,1.423333333,508,0.380214597,0.237321044,0.329945638,0.142893553,CI.GLA,508,0.380214597,25.5821991,544.7109985,16.43330002,0.3802145971392772,508,490.08477515732505,457.49087916937907,502.4777860846715,475.1921989687188
3061,RSN11572,19,11572, GLA,4.51,32.8882,-115.5018,9.4,65.62,743,33.051,-114.827,21.8875,22.0,0.002050006,0.003583952,0.00067148,0.000865714,0.571995956,0.160368881,82.52266969,5.179664862,6.182598645,0.261799388,1602.43295,2.367994511,5.33739203,240.3649425,CI,GLA,1.423333333,717,0.035620204,0.237321044,0.329945638,-0.20170084,CI.GLA,291,0.937372778,25.5821991,544.7109985,16.43330002,0.9373727775462664,291,298.59296925425923,221.34789492163378,252.3169537968405,224.99087552935654
3061,RSN14447,19,14447, GLA,4.05,32.7091,-116.0396,7.817,119.64,743,33.051,-114.827,33.3375,33.5125,0.000211227,0.000549357,5.9e-06,2.58e-06,0.38449793,0.163105616,86.69362992,5.179664862,6.120791156,0.191986218,1120.523267,81.87093023,93.11135593,168.0784901,CI,GLA,1.423333333,638,0.152357761,0.237321044,0.329945638,-0.084963283,CI.GLA,259,1.053867983,25.5821991,544.7109985,16.43330002,1.0538679830182218,259,267.6094299578694,209.02609157385828,236.56792581936602,209.90051740192845
3061,RSN9127,19,9127, GLA,5.1,32.4105,-115.312,18.65,84.33,743,33.051,-114.827,14.9,15.0,-0.004125897,-0.010484903,0.000904688,0.00024844,0.393508377,0.152651979,77.99484488,5.179664862,6.407574254,0.191986218,1221.696176,16.60721703,11.58952368,183.2544264,CI,GLA,1.423333333,671,0.101926908,0.237321044,0.329945638,-0.135394136,CI.GLA,273,1.00122425,25.5821991,544.7109985,16.43330002,1.0012242495327994,273,277.36395560691864,207.37612028349244,234.08105361712936,210.39635271623354
3061,RSN9705,19,9705, GLA,4.69,35.0172,-119.0247,9.251,444.8,743,33.051,-114.827,13.5,13.7125,-1.58e-05,-3.07e-05,1.08e-05,7.86e-06,0.515359592,0.161854358,88.93297331,5.179664862,6.177322679,0.244346095,1458.032451,2.010178117,2.842592593,218.7048677,CI,GLA,1.423333333,756,-0.017345331,0.237321044,0.329945638,-0.254666376,CI.GLA,307,0.883848297,25.5821991,544.7109985,16.43330002,0.8838482971305623,307,282.0085653801402,218.231373311688,262.9252210945309,230.6943900180323
3061,RSN14236,19,14236, GLA,3.94,32.7219,-116.8133,20.237,189.42,743,33.051,-114.827,23.0875,23.25,0.000148612,0.000337919,9.29e-06,1.96e-06,0.43978505,0.154462476,84.15757386,5.179664862,6.440435438,0.20943951,1332.157179,75.82244898,36.3744887,199.8235769,CI,GLA,1.423333333,712,0.042618133,0.237321044,0.329945638,-0.194702911,CI.GLA,289,0.944269357,25.5821991,544.7109985,16.43330002,0.9442693566053268,289,316.186501866175,227.9771498635131,254.67040101891016,224.74284995358815
3061,RSN15542,19,15542, GLA,3.75,32.5969,-115.5741,12.269,86.2,743,33.051,-114.827,28.025,28.2,0.000188606,0.000637802,5.88e-05,3.53e-05,0.295712537,0.158410612,82.44796842,5.179664862,6.257951442,0.13962634,903.8972076,5.342946176,10.84697279,135.5845811,CI,GLA,1.423333333,549,0.302597603,0.237321044,0.329945638,0.065276559,CI.GLA,549,0.302597603,25.5821991,544.7109985,16.43330002,0.3025976032082287,549,499.3482476080936,502.8066484460759,524.1619479337018,527.7114782110198
3061,RSN9019,19,9019, GLA,5.2,33.5328,-116.5697,15.48,170.89,743,33.051,-114.827,19.15,19.25,-0.000275537,-0.001124932,0.000149945,2.86e-05,0.244936925,0.157308012,85.10283073,5.179664862,6.333749326,0.122173048,761.8419483,9.634160839,7.502297509,114.2762922,CI,GLA,1.423333333,483,0.430679391,0.237321044,0.329945638,0.193358347,CI.GLA,483,0.430679391,25.5821991,544.7109985,16.43330002,0.43067939106518693,483,460.0373462703851,413.44787382554006,481.8875923022943,444.794279897526
3061,RSN12845,19,12845, GLA,4.02,33.7129,-116.0516,12.808,135.55,743,33.051,-114.827,21.76,21.825,-0.001073332,-0.004707495,0.00082736,0.000321451,0.228004827,0.158920593,84.96413777,5.179664862,6.268161535,0.104719755,703.2852075,3.339022122,5.689778331,105.4927811,CI,GLA,1.423333333,456,0.488203235,0.237321044,0.329945638,0.250882191,CI.GLA,456,0.488203235,25.5821991,544.7109985,16.43330002,0.4882032352033727,456,423.14169194152294,419.1268767871065,455.2148314749329,456.3917386322511
3061,RSN14395,19,14395, GLA,4.14,34.8632,-116.3444,6.474,245.11,743,33.051,-114.827,21.125,21.2625,3.21e-05,8.8e-05,5.42e-06,7.5e-06,0.365072371,0.164305547,88.70953061,5.179664862,6.084678138,0.174532925,1059.696144,4.28,16.23616236,158.9544216,CI,GLA,1.423333333,621,0.179364963,0.237321044,0.329945638,-0.057956081,CI.GLA,252,1.081266957,25.5821991,544.7109985,16.43330002,1.0812669572063358,252,292.250049457318,199.9721324288414,260.11089995933634,202.57612960344588
3061,RSN17081,19,17081, GLA,3.52,34.2098,-116.4371,4.645,197.07,743,33.051,-114.827,43.5,43.6,-1.59e-05,-5.44e-05,1.51e-05,4.56e-06,0.293147905,0.16678784,88.92913437,5.179664862,5.994593769,0.13962634,851.6315121,3.486842105,3.602649007,127.7447268,CI,GLA,1.423333333,522,0.353028457,0.237321044,0.329945638,0.115707413,CI.GLA,522,0.353028457,25.5821991,544.7109985,16.43330002,0.3530284568351201,522,539.4583539201731,469.4861174740972,565.0800676449655,493.40012051935776
3061,RSN17844,19,17844, GLA,3.14,33.0622,-115.8937,7.729,99.63,743,33.051,-114.827,31.2375,31.3,1.39e-05,9.1e-05,6.82e-06,3.73e-06,0.152988759,0.163045361,86.07204991,5.179664862,6.11885537,0.06981317,464.9013361,3.726541555,13.3431085,69.73520042,CI,GLA,1.423333333,358,0.730163058,0.237321044,0.329945638,0.492842014,CI.GLA,358,0.730163058,25.5821991,544.7109985,16.43330002,0.7301630583170589,358,342.6716503690601,317.16353398187465,399.9465279541565,391.987661901789
3061,RSN13129,19,13129, GLA,4.06,33.2394,-116.2082,10.532,130.55,743,33.051,-114.827,12.7125,12.85,0.00013205,0.000589978,1.47e-05,4.57e-06,0.223821166,0.160398522,85.77401053,5.179664862,6.217520851,0.104719755,684.6266921,28.89496718,40.13455782,102.6940038,CI,GLA,1.423333333,447,0.50813745,0.237321044,0.329945638,0.270816406,CI.GLA,447,0.50813745,25.5821991,544.7109985,16.43330002,0.50813745010419,447,415.1439591939614,410.8546357978873,445.73568646436115,447.8443916061835
3061,RSN14503,19,14503, GLA,4.01,33.2617,-116.0659,5.761,117.91,743,33.051,-114.827,32.9125,33.075,0.000123069,0.000549272,3.84e-06,3.41e-06,0.224058399,0.164945462,87.64972251,5.179664862,6.057510055,0.104719755,666.4264123,36.09061584,143.0395833,99.96396185,CI,GLA,1.423333333,438,0.528477134,0.237321044,0.329945638,0.29115609,CI.GLA,438,0.528477134,25.5821991,544.7109985,16.43330002,0.5284771343413128,438,399.51077540009123,399.6580954279078,461.1995163294211,443.85595104258175
3061,RSN16759,19,16759, GLA,3.72,33.1099,-116.0467,7.494,114.07,743,33.051,-114.827,33.1,33.1875,9.84e-05,0.000215625,6.14e-05,3.94e-05,0.456300746,0.163299881,86.68158336,5.179664862,6.113435346,0.20943951,1299.662815,2.497461929,3.511807818,194.9494223,CI,GLA,1.423333333,700,0.05961571,0.237321044,0.329945638,-0.177705335,CI.GLA,284,0.961721807,25.5821991,544.7109985,16.43330002,0.9617218065565529,284,289.2223754789218,227.36327965224254,247.62098420250445,227.4579904224917
3061,RSN11723,19,11723, GLA,4.5,34.3365,-116.8617,8.94,236.47,743,33.051,-114.827,14.6,14.9875,0.000200386,0.000402533,1.13e-05,9.94e-06,0.497812926,0.162094978,88.06487023,5.179664862,6.165704274,0.226892803,1411.058126,20.15955734,35.62238938,211.6587189,CI,GLA,1.423333333,739,0.005398124,0.237321044,0.329945638,-0.23192292,CI.GLA,300,0.90691357,25.5821991,544.7109985,16.43330002,0.9069135700615583,300,341.85324422807577,224.34703196297795,268.01158245979065,225.99156355846506
3061,RSN13237,19,13237, GLA,4.19,34.3571,-116.8418,9.486,236.37,743,33.051,-114.827,49.4,49.5375,0.000149567,0.000483075,7.12e-05,1.96e-05,0.30961517,0.161561458,87.93191143,5.179664862,6.185563454,0.157079633,926.6519115,7.630969388,6.784761236,138.9977867,CI,GLA,1.423333333,562,0.279194195,0.237321044,0.329945638,0.041873151,CI.GLA,562,0.279194195,25.5821991,544.7109985,16.43330002,0.2791941948240684,562,576.1726924246242,498.9658482577548,557.6663937030977,500.83762858327003
3061,RSN13843,19,13843, GLA,4.17,34.3277,-116.829,4.957,233.47,743,33.051,-114.827,21.6,21.775,4.94e-05,0.000100664,1.83e-05,6.61e-06,0.490356725,0.166209985,89.02285595,5.179664862,6.015610792,0.226892803,1359.349827,7.473524962,5.500765027,203.9024741,CI,GLA,1.423333333,721,0.030056907,0.237321044,0.329945638,-0.207264137,CI.GLA,293,0.930523436,25.5821991,544.7109985,16.43330002,0.9305234357006915,293,353.0817897286245,227.71165500712345,268.59226871178527,227.87725133155786
3061,RSN16262,19,16262, GLA,3.64,33.223,-116.7186,8.687,177.53,743,33.051,-114.827,29.8,29.95,2.67e-05,0.000131943,5.18e-06,6.19e-06,0.202609345,0.162299109,87.49913114,5.179664862,6.155594857,0.104719755,615.1128165,4.313408724,25.47162162,92.26692248,CI,GLA,1.423333333,421,0.568063211,0.237321044,0.329945638,0.330742167,CI.GLA,421,0.568063211,25.5821991,544.7109985,16.43330002,0.568063211035378,421,405.62604960235905,383.7681740565175,453.0020340630246,422.938465783365
3061,RSN14308,19,14308, GLA,4.19,33.4453,-116.439,8.875,156.46,743,33.051,-114.827,24.0,24.1875,3.27e-05,8.79e-05,1.11e-05,1.56e-05,0.371766706,0.162045265,87.09150559,5.179664862,6.16316588,0.174532925,1091.874481,2.096153846,7.918918919,163.7811722,CI,GLA,1.423333333,630,0.164976225,0.237321044,0.329945638,-0.072344819,CI.GLA,256,1.0655186,25.5821991,544.7109985,16.43330002,1.065518600238197,256,273.398000245015,208.0201337277591,254.22411889450038,212.02028643914028
3061,RSN17751,19,17751, GLA,3.63,32.7081,-116.029,7.885,118.74,743,33.051,-114.827,33.7875,33.9125,4.87e-05,0.000156735,6.56e-06,9.54e-06,0.310508736,0.16305646,86.63224752,5.179664862,6.12225391,0.157079633,920.577391,5.104821803,23.89253049,138.0866087,CI,GLA,1.423333333,558,0.286337082,0.237321044,0.329945638,0.049016038,CI.GLA,558,0.286337082,25.5821991,544.7109985,16.43330002,0.2863370823364484,558,524.502055815166,506.49716254710006,553.0396134346613,515.1288611247874
3061,RSN13527,19,13527, GLA,4.06,32.7797,-117.3507,7.174,237.99,743,33.051,-114.827,11.6375,11.75,-1.92e-05,-3.21e-05,5.84e-06,5.1e-06,0.597586883,0.163733168,88.50142595,5.179664862,6.105409111,0.261799388,1622.569087,3.764705882,5.496575342,243.3853631,CI,GLA,1.423333333,724,0.025904652,0.237321044,0.329945638,-0.211416392,CI.GLA,294,0.927116277,25.5821991,544.7109985,16.43330002,0.9271162773790778,294,348.2705364695027,228.566641107634,266.73907783041193,226.8218736305472
3061,RSN10347,19,10347, GLA,4.63,32.3362,-115.2425,17.16,88.33,743,33.051,-114.827,15.22,15.375,-0.000841685,-0.001582142,6.04e-05,5.3e-05,0.531990933,0.154193987,79.4773968,5.179664862,6.37627289,0.244346095,1569.601529,15.88084906,26.19440397,235.4402294,CI,GLA,1.423333333,745,-0.002688174,0.237321044,0.329945638,-0.240009218,CI.GLA,303,0.896963239,25.5821991,544.7109985,16.43330002,0.8969632392083904,303,301.53212809251454,228.4050941497385,253.75462452481514,230.64394670780365
3061,RSN11303,19,11303, GLA,4.78,34.1228,-116.9226,5.969,227.98,743,33.051,-114.827,17.83,17.925,0.000114135,0.000207233,4.59e-05,4.87e-05,0.550756176,0.164807617,88.74045635,5.179664862,6.066214653,0.244346095,1509.033858,2.343634497,4.514880174,226.3550787,CI,GLA,1.423333333,773,-0.039583004,0.237321044,0.329945638,-0.276904048,CI.GLA,314,0.861303059,25.5821991,544.7109985,16.43330002,0.8613030588095061,314,380.4374022738062,234.91793889346732,285.90773150897417,236.67902220346394
3070,RSN17510,22,17510, MSJ,3.62,33.9521,-116.3635,9.067,58.17,244,33.808,-116.968,22.95,23.02,0.000829241,0.005166883,0.00021937,0.000220993,0.160491578,0.160461039,81.94463729,5.179664862,6.170551665,0.087266463,495.6545362,3.752340572,23.55327985,74.34818043,CI,MSJ,3.83695,372,-0.421725629,-0.157974621,-0.065350028,-0.263751008,CI.MSJ,372,-0.421725629,3.882110119,465.3540039,0.641624987,-0.42172562897994403,372,387.97350197620614,365.825355922159,339.64712921639756,339.8303803852752
3070,RSN15905,22,15905, MSJ,3.96,32.6554,-116.1347,12.336,149.58,244,33.808,-116.968,23.4,23.45,0.000295587,0.005533121,0.000866148,0.00011429,0.053421453,0.159296408,85.62000506,5.179664862,6.25927157,0.034906585,167.542589,2.586289264,6.388193473,25.13138835,CI,MSJ,3.83695,175,0.332382251,-0.157974621,-0.065350028,0.490356873,CI.MSJ,175,0.332382251,3.882110119,465.3540039,0.641624987,0.3323822513696877,175,294.25180884326227,264.977273760197,239.21933373260362,241.82890658910307
3070,RSN15176,22,15176, MSJ,3.9,33.867,-117.1038,11.856,14.17,244,33.808,-116.968,17.84,17.93,0.003283293,0.051895716,0.001663043,0.000458906,0.063267124,0.122820495,50.13552187,5.179664862,6.24946745,0.034906585,257.2019501,7.154609005,31.20527611,38.58029252,CI,MSJ,3.83695,243,0.004106782,-0.157974621,-0.065350028,0.162081403,CI.MSJ,243,0.004106782,3.882110119,465.3540039,0.641624987,0.004106781952653904,243,374.7685175639911,348.2352528217625,314.973888295794,325.2153645250732
3070,RSN8817,22,8817, MSJ,5.39,33.9465,-117.7667,14.89,75.47,244,33.808,-116.968,18.43,18.62,0.00776537,0.06292734,0.001909414,0.000228019,0.123402167,0.155597281,79.36912556,5.179664862,6.31653763,0.06981317,394.5159711,34.05580237,32.95636253,59.17739567,CI,MSJ,3.83695,323,-0.280484098,-0.157974621,-0.065350028,-0.122509476,CI.MSJ,323,-0.280484098,3.882110119,465.3540039,0.641624987,-0.2804840979294543,323,320.0659616620416,314.72244524964844,287.99037735190853,296.2794134042283
3070,RSN12770,22,12770, MSJ,4.26,33.9538,-116.3912,7.696,55.76,244,33.808,-116.968,21.1,21.2,0.001767725,0.011547597,0.000540267,0.000111061,0.153081655,0.162206704,82.93140488,5.179664862,6.118116656,0.06981317,467.5823122,15.91670343,21.3738707,70.13734683,CI,MSJ,3.83695,360,-0.388935806,-0.157974621,-0.065350028,-0.230961185,CI.MSJ,360,-0.388935806,3.882110119,465.3540039,0.641624987,-0.38893580615695367,360,372.87827425378225,365.564734578846,326.9108130455899,338.82077595098394
3070,RSN10479,22,10479, MSJ,4.45,34.1081,-117.3062,14.795,45.66,244,33.808,-116.968,15.12,15.23,0.009423811,0.089536295,0.002736777,0.000175078,0.105251296,0.151133427,72.5926063,5.179664862,6.313637877,0.052359878,346.768981,53.82635739,32.71596297,52.01534715,CI,MSJ,3.83695,296,-0.193191229,-0.157974621,-0.065350028,-0.035216608,CI.MSJ,296,-0.193191229,3.882110119,465.3540039,0.641624987,-0.19319122903085795,296,302.895247701721,300.337064334118,271.13670262499465,279.2202458506147
3079,RSN16902,25,16902, PLM,3.6,34.2088,-117.5824,7.536,115.88,465,33.354,-116.863,14.32,14.39,8.41e-05,0.000171191,5.41e-06,1.61e-05,0.491053724,0.163279353,86.71863423,5.179664862,6.114431914,0.226892803,1385.35009,5.223602484,31.64343808,207.8025135,CI,PLM,-999.0,730,-0.451007129,-0.335573349,-0.242948756,-0.115433779,CI.PLM,730,-0.451007129,6.259709835,1675.150024,4.301589966,-0.45100712855508096,730,753.7539240478072,629.4069177646289,708.7226325889347,639.5153851661796
3079,RSN16729,25,16729, PLM,3.73,33.5058,-116.7636,16.276,19.21,465,33.354,-116.863,20.04,20.09,0.002296094,0.007441843,0.000143672,6.19e-05,0.308538347,0.119975087,49.67984349,5.179664862,6.3549922,0.157079633,1243.883394,37.09360258,51.79744835,186.5825091,CI,PLM,-999.0,679,-0.378583722,-0.335573349,-0.242948756,-0.043010373,CI.PLM,679,-0.378583722,6.259709835,1675.150024,4.301589966,-0.3785837219713404,679,598.6129605524736,583.3168845408342,603.2757599826225,598.821571852933
3079,RSN15123,25,15123, PLM,3.78,34.1353,-117.4476,5.857,102.2,465,33.354,-116.863,23.63,23.76,-0.000333858,-0.000775802,1.02e-05,6.85e-06,0.430339678,0.164778234,87.21932919,5.179664862,6.061617088,0.20943951,1226.01883,48.73839416,76.05901961,183.9028245,CI,PLM,-999.0,672,-0.368220935,-0.335573349,-0.242948756,-0.032647586,CI.PLM,672,-0.368220935,6.259709835,1675.150024,4.301589966,-0.36822093493579366,672,683.4631673746173,581.0641489134225,636.9825476358326,590.0660268750385
3079,RSN9072,25,9072, PLM,5.2,33.5328,-116.5697,15.48,33.72,465,33.354,-116.863,16.12,16.24,0.029248173,0.067399015,0.003927509,0.001523372,0.433955502,0.143843266,65.65324815,5.179664862,6.333749326,0.20943951,1414.455185,19.19962622,17.1607538,212.1682778,CI,PLM,-999.0,740,-0.464612781,-0.335573349,-0.242948756,-0.129039431,CI.PLM,740,-0.464612781,6.259709835,1675.150024,4.301589966,-0.4646127806108593,740,699.7636790996412,611.4962022283789,683.5899882535061,636.0865605955219
3079,RSN12860,25,12860, PLM,4.02,33.7129,-116.0516,12.808,85.23,465,33.354,-116.863,23.82,23.91,0.001235693,0.002690317,0.000101675,4.45e-05,0.459311318,0.157983148,81.99828106,5.179664862,6.268161535,0.20943951,1350.78844,27.76838202,26.45996558,202.618266,CI,PLM,-999.0,718,-0.434432163,-0.335573349,-0.242948756,-0.098858814,CI.PLM,718,-0.434432163,6.259709835,1675.150024,4.301589966,-0.4344321634608681,718,726.6817620875661,618.40911514712,679.8943009226342,627.1746115957762
3079,RSN17625,25,17625, PLM,3.52,33.5309,-117.6639,9.734,77.01,465,33.354,-116.863,35.16,35.2,6.58e-05,0.000201029,6.13e-05,3.23e-05,0.327467227,0.160368002,83.35763421,5.179664862,6.193801083,0.157079633,982.3988806,2.037151703,3.279429038,147.3598321,CI,PLM,-999.0,592,-0.241469229,-0.335573349,-0.242948756,0.09410412,CI.PLM,592,-0.241469229,6.259709835,1675.150024,4.301589966,-0.2414692292966496,592,563.327654434055,504.14048992055797,549.4592629548663,514.0560477732814
3079,RSN17470,25,17470, PLM,3.59,34.0938,-117.4347,3.015,97.68,465,33.354,-116.863,42.01,42.1,-0.00011663,-0.000289544,2.04e-05,7.82e-06,0.402804845,0.168369102,88.79756202,5.179664862,5.93802414,0.191986218,1130.315374,14.91432225,14.19333333,169.5473061,CI,PLM,-999.0,640,-0.319430771,-0.335573349,-0.242948756,0.016142578,CI.PLM,640,-0.319430771,6.259709835,1675.150024,4.301589966,-0.3194307707663615,640,667.6429631361453,559.6208027581748,620.9099013152388,565.263220262604
3079,RSN16119,25,16119, PLM,3.58,33.827,-117.0296,15.131,54.69,465,33.354,-116.863,15.01,15.05,-6.38e-05,-0.000310278,1.28e-05,1.44e-05,0.205464122,0.152796762,75.07093784,5.179664862,6.323730411,0.104719755,662.2052449,4.430555556,24.24046875,99.33078674,CI,PLM,-999.0,437,0.06210421,-0.335573349,-0.242948756,0.39767756,CI.PLM,437,0.06210421,6.259709835,1675.150024,4.301589966,0.062104210491765954,437,404.9832452744441,374.79582612583744,407.40954024617866,385.94565098550845
3079,RSN14005,25,14005, PLM,4.15,33.638,-116.7082,12.649,34.63,465,33.354,-116.863,13.29,13.38,-0.013323514,-0.029004204,0.000773091,0.000330259,0.459364905,0.150508559,70.55696822,5.179664862,6.265244507,0.20943951,1418.009391,40.342622,37.51719267,212.7014087,CI,PLM,-999.0,741,-0.46596322,-0.335573349,-0.242948756,-0.13038987,CI.PLM,741,-0.46596322,6.259709835,1675.150024,4.301589966,-0.46596321970873067,741,752.5737246151607,655.5159003944678,700.3764562426696,658.5265405663027
3079,RSN16550,25,16550, PLM,3.61,34.2449,-117.4464,12.48,112.62,465,33.354,-116.863,18.25,18.31,-0.000127251,-0.000314631,9.47e-05,3.95e-05,0.404443628,0.158844622,84.09526775,5.179664862,6.262058538,0.191986218,1202.302759,3.221544304,3.322397043,180.3454139,CI,PLM,-999.0,663,-0.354737585,-0.335573349,-0.242948756,-0.019164235,CI.PLM,663,-0.354737585,6.259709835,1675.150024,4.301589966,-0.3547375845985066,663,690.2357882455501,579.4272516985488,647.7742813433268,583.4843649749246
3079,RSN18125,25,18125, PLM,5.19,36.4034,-117.8499,9.418,350.12,465,33.354,-116.863,13.8,13.86,-5.63e-05,-0.000152753,5.83e-05,2.11e-05,0.368401928,0.161680632,88.61430508,5.179664862,6.183223963,0.174532925,1085.586115,2.668246445,2.620120069,162.8379173,CI,PLM,-999.0,629,-0.302093851,-0.335573349,-0.242948756,0.033479498,CI.PLM,629,-0.302093851,6.259709835,1675.150024,4.301589966,-0.30209385111308507,629,586.9290069236301,566.175616493587,628.436348267915,583.6542044641543
3079,RSN19389,25,19389, PLM,3.43,34.1381,-117.4717,5.767,103.66,465,33.354,-116.863,34.58,34.7,-0.000336064,-0.000876985,5.99e-05,4.02e-05,0.383203807,0.164897224,87.3242119,5.179664862,6.057771424,0.174532925,1101.9573,8.359800995,14.64081803,165.293595,CI,PLM,-999.0,633,-0.308433017,-0.335573349,-0.242948756,0.027140333,CI.PLM,633,-0.308433017,6.259709835,1675.150024,4.301589966,-0.3084330165568199,633,666.9326706562974,554.5702460914479,612.9750886670015,559.0806537909818
3082,RSN14517,27,14517, RXH,4.01,33.2617,-116.0659,5.761,42.2,309,33.183,-115.623,20.3,20.43,0.000677085,0.00305885,0.000302922,0.000242409,0.221352841,0.163927241,83.21230329,5.179664862,6.057510055,0.104719755,662.8442834,2.793151244,10.09781396,99.42664251,CI,RXH,4.186403333,437,-0.346591918,-0.407405332,-0.314780739,0.060813414,CI.RXH,437,-0.346591918,0.0,-70.9733963,0.0122753,-0.3465919181978441,437,411.5090711556648,484.0542529853032,365.5857712576355,435.12709842517074
3082,RSN9085,27,9085, RXH,5.2,33.5328,-116.5697,15.48,96.28,309,33.183,-115.623,12.58,12.78,-0.012905,-0.043378445,0.000213116,0.000286978,0.297497988,0.156081717,81.33361914,5.179664862,6.333749326,0.13962634,922.4833249,44.96860387,203.5438212,138.3724987,CI,RXH,4.186403333,559,-0.592808196,-0.407405332,-0.314780739,-0.185402864,CI.RXH,559,-0.592808196,0.0,-70.9733963,0.0122753,-0.5928081962573533,559,496.27216467224866,572.9947559795008,447.98296389694997,519.5449753587982
3082,RSN16777,27,16777, RXH,3.72,33.1099,-116.0467,7.494,40.35,309,33.183,-115.623,13.45,13.54,0.00218657,0.011382116,0.001006174,0.000662202,0.192105745,0.161352573,80.54625451,5.179664862,6.113435346,0.087266463,586.8559378,3.301968282,11.31227402,88.02839067,CI,RXH,4.186403333,410,-0.282815883,-0.407405332,-0.314780739,0.12458945,CI.RXH,410,-0.282815883,0.0,-70.9733963,0.0122753,-0.282815882800608,410,386.02027206483166,456.53338972070895,343.3810636679555,406.59958134445185
3084,RSN9972,28,9972, SBPX,4.59,34.9977,-119.1926,10.662,198.62,393,34.232,-117.235,5.9,6.03,0.000483913,0.001146323,0.000161787,7.63e-05,0.422143197,0.16055212,87.1921392,5.179664862,6.221029194,0.191986218,1234.110271,6.342241153,7.085383869,185.1165407,CI,SBPX,-999.0,675,-0.540903079,-0.515604608,-0.422980015,-0.025298471,CI.SBPX,675,-0.540903079,20.3302002,1777.27002,20.0333004,-0.540903079003269,675,747.8743086847076,701.2337282660852,615.8690977279432,629.2452886239995
3084,RSN15131,28,15131, SBPX,3.78,34.1353,-117.4476,5.857,22.34,393,34.232,-117.235,19.74,19.83,0.002506836,0.01058135,0.00027005,0.00018995,0.236910778,0.160729524,76.9772903,5.179664862,6.061617088,0.122173048,722.4943092,13.19734667,39.18292909,108.3741464,CI,SBPX,-999.0,465,-0.168227794,-0.515604608,-0.422980015,0.347376815,CI.SBPX,465,-0.168227794,20.3302002,1777.27002,20.0333004,-0.1682277937180947,465,425.77651114183135,440.70938758497863,485.5069794521522,471.67233787211825
3084,RSN10984,28,10984, SBPX,4.26,33.8776,-116.2019,10.062,103.17,393,34.232,-117.235,28.12,28.18,0.000632676,0.001397883,0.000257405,8.26e-05,0.452596052,0.160553063,84.92299298,5.179664862,6.204033973,0.20943951,1312.92247,7.659515738,5.430675395,196.9383705,CI,SBPX,-999.0,705,-0.584388191,-0.515604608,-0.422980015,-0.068783583,CI.SBPX,705,-0.584388191,20.3302002,1777.27002,20.0333004,-0.5843881909430078,705,714.1330908331097,680.045566145671,604.9986822047857,636.9021992548752
3084,RSN11748,28,11748, SBPX,4.5,34.3365,-116.8617,8.94,36.27,393,34.232,-117.235,14.1,14.24,0.029571091,0.049302182,0.005362034,0.001828394,0.599792739,0.158168528,77.21837769,5.179664862,6.165704274,0.261799388,1684.314181,16.1732597,9.194679109,252.6471272,CI,SBPX,-999.0,745,-0.639574607,-0.515604608,-0.422980015,-0.123969998,CI.SBPX,745,-0.639574607,20.3302002,1777.27002,20.0333004,-0.6395746065102985,745,764.560643681078,743.1673946899206,647.955120127389,688.8852572563907
3084,RSN13449,28,13449, SBPX,3.9,34.4032,-118.651,13.612,131.7,393,34.232,-117.235,17.85,17.94,-0.000392152,-0.000789693,0.000201702,5.34e-05,0.496588649,0.158445597,84.45876915,5.179664862,6.281821568,0.226892803,1440.678669,7.343670412,3.915147098,216.1018004,CI,SBPX,-999.0,749,-0.644929372,-0.515604608,-0.422980015,-0.129324763,CI.SBPX,749,-0.644929372,20.3302002,1777.27002,20.0333004,-0.644929371647958,749,779.070358233747,733.3202005299574,644.2512326931405,677.7523701618298
3088,RSN16968,30,16968, SLR,3.63,34.1242,-116.405,9.555,48.46,499,33.834,-116.797,13.85,13.9,0.001075287,0.003165633,5.62e-05,1.05e-05,0.33967532,0.158993285,79.68388983,5.179664862,6.187901101,0.157079633,1024.167659,102.4082857,56.32798932,153.6251489,CI,SLR,-999.0,610,-0.200852861,-0.371471551,-0.278846958,0.170618689,CI.SLR,610,-0.200852861,12.81680012,1560.819946,7.582159996,-0.20085286141583847,610,645.0280506524242,540.3422355437851,595.9658790645358,566.5704604767941
3088,RSN15306,30,15306, SLR,3.86,34.1976,-117.3882,14.177,67.89,499,33.834,-116.797,19.66,19.74,0.001727035,0.004431614,0.000134679,2.39e-05,0.389707943,0.155810868,78.70926757,5.179664862,6.293825021,0.191986218,1186.853439,72.26087866,32.90501117,178.0280159,CI,SLR,-999.0,657,-0.275077923,-0.371471551,-0.278846958,0.096393628,CI.SLR,657,-0.275077923,12.81680012,1560.819946,7.582159996,-0.2750779227330913,657,672.0202266581556,584.5876926101073,636.2878531208253,607.5710240041307
3088,RSN11462,30,11462, SLR,4.73,33.7328,-117.4921,10.018,65.35,499,33.834,-116.797,18.15,18.33,0.003220704,0.005755018,2.89e-05,4.37e-05,0.559633938,0.159643014,81.97946981,5.179664862,6.202702587,0.261799388,1582.860603,73.70032037,199.1355709,237.4290905,CI,SLR,-999.0,733,-0.384539606,-0.371471551,-0.278846958,-0.013068055,CI.SLR,733,-0.384539606,12.81680012,1560.819946,7.582159996,-0.3845396061351325,733,740.9890634334918,611.1020712031942,704.8009933996416,651.2438695832785
3088,RSN18341,30,18341, SLR,3.05,33.5043,-116.561,11.461,42.62,499,33.834,-116.797,14.37,14.43,-0.001275146,-0.002577898,0.000195539,7.67e-05,0.494645735,0.15526303,75.68657561,5.179664862,6.240750508,0.226892803,1465.538262,16.62511082,13.18354906,219.8307393,CI,SLR,-999.0,758,-0.41807729,-0.371471551,-0.278846958,-0.046605739,CI.SLR,758,-0.41807729,12.81680012,1560.819946,7.582159996,-0.4180772898908529,758,776.3789973482676,692.9974500165887,727.1942816463913,701.8660007106721
3088,RSN15918,30,15918, SLR,3.96,32.6554,-116.1347,12.336,144.55,499,33.834,-116.797,23.58,23.64,-0.000753375,-0.001043456,0.000403514,0.000347035,0.722000102,0.159263364,85.46748579,5.179664862,6.25927157,0.314159265,1932.026733,2.170890544,2.585922669,289.80401,CI,SLR,-999.0,828,-0.506407059,-0.371471551,-0.278846958,-0.134935508,CI.SLR,828,-0.506407059,12.81680012,1560.819946,7.582159996,-0.5064070586337408,828,816.0220570628903,694.6753742458443,768.9802582260626,713.690672156749
3088,RSN12641,30,12641, SLR,4.11,33.5089,-116.8485,12.274,36.37,499,33.834,-116.797,12.39,12.44,-0.006136538,-0.014203182,0.00071193,0.000475956,0.432053766,0.152098203,72.14550871,5.179664862,6.258050482,0.20943951,1332.716965,12.89307835,19.95025073,199.9075448,CI,SLR,-999.0,712,-0.355471816,-0.371471551,-0.278846958,0.015999735,CI.SLR,712,-0.355471816,12.81680012,1560.819946,7.582159996,-0.35547181566045705,712,723.120771829952,647.977897524636,681.1647486964373,662.3275292914318
3088,RSN14479,30,14479, SLR,4.05,32.7091,-116.0396,7.817,143.33,499,33.834,-116.797,36.85,36.91,-0.000146537,-0.000306751,7.5e-05,3.97e-05,0.477708615,0.163189631,87.25150926,5.179664862,6.120791156,0.226892803,1355.217979,3.691108312,4.090013333,203.2826969,CI,SLR,-999.0,720,-0.366645116,-0.371471551,-0.278846958,0.004826435,CI.SLR,720,-0.366645116,12.81680012,1560.819946,7.582159996,-0.3666451162585824,720,758.4982605519461,640.617590874979,712.9398268674931,663.1610697345051
3088,RSN18367,30,18367, SLR,3.34,33.5022,-116.5193,11.15,44.92,499,33.834,-116.797,15.55,15.61,-0.001485551,-0.002320246,0.00066218,0.000253651,0.640255561,0.156134561,76.7186394,5.179664862,6.233428753,0.27925268,1797.101595,5.856673145,3.503950587,269.5652393,CI,SLR,-999.0,783,-0.4505266,-0.371471551,-0.278846958,-0.079055049,CI.SLR,783,-0.4505266,12.81680012,1560.819946,7.582159996,-0.45052660023928404,783,740.5640917072138,702.3585907043542,726.2420791447214,698.6424987132435
3088,RSN13454,30,13454, SLR,3.9,34.4032,-118.651,13.612,182.33,499,33.834,-116.797,9.5,9.66,-0.00020475,-0.000432545,9.76e-06,9.95e-06,0.473360691,0.158804444,86.01409791,5.179664862,6.281821568,0.226892803,1382.200359,20.57788945,44.31813525,207.3300539,CI,SLR,-999.0,729,-0.379067636,-0.371471551,-0.278846958,-0.007596085,CI.SLR,729,-0.379067636,12.81680012,1560.819946,7.582159996,-0.37906763625713946,729,781.3615490767506,658.4947684711701,740.117882203955,682.1902346808145
3088,RSN17852,30,17852, SLR,3.14,33.0622,-115.8937,7.729,119.92,499,33.834,-116.797,33.08,33.17,-0.000270799,-0.000355893,7.88e-05,6.82e-05,0.760901477,0.163164178,86.73621866,5.179664862,6.11885537,0.331612558,1961.079955,3.970659824,4.516408629,294.1619933,CI,SLR,-999.0,837,-0.517217975,-0.371471551,-0.278846958,-0.145746424,CI.SLR,837,-0.517217975,12.81680012,1560.819946,7.582159996,-0.5172179747379566,837,753.5905653266218,687.4122259127096,751.7913509557985,704.8701151508285
3088,RSN16736,30,16736, SLR,3.73,33.5058,-116.7636,16.276,36.53,499,33.834,-116.797,20.67,20.73,-0.004823463,-0.013368432,0.000148734,4.08e-05,0.360809971,0.144218582,66.42079339,5.179664862,6.3549922,0.174532925,1194.783927,118.2221324,89.88147969,179.2175891,CI,SLR,-999.0,660,-0.279633739,-0.371471551,-0.278846958,0.091837812,CI.SLR,660,-0.279633739,12.81680012,1560.819946,7.582159996,-0.2796337392689523,660,669.6238395274252,597.9096002460091,635.1665795844962,615.5584143735576
3088,RSN17354,30,17354, SLR,3.56,33.4509,-116.5827,10.563,46.91,499,33.834,-116.797,22.35,22.38,-0.002526741,-0.004745618,9.67e-05,0.000251218,0.532436589,0.15730124,78.00249158,5.179664862,6.218365755,0.244346095,1539.614711,10.05796161,49.07567735,230.9422067,CI,SLR,-999.0,774,-0.438965778,-0.371471551,-0.278846958,-0.067494227,CI.SLR,774,-0.438965778,12.81680012,1560.819946,7.582159996,-0.43896577783820856,774,769.8523634981785,678.7334646274809,759.1600539239115,706.3140539764267
3088,RSN15194,30,15194, SLR,3.9,33.867,-117.1038,11.856,28.63,499,33.834,-116.797,19.14,19.22,0.015963749,0.029929098,0.000635806,0.00015861,0.53338558,0.148462513,68.09621928,5.179664862,6.24946745,0.244346095,1633.571586,100.6478091,47.07268884,245.0357379,CI,SLR,-999.0,728,-0.377694952,-0.371471551,-0.278846958,-0.006223402,CI.SLR,728,-0.377694952,12.81680012,1560.819946,7.582159996,-0.37769495244516715,728,711.2455663669057,650.0710320219822,693.0200347324211,670.2457184742817
3088,RSN13895,30,13895, SLR,4.17,34.3277,-116.829,4.957,54.84,499,33.834,-116.797,17.65,17.72,-0.008560207,-0.021616927,0.001247383,0.00031429,0.395995569,0.165772778,85.73019726,5.179664862,6.015610792,0.191986218,1131.178208,27.23665086,17.32982332,169.6767312,CI,SLR,-999.0,641,-0.250423361,-0.371471551,-0.278846958,0.12104819,CI.SLR,641,-0.250423361,12.81680012,1560.819946,7.582159996,-0.2504233611691511,641,656.0041736638356,572.2608608619861,619.614793979527,595.666110054397
3089,RSN11229,31,11229, SNO,4.42,34.0665,-118.8938,12.827,192.62,503,34.035,-116.808,23.3,23.54,0.000268571,0.000508684,3.69e-05,3.82e-05,0.527972087,0.15922271,86.45668539,5.179664862,6.268505043,0.244346095,1510.934279,7.03065445,13.78547425,226.6401419,CI,SNO,-999.0,773,-0.429688878,-0.275087077,-0.182462483,-0.154601802,CI.SNO,773,-0.429688878,32.69390106,2231.169922,21.4654007,-0.4296888784876831,773,833.0612622781292,676.727091843747,681.6899048797334,632.6925988656685
3089,RSN18231,31,18231, SNO,4.36,36.3932,-117.8644,8.798,278.75,503,34.035,-116.808,11.0,11.2,-5.71e-05,-0.000151359,1.98e-05,7.97e-06,0.377442226,0.162270558,88.38745662,5.179664862,6.160106881,0.174532925,1105.004631,7.164366374,7.644393939,165.7506947,CI,SNO,-999.0,634,-0.231458784,-0.275087077,-0.182462483,0.043628292,CI.SNO,634,-0.231458784,32.69390106,2231.169922,21.4654007,-0.23145878433748646,634,746.9097989631697,583.7183099110566,645.9532532452412,553.2630527327061
3089,RSN10534,31,10534, SNO,4.45,34.1081,-117.3062,14.795,46.7,503,34.035,-116.808,15.1,15.33,0.010901374,0.027917331,0.00010209,0.000103484,0.390487694,0.151431552,72.95678817,5.179664862,6.313637877,0.191986218,1223.306367,105.34357,273.458037,183.4959551,CI,SNO,-999.0,671,-0.288178967,-0.275087077,-0.182462483,-0.01309189,CI.SNO,671,-0.288178967,32.69390106,2231.169922,21.4654007,-0.2881789668719428,671,686.5758959568675,560.4395059459298,584.7709897495179,550.6699016239083
3089,RSN18144,31,18144, SNO,5.19,36.4034,-117.8499,9.418,279.36,503,34.035,-116.808,14.22,14.56,-0.000181704,-0.000558646,4.68e-05,2.86e-05,0.32525841,0.161653834,88.26558079,5.179664862,6.183223963,0.157079633,968.6272083,6.353286713,11.93688034,145.2940812,CI,SNO,-999.0,585,-0.151021677,-0.275087077,-0.182462483,0.1240654,CI.SNO,585,-0.151021677,32.69390106,2231.169922,21.4654007,-0.15102167713211756,585,593.9503420822444,520.621304843769,573.438764205916,506.72151447836904
100058,RSN16061,39,16061, JBMB,3.71,37.7173,-121.8076,16.702,53.77,584,37.3186,-122.1531,33.13,33.22,-0.00030377,-0.002151997,0.000265024,0.000123773,0.141157424,0.150389379,73.19770337,5.179664862,6.365528716,0.06981317,465.8346009,2.454250927,8.120007999,69.87519014,NC,JBMB,-999.0,359,0.486578594,0.357566142,0.450190736,0.129012452,NC.JBMB,359,0.486578594,7.979599953,783.901001,7.634349823,0.48657859433994854,359,364.8082576826649,357.84666371894133,390.82627766492516,372.1636878026127
100058,RSN8689,39,8689, JBMB,5.45,37.4317,-121.7767,7.486,35.62,584,37.3186,-122.1531,15.03,15.17,0.017050601,0.062126057,0.010275147,0.002590543,0.274451678,0.160681697,79.19975102,5.179664862,6.113244097,0.13962634,831.6175075,6.581863725,6.04624508,124.7426261,NC,JBMB,-999.0,511,0.133531393,0.357566142,0.450190736,-0.22403475,NC.JBMB,511,0.133531393,7.979599953,783.901001,7.634349823,0.13353139262452274,511,456.6527150532898,419.8192420785601,453.2241116717385,425.9572159415284
100058,RSN18851,39,18851, JBMB,4.05,37.4812,-121.7987,11.01,36.2,584,37.3186,-122.1531,40.6,40.66,-0.004816486,-0.021192898,0.001039499,0.000354639,0.227268883,0.154326302,74.03947051,5.179664862,6.229990225,0.104719755,721.9978258,13.58137712,20.38760788,108.2996739,NC,JBMB,-999.0,465,0.227863577,0.357566142,0.450190736,-0.129702565,NC.JBMB,465,0.227863577,7.979599953,783.901001,7.634349823,0.22786357724087125,465,429.1690177089608,381.5577825850612,423.63418348796984,393.60270297230517
100058,RSN12293,39,12293, JBMB,4.23,37.901,-122.1038,14.378,64.79,584,37.3186,-122.1531,15.49,15.59,-0.001580634,-0.008088683,0.000563441,0.000333952,0.195412967,0.155256831,78.0113675,5.179664862,6.300455998,0.104719755,621.0227715,4.733117334,14.35586512,93.15341573,NC,JBMB,-999.0,423,0.322528804,0.357566142,0.450190736,-0.035037339,NC.JBMB,423,0.322528804,7.979599953,783.901001,7.634349823,0.3225288037819496,423,385.19054883398786,336.88890488531695,390.7595465424552,360.0902415001906
100058,RSN12527,39,12527, JBMB,4.1,37.862,-121.9995,13.322,61.82,584,37.3186,-122.1531,19.8,19.9,-0.002173951,-0.018241601,0.00049012,0.000365179,0.119175431,0.156052596,78.39471405,5.179664862,6.277093244,0.052359878,379.6831167,5.953110666,37.21864237,56.95246751,NC,JBMB,-999.0,315,0.617328344,0.357566142,0.450190736,0.259762202,NC.JBMB,315,0.617328344,7.979599953,783.901001,7.634349823,0.6173283440025941,315,322.6178070462648,330.31065916232933,348.9977271271021,337.7204609478266
100061,RSN14064,41,14064, JFP,3.7,37.8077,-122.0707,11.554,50.74,437,37.3605,-122.1899,35.82,35.98,-0.001276256,-0.005401324,0.000247597,0.000127405,0.236285826,0.156591891,77.84488639,5.179664862,6.242859346,0.122173048,739.7309305,10.01731486,21.8149816,110.9596396,NC,JFP,4.586666667,473,-0.079162193,-0.147989208,-0.055364615,0.068827015,NC.JFP,473,-0.079162193,12.65410042,276.7990112,16.2343998,-0.07916219339634267,473,427.215135256948,374.92619763401467,466.030306233568,435.76966699793786
100061,RSN11109,41,11109, JFP,4.5,38.3669,-122.5881,6.985,117.07,437,37.3605,-122.1899,20.1,20.23,0.000597232,0.002358286,0.001033856,0.000138202,0.253248111,0.163705445,87.02081613,5.179664862,6.100276528,0.122173048,755.457406,4.321442526,2.281058484,113.3186109,NC,JFP,4.586666667,480,-0.093852909,-0.147989208,-0.055364615,0.054136299,NC.JFP,480,-0.093852909,12.65410042,276.7990112,16.2343998,-0.09385290880634667,480,432.55723950991603,378.7238277114327,479.9444858138483,443.18885800809585
100061,RSN17725,41,17725, JFP,3.41,37.8651,-122.2381,9.076,56.17,437,37.3605,-122.1899,20.61,20.67,-0.000305946,-0.00097177,0.000104935,9.1e-05,0.314834012,0.160331953,81.64659047,5.179664862,6.170889681,0.157079633,948.1163157,3.362043956,9.260685186,142.2174474,NC,JFP,4.586666667,573,-0.270952522,-0.147989208,-0.055364615,-0.122963314,NC.JFP,573,-0.270952522,12.65410042,276.7990112,16.2343998,-0.27095252161914996,573,468.41379593657746,452.5930236516039,533.5618239220045,508.4646159730143
100070,RSN10276,43,10276, SBI,4.34,35.0174,-119.1492,9.557,170.83,854,33.4805,-119.0299,6.93,7.0,-0.000135845,-0.00024051,0.000111705,5.46e-05,0.564818698,0.161397174,87.10141036,5.179664862,6.187968323,0.261799388,1576.844379,2.488003663,2.153081778,236.5266569,CI,SBI,-999.0,738,0.145987369,0.157690748,0.250315341,-0.011703378,CI.SBI,738,0.145987369,22.78569984,50.11539841,14.87709999,0.14598736918809774,738,828.6226700785517,678.5681055453421,628.9004667200222,625.4082962834522
100070,RSN9268,43,9268, SBI,5.03,35.3852,-118.6292,7.3,214.47,854,33.4805,-119.0299,24.3,24.7,0.003978902,0.00595647,0.00131234,0.001195113,0.667996658,0.163630352,88.30583002,5.179664862,6.108664217,0.296705973,1774.521955,3.329310283,4.53881616,266.1782933,CI,SBI,-999.0,775,0.097068164,0.157690748,0.250315341,-0.060622583,CI.SBI,775,0.097068164,22.78569984,50.11539841,14.87709999,0.09706816443522293,775,787.859202085658,672.337699261283,617.7509724066442,614.1009911504387
100070,RSN11450,43,11450, SBI,4.73,33.7328,-117.4921,10.018,145.44,854,33.4805,-119.0299,17.4,17.56,0.000860096,0.002236932,0.00055523,0.000149929,0.384498069,0.16090483,86.41653158,5.179664862,6.202702587,0.191986218,1135.849655,5.736688699,4.028838499,170.3774483,CI,SBI,-999.0,642,0.28534289,0.157690748,0.250315341,0.127652143,CI.SBI,642,0.28534289,22.78569984,50.11539841,14.87709999,0.285342890098609,642,679.2570010880509,558.1827649334314,554.6515925628984,533.2915316558824
100070,RSN10795,43,10795, SBI,4.66,34.2983,-118.6255,8.038,98.12,854,33.4805,-119.0299,12.88,12.94,0.001686696,0.002986638,0.000858089,0.000620034,0.564747414,0.162787801,85.80700449,5.179664862,6.126524324,0.261799388,1563.222011,2.72032824,3.480569032,234.4833017,CI,SBI,-999.0,752,0.12719487,0.157690748,0.250315341,-0.030495878,CI.SBI,752,0.12719487,22.78569984,50.11539841,14.87709999,0.12719486983873018,752,785.6038227825268,641.00824102873,623.1615985664519,612.4053453291257
100070,RSN11968,43,11968, SBI,4.27,34.3874,-119.4398,6.219,107.5,854,33.4805,-119.0299,16.56,16.81,-0.001377506,-0.002506384,8.52e-05,0.000131,0.549598844,0.164388584,87.18126987,5.179664862,6.075787581,0.244346095,1510.399704,10.51531298,29.41765258,226.5599556,CI,SBI,-999.0,773,0.099652145,0.157690748,0.250315341,-0.058038602,CI.SBI,773,0.099652145,22.78569984,50.11539841,14.87709999,0.09965214520114785,773,802.9055925947316,690.7731704457931,649.7279365108119,647.5741081089476
100070,RSN9971,43,9971, SBI,4.59,34.9977,-119.1926,10.662,168.96,854,33.4805,-119.0299,7.5,7.66,0.001394023,0.002897292,0.001093998,0.000439605,0.481146791,0.160476745,86.68877024,5.179664862,6.221029194,0.226892803,1386.264505,3.171080857,2.648352191,207.9396758,CI,SBI,-999.0,730,0.15688666,0.157690748,0.250315341,-0.000804088,CI.SBI,730,0.15688666,22.78569984,50.11539841,14.87709999,0.15688665964613335,730,782.2702621661837,649.5233449723253,614.5304411955138,612.1428191489406
100070,RSN8847,43,8847, SBI,5.39,33.9465,-117.7667,14.89,127.99,854,33.4805,-119.0299,27.06,27.56,0.031140635,0.063656462,0.000797034,0.000223158,0.489198337,0.157361305,83.7092231,5.179664862,6.31653763,0.226892803,1433.023155,139.5452325,79.86668323,214.9534733,CI,SBI,-999.0,747,0.133866009,0.157690748,0.250315341,-0.023824739,CI.SBI,747,0.133866009,22.78569984,50.11539841,14.87709999,0.13386600865575282,747,763.6640287517515,631.293193093551,613.6801829933564,600.0362745999238
100070,RSN16183,43,16183, SBI,3.64,33.8455,-118.7007,12.777,50.71,854,33.4805,-119.0299,18.8,18.95,-0.00161057,-0.002752061,0.000168524,8.65e-05,0.585223179,0.155132888,76.48547269,5.179664862,6.267598776,0.261799388,1685.667345,18.61930636,16.33038024,252.8501018,CI,SBI,-999.0,745,0.136546975,0.157690748,0.250315341,-0.021143772,CI.SBI,745,0.136546975,22.78569984,50.11539841,14.87709999,0.1365469754090105,745,767.3342587576674,664.3211334003089,613.178648500426,617.7629262330701
100070,RSN13448,43,13448, SBI,3.9,34.4032,-118.651,13.612,108.17,854,33.4805,-119.0299,15.79,15.98,-0.000288735,-0.000599261,1.79e-05,1.44e-05,0.481818676,0.158095064,83.27761185,5.179664862,6.281821568,0.226892803,1408.758843,20.05104167,33.47826816,211.3138265,CI,SBI,-999.0,738,0.145987369,0.157690748,0.250315341,-0.011703378,CI.SBI,738,0.145987369,22.78569984,50.11539841,14.87709999,0.14598736918809774,738,747.9006059706044,659.0956690770485,601.2542698099635,612.2566791586476
100070,RSN10519,43,10519, SBI,4.45,34.1081,-117.3062,14.795,174.15,854,33.4805,-119.0299,14.33,14.45,0.000137639,0.000420358,0.000175207,5.77e-05,0.327433827,0.157886131,85.4408878,5.179664862,6.313637877,0.157079633,997.7494282,2.38542461,2.399207794,149.6624142,CI,SBI,-999.0,601,0.351336259,0.157690748,0.250315341,0.193645512,CI.SBI,601,0.351336259,22.78569984,50.11539841,14.87709999,0.35133625925336265,601,565.6925970034225,514.449021651785,516.057158650975,519.6927564027677
100070,RSN11220,43,11220, SBI,4.42,34.0665,-118.8938,12.827,66.21,854,33.4805,-119.0299,22.24,22.38,-0.00419703,-0.006873548,0.000163956,0.000114048,0.610606043,0.156950725,79.68762945,5.179664862,6.268505043,0.27925268,1726.447424,36.80055766,41.92312572,258.9671136,CI,SBI,-999.0,759,0.117929416,0.157690748,0.250315341,-0.039761331,CI.SBI,759,0.117929416,22.78569984,50.11539841,14.87709999,0.11792941639293986,759,774.7042669044912,644.2684764814393,623.9624275674244,613.462833869278
100070,RSN9089,43,9089, SBI,5.2,33.5328,-116.5697,15.48,228.66,854,33.4805,-119.0299,16.35,17.07,0.001162574,0.001818397,0.000153043,5.52e-05,0.639339983,0.157564129,86.35013057,5.179664862,6.333749326,0.27925268,1778.941929,21.06112319,11.88160844,266.8412894,CI,SBI,-999.0,777,0.094490843,0.157690748,0.250315341,-0.063199904,CI.SBI,777,0.094490843,22.78569984,50.11539841,14.87709999,0.09449084342092284,777,919.482512446809,687.7458440851451,644.1826556068211,630.849544410854
100094,RSN17557,51,17557, BTP,3.4,34.0733,-118.867,10.648,72.72,461,34.6822,-118.574,19.32,19.45,-0.000464706,-0.00217863,1.71e-05,7.92e-05,0.213301986,0.159290803,82.26162817,5.179664862,6.220655727,0.104719755,658.4139238,5.8675,127.4052632,98.76208857,CI,BTP,3.03883,436,0.0557558,-0.042736162,0.049888431,0.098491962,CI.BTP,436,0.0557558,33.28779984,1630.880005,24.01939964,0.055755799647614346,436,359.23758270451935,381.9937689655967,418.2014258404466,426.8374530880878
100094,RSN14703,51,14703, BTP,3.84,34.2268,-117.4407,8.593,115.74,461,34.6822,-118.574,23.97,24.16,0.000198047,0.000535918,1.33e-05,1.2e-05,0.369546224,0.162197946,86.18942777,5.179664862,6.151676073,0.174532925,1085.093247,16.50391667,40.29458647,162.7639871,CI,BTP,3.03883,629,-0.310733214,-0.042736162,0.049888431,-0.267997052,CI.BTP,361,0.244520085,33.28779984,1630.880005,24.01939964,0.24452008466376807,361,373.71237955155533,331.9076791058384,352.14212515690144,332.558086810095
100094,RSN17800,51,17800, BTP,3.28,35.1325,-118.9412,4.611,60.18,461,34.6822,-118.574,15.85,15.93,6.61e-05,0.000800224,1.39e-05,8.02e-06,0.082562811,0.166564073,86.43744203,5.179664862,5.99209381,0.034906585,247.1515278,8.241895262,57.57007194,37.07272917,CI,BTP,3.03883,236,0.669566238,-0.042736162,0.049888431,0.7123024,CI.BTP,236,0.669566238,33.28779984,1630.880005,24.01939964,0.6695662379710381,236,329.7590797896988,348.3629837959036,383.488121535681,366.5947166440639
100094,RSN9673,51,9673, BTP,4.69,35.0172,-119.0247,9.251,55.5,461,34.6822,-118.574,6.5,6.73,-0.006788334,-0.013387381,0.000254671,0.000202608,0.50706963,0.160025176,81.31260859,5.179664862,6.177322679,0.226892803,1450.745311,33.50476783,52.56735553,217.6117967,CI,BTP,3.03883,753,-0.490667185,-0.042736162,0.049888431,-0.447931023,CI.BTP,432,0.064972455,33.28779984,1630.880005,24.01939964,0.06497245475253788,432,433.023412632648,391.4209155177307,374.94774581194275,386.2198369278158
100094,RSN16317,51,16317, BTP,3.74,34.8456,-119.2446,12.927,64.01,461,34.6822,-118.574,16.53,16.6,0.001653506,0.009127857,0.000726864,6.75e-05,0.181149405,0.156610628,79.11097687,5.179664862,6.270295551,0.087266463,571.2589338,24.49638519,12.55786089,85.68884007,CI,BTP,3.03883,404,0.131983165,-0.042736162,0.049888431,0.174719327,CI.BTP,404,0.131983165,33.28779984,1630.880005,24.01939964,0.13198316503549812,404,366.5583080698776,355.2965802295991,405.6443458117232,401.56872133604116
100094,RSN12071,51,12071, BTP,4.42,34.8927,-119.0292,16.97,47.76,461,34.6822,-118.574,29.47,29.57,-0.007052385,-0.020915266,0.000443628,3.21e-05,0.337188407,0.14825874,70.85433269,5.179664862,6.371886121,0.157079633,1091.082535,219.7004673,47.14595562,163.6623803,CI,BTP,3.03883,630,-0.312321776,-0.042736162,0.049888431,-0.269585614,CI.BTP,361,0.244520085,33.28779984,1630.880005,24.01939964,0.24452008466376807,361,320.04512166797343,315.99606615439706,329.5559980938669,329.3748257807492
100096,RSN16517,53,16517, CHF,3.61,34.2449,-117.4464,12.48,54.25,927,34.3334,-118.0259,15.02,15.09,0.000220839,0.000426648,1.77e-05,3.11e-06,0.517613091,0.156072616,77.7783193,5.179664862,6.262058538,0.244346095,1517.325521,71.00932476,24.10440678,227.5988282,CI,CHF,-999.0,775,0.179090536,0.091862442,0.184487035,0.087228095,CI.CHF,775,0.179090536,4.674680233,1616.569946,7.933330059,0.1790905362125077,775,780.2027037228654,764.438004224722,984.5101472150544,787.5147769747367
100096,RSN16868,53,16868, CHF,3.6,34.2088,-117.5824,7.536,43.12,927,34.3334,-118.0259,12.62,12.7,0.000771342,0.001151373,5.32e-05,1.08e-05,0.669932619,0.161508161,80.94242789,5.179664862,6.114431914,0.296705973,1801.54145,71.42055556,21.64234962,270.2312175,CI,CHF,-999.0,784,0.167544545,0.091862442,0.184487035,0.075682104,CI.CHF,784,0.167544545,4.674680233,1616.569946,7.933330059,0.16754454521544737,784,728.5347310821534,797.2662092619527,939.4557387527182,783.598425354517
100096,RSN17213,53,17213, CHF,3.55,34.4143,-118.665,11.644,59.46,927,34.3334,-118.0259,23.44,23.56,0.000429054,0.000557419,4.5e-05,4.33e-05,0.769715543,0.157501281,79.60094801,5.179664862,6.244866393,0.331612558,2047.042312,9.90886836,12.38708889,307.0563468,CI,CHF,-999.0,866,0.068068657,0.091862442,0.184487035,-0.023793785,CI.CHF,866,0.068068657,4.674680233,1616.569946,7.933330059,0.06806865700341991,866,798.7616169320216,847.1001974177128,1005.7336670043219,845.6026637616117
100096,RSN9168,53,9168, CHF,5.03,35.3852,-118.6292,7.3,129.07,927,34.3334,-118.0259,10.55,10.8,-0.002919022,-0.003457998,0.000149085,8.97e-05,0.844136271,0.163500863,87.16009636,5.179664862,6.108664217,0.34906585,2099.627029,32.54205128,23.19480833,314.9440544,CI,CHF,-999.0,883,0.048628365,0.091862442,0.184487035,-0.043234077,CI.CHF,883,0.048628365,4.674680233,1616.569946,7.933330059,0.048628364961895265,883,788.9466823652517,872.2904516202365,993.0342365619698,855.0476283150248
100096,RSN17858,53,17858, CHF,3.14,33.909,-118.1836,6.769,49.27,927,34.3334,-118.0259,15.14,15.2,-7.08e-05,-0.000106677,2.68e-06,3.25e-06,0.663742726,0.16292305,83.14663637,5.179664862,6.094010642,0.296705973,1774.131351,21.78461538,39.80485075,266.1197027,CI,CHF,-999.0,775,0.179090536,0.091862442,0.184487035,0.087228095,CI.CHF,775,0.179090536,4.674680233,1616.569946,7.933330059,0.1790905362125077,775,667.9760670453284,763.9715662089393,900.7646871319778,766.6829121379898
100096,RSN11177,53,11177, CHF,4.42,34.0665,-118.8938,12.827,85.3,927,34.3334,-118.0259,21.19,21.35,-0.001695674,-0.001849217,9.07e-06,9.17e-06,0.916968535,0.157969562,81.98557282,5.179664862,6.268505043,0.366519143,2293.026635,184.9153762,203.8828004,343.9539953,CI,CHF,-999.0,944,-0.018172601,0.091862442,0.184487035,-0.110035042,CI.CHF,944,-0.018172601,4.674680233,1616.569946,7.933330059,-0.018172600579645426,944,802.0706117816054,915.3833646934856,1019.7885714852553,913.6393218589018
100096,RSN12004,53,12004, CHF,4.37,34.0559,-117.2442,15.833,78.35,927,34.3334,-118.0259,38.25,38.31,0.000584919,0.001300198,0.000194569,0.000146598,0.449868766,0.154797325,79.09631417,5.179664862,6.343433553,0.20943951,1354.864256,3.989952114,6.682451984,203.2296384,CI,CHF,-999.0,719,0.254092208,0.091862442,0.184487035,0.162229766,CI.CHF,719,0.254092208,4.674680233,1616.569946,7.933330059,0.254092207844808,719,728.7715082349056,711.0251055337394,883.1300253312135,732.3454900824381
100096,RSN10410,53,10410, CHF,4.45,34.1081,-117.3062,14.795,70.87,927,34.3334,-118.0259,13.64,13.85,0.004394899,0.005013381,3.31e-05,1.72e-05,0.876633802,0.155313681,78.69405976,5.179664862,6.313637877,0.366519143,2270.855871,255.5173837,151.4616616,340.6283807,CI,CHF,-999.0,937,-0.010729717,0.091862442,0.184487035,-0.102592158,CI.CHF,937,-0.010729717,4.674680233,1616.569946,7.933330059,-0.010729716672567058,937,779.4635036656562,910.5621827578925,1008.9714878125418,909.029266859602
100096,RSN19363,53,19363, CHF,3.43,34.1381,-117.4717,5.767,55.46,927,34.3334,-118.0259,27.21,27.35,0.000739866,0.000955209,3.25e-05,1.28e-05,0.7745591,0.164437724,84.95513361,5.179664862,6.057771424,0.331612558,1968.759967,57.80203125,29.39104615,295.3139951,CI,CHF,-999.0,840,0.098551674,0.091862442,0.184487035,0.006689232,CI.CHF,840,0.098551674,4.674680233,1616.569946,7.933330059,0.09855167372849571,840,756.9882898461692,823.7182367457541,974.2528227642904,822.9545339904047
100096,RSN17652,53,17652, CHF,3.47,33.8029,-116.1786,7.366,180.4,927,34.3334,-118.0259,25.72,25.87,8.91e-05,9.52e-05,1.41e-05,6.71e-06,0.935743392,0.163554172,87.96317726,5.179664862,6.110319177,0.383972435,2249.814424,13.27868852,6.75177305,337.4721636,CI,CHF,-999.0,931,-0.004305712,0.091862442,0.184487035,-0.096168153,CI.CHF,931,-0.004305712,4.674680233,1616.569946,7.933330059,-0.00430571171121219,931,798.1505258476137,974.384234036332,1126.823740642949,962.9290143732145
100096,RSN15321,53,15321, CHF,3.74,34.8437,-119.6912,11.07,162.93,927,34.3334,-118.0259,21.25,21.35,5.55e-05,6.79e-05,3.02e-05,1.96e-05,0.816954355,0.160162668,86.42100696,5.179664862,6.231475121,0.34906585,2100.003951,2.831632653,2.248344371,315.0005927,CI,CHF,-999.0,883,0.048628365,0.091862442,0.184487035,-0.043234077,CI.CHF,883,0.048628365,4.674680233,1616.569946,7.933330059,0.048628364961895265,883,797.209633683244,893.6480859243852,1042.7605297286457,870.0120009184665
100097,RSN17778,54,17778, CIA,3.08,33.974,-118.4283,11.329,63.47,505,33.4019,-118.415,19.58,19.63,-0.000111991,-0.000243718,2.48e-05,2.87e-05,0.459512586,0.158136164,80.54157415,5.179664862,6.237694647,0.20943951,1349.973951,3.902125436,9.82733871,202.4960927,CI,CIA,-999.0,718,-0.35191114,-0.322735427,-0.230110834,-0.029175712,CI.CIA,718,-0.35191114,5.790719986,455.6470032,8.358940125,-0.3519111397728638,718,711.961123853907,633.3028482523783,892.4984744496762,650.7880444678206
100097,RSN9170,54,9170, CIA,5.03,35.3852,-118.6292,7.3,220.88,505,33.4019,-118.415,6.3,6.55,-0.000394075,-0.000666098,6.74e-05,3.99e-05,0.591616776,0.163634216,88.35221969,5.179664862,6.108664217,0.261799388,1611.301568,9.876566416,9.882759644,241.6952352,CI,CIA,-999.0,720,-0.354692783,-0.322735427,-0.230110834,-0.031957355,CI.CIA,720,-0.354692783,5.790719986,455.6470032,8.358940125,-0.35469278273474103,720,884.1594882997638,617.911984085338,1000.2657189859814,668.742044740646
100097,RSN10692,54,10692, CIA,4.66,34.2983,-118.6255,8.038,101.32,505,33.4019,-118.415,22.15,22.2,-0.000376887,-0.000921577,0.00015689,6.6e-05,0.408959207,0.162821926,85.9741614,5.179664862,6.126524324,0.191986218,1184.224145,5.710409091,5.874032762,177.6336218,CI,CIA,-999.0,656,-0.26160236,-0.322735427,-0.230110834,0.061133068,CI.CIA,656,-0.26160236,5.790719986,455.6470032,8.358940125,-0.26160235966872847,656,674.0987408366601,550.4445849992676,819.6681338997171,585.7187125034388
100133,RSN17595,66,17595, TEH,3.4,34.0733,-118.867,10.648,141.17,895,35.2913,-118.4208,19.34,19.49,-5.65e-05,-8.29e-05,4.02e-06,4.63e-06,0.681517165,0.160374385,86.05773524,5.179664862,6.220655727,0.296705973,1836.413945,12.20302376,20.62189055,275.4620918,CI,TEH,-999.0,796,0.117224532,0.128041945,0.220666538,-0.010817413,CI.TEH,796,0.117224532,14.38210011,873.9069824,3.575030088,0.11722453243047237,796,691.2053301424639,723.8602167168463,868.9454755448571,761.002343958249
100133,RSN14610,66,14610, TEH,4.11,35.6211,-117.5805,9.045,84.6,895,35.2913,-118.4208,20.91,20.99,-0.001069154,-0.00191922,0.000123779,3.83e-05,0.557077597,0.161325792,84.46374569,5.179664862,6.169722379,0.261799388,1560.80756,27.91524804,15.50521494,234.121134,CI,TEH,-999.0,754,0.17143135,0.128041945,0.220666538,0.043389405,CI.TEH,754,0.17143135,14.38210011,873.9069824,3.575030088,0.17143135026689915,754,787.9332795548158,676.2124223935803,820.5800474842266,701.113407238346
100133,RSN15341,66,15341, TEH,3.74,34.8437,-119.6912,11.07,126.07,895,35.2913,-118.4208,22.08,22.26,-0.000134037,-0.000171784,4.35e-06,6.84e-06,0.780264264,0.15994908,85.35721674,5.179664862,6.231475121,0.331612558,2033.717623,19.59605263,39.49057471,305.0576435,CI,TEH,-999.0,861,0.038729214,0.128041945,0.220666538,-0.089312731,CI.TEH,861,0.038729214,14.38210011,873.9069824,3.575030088,0.03872921384712491,861,819.6566361290452,778.3942108841396,944.448815189078,817.7616722236028
100133,RSN13349,66,13349, TEH,4.2,34.3768,-117.6461,8.934,123.75,895,35.2913,-118.4208,15.7,15.79,-0.000234742,-0.000382457,2.97e-05,1.17e-05,0.613772731,0.161851698,86.27913538,5.179664862,6.165471616,0.27925268,1680.616732,20.0634188,12.87734007,252.0925098,CI,TEH,-999.0,744,0.184782683,0.128041945,0.220666538,0.056740738,CI.TEH,744,0.184782683,14.38210011,873.9069824,3.575030088,0.18478268344176385,744,809.9440957754673,672.9092610713333,828.8405571053086,695.1141662614018
100166,RSN14388,72,14388, DAN,4.14,34.8632,-116.3444,6.474,91.68,477,34.6375,-115.3812,22.67,22.83,0.002522245,0.013427693,6.05e-05,5.04e-05,0.18783904,0.164044083,86.51943108,5.179664862,6.084678138,0.087266463,564.844366,50.04454365,221.9453388,84.7266549,CI,DAN,2.67374,402,0.171064402,0.086409594,0.179034187,0.084654808,CI.DAN,402,0.171064402,0.61381501,427.5369873,2.447570086,0.1710644022693204,402,366.97077952551075,534.8898731498226,374.03819917322636,459.8103998673853
100166,RSN12810,72,12810, DAN,3.81,34.1053,-117.0048,2.878,160.58,477,34.6375,-115.3812,19.65,19.72,5.84e-05,0.000588939,8.98e-05,2e-05,0.099189412,0.168394441,89.32329264,5.179664862,5.93802414,0.052359878,293.4786848,2.92,6.558340757,44.02180272,CI,DAN,2.67374,266,0.584020182,0.086409594,0.179034187,0.497610588,CI.DAN,266,0.584020182,0.61381501,427.5369873,2.447570086,0.5840201821066424,266,282.77704508752305,343.27205266863325,296.5786003313227,312.74480248236773
100166,RSN13832,72,13832, DAN,4.17,34.3277,-116.829,4.957,137.36,477,34.6375,-115.3812,18.43,18.53,0.00015843,0.00057396,0.00020196,4.48e-05,0.276029024,0.16616384,88.33341577,5.179664862,6.015610792,0.13962634,808.4810626,3.536383929,2.841948901,121.2721594,CI,DAN,2.67374,502,-0.051083629,0.086409594,0.179034187,-0.137493223,CI.DAN,502,-0.051083629,0.61381501,427.5369873,2.447570086,-0.05108362880338735,502,478.906960753858,673.6298964043268,482.137562857031,570.0690805348568
100166,RSN9176,72,9176, DAN,5.03,35.3852,-118.6292,7.3,307.86,477,34.6375,-115.3812,7.75,7.88,8.46e-05,0.000451803,0.000133934,1.37e-05,0.187287408,0.163667226,88.82054764,5.179664862,6.108664217,0.087266463,564.5382497,6.175182482,3.373325668,84.68073746,CI,DAN,2.67374,401,0.173555064,0.086409594,0.179034187,0.08714547,CI.DAN,401,0.173555064,0.61381501,427.5369873,2.447570086,0.1735550635817722,401,397.9568508622113,557.0408525609192,393.08204396239057,459.6537014012718
100166,RSN12679,72,12679, DAN,4.34,35.8373,-117.678,6.864,247.84,477,34.6375,-115.3812,19.79,19.92,7.84e-05,0.000520499,1.39e-05,1.15e-05,0.150704893,0.163973305,88.63447628,5.179664862,6.096821743,0.06981317,455.52289,6.817391304,37.44597122,68.3284335,CI,DAN,2.67374,354,0.298219578,0.086409594,0.179034187,0.211809984,CI.DAN,354,0.298219578,0.61381501,427.5369873,2.447570086,0.2982195777545673,354,417.7540477234131,468.8377085729535,402.1396949841521,412.1020612651294
100166,RSN12838,72,12838, DAN,4.02,33.7129,-116.0516,12.808,119.74,477,34.6375,-115.3812,23.95,24.11,-0.00046703,-0.000977336,0.000273665,0.000113484,0.477860815,0.158743597,84.28556089,5.179664862,6.268161535,0.226892803,1393.539179,4.115381904,3.571286061,209.0308769,CI,DAN,2.67374,732,-0.428264023,0.086409594,0.179034187,-0.514673617,CI.DAN,396,0.18610228,0.61381501,427.5369873,2.447570086,0.18610227963386095,396,401.8533237957012,467.66734374950545,398.590564237934,417.8754182010302
100166,RSN13224,72,13224, DAN,4.19,34.3571,-116.8418,9.486,137.7,477,34.6375,-115.3812,17.6,17.65,7.2e-05,0.000591098,0.000255332,1.3e-05,0.121879062,0.16135296,86.42954081,5.179664862,6.185563454,0.052359878,375.4212389,5.538461538,2.315017311,56.31318584,CI,DAN,2.67374,313,0.4213133,0.086409594,0.179034187,0.334903707,CI.DAN,313,0.4213133,0.61381501,427.5369873,2.447570086,0.4213133003481886,313,335.30935123581463,402.81945371555446,351.1044328738034,369.66015215620047
100166,RSN12742,72,12742, DAN,4.26,33.9538,-116.3912,7.696,119.99,477,34.6375,-115.3812,22.8,22.88,0.000173367,0.000694006,0.000132369,2.04e-05,0.249806302,0.163186466,86.75219037,5.179664862,6.118116656,0.122173048,748.1601287,8.498382353,5.242964743,112.2240193,CI,DAN,2.67374,477,0.0,0.086409594,0.179034187,-0.086409594,CI.DAN,477,0.0,0.61381501,427.5369873,2.447570086,0.0,477,432.3742782270642,632.9271166771525,440.2602273264599,535.4010981699851
100166,RSN13184,72,13184, DAN,4.11,33.7104,-116.0457,12.559,119.7,477,34.6375,-115.3812,14.25,14.34,-0.000535019,-0.0017849,0.000349953,0.000123242,0.299747522,0.158893115,84.40529088,5.179664862,6.263559029,0.13962634,912.4620589,4.341206731,5.100399196,136.8693088,CI,DAN,2.67374,554,-0.149648196,0.086409594,0.179034187,-0.23605779,CI.DAN,554,-0.149648196,0.61381501,427.5369873,2.447570086,-0.1496481958589424,554,503.29754787314147,732.5008430235431,509.62376523278584,626.9309614333567
100166,RSN18076,72,18076, DAN,5.19,36.4034,-117.8499,9.418,297.54,477,34.6375,-115.3812,9.88,9.95,-9e-05,-0.000376735,0.000122637,4.32e-05,0.238854754,0.161662566,88.37099357,5.179664862,6.183223963,0.122173048,723.9054829,2.083333333,3.071952184,108.5858224,CI,DAN,2.67374,466,0.023330857,0.086409594,0.179034187,-0.063078737,CI.DAN,466,0.023330857,0.61381501,427.5369873,2.447570086,0.023330856762695973,466,469.71885267116306,635.8047108605068,455.25058934093767,529.3753088692596
100166,RSN10927,72,10927, DAN,4.26,33.8776,-116.2019,10.062,113.22,477,34.6375,-115.3812,26.4,26.44,-0.000281759,-0.00065704,0.000315979,0.000111912,0.428831095,0.160660421,85.37423425,5.179664862,6.204033973,0.20943951,1253.696795,2.517683537,2.079378693,188.0545193,CI,DAN,2.67374,683,-0.358978369,0.086409594,0.179034187,-0.445387962,CI.DAN,369,0.256719847,0.61381501,427.5369873,2.447570086,0.25671984684781446,369,374.269221256794,438.0817867358472,374.25065340323323,388.51507360212935
100166,RSN16939,72,16939, DAN,3.63,34.1242,-116.405,9.555,110.04,477,34.6375,-115.3812,13.16,13.22,0.000348445,0.002581513,0.000297366,4.03e-05,0.134976985,0.161101046,85.47088867,5.179664862,6.187901101,0.06981317,416.1678969,8.646277916,8.681264839,62.42518454,CI,DAN,2.67374,335,0.353385959,0.086409594,0.179034187,0.266976365,CI.DAN,335,0.353385959,0.61381501,427.5369873,2.447570086,0.3533859590632753,335,356.79935347587553,434.3840746393082,371.1278196335479,401.5324402641969
100180,RSN18019,78,18019, LJR,5.0,36.3864,-117.8583,7.408,197.62,303,34.8076,-118.8678,11.93,12.35,-0.000818858,-0.001977359,0.000221282,0.000100994,0.414117154,0.163542451,88.12744579,5.179664862,6.11135504,0.191986218,1191.786477,8.107986613,8.935923392,178.7679716,CI,LJR,1.566666667,659,-0.776990729,-0.583633785,-0.491009192,-0.193356944,CI.LJR,280,0.078943202,6.779809952,1416.219971,9.977410316,0.07894320234011953,280,311.841034650688,279.84738740137993,313.3842084020346,291.4384545259199
100180,RSN9730,78,9730, LJR,4.69,35.0172,-119.0247,9.251,27.32,303,34.8076,-118.8678,14.1,14.34,-0.025268091,-0.093291064,0.000307106,0.000440197,0.270852217,0.154299151,72.39336458,5.179664862,6.177322679,0.13962634,855.4285252,57.4017792,303.7748009,128.3142788,CI,LJR,1.566666667,524,-0.547758879,-0.583633785,-0.491009192,0.035874906,CI.LJR,524,-0.547758879,6.779809952,1416.219971,9.977410316,-0.5477588788116732,524,474.35087636978955,472.37190027218026,470.94702406505917,499.2682695987054
100180,RSN13329,78,13329, LJR,4.2,34.3768,-117.6461,8.934,121.84,303,34.8076,-118.8678,18.37,18.52,-0.000431139,-0.001811652,0.000377306,0.00018132,0.237981113,0.161840244,86.21729955,5.179664862,6.165471616,0.122173048,720.6061768,2.377779616,4.801545695,108.0909265,CI,LJR,1.566666667,464,-0.426151747,-0.583633785,-0.491009192,0.157482038,CI.LJR,464,-0.426151747,6.779809952,1416.219971,9.977410316,-0.4261517467168865,464,423.3227428633335,413.2700222794015,432.9951659985868,437.589177895477
100183,RSN12414,79,12414, MPP,4.27,36.1466,-118.0613,4.057,211.54,522,34.8885,-119.8136,23.0,23.26,0.000184901,0.000356333,7.91e-05,3.7e-05,0.518899878,0.168220908,89.16599606,5.179664862,5.943934512,0.244346095,1410.541713,4.997324324,4.504841972,211.581257,CI,MPP,-999.0,738,-0.346276237,-0.074183401,0.018441192,-0.272092835,CI.MPP,738,-0.346276237,17.28520012,1663.48999,5.600999832,-0.34627623671783336,738,827.8043469982205,746.3583609508693,762.6684462487868,725.6055339514124
100183,RSN15331,79,15331, MPP,3.74,34.8437,-119.6912,11.07,12.25,522,34.8885,-119.8136,15.48,15.59,0.007282429,0.047735941,7.83e-05,7.66e-06,0.152556519,0.118366728,47.52731427,5.179664862,6.231475121,0.06981317,638.6143715,950.7087467,609.6544189,95.79215573,CI,MPP,-999.0,429,0.196210669,-0.074183401,0.018441192,0.27039407,CI.MPP,429,0.196210669,17.28520012,1663.48999,5.600999832,0.19621066895462214,429,420.44172711303315,437.3657916711998,438.61558564086863,451.44766258094313
100183,RSN9940,79,9940, MPP,4.59,34.9977,-119.1926,10.662,58.01,522,34.8885,-119.8136,5.1,5.2,0.000169103,0.000632128,0.000154047,2.02e-05,0.267513447,0.158404656,80.2108092,5.179664862,6.221029194,0.122173048,821.8998661,8.371435644,4.103474914,123.2849799,CI,MPP,-999.0,507,0.029156584,-0.074183401,0.018441192,0.103339986,CI.MPP,507,0.029156584,17.28520012,1663.48999,5.600999832,0.029156584291455623,507,451.6157266657892,454.73487648026236,445.10846848452024,452.55602987724495
100183,RSN11202,79,11202, MPP,4.42,34.0665,-118.8938,12.827,124.31,522,34.8885,-119.8136,22.0,22.14,0.000177216,0.000447949,7.25e-05,1.89e-05,0.395615422,0.158795273,84.50763994,5.179664862,6.268505043,0.191986218,1179.897639,9.376507937,6.178606897,176.9846459,CI,MPP,-999.0,654,-0.225439764,-0.074183401,0.018441192,-0.151256362,CI.MPP,654,-0.225439764,17.28520012,1663.48999,5.600999832,-0.22543976357455975,654,671.8836624737278,623.8430008920694,625.5071807279409,608.2074612526516
100183,RSN10754,79,10754, MPP,4.66,34.2983,-118.6255,8.038,127.15,522,34.8885,-119.8136,10.4,10.87,0.001607669,0.002219759,0.000111993,2.53e-05,0.724253765,0.162966575,86.7774209,5.179664862,6.126524324,0.314159265,1892.135456,63.54422925,19.82051557,283.8203184,CI,MPP,-999.0,815,-0.445520525,-0.074183401,0.018441192,-0.371337124,CI.MPP,815,-0.445520525,17.28520012,1663.48999,5.600999832,-0.44552052535822373,815,803.481402500702,764.5667127745485,753.3607453961349,738.2848941509303
100183,RSN10246,79,10246, MPP,4.34,35.0174,-119.1492,9.557,62.35,522,34.8885,-119.8136,6.42,6.64,0.001575342,0.005629416,9.2e-05,6.2e-05,0.279841013,0.160036988,82.01472948,5.179664862,6.187968323,0.13962634,850.2026321,25.40874194,61.18930435,127.5303948,CI,MPP,-999.0,521,0.001917546,-0.074183401,0.018441192,0.076100947,CI.MPP,521,0.001917546,17.28520012,1663.48999,5.600999832,0.0019175461292721963,521,470.3735107063262,467.89427509989764,463.43371937994226,467.12681985263055
100183,RSN16344,79,16344, MPP,3.74,34.8456,-119.2446,12.927,52.24,522,34.8885,-119.8136,17.24,17.4,0.001147451,0.006035219,1.27e-05,1.46e-05,0.190125788,0.155292044,76.8372142,5.179664862,6.270295551,0.087266463,603.6925903,78.59253425,475.2140945,90.55388855,CI,MPP,-999.0,417,0.224581366,-0.074183401,0.018441192,0.298764767,CI.MPP,417,0.224581366,17.28520012,1663.48999,5.600999832,0.2245813660838376,417,378.03299292973554,374.6287096338007,378.54135330657004,382.11484806554597
100183,RSN14659,79,14659, MPP,3.9,35.3429,-118.5645,9.906,124.53,522,34.8885,-119.8136,22.12,22.25,8.79e-05,0.000722322,2.56e-05,2.93e-05,0.12175788,0.160888463,85.85864012,5.179664862,6.199256899,0.052359878,376.1362028,3.0,28.21570313,56.42043042,CI,MPP,-999.0,313,0.511464397,-0.074183401,0.018441192,0.585647799,CI.MPP,313,0.511464397,17.28520012,1663.48999,5.600999832,0.5114643973424862,313,324.36848026119077,337.4481983715971,350.4386489429685,340.8815407905626
100183,RSN11269,79,11269, MPP,4.39,35.6421,-120.9543,5.902,133.28,522,34.8885,-119.8136,15.72,16.05,0.001674561,0.004462827,6.34e-05,2.01e-05,0.37522419,0.164806212,87.85700055,5.179664862,6.063488731,0.174532925,1082.376595,83.31149254,70.39159306,162.3564893,CI,MPP,-999.0,628,-0.184872579,-0.074183401,0.018441192,-0.110689177,CI.MPP,628,-0.184872579,17.28520012,1663.48999,5.600999832,-0.1848725785855594,628,664.9604390973117,606.2143525200079,620.5507851311527,589.6724412353143
100183,RSN9231,79,9231, MPP,5.03,35.3852,-118.6292,7.3,121.19,522,34.8885,-119.8136,11.82,12.12,0.004192774,0.009761148,0.000332616,5.1e-05,0.42953696,0.163472982,86.96952315,5.179664862,6.108664217,0.20943951,1233.849962,82.2112549,29.34659788,185.0774943,CI,MPP,-999.0,675,-0.257045103,-0.074183401,0.018441192,-0.182861702,CI.MPP,675,-0.257045103,17.28520012,1663.48999,5.600999832,-0.25704510298989103,675,668.7853314384564,632.5803445922821,634.4754661708656,621.2954824522518
100183,RSN13424,79,13424, MPP,3.9,34.4032,-118.651,13.612,119.41,522,34.8885,-119.8136,14.69,15.11,0.000543008,0.000960409,4e-05,1.56e-05,0.565391792,0.158287951,83.89930971,5.179664862,6.281821568,0.261799388,1609.074855,34.80820513,24.010225,241.3612283,CI,MPP,-999.0,719,-0.32019377,-0.074183401,0.018441192,-0.246010369,CI.MPP,719,-0.32019377,17.28520012,1663.48999,5.600999832,-0.32019376983840786,719,750.5531886997379,670.3492619381498,689.5074246945699,654.9770630282867
100200,RSN13195,85,13195, PFO,4.11,33.7104,-116.0457,12.559,39.9,763,33.6117,-116.4594,14.75,14.84,0.003224845,0.0029844,6.56e-05,9.92e-05,1.080567225,0.152743427,73.08106709,5.179664862,6.263559029,0.41887902,2626.036842,32.50851815,45.49390244,393.9055263,AZ,PFO,-1.0,1048,-0.317380834,-0.318076587,-0.225451994,0.000695753,AZ.PFO,1048,-0.317380834,10.1232996,1285.910034,6.906630039,-0.31738083359653047,1048,717.0568865113394,767.8704140661974,735.9094672475476,766.435119673857
100200,RSN17280,85,17280, PFO,3.53,34.2894,-116.8271,6.278,82.5,763,33.6117,-116.4594,24.69,24.77,-0.000439847,-0.000320215,1.65e-05,7.31e-06,1.373599412,0.164181828,86.27184919,5.179664862,6.07791863,0.471238898,2762.838986,60.17058824,19.4069697,414.4258479,AZ,PFO,-1.0,1090,-0.356674944,-0.318076587,-0.225451994,-0.038598357,AZ.PFO,1090,-0.356674944,10.1232996,1285.910034,6.906630039,-0.35667494393873245,1090,988.9435037892081,796.4776795755199,842.4408302358737,799.1846584168386
100200,RSN14254,85,14254, PFO,3.94,32.7219,-116.8133,20.237,104.06,763,33.6117,-116.4594,25.36,25.51,-0.001168651,-0.000983777,3.01e-05,1.9e-05,1.187922202,0.152629813,79.42092211,5.179664862,6.440435438,0.436332313,2764.685486,61.50794737,32.68362126,414.7028229,AZ,PFO,-1.0,1091,-0.357591955,-0.318076587,-0.225451994,-0.039515368,AZ.PFO,1091,-0.357591955,10.1232996,1285.910034,6.906630039,-0.3575919545486137,1091,708.9383465964861,762.5195046121934,751.8548057259178,777.1331417138124
100200,RSN18123,85,18123, PFO,5.19,36.4034,-117.8499,9.418,334.71,763,33.6117,-116.4594,12.67,12.73,-4.69e-05,-4.56e-05,2.2e-05,1.16e-05,1.02818718,0.161676277,88.5519124,5.179664862,6.183223963,0.401425728,2407.591411,4.043103448,2.072727273,361.1387117,AZ,PFO,-1.0,981,-0.251314428,-0.318076587,-0.225451994,0.066762159,AZ.PFO,981,-0.251314428,10.1232996,1285.910034,6.906630039,-0.25131442828090655,981,637.980543704607,719.4867032613527,776.761654145342,753.7206381691881
100200,RSN17515,85,17515, PFO,3.62,33.9521,-116.3635,9.067,38.79,763,33.6117,-116.4594,19.01,19.12,-0.00749394,-0.005773561,7.5e-06,1.02e-05,1.297975364,0.15834034,77.70045033,5.179664862,6.170551665,0.453785606,2785.720743,734.7,769.8081333,417.8581115,AZ,PFO,-1.0,1097,-0.363076429,-0.318076587,-0.225451994,-0.044999842,AZ.PFO,1097,-0.363076429,10.1232996,1285.910034,6.906630039,-0.3630764289907731,1097,770.1754883995792,818.4067394663045,780.7840519983921,818.7128956927246
100200,RSN11432,85,11432, PFO,4.73,33.7328,-117.4921,10.018,96.71,763,33.6117,-116.4594,30.6,30.67,0.000544914,0.000441792,6.11e-05,7.42e-05,1.233416076,0.160498542,84.57737156,5.179664862,6.202702587,0.436332313,2675.784072,7.343854447,7.230638298,401.3676108,AZ,PFO,-1.0,1064,-0.332532639,-0.318076587,-0.225451994,-0.014456052,AZ.PFO,1064,-0.332532639,10.1232996,1285.910034,6.906630039,-0.332532638617133,1064,821.7530982363143,739.188908329235,800.1042012390305,761.4867190010075
100200,RSN16839,85,16839, PFO,3.49,34.309,-116.9297,9.684,88.72,763,33.6117,-116.4594,14.1,14.14,-0.00252852,-0.001863172,0.000293795,0.000433251,1.357104739,0.160695566,84.29983988,5.179664862,6.192176404,0.471238898,2808.525733,5.836155023,6.341741691,421.27886,AZ,PFO,-1.0,1104,-0.369437196,-0.318076587,-0.225451994,-0.051360609,AZ.PFO,1104,-0.369437196,10.1232996,1285.910034,6.906630039,-0.3694371955525835,1104,885.8033006151246,801.2457602357899,830.0366890995203,809.684696852293
100200,RSN19388,85,19388, PFO,3.43,34.1381,-117.4717,5.767,110.37,763,33.6117,-116.4594,37.88,37.99,-8.25e-05,-7.88e-05,3.41e-05,1.62e-05,1.046694831,0.164919567,87.49582526,5.179664862,6.057771424,0.401425728,2382.729501,5.092592593,2.31085044,357.4094252,AZ,PFO,-1.0,973,-0.243126051,-0.318076587,-0.225451994,0.074950536,AZ.PFO,973,-0.243126051,10.1232996,1285.910034,6.906630039,-0.24312605090154804,973,897.8451609175771,709.6605228891644,782.8127772864871,721.0673441631318
100200,RSN18375,85,18375, PFO,3.96,34.0609,-117.0231,12.849,72.15,763,33.6117,-116.4594,16.5,16.55,0.001264888,0.000996664,0.00040049,0.000630942,1.269121345,0.15734154,80.5253772,5.179664862,6.26890146,0.453785606,2775.576723,2.004761135,2.488611451,416.3365085,AZ,PFO,-1.0,1094,-0.360337952,-0.318076587,-0.225451994,-0.042261365,AZ.PFO,1094,-0.360337952,10.1232996,1285.910034,6.906630039,-0.3603379516974696,1094,665.6242671035178,769.3012472768715,727.9968812721756,781.6483982639926
100200,RSN15744,85,15744, PFO,3.81,32.9942,-116.2977,5.726,70.12,763,33.6117,-116.4594,24.14,24.29,-0.002558531,-0.001907586,1.56e-05,1.36e-05,1.341239637,0.16472888,86.02433625,5.179664862,6.055972626,0.471238898,2726.161984,188.1272794,122.2811538,408.9242976,AZ,PFO,-1.0,1079,-0.346531934,-0.318076587,-0.225451994,-0.028455347,AZ.PFO,1079,-0.346531934,10.1232996,1285.910034,6.906630039,-0.34653193397367765,1079,930.4828625365371,783.7722678596292,826.9154901705532,791.1194921392375
100200,RSN9071,85,9071, PFO,5.2,33.5328,-116.5697,15.48,13.47,763,33.6117,-116.4594,20.74,20.78,0.092131884,0.147265824,0.000261906,0.000123243,0.62561619,0.105475551,41.91717949,5.179664862,6.333749326,0.27925268,2615.580358,747.5628149,562.2850336,392.3370537,AZ,PFO,-1.0,1045,-0.314514133,-0.318076587,-0.225451994,0.003562454,AZ.PFO,1045,-0.314514133,10.1232996,1285.910034,6.906630039,-0.31451413311445453,1045,932.1645602306851,828.8149826551773,827.2788982824914,848.275836616309
100200,RSN12778,85,12778, PFO,4.26,33.9538,-116.3912,7.696,38.47,763,33.6117,-116.4594,23.09,23.17,-0.007967131,-0.006877664,0.000190851,0.000139352,1.158406582,0.160836417,79.74203773,5.179664862,6.118116656,0.436332313,2592.161044,57.17270653,36.03682454,388.8241566,AZ,PFO,-1.0,1038,-0.307793032,-0.318076587,-0.225451994,0.010283554,AZ.PFO,1038,-0.307793032,10.1232996,1285.910034,6.906630039,-0.3077930324413769,1038,877.2402842746358,785.4465711972575,803.3912831298056,779.6552863025493
100200,RSN9389,85,9389, PFO,4.88,34.0655,-117.0011,17.501,71.05,763,33.6117,-116.4594,16.2,16.34,-0.013244702,-0.010851769,0.001420914,0.001540409,1.220510924,0.152465067,76.73589583,5.179664862,6.383907006,0.436332313,2803.089668,8.598172304,7.637175086,420.4634502,AZ,PFO,-1.0,1102,-0.367623958,-0.318076587,-0.225451994,-0.049547372,AZ.PFO,1102,-0.367623958,10.1232996,1285.910034,6.906630039,-0.36762395842840245,1102,733.7629404407439,739.6532143960521,741.3656644487678,767.7645507504649
100200,RSN21189,85,21189, PFO,3.4,37.1173,-121.5231,7.213,602.53,763,33.6117,-116.4594,15.19,15.25,0.000177355,-0.000202179,7.23e-06,6.15e-06,0.877214592,0.163753045,89.40771049,5.179664862,6.106430378,0.366519143,2154.68054,28.83821138,27.96390041,323.202081,AZ,PFO,-1.0,900,-0.165136732,-0.318076587,-0.225451994,0.152939855,AZ.PFO,900,-0.165136732,10.1232996,1285.910034,6.906630039,-0.16513673203985402,900,614.9994209322698,700.0656799800229,740.0633148248079,729.1741676786357
100272,RSN9202,93,9202, ISA,5.03,35.3852,-118.6292,7.3,33.86,644,35.6628,-118.474,20.19,20.24,0.014270512,0.028789946,0.000295985,0.000229496,0.495676938,0.16061873,78.86233333,5.179664862,6.108664217,0.226892803,1419.068886,62.18196396,97.26826022,212.8603329,CI,ISA,7.194365,742,-0.141650517,-0.376516469,-0.283891875,0.234865952,CI.ISA,629,0.023567469,43.77069855,828.2440186,12.48200035,0.023567469403912966,629,620.3144620512635,573.8184279594337,586.7684954458222,577.5193573881139
100272,RSN16332,93,16332, ISA,3.74,34.8456,-119.2446,12.927,114.62,644,35.6628,-118.474,21.23,21.29,-0.000510727,-0.00042268,4.95e-05,5.19e-05,1.208306624,0.158601113,83.97481501,5.179664862,6.270295551,0.436332313,2682.032981,9.840597303,8.538989899,402.3049472,CI,ISA,7.194365,1065,-0.503031352,-0.376516469,-0.283891875,-0.126514883,CI.ISA,903,-0.338023827,43.77069855,828.2440186,12.48200035,-0.3380238273126315,903,582.6306776936865,801.7659341948367,651.2461198393088,785.4515374721791
100272,RSN10072,93,10072, ISA,4.18,34.3617,-118.6637,11.151,145.38,644,35.6628,-118.474,9.5,9.8,0.000862342,0.000891996,2.27e-05,2.02e-05,0.966756098,0.160027611,85.96771577,5.179664862,6.233452986,0.383972435,2342.339598,42.69019802,39.29497797,351.3509397,CI,ISA,7.194365,960,-0.399234558,-0.376516469,-0.283891875,-0.02271809,CI.ISA,814,-0.23426164,43.77069855,828.2440186,12.48200035,-0.23426163989818605,814,664.6359305312259,745.8973822036343,633.7785705683474,716.0972804469759
100272,RSN14204,93,14204, ISA,4.02,36.0735,-117.8947,7.001,69.38,644,35.6628,-118.474,15.96,16.06,0.000804709,0.00085085,1.48e-05,7.74e-06,0.945770659,0.163280407,84.95671286,5.179664862,6.100723215,0.383972435,2267.362584,103.9675711,57.48986486,340.1043876,CI,ISA,7.194365,936,-0.37391675,-0.376516469,-0.283891875,0.002599718,CI.ISA,793,-0.208124496,43.77069855,828.2440186,12.48200035,-0.20812449553049372,793,662.6494160067471,709.2130489834134,621.786911395051,694.6463947407483
100272,RSN11816,93,11816, ISA,4.26,34.2844,-118.4129,8.031,153.02,644,35.6628,-118.474,49.8,50.0,-0.000209478,-0.0001818,1.9e-05,1.13e-05,1.152244633,0.163057108,87.33406711,5.179664862,6.126183158,0.436332313,2550.251742,18.53787611,9.568421053,382.5377613,CI,ISA,7.194365,1025,-0.464749165,-0.376516469,-0.283891875,-0.088232697,CI.ISA,869,-0.299644399,43.77069855,828.2440186,12.48200035,-0.29964439916103824,869,735.2132290768244,796.638328820221,670.6536889050946,766.854502750736
100283,RSN16659,96,16659, VCS,3.69,33.735,-117.4936,9.693,101.05,405,34.4836,-118.1178,12.55,12.61,-0.000161951,-0.000313866,8.36e-05,3.8e-05,0.51598735,0.160867472,84.98183826,5.179664862,6.192470162,0.244346095,1468.405416,4.261868421,3.75437799,220.2608124,CI,VCS,3.2625,759,-0.62811471,-0.641257946,-0.548633353,0.013143236,CI.VCS,449,-0.103135821,3.069080114,997.302002,5.126949787,-0.1031358206357158,449,452.5805987140551,443.3584073937228,427.4600705509167,434.3478555443925
100283,RSN13474,96,13474, VCS,3.9,34.4032,-118.651,13.612,49.81,405,34.4836,-118.1178,17.36,17.42,-0.000718206,-0.002608049,0.000494046,0.000272436,0.275380635,0.153963552,75.27829636,5.179664862,6.281821568,0.13962634,870.6389877,2.636237502,5.278959854,130.5958482,CI,VCS,3.2625,532,-0.272756422,-0.641257946,-0.548633353,0.368501524,CI.VCS,532,-0.272756422,3.069080114,997.302002,5.126949787,-0.27275642223510577,532,477.47091143769273,501.990751630031,469.52308702427774,496.0968062144921
100283,RSN10826,96,10826, VCS,4.66,34.2983,-118.6255,8.038,51.01,405,34.4836,-118.1178,14.89,15.04,-0.001900035,-0.003928195,0.000169831,6.26e-05,0.48369155,0.161566606,81.82635759,5.179664862,6.126524324,0.226892803,1382.875961,30.35199681,23.13002338,207.4313942,CI,VCS,3.2625,729,-0.587786665,-0.641257946,-0.548633353,0.053471281,CI.VCS,432,-0.064538521,3.069080114,997.302002,5.126949787,-0.06453852113757197,432,430.27395317255036,428.3399775517688,406.15126509379485,419.83346061862323
100283,RSN16376,96,16376, VCS,3.74,34.8456,-119.2446,12.927,110.81,405,34.4836,-118.1178,23.02,23.09,-0.000807693,-0.002921681,0.000326183,0.000169995,0.276447973,0.158535851,83.75542356,5.179664862,6.270295551,0.13962634,848.5776549,4.751275038,8.957183544,127.2866482,CI,VCS,3.2625,520,-0.249941744,-0.641257946,-0.548633353,0.391316202,CI.VCS,520,-0.249941744,3.069080114,997.302002,5.126949787,-0.24994174446893425,520,467.404840894844,489.69376727155486,463.9010364952508,486.0500506359755
100283,RSN13100,96,13100, VCS,4.11,34.373,-117.6258,8.33,46.86,405,34.4836,-118.1178,12.82,12.88,0.000502541,0.001070073,4.62e-05,4.42e-05,0.469632671,0.160742458,80.74840664,5.179664862,6.140206558,0.226892803,1356.654305,11.36970588,23.16175325,203.4981458,CI,VCS,3.2625,720,-0.575364145,-0.641257946,-0.548633353,0.065893801,CI.VCS,426,-0.050552279,3.069080114,997.302002,5.126949787,-0.050552279162832114,426,428.1267907715213,422.44482262319286,403.883901294438,413.53024071531706
100283,RSN11480,96,11480, VCS,4.73,33.7328,-117.4921,10.018,101.33,405,34.4836,-118.1178,25.1,25.28,-0.005262961,-0.005410223,0.000493612,0.000273408,0.972780786,0.160568463,84.84700523,5.179664862,6.202702587,0.383972435,2342.586585,19.24947697,10.96047705,351.3879878,CI,VCS,3.2625,960,-0.863046217,-0.641257946,-0.548633353,-0.221788271,CI.VCS,568,-0.338234352,3.069080114,997.302002,5.126949787,-0.3382343516146129,568,469.40236774577295,559.2282158561377,485.49257179549994,531.7367130998151
100283,RSN16694,96,16694, VCS,3.79,34.0456,-117.2248,15.927,95.52,405,34.4836,-118.1178,42.51,42.62,0.000534506,0.000936513,3.11e-05,2.53e-05,0.5707406,0.15563103,80.97689325,5.179664862,6.345939946,0.261799388,1648.435276,21.12671937,30.1129582,247.2652914,CI,VCS,3.2625,733,-0.593258635,-0.641257946,-0.548633353,0.047999312,CI.VCS,434,-0.069157467,3.069080114,997.302002,5.126949787,-0.06915746699386638,434,456.2351744843633,429.11930555796226,414.57242368160445,418.48376295952005
100283,RSN17202,96,17202, VCS,3.53,33.9634,-117.8198,13.862,63.9,405,34.4836,-118.1178,25.57,25.6,-0.000390343,-0.000568245,0.000244506,0.000171172,0.686926334,0.155773816,78.28013699,5.179664862,6.285731951,0.296705973,1901.185759,2.280413853,2.324053397,285.1778639,CI,VCS,3.2625,818,-0.702975269,-0.641257946,-0.548633353,-0.061717323,CI.VCS,484,-0.17819784,3.069080114,997.302002,5.126949787,-0.1781978396100934,484,455.4943591298519,474.74761716536943,438.1114939013688,454.55238813755915
100283,RSN15015,96,15015, VCS,3.74,34.1651,-117.4332,7.875,72.23,405,34.4836,-118.1178,24.77,24.89,0.001039285,0.001351065,0.000103454,8.2e-05,0.769234125,0.162583796,84.46923609,5.179664862,6.12204057,0.331612558,1982.236365,12.67420732,13.05957237,297.3354548,CI,VCS,3.2625,844,-0.734265427,-0.641257946,-0.548633353,-0.093007481,CI.VCS,500,-0.210721031,3.069080114,997.302002,5.126949787,-0.21072103131565267,500,454.5084481045409,487.4928815439378,449.17329952751555,468.3682829295304
100283,RSN17475,96,17475, VCS,3.59,34.0938,-117.4347,3.015,76.32,405,34.4836,-118.1178,14.57,14.63,0.000243717,0.00046361,9.73e-05,2.44e-05,0.52569453,0.168343788,88.44023683,5.179664862,5.93802414,0.244346095,1424.178258,9.988401639,4.764748201,213.6267387,CI,VCS,3.2625,743,-0.606808978,-0.641257946,-0.548633353,0.034448969,CI.VCS,440,-0.08288766,3.069080114,997.302002,5.126949787,-0.08288765980576773,440,440.8903402344965,434.7202150821645,423.500006561573,425.6652547994409
100283,RSN9423,96,9423, VCS,4.88,34.0655,-117.0011,17.501,112.81,405,34.4836,-118.1178,14.85,14.94,-0.002522158,-0.00406287,0.000826736,0.000756969,0.620782426,0.154941211,81.5444673,5.179664862,6.383907006,0.27925268,1770.39428,3.331917159,4.914349925,265.559142,CI,VCS,3.2625,774,-0.647684806,-0.641257946,-0.548633353,-0.00642686,CI.VCS,458,-0.122982117,3.069080114,997.302002,5.126949787,-0.12298211700764661,458,497.36086492609115,454.32690930659703,441.9160136035436,442.90939593958785
100283,RSN19407,96,19407, VCS,3.43,34.1381,-117.4717,5.767,70.75,405,34.4836,-118.1178,27.82,27.89,0.001218298,0.001668383,0.000403329,0.000244413,0.730227076,0.164684656,86.04788881,5.179664862,6.057771424,0.314159265,1882.866409,4.984587563,4.136531219,282.4299614,CI,VCS,3.2625,812,-0.695613273,-0.641257946,-0.548633353,-0.054355327,CI.VCS,481,-0.171980203,3.069080114,997.302002,5.126949787,-0.17198020299922234,481,451.590403547393,472.99291420519967,439.1232788690439,453.8946575626094
100283,RSN16925,96,16925, VCS,3.6,34.2088,-117.5824,7.536,57.93,405,34.4836,-118.1178,12.38,12.44,0.001165709,0.004187942,7.77e-05,6.04e-05,0.278348806,0.162444804,83.34288324,5.179664862,6.114431914,0.13962634,833.4508817,19.29981788,53.89886744,125.0176323,CI,VCS,3.2625,512,-0.234437558,-0.641257946,-0.548633353,0.406820388,CI.VCS,512,-0.234437558,3.069080114,997.302002,5.126949787,-0.23443755793296894,512,472.5418135622384,484.9789025110015,473.6116247042125,480.2605110899655
100283,RSN14690,96,14690, VCS,3.9,35.3429,-118.5645,9.906,103.7,405,34.4836,-118.1178,21.8,21.86,-0.00023212,-0.000791453,6.69e-05,2.28e-05,0.293282961,0.160698263,85.00994722,5.179664862,6.199256899,0.13962634,884.2792578,10.18070175,11.83038864,132.6418887,CI,VCS,3.2625,539,-0.285828504,-0.641257946,-0.548633353,0.355429442,CI.VCS,539,-0.285828504,3.069080114,997.302002,5.126949787,-0.28582850380245883,539,490.6707562105274,507.5864241526309,483.11513171946183,504.3496762628419
100283,RSN17030,96,17030, VCS,3.45,33.6767,-117.9697,9.542,90.54,405,34.4836,-118.1178,38.68,38.74,-0.000193875,-0.000426003,3.98e-05,3.19e-05,0.455103091,0.160877837,84.51768535,5.179664862,6.187463428,0.20943951,1316.337406,6.077586207,10.70359296,197.4506109,CI,VCS,3.2625,706,-0.55572817,-0.641257946,-0.548633353,0.085529776,CI.VCS,418,-0.031594365,3.069080114,997.302002,5.126949787,-0.031594365418217585,418,452.3685935972914,415.20088965023376,409.8058236382042,406.64418467886134
100283,RSN17063,96,17063, VCS,3.43,34.0052,-118.2218,6.093,53.92,405,34.4836,-118.1178,36.05,36.1,-0.000628477,-0.001142728,0.00042226,0.000118676,0.549979461,0.16393104,84.40616027,5.179664862,6.071076522,0.244346095,1515.433827,5.295737976,2.706218917,227.3150741,CI,VCS,3.2625,775,-0.648975962,-0.641257946,-0.548633353,-0.007718016,CI.VCS,459,-0.125163143,3.069080114,997.302002,5.126949787,-0.12516314295400655,459,475.8440527754532,454.89329039657866,442.67191866399014,444.0462544385076
100283,RSN9298,96,9298, VCS,5.03,35.3852,-118.6292,7.3,110.4,405,34.4836,-118.1178,11.17,11.3,-0.002466162,-0.003205276,0.00093129,0.000292899,0.769407023,0.16342916,86.6920893,5.179664862,6.108664217,0.331612558,1972.273656,8.419837555,3.44175928,295.8410484,CI,VCS,3.2625,841,-0.730704593,-0.641257946,-0.548633353,-0.089446647,CI.VCS,498,-0.20671301,3.069080114,997.302002,5.126949787,-0.20671300991811403,498,462.621389705804,481.656809447067,438.64519169205704,460.4365985860082
100283,RSN15201,96,15201, VCS,3.9,33.867,-117.1038,11.856,115.83,405,34.4836,-118.1178,22.56,22.65,0.000559532,0.000830406,2.68e-05,3.3e-05,0.673804989,0.159292999,84.5602372,5.179664862,6.24946745,0.296705973,1834.077536,16.95551515,30.98529851,275.1116304,CI,VCS,3.2625,795,-0.674455048,-0.641257946,-0.548633353,-0.033197101,CI.VCS,471,-0.150971027,3.069080114,997.302002,5.126949787,-0.15097102690987896,471,448.74543318534745,462.5983997185886,421.2000986285372,442.44978440799684
100283,RSN14772,96,14772, VCS,3.84,34.2268,-117.4407,8.593,68.5,405,34.4836,-118.1178,24.2,24.38,0.002998583,0.003432807,0.000221243,0.00010572,0.873507803,0.161523385,83.53434934,5.179664862,6.151676073,0.366519143,2178.86111,28.36344117,15.51600277,326.8291665,CI,VCS,3.2625,908,-0.807357311,-0.641257946,-0.548633353,-0.166099365,CI.VCS,538,-0.283971493,3.069080114,997.302002,5.126949787,-0.2839714930552457,538,466.26677104940455,526.5335402014455,483.6661876469413,503.96427243217465
100283,RSN9813,96,9813, VCS,4.69,35.0172,-119.0247,9.251,101.98,405,34.4836,-118.1178,5.45,5.56,-0.000590406,-0.001112231,0.000239823,0.000128011,0.530830538,0.161334187,85.28320968,5.179664862,6.177322679,0.244346095,1497.54783,4.612150518,4.637716149,224.6321745,CI,VCS,3.2625,769,-0.641203902,-0.641257946,-0.548633353,5.4e-05,CI.VCS,455,-0.116410352,3.069080114,997.302002,5.126949787,-0.11641035184441151,455,455.2110582875597,449.8087234963251,429.92648602070096,443.32794503457114
100283,RSN13743,96,13743, VCS,3.97,33.9535,-117.7457,11.873,68.07,405,34.4836,-118.1178,11.0,11.04,-0.001115999,-0.001875493,0.000404781,0.000156195,0.595042787,0.157876335,80.64498236,5.179664862,6.249828919,0.261799388,1677.363038,7.144908608,4.633352356,251.6044557,CI,VCS,3.2625,743,-0.606808978,-0.641257946,-0.548633353,0.034448969,CI.VCS,440,-0.08288766,3.069080114,997.302002,5.126949787,-0.08288765980576773,440,450.24230156392264,434.631024922711,419.18737823560383,424.42360867696385
100283,RSN11240,96,11240, VCS,4.42,34.0665,-118.8938,12.827,85.13,405,34.4836,-118.1178,23.6,23.69,-0.001365393,-0.00274755,0.000179573,0.000129903,0.496949491,0.157969562,81.98557282,5.179664862,6.268505043,0.226892803,1445.871752,10.5108658,15.30046276,216.8807628,CI,VCS,3.2625,751,-0.617518585,-0.641257946,-0.548633353,0.023739362,CI.VCS,445,-0.094187215,3.069080114,997.302002,5.126949787,-0.0941872150597014,445,449.69915607261805,439.5259519148257,420.1857881668673,429.7287593722979
100283,RSN17598,96,17598, VCS,3.4,34.0733,-118.867,10.648,82.65,405,34.4836,-118.1178,22.0,22.05,-0.000157246,-0.000410911,0.00012882,7.78e-05,0.382677206,0.159626399,83.20743846,5.179664862,6.220655727,0.174532925,1136.972818,2.021156812,3.189807483,170.5459227,CI,VCS,3.2625,642,-0.460701237,-0.641257946,-0.548633353,0.18055671,CI.VCS,380,0.063715814,3.069080114,997.302002,5.126949787,0.06371581438610718,380,333.791803814978,379.8422302036128,347.723741454977,369.9868942007739
100283,RSN9116,96,9116, VCS,5.2,33.5328,-116.5697,15.48,177.69,405,34.4836,-118.1178,16.6,16.68,-0.008388168,-0.015385115,0.002219817,0.002725344,0.545213228,0.15735272,85.29671274,5.179664862,6.333749326,0.244346095,1568.084483,3.077838247,6.930803305,235.2126725,CI,VCS,3.2625,747,-0.612178118,-0.641257946,-0.548633353,0.029079828,CI.VCS,442,-0.087422815,3.069080114,997.302002,5.126949787,-0.08742281497115911,442,482.0389395807027,468.9809347688736,444.83987467519495,452.15286715051144
100283,RSN17886,96,17886, VCS,3.14,33.909,-118.1836,6.769,64.02,405,34.4836,-118.1178,14.28,14.35,-0.000106131,-0.000139928,1.85e-05,1.59e-05,0.758468672,0.163389755,84.68402677,5.179664862,6.094010642,0.331612558,1954.233528,6.67490566,7.563675676,293.1350292,CI,VCS,3.2625,835,-0.723544658,-0.641257946,-0.548633353,-0.082286711,CI.VCS,494,-0.19864845,3.069080114,997.302002,5.126949787,-0.1986484500813841,494,425.24504585077085,480.02318976011185,441.9631970823292,462.46224796158594
100283,RSN12799,96,12799, VCS,4.26,33.9538,-116.3912,7.696,169.61,405,34.4836,-118.1178,24.02,24.43,0.000929802,0.000989246,4.17e-05,2.44e-05,0.939909425,0.16331932,87.71756204,5.179664862,6.118116656,0.383972435,2258.791437,38.10663934,23.72292566,338.8187156,CI,VCS,3.2625,934,-0.835589371,-0.641257946,-0.548633353,-0.194331425,CI.VCS,553,-0.311470934,3.069080114,997.302002,5.126949787,-0.3114709344157962,553,489.9292942666873,578.1999974634429,521.0415491686854,551.7420185029923
100283,RSN16568,96,16568, VCS,3.61,34.2449,-117.4464,12.48,67.2,405,34.4836,-118.1178,14.91,14.97,0.000527982,0.000877416,0.000126388,6.92e-05,0.601746998,0.157329633,80.13272762,5.179664862,6.262058538,0.27925268,1703.605592,7.629797688,6.942241352,255.5408388,CI,VCS,3.2625,751,-0.617518585,-0.641257946,-0.548633353,0.023739362,CI.VCS,445,-0.094187215,3.069080114,997.302002,5.126949787,-0.0941872150597014,445,462.7192646966371,439.5700138422872,433.08995596392447,429.24660423011113
100283,RSN14572,96,14572, VCS,3.78,34.0294,-116.7534,14.93,135.39,405,34.4836,-118.1178,17.75,17.84,0.000480007,0.000662182,0.000115056,9.55e-05,0.72488742,0.157435867,84.06512194,5.179664862,6.317747533,0.314159265,1959.771576,5.026251309,5.755301766,293.9657364,CI,VCS,3.2625,837,-0.725937003,-0.641257946,-0.548633353,-0.084679057,CI.VCS,496,-0.20268886,3.069080114,997.302002,5.126949787,-0.20268885961838912,496,478.73931416133394,493.5141522855317,460.8703764490621,471.5866691035551
100283,RSN11338,96,11338, VCS,4.78,34.1228,-116.9226,5.969,117.08,405,34.4836,-118.1178,17.1,17.17,0.00049317,0.000649347,0.00028941,0.000139726,0.759486582,0.164693778,87.52586307,5.179664862,6.066214653,0.331612558,1940.479682,3.529550692,2.24369234,291.0719523,CI,VCS,3.2625,831,-0.718742728,-0.641257946,-0.548633353,-0.077484781,CI.VCS,492,-0.194591649,3.069080114,997.302002,5.126949787,-0.19459164938576912,492,466.4143636438098,479.2388463515087,437.49740674007376,458.9005781112051
100283,RSN17442,96,17442, VCS,3.73,35.2675,-117.3498,7.92,111.77,405,34.4836,-118.1178,32.01,32.1,-0.000235325,-0.000342712,0.000103594,4.72e-05,0.686655886,0.16299653,86.40031824,5.179664862,6.122995859,0.296705973,1816.438365,4.985699153,3.308222484,272.4657548,CI,VCS,3.2625,789,-0.666879254,-0.641257946,-0.548633353,-0.025621307,CI.VCS,467,-0.142442191,3.069080114,997.302002,5.126949787,-0.14244219056235874,467,453.9548642420981,460.6670187887621,425.563559375191,441.61281948102834
100283,RSN8872,96,8872, VCS,5.39,33.9465,-117.7667,14.89,67.8,405,34.4836,-118.1178,21.19,21.49,-0.128392663,-0.146842207,0.009533862,0.003256057,0.87435803,0.154920939,78.11527963,5.179664862,6.31653763,0.366519143,2273.052673,39.43194576,15.40217459,340.957901,CI,VCS,3.2625,938,-0.839862882,-0.641257946,-0.548633353,-0.198604936,CI.VCS,555,-0.315081047,3.069080114,997.302002,5.126949787,-0.31508104663989567,555,451.9962520437316,535.9286757391858,470.4453957714441,513.6335487696648
100283,RSN11866,96,11866, VCS,4.26,34.2844,-118.4129,8.031,35.0,405,34.4836,-118.1178,30.81,30.93,-0.01540967,-0.023253145,0.000142132,7.33e-05,0.662691846,0.159650341,77.9723716,5.179664862,6.126183158,0.296705973,1808.452725,210.2274216,163.6024611,271.2679088,CI,VCS,3.2625,787,-0.664341181,-0.641257946,-0.548633353,-0.023083235,CI.VCS,466,-0.140298567,3.069080114,997.302002,5.126949787,-0.1402985670191068,466,425.7790679497976,470.7545770625737,419.59230518262854,445.21486052725095
100283,RSN17702,96,17702, VCS,3.59,34.3463,-118.5806,6.999,45.19,405,34.4836,-118.1178,13.33,13.44,0.00152744,0.003378306,4.57e-05,2.72e-05,0.452132064,0.16234421,82.05783521,5.179664862,6.100667506,0.20943951,1297.322865,56.15588235,73.92354486,194.5984298,CI,VCS,3.2625,699,-0.545763675,-0.641257946,-0.548633353,0.095494271,CI.VCS,414,-0.021978907,3.069080114,997.302002,5.126949787,-0.02197890671877545,414,430.2831978775632,423.8768135926744,404.7187096365973,406.1008371843253
100283,RSN15313,96,15313, VCS,3.86,34.1976,-117.3882,14.177,74.25,405,34.4836,-118.1178,24.9,25.14,0.00493389,0.009191597,2.24e-05,2.39e-05,0.536782744,0.156359009,79.76789982,5.179664862,6.293825021,0.244346095,1558.857104,206.4389121,410.3391518,233.8285656,CI,VCS,3.2625,756,-0.624154309,-0.641257946,-0.548633353,0.017103637,CI.VCS,448,-0.100906165,3.069080114,997.302002,5.126949787,-0.1009061653084462,448,442.6848631190611,441.46706084140123,423.97977393609125,431.9832391840207
100283,RSN13308,96,13308, VCS,4.19,34.3571,-116.8418,9.486,118.14,405,34.4836,-118.1178,18.8,18.93,0.000921004,0.001102858,0.000196329,5.6e-05,0.835106942,0.161235894,85.81597061,5.179664862,6.185563454,0.34906585,2114.959789,16.4465,5.617397328,317.2439684,CI,VCS,3.2625,888,-0.785084676,-0.641257946,-0.548633353,-0.14382673,CI.VCS,526,-0.261414146,3.069080114,997.302002,5.126949787,-0.2614141456311714,526,491.91779158709045,518.1647801464427,481.2718882148404,494.9713077172708
100283,RSN10152,96,10152, VCS,4.18,34.3617,-118.6637,11.151,51.97,405,34.4836,-118.1178,10.0,10.08,-0.001865442,-0.002511342,0.000667955,0.000197972,0.742806776,0.157217419,78.52378644,5.179664862,6.233452986,0.314159265,1995.142217,9.422756753,3.759747288,299.2713326,CI,VCS,3.2625,849,-0.740172119,-0.641257946,-0.548633353,-0.098914173,CI.VCS,503,-0.216703103,3.069080114,997.302002,5.126949787,-0.2167031029932005,503,450.58321316879324,492.4457430367546,444.7821975361313,473.22087819718064
100283,RSN11760,96,11760, VCS,4.5,34.3365,-116.8617,8.94,116.63,405,34.4836,-118.1178,15.6,15.72,0.002890974,0.002976613,0.001064492,0.000562773,0.971229194,0.161802276,86.0503681,5.179664862,6.165704274,0.383972435,2322.649155,5.137016168,2.796275594,348.3973733,CI,VCS,3.2625,954,-0.856776604,-0.641257946,-0.548633353,-0.215518658,CI.VCS,565,-0.332938664,3.069080114,997.302002,5.126949787,-0.3329386640399026,565,488.0788810042403,560.0011421517789,492.57316555477513,529.3645652772146
100283,RSN13908,96,13908, VCS,4.17,34.3277,-116.829,4.957,119.75,405,34.4836,-118.1178,20.3,20.44,0.001164926,0.001458979,2.31e-05,2.7e-05,0.798453146,0.166140771,88.07936887,5.179664862,6.015610792,0.331612558,1987.305149,43.14540741,63.15926407,298.0957724,CI,VCS,3.2625,846,-0.736632292,-0.641257946,-0.548633353,-0.095374346,CI.VCS,501,-0.212719034,3.069080114,997.302002,5.126949787,-0.2127190339783258,501,478.7560845454535,493.9732232481234,457.785773628137,472.04957637051524
100283,RSN13351,96,13351, VCS,4.2,34.3768,-117.6461,8.934,44.95,405,34.4836,-118.1178,13.19,13.25,0.002401683,0.003374533,0.001301179,0.00069505,0.711708241,0.159501244,79.5458399,5.179664862,6.165471616,0.314159265,1910.287912,3.455410402,2.593442562,286.5431868,CI,VCS,3.2625,821,-0.706636042,-0.641257946,-0.548633353,-0.065378096,CI.VCS,486,-0.182321557,3.069080114,997.302002,5.126949787,-0.1823215567939549,486,436.55907290353355,490.06013000018015,435.3501843694265,463.17280410178705
100283,RSN14174,96,14174, VCS,3.81,33.8204,-117.7145,10.077,82.43,405,34.4836,-118.1178,14.98,15.1,-0.00087741,-0.001127431,7.3e-05,9.15e-05,0.778238196,0.160171167,83.60601175,5.179664862,6.204485033,0.331612558,2027.462303,9.589180328,15.44426027,304.1193455,CI,VCS,3.2625,859,-0.751881855,-0.641257946,-0.548633353,-0.110623909,CI.VCS,509,-0.228560949,3.069080114,997.302002,5.126949787,-0.22856094944398375,509,469.83670983994233,495.5713530555805,455.94575923988594,476.3755744203217
100283,RSN17828,96,17828, VCS,3.25,33.9806,-118.6693,13.117,75.46,405,34.4836,-118.1178,13.88,13.96,-0.000154363,-0.000252032,0.000110395,7.16e-05,0.612476543,0.157302794,80.70072745,5.179664862,6.273618806,0.27925268,1726.504665,2.155907821,2.283001948,258.9756998,CI,VCS,3.2625,759,-0.62811471,-0.641257946,-0.548633353,0.013143236,CI.VCS,449,-0.103135821,3.069080114,997.302002,5.126949787,-0.1031358206357158,449,453.00190882640635,442.0296322006767,425.17928473421387,431.834719270315
100283,RSN15451,96,15451, VCS,3.99,34.0514,-117.2429,14.998,93.76,405,34.4836,-118.1178,25.07,25.19,0.000633122,0.00089504,4.1e-05,4.75e-05,0.707367668,0.156432746,81.34867558,5.179664862,6.319789549,0.314159265,1939.579566,13.32888421,21.8302439,290.9369349,CI,VCS,3.2625,830,-0.717538634,-0.641257946,-0.548633353,-0.076280687,CI.VCS,491,-0.192557061,3.069080114,997.302002,5.126949787,-0.19255706068798162,491,449.274143498851,480.21936474343823,432.5770349028685,461.1264929246726
100283,RSN10307,96,10307, VCS,4.34,35.0174,-119.1492,9.557,111.47,405,34.4836,-118.1178,13.18,13.29,-0.000162826,-0.000298789,4.98e-05,6.2e-05,0.544953694,0.161117171,85.55186731,5.179664862,6.187968323,0.244346095,1530.875867,2.626225806,5.999779116,229.6313801,CI,VCS,3.2625,780,-0.655406853,-0.641257946,-0.548633353,-0.014148906,CI.VCS,462,-0.131677824,3.069080114,997.302002,5.126949787,-0.1316778239751999,462,483.85389644640065,457.59955963805714,442.18704953629714,447.91758214686115
100287,RSN13780,98,13780, GMR,4.06,34.1614,-116.9872,11.361,140.17,943,34.7846,-115.6599,13.5,13.56,0.000145265,0.000172714,2.22e-05,4.15e-05,0.841072078,0.159852956,85.7370808,5.179664862,6.238442335,0.34906585,2142.710906,3.500361446,7.77990991,321.4066359,CI,GMR,-999.0,896,0.05112587,-0.000513132,0.092111461,0.051639002,CI.GMR,896,0.05112587,4.426280022,1349.630005,11.59070015,0.05112586965852728,896,786.3068642334125,1046.988256542365,861.4937137898972,1018.0648327655215
100287,RSN17425,98,17425, GMR,3.73,35.2675,-117.3498,7.92,163.26,943,34.7846,-115.6599,40.55,40.62,-0.000943654,-0.000752082,0.000154472,0.000205908,1.254722654,0.163169948,87.55403761,5.179664862,6.122995859,0.453785606,2662.731954,4.582891388,4.868727018,399.4097931,CI,GMR,-999.0,1060,-0.116957904,-0.000513132,0.092111461,-0.116444772,CI.GMR,1060,-0.116957904,4.426280022,1349.630005,11.59070015,-0.1169579044726552,1060,835.1395324814722,1218.0000369197285,1014.9444277519045,1185.5659886952137
100287,RSN11384,98,11384, GMR,4.73,33.7328,-117.4921,10.018,205.16,943,34.7846,-115.6599,24.64,24.81,0.000172981,0.000216847,3.29e-05,1.94e-05,0.797708779,0.161061201,87.45638497,5.179664862,6.202702587,0.331612558,2048.753567,8.916546392,6.591094225,307.3130351,CI,GMR,-999.0,866,0.085181374,-0.000513132,0.092111461,0.085694506,CI.GMR,866,0.085181374,4.426280022,1349.630005,11.59070015,0.08518137407102255,866,867.0083253600375,1021.117430411658,929.346414757322,1003.713908740293
100287,RSN12688,98,12688, GMR,4.34,35.8373,-117.678,6.864,217.54,943,34.7846,-115.6599,21.98,22.08,0.000390767,0.000381548,1.33e-05,2.26e-05,1.024162415,0.163959475,88.44490766,5.179664862,6.096821743,0.401425728,2369.082581,17.29057522,28.68781955,355.3623872,CI,GMR,-999.0,968,-0.026165805,-0.000513132,0.092111461,-0.025652672,CI.GMR,968,-0.026165805,4.426280022,1349.630005,11.59070015,-0.026165804643119017,968,824.3980343711603,1111.6151323214979,1015.0492313717688,1099.7102692489455
100287,RSN17497,98,17497, GMR,3.62,33.9521,-116.3635,9.067,112.77,943,34.7846,-115.6599,24.13,24.18,-0.000140007,-0.000149781,4.08e-05,1.03e-05,0.934746355,0.161633772,85.84329846,5.179664862,6.170551665,0.383972435,2275.152183,13.59291262,3.671102941,341.2728275,CI,GMR,-999.0,939,0.004250803,-0.000513132,0.092111461,0.004763936,CI.GMR,939,0.004250803,4.426280022,1349.630005,11.59070015,0.0042508034251946825,939,826.3732068839896,1074.7828671314276,893.9260066309645,1054.3690713151186
100296,RSN13890,100,13890, SDG,4.17,34.3277,-116.829,4.957,173.6,439,32.784,-117.1381,22.58,22.68,-0.000449026,-0.001226479,0.000243132,7.51e-05,0.366110202,0.166190185,88.68209643,5.179664862,6.015610792,0.174532925,1050.315522,5.979041278,5.044498462,157.5473283,CI,SDG,0.85,618,-0.341989044,-0.246149056,-0.153524463,-0.095839988,CI.SDG,199,0.791194588,11.06569958,87.38960266,7.724770069,0.7911945883506792,199,220.63458389486746,176.8560465781321,203.8772779848535,175.8814203651388
100296,RSN14264,100,14264, SDG,3.94,32.7219,-116.8133,20.237,31.21,439,32.784,-117.1381,20.17,20.25,0.00516193,0.03753894,0.001231308,0.000474378,0.137508665,0.130705401,57.3306539,5.179664862,6.440435438,0.06981317,522.3929413,10.88147005,30.48704305,78.3589412,CI,SDG,0.85,384,0.13385686,-0.246149056,-0.153524463,0.380005917,CI.SDG,384,0.13385686,11.06569958,87.38960266,7.724770069,0.1338568604874446,384,390.4867444336635,389.586517444043,417.7399449964747,414.72687656531343
100296,RSN15719,100,15719, SDG,3.81,32.4923,-116.8468,13.18,42.35,439,32.784,-117.1381,16.75,16.82,0.000553285,0.002512489,0.000236099,4.04e-05,0.220213963,0.152771485,73.45472802,5.179664862,6.274698597,0.104719755,707.7550221,13.69517327,10.64167574,106.1632533,CI,SDG,0.85,458,-0.042369771,-0.246149056,-0.153524463,0.203779285,CI.SDG,458,-0.042369771,11.06569958,87.38960266,7.724770069,-0.04236977103901385,458,429.3282826557668,410.41679692543534,419.4139495076235,411.5316790898174
100296,RSN13288,100,13288, SDG,4.19,34.3571,-116.8418,9.486,176.63,439,32.784,-117.1381,17.93,18.05,-0.000498898,-0.001609347,0.000146754,9.9e-05,0.310000427,0.161477021,87.22382042,5.179664862,6.185563454,0.157079633,928.1909483,5.039373737,10.96629053,139.2286422,CI,SDG,0.85,562,-0.247002437,-0.246149056,-0.153524463,-0.00085338,CI.SDG,562,-0.247002437,11.06569958,87.38960266,7.724770069,-0.2470024368185193,562,548.031263784649,489.18046444530756,538.3989945809923,493.7661613963025
100296,RSN14348,100,14348, SDG,4.19,33.4453,-116.439,8.875,98.17,439,32.784,-117.1381,22.95,23.01,0.000319964,0.00146477,0.000416675,0.000124672,0.218439829,0.161711098,85.31045562,5.179664862,6.16316588,0.104719755,663.4859528,2.566446355,3.515377692,99.52289292,CI,SDG,0.85,438,0.002280503,-0.246149056,-0.153524463,0.248429559,CI.SDG,438,0.002280503,11.06569958,87.38960266,7.724770069,0.002280502698725151,438,400.4254544228461,377.3373185709804,402.11623124564835,384.6872456405893
100296,RSN16779,100,16779, SDG,3.72,33.1099,-116.0467,7.494,108.27,439,32.784,-117.1381,33.07,33.15,0.000218145,0.000769445,6.89e-05,7.18e-05,0.283508942,0.163273721,86.5268883,5.179664862,6.113435346,0.13962634,843.4771676,3.038231198,11.16756168,126.5215751,CI,SDG,0.85,517,-0.163543461,-0.246149056,-0.153524463,0.082605595,CI.SDG,517,-0.163543461,11.06569958,87.38960266,7.724770069,-0.1635434614332576,517,467.5043310346728,444.6634184096046,464.73286549315185,450.2743450080132
100296,RSN12789,100,12789, SDG,4.26,33.9538,-116.3912,7.696,147.19,439,32.784,-117.1381,23.67,23.74,-0.000624112,-0.001740859,0.00072188,0.000269084,0.358507973,0.16327499,87.35599882,5.179664862,6.118116656,0.174532925,1049.351936,2.319394687,2.411562864,157.4027904,CI,SDG,0.85,618,-0.341989044,-0.246149056,-0.153524463,-0.095839988,CI.SDG,199,0.791194588,11.06569958,87.38960266,7.724770069,0.7911945883506792,199,212.41168967707057,174.40926545989032,198.2716962637778,172.9844857793565
100296,RSN16129,100,16129, SDG,3.58,33.827,-117.0296,15.131,116.12,439,32.784,-117.1381,18.75,18.82,-0.000430105,-0.001550817,0.000321558,0.000182656,0.27734093,0.156954018,82.99471118,5.179664862,6.323730411,0.13962634,859.7042326,2.354726918,4.82282201,128.9556349,CI,SDG,0.85,526,-0.1808018,-0.246149056,-0.153524463,0.065347257,CI.SDG,526,-0.1808018,11.06569958,87.38960266,7.724770069,-0.18080179966253862,526,483.99028936462736,446.7885416729629,490.80150779280194,456.5890376076281
100296,RSN8852,100,8852, SDG,5.39,33.9465,-117.7667,14.89,141.58,439,32.784,-117.1381,18.3,19.01,-0.041057283,-0.036143035,0.001178554,0.00031728,1.135966675,0.157541103,84.33398271,5.179664862,6.31653763,0.41887902,2610.998784,129.4039429,30.66727108,391.6498176,CI,SDG,0.85,1044,-0.866315355,-0.246149056,-0.153524463,-0.620166299,CI.SDG,336,0.267388253,11.06569958,87.38960266,7.724770069,0.26738825311196734,336,227.16803725300107,227.7317467771858,259.460375927608,232.00518205885245
100296,RSN12932,100,12932, SDG,4.41,32.707,-116.04,10.16,103.27,439,32.784,-117.1381,21.96,22.2,0.001099996,0.00328376,8.39e-05,7.84e-05,0.334980656,0.160463834,84.86837984,5.179664862,6.206955363,0.157079633,1002.143712,14.03056122,39.13897497,150.3215568,CI,SDG,0.85,603,-0.317417784,-0.246149056,-0.153524463,-0.071268727,CI.SDG,194,0.816641254,11.06569958,87.38960266,7.724770069,0.8166412540118433,194,173.0190400653882,155.76539743093429,172.4917445217976,160.72539482165067
100296,RSN11455,100,11455, SDG,4.73,33.7328,-117.4921,10.018,110.28,439,32.784,-117.1381,23.21,23.4,-0.001166063,-0.003249224,0.000123235,0.000147597,0.358874375,0.160671095,85.27046558,5.179664862,6.202702587,0.174532925,1067.326929,7.900316402,26.36608106,160.0990394,CI,SDG,0.85,623,-0.350047106,-0.246149056,-0.153524463,-0.103898049,CI.SDG,200,0.786182047,11.06569958,87.38960266,7.724770069,0.7861820465271352,200,204.29754141598596,163.95631331152418,193.3613719778677,168.20134636192282
100296,RSN9093,100,9093, SDG,5.2,33.5328,-116.5697,15.48,98.53,439,32.784,-117.1381,14.5,14.68,0.001532222,0.005270501,0.000281187,9.47e-05,0.290716667,0.156154082,81.50967629,5.179664862,6.333749326,0.13962634,902.6604409,16.17974657,18.74375771,135.3990661,CI,SDG,0.85,549,-0.223599028,-0.246149056,-0.153524463,0.022550028,CI.SDG,549,-0.223599028,11.06569958,87.38960266,7.724770069,-0.22359902843435897,549,487.39430841693115,432.295168156085,485.5678572867756,455.56220481018715
100296,RSN9407,100,9407, SDG,4.88,34.0655,-117.0011,17.501,142.7,439,32.784,-117.1381,17.12,17.33,-0.005635313,-0.016471124,0.000378379,0.00021922,0.342132867,0.155582111,83.32513009,5.179664862,6.383907006,0.157079633,1053.425193,25.70619925,43.5307562,158.013779,CI,SDG,0.85,619,-0.34360586,-0.246149056,-0.153524463,-0.097456803,CI.SDG,199,0.791194588,11.06569958,87.38960266,7.724770069,0.7911945883506792,199,212.46950719019992,159.50029515083457,193.15527719667617,165.62478301414276
100296,RSN16296,100,16296, SDG,3.64,33.223,-116.7186,8.687,62.51,439,32.784,-117.1381,24.25,24.32,-0.000767336,-0.00274855,9.83e-05,7.34e-05,0.279178551,0.161179105,82.81765171,5.179664862,6.155594857,0.13962634,842.3219307,10.45416894,27.96083418,126.3482896,CI,SDG,0.85,517,-0.163543461,-0.246149056,-0.153524463,0.082605595,CI.SDG,517,-0.163543461,11.06569958,87.38960266,7.724770069,-0.1635434614332576,517,477.5210131989763,446.21389805767245,482.3321476265105,451.9555222481202
100308,RSN16958,101,16958, NBS,3.63,34.1242,-116.405,9.555,74.14,419,34.7804,-116.558,11.64,11.7,-0.001356016,-0.004590025,0.000258543,0.000277677,0.295426698,0.160476845,83.22391652,5.179664862,6.187901101,0.13962634,891.4643936,4.883429308,17.7534298,133.719659,CI,NBS,-999.0,543,-0.2592384,-0.253287419,-0.160662826,-0.005950981,CI.NBS,543,-0.2592384,8.788499832,585.848999,3.908220053,-0.25923840001179776,543,513.0436980734928,472.28235877556097,504.6199283802796,482.206568975699
100308,RSN18223,101,18223, NBS,4.36,36.3932,-117.8644,8.798,214.57,419,34.7804,-116.558,10.28,10.34,-0.000140222,-0.000509459,0.000120113,5.5e-05,0.275237474,0.162226165,87.90331909,5.179664862,6.160106881,0.13962634,825.8952311,2.549490909,4.24149759,123.8842847,CI,NBS,-999.0,509,-0.194577097,-0.253287419,-0.160662826,0.058710323,CI.NBS,509,-0.194577097,8.788499832,585.848999,3.908220053,-0.19457709662838507,509,489.09991512937194,470.8537016264841,496.8217604160786,475.18912098780123
100308,RSN15639,101,15639, NBS,3.87,33.7513,-116.0218,8.756,124.38,419,34.7804,-116.558,25.52,25.61,0.00055358,0.001424001,0.000249047,0.00017494,0.388749519,0.162057604,86.39188226,5.179664862,6.158414042,0.191986218,1138.656358,3.164399223,5.717800255,170.7984537,CI,NBS,-999.0,642,-0.426717384,-0.253287419,-0.160662826,-0.173429964,CI.NBS,642,-0.426717384,8.788499832,585.848999,3.908220053,-0.42671738376782375,642,663.6921913464593,587.5357316800483,618.5626348389218,589.8739761375829
100308,RSN14412,101,14412, NBS,4.14,34.8632,-116.3444,6.474,21.59,419,34.7804,-116.558,17.43,17.5,-0.002789625,-0.020464754,0.001676755,0.000430823,0.13631364,0.158517056,74.6930194,5.179664862,6.084678138,0.06981317,427.0645604,6.475106946,12.20497568,64.05968406,CI,NBS,-999.0,340,0.208925302,-0.253287419,-0.160662826,0.462212722,CI.NBS,340,0.208925302,8.788499832,585.848999,3.908220053,0.20892530231192996,340,352.5596564398449,365.8731320760636,366.39579769086765,370.01661854170845
100308,RSN13266,101,13266, NBS,4.19,34.3571,-116.8418,9.486,53.7,419,34.7804,-116.558,14.12,14.18,-0.008585723,-0.027537312,0.000207936,0.000227537,0.31178508,0.159556093,80.73147218,5.179664862,6.185563454,0.157079633,944.3048839,37.73330491,132.4316713,141.6457326,CI,NBS,-999.0,571,-0.30951829,-0.253287419,-0.160662826,-0.05623087,CI.NBS,571,-0.30951829,8.788499832,585.848999,3.908220053,-0.3095182897338731,571,526.0389301420377,496.6845418397638,510.9268638484275,506.2969214871177
100308,RSN10483,101,10483, NBS,4.45,34.1081,-117.3062,14.795,101.44,419,34.7804,-116.558,14.35,14.49,-0.004347988,-0.009551461,0.000427798,0.000655021,0.455217039,0.156901394,82.14562034,5.179664862,6.313637877,0.20943951,1349.980397,6.637936799,22.32703519,202.4970596,CI,NBS,-999.0,718,-0.538598649,-0.253287419,-0.160662826,-0.28531123,CI.NBS,718,-0.538598649,8.788499832,585.848999,3.908220053,-0.5385986491260866,718,725.5820091239095,640.466358437634,675.592843565304,647.8855732468959
100341,RSN14475,107,14475, SAL,4.05,32.7091,-116.0396,7.817,63.52,253,33.2801,-115.9859,25.66,25.73,-0.00106217,-0.009579701,0.000669202,0.000189455,0.110877197,0.162398872,83.72544076,5.179664862,6.120791156,0.052359878,339.7600846,5.60645008,14.31511113,50.96401269,CI,SAL,0.206666667,291,-0.139933778,-0.106360308,-0.013735714,-0.033573471,CI.SAL,291,-0.139933778,5.061649799,11.31519985,2.160559893,-0.13993377844397248,291,301.9409125347585,311.85683378107115,314.9312043486656,347.2940798664533
100341,RSN13160,107,13160, SAL,4.06,33.2394,-116.2082,10.532,21.2,253,33.2801,-115.9859,10.52,10.59,0.008612742,0.101645799,0.00533418,0.000162816,0.084732888,0.145189214,64.51753114,5.179664862,6.217520851,0.034906585,290.9375001,52.89862176,19.05556224,43.64062502,CI,SAL,0.206666667,264,-0.042559614,-0.106360308,-0.013735714,0.063800693,CI.SAL,264,-0.042559614,5.061649799,11.31519985,2.160559893,-0.04255961441879563,264,339.32901981726656,289.34235796711994,382.0440255628491,340.33433125951694
100341,RSN14344,107,14344, SAL,4.19,33.4453,-116.439,8.875,45.98,253,33.2801,-115.9859,12.41,12.51,0.003288788,0.022701615,0.005241326,0.000446771,0.144870241,0.159716351,79.85279535,5.179664862,6.16316588,0.06981317,449.9354027,7.361238755,4.331273231,67.49031041,CI,SAL,0.206666667,351,-0.327396735,-0.106360308,-0.013735714,-0.221036427,CI.SAL,351,-0.327396735,5.061649799,11.31519985,2.160559893,-0.3273967347383451,351,369.2173567842349,387.52163161312427,374.10609601007496,427.8640455886276
100341,RSN14008,107,14008, SAL,4.15,33.638,-116.7082,12.649,78.0,253,33.2801,-115.9859,15.76,15.82,0.001232434,0.01283847,0.000963029,0.000105312,0.095995423,0.157768176,81.28573488,5.179664862,6.265244507,0.052359878,303.252194,11.70269295,13.33134309,45.4878291,CI,SAL,0.206666667,271,-0.068729332,-0.106360308,-0.013735714,0.037630976,CI.SAL,271,-0.068729332,5.061649799,11.31519985,2.160559893,-0.06872933215218069,271,320.7679277942543,296.96723251463567,351.2791874647011,335.2031120349804
100341,RSN10515,107,10515, SAL,4.45,34.1081,-117.3062,14.795,153.03,253,33.2801,-115.9859,16.56,16.8,0.001227822,0.007310799,0.000856219,0.000343639,0.167946375,0.157730433,84.78008418,5.179664862,6.313637877,0.087266463,527.0317001,3.572999572,8.538468546,79.05475502,CI,SAL,0.206666667,386,-0.422447881,-0.106360308,-0.013735714,-0.316087573,CI.SAL,386,-0.422447881,5.061649799,11.31519985,2.160559893,-0.42244788073731065,386,397.51748540124726,402.7626051269408,413.30749022992535,450.8544784417292
100341,RSN12863,107,12863, SAL,4.02,33.7129,-116.0516,12.808,48.39,253,33.2801,-115.9859,22.75,22.82,-0.001129832,-0.021593407,0.001476038,8.85e-05,0.052323016,0.154728022,75.89722959,5.179664862,6.268161535,0.017453293,168.875444,12.76646328,14.6293029,25.3313166,CI,SAL,0.206666667,176,0.362905494,-0.106360308,-0.013735714,0.469265801,CI.SAL,176,0.362905494,5.061649799,11.31519985,2.160559893,0.362905493689369,176,301.18004193552883,233.69981260355667,310.00307967874085,265.6198144569543
100345,RSN18998,109,18998, PMPB,3.81,35.6791,-121.1053,4.962,65.57,308,36.2159,-120.8013,21.15,21.23,-0.000506542,-0.002820391,0.000229412,5.56e-05,0.179600117,0.165907959,86.45755387,5.179664862,6.015921757,0.087266463,534.7777247,9.110467626,12.29399944,80.21665871,NC,PMPB,-999.0,389,-0.233479561,-0.253455769,-0.160831176,0.019976209,NC.PMPB,389,-0.233479561,6.045380116,778.3729858,6.695789814,-0.23347956064487185,389,365.78486282425666,321.73637832999725,326.4578447814784,315.0191232092882
100345,RSN18467,109,18467, PMPB,4.48,35.9278,-120.4785,9.525,43.21,308,36.2159,-120.8013,24.6,24.79,0.005995635,0.02906932,1.16e-05,5.68e-05,0.20625302,0.158402023,78.52619719,5.179664862,6.186889166,0.104719755,641.1259158,105.5569542,2505.975862,96.16888737,NC,PMPB,-999.0,430,-0.333685426,-0.253455769,-0.160831176,-0.080229656,NC.PMPB,430,-0.333685426,6.045380116,778.3729858,6.695789814,-0.3336854257140338,430,397.4844408978069,364.95150226550544,358.96647826240576,347.42737828549616
100345,RSN19032,109,19032, PMPB,3.67,35.7257,-121.0955,7.298,60.52,308,36.2159,-120.8013,18.18,18.28,-0.000281498,-0.002042035,8.06e-05,2.56e-05,0.13785145,0.162778492,83.906991,5.179664862,6.108613539,0.06981317,420.489406,10.99601563,25.33542184,63.0734109,NC,PMPB,-999.0,337,-0.089983147,-0.253455769,-0.160831176,0.163472622,NC.PMPB,337,-0.089983147,6.045380116,778.3729858,6.695789814,-0.08998314737878754,337,351.2265207777627,366.9749144145974,343.638084614484,338.00937191471786
100345,RSN14106,109,14106, PMPB,3.8,35.632,-120.7532,6.775,64.93,308,36.2159,-120.8013,37.81,37.9,-0.000704579,-0.003161425,0.000323942,0.000160921,0.222867472,0.163405599,84.76252393,5.179664862,6.094190843,0.104719755,669.2984012,4.378415496,9.759231591,100.3947602,NC,PMPB,-999.0,440,-0.356674944,-0.253455769,-0.160831176,-0.103219175,NC.PMPB,440,-0.356674944,6.045380116,778.3729858,6.695789814,-0.35667494393873245,440,401.62395794046034,361.7765734031822,360.1134618785616,350.04689348555684
100395,RSN19405,120,19405, TA2,3.43,34.1381,-117.4717,5.767,33.07,586,34.382,-117.6782,21.9,21.96,-0.0020055,-0.015538119,0.000937401,7.55e-05,0.129069688,0.163159406,81.25786547,5.179664862,6.057771424,0.06981317,393.2339712,26.56291391,16.575744,58.98509568,CI,TA2,3.9829,323,0.595667466,0.329491476,0.42211607,0.26617599,CI.TA2,323,0.595667466,18.78919983,2190.179932,14.25450039,0.5956674663543557,323,346.6657214041641,362.4126668948168,383.2352379577471,400.8632919050565
100395,RSN9417,120,9417, TA2,4.88,34.0655,-117.0011,17.501,71.59,586,34.382,-117.6782,15.3,15.39,-0.002125695,-0.011452525,0.000750093,4.08e-05,0.185609325,0.152465067,76.73589583,5.179664862,6.383907006,0.087266463,600.7670163,52.10036765,15.26814008,90.11505245,CI,TA2,3.9829,416,0.342634529,0.329491476,0.42211607,0.013143053,CI.TA2,416,0.342634529,18.78919983,2190.179932,14.25450039,0.3426345293157489,416,374.4026610368614,389.39338993877925,375.9623664561019,421.01530531444615
100395,RSN16655,120,16655, TA2,3.69,33.735,-117.4936,9.693,73.76,586,34.382,-117.6782,9.6,9.63,-0.000176474,-0.001250091,0.000432463,7.65e-05,0.141168973,0.160322149,83.11565287,5.179664862,6.192470162,0.06981317,437.0088417,2.306849673,2.890631106,65.55132626,CI,TA2,3.9829,345,0.529775373,0.329491476,0.42211607,0.200283896,CI.TA2,345,0.529775373,18.78919983,2190.179932,14.25450039,0.529775372545652,345,358.2296329916375,369.0910515176693,375.301881524941,406.40026577975266
100395,RSN14422,120,14422, TA2,4.14,34.8632,-116.3444,6.474,133.46,586,34.382,-117.6782,20.1,20.19,-0.000247848,-0.000682113,0.000123795,7.73e-05,0.363353957,0.164206096,87.62532204,5.179664862,6.084678138,0.174532925,1055.914085,3.206313066,5.510020599,158.3871128,CI,TA2,3.9829,620,-0.056399688,0.329491476,0.42211607,-0.385891165,CI.TA2,402,0.376867701,18.78919983,2190.179932,14.25450039,0.37686770095799105,402,426.0116820618798,406.32747131155077,377.77307978294834,397.8098981565572
100395,RSN16030,120,16030, TA2,3.73,35.6346,-117.5657,2.693,139.34,586,34.382,-117.6782,35.16,35.22,-3.59e-05,-8.67e-05,2.68e-05,1.09e-05,0.413675597,0.168393329,89.29199403,5.179664862,5.93802414,0.191986218,1156.394804,3.293577982,3.235074627,173.4592206,CI,TA2,3.9829,646,-0.097479714,0.329491476,0.42211607,-0.42697119,CI.TA2,419,0.33544887,18.78919983,2190.179932,14.25450039,0.33544886965487475,419,442.5870228181677,421.7797522340851,374.8307063593296,395.95891683842655
100395,RSN17534,120,17534, TA2,3.62,33.9521,-116.3635,9.067,130.26,586,34.382,-117.6782,22.23,22.34,9.98e-05,0.000626735,2.22e-05,1.12e-05,0.159223781,0.161744114,86.42167472,5.179664862,6.170551665,0.087266463,487.9342351,8.910714286,28.23130631,73.19013527,CI,TA2,3.9829,368,0.465236851,0.329491476,0.42211607,0.135745375,CI.TA2,368,0.465236851,18.78919983,2190.179932,14.25450039,0.4652368514080809,368,394.5186194187431,384.1806262725868,400.2941649050016,417.96902201538694
100395,RSN17300,120,17300, TA2,3.53,34.2894,-116.8271,6.278,78.99,586,34.382,-117.6782,25.35,25.42,0.00078519,0.003042582,0.000573738,7.35e-05,0.258066916,0.164144844,86.07876835,5.179664862,6.07791863,0.122173048,766.8979439,10.68285714,5.303086078,115.0346916,CI,TA2,3.9829,485,0.189170899,0.329491476,0.42211607,-0.140320578,CI.TA2,485,0.189170899,18.78919983,2190.179932,14.25450039,0.18917089863952885,485,463.50115659727857,456.17481592912804,455.2964890866048,479.96779086021957
100395,RSN17110,120,17110, TA2,3.52,34.2098,-116.4371,4.645,115.85,586,34.382,-117.6782,30.58,30.73,0.000310021,0.001314637,3.6e-05,2.57e-05,0.235822927,0.166731771,88.16866674,5.179664862,5.994593769,0.122173048,693.4537061,12.06307393,36.51769444,104.0180559,CI,TA2,3.9829,451,0.26185245,0.329491476,0.42211607,-0.067639026,CI.TA2,451,0.26185245,18.78919983,2190.179932,14.25450039,0.26185245007433355,451,444.75739994020324,424.79063435557003,437.1528806744405,451.8799277451225
100395,RSN15136,120,15136, TA2,3.78,34.1353,-117.4476,5.857,34.64,586,34.382,-117.6782,23.44,23.49,0.000193118,0.00183496,5.54e-05,2.31e-05,0.105243597,0.163214139,81.6272161,5.179664862,6.061617088,0.052359878,321.0787574,8.36008658,33.12202166,48.16181361,CI,TA2,3.9829,281,0.73496512,0.329491476,0.42211607,0.405473644,CI.TA2,281,0.73496512,18.78919983,2190.179932,14.25450039,0.7349651202432668,281,295.7398629261088,316.9958184385864,344.9150478233806,350.50509392779566
100410,RSN11478,123,11478, TUQ,4.73,33.7328,-117.4921,10.018,237.47,819,35.4358,-115.9239,18.78,18.92,-7.39e-05,-0.00012909,4.38e-05,9.55e-06,0.572330888,0.161102473,87.81168611,5.179664862,6.202702587,0.261799388,1595.852109,7.738219895,2.947260274,239.3778164,CI,TUQ,-999.0,720,0.128832872,0.249087684,0.341712278,-0.120254813,CI.TUQ,720,0.128832872,6.076459885,1279.859985,4.729360104,0.12883287184296854,720,843.8571109925425,877.7042496019286,765.46543805654,863.7868828511905
100410,RSN18192,123,18192, TUQ,4.08,36.3983,-117.8495,7.662,203.99,819,35.4358,-115.9239,10.22,10.41,6.77e-05,0.000298288,1.2e-05,5.14e-06,0.226936601,0.163380697,88.11105851,5.179664862,6.117348091,0.104719755,681.0365363,13.17120623,24.85733333,102.1554804,CI,TUQ,-999.0,446,0.607765132,0.249087684,0.341712278,0.358677447,CI.TUQ,446,0.607765132,6.076459885,1279.859985,4.729360104,0.6077651318330055,446,447.96907508350034,616.0145664588825,438.7627515197647,589.4474280593585
100410,RSN9296,123,9296, TUQ,5.03,35.3852,-118.6292,7.3,245.79,819,35.4358,-115.9239,20.2,20.39,0.001574679,0.003695283,0.000266236,0.000107643,0.426132176,0.163647371,88.52097037,5.179664862,6.108664217,0.20943951,1224.221413,14.62871715,13.87972701,183.633212,CI,TUQ,-999.0,672,0.197825743,0.249087684,0.341712278,-0.051261941,CI.TUQ,672,0.197825743,6.076459885,1279.859985,4.729360104,0.1978257433299202,672,769.3983845078034,820.3074318467117,709.0130128582687,808.9593473036399
100410,RSN18293,123,18293, TUQ,4.2,36.3905,-117.8695,8.829,205.09,819,35.4358,-115.9239,11.0,11.1,5.49e-05,0.000308042,5.49e-05,1.75e-05,0.178252372,0.162181649,87.79139675,5.179664862,6.161345296,0.087266463,543.0854941,3.137142857,5.610965392,81.46282412,CI,TUQ,-999.0,393,0.734274472,0.249087684,0.341712278,0.485186788,CI.TUQ,393,0.734274472,6.076459885,1279.859985,4.729360104,0.7342744719838086,393,395.2047919959123,543.222014546159,390.8676648339965,527.2967229468416
100410,RSN18236,123,18236, TUQ,4.36,36.3932,-117.8644,8.798,204.85,819,35.4358,-115.9239,10.17,10.33,8.65e-05,0.00050868,2.14e-05,1.11e-05,0.170074298,0.162215206,87.80013341,5.179664862,6.160106881,0.087266463,518.7735475,7.792792793,23.77009346,77.81603213,CI,TUQ,-999.0,382,0.762663475,0.249087684,0.341712278,0.513575791,CI.TUQ,382,0.762663475,6.076459885,1279.859985,4.729360104,0.7626634752464945,382,439.36933106438653,512.4518675446411,431.7134490876794,523.5623964915137
100410,RSN12909,123,12909, TUQ,4.11,36.0312,-117.7658,4.03,179.25,819,35.4358,-115.9239,19.99,20.13,9.97e-05,0.000512945,3.95e-05,1.13e-05,0.194423145,0.16829261,89.01926974,5.179664862,5.941161117,0.104719755,570.1221445,8.82300885,12.98594937,85.51832168,CI,TUQ,-999.0,404,0.706669206,0.249087684,0.341712278,0.457581521,CI.TUQ,404,0.706669206,6.076459885,1279.859985,4.729360104,0.7066692058919193,404,393.96854864431043,559.9967757478274,390.97757530691877,540.4146867140291
100410,RSN10548,123,10548, TUQ,4.45,34.1081,-117.3062,14.795,194.18,819,35.4358,-115.9239,13.95,14.05,-0.000709125,-0.001071986,0.000244301,0.000162094,0.661506294,0.157984241,85.91164058,5.179664862,6.313637877,0.296705973,1825.187967,4.374776364,4.387972215,273.7781951,CI,TUQ,-999.0,792,0.033522692,0.249087684,0.341712278,-0.215564992,CI.TUQ,792,0.033522692,6.076459885,1279.859985,4.729360104,0.033522692038643775,792,822.1250086921143,952.1433168823717,781.9848920183083,930.6903213034473
100410,RSN14689,123,14689, TUQ,3.9,35.3429,-118.5645,9.906,240.13,819,35.4358,-115.9239,25.3,25.46,7.55e-05,0.000200414,7.86e-06,6.09e-06,0.3769228,0.161196836,87.85698219,5.179664862,6.199256899,0.174532925,1111.018842,12.39737274,25.49796438,166.6528263,CI,TUQ,-999.0,635,0.254459085,0.249087684,0.341712278,0.005371401,CI.TUQ,635,0.254459085,6.076459885,1279.859985,4.729360104,0.25445908496037806,635,731.2918786550914,783.9779430361534,678.4016690359242,769.8332620913807
100410,RSN14360,123,14360, TUQ,4.19,33.4453,-116.439,8.875,225.82,819,35.4358,-115.9239,9.1,9.19,0.000408243,0.000643663,0.000139942,0.000108583,0.634249654,0.162154096,87.9865245,5.179664862,6.16316588,0.27925268,1718.532305,3.759732186,4.599498364,257.7798458,CI,TUQ,-999.0,757,0.07872083,0.249087684,0.341712278,-0.170366854,CI.TUQ,757,0.07872083,6.076459885,1279.859985,4.729360104,0.07872083041562128,757,819.6135613222345,920.0270372719052,785.5903090499836,899.8157973845115
100410,RSN12722,123,12722, TUQ,4.34,35.8373,-117.678,6.864,165.01,819,35.4358,-115.9239,22.7,22.89,0.000102792,0.000419074,1.59e-05,9.84e-06,0.245284367,0.163913848,87.93964652,5.179664862,6.096821743,0.122173048,732.1183023,10.44634146,26.35685535,109.8177453,CI,TUQ,-999.0,469,0.557481315,0.249087684,0.341712278,0.308393631,CI.TUQ,469,0.557481315,6.076459885,1279.859985,4.729360104,0.5574813154067906,469,462.483446980034,645.5650771005339,443.9455014231,604.2519041852114
100410,RSN14425,123,14425, TUQ,4.14,34.8632,-116.3444,6.474,74.19,819,35.4358,-115.9239,17.44,17.59,-0.003197117,-0.004883866,1.67e-05,1.61e-05,0.654628381,0.163874298,85.65229324,5.179664862,6.084678138,0.296705973,1746.455394,198.5786957,292.4470659,261.9683091,CI,TUQ,-999.0,766,0.066901914,0.249087684,0.341712278,-0.18218577,CI.TUQ,766,0.066901914,6.076459885,1279.859985,4.729360104,0.0669019141124787,766,703.8225634131984,892.6980281548967,684.5095480116781,867.9436094417287
100410,RSN16567,123,16567, TUQ,3.61,34.2449,-117.4464,12.48,191.96,819,35.4358,-115.9239,17.51,17.6,-5.95e-05,-9.73e-05,2.51e-05,2.68e-05,0.611800322,0.159401198,86.54233224,5.179664862,6.262058538,0.27925268,1702.378454,2.220149254,3.876494024,255.3567681,CI,TUQ,-999.0,751,0.086678432,0.249087684,0.341712278,-0.162409252,CI.TUQ,751,0.086678432,6.076459885,1279.859985,4.729360104,0.08667843208893533,751,839.953346737632,916.118754179024,798.7786597207212,900.9225098319639
100410,RSN9114,123,9114, TUQ,5.2,33.5328,-116.5697,15.48,219.28,819,35.4358,-115.9239,13.5,13.68,0.00646537,0.010198872,0.001796641,0.001310107,0.633929905,0.157537231,86.19988068,5.179664862,6.333749326,0.27925268,1768.24435,4.934993859,5.676633228,265.2366525,CI,TUQ,-999.0,773,0.057805035,0.249087684,0.341712278,-0.191282649,CI.TUQ,773,0.057805035,6.076459885,1279.859985,4.729360104,0.0578050352656474,773,776.6784766906914,937.0642954906223,791.6384295264842,921.0619084516005
100410,RSN13570,123,13570, TUQ,4.06,32.7797,-117.3507,7.174,322.7,819,35.4358,-115.9239,2.36,2.53,2.66e-05,3.43e-05,1.47e-05,9.8e-06,0.776709499,0.163758901,88.89812918,5.179664862,6.105409111,0.331612558,1980.502715,2.714285714,2.333333333,297.0754073,CI,TUQ,-999.0,844,-0.030068411,0.249087684,0.341712278,-0.279156095,CI.TUQ,844,-0.030068411,6.076459885,1279.859985,4.729360104,-0.030068410742887686,844,882.9408698086318,992.8808503902053,859.1065074457147,965.436782058301
100410,RSN17301,123,17301, TUQ,3.53,34.2894,-116.8271,6.278,151.64,819,35.4358,-115.9239,36.63,36.77,0.000282849,0.00040096,9e-05,6.36e-05,0.705430371,0.16442825,87.98478391,5.179664862,6.07791863,0.314159265,1841.779298,4.447311321,4.455111111,276.2668947,CI,TUQ,-999.0,798,0.025975486,0.249087684,0.341712278,-0.223112198,CI.TUQ,798,0.025975486,6.076459885,1279.859985,4.729360104,0.02597548640326064,798,816.8440530063874,951.8589904192798,768.5956635008737,912.64927790664
100410,RSN8870,123,8870, TUQ,5.39,33.9465,-117.7667,14.89,236.24,819,35.4358,-115.9239,21.9,22.09,-0.001572971,-0.002100968,0.000433528,0.000254576,0.748689071,0.158038761,86.61738917,5.179664862,6.31653763,0.314159265,1995.285467,6.178787474,4.846210625,299.2928201,CI,TUQ,-999.0,849,-0.035975102,0.249087684,0.341712278,-0.285062787,CI.TUQ,849,-0.035975102,6.076459885,1279.859985,4.729360104,-0.03597510245827795,849,892.4539975165469,1017.9797401637302,857.6269832899571,987.9645408328056
100410,RSN17441,123,17441, TUQ,3.73,35.2675,-117.3498,7.92,130.95,819,35.4358,-115.9239,34.8,34.88,0.000118883,0.00040634,7.89e-05,3.6e-05,0.292570998,0.163084267,86.92940204,5.179664862,6.122995859,0.13962634,869.3902575,3.302305556,5.150063371,130.4085386,CI,TUQ,-999.0,531,0.433322063,0.249087684,0.341712278,0.184234378,CI.TUQ,531,0.433322063,6.076459885,1279.859985,4.729360104,0.43332206261113093,531,497.6177252649756,727.6607638620185,490.7446496102588,677.7325906463893
100410,RSN15533,123,15533, TUQ,3.68,34.7251,-116.0506,2.727,79.69,819,35.4358,-115.9239,27.0,27.09,-0.000208085,-0.00034977,4.98e-05,4.94e-05,0.594918592,0.168364923,88.73161991,5.179664862,5.93802414,0.261799388,1572.621224,4.212246964,7.023493976,235.8931836,CI,TUQ,-999.0,743,0.097388039,0.249087684,0.341712278,-0.151699645,CI.TUQ,743,0.097388039,6.076459885,1279.859985,4.729360104,0.09738803913531058,743,768.0084363778124,884.6109002658582,708.7603569639936,867.7808668406408
100410,RSN13307,123,13307, TUQ,4.19,34.3571,-116.8418,9.486,146.15,819,35.4358,-115.9239,13.99,14.1,0.001994105,0.002767194,0.000396049,0.000290002,0.720623452,0.16138677,86.62742837,5.179664862,6.185563454,0.314159265,1904.12679,6.876176716,6.986999083,285.6190185,CI,TUQ,-999.0,819,0.0,0.249087684,0.341712278,-0.249087684,CI.TUQ,819,0.0,6.076459885,1279.859985,4.729360104,0.0,819,823.2393442457877,974.8994607710093,775.2901496504312,938.3574890607364
100410,RSN13907,123,13907, TUQ,4.17,34.3277,-116.829,4.957,148.18,819,35.4358,-115.9239,19.5,19.64,-0.00019132,-0.000309991,2.45e-05,1.21e-05,0.617179356,0.166173138,88.44750746,5.179664862,6.015610792,0.27925268,1643.641063,15.81157025,12.65269388,246.5461595,CI,TUQ,-999.0,731,0.113670624,0.249087684,0.341712278,-0.13541706,CI.TUQ,731,0.113670624,6.076459885,1279.859985,4.729360104,0.11367062410329165,731,834.8438169031505,885.6651752954253,738.4281854082244,865.7667493797857
100410,RSN17535,123,17535, TUQ,3.62,33.9521,-116.3635,9.067,169.45,819,35.4358,-115.9239,21.04,21.19,-3.02e-05,-5.5e-05,2.01e-06,2.94e-06,0.549051893,0.161873555,87.25089103,5.179664862,6.170551665,0.244346095,1532.675047,10.27210884,27.36318408,229.9012571,CI,TUQ,-999.0,780,0.048790164,0.249087684,0.341712278,-0.20029752,CI.TUQ,780,0.048790164,6.076459885,1279.859985,4.729360104,0.04879016416943216,780,858.7460898804893,952.1473223392732,810.7605105411354,934.3215197237614
100410,RSN17977,123,17977, TUQ,4.04,36.3911,-117.8665,9.439,204.9,819,35.4358,-115.9239,9.68,9.87,8.26e-05,0.000340213,7.87e-06,5.53e-06,0.242841807,0.161569382,87.61950327,5.179664862,6.183950287,0.122173048,735.7538967,14.93670886,43.22909784,110.3630845,CI,TUQ,-999.0,471,0.55322599,0.249087684,0.341712278,0.304138305,CI.TUQ,471,0.55322599,6.076459885,1279.859985,4.729360104,0.553225989836652,471,474.2975610069376,650.0846893407232,461.5799812785955,614.1745198654747
100427,RSN11078,125,11078, JSGB,4.35,36.6065,-121.2101,6.13,106.08,376,37.284,-122.0502,22.6,22.8,-0.000783358,-0.003218388,0.000685811,0.000300638,0.243400792,0.164477301,87.17606436,5.179664862,6.072483163,0.122173048,724.3178489,2.60565198,4.692820617,108.6476773,NC,JSGB,-999.0,466,-0.214596491,0.037488864,0.130113457,-0.252085355,NC.JSGB,466,-0.214596491,19.41049957,188.0809937,4.954850197,-0.21459649073575093,466,424.73208951616874,367.91889160776344,414.37942894092856,365.63462423918503
100427,RSN20898,125,20898, JSGB,3.7,37.8077,-122.0707,11.554,58.15,376,37.284,-122.0502,10.11,10.25,-0.001021126,-0.011072038,0.000138207,0.000107528,0.092225701,0.157505841,79.51003478,5.179664862,6.242859346,0.052359878,291.9312588,9.496373038,80.11199143,43.78968882,NC,JSGB,-999.0,265,0.349859317,0.037488864,0.130113457,0.312370453,NC.JSGB,265,0.349859317,19.41049957,188.0809937,4.954850197,0.3498593174036726,265,313.60461223000453,324.50851036791727,347.2291382766682,316.6673924189838
100427,RSN15821,125,15821, JSGB,3.57,37.0656,-122.2831,5.852,31.86,376,37.284,-122.0502,22.03,22.1,-0.001230108,-0.005675539,0.000365523,0.000137952,0.216738457,0.162861902,80.81291561,5.179664862,6.061407057,0.104719755,653.8948941,8.916927627,15.52717339,98.08423412,NC,JSGB,-999.0,434,-0.143455391,0.037488864,0.130113457,-0.180944255,NC.JSGB,434,-0.143455391,19.41049957,188.0809937,4.954850197,-0.1434553907105105,434,410.10943393114115,356.8603491774776,407.47753718716314,349.5869286567525
100427,RSN20102,125,20102, JSGB,4.2,37.8056,-122.1853,4.131,59.11,376,37.284,-122.0502,4.0,4.24,-0.000691396,-0.005250697,5.25e-05,0.000118563,0.131676947,0.167777503,86.85591255,5.179664862,5.951303027,0.06981317,390.0050718,5.831465128,100.0132762,58.50076077,NC,JSGB,-999.0,321,0.15814802,0.037488864,0.130113457,0.120659156,NC.JSGB,321,0.15814802,19.41049957,188.0809937,4.954850197,0.15814802025987884,321,331.85241224881656,335.72444137174386,344.755248782717,323.2340670483625
100461,RSN9068,137,9068, PDM,5.2,33.5328,-116.5697,15.48,240.27,1312,34.3034,-114.1415,13.2,13.3,0.000527413,0.000512903,8.16e-05,0.00013247,1.028289394,0.157595394,86.53292882,5.179664862,6.333749326,0.401425728,2470.066566,3.981376916,6.28557598,370.5099849,CI,PDM,-999.0,1000,0.271552691,0.269239266,0.361863859,0.002313425,CI.PDM,1000,0.271552691,17.89559937,155.1119995,8.612790108,0.27155269052189723,1000,852.2925675313322,929.9702191550977,1136.8122250508254,1062.8085595881969
100461,RSN12775,137,12775, PDM,4.26,33.9538,-116.3912,7.696,211.12,1312,34.3034,-114.1415,22.8,22.9,-0.001079785,-0.001270342,0.000394694,0.000496607,0.849995751,0.16336517,88.1649696,5.179664862,6.118116656,0.34906585,2110.361806,2.174324969,3.218549053,316.5542709,CI,PDM,-999.0,886,0.392591019,0.269239266,0.361863859,0.123351753,CI.PDM,886,0.392591019,17.89559937,155.1119995,8.612790108,0.392591018898953,886,928.3411370268816,866.1820691559128,1111.617632374787,975.4622746878208
100461,RSN10493,137,10493, PDM,4.45,34.1081,-117.3062,14.795,292.47,1312,34.3034,-114.1415,14.03,14.12,0.000164163,0.000155223,4.06e-05,3.54e-05,1.057595243,0.15820962,87.28589692,5.179664862,6.313637877,0.401425728,2497.360348,4.637372881,3.823226601,374.6040522,CI,PDM,-999.0,1009,0.262592949,0.269239266,0.361863859,-0.006646317,CI.PDM,1009,0.262592949,17.89559937,155.1119995,8.612790108,0.2625929491504255,1009,838.3138113182665,935.6969685484594,1170.436754893895,1072.3818945421908
100461,RSN14413,137,14413, PDM,4.14,34.8632,-116.3444,6.474,211.44,1312,34.3034,-114.1415,29.25,29.33,-0.002085112,-0.001364886,0.000324569,0.00042163,1.527682302,0.164291424,88.50682814,5.179664862,6.084678138,0.488692191,2890.572064,4.945359676,4.205226007,433.5858096,CI,PDM,-999.0,1129,0.150220405,0.269239266,0.361863859,-0.119018861,CI.PDM,1129,0.150220405,17.89559937,155.1119995,8.612790108,0.1502204053543723,1129,1029.347028953287,1074.688969867741,1301.9997134296627,1222.9327602509481
100522,RSN17543,140,17543, SMV,3.37,34.0531,-118.8243,10.415,25.27,260,34.2709,-118.7441,19.63,19.72,-0.001548493,-0.021145052,0.000417766,0.000232022,0.073231917,0.149804955,68.58033662,5.179664862,6.214284019,0.034906585,243.9200919,6.673905923,50.61458328,36.58801379,CI,SMV,1.013574333,233,0.109643177,-0.179620587,-0.086995994,0.289263764,CI.SMV,233,0.109643177,2.530819893,277.7080078,1.301259995,0.10964317744982743,233,370.60203698930854,393.9869554330617,312.13943131777023,355.56999939391386
100522,RSN8430,140,8430, SMV,4.92,34.31,-116.848,6.3,174.24,260,34.2709,-118.7441,18.95,19.04,-0.003299754,-0.028571822,0.006752863,0.001035396,0.115489815,0.164430774,88.23504898,5.179664862,6.078701489,0.052359878,349.341876,3.186948762,4.231067919,52.4012814,CI,SMV,1.013574333,297,-0.133050508,-0.179620587,-0.086995994,0.046570079,CI.SMV,297,-0.133050508,2.530819893,277.7080078,1.301259995,-0.1330505077871722,297,389.241371231491,360.37124708600203,340.66670442649917,313.25282982548345
100522,RSN13457,140,13457, SMV,3.9,34.4032,-118.651,13.612,16.99,260,34.2709,-118.7441,19.68,19.83,0.004865558,0.035780116,0.000421001,0.000191147,0.135984967,0.125019459,51.75305435,5.179664862,6.281821568,0.06981317,540.2098525,25.45453499,84.98819718,81.03147788,CI,SMV,1.013574333,391,-0.408025929,-0.179620587,-0.086995994,-0.228405342,CI.SMV,391,-0.408025929,2.530819893,277.7080078,1.301259995,-0.40802592896983825,391,390.183744810991,436.0875786216551,384.17402302474295,400.2003835695833
100522,RSN9986,140,9986, SMV,4.59,34.9977,-119.1926,10.662,90.51,260,34.2709,-118.7441,7.7,7.91,0.00211093,0.012033203,0.000671439,0.000191183,0.175425491,0.159806154,83.80413195,5.179664862,6.221029194,0.087266463,542.6786535,11.04141059,17.92151335,81.40179803,CI,SMV,1.013574333,392,-0.410580209,-0.179620587,-0.086995994,-0.230959622,CI.SMV,392,-0.410580209,2.530819893,277.7080078,1.301259995,-0.4105802087749346,392,388.3309748796857,406.3570603597947,354.1297485640242,373.03502840488136
100522,RSN10809,140,10809, SMV,4.66,34.2983,-118.6255,8.038,11.34,260,34.2709,-118.7441,18.84,18.9,-0.017939486,-0.216047683,0.012590459,0.000621069,0.083034844,0.133480145,54.86211705,5.179664862,6.126524324,0.034906585,310.1608957,28.88485176,17.15963517,46.52413436,CI,SMV,1.013574333,275,-0.056089467,-0.179620587,-0.086995994,0.12353112,CI.SMV,275,-0.056089467,2.530819893,277.7080078,1.301259995,-0.056089466651044084,275,349.3524928314139,413.3308382620864,312.47929057086026,374.66468513482135
100537,RSN18628,142,18628, HCAB,3.69,37.4342,-121.7815,7.42,52.47,646,37.0254,-121.4845,21.15,21.22,-0.001992017,-0.006223658,0.000794573,0.000445362,0.320071742,0.162340773,82.82521174,5.179664862,6.111648575,0.157079633,950.5555971,4.472804146,7.83270763,142.5833396,NC,HCAB,-999.0,575,0.116429463,0.032942719,0.125567312,0.083486744,NC.HCAB,575,0.116429463,14.84619999,287.9559937,4.530789852,0.11642946298525114,575,515.7444913945914,465.8437973718921,507.3360539258141,456.17259274350454
100537,RSN21427,142,21427, HCAB,4.1,37.862,-121.9995,13.322,103.43,646,37.0254,-121.4845,6.2,6.3,-0.000583266,-0.00186015,0.000517181,0.000163569,0.31355834,0.158159529,83.11182347,5.179664862,6.277093244,0.157079633,957.5871006,3.565871284,3.596709856,143.6380651,NC,HCAB,-999.0,578,0.111225635,0.032942719,0.125567312,0.078282916,NC.HCAB,578,0.111225635,14.84619999,287.9559937,4.530789852,0.1112256351102241,578,527.1278260114424,467.40868638876117,514.7177963963484,455.04015333764175
100537,RSN21248,142,21248, HCAB,4.6,37.5255,-118.8612,10.217,239.19,646,37.0254,-121.4845,4.58,5.12,0.002191396,0.00266555,0.000182295,0.000188438,0.822117679,0.160945556,87.78222088,5.179664862,6.208627201,0.34906585,2098.097392,11.62926798,14.62217834,314.7146088,NC,HCAB,-999.0,882,-0.311392552,0.032942719,0.125567312,-0.344335271,NC.HCAB,882,-0.311392552,14.84619999,287.9559937,4.530789852,-0.3113925522241896,882,900.0595670435723,769.216983262913,879.1689096237121,740.0214136027139
100537,RSN19193,142,19193, HCAB,3.8,36.6888,-121.3205,4.454,40.11,646,37.0254,-121.4845,21.35,21.44,-0.000706258,-0.001600379,0.000638618,0.000203414,0.441307021,0.166539176,84.80638678,5.179664862,5.979941298,0.20943951,1239.160403,3.472022575,2.506003589,185.8740605,NC,HCAB,-999.0,677,-0.046871769,0.032942719,0.125567312,-0.079814488,NC.HCAB,677,-0.046871769,14.84619999,287.9559937,4.530789852,-0.04687176912967317,677,691.0644490088159,583.254988206477,646.2049357938232,551.0301816672711
100537,RSN21317,142,21317, HCAB,4.2,36.8832,-121.619,7.507,19.81,646,37.0254,-121.4845,14.17,14.29,-0.00578204,-0.040721653,0.000400645,0.000206308,0.141989325,0.153823391,70.12507677,5.179664862,6.113745147,0.06981317,458.0665744,28.02625201,101.6402376,68.70998616,NC,HCAB,-999.0,355,0.598681714,0.032942719,0.125567312,0.565738995,NC.HCAB,355,0.598681714,14.84619999,287.9559937,4.530789852,0.5986817143071859,355,367.63074467037717,363.4072913232773,377.38961880051056,351.71197263366105
100537,RSN11670,142,11670, HCAB,4.3,37.2793,-121.6191,3.442,30.61,646,37.0254,-121.4845,19.14,19.2,0.004963011,0.010390392,0.001930913,0.000613028,0.477653853,0.167812276,85.18665561,5.179664862,5.93802414,0.226892803,1317.76228,8.095896109,5.381077242,197.664342,NC,HCAB,-999.0,707,-0.090231162,0.032942719,0.125567312,-0.123173881,NC.HCAB,707,-0.090231162,14.84619999,287.9559937,4.530789852,-0.09023116211397131,707,697.8514591191108,602.7713713246202,663.9514386577082,571.7069050298646
100537,RSN19063,142,19063, HCAB,4.0,36.6775,-121.3009,6.377,41.94,646,37.0254,-121.4845,16.63,16.89,-0.002186481,-0.004821947,0.00034271,0.000207262,0.453443631,0.162970171,82.34391009,5.179664862,6.081392586,0.20943951,1295.475717,10.54935782,14.07005048,194.3213576,NC,HCAB,-999.0,698,-0.077419599,0.032942719,0.125567312,-0.110362318,NC.HCAB,698,-0.077419599,14.84619999,287.9559937,4.530789852,-0.07741959897977058,698,723.1013204442155,604.5118740924502,666.7719767668773,567.6701811899368
100537,RSN19081,142,19081, HCAB,3.6,36.6809,-121.3013,6.35,41.57,646,37.0254,-121.4845,21.65,21.78,-0.001088104,-0.002430251,0.000455131,0.000411702,0.447733304,0.163009726,82.38190167,5.179664862,6.080457504,0.20943951,1281.481192,2.642940768,5.339673632,192.2221788,NC,HCAB,-999.0,693,-0.070230495,0.032942719,0.125567312,-0.103173214,NC.HCAB,693,-0.070230495,14.84619999,287.9559937,4.530789852,-0.07023049540730142,693,729.0113841977773,601.9799742957626,676.3865155046841,563.6037758805533
100537,RSN8686,142,8686, HCAB,5.45,37.4317,-121.7767,7.486,52.02,646,37.0254,-121.4845,16.63,16.87,-0.148096708,-0.307994936,0.011303743,0.009541669,0.480841373,0.162220101,82.60886464,5.179664862,6.113244097,0.226892803,1370.652701,15.52104857,27.2471637,205.5979052,NC,HCAB,-999.0,725,-0.115372151,0.032942719,0.125567312,-0.14831487,NC.HCAB,725,-0.115372151,14.84619999,287.9559937,4.530789852,-0.11537215107207288,725,702.4449490325061,606.9684366304284,674.96153827059,583.1959044159418
100537,RSN18829,142,18829, HCAB,4.05,37.4812,-121.7987,11.01,57.76,646,37.0254,-121.4845,41.1,41.22,-0.006554579,-0.016050106,0.003635299,0.001239602,0.408382296,0.15800942,79.86541344,5.179664862,6.229990225,0.191986218,1218.808589,5.287647971,4.415071773,182.8212884,NC,HCAB,-999.0,669,-0.034984556,0.032942719,0.125567312,-0.067927275,NC.HCAB,669,-0.034984556,14.84619999,287.9559937,4.530789852,-0.03498455634562703,669,675.985033844264,570.8643504136879,636.7176505001989,545.3051119741492
100537,RSN19147,142,19147, HCAB,3.9,36.6979,-121.3332,5.002,38.77,646,37.0254,-121.4845,15.88,15.93,-0.000582161,-0.002227442,0.000954543,0.000246591,0.261358471,0.1651941,83.82676363,5.179664862,6.018382641,0.122173048,771.1385923,2.360836365,2.333516667,115.6707888,NC,HCAB,-999.0,487,0.282535381,0.032942719,0.125567312,0.249592662,NC.HCAB,487,0.282535381,14.84619999,287.9559937,4.530789852,0.28253538070001216,487,459.7812818729139,409.87927794054104,438.04521445970397,389.0279571227259
100545,RSN15129,146,15129, RSS,3.78,34.1353,-117.4476,5.857,21.15,360,33.9733,-117.3267,20.13,20.2,-0.001949399,-0.011619016,0.0007086,0.00071096,0.16777663,0.16031288,76.34996733,5.179664862,6.061617088,0.087266463,518.0320267,2.741925003,16.39714366,77.70480401,CI,RSS,2.05,382,-0.059316577,0.040539018,0.133163611,-0.099855595,CI.RSS,382,-0.059316577,7.158249855,331.2420044,3.277760029,-0.05931657715641947,382,390.4999661826667,381.5711580371608,389.9676945304579,383.17825996567905
100545,RSN13883,146,13883, RSS,4.17,34.3277,-116.829,4.957,60.43,360,33.9733,-117.3267,19.16,19.22,-0.000816418,-0.00545544,0.000470554,0.000249089,0.149652137,0.165861547,86.16304442,5.179664862,6.015610792,0.06981317,447.2598873,3.277615631,11.59365344,67.0889831,CI,RSS,2.05,350,0.028170877,0.040539018,0.133163611,-0.012368141,CI.RSS,350,0.028170877,7.158249855,331.2420044,3.277760029,0.028170876966696845,350,366.48322214681775,355.21814007085186,360.6441912612546,362.6483802550947
100545,RSN12030,146,12030, RSS,4.37,34.0559,-117.2442,15.833,11.92,360,33.9733,-117.3267,24.6,24.63,-0.001226636,-0.017689204,0.004819569,0.000340156,0.069343769,0.093903052,36.56025077,5.179664862,6.343433553,0.034906585,368.5706049,3.606098378,3.67028753,55.28559074,CI,RSS,2.05,309,0.152762755,0.040539018,0.133163611,0.112223736,CI.RSS,309,0.152762755,7.158249855,331.2420044,3.277760029,0.15276275455240995,309,459.7211070384846,423.70467901281864,477.664493044405,477.09677456208533
100549,RSN11274,147,11274, SMM,4.39,35.6421,-120.9543,5.902,94.29,225,35.3142,-119.9958,14.0,14.21,0.000735045,0.012688198,0.000170415,5.12e-05,0.057931373,0.164692931,86.98275016,5.179664862,6.063488731,0.034906585,175.6894548,14.35634766,74.45470176,26.35341822,CI,SMM,0.940016,182,0.212093715,-0.180500098,-0.087875505,0.392593813,CI.SMM,182,0.212093715,2.213140011,599.1740112,0.199263006,0.21209371512762498,182,312.4716451964013,280.32714090421905,240.19630223283386,251.04678501299145
100549,RSN9278,147,9278, SMM,5.03,35.3852,-118.6292,7.3,124.47,225,35.3142,-119.9958,13.61,13.96,0.001695014,0.01309028,0.000299458,8.54e-05,0.129486469,0.163487601,87.06790039,5.179664862,6.108664217,0.06981317,393.6910238,19.84793911,43.71324192,59.05365357,CI,SMM,0.940016,323,-0.361551921,-0.180500098,-0.087875505,-0.181051823,CI.SMM,323,-0.361551921,2.213140011,599.1740112,0.199263006,-0.3615519210182363,323,326.30656070203435,316.52493947164777,288.2497955200216,285.32904889380205
100549,RSN13455,147,13455, SMM,3.9,34.4032,-118.651,13.612,159.18,225,35.3142,-119.9958,26.3,26.48,7.17e-05,0.000543624,7.33e-05,7.45e-06,0.131870591,0.158684753,85.43616799,5.179664862,6.281821568,0.06981317,412.9487274,9.624161074,7.416425648,61.94230911,CI,SMM,0.940016,333,-0.392042088,-0.180500098,-0.087875505,-0.21154199,CI.SMM,333,-0.392042088,2.213140011,599.1740112,0.199263006,-0.3920420877760238,333,353.9054545204419,329.19464194466553,310.26593540136344,296.32810058571886
