SSN,File.name,Code,RSN,SID,Mw,E.Lat,E.Long,E.Dep,EpiD,Vs30_mea,S.Lat,S.Long,p.ver,peak.time,Ur,Uz,max.noise.ver.05,max.noise.rad.05,U.ratio,ray.p,i2.angle,Vp_1,Vp_2,j.angle,Vsz,SNRrad,SNRver,z_0.15,network,station,f0,Vs30_est,Res,y_bar,eta,within_res,station2,Vs30_f0,Res_f0,slope,mean_ele_500m,slope_500m,log_res,P-wave_pred,Set1_pred,Set2_pred,Set3_pred,Set4_pred
1310,RSN11501,2,11501,13096,4.73,33.7328,-117.4921,10.018,21.2,646,33.699,-117.267,24.75,24.775,0.003061105,0.01743913,0.001256407,0.000951544,0.17553082,0.146970487,65.72938663,5.179664862,6.202702587,0.087266463,590.4172747,3.216987338,13.88015985,88.56259121,CE,13096,6.42143,412,0.449776154,-0.084978458,0.007646135,0.534754612,CE.13096,412,0.449776154,5.790719986,436.6180115,1.587949991,0.44977615443307517,412,381.64306928281604,373.1168069705001,324.29982059597256,328.63784824688463
1310,RSN10573,2,10573,13096,4.45,34.1081,-117.3062,14.795,45.52,646,33.699,-117.267,19.4,19.505,-0.03191384,-0.024361638,0.000542156,0.000981913,1.310003876,0.151133427,72.5926063,5.179664862,6.313637877,0.453785606,2930.37901,32.50169822,44.93473834,439.5568515,CE,13096,6.42143,1141,-0.568860846,-0.084978458,0.007646135,-0.483882388,CE.13096,918,-0.351397887,5.790719986,436.6180115,1.587949991,-0.35139788683788886,918,612.1754305832189,679.5875469204547,663.421371783363,638.2389929078114
1310,RSN15457,2,15457,13096,3.99,34.0514,-117.2429,14.998,39.15,646,33.699,-117.267,20.25,20.31,-0.003927207,-0.007156505,0.00059726,0.000437127,0.548760509,0.148479491,69.77779578,5.179664862,6.319789549,0.244346095,1670.242381,8.984132758,11.98222717,250.5363572,CE,13096,6.42143,740,-0.135850682,-0.084978458,0.007646135,-0.050872224,CE.13096,596,0.080558837,5.790719986,436.6180115,1.587949991,0.08055883671725184,596,564.5385854916262,501.1797798173472,498.7944108804108,462.6825291993177
3039,RSN16086,8,16086, BBS,3.58,33.827,-117.0296,15.131,11.35,341,33.921,-116.981,16.83,16.89,-0.007772645,-0.085597566,0.003359039,0.000330356,0.090804508,0.097135931,37.89827473,5.179664862,6.323730411,0.052359878,466.1318062,23.52808788,25.48275444,69.91977093,CI,BBS,0.377483,359,-0.051439911,-0.115453137,-0.022828543,0.064013225,CI.BBS,359,-0.051439911,3.129859924,781.7869873,1.160560012,-0.05143991120476166,359,394.98099424788285,377.9735837888532,347.7045304839223,335.24168416047576
3039,RSN15250,8,15250, BBS,3.86,34.1976,-117.3882,14.177,48.52,341,33.921,-116.981,22.42,22.48,0.001507103,0.012208178,0.000734883,0.000138907,0.12345029,0.152987021,74.33853798,5.179664862,6.293825021,0.06981317,401.4013243,10.8497268,16.61241041,60.21019865,CI,BBS,0.377483,327,0.041922306,-0.115453137,-0.022828543,0.157375443,CI.BBS,327,0.041922306,3.129859924,781.7869873,1.160560012,0.041922306386263486,327,343.90233410175426,315.8556175064384,268.49187239141645,262.6299400202468
3039,RSN19359,8,19359, BBS,3.43,34.1381,-117.4717,5.767,51.32,341,33.921,-116.981,25.92,26.03,0.000821836,0.003270244,0.000545698,0.000134952,0.251307356,0.164332033,84.55388179,5.179664862,6.057771424,0.122173048,747.1483026,6.08983935,5.992772559,112.0722454,CI,BBS,0.377483,476,-0.333535377,-0.115453137,-0.022828543,-0.21808224,CI.BBS,476,-0.333535377,3.129859924,781.7869873,1.160560012,-0.3335353769479035,476,430.32603299747615,379.979705754114,372.09308854146684,343.65118862439635
3039,RSN16243,8,16243, BBS,3.64,33.223,-116.7186,8.687,81.16,341,33.921,-116.981,26.16,26.23,-0.000622381,-0.00308716,0.000141253,0.000218438,0.201603095,0.161690196,84.44239885,5.179664862,6.155594857,0.104719755,614.4818615,2.849234108,21.85553581,92.17227923,CI,BBS,0.377483,421,-0.210750356,-0.115453137,-0.022828543,-0.09529722,CI.BBS,421,-0.210750356,3.129859924,781.7869873,1.160560012,-0.2107503563988642,421,402.2625374836385,356.5866827965004,343.44305232743807,313.269766175277
3039,RSN16511,8,16511, BBS,3.61,34.2449,-117.4464,12.48,56.0,341,33.921,-116.981,16.7,16.74,-0.000416302,-0.00226758,0.000252515,0.000206404,0.183588682,0.1562011,77.99802483,5.179664862,6.262058538,0.087266463,580.2213898,2.016927967,8.979981387,87.03320847,CI,BBS,0.377483,408,-0.179384697,-0.115453137,-0.022828543,-0.063931561,CI.BBS,408,-0.179384697,3.129859924,781.7869873,1.160560012,-0.17938469712064453,408,375.36112821322666,340.962456484596,321.35194519042386,292.4067309045316
3039,RSN13775,8,13775, BBS,4.06,34.1614,-116.9872,11.361,26.67,341,33.921,-116.981,15.99,16.04,-0.002676964,-0.031051377,0.001018655,0.000258481,0.08621079,0.148082728,67.48892695,5.179664862,6.238442335,0.034906585,290.1916671,10.35652137,30.48272182,43.52875007,CI,BBS,0.377483,264,0.255933374,-0.115453137,-0.022828543,0.371386511,CI.BBS,264,0.255933374,3.129859924,781.7869873,1.160560012,0.25593337413720096,264,314.9316287123377,286.7597738079155,260.3730711986966,251.53781300859558
3039,RSN18058,8,18058, BBS,5.19,36.4034,-117.8499,9.418,286.55,341,33.921,-116.981,11.58,11.7,-0.000304904,-0.001364563,0.000195453,0.000136365,0.223444183,0.161657426,88.3081555,5.179664862,6.183223963,0.104719755,678.2047939,2.235940307,6.981540319,101.7307191,CI,BBS,0.377483,444,-0.263942085,-0.115453137,-0.022828543,-0.148488949,CI.BBS,444,-0.263942085,3.129859924,781.7869873,1.160560012,-0.26394208514870776,444,493.61855373152446,383.6243635065263,411.0520051634816,333.0800532653084
3039,RSN10908,8,10908, BBS,4.26,33.8776,-116.2019,10.062,72.22,341,33.921,-116.981,26.27,26.35,0.00334383,0.0183787,0.000827985,0.000612502,0.181940494,0.159888388,82.72644798,5.179664862,6.204033973,0.087266463,561.9140435,5.459296459,22.1968997,84.28710653,CI,BBS,0.377483,400,-0.15958207,-0.115453137,-0.022828543,-0.044128933,CI.BBS,400,-0.15958207,3.129859924,781.7869873,1.160560012,-0.15958206982446477,400,366.57534970784116,335.75110358670025,309.54071746927434,283.92972363540684
3039,RSN8177,8,8177, BBS,4.92,33.5083,-116.5143,15.2,63.0,341,33.921,-116.981,24.15,24.23,-0.003700095,-0.022031987,0.000858653,0.00019411,0.167941965,0.154094168,77.09990833,5.179664862,6.325747735,0.087266463,539.4546444,19.06184638,25.65877834,80.91819666,CI,BBS,0.377483,391,-0.136825083,-0.115453137,-0.022828543,-0.021371946,CI.BBS,391,-0.136825083,3.129859924,781.7869873,1.160560012,-0.1368250827018489,391,364.8446422272196,332.17621841493076,296.9063782145432,280.6026306322541
3039,RSN16699,8,16699, BBS,3.73,33.5058,-116.7636,16.276,50.27,341,33.921,-116.981,23.35,23.48,-0.001249306,-0.005822795,0.000346509,0.00029685,0.214554387,0.150225553,72.68486601,5.179664862,6.3549922,0.104719755,702.066637,4.208543035,16.8041667,105.3099956,CI,BBS,0.377483,456,-0.290610332,-0.115453137,-0.022828543,-0.175157196,CI.BBS,456,-0.290610332,3.129859924,781.7869873,1.160560012,-0.2906103322308695,456,428.20338352215487,380.37740388050884,348.7810375654313,322.4833413441062
3039,RSN17479,8,17479, BBS,3.62,33.9521,-116.3635,9.067,57.2,341,33.921,-116.981,19.1,19.16,0.001911262,0.012637582,0.000475287,0.000189247,0.151236329,0.160404301,81.80272963,5.179664862,6.170551665,0.06981317,467.2639386,10.0992988,26.58937021,70.08959079,CI,BBS,0.377483,359,-0.051439911,-0.115453137,-0.022828543,0.064013225,CI.BBS,359,-0.051439911,3.129859924,781.7869873,1.160560012,-0.05143991120476166,359,370.83049057041154,333.35092204704614,287.70141480340254,276.89210714273804
3039,RSN15147,8,15147, BBS,3.9,33.867,-117.1038,11.856,12.84,341,33.921,-116.981,17.41,17.5,0.045101032,0.239691391,0.007986142,0.000632484,0.188162922,0.118661457,47.8654059,5.179664862,6.24946745,0.087266463,782.1725661,71.30778328,30.01341461,117.3258849,CI,BBS,0.377483,491,-0.364561651,-0.115453137,-0.022828543,-0.249108514,CI.BBS,491,-0.364561651,3.129859924,781.7869873,1.160560012,-0.3645616505110034,491,424.66287860462836,408.41643373446004,381.51740566759366,355.4906921659287
3039,RSN16577,8,16577, BBS,3.69,33.735,-117.4936,9.693,51.74,341,33.921,-116.981,13.07,13.12,0.000614017,0.002851385,0.000937265,0.000297973,0.215339753,0.159099769,80.13714303,5.179664862,6.192470162,0.104719755,665.2273617,2.060646434,3.042239921,99.78410426,CI,BBS,0.377483,438,-0.250336433,-0.115453137,-0.022828543,-0.134883297,CI.BBS,438,-0.250336433,3.129859924,781.7869873,1.160560012,-0.2503364330929294,438,394.6241882929546,368.6878216081874,333.81473159600165,307.43701836231423
3039,RSN14982,8,14982, BBS,3.74,34.1651,-117.4332,7.875,49.77,341,33.921,-116.981,21.65,21.71,0.000872126,0.006100136,0.00052289,0.000196546,0.142968276,0.161694105,81.84900965,5.179664862,6.12204057,0.06981317,438.7142211,4.437261506,11.66619365,65.80713317,CI,BBS,0.377483,346,-0.014556298,-0.115453137,-0.022828543,0.100896839,CI.BBS,346,-0.014556298,3.129859924,781.7869873,1.160560012,-0.01455629777420775,346,346.58265469594744,318.3829804241862,279.173317813083,270.8654533884307
3039,RSN13815,8,13815, BBS,4.17,34.3277,-116.829,4.957,47.24,341,33.921,-116.981,21.4,21.52,-0.004108067,-0.02381155,0.000200358,0.000172586,0.172524131,0.165595178,84.97471681,5.179664862,6.015610792,0.087266463,515.2962416,23.80301415,118.8450174,77.29443624,CI,BBS,0.377483,380,-0.108288775,-0.115453137,-0.022828543,0.007164361,CI.BBS,380,-0.108288775,3.129859924,781.7869873,1.160560012,-0.10828877543691462,380,370.2474851267123,331.42223056738607,304.76776314108525,287.13106576743695
3039,RSN12730,8,12730, BBS,4.26,33.9538,-116.3912,7.696,54.65,341,33.921,-116.981,22.9,22.95,0.004516857,0.027069604,0.005790719,0.001022789,0.166860859,0.162159941,82.79942227,5.179664862,6.118116656,0.087266463,509.4115666,4.416215857,4.674653355,76.41173499,CI,BBS,0.377483,378,-0.103011718,-0.115453137,-0.022828543,0.012441418,CI.BBS,378,-0.103011718,3.129859924,781.7869873,1.160560012,-0.10301171833607103,378,381.8469236481735,336.9662782876525,305.0867210279683,286.6367896306975
3039,RSN10397,8,10397, BBS,4.45,34.1081,-117.3062,14.795,36.51,341,33.921,-116.981,18.42,18.52,0.029182618,0.202208245,0.00103687,0.000113556,0.144319624,0.147354638,68.48847488,5.179664862,6.313637877,0.06981317,485.8650155,256.9887809,195.0179338,72.87975233,CI,BBS,0.377483,368,-0.076200461,-0.115453137,-0.022828543,0.039252676,CI.BBS,368,-0.076200461,3.129859924,781.7869873,1.160560012,-0.07620046088541432,368,357.3556664119104,326.7895706945129,286.37525712524825,270.752438524101
3039,RSN9320,8,9320, BBS,4.88,34.0655,-117.0011,17.501,16.13,341,33.921,-116.981,15.0,15.07,-0.003975128,-0.04803923,0.00118358,0.000844664,0.082747542,0.105366584,42.27196068,5.179664862,6.383907006,0.034906585,391.5667346,4.706164818,40.58807178,58.73501019,CI,BBS,0.377483,322,0.057330932,-0.115453137,-0.022828543,0.172784068,CI.BBS,322,0.057330932,3.129859924,781.7869873,1.160560012,0.057330931739108415,322,376.99836311299913,357.175561489012,327.84130614900886,309.8882694822199
3039,RSN8983,8,8983, BBS,5.2,33.5328,-116.5697,15.48,57.51,341,33.921,-116.981,18.82,18.95,-0.006704236,-0.03398514,9.24e-05,0.000441042,0.197269636,0.152857087,75.50247877,5.179664862,6.333749326,0.104719755,636.5437375,15.2009015,367.8045455,95.48156063,CI,BBS,0.377483,428,-0.227240718,-0.115453137,-0.022828543,-0.111787582,CI.BBS,428,-0.227240718,3.129859924,781.7869873,1.160560012,-0.22724071829827963,428,387.7474224224012,348.0428810708703,323.2551965327426,298.5126303440413
3039,RSN8764,8,8764, BBS,5.39,33.9465,-117.7667,14.89,72.7,341,33.921,-116.981,27.25,27.35,0.010280593,0.05601769,0.009086797,0.00116139,0.183524047,0.155369304,78.9308112,5.179664862,6.31653763,0.087266463,583.1289726,8.851973067,6.164734394,87.46934589,CI,BBS,0.377483,409,-0.181832679,-0.115453137,-0.022828543,-0.066379542,CI.BBS,409,-0.181832679,3.129859924,781.7869873,1.160560012,-0.18183267875928522,409,368.13435740260456,330.98887707890776,306.62922939852984,285.62551442714744
3039,RSN11346,8,11346, BBS,4.73,33.7328,-117.4921,10.018,51.71,341,33.921,-116.981,19.0,19.09,0.002023055,0.00785909,0.001937239,0.000338199,0.257415895,0.158660113,79.77604838,5.179664862,6.202702587,0.122173048,791.5299085,5.981847965,4.056851013,118.7294863,CI,BBS,0.377483,495,-0.372675285,-0.115453137,-0.022828543,-0.257222149,CI.BBS,495,-0.372675285,3.129859924,781.7869873,1.160560012,-0.37267528528517335,495,415.33098664490024,383.01300074590813,362.91512333067175,335.9631094534119
3039,RSN17237,8,17237, BBS,3.53,34.2894,-116.8271,6.278,43.26,341,33.921,-116.981,20.85,20.92,-0.001183659,-0.010261277,0.000721597,0.000186572,0.115351989,0.163246057,82.8373772,5.179664862,6.07791863,0.052359878,351.4626999,6.344247797,14.22023235,52.71940499,CI,BBS,0.377483,299,0.131438904,-0.115453137,-0.022828543,0.24689204,CI.BBS,299,0.131438904,3.129859924,781.7869873,1.160560012,0.13143890389283008,299,328.25430854709225,302.1239268398388,268.50793141777217,261.9253218034254
3039,RSN12592,8,12592, BBS,4.11,33.5089,-116.8485,12.274,47.33,341,33.921,-116.981,15.01,15.06,-0.001963953,-0.01064954,0.000869111,0.000273715,0.184416673,0.155200871,76.22899929,5.179664862,6.258050482,0.087266463,586.5087621,7.175174908,12.25337155,87.97631432,CI,BBS,0.377483,410,-0.184274682,-0.115453137,-0.022828543,-0.068821546,CI.BBS,410,-0.184274682,3.129859924,781.7869873,1.160560012,-0.1842746824148369,410,383.09300763303617,343.11398506256035,318.77579546051624,292.63858620907604
3039,RSN15383,8,15383, BBS,3.99,34.0514,-117.2429,14.998,28.19,341,33.921,-116.981,22.38,22.42,0.001031329,0.009035383,0.000949184,0.000260281,0.114143351,0.140476419,62.5957695,5.179664862,6.319789549,0.052359878,404.2064804,3.962367595,9.519105885,60.63097206,CI,BBS,0.377483,329,0.035824727,-0.115453137,-0.022828543,0.151277863,CI.BBS,329,0.035824727,3.129859924,781.7869873,1.160560012,0.035824726518145056,329,345.78293467873357,329.74404775138146,287.9706024313921,279.13023505187925
3039,RSN16811,8,16811, BBS,3.49,34.309,-116.9297,9.684,43.3,341,33.921,-116.981,11.5,11.54,-0.003394256,-0.031197516,0.003237696,0.00053623,0.108798904,0.158149011,78.31802904,5.179664862,6.192176404,0.052359878,342.4276385,6.329850997,9.635715027,51.36414578,CI,BBS,0.377483,293,0.151709868,-0.115453137,-0.022828543,0.267163005,CI.BBS,293,0.151709868,3.129859924,781.7869873,1.160560012,0.15170986826644928,293,318.3374195585862,294.9032617037531,261.898915492095,254.32925692816366
3046,RSN15536,12,15536, BOR,3.75,32.5969,-115.5741,12.269,108.42,619,33.268,-116.417,31.68,31.71,9.85e-05,0.000161586,3.26e-05,2.08e-05,0.609656335,0.158917788,83.98790004,5.179664862,6.257951442,0.27925268,1703.10376,4.735576923,4.956625767,255.465564,CI,BOR,-999.0,751,-0.193300379,-0.374657107,-0.282032514,0.181356728,CI.BOR,751,-0.193300379,20.2465992,289.8450012,13.80760002,-0.19330037907953823,751,736.7194193491267,585.7025955383099,572.5932528197096,561.5311934732885
3046,RSN10914,12,10914, BOR,4.26,33.8776,-116.2019,10.062,70.5,619,33.268,-116.417,28.55,28.64,-0.002557033,-0.004260935,8.51e-05,1.24e-05,0.60011076,0.159813078,82.51797595,5.179664862,6.204033973,0.261799388,1667.645827,206.2123387,50.06974148,250.1468741,CI,BOR,-999.0,739,-0.177192648,-0.374657107,-0.282032514,0.197464459,CI.BOR,739,-0.177192648,20.2465992,289.8450012,13.80760002,-0.17719264826360526,739,694.3630066791869,578.2001109218005,560.3827333213716,550.8107063354747
3046,RSN16815,12,16815, BOR,3.49,34.309,-116.9297,9.684,124.85,619,33.268,-116.417,12.83,12.9,-0.000421287,-0.000585986,4.01e-05,5.43e-05,0.71893721,0.161093115,85.96152595,5.179664862,6.192176404,0.314159265,1904.549278,7.758508287,14.61311721,285.6823917,CI,BOR,-999.0,819,-0.279978811,-0.374657107,-0.282032514,0.094678296,CI.BOR,819,-0.279978811,20.2465992,289.8450012,13.80760002,-0.27997881116847356,819,795.244723346073,612.5535144833361,548.5215571152909,569.2594598321058
3046,RSN9327,12,9327, BOR,4.88,34.0655,-117.0011,17.501,103.72,619,33.268,-116.417,15.03,15.3,-0.010620549,-0.008530105,4.71e-05,8.95e-05,1.245066541,0.154633498,80.81061652,5.179664862,6.383907006,0.453785606,2799.905052,118.665352,181.1062633,419.9857578,CI,BOR,-999.0,1101,-0.575868864,-0.374657107,-0.282032514,-0.201211757,CI.BOR,1101,-0.575868864,20.2465992,289.8450012,13.80760002,-0.5758688640380836,1101,827.5931761129336,769.8630607941379,554.1817582710821,703.2069367575497
3046,RSN15891,12,15891, BOR,3.96,32.6554,-116.1347,12.336,72.89,619,33.268,-116.417,24.81,24.89,-0.000885212,-0.00083631,7.03e-05,1.99e-05,1.058473244,0.157764788,80.92860823,5.179664862,6.25927157,0.401425728,2505.491078,44.48301508,11.89630156,375.8236617,CI,BOR,-999.0,1011,-0.490589946,-0.374657107,-0.282032514,-0.115932839,CI.BOR,1011,-0.490589946,20.2465992,289.8450012,13.80760002,-0.4905899463358754,1011,662.2206562781605,707.8001558504333,542.9875003506206,651.9403505381933
3046,RSN13507,12,13507, BOR,4.06,32.7797,-117.3507,7.174,102.68,619,33.268,-116.417,14.57,14.63,-0.00079276,-0.000603667,0.000114,0.000157174,1.313242025,0.163484026,86.50193551,5.179664862,6.105409111,0.453785606,2711.917891,5.043836767,5.295324561,406.7876837,CI,BOR,-999.0,1075,-0.551970668,-0.374657107,-0.282032514,-0.17731356,CI.BOR,1075,-0.551970668,20.2465992,289.8450012,13.80760002,-0.5519706678771668,1075,918.8725171828495,766.2633456666482,582.5421571839865,696.5322571834281
3046,RSN8990,12,8990, BOR,5.2,33.5328,-116.5697,15.48,32.62,619,33.268,-116.417,22.83,22.88,-0.15877467,-0.300837259,0.005748865,0.000933749,0.527775948,0.143048564,64.96287353,5.179664862,6.333749326,0.244346095,1681.276672,170.0399893,52.32985276,252.1915008,CI,BOR,-999.0,744,-0.183935762,-0.374657107,-0.282032514,0.190721345,CI.BOR,744,-0.183935762,20.2465992,289.8450012,13.80760002,-0.18393576214849539,744,663.2402378172475,568.5696235625369,553.4537119607314,550.03626152699
3046,RSN8770,12,8770, BOR,5.39,33.9465,-117.7667,14.89,146.13,619,33.268,-116.417,26.87,27.39,-0.009936324,-0.00744282,0.000234082,0.000139023,1.33502133,0.157593168,84.52815583,5.179664862,6.31653763,0.471238898,2843.965442,71.47251894,31.79578097,426.5948163,CI,BOR,-999.0,1115,-0.588504411,-0.374657107,-0.282032514,-0.213847304,CI.BOR,1115,-0.588504411,20.2465992,289.8450012,13.80760002,-0.5885044112096232,1115,744.3155212818116,805.2953010334962,551.108161695804,723.01309021425
3046,RSN11350,12,11350, BOR,4.73,33.7328,-117.4921,10.018,112.42,619,33.268,-116.417,28.15,28.23,-0.001439798,-0.001189485,0.000364048,0.000330675,1.210437279,0.160690602,85.35530617,5.179664862,6.202702587,0.436332313,2649.342613,4.354118092,3.26738507,397.401392,CI,BOR,-999.0,1055,-0.533190773,-0.374657107,-0.282032514,-0.158533666,CI.BOR,1055,-0.533190773,20.2465992,289.8450012,13.80760002,-0.533190773225571,1055,871.4004598192913,740.0329206635652,551.4841357801938,678.3782294945531
3046,RSN17649,12,17649, BOR,3.47,33.8029,-116.1786,7.366,63.32,619,33.268,-116.417,15.96,16.03,0.0005303,0.001005677,4.03e-05,4.36e-06,0.527306426,0.162801641,84.1375615,5.179664862,6.110319177,0.244346095,1476.241767,121.6284404,24.95476427,221.4362651,CI,BOR,-999.0,762,-0.207841283,-0.374657107,-0.282032514,0.166815824,CI.BOR,762,-0.207841283,20.2465992,289.8450012,13.80760002,-0.2078412830020504,762,741.1872942647011,600.3554828278191,599.9841177220069,582.7385740808621
3046,RSN10403,12,10403, BOR,4.45,34.1081,-117.3062,14.795,124.42,619,33.268,-116.417,16.85,16.95,0.003973885,0.003744218,0.000699179,0.000811422,1.061339316,0.157400444,83.60076391,5.179664862,6.313637877,0.401425728,2514.846846,4.897433148,5.355163699,377.2270269,CI,BOR,-999.0,1014,-0.493552911,-0.374657107,-0.282032514,-0.118895804,CI.BOR,1014,-0.493552911,20.2465992,289.8450012,13.80760002,-0.4935529114665327,1014,760.2112412740267,704.2871908488476,549.9481429126913,649.4498569049892
3046,RSN12596,12,12596, BOR,4.11,33.5089,-116.8485,12.274,48.23,619,33.268,-116.417,13.45,13.5,0.00209582,0.002639862,3.43e-05,1.77e-05,0.793912467,0.155386325,76.51118291,5.179664862,6.258050482,0.331612558,2117.069945,118.4079096,76.96390671,317.5604918,CI,BOR,-999.0,888,-0.36086647,-0.374657107,-0.282032514,0.013790637,CI.BOR,888,-0.36086647,20.2465992,289.8450012,13.80760002,-0.3608664703075739,888,835.931546443575,659.3974636809185,581.158373327412,604.3865622525171
3046,RSN8183,12,8183, BOR,4.92,33.5083,-116.5143,15.2,28.21,619,33.268,-116.417,17.75,17.78,0.00748298,0.013479574,0.004783022,0.000849101,0.555134761,0.139913957,62.25895429,5.179664862,6.325747735,0.261799388,1794.797808,8.812826743,2.818212837,269.2196712,CI,BOR,-999.0,782,-0.233749468,-0.374657107,-0.282032514,0.14090764,CI.BOR,782,-0.233749468,20.2465992,289.8450012,13.80760002,-0.23374946786071504,782,684.6278777986952,597.6094699272901,578.3276559673153,576.9995002857642
3061,RSN15575,19,15575, GLA,4.06,32.6823,-116.088,9.762,124.9,743,33.051,-114.827,27.65,27.775,0.000446108,0.001552208,2.7e-05,7.87e-06,0.287402246,0.161020201,85.92537387,5.179664862,6.194703173,0.13962634,866.1525533,56.68462516,57.48918519,129.922883,CI,GLA,1.423333333,529,0.339707613,0.237321044,0.329945638,0.102386569,CI.GLA,529,0.339707613,25.5821991,544.7109985,16.43330002,0.33970761285945983,529,512.4875137536251,496.6103274165303,469.7735239701134,515.6706303335442
3061,RSN15702,19,15702, GLA,3.81,32.4923,-116.8468,13.18,199.13,743,33.051,-114.827,21.4125,21.55,4.55e-05,0.000169449,4.99e-06,2.87e-06,0.268283048,0.15906952,86.47987715,5.179664862,6.274698597,0.13962634,822.427234,15.85365854,33.95771543,123.3640851,CI,GLA,1.423333333,508,0.380214597,0.237321044,0.329945638,0.142893553,CI.GLA,508,0.380214597,25.5821991,544.7109985,16.43330002,0.3802145971392772,508,496.9577473247406,499.16038520341635,452.77792169146466,509.5964474203298
3061,RSN11572,19,11572, GLA,4.51,32.8882,-115.5018,9.4,65.62,743,33.051,-114.827,21.8875,22.0,0.002050006,0.003583952,0.00067148,0.000865714,0.571995956,0.160368881,82.52266969,5.179664862,6.182598645,0.261799388,1602.43295,2.367994511,5.33739203,240.3649425,CI,GLA,1.423333333,717,0.035620204,0.237321044,0.329945638,-0.20170084,CI.GLA,291,0.937372778,25.5821991,544.7109985,16.43330002,0.9373727775462664,291,277.29535789397937,274.0023793365873,253.04754755105606,260.87674281383596
3061,RSN14447,19,14447, GLA,4.05,32.7091,-116.0396,7.817,119.64,743,33.051,-114.827,33.3375,33.5125,0.000211227,0.000549357,5.9e-06,2.58e-06,0.38449793,0.163105616,86.69362992,5.179664862,6.120791156,0.191986218,1120.523267,81.87093023,93.11135593,168.0784901,CI,GLA,1.423333333,638,0.152357761,0.237321044,0.329945638,-0.084963283,CI.GLA,259,1.053867983,25.5821991,544.7109985,16.43330002,1.0538679830182218,259,263.79044486887994,255.4805265652389,239.26962934797635,252.2034588319057
3061,RSN9127,19,9127, GLA,5.1,32.4105,-115.312,18.65,84.33,743,33.051,-114.827,14.9,15.0,-0.004125897,-0.010484903,0.000904688,0.00024844,0.393508377,0.152651979,77.99484488,5.179664862,6.407574254,0.191986218,1221.696176,16.60721703,11.58952368,183.2544264,CI,GLA,1.423333333,671,0.101926908,0.237321044,0.329945638,-0.135394136,CI.GLA,273,1.00122425,25.5821991,544.7109985,16.43330002,1.0012242495327994,273,262.5251466011808,256.1721275777943,235.94533201980613,252.12130945284187
3061,RSN9705,19,9705, GLA,4.69,35.0172,-119.0247,9.251,444.8,743,33.051,-114.827,13.5,13.7125,-1.58e-05,-3.07e-05,1.08e-05,7.86e-06,0.515359592,0.161854358,88.93297331,5.179664862,6.177322679,0.244346095,1458.032451,2.010178117,2.842592593,218.7048677,CI,GLA,1.423333333,756,-0.017345331,0.237321044,0.329945638,-0.254666376,CI.GLA,307,0.883848297,25.5821991,544.7109985,16.43330002,0.8838482971305623,307,287.58686203758924,308.6195915791609,266.96275972054025,291.2341106266382
3061,RSN14236,19,14236, GLA,3.94,32.7219,-116.8133,20.237,189.42,743,33.051,-114.827,23.0875,23.25,0.000148612,0.000337919,9.29e-06,1.96e-06,0.43978505,0.154462476,84.15757386,5.179664862,6.440435438,0.20943951,1332.157179,75.82244898,36.3744887,199.8235769,CI,GLA,1.423333333,712,0.042618133,0.237321044,0.329945638,-0.194702911,CI.GLA,289,0.944269357,25.5821991,544.7109985,16.43330002,0.9442693566053268,289,334.33008180911116,289.8350550284567,258.14578369718345,271.17595455474867
3061,RSN15542,19,15542, GLA,3.75,32.5969,-115.5741,12.269,86.2,743,33.051,-114.827,28.025,28.2,0.000188606,0.000637802,5.88e-05,3.53e-05,0.295712537,0.158410612,82.44796842,5.179664862,6.257951442,0.13962634,903.8972076,5.342946176,10.84697279,135.5845811,CI,GLA,1.423333333,549,0.302597603,0.237321044,0.329945638,0.065276559,CI.GLA,549,0.302597603,25.5821991,544.7109985,16.43330002,0.3025976032082287,549,471.56653183686626,503.0623959949788,478.9853716781203,515.0720720593612
3061,RSN9019,19,9019, GLA,5.2,33.5328,-116.5697,15.48,170.89,743,33.051,-114.827,19.15,19.25,-0.000275537,-0.001124932,0.000149945,2.86e-05,0.244936925,0.157308012,85.10283073,5.179664862,6.333749326,0.122173048,761.8419483,9.634160839,7.502297509,114.2762922,CI,GLA,1.423333333,483,0.430679391,0.237321044,0.329945638,0.193358347,CI.GLA,483,0.430679391,25.5821991,544.7109985,16.43330002,0.43067939106518693,483,475.0751115384893,456.26553814145575,437.0459855271265,480.90314154391456
3061,RSN12845,19,12845, GLA,4.02,33.7129,-116.0516,12.808,135.55,743,33.051,-114.827,21.76,21.825,-0.001073332,-0.004707495,0.00082736,0.000321451,0.228004827,0.158920593,84.96413777,5.179664862,6.268161535,0.104719755,703.2852075,3.339022122,5.689778331,105.4927811,CI,GLA,1.423333333,456,0.488203235,0.237321044,0.329945638,0.250882191,CI.GLA,456,0.488203235,25.5821991,544.7109985,16.43330002,0.4882032352033727,456,418.87579255887835,426.3661636061829,442.34532932911054,468.38749955852825
3061,RSN14395,19,14395, GLA,4.14,34.8632,-116.3444,6.474,245.11,743,33.051,-114.827,21.125,21.2625,3.21e-05,8.8e-05,5.42e-06,7.5e-06,0.365072371,0.164305547,88.70953061,5.179664862,6.084678138,0.174532925,1059.696144,4.28,16.23616236,158.9544216,CI,GLA,1.423333333,621,0.179364963,0.237321044,0.329945638,-0.057956081,CI.GLA,252,1.081266957,25.5821991,544.7109985,16.43330002,1.0812669572063358,252,309.54000717970905,263.430697681402,249.4803538307275,263.2684329155802
3061,RSN17081,19,17081, GLA,3.52,34.2098,-116.4371,4.645,197.07,743,33.051,-114.827,43.5,43.6,-1.59e-05,-5.44e-05,1.51e-05,4.56e-06,0.293147905,0.16678784,88.92913437,5.179664862,5.994593769,0.13962634,851.6315121,3.486842105,3.602649007,127.7447268,CI,GLA,1.423333333,522,0.353028457,0.237321044,0.329945638,0.115707413,CI.GLA,522,0.353028457,25.5821991,544.7109985,16.43330002,0.3530284568351201,522,642.6914780824441,527.6312509749416,530.4773390116736,540.2429229847211
3061,RSN17844,19,17844, GLA,3.14,33.0622,-115.8937,7.729,99.63,743,33.051,-114.827,31.2375,31.3,1.39e-05,9.1e-05,6.82e-06,3.73e-06,0.152988759,0.163045361,86.07204991,5.179664862,6.11885537,0.06981317,464.9013361,3.726541555,13.3431085,69.73520042,CI,GLA,1.423333333,358,0.730163058,0.237321044,0.329945638,0.492842014,CI.GLA,358,0.730163058,25.5821991,544.7109985,16.43330002,0.7301630583170589,358,336.36395213286164,359.9238007158565,397.5954995183691,395.80659839848784
3061,RSN13129,19,13129, GLA,4.06,33.2394,-116.2082,10.532,130.55,743,33.051,-114.827,12.7125,12.85,0.00013205,0.000589978,1.47e-05,4.57e-06,0.223821166,0.160398522,85.77401053,5.179664862,6.217520851,0.104719755,684.6266921,28.89496718,40.13455782,102.6940038,CI,GLA,1.423333333,447,0.50813745,0.237321044,0.329945638,0.270816406,CI.GLA,447,0.50813745,25.5821991,544.7109985,16.43330002,0.50813745010419,447,451.1855672155204,424.59598949498803,441.60982085593093,469.6413688140211
3061,RSN14503,19,14503, GLA,4.01,33.2617,-116.0659,5.761,117.91,743,33.051,-114.827,32.9125,33.075,0.000123069,0.000549272,3.84e-06,3.41e-06,0.224058399,0.164945462,87.64972251,5.179664862,6.057510055,0.104719755,666.4264123,36.09061584,143.0395833,99.96396185,CI,GLA,1.423333333,438,0.528477134,0.237321044,0.329945638,0.29115609,CI.GLA,438,0.528477134,25.5821991,544.7109985,16.43330002,0.5284771343413128,438,409.06722618894327,415.90077533145666,446.3244704849747,466.7733406208649
3061,RSN16759,19,16759, GLA,3.72,33.1099,-116.0467,7.494,114.07,743,33.051,-114.827,33.1,33.1875,9.84e-05,0.000215625,6.14e-05,3.94e-05,0.456300746,0.163299881,86.68158336,5.179664862,6.113435346,0.20943951,1299.662815,2.497461929,3.511807818,194.9494223,CI,GLA,1.423333333,700,0.05961571,0.237321044,0.329945638,-0.177705335,CI.GLA,284,0.961721807,25.5821991,544.7109985,16.43330002,0.9617218065565529,284,287.724487078869,274.3311055002328,253.33261971072892,261.29550489334065
3061,RSN11723,19,11723, GLA,4.5,34.3365,-116.8617,8.94,236.47,743,33.051,-114.827,14.6,14.9875,0.000200386,0.000402533,1.13e-05,9.94e-06,0.497812926,0.162094978,88.06487023,5.179664862,6.165704274,0.226892803,1411.058126,20.15955734,35.62238938,211.6587189,CI,GLA,1.423333333,739,0.005398124,0.237321044,0.329945638,-0.23192292,CI.GLA,300,0.90691357,25.5821991,544.7109985,16.43330002,0.9069135700615583,300,336.9425690524073,302.9137222846168,271.379104830016,285.4647094717387
3061,RSN13237,19,13237, GLA,4.19,34.3571,-116.8418,9.486,236.37,743,33.051,-114.827,49.4,49.5375,0.000149567,0.000483075,7.12e-05,1.96e-05,0.30961517,0.161561458,87.93191143,5.179664862,6.185563454,0.157079633,926.6519115,7.630969388,6.784761236,138.9977867,CI,GLA,1.423333333,562,0.279194195,0.237321044,0.329945638,0.041873151,CI.GLA,562,0.279194195,25.5821991,544.7109985,16.43330002,0.2791941948240684,562,606.9201399893809,571.230837145711,522.0424589776549,566.044516758046
3061,RSN13843,19,13843, GLA,4.17,34.3277,-116.829,4.957,233.47,743,33.051,-114.827,21.6,21.775,4.94e-05,0.000100664,1.83e-05,6.61e-06,0.490356725,0.166209985,89.02285595,5.179664862,6.015610792,0.226892803,1359.349827,7.473524962,5.500765027,203.9024741,CI,GLA,1.423333333,721,0.030056907,0.237321044,0.329945638,-0.207264137,CI.GLA,293,0.930523436,25.5821991,544.7109985,16.43330002,0.9305234357006915,293,368.41154284307714,300.6057011748517,275.0472866502875,287.1409120453455
3061,RSN16262,19,16262, GLA,3.64,33.223,-116.7186,8.687,177.53,743,33.051,-114.827,29.8,29.95,2.67e-05,0.000131943,5.18e-06,6.19e-06,0.202609345,0.162299109,87.49913114,5.179664862,6.155594857,0.104719755,615.1128165,4.313408724,25.47162162,92.26692248,CI,GLA,1.423333333,421,0.568063211,0.237321044,0.329945638,0.330742167,CI.GLA,421,0.568063211,25.5821991,544.7109985,16.43330002,0.568063211035378,421,454.04401521213106,448.50472397258926,465.8126662435427,473.0113069077916
3061,RSN14308,19,14308, GLA,4.19,33.4453,-116.439,8.875,156.46,743,33.051,-114.827,24.0,24.1875,3.27e-05,8.79e-05,1.11e-05,1.56e-05,0.371766706,0.162045265,87.09150559,5.179664862,6.16316588,0.174532925,1091.874481,2.096153846,7.918918919,163.7811722,CI,GLA,1.423333333,630,0.164976225,0.237321044,0.329945638,-0.072344819,CI.GLA,256,1.0655186,25.5821991,544.7109985,16.43330002,1.065518600238197,256,310.22356544786527,265.14188232186285,243.58567696702565,260.0276110087312
3061,RSN17751,19,17751, GLA,3.63,32.7081,-116.029,7.885,118.74,743,33.051,-114.827,33.7875,33.9125,4.87e-05,0.000156735,6.56e-06,9.54e-06,0.310508736,0.16305646,86.63224752,5.179664862,6.12225391,0.157079633,920.577391,5.104821803,23.89253049,138.0866087,CI,GLA,1.423333333,558,0.286337082,0.237321044,0.329945638,0.049016038,CI.GLA,558,0.286337082,25.5821991,544.7109985,16.43330002,0.2863370823364484,558,527.5718475198405,538.2511351061441,515.1436503431715,540.5113837103776
3061,RSN13527,19,13527, GLA,4.06,32.7797,-117.3507,7.174,237.99,743,33.051,-114.827,11.6375,11.75,-1.92e-05,-3.21e-05,5.84e-06,5.1e-06,0.597586883,0.163733168,88.50142595,5.179664862,6.105409111,0.261799388,1622.569087,3.764705882,5.496575342,243.3853631,CI,GLA,1.423333333,724,0.025904652,0.237321044,0.329945638,-0.211416392,CI.GLA,294,0.927116277,25.5821991,544.7109985,16.43330002,0.9271162773790778,294,353.4659742492015,299.1020752394486,274.251918298191,285.83589447304
3061,RSN10347,19,10347, GLA,4.63,32.3362,-115.2425,17.16,88.33,743,33.051,-114.827,15.22,15.375,-0.000841685,-0.001582142,6.04e-05,5.3e-05,0.531990933,0.154193987,79.4773968,5.179664862,6.37627289,0.244346095,1569.601529,15.88084906,26.19440397,235.4402294,CI,GLA,1.423333333,745,-0.002688174,0.237321044,0.329945638,-0.240009218,CI.GLA,303,0.896963239,25.5821991,544.7109985,16.43330002,0.8969632392083904,303,283.6207995809965,281.9207949131512,256.64245283953977,267.28427238335956
3061,RSN11303,19,11303, GLA,4.78,34.1228,-116.9226,5.969,227.98,743,33.051,-114.827,17.83,17.925,0.000114135,0.000207233,4.59e-05,4.87e-05,0.550756176,0.164807617,88.74045635,5.179664862,6.066214653,0.244346095,1509.033858,2.343634497,4.514880174,226.3550787,CI,GLA,1.423333333,773,-0.039583004,0.237321044,0.329945638,-0.276904048,CI.GLA,314,0.861303059,25.5821991,544.7109985,16.43330002,0.8613030588095061,314,372.2117071688016,317.71658584994583,294.0561474335944,303.06550011010336
3063,RSN15410,20,15410, JEM,3.99,34.0514,-117.2429,14.998,123.17,501,33.081,-116.598,21.46,21.55,0.000418924,0.000370539,3.42e-05,2.98e-05,1.130581979,0.15720174,83.45463629,5.179664862,6.319789549,0.41887902,2610.485715,14.05785235,10.83447368,391.5728573,CI,JEM,-999.0,1044,-0.734208667,-0.674489071,-0.581864478,-0.059719596,CI.JEM,1044,-0.734208667,20.58799934,1314.609985,6.39854002,-0.7342086673577191,1044,683.35853765997,725.5872773511695,780.4296900136666,732.6361661934905
3063,RSN12612,20,12612, JEM,4.11,33.5089,-116.8485,12.274,52.88,501,33.081,-116.598,13.93,14.01,-0.00232323,-0.002130054,5.47e-05,5.08e-05,1.090690348,0.156027348,77.53472891,5.179664862,6.258050482,0.41887902,2583.053669,45.73287402,38.94065814,387.4580504,CI,JEM,-999.0,1035,-0.725550605,-0.674489071,-0.581864478,-0.051061534,CI.JEM,1035,-0.725550605,20.58799934,1314.609985,6.39854002,-0.7255506046146047,1035,696.9418371542934,725.4479638578457,763.5008058473964,728.2290197894731
3063,RSN9491,20,9491, JEM,4.7,33.9275,-118.3536,11.588,188.21,501,33.081,-116.598,14.2,14.42,0.001671329,0.001225986,7.52e-05,9.66e-05,1.363252569,0.159907343,86.75935464,5.179664862,6.243621422,0.471238898,2827.736451,17.30154244,16.30300532,424.1604677,CI,JEM,-999.0,1110,-0.795509193,-0.674489071,-0.581864478,-0.121020122,CI.JEM,1110,-0.795509193,20.58799934,1314.609985,6.39854002,-0.7955091932215153,1110,715.6102579752869,805.5620981828863,829.2543450399208,808.7456775711009
3063,RSN10354,20,10354, JEM,4.63,32.3362,-115.2425,17.16,151.57,501,33.081,-116.598,22.65,22.75,-5.57e-05,-8.78e-05,2.24e-05,1.22e-05,0.634662654,0.155929148,83.8510507,5.179664862,6.37627289,0.27925268,1787.989578,4.56557377,3.919642857,268.1984367,CI,JEM,-999.0,780,-0.442687819,-0.674489071,-0.581864478,0.231801252,CI.JEM,780,-0.442687819,20.58799934,1314.609985,6.39854002,-0.44268781859877304,780,840.6744813864976,650.3795616427965,710.8651200005107,618.0423971453258
3070,RSN17510,22,17510, MSJ,3.62,33.9521,-116.3635,9.067,58.17,244,33.808,-116.968,22.95,23.02,0.000829241,0.005166883,0.00021937,0.000220993,0.160491578,0.160461039,81.94463729,5.179664862,6.170551665,0.087266463,495.6545362,3.752340572,23.55327985,74.34818043,CI,MSJ,3.83695,372,-0.421725629,-0.157974621,-0.065350028,-0.263751008,CI.MSJ,372,-0.421725629,3.882110119,465.3540039,0.641624987,-0.42172562897994403,372,384.0089921902623,340.1733682033474,297.9538906041399,287.6755219663427
3070,RSN15905,22,15905, MSJ,3.96,32.6554,-116.1347,12.336,149.58,244,33.808,-116.968,23.4,23.45,0.000295587,0.005533121,0.000866148,0.00011429,0.053421453,0.159296408,85.62000506,5.179664862,6.25927157,0.034906585,167.542589,2.586289264,6.388193473,25.13138835,CI,MSJ,3.83695,175,0.332382251,-0.157974621,-0.065350028,0.490356873,CI.MSJ,175,0.332382251,3.882110119,465.3540039,0.641624987,0.3323822513696877,175,256.4657428468424,230.0040589421677,229.97419514703049,190.78726261027376
3070,RSN15176,22,15176, MSJ,3.9,33.867,-117.1038,11.856,14.17,244,33.808,-116.968,17.84,17.93,0.003283293,0.051895716,0.001663043,0.000458906,0.063267124,0.122820495,50.13552187,5.179664862,6.24946745,0.034906585,257.2019501,7.154609005,31.20527611,38.58029252,CI,MSJ,3.83695,243,0.004106782,-0.157974621,-0.065350028,0.162081403,CI.MSJ,243,0.004106782,3.882110119,465.3540039,0.641624987,0.004106781952653904,243,318.4436986062898,278.4997438301128,290.3967431813685,253.04748465148944
3070,RSN8817,22,8817, MSJ,5.39,33.9465,-117.7667,14.89,75.47,244,33.808,-116.968,18.43,18.62,0.00776537,0.06292734,0.001909414,0.000228019,0.123402167,0.155597281,79.36912556,5.179664862,6.31653763,0.06981317,394.5159711,34.05580237,32.95636253,59.17739567,CI,MSJ,3.83695,323,-0.280484098,-0.157974621,-0.065350028,-0.122509476,CI.MSJ,323,-0.280484098,3.882110119,465.3540039,0.641624987,-0.2804840979294543,323,332.982339101664,309.85954555726937,258.9925719029056,256.42186072225206
3070,RSN12770,22,12770, MSJ,4.26,33.9538,-116.3912,7.696,55.76,244,33.808,-116.968,21.1,21.2,0.001767725,0.011547597,0.000540267,0.000111061,0.153081655,0.162206704,82.93140488,5.179664862,6.118116656,0.06981317,467.5823122,15.91670343,21.3738707,70.13734683,CI,MSJ,3.83695,360,-0.388935806,-0.157974621,-0.065350028,-0.230961185,CI.MSJ,360,-0.388935806,3.882110119,465.3540039,0.641624987,-0.38893580615695367,360,369.3652746413545,340.7641143521515,291.0584677957008,284.0511379847229
3070,RSN10479,22,10479, MSJ,4.45,34.1081,-117.3062,14.795,45.66,244,33.808,-116.968,15.12,15.23,0.009423811,0.089536295,0.002736777,0.000175078,0.105251296,0.151133427,72.5926063,5.179664862,6.313637877,0.052359878,346.768981,53.82635739,32.71596297,52.01534715,CI,MSJ,3.83695,296,-0.193191229,-0.157974621,-0.065350028,-0.035216608,CI.MSJ,296,-0.193191229,3.882110119,465.3540039,0.641624987,-0.19319122903085795,296,319.65697839083316,292.6585995140044,259.5054546117343,252.97143877905512
3076,RSN8824,24,8824, OLP,5.39,33.9465,-117.7667,14.89,167.67,489,32.608,-116.93,23.2,23.47,-0.027611841,-0.017841234,0.004725599,0.005757088,1.547641887,0.157763257,85.21693495,5.179664862,6.31653763,0.506145483,3035.61838,4.796147115,3.775443917,455.342757,CI,OLP,3.996666667,1172,-0.874104481,-0.368398253,-0.27577366,-0.505706227,CI.OLP,761,-0.442270868,6.639430046,149.1390076,3.718270063,-0.44227086838681373,761,525.0902050965649,396.5553487986753,618.750398992745,499.67067164183374
3076,RSN15711,24,15711, OLP,3.81,32.4923,-116.8468,13.18,15.02,489,32.608,-116.93,13.62,13.64,0.000750021,0.005573737,0.001212168,0.000150141,0.134563314,0.120235748,48.97673098,5.179664862,6.274698597,0.06981317,555.9349307,4.995444282,4.598155536,83.39023961,CI,OLP,3.996666667,398,0.205910484,-0.368398253,-0.27577366,0.574308738,CI.OLP,398,0.205910484,6.639430046,149.1390076,3.718270063,0.20591048419043467,398,390.28560022394555,306.7417963245366,425.64442064655503,341.7156315850069
3076,RSN13543,24,13543, OLP,4.06,32.7797,-117.3507,7.174,43.81,489,32.608,-116.93,13.61,13.68,0.001131411,0.002184074,0.000204122,0.000186768,0.518027657,0.162047701,81.6374129,5.179664862,6.105409111,0.244346095,1462.31227,6.057841814,10.69984617,219.3468405,CI,OLP,3.996666667,757,-0.437000764,-0.368398253,-0.27577366,-0.06860251,CI.OLP,491,-0.004081638,6.639430046,149.1390076,3.718270063,-0.004081638319648029,491,484.3969015536017,331.5021706328379,453.83449884182795,369.5047632145518
3079,RSN16902,25,16902, PLM,3.6,34.2088,-117.5824,7.536,115.88,465,33.354,-116.863,14.32,14.39,8.41e-05,0.000171191,5.41e-06,1.61e-05,0.491053724,0.163279353,86.71863423,5.179664862,6.114431914,0.226892803,1385.35009,5.223602484,31.64343808,207.8025135,CI,PLM,-999.0,730,-0.451007129,-0.335573349,-0.242948756,-0.115433779,CI.PLM,730,-0.451007129,6.259709835,1675.150024,4.301589966,-0.45100712855508096,730,740.8944288388628,584.8840781746308,689.1582127585892,596.0303701563977
3079,RSN16729,25,16729, PLM,3.73,33.5058,-116.7636,16.276,19.21,465,33.354,-116.863,20.04,20.09,0.002296094,0.007441843,0.000143672,6.19e-05,0.308538347,0.119975087,49.67984349,5.179664862,6.3549922,0.157079633,1243.883394,37.09360258,51.79744835,186.5825091,CI,PLM,-999.0,679,-0.378583722,-0.335573349,-0.242948756,-0.043010373,CI.PLM,679,-0.378583722,6.259709835,1675.150024,4.301589966,-0.3785837219713404,679,590.5040278855929,544.2082570840345,577.2682534180907,549.13056256019
3079,RSN15123,25,15123, PLM,3.78,34.1353,-117.4476,5.857,102.2,465,33.354,-116.863,23.63,23.76,-0.000333858,-0.000775802,1.02e-05,6.85e-06,0.430339678,0.164778234,87.21932919,5.179664862,6.061617088,0.20943951,1226.01883,48.73839416,76.05901961,183.9028245,CI,PLM,-999.0,672,-0.368220935,-0.335573349,-0.242948756,-0.032647586,CI.PLM,672,-0.368220935,6.259709835,1675.150024,4.301589966,-0.36822093493579366,672,647.4365170147543,536.5522525666158,617.5986774051869,544.4191073321069
3079,RSN9072,25,9072, PLM,5.2,33.5328,-116.5697,15.48,33.72,465,33.354,-116.863,16.12,16.24,0.029248173,0.067399015,0.003927509,0.001523372,0.433955502,0.143843266,65.65324815,5.179664862,6.333749326,0.20943951,1414.455185,19.19962622,17.1607538,212.1682778,CI,PLM,-999.0,740,-0.464612781,-0.335573349,-0.242948756,-0.129039431,CI.PLM,740,-0.464612781,6.259709835,1675.150024,4.301589966,-0.4646127806108593,740,661.4431419307232,573.0059149911814,634.8825229258784,580.2158441932954
3079,RSN12860,25,12860, PLM,4.02,33.7129,-116.0516,12.808,85.23,465,33.354,-116.863,23.82,23.91,0.001235693,0.002690317,0.000101675,4.45e-05,0.459311318,0.157983148,81.99828106,5.179664862,6.268161535,0.20943951,1350.78844,27.76838202,26.45996558,202.618266,CI,PLM,-999.0,718,-0.434432163,-0.335573349,-0.242948756,-0.098858814,CI.PLM,718,-0.434432163,6.259709835,1675.150024,4.301589966,-0.4344321634608681,718,666.0974964522836,566.8041715657079,631.7120940363233,572.0261935624076
3079,RSN17625,25,17625, PLM,3.52,33.5309,-117.6639,9.734,77.01,465,33.354,-116.863,35.16,35.2,6.58e-05,0.000201029,6.13e-05,3.23e-05,0.327467227,0.160368002,83.35763421,5.179664862,6.193801083,0.157079633,982.3988806,2.037151703,3.279429038,147.3598321,CI,PLM,-999.0,592,-0.241469229,-0.335573349,-0.242948756,0.09410412,CI.PLM,592,-0.241469229,6.259709835,1675.150024,4.301589966,-0.2414692292966496,592,532.8418586350141,485.1489309965745,525.1559745989517,486.52166316464644
3079,RSN17470,25,17470, PLM,3.59,34.0938,-117.4347,3.015,97.68,465,33.354,-116.863,42.01,42.1,-0.00011663,-0.000289544,2.04e-05,7.82e-06,0.402804845,0.168369102,88.79756202,5.179664862,5.93802414,0.191986218,1130.315374,14.91432225,14.19333333,169.5473061,CI,PLM,-999.0,640,-0.319430771,-0.335573349,-0.242948756,0.016142578,CI.PLM,640,-0.319430771,6.259709835,1675.150024,4.301589966,-0.3194307707663615,640,681.2498851178427,546.4006893311866,624.0688040303239,544.6693109221927
3079,RSN16119,25,16119, PLM,3.58,33.827,-117.0296,15.131,54.69,465,33.354,-116.863,15.01,15.05,-6.38e-05,-0.000310278,1.28e-05,1.44e-05,0.205464122,0.152796762,75.07093784,5.179664862,6.323730411,0.104719755,662.2052449,4.430555556,24.24046875,99.33078674,CI,PLM,-999.0,437,0.06210421,-0.335573349,-0.242948756,0.39767756,CI.PLM,437,0.06210421,6.259709835,1675.150024,4.301589966,0.062104210491765954,437,407.0067072176969,372.07296677116744,404.6848982621541,392.1840140156847
3079,RSN14005,25,14005, PLM,4.15,33.638,-116.7082,12.649,34.63,465,33.354,-116.863,13.29,13.38,-0.013323514,-0.029004204,0.000773091,0.000330259,0.459364905,0.150508559,70.55696822,5.179664862,6.265244507,0.20943951,1418.009391,40.342622,37.51719267,212.7014087,CI,PLM,-999.0,741,-0.46596322,-0.335573349,-0.242948756,-0.13038987,CI.PLM,741,-0.46596322,6.259709835,1675.150024,4.301589966,-0.46596321970873067,741,706.3946819409292,587.5674539634254,650.724682486611,590.3501524091142
3079,RSN16550,25,16550, PLM,3.61,34.2449,-117.4464,12.48,112.62,465,33.354,-116.863,18.25,18.31,-0.000127251,-0.000314631,9.47e-05,3.95e-05,0.404443628,0.158844622,84.09526775,5.179664862,6.262058538,0.191986218,1202.302759,3.221544304,3.322397043,180.3454139,CI,PLM,-999.0,663,-0.354737585,-0.335573349,-0.242948756,-0.019164235,CI.PLM,663,-0.354737585,6.259709835,1675.150024,4.301589966,-0.3547375845985066,663,643.9876348650954,558.9723760957107,605.2199100022573,559.2325975608028
3079,RSN18125,25,18125, PLM,5.19,36.4034,-117.8499,9.418,350.12,465,33.354,-116.863,13.8,13.86,-5.63e-05,-0.000152753,5.83e-05,2.11e-05,0.368401928,0.161680632,88.61430508,5.179664862,6.183223963,0.174532925,1085.586115,2.668246445,2.620120069,162.8379173,CI,PLM,-999.0,629,-0.302093851,-0.335573349,-0.242948756,0.033479498,CI.PLM,629,-0.302093851,6.259709835,1675.150024,4.301589966,-0.30209385111308507,629,638.8121076565545,579.410788307263,658.9179186160271,579.2633717601361
3079,RSN19389,25,19389, PLM,3.43,34.1381,-117.4717,5.767,103.66,465,33.354,-116.863,34.58,34.7,-0.000336064,-0.000876985,5.99e-05,4.02e-05,0.383203807,0.164897224,87.3242119,5.179664862,6.057771424,0.174532925,1101.9573,8.359800995,14.64081803,165.293595,CI,PLM,-999.0,633,-0.308433017,-0.335573349,-0.242948756,0.027140333,CI.PLM,633,-0.308433017,6.259709835,1675.150024,4.301589966,-0.3084330165568199,633,631.7278895569384,542.3050801065042,592.1373805251104,542.4403289651431
100048,RSN11612,36,11612, CAL,4.25,36.8049,-121.5134,3.694,76.04,519,37.4504,-121.8004,24.87,25.02,-0.006920671,-0.013914175,0.001386547,0.000865251,0.497382796,0.168294698,87.91504469,5.179664862,5.93802414,0.226892803,1358.124839,7.998454784,10.03512683,203.7187259,NC,CAL,-999.0,721,-0.328735254,-0.333014096,-0.240389503,0.004278842,NC.CAL,721,-0.328735254,19.79490089,267.375,9.751830101,-0.3287352541190609,721,742.3835938928476,605.4945414230574,735.4334488037363,596.5376826907496
100048,RSN12487,36,12487, CAL,4.18,37.3931,-121.486,8.483,28.55,519,37.4504,-121.8004,21.81,21.86,0.006485142,0.016463819,0.002454261,0.000902911,0.393902628,0.156772186,74.50938538,5.179664862,6.146971844,0.191986218,1190.624789,7.182481994,6.708259228,178.5937184,NC,CAL,-999.0,658,-0.237301048,-0.333014096,-0.240389503,0.095713048,NC.CAL,658,-0.237301048,19.79490089,267.375,9.751830101,-0.23730104815942887,658,632.8679717080917,579.1732601723689,635.3510434936019,572.6073078224006
100048,RSN13591,36,13591, CAL,3.9,37.7568,-121.9477,7.856,36.41,519,37.4504,-121.8004,23.75,23.89,-0.001467212,-0.00274615,0.000153216,0.000160053,0.534279741,0.160308427,78.91691044,5.179664862,6.121633552,0.244346095,1514.860875,9.167038419,17.9233892,227.2291313,NC,CAL,-999.0,775,-0.400959146,-0.333014096,-0.240389503,-0.06794505,NC.CAL,775,-0.400959146,19.79490089,267.375,9.751830101,-0.40095914618745887,775,758.1078303469741,653.2001043197653,770.399299469692,643.7025056740886
100048,RSN11019,36,11019, CAL,4.3,37.0995,-121.4909,3.361,47.65,519,37.4504,-121.8004,20.18,20.33,0.004848413,0.006226242,0.001026769,0.000479467,0.77870624,0.168184802,87.06181012,5.179664862,5.93802414,0.331612558,1931.61471,10.11208905,6.063917006,289.7422065,NC,CAL,-999.0,828,-0.467109271,-0.333014096,-0.240389503,-0.134095175,NC.CAL,828,-0.467109271,19.79490089,267.375,9.751830101,-0.4671092712193712,828,786.2792890098785,693.0784629017029,802.3892053413706,678.0380830526732
100048,RSN12511,36,12511, CAL,4.1,37.862,-121.9995,13.322,48.94,519,37.4504,-121.8004,19.1,19.21,0.000921641,0.001704056,0.000466657,0.000264973,0.540851106,0.154101464,75.30937487,5.179664862,6.277093244,0.244346095,1591.114422,3.478244953,3.651624212,238.6671633,NC,CAL,-999.0,725,-0.334267772,-0.333014096,-0.240389503,-0.001253676,NC.CAL,725,-0.334267772,19.79490089,267.375,9.751830101,-0.3342677716887863,725,695.2076466616653,665.482048645265,692.2950477777013,633.5319042721071
100048,RSN11661,36,11661, CAL,4.3,37.2793,-121.6191,3.442,24.87,519,37.4504,-121.8004,19.24,19.34,0.035821083,0.082476522,0.002680811,0.001285191,0.434318543,0.167464924,83.93938839,5.179664862,5.93802414,0.20943951,1215.800924,27.87218631,30.76551163,182.3701386,NC,CAL,-999.0,668,-0.25238429,-0.333014096,-0.240389503,0.080629805,NC.CAL,668,-0.25238429,19.79490089,267.375,9.751830101,-0.25238429037075694,668,631.3941282990826,561.3021385048223,666.1053727892623,553.900624313726
100048,RSN14049,36,14049, CAL,3.7,37.8077,-122.0707,11.554,46.28,519,37.4504,-121.8004,35.5,35.64,-0.001039076,-0.001452737,0.000419682,0.0001753,0.715254263,0.155951303,76.80079014,5.179664862,6.242859346,0.314159265,1960.44372,5.927415859,3.461518483,294.066558,NC,CAL,-999.0,837,-0.477920187,-0.333014096,-0.240389503,-0.144906091,NC.CAL,837,-0.477920187,19.79490089,267.375,9.751830101,-0.477920187323587,837,747.4136776028279,756.1213504662368,772.5341340991637,722.0589038866216
100048,RSN12282,36,12282, CAL,4.23,37.901,-122.1038,14.378,56.72,519,37.4504,-121.8004,17.95,18.09,0.003740867,0.007866474,0.000388482,0.00041849,0.475545614,0.154222034,76.32906502,5.179664862,6.300455998,0.226892803,1428.678262,8.938963894,20.24926251,214.3017393,NC,CAL,-999.0,745,-0.361480335,-0.333014096,-0.240389503,-0.028466239,NC.CAL,745,-0.361480335,19.79490089,267.375,9.751830101,-0.3614803352136713,745,712.0660343202727,684.4421432049043,709.6209090837024,650.5454588595616
100048,RSN12444,36,12444, CAL,4.0,37.7338,-121.9354,14.029,33.64,519,37.4504,-121.8004,19.2,19.26,-0.000527217,-0.001573308,0.000699918,0.000246948,0.335100945,0.147273013,67.84599702,5.179664862,6.288820984,0.157079633,1092.256358,2.134931241,2.247846176,163.8384537,NC,CAL,-999.0,631,-0.195401979,-0.333014096,-0.240389503,0.137612116,NC.CAL,631,-0.195401979,19.79490089,267.375,9.751830101,-0.19540197937532433,631,627.5239152399803,592.3431003028047,614.375836288581,574.191188635674
100048,RSN13003,36,13003, CAL,4.0,37.844,-122.2222,10.021,57.39,519,37.4504,-121.8004,26.5,26.59,0.000464363,0.001276256,0.000331864,0.000134048,0.363848046,0.159165747,80.84887982,5.179664862,6.202793758,0.174532925,1090.665008,3.464154631,3.845719933,163.5997512,NC,CAL,-999.0,630,-0.193815936,-0.333014096,-0.240389503,0.13919816,NC.CAL,630,-0.193815936,19.79490089,267.375,9.751830101,-0.19381593621969007,630,617.8300199939534,556.6903318260981,620.1482299687384,564.2699772427871
100048,RSN8671,36,8671, CAL,5.45,37.4317,-121.7767,7.486,2.95,519,37.4504,-121.8004,19.16,19.25,-0.060643028,-0.345162572,0.040534189,0.004487005,0.175694103,0.048201178,17.13748452,5.179664862,6.113244097,0.087266463,1801.869543,13.5152575,8.51534422,270.2804315,NC,CAL,-999.0,785,-0.413779835,-0.333014096,-0.240389503,-0.080765739,NC.CAL,785,-0.413779835,19.79490089,267.375,9.751830101,-0.4137798346165198,785,706.5583185357526,750.1011590582531,746.4732104906915,756.79785722027
100055,RSN9299,38,9299, VES,5.03,35.3852,-118.6292,7.3,65.26,393,35.8409,-119.0847,12.6,12.82,-0.015579371,-0.069899528,9.49e-05,0.000101544,0.222882352,0.162914497,84.37805878,5.179664862,6.108664217,0.104719755,671.3587122,153.4248306,736.5598314,100.7038068,CI,VES,0.23,441,-0.115235264,-0.142908487,-0.050283894,0.027673224,CI.VES,441,-0.115235264,6.998569965,152.6029968,0.573539019,-0.11523526357758485,441,401.19199638802746,408.2317406358052,339.4617668218563,344.2877911622141
100055,RSN10550,38,10550, VES,4.45,34.1081,-117.3062,14.795,251.66,393,35.8409,-119.0847,14.12,14.47,0.000174953,0.000870198,1.19e-05,1.63e-05,0.201049909,0.158146709,86.84162187,5.179664862,6.313637877,0.104719755,626.5927565,10.73331288,73.12588235,93.98891348,CI,VES,0.23,425,-0.078279557,-0.142908487,-0.050283894,0.06462893,CI.VES,425,-0.078279557,6.998569965,152.6029968,0.573539019,-0.07827955705515599,425,454.87781859905897,436.2004430310019,377.32731418733704,346.9247878307996
100055,RSN18050,38,18050, VES,4.5,36.3915,-117.8683,9.117,125.4,393,35.8409,-119.0847,12.32,12.39,0.002230651,0.006867874,0.000704437,0.000845404,0.324795017,0.161665002,86.25478004,5.179664862,6.172420506,0.157079633,967.3091519,2.638562155,9.74945098,145.0963728,CI,VES,0.23,584,-0.396091371,-0.142908487,-0.050283894,-0.253182884,CI.VES,584,-0.396091371,6.998569965,152.6029968,0.573539019,-0.39609137095896596,584,522.2536227948619,544.7003794171968,465.33838575946334,459.2502432406133
100055,RSN12911,38,12911, VES,4.11,36.0312,-117.7658,4.03,120.87,393,35.8409,-119.0847,21.99,22.08,0.000321155,0.001783328,0.000137785,5.38e-05,0.180087527,0.168262731,88.54143942,5.179664862,5.941161117,0.087266463,528.6801837,5.969423792,12.94283122,79.30202756,CI,VES,0.23,386,0.017972242,-0.142908487,-0.050283894,0.16088073,CI.VES,386,0.017972242,6.998569965,152.6029968,0.573539019,0.017972242404430183,386,448.6384233457562,384.0536583967971,329.58553494618974,312.73994944439437
100058,RSN16061,39,16061, JBMB,3.71,37.7173,-121.8076,16.702,53.77,584,37.3186,-122.1531,33.13,33.22,-0.00030377,-0.002151997,0.000265024,0.000123773,0.141157424,0.150389379,73.19770337,5.179664862,6.365528716,0.06981317,465.8346009,2.454250927,8.120007999,69.87519014,NC,JBMB,-999.0,359,0.486578594,0.357566142,0.450190736,0.129012452,NC.JBMB,359,0.486578594,7.979599953,783.901001,7.634349823,0.48657859433994854,359,371.3720789388154,428.61076876401097,353.9066716159037,371.7768373820474
100058,RSN8689,39,8689, JBMB,5.45,37.4317,-121.7767,7.486,35.62,584,37.3186,-122.1531,15.03,15.17,0.017050601,0.062126057,0.010275147,0.002590543,0.274451678,0.160681697,79.19975102,5.179664862,6.113244097,0.13962634,831.6175075,6.581863725,6.04624508,124.7426261,NC,JBMB,-999.0,511,0.133531393,0.357566142,0.450190736,-0.22403475,NC.JBMB,511,0.133531393,7.979599953,783.901001,7.634349823,0.13353139262452274,511,449.0279487622636,451.26889530095394,413.66619836985615,418.3996193223381
100058,RSN18851,39,18851, JBMB,4.05,37.4812,-121.7987,11.01,36.2,584,37.3186,-122.1531,40.6,40.66,-0.004816486,-0.021192898,0.001039499,0.000354639,0.227268883,0.154326302,74.03947051,5.179664862,6.229990225,0.104719755,721.9978258,13.58137712,20.38760788,108.2996739,NC,JBMB,-999.0,465,0.227863577,0.357566142,0.450190736,-0.129702565,NC.JBMB,465,0.227863577,7.979599953,783.901001,7.634349823,0.22786357724087125,465,424.6052386233424,404.2814959223364,397.305879184279,403.30765660937516
100058,RSN12293,39,12293, JBMB,4.23,37.901,-122.1038,14.378,64.79,584,37.3186,-122.1531,15.49,15.59,-0.001580634,-0.008088683,0.000563441,0.000333952,0.195412967,0.155256831,78.0113675,5.179664862,6.300455998,0.104719755,621.0227715,4.733117334,14.35586512,93.15341573,NC,JBMB,-999.0,423,0.322528804,0.357566142,0.450190736,-0.035037339,NC.JBMB,423,0.322528804,7.979599953,783.901001,7.634349823,0.3225288037819496,423,396.69256039780845,409.63545457674246,392.482359294902,382.08629877807454
100058,RSN12527,39,12527, JBMB,4.1,37.862,-121.9995,13.322,61.82,584,37.3186,-122.1531,19.8,19.9,-0.002173951,-0.018241601,0.00049012,0.000365179,0.119175431,0.156052596,78.39471405,5.179664862,6.277093244,0.052359878,379.6831167,5.953110666,37.21864237,56.95246751,NC,JBMB,-999.0,315,0.617328344,0.357566142,0.450190736,0.259762202,NC.JBMB,315,0.617328344,7.979599953,783.901001,7.634349823,0.6173283440025941,315,352.93276561834796,409.3246183825447,342.2103272960232,382.9063974884225
100060,RSN18931,40,18931, JELB,3.73,37.4822,-121.793,9.63,61.64,323,36.9275,-121.8276,40.88,40.96,-0.00116549,-0.005117706,0.000746638,0.000272381,0.227736906,0.15989492,81.81509219,5.179664862,6.190401578,0.104719755,698.2183117,4.278896105,6.854333693,104.7327468,NC,JELB,0.253333333,454,-0.340444875,-0.189839919,-0.097215326,-0.150604956,NC.JELB,454,-0.340444875,14.01060009,81.6969986,5.152009964,-0.3404448748186919,454,405.9298920069944,389.56171989512046,419.2846003166591,392.5338160875914
100060,RSN18855,40,18855, JELB,4.05,37.4812,-121.7987,11.01,61.5,323,36.9275,-121.8276,40.9,41.04,-0.006504721,-0.030159627,0.003788638,0.000487114,0.215676426,0.15832565,80.52838684,5.179664862,6.229990225,0.104719755,669.4791641,13.35359074,7.96054598,100.4218746,NC,JELB,0.253333333,440,-0.309122404,-0.189839919,-0.097215326,-0.119282484,NC.JELB,440,-0.309122404,14.01060009,81.6969986,5.152009964,-0.30912240368965005,440,397.1387953745465,397.0903382685666,408.80513610923356,389.3250857188212
100060,RSN11630,40,11630, JELB,4.2,36.8832,-121.619,7.507,19.23,323,36.9275,-121.8276,19.3,19.34,0.017595951,0.151437457,0.024732522,0.002058872,0.116192856,0.153823391,70.12507677,5.179664862,6.113745147,0.052359878,375.6750396,8.546403565,6.123009089,56.35125594,NC,JELB,0.253333333,313,0.031449133,-0.189839919,-0.097215326,0.221289052,NC.JELB,313,0.031449133,14.01060009,81.6969986,5.152009964,0.03144913268250349,313,341.35336549191527,371.4916639691583,368.24460860472533,380.5469394221539
100060,RSN17446,40,17446, JELB,3.4,37.1173,-121.5231,7.213,34.32,323,36.9275,-121.8276,19.46,19.53,-0.00181557,-0.011268359,0.000651252,0.000265451,0.16112103,0.160934343,79.33758035,5.179664862,6.106430378,0.087266463,496.0863727,6.839567378,17.30260944,74.41295591,NC,JELB,0.253333333,372,-0.141241531,-0.189839919,-0.097215326,0.048598388,NC.JELB,372,-0.141241531,14.01060009,81.6969986,5.152009964,-0.14124153105048975,372,366.9838154004388,367.4352214936698,402.013620719771,374.8161856312079
100064,RSN14136,42,14136, JLAB,3.8,36.6815,-121.3092,5.568,64.74,477,37.1543,-121.7347,21.1,21.24,0.00066543,0.00086911,0.000265649,0.000184162,0.765644475,0.164890549,85.85285882,5.179664862,6.048749462,0.331612558,1948.509661,3.613286129,3.271647926,292.2764492,NC,JLAB,6.71517,833,-0.557517151,-0.428268892,-0.335644299,-0.129248259,NC.JLAB,684,-0.360441427,19.61330032,280.8819885,4.276450157,-0.36044142673420865,684,617.65459642217,571.1628783471351,613.1702153629815,539.8862668249893
100064,RSN11679,42,11679, JLAB,4.3,37.2793,-121.6191,3.442,17.25,477,37.1543,-121.7347,20.73,20.84,-0.074021614,-0.166943197,0.003671779,0.000768037,0.443394009,0.166217885,80.75336803,5.179664862,5.93802414,0.20943951,1246.500156,96.3776667,45.46657002,186.9750234,NC,JLAB,6.71517,680,-0.354576307,-0.428268892,-0.335644299,0.073692585,NC.JLAB,559,-0.158632982,19.61330032,280.8819885,4.276450157,-0.1586329822667576,559,526.1910133256047,467.0627863731498,509.8823670129189,446.6549796342584
100064,RSN19195,42,19195, JLAB,3.8,36.6888,-121.3205,4.454,63.49,477,37.1543,-121.7347,21.22,21.37,0.001475921,0.001968262,0.000191469,7.22e-05,0.749860033,0.166966826,86.81136659,5.179664862,5.979941298,0.314159265,1890.565857,20.44211911,10.27979464,283.5848786,NC,JLAB,6.71517,814,-0.534443875,-0.428268892,-0.335644299,-0.106174983,NC.JLAB,669,-0.338267569,19.61330032,280.8819885,4.276450157,-0.3382675692398873,669,685.7819923033258,555.9587512043631,613.3197670940148,530.6933808611369
100064,RSN15858,42,15858, JLAB,3.6,37.3892,-121.5177,5.014,32.4,477,37.1543,-121.7347,33.16,33.33,-0.001486029,-0.004066502,0.000146131,0.000223307,0.365431809,0.164762006,82.62217034,5.179664862,6.019111729,0.174532925,1057.681689,6.654645846,27.82778466,158.6522534,NC,JLAB,6.71517,621,-0.263814591,-0.428268892,-0.335644299,0.164454301,NC.JLAB,510,-0.066894235,19.61330032,280.8819885,4.276450157,-0.06689423483002965,510,508.6894271151941,444.05619338115514,472.21772054887896,421.26722381918813
100064,RSN18984,42,18984, JLAB,4.51,35.7277,-121.0758,5.558,168.97,477,37.1543,-121.7347,24.97,25.08,0.000344669,0.000683908,0.000283755,0.000120328,0.503969342,0.165274821,88.43659075,5.179664862,6.048276052,0.226892803,1397.736606,2.864412273,2.410205988,209.6604909,NC,JLAB,6.71517,734,-0.430992538,-0.428268892,-0.335644299,-0.002723645,NC.JLAB,603,-0.234400706,19.61330032,280.8819885,4.276450157,-0.2344007058388442,603,641.7527923960972,572.1279616452819,643.7894540759888,540.1946424966226
100085,RSN19291,45,19291, PHSB,3.8,36.6652,-121.2928,7.59,95.78,422,35.824,-121.0539,22.28,22.37,-0.000419541,-0.002688038,0.000174684,4.54e-05,0.156077036,0.163113361,85.98976153,5.179664862,6.115695017,0.06981317,473.8688099,9.240991189,15.38800348,71.08032149,NC,PHSB,-999.0,362,0.153361102,0.10773133,0.200355924,0.045629772,NC.PHSB,362,0.153361102,15.38220024,456.9030151,7.475399971,0.15336110221024057,362,363.305702517955,352.41634089633055,360.3352229090602,339.52159189785976
100085,RSN14139,45,14139, PHSB,3.8,36.6815,-121.3092,5.568,97.88,422,35.824,-121.0539,20.25,20.31,-0.000573134,-0.003708485,0.000496725,0.000174029,0.154546587,0.165136585,87.27573066,5.179664862,6.048749462,0.06981317,463.5802015,3.293324676,7.465871458,69.53703023,NC,PHSB,-999.0,358,0.164472328,0.10773133,0.200355924,0.056740997,NC.PHSB,358,0.164472328,15.38220024,456.9030151,7.475399971,0.16447232763531172,358,352.76401210566297,348.87196745546566,354.59433410791627,335.24483965544937
100085,RSN14974,45,14974, PHSB,3.7,35.6371,-120.7559,6.53,34.01,422,35.824,-121.0539,20.48,20.54,0.003099906,0.014588228,0.00142569,0.000289612,0.21249365,0.161897703,80.1954097,5.179664862,6.086524027,0.104719755,645.4622031,10.70365178,10.23239835,96.81933047,NC,PHSB,-999.0,432,-0.023420274,0.10773133,0.200355924,-0.131151605,NC.PHSB,432,-0.023420274,15.38220024,456.9030151,7.475399971,-0.023420274208098668,432,408.56798535044607,363.87370914822253,377.47671734471385,349.0218097170711
100085,RSN18518,45,18518, PHSB,3.48,35.8309,-120.3782,6.939,61.06,422,35.824,-121.0539,20.63,20.69,0.000452394,0.005290147,0.000295072,6.07e-05,0.085516394,0.163137439,84.25191083,5.179664862,6.098979266,0.034906585,261.3058298,7.452948929,17.92832597,39.19587447,NC,PHSB,-999.0,245,0.543747103,0.10773133,0.200355924,0.436015773,NC.PHSB,245,0.543747103,15.38220024,456.9030151,7.475399971,0.5437471034912846,245,339.4953226629172,347.626288755812,318.2711725500615,324.56133994671103
100085,RSN8736,45,8736, PHSB,5.45,37.4317,-121.7767,7.486,189.76,422,35.824,-121.0539,15.6,15.92,-0.002652344,-0.010814911,0.000812348,0.000357271,0.245248773,0.163482006,88.0240793,5.179664862,6.113244097,0.122173048,733.9516547,7.423899505,13.31315028,110.0927482,NC,PHSB,-999.0,470,-0.107727381,0.10773133,0.200355924,-0.215458711,NC.PHSB,470,-0.107727381,15.38220024,456.9030151,7.475399971,-0.10772738066809229,470,489.79466119800645,386.8314849499768,441.29894187500986,369.6351855590553
100085,RSN18487,45,18487, PHSB,4.01,35.8628,-120.4101,9.132,58.32,422,35.824,-121.0539,20.15,20.28,0.002910752,0.012537299,0.000716518,0.00021136,0.232167378,0.160372522,81.88059314,5.179664862,6.172976895,0.122173048,710.3450366,13.77153671,17.4975353,106.5517555,NC,PHSB,-999.0,459,-0.084044896,0.10773133,0.200355924,-0.191776226,NC.PHSB,459,-0.084044896,15.38220024,456.9030151,7.475399971,-0.08404489602453324,459,428.27040225190456,365.1484796766982,380.54996658688805,347.9284512300856
100091,RSN14493,49,14493, BEL,4.01,33.2617,-116.0659,5.761,82.19,796,34.0006,-115.9982,27.28,27.42,-0.000904187,-0.000951643,2.67e-05,6.04e-06,0.950132982,0.164792763,86.59420195,5.179664862,6.057510055,0.383972435,2252.442659,149.6998344,35.64205993,337.8663989,CI,BEL,-999.0,932,-0.157733629,0.085610816,0.178235409,-0.243344444,CI.BEL,932,-0.157733629,14.83349991,1330.719971,1.703959942,-0.1577336288412079,932,774.2825603741697,978.9736679257715,901.9433019440979,982.5152093461658
100091,RSN15148,49,15148, BEL,3.9,33.867,-117.1038,11.856,103.29,796,34.0006,-115.9982,24.6,24.7,0.001087614,0.001843527,0.000151355,2.3e-05,0.58996366,0.159114974,83.92480187,5.179664862,6.24946745,0.261799388,1653.563216,47.28756522,12.18015262,248.0344824,CI,BEL,-999.0,734,0.081090157,0.085610816,0.178235409,-0.004520658,CI.BEL,734,0.081090157,14.83349991,1330.719971,1.703959942,0.0810901572298679,734,721.9065104337391,871.3323620239742,721.4023154694144,808.9725242726125
100091,RSN16088,49,16088, BEL,3.58,33.827,-117.0296,15.131,97.31,796,34.0006,-115.9982,16.2,16.28,0.000264893,0.000639394,5.18e-05,7.89e-06,0.414287275,0.156448687,81.62631328,5.179664862,6.323730411,0.191986218,1246.264454,33.57325729,12.34351351,186.9396681,CI,BEL,-999.0,680,0.157506388,0.085610816,0.178235409,0.071895572,CI.BEL,680,0.157506388,14.83349991,1330.719971,1.703959942,0.15750638767423109,680,654.9218808256151,825.8047640221199,650.8006717680984,755.9576010754438
100091,RSN13817,49,13817, BEL,4.17,34.3277,-116.829,4.957,84.76,796,34.0006,-115.9982,21.5,21.59,0.000890871,0.00244091,0.000201964,4.46e-05,0.364974843,0.166045565,87.27050765,5.179664862,6.015610792,0.174532925,1048.343304,19.9746861,12.08586679,157.2514956,CI,BEL,-999.0,618,0.253110728,0.085610816,0.178235409,0.167499913,CI.BEL,618,0.253110728,14.83349991,1330.719971,1.703959942,0.2531107283866927,618,752.6675692741796,780.1811393827574,634.8329430476475,688.603040388216
100091,RSN16746,49,16746, BEL,3.72,33.1099,-116.0467,7.494,98.89,796,34.0006,-115.9982,31.63,31.69,-0.000181162,-0.000252159,5.92e-05,3.58e-05,0.718444318,0.163208802,86.1698517,5.179664862,6.113435346,0.314159265,1878.979801,5.060391061,4.259442568,281.8469702,CI,BEL,-999.0,810,-0.017435062,0.085610816,0.178235409,-0.103045877,CI.BEL,810,-0.017435062,14.83349991,1330.719971,1.703959942,-0.017435061822101083,810,759.9276222419134,887.35635665115,804.2880263653079,856.9245893596857
100091,RSN15385,49,15385, BEL,3.99,34.0514,-117.2429,14.998,115.1,796,34.0006,-115.9982,21.95,22.07,0.000261707,0.000583171,3.41e-05,7.04e-06,0.448765472,0.157053578,82.9997227,5.179664862,6.319789549,0.20943951,1332.653141,37.17428977,17.10178886,199.8979712,CI,BEL,-999.0,712,0.111521274,0.085610816,0.178235409,0.025910459,CI.BEL,712,0.111521274,14.83349991,1330.719971,1.703959942,0.11152127443240722,712,683.2281075013127,841.9182613870092,703.8362140344675,788.7143338343768
100091,RSN16578,49,16578, BEL,3.69,33.735,-117.4936,9.693,141.47,796,34.0006,-115.9982,17.48,17.57,0.00014818,0.000331633,2.97e-05,4.46e-06,0.446818487,0.161176036,86.44690301,5.179664862,6.192470162,0.20943951,1293.836479,33.22421525,11.16609428,194.0754719,CI,BEL,-999.0,698,0.131380083,0.085610816,0.178235409,0.045769268,CI.BEL,698,0.131380083,14.83349991,1330.719971,1.703959942,0.13138008308201066,698,758.7839804029873,856.672688376686,787.3118080592407,825.995587282395
100091,RSN15555,49,15555, BEL,4.06,32.6823,-116.088,9.762,146.45,796,34.0006,-115.9982,26.2,26.31,-0.000217628,-0.000384977,1.07e-05,1.26e-05,0.565303008,0.161134313,86.54195926,5.179664862,6.194703173,0.261799388,1580.460094,17.27206349,35.97915888,237.0690141,CI,BEL,-999.0,735,0.079728687,0.085610816,0.178235409,-0.005882129,CI.BEL,735,0.079728687,14.83349991,1330.719971,1.703959942,0.07972868663154653,735,874.1443296846342,907.2789085941878,867.6181330554042,872.1987790588103
100091,RSN8317,49,8317, BEL,4.27,33.9173,-117.7758,7.0,164.21,796,34.0006,-115.9982,15.3,15.4,0.001449592,0.002250213,0.000883323,0.000500218,0.644202327,0.163803431,87.8789036,5.179664862,6.100695365,0.27925268,1720.634545,2.897920507,2.547440744,258.0951818,CI,BEL,-999.0,757,0.050235932,0.085610816,0.178235409,-0.035374883,CI.BEL,757,0.050235932,14.83349991,1330.719971,1.703959942,0.05023593240693458,757,890.2570990350619,893.9553856563602,911.3304688167563,870.6939328503348
100091,RSN16512,49,16512, BEL,3.61,34.2449,-117.4464,12.48,136.32,796,34.0006,-115.9982,13.7,13.84,4.71e-05,8.79e-05,2.22e-05,3.92e-06,0.535658738,0.159117619,85.13943024,5.179664862,6.262058538,0.244346095,1529.303446,12.01530612,3.959459459,229.3955169,CI,BEL,-999.0,779,0.02158814,0.085610816,0.178235409,-0.064022676,CI.BEL,779,0.02158814,14.83349991,1330.719971,1.703959942,0.021588139973634846,779,749.7789133220538,929.3080479872742,803.9928430013981,870.7483731860492
100091,RSN17407,49,17407, BEL,3.66,34.2987,-116.8617,15.28,86.23,796,34.0006,-115.9982,15.81,15.89,0.000164947,0.00066613,3.01e-05,2.04e-05,0.247620289,0.155842275,80.46336424,5.179664862,6.328063842,0.122173048,776.9543269,8.085637255,22.13056478,116.543149,CI,BEL,-999.0,489,0.487236696,0.085610816,0.178235409,0.401625881,CI.BEL,489,0.487236696,14.83349991,1330.719971,1.703959942,0.4872366963695107,489,426.9463555558668,572.4556312628708,406.23152689374166,502.5550832868116
100091,RSN16864,49,16864, BEL,3.6,34.2088,-117.5824,7.536,147.99,796,34.0006,-115.9982,40.78,40.86,0.000121074,0.000221267,4.62e-05,2.39e-05,0.547186333,0.163383855,87.4367442,5.179664862,6.114431914,0.244346095,1514.474562,5.065857741,4.789329004,227.1711843,CI,BEL,-999.0,774,0.028027312,0.085610816,0.178235409,-0.057583503,CI.BEL,774,0.028027312,14.83349991,1330.719971,1.703959942,0.028027312254655712,774,892.1906107150861,954.962295275248,905.2045672694517,916.3896318441159
100091,RSN8767,49,8767, BEL,5.39,33.9465,-117.7667,14.89,163.55,796,34.0006,-115.9982,25.18,25.42,0.018378477,0.021237889,0.002295683,0.002273399,0.865362721,0.157735846,85.09940284,5.179664862,6.31653763,0.34906585,2209.793629,8.084140531,9.251228937,331.4690444,CI,BEL,-999.0,918,-0.142598205,0.085610816,0.178235409,-0.22820902,CI.BEL,918,-0.142598205,14.83349991,1330.719971,1.703959942,-0.14259820477610763,918,845.9964380840341,973.8066070137565,992.599869522826,956.3387451536928
100091,RSN14700,49,14700, BEL,3.84,34.2268,-117.4407,8.593,135.43,796,34.0006,-115.9982,20.62,20.73,0.000317145,0.000966106,2.4e-05,6.93e-06,0.328270825,0.162296979,86.75684979,5.179664862,6.151676073,0.157079633,972.878693,45.76406926,40.25441667,145.931804,CI,BEL,-999.0,587,0.304574366,0.085610816,0.178235409,0.21896355,CI.BEL,587,0.304574366,14.83349991,1330.719971,1.703959942,0.3045743660162863,587,544.6898464312659,729.6753687765796,570.2156477631526,626.7731591700397
100091,RSN17120,49,17120, BEL,3.53,33.9634,-117.8198,13.862,168.38,796,34.0006,-115.9982,39.59,39.69,2.82e-05,0.000121054,7.17e-06,6.01e-06,0.23270239,0.158620707,85.59589003,5.179664862,6.285731951,0.122173048,719.7611287,4.6921797,16.88340307,107.9641693,CI,BEL,-999.0,464,0.539714634,0.085610816,0.178235409,0.454103818,CI.BEL,464,0.539714634,14.83349991,1330.719971,1.703959942,0.5397146336181278,464,465.33755075514625,575.2092055935753,457.35732010205095,504.31714780597594
100091,RSN13109,49,13109, BEL,4.06,33.2394,-116.2082,10.532,86.65,796,34.0006,-115.9982,13.45,13.52,-0.00192886,-0.002192454,0.000407911,0.000283174,0.879772592,0.159833942,83.6015162,5.179664862,6.217520851,0.366519143,2211.377811,6.811571684,5.374834216,331.7066717,CI,BEL,-999.0,918,-0.142598205,0.085610816,0.178235409,-0.22820902,CI.BEL,918,-0.142598205,14.83349991,1330.719971,1.703959942,-0.14259820477610763,918,792.6087973992543,984.9185090000761,860.4778828132675,951.8108126575337
100091,RSN15686,49,15686, BEL,3.81,32.4923,-116.8468,13.18,185.03,796,34.0006,-115.9982,22.61,22.72,-6.53e-05,-7.73e-05,6.67e-06,6.25e-06,0.844967925,0.159018377,86.19215934,5.179664862,6.274698597,0.34906585,2160.127194,10.448,11.5892054,324.0190791,CI,BEL,-999.0,902,-0.125015334,0.085610816,0.178235409,-0.21062615,CI.BEL,902,-0.125015334,14.83349991,1330.719971,1.703959942,-0.12501533421824096,902,768.0703592509777,969.0049282763603,988.5755238396393,949.1965630348474
100091,RSN12593,49,12593, BEL,4.11,33.5089,-116.8485,12.274,95.82,796,34.0006,-115.9982,15.7,15.78,0.002150437,0.002950239,0.000563935,0.000490578,0.728902812,0.158657131,83.16083188,5.179664862,6.258050482,0.314159265,1951.995278,4.383476226,5.231523137,292.7992917,CI,BEL,-999.0,834,-0.046634217,0.085610816,0.178235409,-0.132245032,CI.BEL,834,-0.046634217,14.83349991,1330.719971,1.703959942,-0.046634216514363835,834,759.9657182029912,904.3916922264948,792.265576804587,862.0722233542879
100091,RSN14379,49,14379, BEL,4.14,34.8632,-116.3444,6.474,100.84,796,34.0006,-115.9982,20.95,21.03,0.000163317,0.0002105,7.18e-05,6.13e-05,0.775850245,0.164096575,86.83517117,5.179664862,6.084678138,0.331612558,1975.000138,2.664225122,2.931754875,296.2500207,CI,BEL,-999.0,842,-0.056180828,0.085610816,0.178235409,-0.141791644,CI.BEL,842,-0.056180828,14.83349991,1330.719971,1.703959942,-0.05618082839794347,842,823.6064410326946,922.0584259731143,836.9792284527748,892.1989952258069
100091,RSN9323,49,9323, BEL,4.88,34.0655,-117.0011,17.501,92.9,796,34.0006,-115.9982,12.45,12.64,0.001976966,0.002596934,0.000115451,7.12e-05,0.761269257,0.15413044,79.72224984,5.179664862,6.383907006,0.331612558,2076.682979,27.7663764,22.49381989,311.5024469,CI,BEL,-999.0,875,-0.094624701,0.085610816,0.178235409,-0.180235516,CI.BEL,875,-0.094624701,14.83349991,1330.719971,1.703959942,-0.09462470051323102,875,796.9424201153705,932.9920169762906,811.0868184544021,890.041153333619
100091,RSN16245,49,16245, BEL,3.64,33.223,-116.7186,8.687,109.12,796,34.0006,-115.9982,33.04,33.23,-0.000377779,-0.00045958,8.69e-06,7e-06,0.822009379,0.162036228,85.89086652,5.179664862,6.155594857,0.34906585,2083.802438,53.96842857,52.88607595,312.5703657,CI,BEL,-999.0,877,-0.096907807,0.085610816,0.178235409,-0.182518622,CI.BEL,877,-0.096907807,14.83349991,1330.719971,1.703959942,-0.09690780652779996,877,776.5131152211419,951.9501771461107,907.5201693431065,928.9966826576089
100091,RSN10400,49,10400, BEL,4.45,34.1081,-117.3062,14.795,121.35,796,34.0006,-115.9982,11.7,11.83,0.001540626,0.002543127,0.000122497,2.71e-05,0.605799883,0.157350974,83.44215977,5.179664862,6.313637877,0.27925268,1711.9446,56.8496679,20.76072883,256.79169,CI,BEL,-999.0,754,0.054206818,0.085610816,0.178235409,-0.031403998,CI.BEL,754,0.054206818,14.83349991,1330.719971,1.703959942,0.05420681783642678,754,741.9335174603746,883.0030687846936,755.4837273334099,825.3868402672042
100091,RSN15889,49,15889, BEL,3.96,32.6554,-116.1347,12.336,149.73,796,34.0006,-115.9982,23.37,23.51,-0.000146619,-0.00024733,1.05e-05,1.22e-05,0.592806736,0.159296408,85.62000506,5.179664862,6.25927157,0.261799388,1657.693718,12.01795082,23.5552381,248.6540577,CI,BEL,-999.0,736,0.078369067,0.085610816,0.178235409,-0.007241748,CI.BEL,736,0.078369067,14.83349991,1330.719971,1.703959942,0.0783690671155064,736,804.3128462149475,896.2899675448081,823.7426572446728,841.9028364318951
100091,RSN15612,49,15612, BEL,3.87,33.7513,-116.0218,8.756,27.74,796,34.0006,-115.9982,17.42,17.49,0.007904897,0.014574904,0.000694721,0.000514365,0.542363621,0.155603612,73.38975319,5.179664862,6.158414042,0.244346095,1579.212124,15.36826378,20.97950688,236.8818186,CI,BEL,-999.0,736,0.078369067,0.085610816,0.178235409,-0.007241748,CI.BEL,736,0.078369067,14.83349991,1330.719971,1.703959942,0.0783690671155064,736,684.4232112727708,863.9651684462516,696.7949712971657,807.411776307009
100091,RSN16700,49,16700, BEL,3.73,33.5058,-116.7636,16.276,89.67,796,34.0006,-115.9982,18.8,18.87,0.000339583,0.000409755,0.000145861,6.25e-05,0.82874655,0.155038001,80.15210912,5.179664862,6.3549922,0.34906585,2189.039083,5.433328,2.809215623,328.3558625,CI,BEL,-999.0,911,-0.134943711,0.085610816,0.178235409,-0.220554527,CI.BEL,911,-0.134943711,14.83349991,1330.719971,1.703959942,-0.13494371141557515,911,730.8691292578762,972.4483552954787,850.6226691804202,933.7576432345852
100091,RSN8986,49,8986, BEL,5.2,33.5328,-116.5697,15.48,74.13,796,34.0006,-115.9982,20.59,20.74,0.03164686,0.034853301,0.000366791,9.17e-05,0.908001804,0.154867122,78.78065844,5.179664862,6.333749326,0.366519143,2325.528975,345.1129771,95.0222361,348.8293463,CI,BEL,-999.0,955,-0.182112155,0.085610816,0.178235409,-0.26772297,CI.BEL,955,-0.182112155,14.83349991,1330.719971,1.703959942,-0.18211215463634733,955,796.2489222362798,990.5236393241325,863.3242578428508,954.3143486749664
100091,RSN14983,49,14983, BEL,3.74,34.1651,-117.4332,7.875,133.7,796,34.0006,-115.9982,21.5,21.73,0.000262273,0.000293764,2e-05,7.05e-06,0.892799055,0.163123129,87.01853878,5.179664862,6.12204057,0.366519143,2185.896164,37.20184397,14.6882,327.8844246,CI,BEL,-999.0,910,-0.133845414,0.085610816,0.178235409,-0.219456229,CI.BEL,910,-0.133845414,14.83349991,1330.719971,1.703959942,-0.1338454136665126,910,810.9377479966997,988.0743169311381,981.6690713075702,965.4061705996169
100091,RSN16812,49,16812, BEL,3.49,34.309,-116.9297,9.684,92.46,796,34.0006,-115.9982,13.12,13.21,0.00018882,0.000733542,1.47e-05,4.08e-06,0.257408391,0.16076376,84.54885278,5.179664862,6.192176404,0.122173048,781.151101,46.27941176,49.90081633,117.1726652,CI,BEL,-999.0,491,0.483155058,0.085610816,0.178235409,0.397544242,CI.BEL,491,0.483155058,14.83349991,1330.719971,1.703959942,0.4831550580498627,491,448.4913709594088,588.196225354482,425.4659978684667,512.8039177727708
100091,RSN17313,49,17313, BEL,3.56,33.4509,-116.5827,10.563,81.56,796,34.0006,-115.9982,28.47,28.57,0.000315302,0.000395782,4.55e-05,3.8e-05,0.796657261,0.159677172,83.18335114,5.179664862,6.218365755,0.331612558,2064.760615,8.297421053,8.698505495,309.7140923,CI,BEL,-999.0,871,-0.090042791,0.085610816,0.178235409,-0.175653607,CI.BEL,871,-0.090042791,14.83349991,1330.719971,1.703959942,-0.09004279100811985,871,683.1649462991695,937.7536040451879,815.3766067786636,897.6591271811905
100091,RSN16934,49,16934, BEL,3.63,34.1242,-116.405,9.555,39.98,796,34.0006,-115.9982,11.86,11.92,0.00215355,0.009053399,0.000466745,9.37e-05,0.23787202,0.15765964,77.31244106,5.179664862,6.187901101,0.122173048,739.3930905,22.98345784,19.39688481,110.9089636,CI,BEL,-999.0,473,0.520503797,0.085610816,0.178235409,0.434892982,CI.BEL,473,0.520503797,14.83349991,1330.719971,1.703959942,0.5205037973524504,473,412.63891770200985,564.9721705292168,396.8810326083308,492.74783332477233
100091,RSN17480,49,17480, BEL,3.62,33.9521,-116.3635,9.067,34.18,796,34.0006,-115.9982,16.25,16.32,0.005188963,0.016751483,0.000211041,6.29e-06,0.309761417,0.157424619,76.26318558,5.179664862,6.170551665,0.157079633,951.4133125,824.954372,79.37549102,142.7119969,CI,BEL,-999.0,575,0.325229145,0.085610816,0.178235409,0.239618329,CI.BEL,575,0.325229145,14.83349991,1330.719971,1.703959942,0.3252291450470324,575,504.3116723711747,692.9443145149626,489.58344076787296,591.2693827879804
100091,RSN10910,49,10910, BEL,4.26,33.8776,-116.2019,10.062,23.25,796,34.0006,-115.9982,16.26,16.32,-0.008873149,-0.024717884,0.000913813,6.7e-05,0.358976908,0.149037077,67.61279194,5.179664862,6.204033973,0.174532925,1150.935996,132.4350597,27.04917089,172.6403994,CI,BEL,-999.0,645,0.210348869,0.085610816,0.178235409,0.124738053,CI.BEL,645,0.210348869,14.83349991,1330.719971,1.703959942,0.2103488690486106,645,643.212507079603,796.5930282203831,590.9509146643553,707.7222858999577
100091,RSN17647,49,17647, BEL,3.47,33.8029,-116.1786,7.366,27.55,796,34.0006,-115.9982,19.1,19.17,0.004367615,0.007289641,9.78e-05,5.24e-05,0.599153641,0.158962062,76.2420152,5.179664862,6.110319177,0.261799388,1674.563842,83.3514313,74.53620654,251.1845763,CI,BEL,-999.0,742,0.070249943,0.085610816,0.178235409,-0.015360873,CI.BEL,742,0.070249943,14.83349991,1330.719971,1.703959942,0.07024994267700269,742,688.6224959637298,872.0376363198438,712.907434758606,811.1508616742327
100091,RSN15251,49,15251, BEL,3.86,34.1976,-117.3882,14.177,130.12,796,34.0006,-115.9982,24.05,24.23,0.00042843,0.000888782,4.54e-06,1.23e-05,0.482041712,0.158063409,84.16762059,5.179664862,6.293825021,0.226892803,1409.575426,34.83170732,195.7669604,211.4363139,CI,BEL,-999.0,738,0.075655361,0.085610816,0.178235409,-0.009955454,CI.BEL,738,0.075655361,14.83349991,1330.719971,1.703959942,0.07565536124391059,738,709.630366320157,878.9596409485707,760.9044584063614,819.0872749439943
100091,RSN17362,49,17362, BEL,3.56,33.0804,-116.4826,10.835,111.54,796,34.0006,-115.9982,31.75,31.79,-0.000800639,-0.001206113,0.000390972,0.000176838,0.663817917,0.159989915,84.89082177,5.179664862,6.225560001,0.296705973,1806.803,4.52752802,3.084908894,271.02045,CI,BEL,-999.0,786,0.012642393,0.085610816,0.178235409,-0.072968422,CI.BEL,786,0.012642393,14.83349991,1330.719971,1.703959942,0.012642393415176478,786,814.9859206677165,881.4146180012408,806.277667543313,842.7656142376711
100091,RSN17070,49,17070, BEL,3.52,34.2098,-116.4371,4.645,46.68,796,34.0006,-115.9982,18.13,18.2,0.000339044,0.001103762,0.000187027,2.81e-05,0.307171067,0.16627241,85.36915187,5.179664862,5.994593769,0.157079633,893.893077,12.06562278,5.901618483,134.0839616,CI,BEL,-999.0,544,0.380649939,0.085610816,0.178235409,0.295039123,CI.BEL,544,0.380649939,14.83349991,1330.719971,1.703959942,0.3806499389884408,544,582.1205275271907,675.1359612002354,513.3812640094133,570.3070281275228
100091,RSN15522,49,15522, BEL,3.68,34.7251,-116.0506,2.727,80.51,796,34.0006,-115.9982,22.15,22.23,-0.000137241,-0.000173142,4.62e-05,1.85e-05,0.792650961,0.168365961,88.74767021,5.179664862,5.93802414,0.331612558,1951.859857,7.418432432,3.747662338,292.7789786,CI,BEL,-999.0,834,-0.046634217,0.085610816,0.178235409,-0.132245032,CI.BEL,834,-0.046634217,14.83349991,1330.719971,1.703959942,-0.046634216514363835,834,886.7874001712042,915.238825031236,881.654594931468,883.9455600446981
100091,RSN17833,49,17833, BEL,3.14,33.0622,-115.8937,7.729,104.53,796,34.0006,-115.9982,30.4,30.55,-0.000106884,-0.000133529,8.62e-06,5.03e-06,0.80045582,0.163081612,86.26217283,5.179664862,6.11885537,0.331612558,2027.840156,21.24930417,15.49060325,304.1760234,CI,BEL,-999.0,859,-0.076169736,0.085610816,0.178235409,-0.161780552,CI.BEL,859,-0.076169736,14.83349991,1330.719971,1.703959942,-0.07616973613987188,859,697.5474217505466,935.754714000321,838.7655738787173,908.4819925016792
100091,RSN14285,49,14285, BEL,4.19,33.4453,-116.439,8.875,73.91,796,34.0006,-115.9982,21.82,21.87,-0.000710782,-0.001216282,7.76e-05,3.48e-05,0.584389148,0.16129238,83.75808565,5.179664862,6.16316588,0.261799388,1619.539037,20.42477011,15.67373711,242.9308556,CI,BEL,-999.0,723,0.096189964,0.085610816,0.178235409,0.010579148,CI.BEL,723,0.096189964,14.83349991,1330.719971,1.703959942,0.09618996368561827,723,723.4783348092444,867.7284911926529,732.7721145708712,814.1532779952167
100091,RSN17896,49,17896, BEL,4.04,36.3911,-117.8665,9.439,315.1,796,34.0006,-115.9982,11.73,11.86,9.72e-05,0.000194976,8.39e-06,7.22e-06,0.498431691,0.161650189,88.45558475,5.179664862,6.183950287,0.226892803,1416.365808,13.46260388,23.23909416,212.4548712,CI,BEL,-999.0,741,0.071598561,0.085610816,0.178235409,-0.014012255,CI.BEL,741,0.071598561,14.83349991,1330.719971,1.703959942,0.0715985605482965,741,809.4610821551531,908.5782710562667,933.8050046933162,874.8656186910409
100091,RSN14217,49,14217, BEL,3.94,32.7219,-116.8133,20.237,160.83,796,34.0006,-115.9982,15.23,15.34,-0.000188375,-0.000229188,6.13e-06,3.49e-06,0.821923696,0.15414492,83.10146116,5.179664862,6.440435438,0.34906585,2190.337255,53.9756447,37.38792822,328.5505883,CI,BEL,-999.0,912,-0.136040804,0.085610816,0.178235409,-0.22165162,CI.BEL,912,-0.136040804,14.83349991,1330.719971,1.703959942,-0.1360408042299479,912,862.0801830962632,981.5205969521625,977.8825777568308,954.918736700571
100091,RSN18321,49,18321, BEL,3.05,33.5043,-116.561,11.461,75.82,796,34.0006,-115.9982,14.6,14.66,3.44e-05,6.45e-05,1.36e-05,1.6e-05,0.533002884,0.158659651,81.9537063,5.179664862,6.240750508,0.244346095,1527.715046,2.15,4.742647059,229.1572569,CI,BEL,-999.0,779,0.02158814,0.085610816,0.178235409,-0.064022676,CI.BEL,779,0.02158814,14.83349991,1330.719971,1.703959942,0.021588139973634846,779,664.6178843364875,923.0682645679592,723.2034561516456,855.1903728688751
100091,RSN9862,49,9862, BEL,4.59,34.9977,-119.1926,10.662,313.53,796,34.0006,-115.9982,9.3,9.57,8.4e-05,0.000137217,8.81e-06,3.38e-06,0.612149718,0.160668083,88.22623412,5.179664862,6.221029194,0.27925268,1689.671782,24.85207101,15.57514188,253.4507673,CI,BEL,-999.0,747,0.063534001,0.085610816,0.178235409,-0.022076815,CI.BEL,747,0.063534001,14.83349991,1330.719971,1.703959942,0.06353400071156567,747,812.6350511684808,908.0842079432738,945.2026105733783,863.6746224300939
100091,RSN15097,49,15097, BEL,3.78,34.1353,-117.4476,5.857,134.63,796,34.0006,-115.9982,20.59,20.71,0.00014137,0.000311114,7.71e-06,3.93e-06,0.454399594,0.164862584,87.90855646,5.179664862,6.061617088,0.20943951,1282.862053,35.97201018,40.35201038,192.429308,CI,BEL,-999.0,694,0.137127225,0.085610816,0.178235409,0.05151641,CI.BEL,694,0.137127225,14.83349991,1330.719971,1.703959942,0.13712722533757837,694,694.3323588399909,838.3080613458417,754.2975529419276,797.5979729867643
100091,RSN15728,49,15728, BEL,3.81,32.9942,-116.2977,5.726,115.04,796,34.0006,-115.9982,12.88,13.01,-0.000798524,-0.000837847,0.00027603,0.000289031,0.953066783,0.164982015,87.60511381,5.179664862,6.055972626,0.383972435,2253.797652,2.762762472,3.035347607,338.0696478,CI,BEL,-999.0,932,-0.157733629,0.085610816,0.178235409,-0.243344444,CI.BEL,932,-0.157733629,14.83349991,1330.719971,1.703959942,-0.1577336288412079,932,800.9678808133599,980.1521654535965,940.925386502127,983.7668852570139
100091,RSN14428,49,14428, BEL,4.05,32.7091,-116.0396,7.817,143.29,796,34.0006,-115.9982,36.48,36.58,-0.000401207,-0.000577669,2.62e-05,9.55e-06,0.694527426,0.163189631,87.25150926,5.179664862,6.120791156,0.296705973,1828.815197,42.01120419,22.04843511,274.3222796,CI,BEL,-999.0,794,0.002515725,0.085610816,0.178235409,-0.083095091,CI.BEL,794,0.002515725,14.83349991,1330.719971,1.703959942,0.0025157245972469156,794,908.8700697870001,891.8993340349758,930.6987892686205,875.4500020286149
100091,RSN17238,49,17238, BEL,3.53,34.2894,-116.8271,6.278,82.89,796,34.0006,-115.9982,29.39,29.47,0.00043056,0.001486827,7.72e-05,2.42e-05,0.289583218,0.164181828,86.27184919,5.179664862,6.07791863,0.13962634,855.4317189,17.79173554,19.2594171,128.3147578,CI,BEL,-999.0,524,0.418107502,0.085610816,0.178235409,0.332496686,CI.BEL,524,0.418107502,14.83349991,1330.719971,1.703959942,0.4181075015233411,524,479.10304650340015,630.5772447264286,457.074440482752,545.0564175611221
100091,RSN15346,49,15346, BEL,3.87,33.928,-116.7858,18.501,73.24,796,34.0006,-115.9982,21.44,21.52,0.002318641,0.005232752,0.000181805,4.42e-05,0.443101609,0.151718388,76.33809491,5.179664862,6.40467109,0.20943951,1364.868016,52.45794118,28.78222271,204.7302024,CI,BEL,-999.0,723,0.096189964,0.085610816,0.178235409,0.010579148,CI.BEL,723,0.096189964,14.83349991,1330.719971,1.703959942,0.09618996368561827,723,702.9547723830253,856.3614448803463,690.756354138609,789.7650898605883
100091,RSN13371,49,13371, BEL,3.9,34.4032,-118.651,13.612,248.54,796,34.0006,-115.9982,9.52,9.64,-1.88e-05,-3.17e-05,1.02e-05,8.55e-06,0.593227502,0.15898238,87.07697428,5.179664862,6.281821568,0.261799388,1661.858193,2.198830409,3.107843137,249.278729,CI,BEL,-999.0,737,0.077011294,0.085610816,0.178235409,-0.008599522,CI.BEL,737,0.077011294,14.83349991,1330.719971,1.703959942,0.07701129365504666,737,805.4515495691421,895.0935436016483,857.502135423311,839.2002613452934
100091,RSN10030,49,10030, BEL,4.18,34.3617,-118.6637,11.151,248.97,796,34.0006,-115.9982,16.7,16.95,-0.000225176,-0.000367357,7.22e-05,5.36e-05,0.612962075,0.160289423,87.64663017,5.179664862,6.233452986,0.27925268,1695.332731,4.201044776,5.088047091,254.2999097,CI,BEL,-999.0,749,0.060860202,0.085610816,0.178235409,-0.024750613,CI.BEL,749,0.060860202,14.83349991,1330.719971,1.703959942,0.060860202327163826,749,903.9084812312748,925.4833983884794,906.2662260433534,869.836378605869
100091,RSN17742,49,17742, BEL,3.63,32.7081,-116.029,7.885,143.38,796,34.0006,-115.9982,37.0,37.09,-0.00012732,-0.000209137,6.63e-06,1.1e-05,0.608787592,0.16314688,87.22413556,5.179664862,6.12225391,0.27925268,1657.195226,11.57454545,31.54404223,248.5792839,CI,BEL,-999.0,736,0.078369067,0.085610816,0.178235409,-0.007241748,CI.BEL,736,0.078369067,14.83349991,1330.719971,1.703959942,0.0783690671155064,736,864.4752617253736,906.7555516857241,871.6159701010104,868.9676177626901
100091,RSN12830,49,12830, BEL,4.02,33.7129,-116.0516,12.808,32.29,796,34.0006,-115.9982,19.68,19.72,-0.007033751,-0.015715847,0.003087571,0.001031057,0.447557852,0.149087258,69.14800146,5.179664862,6.268161535,0.20943951,1400.690964,6.821883756,5.090035824,210.1036446,CI,BEL,-999.0,735,0.079728687,0.085610816,0.178235409,-0.005882129,CI.BEL,735,0.079728687,14.83349991,1330.719971,1.703959942,0.07972868663154653,735,691.4187352299682,871.5640406588019,697.0715378390046,805.4503494295325
100091,RSN13209,49,13209, BEL,4.19,34.3571,-116.8418,9.486,87.25,796,34.0006,-115.9982,18.55,18.65,0.000697535,0.001613375,0.000128032,4.94e-05,0.432345251,0.160885415,84.36461493,5.179664862,6.185563454,0.20943951,1260.647663,14.1201417,12.60134185,189.0971495,CI,BEL,-999.0,685,0.150180348,0.085610816,0.178235409,0.064569532,CI.BEL,685,0.150180348,14.83349991,1330.719971,1.703959942,0.15018034758215748,685,681.0830105245896,823.1691280600672,684.9742786890514,777.6798151538577
100091,RSN14529,49,14529, BEL,3.78,34.0294,-116.7534,14.93,69.83,796,34.0006,-115.9982,19.96,20.02,0.000180707,0.000908461,3.93e-05,1.03e-05,0.198915173,0.155064086,78.42296004,5.179664862,6.317747533,0.104719755,632.5212695,17.54436893,23.11605598,94.87819043,CI,BEL,-999.0,427,0.622815173,0.085610816,0.178235409,0.537204357,CI.BEL,427,0.622815173,14.83349991,1330.719971,1.703959942,0.6228151726157583,427,397.4987402103571,539.1632909106592,382.1851148578889,463.02919801006976
100091,RSN13179,49,13179, BEL,4.11,33.7104,-116.0457,12.559,32.49,796,34.0006,-115.9982,16.1,16.17,-0.02185078,-0.042952438,0.001281012,0.000380705,0.508720365,0.149592809,69.55097494,5.179664862,6.263559029,0.226892803,1555.983371,57.39556875,33.53008247,233.3975057,CI,BEL,-999.0,759,0.047597408,0.085610816,0.178235409,-0.038013407,CI.BEL,759,0.047597408,14.83349991,1330.719971,1.703959942,0.04759740844875271,759,724.6833719340237,901.5999145796851,718.0705687985144,827.4724666951552
100091,RSN12732,49,12732, BEL,4.26,33.9538,-116.3912,7.696,36.69,796,34.0006,-115.9982,23.22,23.27,0.007094904,0.014368909,0.005116951,0.001327009,0.493767803,0.160537465,79.16937116,5.179664862,6.118116656,0.226892803,1415.343695,5.346537966,2.808099784,212.3015543,CI,BEL,-999.0,740,0.072949,0.085610816,0.178235409,-0.012661816,CI.BEL,740,0.072949,14.83349991,1330.719971,1.703959942,0.07294899964616786,740,739.2451542777745,893.2722719304987,731.6469587606588,831.2089082077796
100092,RSN12733,50,12733, BFS,4.26,33.9538,-116.3912,7.696,121.15,500,34.2388,-117.6585,20.1,20.33,0.000641681,0.000913666,3.91e-05,3.06e-05,0.702315044,0.16319085,86.7794252,5.179664862,6.118116656,0.314159265,1850.079353,20.96996732,23.36741688,277.511903,CI,BFS,7.46331,801,-0.471252849,-0.416344151,-0.323719558,-0.054908697,CI.BFS,690,-0.322083499,17.23060036,1379.599976,23.80999947,-0.3220834991691133,690,697.0950226768405,672.8232738196278,538.340396493079,625.5601851498665
100092,RSN16813,50,16813, BFS,3.49,34.309,-116.9297,9.684,67.56,500,34.2388,-117.6585,13.18,13.24,0.001542725,0.003769449,0.000251235,4.63e-05,0.409270663,0.160114092,82.50432201,5.179664862,6.192176404,0.191986218,1205.041693,33.32019438,15.00367783,180.756254,CI,BFS,7.46331,664,-0.283674051,-0.416344151,-0.323719558,0.1326701,CI.BFS,572,-0.134530893,17.23060036,1379.599976,23.80999947,-0.13453089295760634,572,572.4658990363976,578.9767750190584,508.4875415975094,542.1422124339564
100092,RSN11347,50,11347, BFS,4.73,33.7328,-117.4921,10.018,58.19,500,34.2388,-117.6585,22.85,23.05,-0.008444107,-0.014796207,0.000161057,0.000321603,0.570694039,0.159239437,81.00972095,5.179664862,6.202702587,0.261799388,1610.98045,26.25630669,91.86938165,241.6470675,CI,BFS,7.46331,720,-0.364643114,-0.416344151,-0.323719558,0.051701038,CI.BFS,620,-0.21511138,17.23060036,1379.599976,23.80999947,-0.21511137961694615,620,564.9426153155554,594.0839511877871,535.5616596815705,559.5791480089692
100092,RSN14380,50,14380, BFS,4.14,34.8632,-116.3444,6.474,139.09,500,34.2388,-117.6585,17.55,17.61,-0.000218027,-0.000268729,0.000110132,9.26e-05,0.811327462,0.164216197,87.71189526,5.179664862,6.084678138,0.34906585,2039.236058,2.35450324,2.440062834,305.8854087,CI,BFS,7.46331,863,-0.545806593,-0.416344151,-0.323719558,-0.129462441,CI.BFS,744,-0.397432936,17.23060036,1379.599976,23.80999947,-0.39743293641090016,744,711.0856667308747,737.2203739558076,551.60421736291,675.4991863149756
100114,RSN11196,61,11196, LDR,4.42,34.0665,-118.8938,12.827,114.36,378,34.9906,-118.3416,26.27,26.46,-0.001263289,-0.001899452,3.03e-05,4.39e-05,0.665080929,0.158661011,84.02496521,5.179664862,6.268505043,0.296705973,1824.408237,28.77651481,62.68818482,273.6612356,CI,LDR,-999.0,792,-0.739667196,-0.735366324,-0.642741731,-0.004300872,CI.LDR,792,-0.739667196,7.184519768,1117.209961,6.364550114,-0.739667196194838,792,769.3835363599259,763.0123015284681,649.3253071772018,700.7830069856938
100114,RSN17569,61,17569, LDR,3.4,34.0733,-118.867,10.648,112.61,378,34.9906,-118.3416,20.46,20.59,-0.000121918,-0.000215417,1.23e-05,1.27e-05,0.565961273,0.160150933,85.03239759,5.179664862,6.220655727,0.261799388,1591.590567,9.59984252,17.51357724,238.7385851,CI,LDR,-999.0,724,-0.649897197,-0.735366324,-0.642741731,0.085469128,CI.LDR,724,-0.649897197,7.184519768,1117.209961,6.364550114,-0.649897196766128,724,764.2492871803527,699.2827035298596,620.0927293532166,645.0773654307866
100114,RSN9211,61,9211, LDR,5.03,35.3852,-118.6292,7.3,51.02,378,34.9906,-118.3416,15.05,15.26,-0.058446611,-0.073784971,0.000395975,9.45e-05,0.79212081,0.162365411,82.67359334,5.179664862,6.108664217,0.331612558,2023.121799,618.4826561,186.3374481,303.4682699,CI,LDR,-999.0,858,-0.819709904,-0.735366324,-0.642741731,-0.084343579,CI.LDR,858,-0.819709904,7.184519768,1117.209961,6.364550114,-0.8197099038683744,858,786.4485119254208,816.9389256340206,692.6727946484094,756.8312427771656
100114,RSN16017,61,16017, LDR,3.73,35.6346,-117.5657,2.693,100.42,378,34.9906,-118.3416,34.86,35.09,-0.000196621,-0.000307846,2.09e-05,1.21e-05,0.638697907,0.168381062,89.01028463,5.179664862,5.93802414,0.27925268,1663.443094,16.24966942,14.72947368,249.5164641,CI,LDR,-999.0,738,-0.669049629,-0.735366324,-0.642741731,0.066316695,CI.LDR,738,-0.669049629,7.184519768,1117.209961,6.364550114,-0.6690496289808845,738,771.3935379452649,712.2485054729192,630.805495519748,657.4122061519632
100114,RSN18215,61,18215, LDR,4.36,36.3932,-117.8644,8.798,161.5,378,34.9906,-118.3416,12.16,12.33,-0.001559587,-0.00205685,9.78e-05,3.87e-05,0.758240674,0.162142388,87.20975481,5.179664862,6.160106881,0.331612558,1968.876022,40.29940568,21.03118609,295.3314033,CI,LDR,-999.0,840,-0.798507696,-0.735366324,-0.642741731,-0.063141372,CI.LDR,840,-0.798507696,7.184519768,1117.209961,6.364550114,-0.7985076962177713,840,897.5721223346668,875.6634173295275,782.8041911994276,790.4506133768783
100117,RSN18217,63,18217, LRL,4.36,36.3932,-117.8644,8.798,102.71,511,35.4795,-117.6821,11.01,11.21,-0.010267242,-0.007986439,0.000117662,8.35e-05,1.285584456,0.161853154,85.58507065,5.179664862,6.160106881,0.453785606,2713.744373,122.960982,67.87611123,407.061656,CI,LRL,-999.0,1075,-0.74370635,-0.628944422,-0.536319829,-0.114761928,CI.LRL,1075,-0.74370635,22.71949959,1283.589966,5.832890034,-0.7437063503580585,1075,913.5625978466065,1134.6986542787552,825.5426098706895,1006.568389323285
100117,RSN8810,63,8810, LRL,5.39,33.9465,-117.7667,14.89,170.24,511,35.4795,-117.6821,24.23,24.46,0.010708416,0.015618538,0.001693686,0.000359841,0.68562218,0.157782559,85.30145787,5.179664862,6.31653763,0.296705973,1874.479786,29.75874345,9.221625496,281.1719679,CI,LRL,-999.0,809,-0.459429327,-0.628944422,-0.536319829,0.169515096,CI.LRL,809,-0.459429327,22.71949959,1283.589966,5.832890034,-0.4594293268547869,809,838.4398848516885,888.2826082934877,738.3469379244581,791.8096705662915
100117,RSN12894,63,12894, LRL,4.11,36.0312,-117.7658,4.03,61.68,511,35.4795,-117.6821,21.74,21.84,0.001171391,0.001186809,9.96e-05,0.00012503,0.987009004,0.168103051,87.10901904,5.179664862,5.941161117,0.383972435,2255.729908,9.368879469,11.91575301,338.3594862,CI,LRL,-999.0,933,-0.602035611,-0.628944422,-0.536319829,0.026908812,CI.LRL,933,-0.602035611,22.71949959,1283.589966,5.832890034,-0.6020356106436395,933,801.5134748149375,987.9308548470153,772.8635037296876,874.5876631189923
100117,RSN17927,63,17927, LRL,4.04,36.3911,-117.8665,9.439,102.51,511,35.4795,-117.6821,12.89,13.01,-0.002160229,-0.001847666,2.15e-05,5.23e-05,1.169166601,0.161147398,85.22377655,5.179664862,6.183950287,0.436332313,2598.722894,41.30456979,85.93795349,389.8084341,CI,LRL,-999.0,1040,-0.710606402,-0.628944422,-0.536319829,-0.081661979,CI.LRL,1040,-0.710606402,22.71949959,1283.589966,5.832890034,-0.710606401931714,1040,902.1993785935962,1093.502815913163,828.5981291158221,976.6374431000196
100135,RSN17773,68,17773, WES,3.63,32.7081,-116.029,7.885,28.44,242,32.759,-115.7316,19.91,19.98,0.001755256,0.017728874,0.000920941,0.000215022,0.099005475,0.158273702,75.69444815,5.179664862,6.12225391,0.052359878,311.6716289,8.163146097,19.25082497,46.75074434,CI,WES,0.173333333,276,-0.13146314,0.013577651,0.106202244,-0.14504079,CI.WES,276,-0.13146314,5.061649799,-12.64369965,0.089606099,-0.13146313956046285,276,302.4100757283676,270.5636636328917,254.57443076099045,248.49437878985742
100135,RSN15725,68,15725, WES,3.81,32.4923,-116.8468,13.18,108.76,242,32.759,-115.7316,21.86,21.97,0.000127344,0.001186944,3.66e-05,5.48e-05,0.107287595,0.158347599,83.505873,5.179664862,6.274698597,0.052359878,337.3018191,2.32379562,32.43016393,50.59527287,CI,WES,0.173333333,290,-0.180943197,0.013577651,0.106202244,-0.194520848,CI.WES,290,-0.180943197,5.061649799,-12.64369965,0.089606099,-0.18094319682383286,290,309.8701618645355,290.3774798325488,255.68877236288117,259.00858269211807
100135,RSN14276,68,14276, WES,3.94,32.7219,-116.8133,20.237,101.47,242,32.759,-115.7316,15.6,15.67,0.000153987,0.003132957,0.000386467,7.05e-05,0.049150565,0.152473401,79.11103033,5.179664862,6.440435438,0.017453293,161.007753,2.184212766,8.106661112,24.15116295,CI,WES,0.173333333,170,0.353139289,0.013577651,0.106202244,0.339561638,CI.WES,170,0.353139289,5.061649799,-12.64369965,0.089606099,0.35313928910642467,170,250.374582227115,199.02374842123416,214.69434571825505,173.96147248188583
100164,RSN16320,70,16320, CGO,3.74,34.8456,-119.2446,12.927,229.79,715,36.5504,-117.803,34.25,34.33,-2.47e-05,-5.01e-05,1.75e-05,9.65e-06,0.492115577,0.159264352,87.00550683,5.179664862,6.270295551,0.226892803,1422.773867,2.559585492,2.862857143,213.4160801,CI,CGO,-999.0,743,-0.038413502,-0.067945752,0.024678842,0.02953225,CI.CGO,743,-0.038413502,12.05959988,2669.620117,11.77110004,-0.03841350202375171,743,811.286745364776,803.127906805779,828.8535496044346,817.2598833221709
100164,RSN18303,70,18303, CGO,3.05,36.3904,-117.8704,9.371,18.75,715,36.5504,-117.803,10.08,10.21,-0.000838999,-0.001792329,1.31e-05,2.85e-05,0.468105446,0.145130021,63.78382254,5.179664862,6.181585801,0.226892803,1498.556263,29.4385614,136.8190076,224.7834395,CI,CGO,-999.0,769,-0.072808427,-0.067945752,0.024678842,-0.004862675,CI.CGO,769,-0.072808427,12.05959988,2669.620117,11.77110004,-0.0728084268116369,769,664.5754661281773,760.6084577549362,719.1560718734153,788.7456566247542
100164,RSN17889,70,17889, CGO,3.32,36.3834,-117.8599,7.189,19.22,715,36.5504,-117.803,10.64,10.77,-0.003247204,-0.00642501,0.000160422,5.62e-05,0.505400706,0.15487927,71.02532222,5.179664862,6.105803389,0.226892803,1494.96975,57.7794306,40.05067883,224.2454625,CI,CGO,-999.0,768,-0.07150719,-0.067945752,0.024678842,-0.003561439,CI.CGO,768,-0.07150719,12.05959988,2669.620117,11.77110004,-0.07150719045366483,768,705.5382527021211,758.9281587598639,736.4860230711163,787.7199795680251
100164,RSN17994,70,17994, CGO,3.07,36.4025,-117.8737,7.008,17.59,715,36.5504,-117.803,14.2,14.27,0.000242412,0.000475819,0.000131505,6.77e-05,0.509463621,0.153448253,69.41884295,5.179664862,6.100917913,0.226892803,1518.670888,3.580679468,3.618257861,227.8006332,CI,CGO,-999.0,776,-0.081869977,-0.067945752,0.024678842,-0.013924226,CI.CGO,776,-0.081869977,12.05959988,2669.620117,11.77110004,-0.08186997748921154,776,682.2305403889709,766.8336604136125,726.3889036319106,795.9253960218587
100164,RSN9450,70,9450, CGO,4.73,36.4011,-117.8397,7.419,16.89,715,36.5504,-117.803,15.28,15.49,-0.079179952,-0.108455727,0.001022842,0.000217128,0.730067048,0.150427657,66.83230366,5.179664862,6.111624155,0.314159265,2061.011761,364.6694669,106.0337051,309.1517642,CI,CGO,-999.0,870,-0.196210669,-0.067945752,0.024678842,-0.128264917,CI.CGO,870,-0.196210669,12.05959988,2669.620117,11.77110004,-0.19621066895462214,870,771.6898131759868,842.1397543131663,788.84473879487,881.3646650042158
100164,RSN12390,70,12390, CGO,4.27,36.1466,-118.0613,4.057,50.45,715,36.5504,-117.803,23.4,23.54,-0.000467633,-0.001046849,8.61e-06,6.89e-06,0.446704818,0.167912272,86.4300718,5.179664862,5.943934512,0.20943951,1241.665481,67.8712627,121.5852497,186.2498222,CI,CGO,-999.0,678,0.053135255,-0.067945752,0.024678842,0.121081007,CI.CGO,678,0.053135255,12.05959988,2669.620117,11.77110004,0.05313525475361214,678,647.4835805406574,675.7073604221033,690.5772536071289,697.3277614534851
100177,RSN15529,77,15529, LDF,3.68,34.7251,-116.0506,2.727,91.06,448,35.1307,-115.1842,21.13,21.24,-5.6e-05,-0.00013766,1.62e-05,6.21e-06,0.407014761,0.16837449,88.88834388,5.179664862,5.93802414,0.191986218,1140.47585,9.017713366,8.497530864,171.0713775,CI,LDF,-999.0,643,-0.361351492,-0.407031705,-0.314407112,0.045680213,CI.LDF,643,-0.361351492,2.213140011,1239.449951,2.034770012,-0.36135149182263415,643,680.0257877082671,811.0768290565716,681.7116023375193,774.3946490649269
100177,RSN13535,77,13535, LDF,4.06,32.7797,-117.3507,7.174,328.8,448,35.1307,-115.1842,8.81,9.0,-3.68e-05,-9.75e-05,8.88e-06,4.43e-06,0.377384109,0.163760002,88.91834215,5.179664862,6.105409111,0.174532925,1094.806069,8.306997743,10.97972973,164.2209104,CI,LDF,-999.0,631,-0.34251263,-0.407031705,-0.314407112,0.064519075,CI.LDF,631,-0.34251263,2.213140011,1239.449951,2.034770012,-0.3425126301262278,631,585.9354949687497,850.0022443669633,705.0361859067683,804.2423312239421
100177,RSN10082,77,10082, LDF,4.18,34.3617,-118.6637,11.151,329.84,448,35.1307,-115.1842,14.0,14.12,6.45e-05,0.000122018,1.46e-05,1.34e-05,0.528879473,0.160347957,88.22736623,5.179664862,6.233452986,0.244346095,1502.373733,4.813432836,8.35739726,225.35606,CI,LDF,-999.0,771,-0.542895141,-0.407031705,-0.314407112,-0.135863436,CI.LDF,771,-0.542895141,2.213140011,1239.449951,2.034770012,-0.5428951411483443,771,660.8755572266647,1000.2284946907506,868.0856211533837,977.3799684304583
100177,RSN9210,77,9210, LDF,5.03,35.3852,-118.6292,7.3,314.77,448,35.1307,-115.1842,8.85,9.12,0.000934692,0.002270309,4.43e-05,2.44e-05,0.411702354,0.16366876,88.84691796,5.179664862,6.108664217,0.191986218,1184.896233,38.30704918,51.24851016,177.734435,CI,LDF,-999.0,656,-0.381367557,-0.407031705,-0.314407112,0.025664148,CI.LDF,656,-0.381367557,2.213140011,1239.449951,2.034770012,-0.3813675565291037,656,769.9234887749127,874.0384629136506,812.8991829605275,859.6437258147487
100184,RSN13341,80,13341, RRX,4.2,34.3768,-117.6461,8.934,81.26,372,34.8753,-116.9968,19.02,19.15,-0.001076819,-0.006240503,0.000243165,4.79e-05,0.172553317,0.161401788,84.33621168,5.179664862,6.165471616,0.087266463,528.7710562,22.48056367,25.66365637,79.31565843,CI,RRX,0.89,386,-0.036943515,-0.084162364,0.008462229,0.047218849,CI.RRX,386,-0.036943515,4.117599964,682.3309937,3.888880014,-0.03694351519168482,386,394.52211703118496,389.9075815129757,422.28779398521624,399.5840777264069
100184,RSN12635,80,12635, RRX,4.11,33.5089,-116.8485,12.274,152.18,372,34.8753,-116.9968,15.5,15.57,-0.001252368,-0.005411491,0.000877775,0.000205118,0.231427429,0.159350644,85.73009047,5.179664862,6.258050482,0.122173048,712.7366017,6.105597753,6.165009256,106.9104903,CI,RRX,0.89,460,-0.212332635,-0.084162364,0.008462229,-0.128170271,CI.RRX,460,-0.212332635,4.117599964,682.3309937,3.888880014,-0.2123326352099948,460,464.2885494809509,446.9481251736794,456.98549789874,433.97681937671985
100184,RSN17521,80,17521, RRX,3.62,33.9521,-116.3635,9.067,117.8,372,34.8753,-116.9968,21.73,21.81,0.000112177,0.000470396,8.12e-05,4.76e-05,0.23847438,0.161669599,86.02187848,5.179664862,6.170551665,0.122173048,722.7825588,2.356659664,5.793054187,108.4173838,CI,RRX,0.89,465,-0.223143551,-0.084162364,0.008462229,-0.138981187,CI.RRX,465,-0.223143551,4.117599964,682.3309937,3.888880014,-0.2231435513142097,465,445.5026642753868,420.4375444532111,430.0005283070792,414.49235100394867
100184,RSN12901,80,12901, RRX,4.11,36.0312,-117.7658,4.03,146.01,372,34.8753,-116.9968,23.0,23.16,0.000706034,0.002252281,0.000186584,0.000197976,0.313475179,0.168280018,88.79457919,5.179664862,5.941161117,0.157079633,899.7793206,3.566260557,12.07113686,134.9668981,CI,RRX,0.89,547,-0.385554948,-0.084162364,0.008462229,-0.301392584,CI.RRX,547,-0.385554948,4.117599964,682.3309937,3.888880014,-0.38555494814883495,547,699.8973192431725,546.1427538584867,604.4670757296507,524.9406510975149
100184,RSN10509,80,10509, RRX,4.45,34.1081,-117.3062,14.795,89.72,372,34.8753,-116.9968,16.26,16.4,-0.004533557,-0.024636091,0.000131974,5.25e-05,0.184020942,0.156476325,81.09074236,5.179664862,6.313637877,0.087266463,580.5203398,86.35346667,186.6738221,87.07805097,CI,RRX,0.89,408,-0.09237332,-0.084162364,0.008462229,-0.008210956,CI.RRX,408,-0.09237332,4.117599964,682.3309937,3.888880014,-0.09237332013101529,408,373.73290739624247,375.18342604691145,392.7343293198728,395.81280136541505
100184,RSN17435,80,17435, RRX,3.73,35.2675,-117.3498,7.92,54.13,372,34.8753,-116.9968,25.34,25.41,-0.000134658,-0.000527076,5.83e-05,3.47e-05,0.255481443,0.16189153,82.41979173,5.179664862,6.122995859,0.122173048,770.2539631,3.880634006,9.040754717,115.5380945,CI,RRX,0.89,486,-0.26731477,-0.084162364,0.008462229,-0.183152406,CI.RRX,486,-0.26731477,4.117599964,682.3309937,3.888880014,-0.26731476962734746,486,440.20391929613004,438.8301560403345,432.4267039861241,433.83497699525486
100184,RSN15187,80,15187, RRX,3.9,33.867,-117.1038,11.856,112.28,372,34.8753,-116.9968,22.3,22.38,-0.000273046,-0.001341329,8.07e-05,6.39e-05,0.203563971,0.1592538,84.41413429,5.179664862,6.24946745,0.104719755,629.7126243,4.273020344,16.6211772,94.45689365,CI,RRX,0.89,426,-0.135545492,-0.084162364,0.008462229,-0.051383128,CI.RRX,426,-0.135545492,4.117599964,682.3309937,3.888880014,-0.13554549199622468,426,387.91338490241156,410.4682948524133,405.6854637324,421.3008216817424
100184,RSN13280,80,13280, RRX,4.19,34.3571,-116.8418,9.486,59.22,372,34.8753,-116.9968,20.03,20.16,-0.00251467,-0.01231966,7.72e-05,3.42e-05,0.204118436,0.159963677,81.67609526,5.179664862,6.185563454,0.104719755,628.5581185,73.52836257,159.5810881,94.28371778,CI,RRX,0.89,426,-0.135545492,-0.084162364,0.008462229,-0.051383128,CI.RRX,426,-0.135545492,4.117599964,682.3309937,3.888880014,-0.13554549199622468,426,416.42907787748965,414.89625525673785,403.5431051984803,426.0617944787807
100184,RSN10121,80,10121, RRX,4.18,34.3617,-118.6637,11.151,163.14,372,34.8753,-116.9968,7.85,7.97,0.000138173,0.001022358,0.000158777,6.15e-05,0.135150799,0.16010681,86.39229436,5.179664862,6.233452986,0.06981317,419.2818409,2.246715447,6.438955264,62.89227614,CI,RRX,0.89,336,0.101782694,-0.084162364,0.008462229,0.185945058,CI.RRX,336,0.101782694,4.117599964,682.3309937,3.888880014,0.10178269430994202,336,398.1560881683186,388.8724456580728,424.8622738510254,390.00443450739454
100184,RSN13882,80,13882, RRX,4.17,34.3277,-116.829,4.957,62.67,372,34.8753,-116.9968,19.34,19.41,-0.001302655,-0.005860034,5.85e-05,3.42e-05,0.222294761,0.165885505,86.28848868,5.179664862,6.015610792,0.104719755,657.6773919,38.08932749,100.1715214,98.65160879,CI,RRX,0.89,436,-0.158748389,-0.084162364,0.008462229,-0.074586025,CI.RRX,436,-0.158748389,4.117599964,682.3309937,3.888880014,-0.15874838907588806,436,402.5800159348596,402.61623557374145,417.2742949533722,414.70754854453384
100184,RSN9260,80,9260, RRX,5.03,35.3852,-118.6292,7.3,159.18,372,34.8753,-116.9968,12.2,12.41,0.000661508,0.003816797,0.000143287,6.28e-05,0.173315062,0.163570272,87.70210283,5.179664862,6.108664217,0.087266463,523.9978057,10.53356688,26.63742698,78.59967086,CI,RRX,0.89,384,-0.031748698,-0.084162364,0.008462229,0.052413666,CI.RRX,384,-0.031748698,4.117599964,682.3309937,3.888880014,-0.031748698314580714,384,423.4700339110693,401.57302036025646,473.2870791984457,419.53456047673376
100184,RSN14757,80,14757, RRX,3.84,34.2268,-117.4407,8.593,82.67,372,34.8753,-116.9968,21.2,21.28,-0.001461291,-0.009324578,0.000884312,0.000122378,0.156713933,0.161847775,84.64470085,5.179664862,6.151676073,0.06981317,479.4768007,11.94079818,10.54444359,71.92152011,CI,RRX,0.89,365,0.018996501,-0.084162364,0.008462229,0.103158865,CI.RRX,365,0.018996501,4.117599964,682.3309937,3.888880014,0.018996500690654727,365,369.16092269750953,390.0812612147611,399.34742949935145,394.9451770295666
100184,RSN15298,80,15298, RRX,3.86,34.1976,-117.3882,14.177,83.32,372,34.8753,-116.9968,23.19,23.28,-0.001119126,-0.006946115,0.000151882,2.82e-05,0.161115366,0.156873337,80.87089388,5.179664862,6.293825021,0.087266463,508.9112029,39.68531915,45.73362874,76.33668044,CI,RRX,0.89,378,-0.016000341,-0.084162364,0.008462229,0.068162023,CI.RRX,378,-0.016000341,4.117599964,682.3309937,3.888880014,-0.016000341346441793,378,360.93863115815975,390.2906592020059,391.27921099539407,394.8548903423207
100184,RSN16962,80,16962, RRX,3.63,34.1242,-116.405,9.555,99.48,372,34.8753,-116.9968,12.6,12.67,-0.000172695,-0.000884028,9.08e-05,4.95e-05,0.195349558,0.160993418,85.01095978,5.179664862,6.187901101,0.104719755,598.7069754,3.488787879,9.735991189,89.80604631,CI,RRX,0.89,415,-0.109384666,-0.084162364,0.008462229,-0.025222302,CI.RRX,415,-0.109384666,4.117599964,682.3309937,3.888880014,-0.1093846659575517,415,398.42965281928366,401.9905796391323,426.005551345113,415.0439795507862
100184,RSN18228,80,18228, RRX,4.36,36.3932,-117.8644,8.798,185.84,372,34.8753,-116.9968,11.55,11.64,-0.000123719,-0.000608109,0.000150977,2.35e-05,0.203448638,0.162189257,87.57323216,5.179664862,6.160106881,0.104719755,617.9789678,5.264638298,4.02782543,92.69684517,CI,RRX,0.89,422,-0.12611146,-0.084162364,0.008462229,-0.041949096,CI.RRX,422,-0.12611146,4.117599964,682.3309937,3.888880014,-0.12611145976286586,422,461.45193772218124,450.41906539671754,481.95993190462644,455.34945323507714
100184,RSN13969,80,13969, RRX,3.79,34.2691,-117.4608,11.018,79.59,372,34.8753,-116.9968,15.5,15.65,-0.000721552,-0.004723771,3.74e-05,4.07e-05,0.152749159,0.159201067,82.68123255,5.179664862,6.230189198,0.06981317,475.3987271,17.72855037,126.3040374,71.30980907,CI,RRX,0.89,363,0.02449102,-0.084162364,0.008462229,0.108653384,CI.RRX,363,0.02449102,4.117599964,682.3309937,3.888880014,0.024491020008295727,363,352.5258419381493,386.50260037242526,381.146033398742,388.899509437744
100184,RSN15982,80,15982, RRX,3.64,33.8726,-117.7125,2.161,129.25,372,34.8753,-116.9968,32.95,33.03,-7.81e-05,-0.000616937,0.000151366,1.91e-05,0.126538774,0.16839915,89.47623191,5.179664862,5.93802414,0.06981317,373.6460469,4.089005236,4.075796414,56.04690704,CI,RRX,0.89,312,0.175890666,-0.084162364,0.008462229,0.260053031,CI.RRX,312,0.175890666,4.117599964,682.3309937,3.888880014,0.1758906664636637,312,376.90552826115965,352.0377063145338,393.60939057211175,353.10584169806225
100184,RSN16638,80,16638, RRX,3.69,33.735,-117.4936,9.693,134.5,372,34.8753,-116.9968,15.68,15.77,-0.000343262,-0.001892836,0.000261498,6.61e-05,0.181347944,0.161142609,86.26041533,5.179664862,6.192470162,0.087266463,555.7821098,5.193071104,7.238433946,83.36731647,CI,RRX,0.89,398,-0.067558151,-0.084162364,0.008462229,0.016604213,CI.RRX,398,-0.067558151,4.117599964,682.3309937,3.888880014,-0.06755815101129148,398,390.85966020021397,385.51974138908827,428.17800413812665,403.49817415077916
100184,RSN15437,80,15437, RRX,3.99,34.0514,-117.2429,14.998,94.15,372,34.8753,-116.9968,21.0,21.12,-0.00098263,-0.005299101,0.000152815,3.3e-05,0.185433302,0.156470615,81.4403153,5.179664862,6.319789549,0.087266463,584.850909,29.77666667,34.67657625,87.72763635,CI,RRX,0.89,410,-0.097263305,-0.084162364,0.008462229,-0.013100941,CI.RRX,410,-0.097263305,4.117599964,682.3309937,3.888880014,-0.09726330542520767,410,371.6182327373241,390.9182631414294,401.8333001998105,402.1137504673294
100184,RSN17287,80,17287, RRX,3.53,34.2894,-116.8271,6.278,66.83,372,34.8753,-116.9968,25.8,25.85,-0.000416982,-0.001784949,0.000221247,5.69e-05,0.233610273,0.163990266,85.35776759,5.179664862,6.07791863,0.122173048,698.7712879,7.328330404,8.067675494,104.8156932,CI,RRX,0.89,454,-0.199203344,-0.084162364,0.008462229,-0.11504098,CI.RRX,454,-0.199203344,4.117599964,682.3309937,3.888880014,-0.19920334376820215,454,421.725843142455,409.97243575321016,415.37009747295264,406.24546068013854
100184,RSN14417,80,14417, RRX,4.14,34.8632,-116.3444,6.474,59.67,372,34.8753,-116.9968,22.43,22.54,0.000516297,0.003757804,0.000583997,6.67e-05,0.137393349,0.163620127,84.60843437,5.179664862,6.084678138,0.06981317,416.9620024,7.740584708,6.434628945,62.54430036,CI,RRX,0.89,335,0.104763322,-0.084162364,0.008462229,0.188925687,CI.RRX,335,0.104763322,4.117599964,682.3309937,3.888880014,0.10476332244807995,335,344.815291071243,359.4401311471012,370.07371505095904,363.78685884501317
100184,RSN11443,80,11443, RRX,4.73,33.7328,-117.4921,10.018,134.69,372,34.8753,-116.9968,27.9,28.03,-0.002502558,-0.013496668,0.001051652,0.000141467,0.185420399,0.160850719,86.12102487,5.179664862,6.202702587,0.087266463,568.8866291,17.69004786,12.83377771,85.33299437,CI,RRX,0.89,403,-0.080042708,-0.084162364,0.008462229,0.004119656,CI.RRX,403,-0.080042708,4.117599964,682.3309937,3.888880014,-0.08004270767353638,403,386.4815352474009,379.3339970076717,425.16317606665325,404.5064682150279
100184,RSN15008,80,15008, RRX,3.74,34.1651,-117.4332,7.875,88.39,372,34.8753,-116.9968,24.87,24.93,-0.000208485,-0.001489709,0.000262013,3.17e-05,0.139950432,0.162836593,85.48170569,5.179664862,6.12204057,0.06981317,426.6181458,6.57681388,5.685630102,63.99272187,CI,RRX,0.89,340,0.089948237,-0.084162364,0.008462229,0.174110601,CI.RRX,340,0.089948237,4.117599964,682.3309937,3.888880014,0.08994823666293872,340,342.6415089886837,363.036888418079,372.9034462490931,367.73407697227486
100184,RSN9397,80,9397, RRX,4.88,34.0655,-117.0011,17.501,89.83,372,34.8753,-116.9968,13.59,13.71,-0.016486866,-0.088270406,0.000441828,0.000478606,0.186776821,0.153960602,79.37971575,5.179664862,6.383907006,0.087266463,598.5488479,34.4476793,199.7845451,89.78232719,CI,RRX,0.89,415,-0.109384666,-0.084162364,0.008462229,-0.025222302,CI.RRX,415,-0.109384666,4.117599964,682.3309937,3.888880014,-0.1093846659575517,415,390.10691297510186,400.24853082415916,402.32263273824725,406.60673804402995
100184,RSN14563,80,14563, RRX,3.78,34.0294,-116.7534,14.93,96.46,372,34.8753,-116.9968,23.68,23.84,-0.000352782,-0.001572171,7.52e-05,5.29e-05,0.22439133,0.156609598,81.65807647,5.179664862,6.317747533,0.104719755,702.8919501,6.668846881,20.90652926,105.4337925,CI,RRX,0.89,456,-0.203598955,-0.084162364,0.008462229,-0.119436591,CI.RRX,456,-0.203598955,4.117599964,682.3309937,3.888880014,-0.20359895524124028,456,412.3721300191797,411.33976719162297,416.22917040160723,424.98565110580216
100184,RSN16908,80,16908, RRX,3.6,34.2088,-117.5824,7.536,91.41,372,34.8753,-116.9968,12.8,12.87,-0.000178984,-0.001492106,9.16e-05,6.15e-05,0.119954145,0.163117916,85.84634503,5.179664862,6.114431914,0.052359878,365.5774942,2.910308943,16.28936681,54.83662413,CI,RRX,0.89,307,0.192046107,-0.084162364,0.008462229,0.276208471,CI.RRX,307,0.192046107,4.117599964,682.3309937,3.888880014,0.19204610668594935,307,339.524390031605,361.10892546819986,367.5756466356202,370.8054537605395
100184,RSN14615,80,14615, RRX,4.11,35.6211,-117.5805,9.045,98.33,372,34.8753,-116.9968,22.98,23.07,0.000277339,0.001599901,0.000101488,7.4e-05,0.173347673,0.161527248,85.25884555,5.179664862,6.169722379,0.087266463,530.7223701,3.747824324,15.7644352,79.60835552,CI,RRX,0.89,387,-0.039530839,-0.084162364,0.008462229,0.044631525,CI.RRX,387,-0.039530839,4.117599964,682.3309937,3.888880014,-0.03953083875663577,387,403.64251491926376,391.30484516839675,423.3818038141935,400.6192696376152
100184,RSN15375,80,15375, RRX,3.87,33.928,-116.7858,18.501,106.86,372,34.8753,-116.9968,22.9,23.02,-0.000467953,-0.002046859,0.000366585,5.93e-05,0.228620052,0.154011406,80.53714687,5.179664862,6.40467109,0.104719755,727.5651023,7.891281619,5.583586344,109.1347653,CI,RRX,0.89,467,-0.227435403,-0.084162364,0.008462229,-0.143273039,CI.RRX,467,-0.227435403,4.117599964,682.3309937,3.888880014,-0.2274354033957513,467,456.6692694656848,441.4877516430405,432.6259366009255,432.7879165527285
100184,RSN16121,80,16121, RRX,3.58,33.827,-117.0296,15.131,116.32,372,34.8753,-116.9968,22.34,22.41,-0.000448311,-0.002279425,0.000161776,4.58e-05,0.196677284,0.156954018,82.99471118,5.179664862,6.323730411,0.104719755,618.1355927,9.788449782,14.09000717,92.72033891,CI,RRX,0.89,422,-0.12611146,-0.084162364,0.008462229,-0.041949096,CI.RRX,422,-0.12611146,4.117599964,682.3309937,3.888880014,-0.12611145976286586,422,384.62261882673266,405.8183052225862,424.76567348295964,414.94121107542486
100184,RSN16843,80,16843, RRX,3.49,34.309,-116.9297,9.684,63.12,372,34.8753,-116.9968,12.47,12.53,-0.002176491,-0.011424661,0.000379814,8.06e-05,0.190508102,0.159882104,81.89777727,5.179664862,6.192176404,0.087266463,587.499394,27.00361042,30.07962055,88.1249091,CI,RRX,0.89,411,-0.09969936,-0.084162364,0.008462229,-0.015536996,CI.RRX,411,-0.09969936,4.117599964,682.3309937,3.888880014,-0.09969936022308801,411,373.7033801072408,391.8171497326328,406.0405359112174,405.8249609426991
100184,RSN19396,80,19396, RRX,3.43,34.1381,-117.4717,5.767,92.68,372,34.8753,-116.9968,32.75,32.82,-0.000339968,-0.002304956,0.000487127,5.91e-05,0.147494351,0.164851176,87.00132356,5.179664862,6.057771424,0.06981317,443.6510345,5.752419628,4.731735256,66.54765518,CI,RRX,0.89,349,0.063821932,-0.084162364,0.008462229,0.147984296,CI.RRX,349,0.063821932,4.117599964,682.3309937,3.888880014,0.06382193207071918,349,343.424839934333,372.4638487483291,379.7644585283187,377.46821430389394
100184,RSN17101,80,17101, RRX,3.52,34.2098,-116.4371,4.645,89.94,372,34.8753,-116.9968,28.43,28.5,0.000862103,0.004221531,0.000342712,6.03e-05,0.204215802,0.166674059,87.62813858,5.179664862,5.994593769,0.104719755,603.5283933,14.29689884,12.31801338,90.529259,CI,RRX,0.89,417,-0.114192368,-0.084162364,0.008462229,-0.030030003,CI.RRX,417,-0.114192368,4.117599964,682.3309937,3.888880014,-0.11419236752565531,417,455.182050246118,408.91966298604524,421.54692432694554,418.77506008756086
100184,RSN18133,80,18133, RRX,5.19,36.4034,-117.8499,9.418,186.32,372,34.8753,-116.9968,12.4,12.57,-0.00049407,-0.001946825,0.000192411,0.000100747,0.253782242,0.161560759,87.39468429,5.179664862,6.183223963,0.122173048,767.0043281,4.904066622,10.11805458,115.0506492,CI,RRX,0.89,485,-0.265255037,-0.084162364,0.008462229,-0.181092673,CI.RRX,485,-0.265255037,4.117599964,682.3309937,3.888880014,-0.26525503666433714,485,511.08158386917677,475.64658175204363,502.59382637819465,464.77577329668395
100184,RSN9080,80,9080, RRX,5.2,33.5328,-116.5697,15.48,154.03,372,34.8753,-116.9968,13.7,13.82,-0.001612936,-0.007865066,0.001155469,0.000728051,0.205075997,0.1571728,84.5582449,5.179664862,6.333749326,0.104719755,642.6005692,2.215416228,6.806816972,96.39008538,CI,RRX,0.89,431,-0.147214236,-0.084162364,0.008462229,-0.063051872,CI.RRX,431,-0.147214236,4.117599964,682.3309937,3.888880014,-0.14721423583060123,431,427.78761946481944,438.5014666456566,452.14346940809554,448.90049473578216
100184,RSN15127,80,15127, RRX,3.78,34.1353,-117.4476,5.857,91.94,372,34.8753,-116.9968,24.8,24.87,-0.000681327,-0.004444737,0.000473636,6.59e-05,0.153288458,0.16473277,86.91093431,5.179664862,6.061617088,0.06981317,461.0200621,10.33880121,9.384288779,69.15300932,CI,RRX,0.89,357,0.041158072,-0.084162364,0.008462229,0.125320437,CI.RRX,357,0.041158072,4.117599964,682.3309937,3.888880014,0.04115807249350745,357,351.028302053453,381.18873283898296,388.32616846918296,386.1207808208886
100184,RSN18280,80,18280, RRX,4.2,36.3905,-117.8695,8.829,185.77,372,34.8753,-116.9968,14.88,14.93,-0.000384624,-0.001406052,0.000384833,0.000163789,0.273549026,0.162155499,87.56359645,5.179664862,6.161345296,0.13962634,821.5348782,2.348289568,3.653667955,123.2302317,CI,RRX,0.89,507,-0.309617149,-0.084162364,0.008462229,-0.225454785,CI.RRX,507,-0.309617149,4.117599964,682.3309937,3.888880014,-0.3096171493180373,507,542.9629831626048,502.1214981228417,531.2315008729528,488.32445422679865
100184,RSN16555,80,16555, RRX,3.61,34.2449,-117.4464,12.48,81.2,372,34.8753,-116.9968,14.55,14.63,-0.000492368,-0.003632957,0.000397171,0.000173023,0.13552825,0.158072654,81.83380456,5.179664862,6.262058538,0.06981317,425.8421358,2.845679476,9.147085261,63.87632037,CI,RRX,0.89,340,0.089948237,-0.084162364,0.008462229,0.174110601,CI.RRX,340,0.089948237,4.117599964,682.3309937,3.888880014,0.08994823666293872,340,328.4893755590598,362.01345489428263,357.0699963136545,364.64085773995777
100193,RSN18312,81,18312, CWC,3.47,36.3879,-117.8711,9.151,19.62,580,36.4399,-118.0802,11.1375,11.225,0.004615961,0.01295591,0.000438149,0.000102935,0.356282296,0.147554339,65.63739747,5.179664862,6.173678858,0.174532925,1154.735904,44.84345461,29.56964412,173.2103856,CI,CWC,4.476666667,646,-0.1077714,-0.327516162,-0.234891569,0.219744762,CI.CWC,441,0.273983228,65.97869873,1687.25,27.37660027,0.27398322809361897,441,436.21875823665897,422.31304115091865,407.76078287134106,441.8233778759106
100193,RSN17907,81,17907, CWC,4.04,36.3911,-117.8665,9.439,19.92,580,36.4399,-118.0802,10.875,11.0375,0.032846565,0.045606087,4.57e-05,0.000137847,0.72022327,0.147787203,66.05122243,5.179664862,6.183950287,0.314159265,2078.558946,238.28277,997.9450109,311.7838419,CI,CWC,4.476666667,876,-0.412337987,-0.327516162,-0.234891569,-0.084821825,CI.CWC,599,-0.032233495,65.97869873,1687.25,27.37660027,-0.032233494574984256,599,553.5399581475698,559.493938841492,457.9928348486963,562.3556354675293
100193,RSN18305,81,18305, CWC,3.05,36.3904,-117.8704,9.371,19.6,580,36.4399,-118.0802,11.4625,11.5125,0.001187815,0.004449262,0.000203266,5.27e-05,0.266969127,0.146684394,65.0589552,5.179664862,6.181585801,0.122173048,885.8827985,22.53918406,21.88886484,132.8824198,CI,CWC,4.476666667,540,0.071458964,-0.327516162,-0.234891569,0.398975126,CI.CWC,540,0.071458964,65.97869873,1687.25,27.37660027,0.07145896398214457,540,442.5273123651808,480.6651972675505,456.2845754945616,520.4522831752269
100193,RSN9881,81,9881, CWC,4.59,34.9977,-119.1926,10.662,189.04,580,36.4399,-118.0802,9.8,9.8875,-0.001253383,-0.001042209,0.000294109,0.000205861,1.202622367,0.16053097,87.04224609,5.179664862,6.221029194,0.436332313,2643.931554,6.088491749,3.543614782,396.5897331,CI,CWC,4.476666667,1054,-0.597319626,-0.327516162,-0.234891569,-0.269803463,CI.CWC,720,-0.216223108,65.97869873,1687.25,27.37660027,-0.21622310846963622,720,584.044087364649,708.0942563979817,434.44516325837174,666.0564393988197
100193,RSN14630,81,14630, CWC,3.9,35.3429,-118.5645,9.906,129.33,580,36.4399,-118.0802,35.6875,35.775,-0.000963378,-0.00080937,3.25e-05,2.67e-05,1.190280658,0.160920609,86.01988156,5.179664862,6.199256899,0.436332313,2624.714665,36.08157303,24.90369231,393.7071998,CI,CWC,4.476666667,1048,-0.591610761,-0.327516162,-0.234891569,-0.264094599,CI.CWC,716,-0.210652063,65.97869873,1687.25,27.37660027,-0.21065206342018072,716,530.4015466419052,671.3661377085806,440.31040697400806,654.6995033714693
100219,RSN15884,87,15884, SHD,3.6,35.492,-120.7845,4.912,35.99,818,35.1682,-120.7613,16.13,16.24,-0.000322249,0.000743887,0.000126164,0.000118051,0.433195501,0.165222426,83.43647727,5.179664862,6.012777814,0.20943951,1229.602464,2.729743924,5.896190672,184.4403696,PG,SHD,14.2707,674,0.193632226,0.056241076,0.148865669,0.13739115,PG.SHD,779,0.048851291,25.35289955,148.2359924,18.68289948,0.048851290731998454,779,736.1130093199288,586.008718451912,696.0662888305426,607.0432624075198
100219,RSN14977,87,14977, SHD,3.7,35.6371,-120.7559,6.53,52.02,818,35.1682,-120.7613,20.75,20.81,0.001212095,-0.002822576,0.000203818,0.000250229,0.429428495,0.163301642,83.68873726,5.179664862,6.086524027,0.20943951,1234.879577,4.843942948,13.84851191,185.2319366,PG,SHD,14.2707,676,0.190669261,0.056241076,0.148865669,0.134428185,PG.SHD,782,0.045007596,25.35289955,148.2359924,18.68289948,0.04500759605743543,782,759.2297278704792,588.2654914369643,698.4158778867808,607.2714761321381
100219,RSN8743,87,8743, SHD,5.45,37.4317,-121.7767,7.486,267.21,818,35.1682,-120.7613,11.33,11.67,0.002990495,-0.00228993,0.000351218,0.000547638,1.305932646,0.163530295,88.59793869,5.179664862,6.113244097,0.453785606,2704.551861,5.460714925,6.519967655,405.6827792,PG,SHD,14.2707,1072,-0.270419005,0.056241076,0.148865669,-0.326660081,PG.SHD,1240,-0.416004322,25.35289955,148.2359924,18.68289948,-0.4160043219963363,1240,1022.059889849442,954.9419693981051,785.0502028657668,922.6516534079848
100219,RSN19044,87,19044, SHD,4.39,35.6421,-120.9543,5.902,55.42,818,35.1682,-120.7613,22.5,22.55,-0.00046673,0.000766183,0.000169905,0.000184755,0.60916221,0.164246201,84.8130332,5.179664862,6.063488731,0.27925268,1646.857781,2.526210387,4.509478826,247.0286672,PG,SHD,14.2707,732,0.111081823,0.056241076,0.148865669,0.054840747,PG.SHD,846,-0.033657023,25.35289955,148.2359924,18.68289948,-0.03365702300347628,846,833.8789401335465,631.2237964730222,757.7725011903219,650.8639704064125
100272,RSN9202,93,9202, ISA,5.03,35.3852,-118.6292,7.3,33.86,644,35.6628,-118.474,20.19,20.24,0.014270512,0.028789946,0.000295985,0.000229496,0.495676938,0.16061873,78.86233333,5.179664862,6.108664217,0.226892803,1419.068886,62.18196396,97.26826022,212.8603329,CI,ISA,7.194365,742,-0.141650517,-0.376516469,-0.283891875,0.234865952,CI.ISA,629,0.023567469,43.77069855,828.2440186,12.48200035,0.023567469403912966,629,595.0577655494353,589.9638528298426,580.6514449209444,584.2467012202145
100272,RSN16332,93,16332, ISA,3.74,34.8456,-119.2446,12.927,114.62,644,35.6628,-118.474,21.23,21.29,-0.000510727,-0.00042268,4.95e-05,5.19e-05,1.208306624,0.158601113,83.97481501,5.179664862,6.270295551,0.436332313,2682.032981,9.840597303,8.538989899,402.3049472,CI,ISA,7.194365,1065,-0.503031352,-0.376516469,-0.283891875,-0.126514883,CI.ISA,903,-0.338023827,43.77069855,828.2440186,12.48200035,-0.3380238273126315,903,564.5317875980577,856.3146641509823,602.9083891690366,793.2179169888799
100272,RSN10072,93,10072, ISA,4.18,34.3617,-118.6637,11.151,145.38,644,35.6628,-118.474,9.5,9.8,0.000862342,0.000891996,2.27e-05,2.02e-05,0.966756098,0.160027611,85.96771577,5.179664862,6.233452986,0.383972435,2342.339598,42.69019802,39.29497797,351.3509397,CI,ISA,7.194365,960,-0.399234558,-0.376516469,-0.283891875,-0.02271809,CI.ISA,814,-0.23426164,43.77069855,828.2440186,12.48200035,-0.23426163989818605,814,680.2915450834012,827.9209893073626,615.6498048292506,742.1390180443481
100272,RSN14204,93,14204, ISA,4.02,36.0735,-117.8947,7.001,69.38,644,35.6628,-118.474,15.96,16.06,0.000804709,0.00085085,1.48e-05,7.74e-06,0.945770659,0.163280407,84.95671286,5.179664862,6.100723215,0.383972435,2267.362584,103.9675711,57.48986486,340.1043876,CI,ISA,7.194365,936,-0.37391675,-0.376516469,-0.283891875,0.002599718,CI.ISA,793,-0.208124496,43.77069855,828.2440186,12.48200035,-0.20812449553049372,793,692.8761347437313,771.2518099014162,601.4291469671393,709.6644247590805
100272,RSN11816,93,11816, ISA,4.26,34.2844,-118.4129,8.031,153.02,644,35.6628,-118.474,49.8,50.0,-0.000209478,-0.0001818,1.9e-05,1.13e-05,1.152244633,0.163057108,87.33406711,5.179664862,6.126183158,0.436332313,2550.251742,18.53787611,9.568421053,382.5377613,CI,ISA,7.194365,1025,-0.464749165,-0.376516469,-0.283891875,-0.088232697,CI.ISA,869,-0.299644399,43.77069855,828.2440186,12.48200035,-0.29964439916103824,869,773.3162172540266,892.4364201324232,657.2524527013503,788.2644189848892
100278,RSN9281,94,9281, SNCC,5.03,35.3852,-118.6292,7.3,250.99,541,33.2479,-119.5244,10.6,10.8375,0.000180457,0.000277856,4.43e-05,3.44e-05,0.649462897,0.163649538,88.55065696,5.179664862,6.108664217,0.296705973,1738.909227,5.245843023,6.27214447,260.8363841,CI,SNCC,6.697955,763,-0.343838752,-0.223899145,-0.131274551,-0.119939608,CI.SNCC,626,-0.145931092,3.930330038,266.0889893,2.341279984,-0.14593109225361722,626,716.7828730761512,617.3661885005845,762.8546886174565,583.6128969421401
100278,RSN13767,94,13767, SNCC,3.88,34.3922,-118.6127,7.9,152.43,541,33.2479,-119.5244,50.4625,50.5375,0.000136332,0.000422779,0.00014869,6.75e-05,0.322466001,0.163159775,87.3836685,5.179664862,6.122572788,0.157079633,952.2093665,2.019733333,2.843358666,142.831405,CI,SNCC,6.697955,575,-0.060950762,-0.223899145,-0.131274551,0.162948383,CI.SNCC,575,-0.060950762,3.930330038,266.0889893,2.341279984,-0.06095076195086957,575,589.2442802114779,555.8169050141282,592.3798270525995,503.05040321180553
100278,RSN16191,94,16191, SNCC,3.64,33.8455,-118.7007,12.777,101.22,541,33.2479,-119.5244,31.2,31.2625,-0.000289041,-0.000795462,0.000200803,4.38e-05,0.363362594,0.158455649,83.28321544,5.179664862,6.267598776,0.174532925,1094.256877,6.599109589,3.961404959,164.1385316,CI,SNCC,6.697955,631,-0.153886584,-0.223899145,-0.131274551,0.070012561,CI.SNCC,518,0.043444037,3.930330038,266.0889893,2.341279984,0.04344403658699836,518,516.1777847898696,476.57635503756666,476.05907536061534,446.18814066293714
100278,RSN9987,94,9987, SNCC,4.59,34.9977,-119.1926,10.662,196.49,541,33.2479,-119.5244,9.8,10.1,0.001043034,0.002132555,0.000160588,4.95e-05,0.489100614,0.160548148,87.16338743,5.179664862,6.221029194,0.226892803,1404.349193,21.07139394,13.27966598,210.652379,CI,SNCC,6.697955,736,-0.30781084,-0.223899145,-0.131274551,-0.083911695,CI.SNCC,604,-0.110154919,3.930330038,266.0889893,2.341279984,-0.11015491908833397,604,642.5193625997297,591.4296268793353,705.1067764304714,568.8990291869347
100278,RSN13458,94,13458, SNCC,3.9,34.4032,-118.651,13.612,151.52,541,33.2479,-119.5244,6.775,7.0,-0.000173811,-0.000439647,3.57e-05,3.44e-05,0.395341346,0.15862977,85.19387513,5.179664862,6.281821568,0.191986218,1180.417665,5.052645349,12.31504202,177.0626498,CI,SNCC,6.697955,654,-0.189688073,-0.223899145,-0.131274551,0.034211072,CI.SNCC,537,0.007421184,3.930330038,266.0889893,2.341279984,0.007421184337616182,537,570.4128242888306,536.5741260315683,590.2123188231676,503.50725878680953
100278,RSN10289,94,10289, SNCC,4.34,35.0174,-119.1492,9.557,199.31,541,33.2479,-119.5244,14.4,14.625,-0.000505565,-0.000866814,0.000110911,4.82e-05,0.5832452,0.161453225,87.52537833,5.179664862,6.187968323,0.261799388,1615.517557,10.48890041,7.815401538,242.3276336,CI,SNCC,6.697955,721,-0.287219858,-0.223899145,-0.131274551,-0.063320714,CI.SNCC,592,-0.090087356,3.930330038,266.0889893,2.341279984,-0.09008735603752438,592,700.3966703720805,584.8660035728201,720.0809942455155,567.6527659287793
100325,RSN11275,103,11275, SMR,4.39,35.6421,-120.9543,5.902,42.74,847,35.377,-120.6125,14.44,14.61,0.054854667,0.089993449,6.53e-05,3.19e-05,0.609540673,0.163755283,83.18202504,5.179664862,6.063488731,0.27925268,1652.558925,1719.582038,1378.15389,247.8838388,CI,SMR,-999.0,734,0.143191666,0.168038928,0.260663522,-0.024847262,CI.SMR,734,0.143191666,9.207229614,340.428009,4.764039993,0.14319166603753963,734,723.483619453928,568.2572547454773,677.8927201072979,550.0160695068371
100325,RSN8858,103,8858, SMR,5.39,33.9465,-117.7667,14.89,305.33,847,35.377,-120.6125,24.47,24.89,0.002578163,0.005730122,0.000104349,3.21e-05,0.44993154,0.158149585,87.38393007,5.179664862,6.31653763,0.20943951,1326.300629,80.31660436,54.91305139,198.9450944,CI,SMR,-999.0,710,0.176435725,0.168038928,0.260663522,0.008396796,CI.SMR,710,0.176435725,9.207229614,340.428009,4.764039993,0.17643572461669343,710,953.9075820799629,615.9022749452631,810.2629955376376,591.8871730760933
100325,RSN11225,103,11225, SMR,4.42,34.0665,-118.8938,12.827,214.29,847,35.377,-120.6125,21.66,21.93,1.58e-05,4.01e-05,5.8e-06,2.16e-06,0.392589156,0.159282315,86.82186827,5.179664862,6.268505043,0.191986218,1168.461136,7.314814815,6.913793103,175.2691704,CI,SMR,-999.0,649,0.266267978,0.168038928,0.260663522,0.09822905,CI.SMR,649,0.266267978,9.207229614,340.428009,4.764039993,0.2662679779479644,649,669.6360470746491,525.072924454305,675.3579138120091,516.8088547909767
100325,RSN10530,103,10530, SMR,4.45,34.1081,-117.3062,14.795,333.89,847,35.377,-120.6125,17.3,17.66,0.000348186,0.000541454,1.94e-05,1.99e-05,0.64305682,0.15825074,87.62066001,5.179664862,6.313637877,0.27925268,1778.707914,17.49678392,27.91,266.8061871,CI,SMR,-999.0,777,0.086260344,0.168038928,0.260663522,-0.081778584,CI.SMR,777,0.086260344,9.207229614,340.428009,4.764039993,0.08626034428440743,777,882.3872054029509,635.348765980105,806.7631412210825,619.0828996009217
100373,RSN10297,112,10297, SYP,4.34,35.0174,-119.1492,9.557,93.33,440,34.5278,-119.9783,9.7,9.9,0.000478394,0.001784917,9.51e-05,0.000106933,0.268020252,0.160909413,84.68615792,5.179664862,6.187968323,0.13962634,812.2795705,4.473773297,18.76884332,121.8419356,CI,SYP,1.21579,504,-0.135801541,-0.059099244,0.03352535,-0.076702297,CI.SYP,504,-0.135801541,43.68880081,1185.349976,12.22700024,-0.1358015411590623,504,462.37104507821414,380.05246626956585,471.1521198028818,407.5360243125533
100373,RSN16372,112,16372, SYP,3.74,34.8456,-119.2446,12.927,75.92,440,34.5278,-119.9783,20.43,20.53,0.000141954,0.001731389,9.37e-05,3.61e-05,0.08198845,0.157450139,80.8440553,5.179664862,6.270295551,0.034906585,259.6510769,3.932243767,18.47800427,38.94766154,CI,SYP,1.21579,244,0.589606502,-0.059099244,0.03352535,0.648705745,CI.SYP,244,0.589606502,43.68880081,1185.349976,12.22700024,0.5896065016191043,244,305.19484366023875,332.1340170501243,320.995654059467,331.5190112149478
100373,RSN11235,112,11235, SYP,4.42,34.0665,-118.8938,12.827,112.19,440,34.5278,-119.9783,21.87,22.1,0.000236219,0.001066606,2.43e-05,5.71e-05,0.221467594,0.158629764,83.91810675,5.179664862,6.268505043,0.104719755,685.3188279,4.136935201,43.89325103,102.7978242,CI,SYP,1.21579,448,-0.018018506,-0.059099244,0.03352535,0.041080738,CI.SYP,448,-0.018018506,43.68880081,1185.349976,12.22700024,-0.018018505502678472,448,410.08815989667426,356.32930895422794,415.4332173171792,383.2044686770421
100373,RSN8866,112,8866, SYP,5.39,33.9465,-117.7667,14.89,213.71,440,34.5278,-119.9783,17.24,17.64,0.006702995,0.01507775,0.000797044,0.000113599,0.444562026,0.15797587,86.25140316,5.179664862,6.31653763,0.20943951,1314.440197,59.00575709,18.91708613,197.1660296,CI,SYP,1.21579,705,-0.471423076,-0.059099244,0.03352535,-0.412323832,CI.SYP,267,0.499526069,43.68880081,1185.349976,12.22700024,0.49952606851205683,267,280.8479856957027,218.07905294807676,300.84653166322283,227.8277171891365
100373,RSN10543,112,10543, SYP,4.45,34.1081,-117.3062,14.795,250.31,440,34.5278,-119.9783,16.5,16.64,0.000219478,0.000889897,0.000117478,4.2e-05,0.246633256,0.158144777,86.82896345,5.179664862,6.313637877,0.122173048,762.7633025,5.225666667,7.575009789,114.4144954,CI,SYP,1.21579,483,-0.093241927,-0.059099244,0.03352535,-0.034142683,CI.SYP,483,-0.093241927,43.68880081,1185.349976,12.22700024,-0.09324192674026577,483,502.2269203978336,373.2384114970861,507.93041379117716,409.95816559847697
100373,RSN14196,112,14196, SYP,3.69,34.7697,-120.4993,10.11,54.78,440,34.5278,-119.9783,19.69,19.93,0.001396053,0.008147169,6.12e-05,0.00016428,0.171354344,0.158819006,80.24691879,5.179664862,6.205472367,0.087266463,533.7424335,8.498009496,133.1236765,80.06136503,CI,SYP,1.21579,389,0.123195383,-0.059099244,0.03352535,0.182294627,CI.SYP,389,0.123195383,43.68880081,1185.349976,12.22700024,0.1231953832938606,389,377.11953678823375,357.6328999262086,392.0003757257357,382.0223897569421
100373,RSN13465,112,13465, SYP,3.9,34.4032,-118.651,13.612,122.73,440,34.5278,-119.9783,18.59,18.75,0.000125381,0.000650996,2.23e-05,3.17e-05,0.192598654,0.158331745,84.04946756,5.179664862,6.281821568,0.087266463,599.5328547,3.955236593,29.19264574,89.92992821,CI,SYP,1.21579,415,0.058496207,-0.059099244,0.03352535,0.11759545,CI.SYP,415,0.058496207,43.68880081,1185.349976,12.22700024,0.0584962066816086,415,377.7751425046494,347.42611750556705,400.1705940955314,368.4842106077815
100373,RSN10145,112,10145, SYP,4.18,34.3617,-118.6637,11.151,122.21,440,34.5278,-119.9783,8.2,8.41,0.000390803,0.001766113,8.95e-05,9.78e-05,0.221278365,0.159863159,85.20453932,5.179664862,6.233452986,0.104719755,679.4771368,3.995940695,19.73310615,101.9215705,CI,SYP,1.21579,445,-0.011299555,-0.059099244,0.03352535,0.047799689,CI.SYP,445,-0.011299555,43.68880081,1185.349976,12.22700024,-0.011299555253933669,445,406.4690773366597,353.30710311377493,414.65505827596513,381.69088827677905
100373,RSN17972,112,17972, SYP,4.04,36.3911,-117.8665,9.439,281.93,440,34.5278,-119.9783,14.9,15.08,0.000165468,0.000754832,0.000115223,7.72e-05,0.219212338,0.161635536,88.27366872,5.179664862,6.183950287,0.104719755,666.0374351,2.143367876,6.551053175,99.90561527,CI,SYP,1.21579,438,0.004555817,-0.059099244,0.03352535,0.06365506,CI.SYP,438,0.004555817,43.68880081,1185.349976,12.22700024,0.004555816535860124,438,480.1601673273404,383.59012704055556,486.69403281409245,412.94500900214064
100373,RSN8431,112,8431, SYP,4.92,34.31,-116.848,6.3,288.15,440,34.5277,-119.9783,5.62,5.8,0.000129481,0.000728148,0.000107354,2.01e-05,0.177822717,0.164480578,88.93834658,5.179664862,6.078701489,0.087266463,534.243402,6.441840796,6.782681595,80.1365103,CI,SYP,1.21579,389,0.123195383,-0.059099244,0.03352535,0.182294627,CI.SYP,389,0.123195383,43.68880081,1185.349976,12.22700024,0.1231953832938606,389,448.0210212673586,348.2555861174481,457.8418563593235,398.53180938295213
100373,RSN11987,112,11987, SYP,4.27,34.3874,-119.4398,6.219,51.87,440,34.5278,-119.9783,13.9,13.98,-8.98e-05,-0.000477198,0.000148165,3.26e-05,0.188086815,0.16369837,84.04104532,5.179664862,6.075787581,0.087266463,566.7586481,2.754601227,3.220720143,85.01379722,CI,SYP,1.21579,402,0.090322638,-0.059099244,0.03352535,0.149421882,CI.SYP,402,0.090322638,43.68880081,1185.349976,12.22700024,0.09032263829328535,402,384.49534471706903,349.6644516888045,399.31802717164766,372.99562313940515
100373,RSN10818,112,10818, SYP,4.66,34.2983,-118.6255,8.038,126.95,440,34.5278,-119.9783,21.36,21.75,0.002212874,0.005195564,0.000137485,4.62e-05,0.425916038,0.162966575,86.7774209,5.179664862,6.126524324,0.20943951,1228.804697,47.89770563,37.79004255,184.3207046,CI,SYP,1.21579,673,-0.424970603,-0.059099244,0.03352535,-0.365871359,CI.SYP,255,0.545511182,43.68880081,1185.349976,12.22700024,0.5455111817538807,255,249.57984637894157,196.56420715870536,256.25860507419475,205.67178565246056
100373,RSN9289,112,9289, SYP,5.03,35.3852,-118.6292,7.3,155.67,440,34.5278,-119.9783,17.53,17.89,0.001683159,0.005027295,0.000135324,4.33e-05,0.334804023,0.1635651,87.65738799,5.179664862,6.108664217,0.157079633,982.6751747,38.87203233,37.15006207,147.4012762,CI,SYP,1.21579,592,-0.296731908,-0.059099244,0.03352535,-0.237632664,CI.SYP,592,-0.296731908,43.68880081,1185.349976,12.22700024,-0.296731907971699,592,696.0229896429306,481.6067920535811,694.4281912608894,516.8570614345246
100373,RSN9996,112,9996, SYP,4.59,34.9977,-119.1926,10.662,88.83,440,34.5278,-119.9783,7.3,7.52,0.000795528,0.002144767,0.000243244,6.84e-05,0.370915983,0.159762887,83.66284413,5.179664862,6.221029194,0.174532925,1105.236552,11.63052632,8.817348013,165.7854828,CI,SYP,1.21579,634,-0.365274228,-0.059099244,0.03352535,-0.306174984,CI.SYP,240,0.606135804,43.68880081,1185.349976,12.22700024,0.6061358035703153,240,225.65870636265055,191.03448454204545,236.25339064022845,202.26148955505914
100385,RSN17283,116,17283, PMD,3.53,34.2894,-116.8271,6.278,82.39,786,33.6479,-116.3777,25.02,25.08,-8.76e-05,-0.000133736,1.26e-05,9.43e-06,0.655276727,0.164181828,86.27184919,5.179664862,6.07791863,0.296705973,1744.424047,9.289501591,10.61396825,261.6636071,CI,PMD,-999.0,765,0.027080959,-0.045160485,0.047464109,0.072241443,CI.PMD,765,0.027080959,19.11720085,316.875,7.515870094,0.02708095860267079,765,745.5998037574249,588.0449541422897,635.3514452335727,574.3820699074006
100385,RSN10501,116,10501, PMD,4.45,34.1081,-117.3062,14.795,99.92,786,33.6479,-116.3777,16.58,16.8,0.028021836,0.017951974,8.61e-05,6.31e-05,1.560933414,0.156841021,81.98738824,5.179664862,6.313637877,0.506145483,3063.137172,444.086149,208.5014402,459.4705758,CI,PMD,-999.0,1180,-0.406312925,-0.045160485,0.047464109,-0.36115244,CI.PMD,1180,-0.406312925,19.11720085,316.875,7.515870094,-0.40631292503050354,1180,819.8543146083331,818.4948540629281,817.2715236959506,823.2515118548708
100385,RSN12632,116,12632, PMD,4.11,33.5089,-116.8485,12.274,46.35,786,33.6479,-116.3777,13.91,13.97,0.003642621,0.00354114,0.000297002,0.000306043,1.02865782,0.155003647,75.93499991,5.179664862,6.258050482,0.401425728,2511.848591,11.90231765,11.92295001,376.7772887,CI,PMD,-999.0,1013,-0.253714712,-0.045160485,0.047464109,-0.208554227,CI.PMD,1013,-0.253714712,19.11720085,316.875,7.515870094,-0.2537147118194767,1013,719.9792661078551,716.4779421080284,758.9148216844493,716.9914834579705
100385,RSN15184,116,15184, PMD,3.9,33.867,-117.1038,11.856,71.53,786,33.6479,-116.3777,17.75,17.81,0.000725539,0.004252115,0.000477826,6.04e-05,0.170630127,0.158123374,81.18447123,5.179664862,6.24946745,0.087266463,533.8885843,12.0122351,8.898877416,80.08328765,CI,PMD,-999.0,389,0.703377449,-0.045160485,0.047464109,0.748537933,CI.PMD,389,0.703377449,19.11720085,316.875,7.515870094,0.7033774488107607,389,373.4947378968666,350.6692142255409,367.0109650969172,351.69600165302114
100385,RSN17759,116,17759, PMD,3.63,32.7081,-116.029,7.885,109.19,786,33.6479,-116.3777,32.75,32.86,-0.000512018,-0.000412115,1.96e-05,2.77e-05,1.242415229,0.163001442,86.31833312,5.179664862,6.12225391,0.453785606,2653.59216,18.48440433,21.02627551,398.038824,CI,PMD,-999.0,1057,-0.296233193,-0.045160485,0.047464109,-0.251072709,CI.PMD,1057,-0.296233193,19.11720085,316.875,7.515870094,-0.29623319344103116,1057,857.6396613114565,754.6797828116191,835.5083308853975,753.1405408266039
100386,RSN16960,117,16960, PLC,3.63,34.1242,-116.405,9.555,34.69,346,33.8244,-116.512,13.55,13.59,-0.004190631,-0.026782796,0.003642416,0.000835154,0.156467276,0.156434442,75.46644875,5.179664862,6.187901101,0.06981317,495.306609,5.017794323,7.353030516,74.29599135,CI,PLC,0.396666667,372,-0.072455079,0.065877002,0.158501596,-0.138332082,CI.PLC,372,-0.072455079,0.868066013,129.1329956,0.829178989,-0.07245507921542149,372,365.69123180610194,342.49145902147325,294.51485077142837,275.5028815838499
100386,RSN14560,117,14560, PLC,3.78,34.0294,-116.7534,14.93,31.86,346,33.8244,-116.512,19.5,19.55,-0.003417477,-0.019584898,0.003486009,0.001063166,0.174495543,0.144377658,65.80300224,5.179664862,6.317747533,0.087266463,597.579859,3.214434058,5.618143269,89.63697885,CI,PLC,0.396666667,414,-0.179427199,0.065877002,0.158501596,-0.245304201,CI.PLC,414,-0.179427199,0.868066013,129.1329956,0.829178989,-0.1794271987675895,414,396.31124449301257,353.56892369395877,325.3361726145317,304.5344623850453
100386,RSN17675,117,17675, PLC,3.47,33.8029,-116.1786,7.366,30.96,346,33.8244,-116.512,19.35,19.38,0.004568692,0.036848676,0.008539541,0.00064877,0.123985253,0.159851439,77.61896723,5.179664862,6.110319177,0.06981317,385.8038192,7.04208271,4.315065177,57.87057288,CI,PLC,0.396666667,319,0.081247672,0.065877002,0.158501596,0.01537067,CI.PLC,319,0.081247672,0.868066013,129.1329956,0.829178989,0.08124767227288032,319,324.3613074118362,311.41577823468106,271.99034538387053,258.3888228476492
100386,RSN8257,117,8257, PLC,4.92,33.5083,-116.5143,15.2,35.14,346,33.8244,-116.512,18.74,18.8,-0.073974467,-0.819302351,0.01690899,0.001266148,0.090289583,0.14587294,67.3322889,5.179664862,6.325747735,0.052359878,308.6485229,58.42481843,48.453654,46.29727844,CI,PLC,0.396666667,274,0.233310669,0.065877002,0.158501596,0.167433666,CI.PLC,274,0.233310669,0.868066013,129.1329956,0.829178989,0.23331066866965422,274,307.17520087075314,284.8690778438246,257.4193063830561,242.03891876845157
100386,RSN12859,117,12859, PLC,4.02,33.7129,-116.0516,12.808,44.41,346,33.8244,-116.512,21.58,21.63,0.001852618,0.020520825,0.000829543,0.000468249,0.090279886,0.153841408,74.6448101,5.179664862,6.268161535,0.052359878,292.6303886,3.95648042,24.73750607,43.89455829,CI,PLC,0.396666667,265,0.266708949,0.065877002,0.158501596,0.200831947,CI.PLC,265,0.266708949,0.868066013,129.1329956,0.829178989,0.26670894907150267,265,307.16991304070325,284.63802719446534,249.70161813418005,239.54378568641988
100390,RSN14167,118,14167, SAN,3.81,33.8204,-117.7145,10.077,20.44,222,33.7043,-117.8858,12.3,12.45,0.002920405,0.051238669,0.001181329,0.000318588,0.05699611,0.145429988,64.46447519,5.179664862,6.204485033,0.034906585,195.7588183,9.166713749,43.37375024,29.36382275,CI,SAN,0.15,197,0.119473653,-0.267811403,-0.17518681,0.387285056,CI.SAN,197,0.119473653,4.910520077,14.29300022,0.386303991,0.11947365313429081,197,276.8603799337781,266.1616624055065,248.60718919168502,243.9158834633252
100390,RSN10516,118,10516, SAN,4.45,34.1081,-117.3062,14.795,69.86,222,33.7043,-117.8858,14.4,14.52,-0.005244816,-0.045965004,0.003483986,0.000279633,0.114104546,0.155225325,78.53217032,5.179664862,6.313637877,0.052359878,365.6775867,18.75606956,13.19322293,54.85163801,CI,SAN,0.15,307,-0.324170366,-0.267811403,-0.17518681,-0.056358963,CI.SAN,307,-0.324170366,4.910520077,14.29300022,0.386303991,-0.32417036571491753,307,335.0727243343649,347.0984240770321,263.68768891411935,288.1419751556098
100390,RSN12032,118,12032, SAN,4.37,34.0559,-117.2442,15.833,71.02,222,33.7043,-117.8858,20.48,20.59,-0.000633091,-0.003559356,0.000604299,0.000249974,0.177866764,0.154219008,78.03599688,5.179664862,6.343433553,0.087266463,569.9282383,2.532627393,5.890057736,85.48923575,CI,SAN,0.15,404,-0.598737496,-0.267811403,-0.17518681,-0.330926093,CI.SAN,404,-0.598737496,4.910520077,14.29300022,0.386303991,-0.5987374960888712,404,398.23630414572744,402.1789230423848,310.3344784134668,325.0827333662856
100395,RSN19405,120,19405, TA2,3.43,34.1381,-117.4717,5.767,33.07,586,34.382,-117.6782,21.9,21.96,-0.0020055,-0.015538119,0.000937401,7.55e-05,0.129069688,0.163159406,81.25786547,5.179664862,6.057771424,0.06981317,393.2339712,26.56291391,16.575744,58.98509568,CI,TA2,3.9829,323,0.595667466,0.329491476,0.42211607,0.26617599,CI.TA2,323,0.595667466,18.78919983,2190.179932,14.25450039,0.5956674663543557,323,340.40774992103377,359.9125085118357,435.2719569566011,387.1490331940439
100395,RSN9417,120,9417, TA2,4.88,34.0655,-117.0011,17.501,71.59,586,34.382,-117.6782,15.3,15.39,-0.002125695,-0.011452525,0.000750093,4.08e-05,0.185609325,0.152465067,76.73589583,5.179664862,6.383907006,0.087266463,600.7670163,52.10036765,15.26814008,90.11505245,CI,TA2,3.9829,416,0.342634529,0.329491476,0.42211607,0.013143053,CI.TA2,416,0.342634529,18.78919983,2190.179932,14.25450039,0.3426345293157489,416,391.04692963287323,431.99406375481357,440.24395677730257,440.57501956584883
100395,RSN16655,120,16655, TA2,3.69,33.735,-117.4936,9.693,73.76,586,34.382,-117.6782,9.6,9.63,-0.000176474,-0.001250091,0.000432463,7.65e-05,0.141168973,0.160322149,83.11565287,5.179664862,6.192470162,0.06981317,437.0088417,2.306849673,2.890631106,65.55132626,CI,TA2,3.9829,345,0.529775373,0.329491476,0.42211607,0.200283896,CI.TA2,345,0.529775373,18.78919983,2190.179932,14.25450039,0.529775372545652,345,356.1950128323792,379.67977602876414,410.99808569976994,396.5585638029672
100395,RSN14422,120,14422, TA2,4.14,34.8632,-116.3444,6.474,133.46,586,34.382,-117.6782,20.1,20.19,-0.000247848,-0.000682113,0.000123795,7.73e-05,0.363353957,0.164206096,87.62532204,5.179664862,6.084678138,0.174532925,1055.914085,3.206313066,5.510020599,158.3871128,CI,TA2,3.9829,620,-0.056399688,0.329491476,0.42211607,-0.385891165,CI.TA2,402,0.376867701,18.78919983,2190.179932,14.25450039,0.37686770095799105,402,443.4159344850958,416.0824906491412,401.76321412703584,404.2559597089655
100395,RSN16030,120,16030, TA2,3.73,35.6346,-117.5657,2.693,139.34,586,34.382,-117.6782,35.16,35.22,-3.59e-05,-8.67e-05,2.68e-05,1.09e-05,0.413675597,0.168393329,89.29199403,5.179664862,5.93802414,0.191986218,1156.394804,3.293577982,3.235074627,173.4592206,CI,TA2,3.9829,646,-0.097479714,0.329491476,0.42211607,-0.42697119,CI.TA2,419,0.33544887,18.78919983,2190.179932,14.25450039,0.33544886965487475,419,449.14332864535646,440.52198394785614,404.2886279827983,421.4241894292729
100395,RSN17534,120,17534, TA2,3.62,33.9521,-116.3635,9.067,130.26,586,34.382,-117.6782,22.23,22.34,9.98e-05,0.000626735,2.22e-05,1.12e-05,0.159223781,0.161744114,86.42167472,5.179664862,6.170551665,0.087266463,487.9342351,8.910714286,28.23130631,73.19013527,CI,TA2,3.9829,368,0.465236851,0.329491476,0.42211607,0.135745375,CI.TA2,368,0.465236851,18.78919983,2190.179932,14.25450039,0.4652368514080809,368,386.13813323776617,396.8330778468246,417.4681412921809,411.6648369147115
100395,RSN17300,120,17300, TA2,3.53,34.2894,-116.8271,6.278,78.99,586,34.382,-117.6782,25.35,25.42,0.00078519,0.003042582,0.000573738,7.35e-05,0.258066916,0.164144844,86.07876835,5.179664862,6.07791863,0.122173048,766.8979439,10.68285714,5.303086078,115.0346916,CI,TA2,3.9829,485,0.189170899,0.329491476,0.42211607,-0.140320578,CI.TA2,485,0.189170899,18.78919983,2190.179932,14.25450039,0.18917089863952885,485,443.44461365295626,462.7562117404095,452.4786371792707,468.88691633093373
100395,RSN17110,120,17110, TA2,3.52,34.2098,-116.4371,4.645,115.85,586,34.382,-117.6782,30.58,30.73,0.000310021,0.001314637,3.6e-05,2.57e-05,0.235822927,0.166731771,88.16866674,5.179664862,5.994593769,0.122173048,693.4537061,12.06307393,36.51769444,104.0180559,CI,TA2,3.9829,451,0.26185245,0.329491476,0.42211607,-0.067639026,CI.TA2,451,0.26185245,18.78919983,2190.179932,14.25450039,0.26185245007433355,451,489.9864565935644,434.2916694712426,461.45818751272344,441.9778571523384
100395,RSN15136,120,15136, TA2,3.78,34.1353,-117.4476,5.857,34.64,586,34.382,-117.6782,23.44,23.49,0.000193118,0.00183496,5.54e-05,2.31e-05,0.105243597,0.163214139,81.6272161,5.179664862,6.061617088,0.052359878,321.0787574,8.36008658,33.12202166,48.16181361,CI,TA2,3.9829,281,0.73496512,0.329491476,0.42211607,0.405473644,CI.TA2,281,0.73496512,18.78919983,2190.179932,14.25450039,0.7349651202432668,281,304.2361183857218,336.99579302728534,390.87401655605436,370.5838416211156
100453,RSN16379,135,16379, WGR,3.74,34.8456,-119.2446,12.927,37.23,660,34.5109,-119.2741,14.15,14.26,-0.000433137,-0.006933009,6.88e-05,6.49e-05,0.062474535,0.151389863,71.66967951,5.179664862,6.270295551,0.034906585,206.0605171,6.673913713,100.7704797,30.90907757,CI,WGR,-999.0,205,1.169229856,0.347849698,0.440474291,0.821380158,CI.WGR,205,1.169229856,46.75080109,625.0280151,10.37559986,1.1692298558820626,205,284.9775100184102,280.6186087304239,288.66201879549754,302.279937260474
100453,RSN10832,135,10832, WGR,4.66,34.2983,-118.6255,8.038,64.13,660,34.5109,-119.2741,9.58,9.95,0.004606597,0.007867195,5.35e-05,2.76e-05,0.585545066,0.162183091,83.52372751,5.179664862,6.126524324,0.261799388,1613.063639,166.9056884,147.0503738,241.9595459,CI,WGR,-999.0,721,-0.088399302,0.347849698,0.440474291,-0.436249,CI.WGR,721,-0.088399302,46.75080109,625.0280151,10.37559986,-0.08839930226447823,721,678.8040540641459,627.490140019901,713.0774528987407,667.8630286791274
100453,RSN9820,135,9820, WGR,4.69,35.0172,-119.0247,9.251,60.63,660,34.5109,-119.2741,9.2,9.34,-0.00161224,-0.006256511,0.000314002,0.000241108,0.257689886,0.160322284,82.03896181,5.179664862,6.177322679,0.122173048,784.1062749,6.686795959,19.92506736,117.6159412,CI,WGR,-999.0,492,0.293761119,0.347849698,0.440474291,-0.054088579,CI.WGR,492,0.293761119,46.75080109,625.0280151,10.37559986,0.2937611185281632,492,439.40545297734275,411.20952676478885,449.90109709639984,458.418342671619
100453,RSN15077,135,15077, WGR,3.52,34.2871,-119.6948,5.225,45.96,660,34.5109,-119.2741,19.81,19.88,-0.000265153,-0.000649683,4.51e-05,4.46e-05,0.408126478,0.165043126,84.51511927,5.179664862,6.0312809,0.191986218,1166.236079,5.945134529,14.40538803,174.9354119,CI,WGR,-999.0,649,0.016807118,0.347849698,0.440474291,-0.331042579,CI.WGR,649,0.016807118,46.75080109,625.0280151,10.37559986,0.01680711831638071,649,626.7478651922529,587.887890879022,655.0115382916105,626.1773062954417
100537,RSN18628,142,18628, HCAB,3.69,37.4342,-121.7815,7.42,52.47,646,37.0254,-121.4845,21.15,21.22,-0.001992017,-0.006223658,0.000794573,0.000445362,0.320071742,0.162340773,82.82521174,5.179664862,6.111648575,0.157079633,950.5555971,4.472804146,7.83270763,142.5833396,NC,HCAB,-999.0,575,0.116429463,0.032942719,0.125567312,0.083486744,NC.HCAB,575,0.116429463,14.84619999,287.9559937,4.530789852,0.11642946298525114,575,509.16601388597087,483.38918245850306,515.0241565225783,463.0272913768639
100537,RSN21427,142,21427, HCAB,4.1,37.862,-121.9995,13.322,103.43,646,37.0254,-121.4845,6.2,6.3,-0.000583266,-0.00186015,0.000517181,0.000163569,0.31355834,0.158159529,83.11182347,5.179664862,6.277093244,0.157079633,957.5871006,3.565871284,3.596709856,143.6380651,NC,HCAB,-999.0,578,0.111225635,0.032942719,0.125567312,0.078282916,NC.HCAB,578,0.111225635,14.84619999,287.9559937,4.530789852,0.1112256351102241,578,519.9133413949486,514.3644801133315,498.4742186815727,470.9127921856611
100537,RSN21248,142,21248, HCAB,4.6,37.5255,-118.8612,10.217,239.19,646,37.0254,-121.4845,4.58,5.12,0.002191396,0.00266555,0.000182295,0.000188438,0.822117679,0.160945556,87.78222088,5.179664862,6.208627201,0.34906585,2098.097392,11.62926798,14.62217834,314.7146088,NC,HCAB,-999.0,882,-0.311392552,0.032942719,0.125567312,-0.344335271,NC.HCAB,882,-0.311392552,14.84619999,287.9559937,4.530789852,-0.3113925522241896,882,901.548827762506,875.6428928992597,913.9137376192542,808.7794633393636
100537,RSN19193,142,19193, HCAB,3.8,36.6888,-121.3205,4.454,40.11,646,37.0254,-121.4845,21.35,21.44,-0.000706258,-0.001600379,0.000638618,0.000203414,0.441307021,0.166539176,84.80638678,5.179664862,5.979941298,0.20943951,1239.160403,3.472022575,2.506003589,185.8740605,NC,HCAB,-999.0,677,-0.046871769,0.032942719,0.125567312,-0.079814488,NC.HCAB,677,-0.046871769,14.84619999,287.9559937,4.530789852,-0.04687176912967317,677,694.4480990397288,577.0896095525381,631.6037413417065,544.2618743692649
100537,RSN21317,142,21317, HCAB,4.2,36.8832,-121.619,7.507,19.81,646,37.0254,-121.4845,14.17,14.29,-0.00578204,-0.040721653,0.000400645,0.000206308,0.141989325,0.153823391,70.12507677,5.179664862,6.113745147,0.06981317,458.0665744,28.02625201,101.6402376,68.70998616,NC,HCAB,-999.0,355,0.598681714,0.032942719,0.125567312,0.565738995,NC.HCAB,355,0.598681714,14.84619999,287.9559937,4.530789852,0.5986817143071859,355,348.81433090032806,375.4273782477124,378.5464360642175,369.3130053568202
100537,RSN11670,142,11670, HCAB,4.3,37.2793,-121.6191,3.442,30.61,646,37.0254,-121.4845,19.14,19.2,0.004963011,0.010390392,0.001930913,0.000613028,0.477653853,0.167812276,85.18665561,5.179664862,5.93802414,0.226892803,1317.76228,8.095896109,5.381077242,197.664342,NC,HCAB,-999.0,707,-0.090231162,0.032942719,0.125567312,-0.123173881,NC.HCAB,707,-0.090231162,14.84619999,287.9559937,4.530789852,-0.09023116211397131,707,673.3047787011282,605.4883150906988,648.4994517340297,569.0177139286255
100537,RSN19063,142,19063, HCAB,4.0,36.6775,-121.3009,6.377,41.94,646,37.0254,-121.4845,16.63,16.89,-0.002186481,-0.004821947,0.00034271,0.000207262,0.453443631,0.162970171,82.34391009,5.179664862,6.081392586,0.20943951,1295.475717,10.54935782,14.07005048,194.3213576,NC,HCAB,-999.0,698,-0.077419599,0.032942719,0.125567312,-0.110362318,NC.HCAB,698,-0.077419599,14.84619999,287.9559937,4.530789852,-0.07741959897977058,698,677.9607845097091,593.5844714062753,643.0185794392257,562.0573450413848
100537,RSN19081,142,19081, HCAB,3.6,36.6809,-121.3013,6.35,41.57,646,37.0254,-121.4845,21.65,21.78,-0.001088104,-0.002430251,0.000455131,0.000411702,0.447733304,0.163009726,82.38190167,5.179664862,6.080457504,0.20943951,1281.481192,2.642940768,5.339673632,192.2221788,NC,HCAB,-999.0,693,-0.070230495,0.032942719,0.125567312,-0.103173214,NC.HCAB,693,-0.070230495,14.84619999,287.9559937,4.530789852,-0.07023049540730142,693,673.4333706890326,589.3324336454854,638.4124291567098,558.0311462946701
100537,RSN8686,142,8686, HCAB,5.45,37.4317,-121.7767,7.486,52.02,646,37.0254,-121.4845,16.63,16.87,-0.148096708,-0.307994936,0.011303743,0.009541669,0.480841373,0.162220101,82.60886464,5.179664862,6.113244097,0.226892803,1370.652701,15.52104857,27.2471637,205.5979052,NC,HCAB,-999.0,725,-0.115372151,0.032942719,0.125567312,-0.14831487,NC.HCAB,725,-0.115372151,14.84619999,287.9559937,4.530789852,-0.11537215107207288,725,679.7644023737507,659.5434194401307,653.4731651500779,600.7089282928197
100537,RSN18829,142,18829, HCAB,4.05,37.4812,-121.7987,11.01,57.76,646,37.0254,-121.4845,41.1,41.22,-0.006554579,-0.016050106,0.003635299,0.001239602,0.408382296,0.15800942,79.86541344,5.179664862,6.229990225,0.191986218,1218.808589,5.287647971,4.415071773,182.8212884,NC,HCAB,-999.0,669,-0.034984556,0.032942719,0.125567312,-0.067927275,NC.HCAB,669,-0.034984556,14.84619999,287.9559937,4.530789852,-0.03498455634562703,669,627.0279222590635,612.3363635974282,596.1098351918293,576.7026086183427
100537,RSN19147,142,19147, HCAB,3.9,36.6979,-121.3332,5.002,38.77,646,37.0254,-121.4845,15.88,15.93,-0.000582161,-0.002227442,0.000954543,0.000246591,0.261358471,0.1651941,83.82676363,5.179664862,6.018382641,0.122173048,771.1385923,2.360836365,2.333516667,115.6707888,NC,HCAB,-999.0,487,0.282535381,0.032942719,0.125567312,0.249592662,NC.HCAB,487,0.282535381,14.84619999,287.9559937,4.530789852,0.28253538070001216,487,431.00832339150645,413.09820640611383,434.7584292993563,396.07529443375495
100543,RSN17416,145,17416, BBR,3.73,35.2675,-117.3498,7.92,118.23,356,34.2623,-116.9208,33.47,33.53,-0.000224257,-0.00081855,6.84e-05,3.44e-05,0.273968308,0.163028914,86.58605634,5.179664862,6.122995859,0.13962634,818.2999892,6.519098837,11.96710526,122.7449984,CI,BBR,0.933333333,506,-0.351605938,0.470744315,0.563368909,-0.822350254,CI.BBR,506,-0.351605938,4.674680233,2075.679932,6.031939983,-0.3516059384354353,506,475.98435596421797,433.99688482808585,420.91841454843285,427.02993995882804
100543,RSN19358,145,19358, BBR,3.43,34.1381,-117.4717,5.767,52.61,356,34.2623,-116.9208,26.21,26.29,0.000280176,0.004912846,0.000136795,3.56e-05,0.057029164,0.164360781,84.660045,5.179664862,6.057771424,0.034906585,173.3117792,7.87011236,35.9139296,25.99676688,CI,BBR,0.933333333,180,0.68197388,0.470744315,0.563368909,0.211229565,CI.BBR,180,0.68197388,4.674680233,2075.679932,6.031939983,0.68197387996182,180,309.3866725060567,253.16836135187995,287.85421482872954,253.85199554455875
100543,RSN16863,145,16863, BBR,3.6,34.2088,-117.5824,7.536,61.24,356,34.2623,-116.9208,12.52,12.61,0.000320049,0.004439229,0.000170917,8.61e-05,0.072095687,0.162585677,83.78309333,5.179664862,6.114431914,0.034906585,221.2768446,3.7171777,25.97301029,33.19152669,CI,BBR,0.933333333,217,0.495033377,0.470744315,0.563368909,0.024289062,CI.BBR,217,0.495033377,4.674680233,2075.679932,6.031939983,0.4950333773115707,217,367.304857170338,303.9430010516192,345.22399877804145,302.45479716098464
100543,RSN10396,145,10396, BBR,4.45,34.1081,-117.3062,14.795,39.43,356,34.2623,-116.9208,15.38,15.46,-0.001373567,-0.025169707,0.000778015,6.98e-05,0.054572214,0.148880483,70.04777057,5.179664862,6.313637877,0.034906585,183.1143642,19.67861032,32.35118475,27.46715463,CI,BBR,0.933333333,187,0.643822114,0.470744315,0.563368909,0.173077799,CI.BBR,187,0.643822114,4.674680233,2075.679932,6.031939983,0.6438221139974436,187,258.14346541258567,239.48090443898025,251.92749764279156,248.20170745955863
100543,RSN14526,145,14526, BBR,3.78,34.0294,-116.7534,14.93,30.1,356,34.2623,-116.9208,19.61,19.67,0.000450125,-0.011838103,6.46e-05,6.35e-05,0.038023399,0.142677712,64.34293882,5.179664862,6.317747533,0.017453293,133.1733279,7.088582677,183.2523684,19.97599919,CI,BBR,0.933333333,147,0.884498144,0.470744315,0.563368909,0.413753829,CI.BBR,147,0.884498144,4.674680233,2075.679932,6.031939983,0.8844981440732944,147,196.01416335914368,181.09996966617538,191.52569432095183,191.1220715159206
100549,RSN11274,147,11274, SMM,4.39,35.6421,-120.9543,5.902,94.29,225,35.3142,-119.9958,14.0,14.21,0.000735045,0.012688198,0.000170415,5.12e-05,0.057931373,0.164692931,86.98275016,5.179664862,6.063488731,0.034906585,175.6894548,14.35634766,74.45470176,26.35341822,CI,SMM,0.940016,182,0.212093715,-0.180500098,-0.087875505,0.392593813,CI.SMM,182,0.212093715,2.213140011,599.1740112,0.199263006,0.21209371512762498,182,304.87615751653857,247.17179296683628,255.255391803102,211.2826098364948
100549,RSN9278,147,9278, SMM,5.03,35.3852,-118.6292,7.3,124.47,225,35.3142,-119.9958,13.61,13.96,0.001695014,0.01309028,0.000299458,8.54e-05,0.129486469,0.163487601,87.06790039,5.179664862,6.108664217,0.06981317,393.6910238,19.84793911,43.71324192,59.05365357,CI,SMM,0.940016,323,-0.361551921,-0.180500098,-0.087875505,-0.181051823,CI.SMM,323,-0.361551921,2.213140011,599.1740112,0.199263006,-0.3615519210182363,323,341.3452577575048,296.94184162125026,268.87994897882356,257.19812634795034
100549,RSN13455,147,13455, SMM,3.9,34.4032,-118.651,13.612,159.18,225,35.3142,-119.9958,26.3,26.48,7.17e-05,0.000543624,7.33e-05,7.45e-06,0.131870591,0.158684753,85.43616799,5.179664862,6.281821568,0.06981317,412.9487274,9.624161074,7.416425648,61.94230911,CI,SMM,0.940016,333,-0.392042088,-0.180500098,-0.087875505,-0.21154199,CI.SMM,333,-0.392042088,2.213140011,599.1740112,0.199263006,-0.3920420877760238,333,358.64074770381086,312.15059215801614,294.7834866173226,256.5727691808911
100550,RSN16334,148,16334, LCP,3.74,34.8456,-119.2446,12.927,95.54,259,34.7355,-120.28,22.4,22.56,0.000149974,0.001371996,0.000135852,5.93e-05,0.109310554,0.158213637,82.76878145,5.179664862,6.270295551,0.052359878,343.8785432,2.529072513,10.09919618,51.58178148,CI,LCP,-999.0,294,-0.126751706,-0.453355065,-0.360730472,0.32660336,CI.LCP,294,-0.126751706,13.99709988,229.7550049,7.260879993,-0.12675170563914406,294,311.4883536744249,309.17076510056074,311.71156135818666,315.3895421530916
100550,RSN11929,148,11929, LCP,4.27,34.3874,-119.4398,6.219,86.24,259,34.7355,-120.28,26.3,26.42,0.000965969,0.005449462,0.000579496,0.000161621,0.177259427,0.164270957,86.4447287,5.179664862,6.075787581,0.087266463,533.2819536,5.976754258,9.403795712,79.99229304,CI,LCP,-999.0,388,-0.404177278,-0.453355065,-0.360730472,0.049177788,CI.LCP,388,-0.404177278,13.99709988,229.7550049,7.260879993,-0.40417727792373626,388,393.2244309862691,345.4910188990302,385.4770018048713,343.80143233180667
100550,RSN15065,148,15065, LCP,3.52,34.2871,-119.6948,5.225,73.22,259,34.7355,-120.28,23.4,23.46,0.000267033,0.001047162,0.000381252,0.000105999,0.255005889,0.165509476,86.59451355,5.179664862,6.0312809,0.122173048,752.0985992,2.519203011,2.746640018,112.8147899,CI,LCP,-999.0,478,-0.612782671,-0.453355065,-0.360730472,-0.159427605,CI.LCP,478,-0.612782671,13.99709988,229.7550049,7.260879993,-0.6127826707919191,478,424.98262908801104,367.266341821737,393.1172072841451,358.0126260325636
100550,RSN10081,148,10081, LCP,4.18,34.3617,-118.6637,11.151,154.04,259,34.7355,-120.28,5.81,6.13,0.000177112,0.000660489,3.19e-05,6.15e-05,0.268152776,0.160068177,86.17929531,5.179664862,6.233452986,0.13962634,816.9255485,2.879869919,20.70498433,122.5388323,CI,LCP,-999.0,506,-0.669708608,-0.453355065,-0.360730472,-0.216353542,CI.LCP,506,-0.669708608,13.99709988,229.7550049,7.260879993,-0.6697086075879284,506,545.3976708448499,386.753487442413,469.4700491418663,378.93083763378644
