SSN,File.name,Code,RSN,SID,Mw,E.Lat,E.Long,E.Dep,EpiD,Vs30_mea,S.Lat,S.Long,p.ver,peak.time,Ur,Uz,max.noise.ver.05,max.noise.rad.05,U.ratio,ray.p,i2.angle,Vp_1,Vp_2,j.angle,Vsz,SNRrad,SNRver,z_0.15,network,station,f0,Vs30_est,Res,y_bar,eta,within_res,station2,Vs30_f0,Res_f0,slope,mean_ele_500m,slope_500m,log_res,P-wave_pred,Set1_pred,Set2_pred,Set3_pred,Set4_pred
1592,RSN16013,7,16013,-999,3.73,35.6346,-117.5657,2.693,143.29,726,34.8294,-116.335,36.08,36.33,0.000118602,0.000294744,1.03e-05,1.53e-05,0.402390633,0.168394048,89.31207735,5.179664862,5.93802414,0.191986218,1129.142565,7.751764706,28.61592233,169.3713848,,,-1.0,640,0.126081838,0.103498702,0.196123295,0.022583137,NA.NA,640,0.126081838,44.26279831,898.9589844,9.174039841,0.12608183847107846,640,702.9474262914881,798.9057056901794,719.4094457381682,729.691915968354
1592,RSN14590,7,14590,-999,4.11,35.6211,-117.5805,9.045,143.43,726,34.8294,-116.335,39.99,40.09,0.000213611,0.001516939,4.06e-05,1.21e-05,0.140817422,0.161822348,86.75737805,5.179664862,6.169722379,0.06981317,431.9001847,17.65380165,37.36302956,64.78502771,,,-1.0,343,0.749819568,0.103498702,0.196123295,0.646320866,NA.NA,343,0.749819568,44.26279831,898.9589844,9.174039841,0.7498195676588564,343,386.7535917974311,469.26901090035585,427.88959790640524,459.060124810976
1592,RSN12691,7,12691,-999,4.34,35.8373,-117.678,6.864,165.57,726,34.8294,-116.335,25.01,25.13,0.000140563,0.000960378,1.71e-05,1.22e-05,0.146361817,0.163915136,87.95219892,5.179664862,6.096821743,0.06981317,442.8302046,11.52155738,56.16245614,66.42453069,,,-1.0,348,0.735347535,0.103498702,0.196123295,0.631848833,NA.NA,348,0.735347535,44.26279831,898.9589844,9.174039841,0.7353475350503214,348,383.5639762391069,456.38890710914455,424.214527817336,439.7575753199741
1592,RSN8219,7,8219,-999,4.92,33.5083,-116.5143,15.2,147.82,726,34.8294,-116.335,26.3,26.5,-0.003064116,-0.003293982,0.000370207,0.000354905,0.930216542,0.157341639,84.44486918,5.179664862,6.325747735,0.366519143,2321.460886,8.633623082,8.897676165,348.2191329,,,-1.0,953,-0.272064889,0.103498702,0.196123295,-0.375563591,NA.NA,953,-0.272064889,44.26279831,898.9589844,9.174039841,-0.27206488882940594,953,820.5672278448213,1000.4845690625109,910.4790763046075,954.0942714893611
1592,RSN14238,7,14238,-999,3.94,32.7219,-116.8133,20.237,237.92,726,34.8294,-116.335,25.95,26.06,-2.71e-05,-6.08e-05,7.5e-06,2.6e-06,0.445965928,0.154755732,85.33996833,5.179664862,6.440435438,0.20943951,1345.352857,10.42307692,8.106666667,201.8029286,,,-1.0,716,0.013869848,0.103498702,0.196123295,-0.089628854,NA.NA,716,0.013869848,44.26279831,898.9589844,9.174039841,0.013869847864150131,716,1229.031954121172,904.2195429118601,933.4331055412675,806.2614574784026
1592,RSN14729,7,14729,-999,3.84,34.2268,-117.4407,8.593,121.55,726,34.8294,-116.335,20.95,21.03,4.71e-05,0.000116053,2.25e-05,6.26e-06,0.406227975,0.16223288,86.37943632,5.179664862,6.151676073,0.191986218,1181.676041,7.523961661,5.157911111,177.2514062,,,-1.0,655,0.102914779,0.103498702,0.196123295,-0.000583923,NA.NA,655,0.102914779,44.26279831,898.9589844,9.174039841,0.10291477918954417,655,696.6378763752923,801.8225045048154,688.723079155754,739.3469974136675
1592,RSN18015,7,18015,-999,5.0,36.3864,-117.8583,7.408,221.12,726,34.8294,-116.335,11.18,11.24,4.71e-05,0.000218673,3.43e-05,1.85e-05,0.215608623,0.16355983,88.323988,5.179664862,6.11135504,0.104719755,647.8599628,2.545945946,6.375306122,97.17899442,,,-1.0,432,0.519124427,0.103498702,0.196123295,0.415625725,NA.NA,432,0.519124427,44.26279831,898.9589844,9.174039841,0.5191244265806851,432,413.9066059746577,546.9197505261168,468.1145372355128,506.6615645922407
1592,RSN13241,7,13241,-999,4.19,34.3571,-116.8418,9.486,70.05,726,34.8294,-116.335,12.38,12.47,-0.002350667,-0.0068097,0.000204123,9.05e-06,0.345193954,0.160422411,82.88659866,5.179664862,6.185563454,0.174532925,1032.53807,259.7422099,33.36076777,154.8807105,,,-1.0,613,0.169185079,0.103498702,0.196123295,0.065686377,NA.NA,613,0.169185079,44.26279831,898.9589844,9.174039841,0.16918507888858425,613,605.6034337541735,772.3166605391506,650.7824238750221,695.6767375689204
1592,RSN17257,7,17257,-999,3.53,34.2894,-116.8271,6.278,75.02,726,34.8294,-116.335,26.68,26.78,-0.000325428,-0.000736611,5.61e-06,8.97e-06,0.441791556,0.164101647,85.8646325,5.179664862,6.07791863,0.20943951,1258.730323,36.27959866,131.3032086,188.8095485,,,-1.0,685,0.058131177,0.103498702,0.196123295,-0.045367525,NA.NA,685,0.058131177,44.26279831,898.9589844,9.174039841,0.058131176562570275,685,651.1073822861745,827.8867799552031,690.9281379399646,756.2974946575141
1592,RSN16795,7,16795,-999,3.87,34.1402,-116.7627,11.324,85.96,726,34.8294,-116.335,14.74,14.82,0.000176751,0.000423454,2.68e-05,2.46e-05,0.417403003,0.159121346,82.99321538,5.179664862,6.237577418,0.191986218,1233.232771,7.185,15.80052239,184.9849157,,,-1.0,675,0.072837324,0.103498702,0.196123295,-0.030661378,NA.NA,675,0.072837324,44.26279831,898.9589844,9.174039841,0.07283732395226572,675,654.9105081723267,822.1879288599765,697.3453140285528,754.520624962593
1592,RSN13941,7,13941,-999,3.79,34.2691,-117.4608,11.018,120.58,726,34.8294,-116.335,20.87,21.09,-0.000451952,-0.000688561,9.04e-06,6.43e-06,0.656371476,0.159943004,85.18790853,5.179664862,6.230189198,0.296705973,1792.801917,70.28802488,76.16825221,268.9202876,,,-1.0,782,-0.074304726,0.103498702,0.196123295,-0.177803428,NA.NA,782,-0.074304726,44.26279831,898.9589844,9.174039841,-0.07430472572051539,782,760.1644912726582,858.0456608820921,763.4575910635924,811.3234757147602
1592,RSN18259,7,18259,-999,4.2,36.3905,-117.8695,8.829,222.1,726,34.8294,-116.335,9.88,10.01,3.73e-05,0.000129027,4.46e-06,1.07e-05,0.289337983,0.162199545,87.9619116,5.179664862,6.161345296,0.13962634,865.2084883,3.485981308,28.92982063,129.7812732,,,-1.0,529,0.316561583,0.103498702,0.196123295,0.213062881,NA.NA,529,0.316561583,44.26279831,898.9589844,9.174039841,0.3165615829664965,529,560.1617716301922,653.8641856359009,583.4562585411529,610.2470379944898
1592,RSN12757,7,12757,-999,4.26,33.9538,-116.3912,7.696,97.27,726,34.8294,-116.335,23.1,23.16,-0.000339154,-0.000606615,0.000162027,7.82e-05,0.559092267,0.163052842,86.01008141,5.179664862,6.118116656,0.261799388,1548.598542,4.337007673,3.743913052,232.2897813,,,-1.0,766,-0.053632155,0.103498702,0.196123295,-0.157130857,NA.NA,766,-0.053632155,44.26279831,898.9589844,9.174039841,-0.053632154915795205,766,792.1495062318294,887.293600941602,795.8523282314209,831.7728444032497
1592,RSN17500,7,17500,-999,3.62,33.9521,-116.3635,9.067,97.35,726,34.8294,-116.335,20.11,20.2,-0.000115983,-0.000246289,1.94e-05,1.49e-05,0.470921563,0.161490903,85.19664871,5.179664862,6.170551665,0.226892803,1353.426993,7.78409396,12.69530928,203.014049,,,-1.0,719,0.009688657,0.103498702,0.196123295,-0.093810045,NA.NA,719,0.009688657,44.26279831,898.9589844,9.174039841,0.009688657103748888,719,720.9059933709324,850.7428620520465,737.0509150159297,780.4510789768741
1592,RSN9023,7,9023,-999,5.2,33.5328,-116.5697,15.48,145.44,726,34.8294,-116.335,20.95,21.1,-0.003391675,-0.004682369,0.000754472,0.000226709,0.724350181,0.157092152,84.25789277,5.179664862,6.333749326,0.314159265,1963.069207,14.96047797,6.206153442,294.4603811,,,-1.0,838,-0.143468086,0.103498702,0.196123295,-0.246966788,NA.NA,838,-0.143468086,44.26279831,898.9589844,9.174039841,-0.14346808565728697,838,772.0475483160805,908.3600998424639,837.9885550916555,855.1419306737622
1592,RSN18091,7,18091,-999,5.19,36.4034,-117.8499,9.418,222.11,726,34.8294,-116.335,12.55,12.63,-4.79e-05,-0.000106717,3.15e-05,1.66e-05,0.449219971,0.161609664,87.80872413,5.179664862,6.183223963,0.20943951,1296.183155,2.885542169,3.38784127,194.4274733,,,-1.0,699,0.037899273,0.103498702,0.196123295,-0.065599429,NA.NA,699,0.037899273,44.26279831,898.9589844,9.174039841,0.03789927259098569,699,847.1793817422309,870.7204710933632,825.8039805766849,785.2489524473515
1592,RSN16825,7,16825,-999,3.49,34.309,-116.9297,9.684,79.44,726,34.8294,-116.335,10.45,10.51,0.000447665,0.001824093,0.000133799,8.76e-06,0.245417916,0.160502448,83.64723144,5.179664862,6.192176404,0.122173048,748.0633886,51.1033105,13.63308395,112.2095083,,,-1.0,476,0.422132161,0.103498702,0.196123295,0.318633459,NA.NA,476,0.422132161,44.26279831,898.9589844,9.174039841,0.42213216059337544,476,443.09140880222253,570.5583421472517,465.97663624774844,529.9939627586883
1592,RSN10070,7,10070,-999,4.18,34.3617,-118.6637,11.151,219.83,726,34.8294,-116.335,6.5,6.67,0.000158484,0.000423788,3.27e-05,9.18e-06,0.373969449,0.160251092,87.33399243,5.179664862,6.233452986,0.174532925,1109.864259,17.26405229,12.95987768,166.4796389,,,-1.0,635,0.133925016,0.103498702,0.196123295,0.030426314,NA.NA,635,0.133925016,44.26279831,898.9589844,9.174039841,0.13392501593210415,635,681.5228362391322,824.2447445432242,750.1355891951428,735.4986439077653
1592,RSN8328,7,8328,-999,4.27,33.9173,-117.7758,7.0,166.65,726,34.8294,-116.335,10.3,10.55,0.000653785,0.001130951,0.000102579,3.22e-05,0.578084235,0.163807474,87.91743472,5.179664862,6.100695365,0.261799388,1581.553122,20.30388199,11.02517084,237.2329683,,,-1.0,734,-0.010959014,0.103498702,0.196123295,-0.114457716,NA.NA,734,-0.010959014,44.26279831,898.9589844,9.174039841,-0.010959013789719307,734,856.0163036543441,884.4566051191151,843.4211483670081,818.1810403653781
1592,RSN9355,7,9355,-999,4.88,34.0655,-117.0011,17.501,104.54,726,34.8294,-116.335,13.0,13.12,-0.002092937,-0.003807435,0.000481575,8.36e-05,0.54969731,0.154671615,80.89833336,5.179664862,6.383907006,0.244346095,1605.512329,25.03513158,7.906213985,240.8268494,,,-1.0,718,0.011080446,0.103498702,0.196123295,-0.092418256,NA.NA,718,0.011080446,44.26279831,898.9589844,9.174039841,0.011080445776571857,718,879.0901328160412,839.5275263939322,771.4436737626992,774.2431154245355
1592,RSN17084,7,17084,-999,3.52,34.2098,-116.4371,4.645,69.37,726,34.8294,-116.335,24.76,24.85,0.000365149,0.000793139,3.61e-05,6.49e-06,0.460384929,0.166577835,86.93171413,5.179664862,5.994593769,0.20943951,1283.586827,56.2633282,21.97060942,192.5380241,,,-1.0,694,0.045078054,0.103498702,0.196123295,-0.058420648,NA.NA,694,0.045078054,44.26279831,898.9589844,9.174039841,0.04507805431799117,694,692.2055253844975,841.1841575829006,714.7919246321427,767.7735150661889
1592,RSN15527,7,15527,-999,3.68,34.7251,-116.0506,2.727,28.49,726,34.8294,-116.335,17.52,17.68,0.001090494,0.003133314,0.00011733,1.99e-05,0.348032094,0.168062743,86.34017784,5.179664862,5.93802414,0.174532925,992.8490299,54.79869347,26.70513935,148.9273545,,,-1.0,598,0.193959261,0.103498702,0.196123295,0.090460559,NA.NA,598,0.193959261,44.26279831,898.9589844,9.174039841,0.19395926087416449,598,582.1338216032146,758.4692851743898,633.6888185835254,680.4640106789861
1592,RSN11388,7,11388,-999,4.73,33.7328,-117.4921,10.018,161.71,726,34.8294,-116.335,23.18,23.33,-0.000102887,-0.000222363,5.76e-05,1.38e-05,0.462697486,0.160964579,86.7740797,5.179664862,6.202702587,0.20943951,1333.896691,7.45557971,3.86046875,200.0845037,,,-1.0,712,0.019472103,0.103498702,0.196123295,-0.084026599,NA.NA,712,0.019472103,44.26279831,898.9589844,9.174039841,0.01947210341282002,712,802.0443525318484,885.5080052339396,825.1156049008142,798.4009590504638
1592,RSN16265,7,16265,-999,3.64,33.223,-116.7186,8.687,181.67,726,34.8294,-116.335,38.05,38.2,-0.000148161,-0.000179965,2.19e-05,2.07e-05,0.823275643,0.1623059,87.55463777,5.179664862,6.155594857,0.34906585,2082.353263,7.157536232,8.217579909,312.3529895,,,-1.0,877,-0.188956978,0.103498702,0.196123295,-0.292455679,NA.NA,877,-0.188956978,44.26279831,898.9589844,9.174039841,-0.18895697754738716,877,794.0095600735305,952.2029780385639,876.2368806913166,895.9196061930098
1592,RSN11726,7,11726,-999,4.5,34.3365,-116.8617,8.94,72.97,726,34.8294,-116.335,12.94,13.08,-0.002605827,-0.005105863,4.03e-05,5.69e-06,0.510359732,0.161182716,83.61906869,5.179664862,6.165704274,0.244346095,1452.719834,457.9660808,126.6963524,217.9079751,,,-1.0,754,-0.037842353,0.103498702,0.196123295,-0.141341055,NA.NA,754,-0.037842353,44.26279831,898.9589844,9.174039841,-0.037842353183160427,754,733.7684541065735,871.7373698316323,772.5971207874173,814.2142972663324
1592,RSN14545,7,14545,-999,3.78,34.0294,-116.7534,14.93,96.72,726,34.8294,-116.335,19.85,19.91,-0.000126756,-0.00028677,2.38e-05,1.22e-05,0.442013253,0.156609598,81.65807647,5.179664862,6.317747533,0.20943951,1319.504474,10.38983607,12.04915966,197.9256711,,,-1.0,707,0.026519349,0.103498702,0.196123295,-0.076979353,NA.NA,707,0.026519349,44.26279831,898.9589844,9.174039841,0.02651934892822272,707,687.3326103882829,847.5094266090572,720.7955377566603,770.6078982387377
1592,RSN13531,7,13531,-999,4.06,32.7797,-117.3507,7.174,246.03,726,34.8294,-116.335,16.18,16.27,-2.95e-05,-6.07e-05,1.68e-05,8.94e-06,0.486524709,0.16373678,88.55053821,5.179664862,6.105409111,0.226892803,1371.07904,3.299776286,3.613095238,205.661856,,,-1.0,725,0.00137836,0.103498702,0.196123295,-0.102120342,NA.NA,725,0.00137836,44.26279831,898.9589844,9.174039841,0.0013783599701211457,725,1058.1767586753522,909.2887542719833,904.4220915686589,822.425084629707
1592,RSN13847,7,13847,-999,4.17,34.3277,-116.829,4.957,71.78,726,34.8294,-116.335,20.94,21.07,-0.003214915,-0.008687706,3.35e-05,2.77e-05,0.370053432,0.165969195,86.76459473,5.179664862,6.015610792,0.174532925,1061.722477,116.0619134,259.3345075,159.2583716,,,-1.0,622,0.154609922,0.103498702,0.196123295,0.05111122,NA.NA,622,0.154609922,44.26279831,898.9589844,9.174039841,0.15460992208561652,622,651.3336890501498,789.8982709437504,669.975828244126,712.7605881620686
1592,RSN12404,7,12404,-999,4.27,36.1466,-118.0613,4.057,214.23,726,34.8294,-116.335,29.61,29.74,2.3e-05,0.000112059,7.73e-06,4.7e-06,0.204983758,0.168221243,89.17386293,5.179664862,5.943934512,0.104719755,600.136565,4.893617021,14.49663648,90.02048475,,,-1.0,415,0.559271495,0.103498702,0.196123295,0.455772793,NA.NA,415,0.559271495,44.26279831,898.9589844,9.174039841,0.559271494594098,415,406.95915700458175,524.6260331139667,462.5924502954905,487.92511427053677
1592,RSN10442,7,10442,-999,4.45,34.1081,-117.3062,14.795,119.85,726,34.8294,-116.335,15.42,15.66,-0.006005411,-0.008511933,0.000722021,9.78e-05,0.705528429,0.157315906,83.33200261,5.179664862,6.313637877,0.314159265,1925.231848,61.40502045,11.78903799,288.7847772,,,-1.0,826,-0.129044759,0.103498702,0.196123295,-0.232543461,NA.NA,826,-0.129044759,44.26279831,898.9589844,9.174039841,-0.12904475869618182,826,780.5881304929206,887.4455672252218,799.0583841372705,834.265937164908
1592,RSN17663,7,17663,-999,3.47,33.8029,-116.1786,7.366,114.77,726,34.8294,-116.335,22.85,22.92,-4.46e-05,-9.56e-05,1.31e-05,9.08e-06,0.466046103,0.163398482,86.77557706,5.179664862,6.110319177,0.20943951,1321.91819,4.911894273,7.297709924,198.2877285,,,-1.0,708,0.025105921,0.103498702,0.196123295,-0.078392781,NA.NA,708,0.025105921,44.26279831,898.9589844,9.174039841,0.025105921131076236,708,751.0595482028262,853.6597031480921,733.3248390949534,778.2179034926543
1592,RSN16949,7,16949,-999,3.63,34.1242,-116.405,9.555,78.49,726,34.8294,-116.335,12.54,12.6,-0.000579033,-0.001449631,9.77e-05,1.42e-05,0.399434656,0.16061739,83.6602166,5.179664862,6.187901101,0.191986218,1176.278391,40.77697183,14.83757421,176.4417587,,,-1.0,653,0.105972886,0.103498702,0.196123295,0.002474184,NA.NA,653,0.105972886,44.26279831,898.9589844,9.174039841,0.10597288554836481,653,608.4152961837478,798.221007983467,665.5925847565637,732.3667787808797
1592,RSN13070,7,13070,-999,4.11,34.373,-117.6258,8.33,128.77,726,34.8294,-116.335,18.0,18.13,-0.000185377,-0.000439077,0.00010338,1.93e-05,0.422195747,0.162590385,86.69675079,5.179664862,6.140206558,0.191986218,1218.768829,9.605025907,4.247214161,182.8153244,,,-1.0,669,0.081765955,0.103498702,0.196123295,-0.021732747,NA.NA,669,0.081765955,44.26279831,898.9589844,9.174039841,0.081765954696567,669,745.2284621003193,819.9800576505525,722.6891644294067,757.4425282790289
1592,RSN13998,7,13998,-999,4.15,33.638,-116.7082,12.649,136.56,726,34.8294,-116.335,15.28,15.41,-0.000212392,-0.000458729,2.68e-05,4.59e-06,0.463001572,0.159019776,85.06822693,5.179664862,6.265244507,0.20943951,1350.947602,46.27276688,17.11675373,202.6421403,,,-1.0,718,0.011080446,0.103498702,0.196123295,-0.092418256,NA.NA,718,0.011080446,44.26279831,898.9589844,9.174039841,0.011080445776571857,718,762.06556767295,869.7609223707389,765.4641711616491,788.7414004828594
1592,RSN9198,7,9198,-999,5.03,35.3852,-118.6292,7.3,218.06,726,34.8294,-116.335,6.1,6.37,0.000533187,0.002057459,4.52e-05,2.27e-05,0.259148094,0.163632324,88.32934673,5.179664862,6.108664217,0.122173048,772.3238196,23.4884141,45.51900442,115.8485729,,,-1.0,487,0.399285892,0.103498702,0.196123295,0.29578719,NA.NA,487,0.399285892,44.26279831,898.9589844,9.174039841,0.3992858917422062,487,464.7788925913435,601.7641820470172,524.3554608089046,560.800402353238
1592,RSN18210,7,18210,-999,4.36,36.3932,-117.8644,8.798,222.05,726,34.8294,-116.335,10.8,10.85,-8.18e-05,-0.000283877,3.39e-05,1.55e-05,0.288074424,0.162232965,87.96997493,5.179664862,6.160106881,0.13962634,861.5372396,5.277419355,8.373952802,129.2305859,,,-1.0,527,0.320349466,0.103498702,0.196123295,0.216850764,NA.NA,527,0.320349466,44.26279831,898.9589844,9.174039841,0.3203494662834334,527,554.9704306830249,651.392109319697,581.25037476595,607.9398658281591
1592,RSN16102,7,16102,-999,3.58,33.827,-117.0296,15.131,128.26,726,34.8294,-116.335,26.32,26.46,-0.000336604,-0.000674022,1.85e-05,1.29e-05,0.499395746,0.157164613,83.650945,5.179664862,6.323730411,0.226892803,1459.07153,26.09333333,36.43362162,218.8607295,,,-1.0,756,-0.040491361,0.103498702,0.196123295,-0.143990063,NA.NA,756,-0.040491361,44.26279831,898.9589844,9.174039841,-0.04049136135473752,756,757.8191045946912,876.1738757712073,790.3830331855846,815.2011509924504
1592,RSN8799,7,8799,-999,5.39,33.9465,-117.7667,14.89,164.09,726,34.8294,-116.335,21.0,21.21,-0.001724868,-0.003387746,0.000598498,0.000151794,0.509149304,0.157742887,85.12932278,5.179664862,6.31653763,0.226892803,1476.59129,11.36321594,5.660413234,221.4886935,,,-1.0,762,-0.048396541,0.103498702,0.196123295,-0.151895243,NA.NA,762,-0.048396541,44.26279831,898.9589844,9.174039841,-0.048396540861850745,762,823.1418622787797,911.8623310963013,884.2250953523983,841.9664767901775
1592,RSN16673,7,16673,-999,3.79,34.0456,-117.2248,15.927,119.36,726,34.8294,-116.335,45.67,45.77,6.21e-05,0.000163403,3.24e-05,1.21e-05,0.379949589,0.156335176,82.79037787,5.179664862,6.345939946,0.174532925,1153.647794,5.132231405,5.043302469,173.0471691,,,-1.0,646,0.116750511,0.103498702,0.196123295,0.013251809,NA.NA,646,0.116750511,44.26279831,898.9589844,9.174039841,0.11675051104219403,646,655.8514960754668,812.0847649047106,695.7923941491626,726.4675979899853
1592,RSN11305,7,11305,-999,4.78,34.1228,-116.9226,5.969,95.17,726,34.8294,-116.335,19.2,19.31,-0.004109972,-0.006483535,0.000612155,0.000236187,0.633909057,0.164612649,86.94158849,5.179664862,6.066214653,0.27925268,1692.200577,17.40134724,10.59132899,253.8300866,,,-1.0,748,-0.029852963,0.103498702,0.196123295,-0.133351665,NA.NA,748,-0.029852963,44.26279831,898.9589844,9.174039841,-0.029852963149681777,748,699.2154537251891,825.6552602128435,719.4123545129693,780.6117072086433
1592,RSN17919,7,17919,-999,4.04,36.3911,-117.8665,9.439,221.99,726,34.8294,-116.335,10.43,10.51,9.75e-05,0.000333875,2.24e-05,1.65e-05,0.292061292,0.161590093,87.803263,5.179664862,6.183950287,0.13962634,876.0185077,5.909090909,14.90513393,131.4027762,,,-1.0,534,0.307154176,0.103498702,0.196123295,0.203655474,NA.NA,534,0.307154176,44.26279831,898.9589844,9.174039841,0.3071541758646008,534,552.421066664001,652.4952977372425,581.1505564991181,608.3640773665043
1592,RSN15407,7,15407,-999,3.99,34.0514,-117.2429,14.998,120.04,726,34.8294,-116.335,20.54,20.67,-0.000347121,-0.000783153,4.96e-05,3.28e-05,0.443236106,0.157131372,83.23478281,5.179664862,6.319789549,0.20943951,1318.186776,10.58295732,15.789375,197.7280164,,,-1.0,707,0.026519349,0.103498702,0.196123295,-0.076979353,NA.NA,707,0.026519349,44.26279831,898.9589844,9.174039841,0.02651934892822272,707,709.801736793212,849.2401635502243,727.9814473733762,771.4457602586185
1592,RSN12888,7,12888,-999,4.11,36.0312,-117.7658,4.03,186.17,726,34.8294,-116.335,20.95,21.13,0.000144755,0.000273,2.02e-05,9.21e-06,0.53024,0.16829445,89.05657325,5.179664862,5.941161117,0.244346095,1434.3492,15.71715527,13.51485149,215.15238,,,-1.0,747,-0.02851517,0.103498702,0.196123295,-0.132013872,NA.NA,747,-0.02851517,44.26279831,898.9589844,9.174039841,-0.02851517030802153,747,849.7591507638704,899.819259614807,891.9404685928118,836.0405349362492
1592,RSN17464,7,17464,-999,3.59,34.0938,-117.4347,3.015,129.88,726,34.8294,-116.335,15.98,16.07,0.000107422,0.000364574,1.49e-05,1.79e-05,0.294649874,0.168385323,89.09811359,5.179664862,5.93802414,0.13962634,847.5364456,6.00122905,24.46805369,127.1304668,,,-1.0,519,0.335646132,0.103498702,0.196123295,0.23214743,NA.NA,519,0.335646132,44.26279831,898.9589844,9.174039841,0.33564613165890744,519,547.6175911463246,630.5780200011895,537.5938523934212,585.540293777033
1592,RSN16534,7,16534,-999,3.61,34.2449,-117.4464,12.48,120.89,726,34.8294,-116.335,19.85,19.9,-2.95e-05,-9.29e-05,2.17e-05,1.04e-05,0.317357912,0.15895395,84.48969425,5.179664862,6.262058538,0.157079633,963.3177366,2.836538462,4.281105991,144.4976605,,,-1.0,582,0.221079567,0.103498702,0.196123295,0.117580865,NA.NA,582,0.221079567,44.26279831,898.9589844,9.174039841,0.22107956709335763,582,568.4579347421322,699.0676313732188,581.8882613020537,646.8455165324699
1592,RSN8394,7,8394,-999,4.92,34.31,-116.848,6.3,74.44,726,34.8294,-116.335,2.15,2.2,-0.001549194,-0.003684612,0.001508762,0.000347637,0.420449841,0.164076949,85.84745544,5.179664862,6.078701489,0.191986218,1203.455942,4.456355336,2.442142631,180.5183913,,,-1.0,663,0.090775025,0.103498702,0.196123295,-0.012723677,NA.NA,663,0.090775025,44.26279831,898.9589844,9.174039841,0.09077502463893339,663,627.6134298232528,810.450238770644,683.4948187097891,753.3174968289079
1592,RSN15165,7,15165,-999,3.9,33.867,-117.1038,11.856,128.06,726,34.8294,-116.335,20.35,20.4,-0.000150403,-0.000277352,0.000119223,6.49e-05,0.542282436,0.159423004,85.07562944,5.179664862,6.24946745,0.244346095,1541.196983,2.317457627,2.326329651,231.1795475,,,-1.0,773,-0.062729034,0.103498702,0.196123295,-0.166227736,NA.NA,773,-0.062729034,44.26279831,898.9589844,9.174039841,-0.06272903376262651,773,782.2360051128314,897.446515124191,809.8810600377057,834.8245964085067
1592,RSN15625,7,15625,-999,3.87,33.7513,-116.0218,8.756,123.02,726,34.8294,-116.335,22.98,23.1,0.000170671,0.000284841,2.23e-05,1.29e-05,0.599178074,0.162046909,86.33240541,5.179664862,6.158414042,0.261799388,1642.735946,13.23031008,12.77313901,246.4103919,,,-1.0,731,-0.006863445,0.103498702,0.196123295,-0.110362147,NA.NA,731,-0.006863445,44.26279831,898.9589844,9.174039841,-0.006863444924982254,731,770.5101026294425,846.9471008965868,748.121765913879,790.2149673996232
1592,RSN15359,7,15359,-999,3.87,33.928,-116.7858,18.501,108.24,726,34.8294,-116.335,22.75,22.86,-0.000533435,-0.001175413,9.52e-05,1.89e-05,0.453827621,0.154088549,80.71091094,5.179664862,6.40467109,0.20943951,1371.116745,28.22407407,12.34677521,205.6675118,,,-1.0,725,0.00137836,0.103498702,0.196123295,-0.102120342,NA.NA,725,0.00137836,44.26279831,898.9589844,9.174039841,0.0013783599701211457,725,850.0555307920097,881.8331791487335,766.5837467331017,792.9491598587056
1592,RSN10943,7,10943,-999,4.26,33.8776,-116.2019,10.062,106.29,726,34.8294,-116.335,25.21,25.31,-0.000215693,-0.000419647,3.04e-05,2.3e-05,0.513986571,0.160588486,85.06732419,5.179664862,6.204033973,0.244346095,1466.39298,9.377956522,13.80417763,219.958947,,,-1.0,759,-0.044451763,0.103498702,0.196123295,-0.147950464,NA.NA,759,-0.044451763,44.26279831,898.9589844,9.174039841,-0.0444517625708345,759,814.3944330125564,880.2903736574228,792.6314733829544,819.3824297296211
1592,RSN14398,7,14398,-999,4.14,34.8632,-116.3444,6.474,3.85,726,34.8294,-116.335,14.47,14.51,-0.007145952,-0.024515459,0.000892908,0.000514514,0.291487573,0.078985634,28.72473754,5.179664862,6.084678138,0.13962634,1788.922964,13.88874161,27.4557502,268.3384446,,,-1.0,780,-0.071743905,0.103498702,0.196123295,-0.175242607,NA.NA,780,-0.071743905,44.26279831,898.9589844,9.174039841,-0.07174390485884174,780,679.6330310596439,929.2070111887142,705.7726535775212,861.4697178044296
3055,RSN18327,16,18327, DPP,3.05,33.5043,-116.561,11.461,66.34,611,32.999,-116.942,13.55,13.61,0.00017045,0.000203671,2.93e-05,3.51e-05,0.836886682,0.158201433,80.85730303,5.179664862,6.240750508,0.34906585,2158.383988,4.856125356,6.951228669,323.7575982,CI,DPP,-999.0,902,-0.389517561,-0.419009726,-0.326385133,0.029492165,CI.DPP,902,-0.389517561,2.213140011,484.9679871,5.799489975,-0.3895175608910284,902,677.8185916011788,744.5922104280811,654.9235412292139,719.6984619505229
3055,RSN17371,16,17371, DPP,3.56,33.0804,-116.4826,10.835,43.85,611,32.999,-116.942,19.03,19.08,0.004652712,0.007829562,4.8e-05,0.000104188,0.594249305,0.156397394,76.82070488,5.179664862,6.225560001,0.261799388,1691.521485,44.65688947,163.115875,253.7282228,CI,DPP,-999.0,747,-0.200968226,-0.419009726,-0.326385133,0.2180415,CI.DPP,747,-0.200968226,2.213140011,484.9679871,5.799489975,-0.20096822596122177,747,687.8618764221708,718.5491065505553,612.5795061620603,684.3194053859205
3055,RSN13230,16,13230, DPP,4.19,34.3571,-116.8418,9.486,150.92,611,32.999,-116.942,22.37,22.47,-0.000929605,-0.000768645,2.29e-05,1.57e-05,1.209407695,0.161405201,86.74035365,5.179664862,6.185563454,0.436332313,2636.562678,59.21050955,33.56528384,395.4844017,CI,DPP,-999.0,1052,-0.543351434,-0.419009726,-0.326385133,-0.124341708,CI.DPP,1052,-0.543351434,2.213140011,484.9679871,5.799489975,-0.5433514341260599,1052,892.8091540776303,850.9616175280572,849.4364545485363,794.3700067342518
3055,RSN16712,16,16712, DPP,3.73,33.5058,-116.7636,16.276,58.61,611,32.999,-116.942,21.65,21.78,-0.002660067,-0.00209031,1.79e-05,1.58e-05,1.272570716,0.151992878,74.99728398,5.179664862,6.3549922,0.453785606,2876.740171,168.3586709,116.777095,431.5110257,CI,DPP,-999.0,1125,-0.610441355,-0.419009726,-0.326385133,-0.19143163,CI.DPP,1125,-0.610441355,2.213140011,484.9679871,5.799489975,-0.610441355466925,1125,640.739699167272,859.1968164613933,714.0014226711044,819.6479013189236
3055,RSN10933,16,10933, DPP,4.26,33.8776,-116.2019,10.062,119.3,611,32.999,-116.942,33.4,33.52,-0.003456136,-0.003099219,0.000148267,7e-05,1.115163658,0.160712228,85.6084981,5.179664862,6.204033973,0.41887902,2536.039244,49.37337143,20.90295885,380.4058866,CI,DPP,-999.0,1021,-0.513440859,-0.419009726,-0.326385133,-0.094431133,CI.DPP,1021,-0.513440859,2.213140011,484.9679871,5.799489975,-0.5134408589930697,1021,817.9450873800386,812.5853844933574,778.5312457763929,782.7210171834463
3055,RSN8788,16,8788, DPP,5.39,33.9465,-117.7667,14.89,130.08,611,32.999,-116.942,29.11,29.53,-0.044895346,-0.031483761,0.001451065,0.001400032,1.425984239,0.157404751,83.85438756,5.179664862,6.31653763,0.471238898,2926.411746,32.06737132,21.69700255,438.9617619,CI,DPP,-999.0,1139,-0.622809004,-0.419009726,-0.326385133,-0.203799278,CI.DPP,1139,-0.622809004,2.213140011,484.9679871,5.799489975,-0.6228090042755863,1139,773.6901767393052,883.7385144372895,794.6716769686001,837.1820686286417
3055,RSN16942,16,16942, DPP,3.63,34.1242,-116.405,9.555,134.39,611,32.999,-116.942,13.49,13.57,-0.000387818,-0.000302063,1.3e-05,1.11e-05,1.283899883,0.161272399,86.31961617,5.179664862,6.187901101,0.453785606,2721.933824,34.93855856,23.23561538,408.2900736,CI,DPP,-999.0,1078,-0.567765792,-0.419009726,-0.326385133,-0.148756066,CI.DPP,1078,-0.567765792,2.213140011,484.9679871,5.799489975,-0.5677657922973465,1078,739.9904434514372,845.982916066782,809.9076031174224,799.0392410669228
3055,RSN16256,16,16256, DPP,3.64,33.223,-116.7186,8.687,32.43,611,32.999,-116.942,16.87,16.93,-0.007829933,-0.010309267,0.000212187,1.38e-05,0.759504371,0.157678481,76.07339924,5.179664862,6.155594857,0.331612558,2026.845225,567.3864493,48.58576162,304.0267838,CI,DPP,-999.0,859,-0.340671963,-0.419009726,-0.326385133,0.078337763,CI.DPP,859,-0.340671963,2.213140011,484.9679871,5.799489975,-0.3406719628126593,859,778.6430025056059,780.6692853960371,707.8945416608616,750.6267227160197
3055,RSN15944,16,15944, DPP,3.64,33.8726,-117.7125,2.161,120.51,611,32.999,-116.942,34.05,34.15,-0.00013362,-0.000112093,3.72e-05,3.4e-05,1.19204789,0.168398172,89.44102278,5.179664862,5.93802414,0.436332313,2509.93034,3.93,3.013252688,376.489551,CI,DPP,-999.0,1012,-0.504586891,-0.419009726,-0.326385133,-0.085577165,CI.DPP,1012,-0.504586891,2.213140011,484.9679871,5.799489975,-0.5045868906758155,1012,993.4893542940006,840.0807515765684,837.5315385334388,780.1770196863259
3055,RSN19335,16,19335, DPP,3.09,33.9522,-117.7991,13.107,132.38,611,32.999,-116.942,13.61,13.65,-4.5e-05,-7.81e-05,2.2e-05,1.11e-05,0.575920403,0.158725585,84.71973239,5.179664862,6.273446412,0.261799388,1627.520346,4.054054054,3.55,244.1280519,CI,DPP,-999.0,726,-0.172453056,-0.419009726,-0.326385133,0.24655667,CI.DPP,726,-0.172453056,2.213140011,484.9679871,5.799489975,-0.17245305565320024,726,721.6454046606389,697.4715117491936,583.5248557430425,657.4125753668189
3055,RSN17839,16,17839, DPP,3.14,33.0622,-115.8937,7.729,98.19,611,32.999,-116.942,29.43,29.5,0.000266355,0.000577959,2.39e-05,7.23e-06,0.460853818,0.163029258,85.99048181,5.179664862,6.11885537,0.20943951,1312.637704,36.84024896,24.18238494,196.8956556,CI,DPP,-999.0,705,-0.143100844,-0.419009726,-0.326385133,0.275908882,CI.DPP,705,-0.143100844,2.213140011,484.9679871,5.799489975,-0.14310084364067333,705,696.6760344236696,681.7500362698754,564.5492973453873,639.8279889610715
3057,RSN16259,18,16259, EML,3.64,33.223,-116.7186,8.687,38.69,805,32.891,-116.846,20.01,20.07,-0.003172855,-0.003332414,4.23e-05,1.78e-05,0.952119143,0.159057412,78.26337593,5.179664862,6.155594857,0.383972435,2336.429448,178.2502809,78.78047281,350.4644172,CI,EML,10.210785,958,-0.174005501,-0.269563321,-0.176938728,0.095557821,CI.EML,952,-0.167722757,8.073479652,181.2330017,6.086840153,-0.1677227573728013,952,704.0482471585176,728.5472342813059,710.8090891931265,717.559921088669
3057,RSN17749,18,17749, EML,3.63,32.7081,-116.029,7.885,79.17,805,32.891,-116.846,27.28,27.38,0.000374191,0.000253674,1.19e-05,1.09e-05,1.475087241,0.162689469,84.89045267,5.179664862,6.12225391,0.488692191,2880.024428,34.32944954,21.31714286,432.0036642,CI,EML,10.210785,1125,-0.334696037,-0.269563321,-0.176938728,-0.065132716,CI.EML,1118,-0.328454376,8.073479652,181.2330017,6.086840153,-0.3284543762964809,1118,858.2211618722866,831.3180803314419,817.6685606903427,788.2237528825403
3057,RSN17842,18,17842, EML,3.14,33.0622,-115.8937,7.729,91.02,805,32.891,-116.846,28.15,28.22,0.000520227,0.000420615,4.34e-05,5.53e-05,1.236823546,0.16296414,85.67627896,5.179664862,6.11885537,0.453785606,2648.742941,9.407359855,9.691589862,397.3114412,CI,EML,10.210785,1055,-0.270453768,-0.269563321,-0.176938728,-0.000890447,CI.EML,1048,-0.263796587,8.073479652,181.2330017,6.086840153,-0.26379658746242374,1048,772.5500120298861,781.580917467364,759.0452806055263,743.0977693007563
3057,RSN15699,18,15699, EML,3.81,32.4923,-116.8468,13.18,44.21,805,32.891,-116.846,18.65,18.71,-0.01244177,-0.011878485,1.49e-05,2.33e-05,1.047420649,0.153337451,74.18491761,5.179664862,6.274698597,0.401425728,2563.643482,533.9815451,797.2137584,384.5465223,CI,EML,10.210785,1029,-0.245500458,-0.269563321,-0.176938728,0.024062863,CI.EML,1022,-0.238674493,8.073479652,181.2330017,6.086840153,-0.23867449334508617,1022,620.1585648354021,750.594400717094,708.050300155663,746.2674336176503
3057,RSN15900,18,15900, EML,3.96,32.6554,-116.1347,12.336,71.58,805,32.891,-116.846,22.1,22.14,0.001994341,0.001705951,0.000546799,0.000522423,1.169049307,0.157708393,80.80121718,5.179664862,6.25927157,0.436332313,2655.262849,3.817483151,3.119886832,398.2894274,CI,EML,10.210785,1057,-0.272347708,-0.269563321,-0.176938728,-0.002784387,CI.EML,1050,-0.265703166,8.073479652,181.2330017,6.086840153,-0.26570316573300534,1050,617.7734169469883,759.9253929252653,698.175579681693,725.8563925261382
3057,RSN16713,18,16713, EML,3.73,33.5058,-116.7636,16.276,68.62,805,32.891,-116.846,25.61,25.69,-0.000986064,-0.000857696,5.23e-05,2.99e-05,1.149665994,0.153419446,77.15611715,5.179664862,6.3549922,0.41887902,2697.006404,32.9787291,16.39954111,404.5509606,CI,EML,10.210785,1070,-0.28457165,-0.269563321,-0.176938728,-0.015008329,CI.EML,1063,-0.278008101,8.073479652,181.2330017,6.086840153,-0.2780081009233841,1063,616.846439607462,775.8941845816082,700.2354933114364,762.1598427890532
3057,RSN8209,18,8209, EML,4.92,33.5083,-116.5143,15.2,75.26,805,32.891,-116.846,24.1,24.15,-0.004387959,-0.003310823,0.001155954,0.000894352,1.325337775,0.155251543,79.1374487,5.179664862,6.325747735,0.453785606,2867.10797,4.906299757,2.864147708,430.0661955,CI,EML,10.210785,1122,-0.332025809,-0.269563321,-0.176938728,-0.062462487,CI.EML,1115,-0.325767406,8.073479652,181.2330017,6.086840153,-0.3257674064756557,1115,694.221228745188,811.6339611760831,715.0849249772551,771.0574282316161
3057,RSN11377,18,11377, EML,4.73,33.7328,-117.4921,10.018,111.07,805,32.891,-116.846,30.35,30.57,-0.005659209,-0.004480937,0.000120919,9.7e-05,1.262952197,0.160671095,85.27046558,5.179664862,6.202702587,0.453785606,2712.123426,58.34236082,37.05734417,406.8185139,CI,EML,10.210785,1075,-0.289233663,-0.269563321,-0.176938728,-0.019670342,CI.EML,1068,-0.282700742,8.073479652,181.2330017,6.086840153,-0.2827007421015768,1068,825.4650272321542,786.1258755495954,805.488076680323,749.4873201574472
3057,RSN13234,18,13234, EML,4.19,34.3571,-116.8418,9.486,162.61,805,32.891,-116.846,18.43,18.5,-0.000361012,-0.000232224,4.6e-05,4.42e-05,1.554582165,0.16144266,86.98284175,5.179664862,6.185563454,0.506145483,2971.354172,8.167692308,5.048347826,445.7031258,CI,EML,10.210785,1153,-0.359280243,-0.269563321,-0.176938728,-0.089716922,CI.EML,1145,-0.352317639,8.073479652,181.2330017,6.086840153,-0.3523176385697768,1145,1002.3611340120931,865.9005904908419,911.403789770634,825.1347375893608
3057,RSN14306,18,14306, EML,4.19,33.4453,-116.439,8.875,72.25,805,32.891,-116.846,17.39,17.45,-0.000717965,-0.000568465,1.32e-05,1.4e-05,1.262988859,0.161265342,83.6708799,5.179664862,6.16316588,0.453785606,2702.164772,51.28321429,43.0655303,405.3247158,CI,EML,10.210785,1072,-0.286439064,-0.269563321,-0.176938728,-0.016875743,CI.EML,1065,-0.279887801,8.073479652,181.2330017,6.086840153,-0.27988780072496144,1065,842.4665675080416,796.5798780363197,792.5518453472868,748.978161916018
3057,RSN18352,18,18352, EML,3.34,33.5022,-116.5193,11.15,74.32,805,32.891,-116.846,14.3,14.38,-0.000262722,-0.000261848,5.92e-05,3.15e-05,1.003338032,0.158896774,82.0842817,5.179664862,6.233428753,0.401425728,2417.582203,8.340380952,4.423108108,362.6373305,CI,EML,10.210785,984,-0.20078362,-0.269563321,-0.176938728,0.068779702,CI.EML,978,-0.194667393,8.073479652,181.2330017,6.086840153,-0.1946673926162541,978,580.5947358176693,721.4907586852022,656.6580333962626,708.21206055877
3057,RSN12844,18,12844, EML,4.02,33.7129,-116.0516,12.808,117.4,805,32.891,-116.846,22.9,22.97,-0.000189767,-0.000194778,4.43e-05,2.64e-05,0.974269518,0.158716235,84.18770497,5.179664862,6.268161535,0.383972435,2371.949963,7.188143939,4.396794582,355.7924945,CI,EML,10.210785,969,-0.185422334,-0.269563321,-0.176938728,0.084140987,CI.EML,963,-0.179211134,8.073479652,181.2330017,6.086840153,-0.17921113437956215,963,702.7712044193114,720.3460685743668,720.5851940491268,711.1029365490477
3076,RSN8824,24,8824, OLP,5.39,33.9465,-117.7667,14.89,167.67,489,32.608,-116.93,23.2,23.47,-0.027611841,-0.017841234,0.004725599,0.005757088,1.547641887,0.157763257,85.21693495,5.179664862,6.31653763,0.506145483,3035.61838,4.796147115,3.775443917,455.342757,CI,OLP,3.996666667,1172,-0.874104481,-0.368398253,-0.27577366,-0.505706227,CI.OLP,761,-0.442270868,6.639430046,149.1390076,3.718270063,-0.44227086838681373,761,533.2488320772948,410.5782396825221,604.9085946332139,478.03117333931056
3076,RSN15711,24,15711, OLP,3.81,32.4923,-116.8468,13.18,15.02,489,32.608,-116.93,13.62,13.64,0.000750021,0.005573737,0.001212168,0.000150141,0.134563314,0.120235748,48.97673098,5.179664862,6.274698597,0.06981317,555.9349307,4.995444282,4.598155536,83.39023961,CI,OLP,3.996666667,398,0.205910484,-0.368398253,-0.27577366,0.574308738,CI.OLP,398,0.205910484,6.639430046,149.1390076,3.718270063,0.20591048419043467,398,395.25295870360634,327.77307386177563,420.46124486639457,365.0458612943804
3076,RSN13543,24,13543, OLP,4.06,32.7797,-117.3507,7.174,43.81,489,32.608,-116.93,13.61,13.68,0.001131411,0.002184074,0.000204122,0.000186768,0.518027657,0.162047701,81.6374129,5.179664862,6.105409111,0.244346095,1462.31227,6.057841814,10.69984617,219.3468405,CI,OLP,3.996666667,757,-0.437000764,-0.368398253,-0.27577366,-0.06860251,CI.OLP,491,-0.004081638,6.639430046,149.1390076,3.718270063,-0.004081638319648029,491,480.8047302394329,346.956386424691,465.2063829102501,378.46107338716865
3082,RSN14517,27,14517, RXH,4.01,33.2617,-116.0659,5.761,42.2,309,33.183,-115.623,20.3,20.43,0.000677085,0.00305885,0.000302922,0.000242409,0.221352841,0.163927241,83.21230329,5.179664862,6.057510055,0.104719755,662.8442834,2.793151244,10.09781396,99.42664251,CI,RXH,4.186403333,437,-0.346591918,-0.407405332,-0.314780739,0.060813414,CI.RXH,437,-0.346591918,0.0,-70.9733963,0.0122753,-0.3465919181978441,437,414.0552915096852,496.1786174376318,387.92724337258255,437.8637365152528
3082,RSN9085,27,9085, RXH,5.2,33.5328,-116.5697,15.48,96.28,309,33.183,-115.623,12.58,12.78,-0.012905,-0.043378445,0.000213116,0.000286978,0.297497988,0.156081717,81.33361914,5.179664862,6.333749326,0.13962634,922.4833249,44.96860387,203.5438212,138.3724987,CI,RXH,4.186403333,559,-0.592808196,-0.407405332,-0.314780739,-0.185402864,CI.RXH,559,-0.592808196,0.0,-70.9733963,0.0122753,-0.5928081962573533,559,527.2034042654669,620.3416350214162,486.7987125698101,530.4658622733789
3082,RSN16777,27,16777, RXH,3.72,33.1099,-116.0467,7.494,40.35,309,33.183,-115.623,13.45,13.54,0.00218657,0.011382116,0.001006174,0.000662202,0.192105745,0.161352573,80.54625451,5.179664862,6.113435346,0.087266463,586.8559378,3.301968282,11.31227402,88.02839067,CI,RXH,4.186403333,410,-0.282815883,-0.407405332,-0.314780739,0.12458945,CI.RXH,410,-0.282815883,0.0,-70.9733963,0.0122753,-0.282815882800608,410,394.36021244344045,467.84671140379476,361.50846400015405,397.95376282122817
3089,RSN11229,31,11229, SNO,4.42,34.0665,-118.8938,12.827,192.62,503,34.035,-116.808,23.3,23.54,0.000268571,0.000508684,3.69e-05,3.82e-05,0.527972087,0.15922271,86.45668539,5.179664862,6.268505043,0.244346095,1510.934279,7.03065445,13.78547425,226.6401419,CI,SNO,-999.0,773,-0.429688878,-0.275087077,-0.182462483,-0.154601802,CI.SNO,773,-0.429688878,32.69390106,2231.169922,21.4654007,-0.4296888784876831,773,854.0059091446792,616.8358559948388,822.1983780186592,605.7217475515542
3089,RSN18231,31,18231, SNO,4.36,36.3932,-117.8644,8.798,278.75,503,34.035,-116.808,11.0,11.2,-5.71e-05,-0.000151359,1.98e-05,7.97e-06,0.377442226,0.162270558,88.38745662,5.179664862,6.160106881,0.174532925,1105.004631,7.164366374,7.644393939,165.7506947,CI,SNO,-999.0,634,-0.231458784,-0.275087077,-0.182462483,0.043628292,CI.SNO,634,-0.231458784,32.69390106,2231.169922,21.4654007,-0.23145878433748646,634,895.421352534035,550.104423551006,923.7330443906999,542.9595688538604
3089,RSN10534,31,10534, SNO,4.45,34.1081,-117.3062,14.795,46.7,503,34.035,-116.808,15.1,15.33,0.010901374,0.027917331,0.00010209,0.000103484,0.390487694,0.151431552,72.95678817,5.179664862,6.313637877,0.191986218,1223.306367,105.34357,273.458037,183.4959551,CI,SNO,-999.0,671,-0.288178967,-0.275087077,-0.182462483,-0.01309189,CI.SNO,671,-0.288178967,32.69390106,2231.169922,21.4654007,-0.2881789668719428,671,652.8778815204834,542.0682619994482,686.7728893507544,548.1494107767693
3089,RSN18144,31,18144, SNO,5.19,36.4034,-117.8499,9.418,279.36,503,34.035,-116.808,14.22,14.56,-0.000181704,-0.000558646,4.68e-05,2.86e-05,0.32525841,0.161653834,88.26558079,5.179664862,6.183223963,0.157079633,968.6272083,6.353286713,11.93688034,145.2940812,CI,SNO,-999.0,585,-0.151021677,-0.275087077,-0.182462483,0.1240654,CI.SNO,585,-0.151021677,32.69390106,2231.169922,21.4654007,-0.15102167713211756,585,619.0292045998643,490.1267024873815,694.8021791768626,502.9982584180387
100045,RSN19287,34,19287, BJOB,3.8,36.6652,-121.2928,7.59,5.58,486,36.6181,-121.3147,21.08,21.15,-0.053946388,-0.120436422,0.005970016,0.000694123,0.447924204,0.09883413,37.18851209,5.179664862,6.115695017,0.20943951,2114.337009,77.71877319,20.17355096,317.1505514,NC,BJOB,4.73946,887,-0.601636358,-0.212709852,-0.120085258,-0.388926507,NC.BJOB,622,-0.246731469,20.3302002,927.7979736,16.2276001,-0.24673146883868569,622,540.0410645292635,534.0234875592574,615.7641831466992,543.7087893496823
100045,RSN8669,34,8669, BJOB,5.45,37.4317,-121.7767,7.486,99.21,486,36.6181,-121.3147,12.36,12.59,-0.017057175,-0.022609105,0.005674942,0.002639234,0.754438335,0.163214804,86.17455607,5.179664862,6.113244097,0.331612558,1949.437687,6.462926364,3.984023978,292.4156531,NC,BJOB,4.73946,834,-0.540024778,-0.212709852,-0.120085258,-0.327314927,NC.BJOB,585,-0.185403223,20.3302002,927.7979736,16.2276001,-0.18540322333136317,585,534.9048074514409,474.4485493773789,517.0806421259655,473.9310662699431
100045,RSN19109,34,19109, BJOB,3.54,36.6863,-121.3159,5.804,7.57,486,36.6181,-121.3147,14.72,14.75,-0.014420573,-0.172526339,0.000863137,0.001248124,0.08358476,0.128827746,51.31690835,5.179664862,6.059369269,0.034906585,323.4754407,11.55379834,199.8829143,48.52131611,NC,BJOB,4.73946,282,0.544301553,-0.212709852,-0.120085258,0.757011405,NC.BJOB,282,0.544301553,20.3302002,927.7979736,16.2276001,0.5443015529623798,282,365.8854496784167,410.13311279207056,436.2237873004297,421.2260901661103
100045,RSN19053,34,19053, BJOB,3.36,36.661,-121.2879,7.341,5.33,486,36.6181,-121.3147,14.62,14.67,-0.006424538,-0.0545002,0.0006081,0.000256332,0.117881004,0.101344226,38.25645618,5.179664862,6.109696246,0.052359878,578.3833788,25.06334753,89.62374609,86.75750682,NC,BJOB,4.73946,407,0.177395438,-0.212709852,-0.120085258,0.39010529,NC.BJOB,407,0.177395438,20.3302002,927.7979736,16.2276001,0.17739543845789907,407,428.61887873813106,445.4025466467684,535.3401935569537,486.4462199381354
100045,RSN14133,34,14133, BJOB,3.8,36.6815,-121.3092,5.568,7.05,486,36.6181,-121.3147,20.2,20.26,-0.143794882,-0.21177662,0.010396753,0.010885442,0.678993184,0.131539725,52.71677269,5.179664862,6.048749462,0.296705973,2233.122959,13.20983402,20.36949613,334.9684439,NC,BJOB,4.73946,925,-0.643585114,-0.212709852,-0.120085258,-0.430875262,NC.BJOB,649,-0.289224093,20.3302002,927.7979736,16.2276001,-0.28922409280359673,649,531.3148552104476,538.4826233012938,536.0674332509817,544.6956753573336
100048,RSN11612,36,11612, CAL,4.25,36.8049,-121.5134,3.694,76.04,519,37.4504,-121.8004,24.87,25.02,-0.006920671,-0.013914175,0.001386547,0.000865251,0.497382796,0.168294698,87.91504469,5.179664862,5.93802414,0.226892803,1358.124839,7.998454784,10.03512683,203.7187259,NC,CAL,-999.0,721,-0.328735254,-0.333014096,-0.240389503,0.004278842,NC.CAL,721,-0.328735254,19.79490089,267.375,9.751830101,-0.3287352541190609,721,679.7919739683753,663.8450047824873,724.4295771150549,668.608511021002
100048,RSN12487,36,12487, CAL,4.18,37.3931,-121.486,8.483,28.55,519,37.4504,-121.8004,21.81,21.86,0.006485142,0.016463819,0.002454261,0.000902911,0.393902628,0.156772186,74.50938538,5.179664862,6.146971844,0.191986218,1190.624789,7.182481994,6.708259228,178.5937184,NC,CAL,-999.0,658,-0.237301048,-0.333014096,-0.240389503,0.095713048,NC.CAL,658,-0.237301048,19.79490089,267.375,9.751830101,-0.23730104815942887,658,653.6290987654226,640.6445702899259,665.6901298407006,633.8479571099842
100048,RSN13591,36,13591, CAL,3.9,37.7568,-121.9477,7.856,36.41,519,37.4504,-121.8004,23.75,23.89,-0.001467212,-0.00274615,0.000153216,0.000160053,0.534279741,0.160308427,78.91691044,5.179664862,6.121633552,0.244346095,1514.860875,9.167038419,17.9233892,227.2291313,NC,CAL,-999.0,775,-0.400959146,-0.333014096,-0.240389503,-0.06794505,NC.CAL,775,-0.400959146,19.79490089,267.375,9.751830101,-0.40095914618745887,775,740.623146352519,715.4698911195273,764.2732791218785,719.9062715330068
100048,RSN11019,36,11019, CAL,4.3,37.0995,-121.4909,3.361,47.65,519,37.4504,-121.8004,20.18,20.33,0.004848413,0.006226242,0.001026769,0.000479467,0.77870624,0.168184802,87.06181012,5.179664862,5.93802414,0.331612558,1931.61471,10.11208905,6.063917006,289.7422065,NC,CAL,-999.0,828,-0.467109271,-0.333014096,-0.240389503,-0.134095175,NC.CAL,828,-0.467109271,19.79490089,267.375,9.751830101,-0.4671092712193712,828,757.8135627658394,741.2812636232861,787.8650460750092,737.7144764815115
100048,RSN12511,36,12511, CAL,4.1,37.862,-121.9995,13.322,48.94,519,37.4504,-121.8004,19.1,19.21,0.000921641,0.001704056,0.000466657,0.000264973,0.540851106,0.154101464,75.30937487,5.179664862,6.277093244,0.244346095,1591.114422,3.478244953,3.651624212,238.6671633,NC,CAL,-999.0,725,-0.334267772,-0.333014096,-0.240389503,-0.001253676,NC.CAL,725,-0.334267772,19.79490089,267.375,9.751830101,-0.3342677716887863,725,692.1775046294747,730.7021198305174,717.5592454057819,743.6084382947528
100048,RSN11661,36,11661, CAL,4.3,37.2793,-121.6191,3.442,24.87,519,37.4504,-121.8004,19.24,19.34,0.035821083,0.082476522,0.002680811,0.001285191,0.434318543,0.167464924,83.93938839,5.179664862,5.93802414,0.20943951,1215.800924,27.87218631,30.76551163,182.3701386,NC,CAL,-999.0,668,-0.25238429,-0.333014096,-0.240389503,0.080629805,NC.CAL,668,-0.25238429,19.79490089,267.375,9.751830101,-0.25238429037075694,668,636.945092691149,626.6091555893594,667.8404730548506,628.0616438574459
100048,RSN14049,36,14049, CAL,3.7,37.8077,-122.0707,11.554,46.28,519,37.4504,-121.8004,35.5,35.64,-0.001039076,-0.001452737,0.000419682,0.0001753,0.715254263,0.155951303,76.80079014,5.179664862,6.242859346,0.314159265,1960.44372,5.927415859,3.461518483,294.066558,NC,CAL,-999.0,837,-0.477920187,-0.333014096,-0.240389503,-0.144906091,NC.CAL,837,-0.477920187,19.79490089,267.375,9.751830101,-0.477920187323587,837,726.3328427666409,767.6160460670748,751.057455216113,755.536745756059
100048,RSN12282,36,12282, CAL,4.23,37.901,-122.1038,14.378,56.72,519,37.4504,-121.8004,17.95,18.09,0.003740867,0.007866474,0.000388482,0.00041849,0.475545614,0.154222034,76.32906502,5.179664862,6.300455998,0.226892803,1428.678262,8.938963894,20.24926251,214.3017393,NC,CAL,-999.0,745,-0.361480335,-0.333014096,-0.240389503,-0.028466239,NC.CAL,745,-0.361480335,19.79490089,267.375,9.751830101,-0.3614803352136713,745,711.2720564813224,797.6937849257309,737.3539832100794,806.1346832299446
100048,RSN12444,36,12444, CAL,4.0,37.7338,-121.9354,14.029,33.64,519,37.4504,-121.8004,19.2,19.26,-0.000527217,-0.001573308,0.000699918,0.000246948,0.335100945,0.147273013,67.84599702,5.179664862,6.288820984,0.157079633,1092.256358,2.134931241,2.247846176,163.8384537,NC,CAL,-999.0,631,-0.195401979,-0.333014096,-0.240389503,0.137612116,NC.CAL,631,-0.195401979,19.79490089,267.375,9.751830101,-0.19540197937532433,631,608.6445578310847,696.1916361222668,645.5444878121915,682.1016191267827
100048,RSN13003,36,13003, CAL,4.0,37.844,-122.2222,10.021,57.39,519,37.4504,-121.8004,26.5,26.59,0.000464363,0.001276256,0.000331864,0.000134048,0.363848046,0.159165747,80.84887982,5.179664862,6.202793758,0.174532925,1090.665008,3.464154631,3.845719933,163.5997512,NC,CAL,-999.0,630,-0.193815936,-0.333014096,-0.240389503,0.13919816,NC.CAL,630,-0.193815936,19.79490089,267.375,9.751830101,-0.19381593621969007,630,604.885325627585,608.8974493523535,645.6357875518938,599.529188057588
100048,RSN8671,36,8671, CAL,5.45,37.4317,-121.7767,7.486,2.95,519,37.4504,-121.8004,19.16,19.25,-0.060643028,-0.345162572,0.040534189,0.004487005,0.175694103,0.048201178,17.13748452,5.179664862,6.113244097,0.087266463,1801.869543,13.5152575,8.51534422,270.2804315,NC,CAL,-999.0,785,-0.413779835,-0.333014096,-0.240389503,-0.080765739,NC.CAL,785,-0.413779835,19.79490089,267.375,9.751830101,-0.4137798346165198,785,701.3361134351287,793.1423174620281,754.2494712376142,800.6499242817321
100064,RSN14136,42,14136, JLAB,3.8,36.6815,-121.3092,5.568,64.74,477,37.1543,-121.7347,21.1,21.24,0.00066543,0.00086911,0.000265649,0.000184162,0.765644475,0.164890549,85.85285882,5.179664862,6.048749462,0.331612558,1948.509661,3.613286129,3.271647926,292.2764492,NC,JLAB,6.71517,833,-0.557517151,-0.428268892,-0.335644299,-0.129248259,NC.JLAB,684,-0.360441427,19.61330032,280.8819885,4.276450157,-0.36044142673420865,684,603.2680704582434,619.6403732668063,588.7218428648209,587.851703150786
100064,RSN11679,42,11679, JLAB,4.3,37.2793,-121.6191,3.442,17.25,477,37.1543,-121.7347,20.73,20.84,-0.074021614,-0.166943197,0.003671779,0.000768037,0.443394009,0.166217885,80.75336803,5.179664862,5.93802414,0.20943951,1246.500156,96.3776667,45.46657002,186.9750234,NC,JLAB,6.71517,680,-0.354576307,-0.428268892,-0.335644299,0.073692585,NC.JLAB,559,-0.158632982,19.61330032,280.8819885,4.276450157,-0.1586329822667576,559,533.0124353508266,509.44080196801565,499.04717384047774,505.01107190603295
100064,RSN19195,42,19195, JLAB,3.8,36.6888,-121.3205,4.454,63.49,477,37.1543,-121.7347,21.22,21.37,0.001475921,0.001968262,0.000191469,7.22e-05,0.749860033,0.166966826,86.81136659,5.179664862,5.979941298,0.314159265,1890.565857,20.44211911,10.27979464,283.5848786,NC,JLAB,6.71517,814,-0.534443875,-0.428268892,-0.335644299,-0.106174983,NC.JLAB,669,-0.338267569,19.61330032,280.8819885,4.276450157,-0.3382675692398873,669,625.4852426479705,607.1964603207351,577.2906499515666,574.960218432567
100064,RSN15858,42,15858, JLAB,3.6,37.3892,-121.5177,5.014,32.4,477,37.1543,-121.7347,33.16,33.33,-0.001486029,-0.004066502,0.000146131,0.000223307,0.365431809,0.164762006,82.62217034,5.179664862,6.019111729,0.174532925,1057.681689,6.654645846,27.82778466,158.6522534,NC,JLAB,6.71517,621,-0.263814591,-0.428268892,-0.335644299,0.164454301,NC.JLAB,510,-0.066894235,19.61330032,280.8819885,4.276450157,-0.06689423483002965,510,492.748052074672,495.7783243015006,464.7480075055263,468.87734538532715
100064,RSN18984,42,18984, JLAB,4.51,35.7277,-121.0758,5.558,168.97,477,37.1543,-121.7347,24.97,25.08,0.000344669,0.000683908,0.000283755,0.000120328,0.503969342,0.165274821,88.43659075,5.179664862,6.048276052,0.226892803,1397.736606,2.864412273,2.410205988,209.6604909,NC,JLAB,6.71517,734,-0.430992538,-0.428268892,-0.335644299,-0.002723645,NC.JLAB,603,-0.234400706,19.61330032,280.8819885,4.276450157,-0.2344007058388442,603,704.7911601447883,612.2241515403048,598.8280908417863,597.7829129625593
100070,RSN10276,43,10276, SBI,4.34,35.0174,-119.1492,9.557,170.83,854,33.4805,-119.0299,6.93,7.0,-0.000135845,-0.00024051,0.000111705,5.46e-05,0.564818698,0.161397174,87.10141036,5.179664862,6.187968323,0.261799388,1576.844379,2.488003663,2.153081778,236.5266569,CI,SBI,-999.0,738,0.145987369,0.157690748,0.250315341,-0.011703378,CI.SBI,738,0.145987369,22.78569984,50.11539841,14.87709999,0.14598736918809774,738,835.4396760881513,705.3253485312096,876.9296624774687,705.9150818627198
100070,RSN9268,43,9268, SBI,5.03,35.3852,-118.6292,7.3,214.47,854,33.4805,-119.0299,24.3,24.7,0.003978902,0.00595647,0.00131234,0.001195113,0.667996658,0.163630352,88.30583002,5.179664862,6.108664217,0.296705973,1774.521955,3.329310283,4.53881616,266.1782933,CI,SBI,-999.0,775,0.097068164,0.157690748,0.250315341,-0.060622583,CI.SBI,775,0.097068164,22.78569984,50.11539841,14.87709999,0.09706816443522293,775,813.5333198369174,742.0205603777836,768.5477533714511,720.7878899560425
100070,RSN11450,43,11450, SBI,4.73,33.7328,-117.4921,10.018,145.44,854,33.4805,-119.0299,17.4,17.56,0.000860096,0.002236932,0.00055523,0.000149929,0.384498069,0.16090483,86.41653158,5.179664862,6.202702587,0.191986218,1135.849655,5.736688699,4.028838499,170.3774483,CI,SBI,-999.0,642,0.28534289,0.157690748,0.250315341,0.127652143,CI.SBI,642,0.28534289,22.78569984,50.11539841,14.87709999,0.285342890098609,642,707.0723126507924,625.1346664222342,762.1562761067714,632.5328233136498
100070,RSN10795,43,10795, SBI,4.66,34.2983,-118.6255,8.038,98.12,854,33.4805,-119.0299,12.88,12.94,0.001686696,0.002986638,0.000858089,0.000620034,0.564747414,0.162787801,85.80700449,5.179664862,6.126524324,0.261799388,1563.222011,2.72032824,3.480569032,234.4833017,CI,SBI,-999.0,752,0.12719487,0.157690748,0.250315341,-0.030495878,CI.SBI,752,0.12719487,22.78569984,50.11539841,14.87709999,0.12719486983873018,752,776.5301139318166,692.3095094252217,860.3686485468517,699.0378667787774
100070,RSN11968,43,11968, SBI,4.27,34.3874,-119.4398,6.219,107.5,854,33.4805,-119.0299,16.56,16.81,-0.001377506,-0.002506384,8.52e-05,0.000131,0.549598844,0.164388584,87.18126987,5.179664862,6.075787581,0.244346095,1510.399704,10.51531298,29.41765258,226.5599556,CI,SBI,-999.0,773,0.099652145,0.157690748,0.250315341,-0.058038602,CI.SBI,773,0.099652145,22.78569984,50.11539841,14.87709999,0.09965214520114785,773,814.6658263969213,714.7292234240816,895.9392896852343,722.089722528588
100070,RSN9971,43,9971, SBI,4.59,34.9977,-119.1926,10.662,168.96,854,33.4805,-119.0299,7.5,7.66,0.001394023,0.002897292,0.001093998,0.000439605,0.481146791,0.160476745,86.68877024,5.179664862,6.221029194,0.226892803,1386.264505,3.171080857,2.648352191,207.9396758,CI,SBI,-999.0,730,0.15688666,0.157690748,0.250315341,-0.000804088,CI.SBI,730,0.15688666,22.78569984,50.11539841,14.87709999,0.15688665964613335,730,814.8688817545219,695.2735825314029,881.0210882482261,698.2167539727762
100070,RSN8847,43,8847, SBI,5.39,33.9465,-117.7667,14.89,127.99,854,33.4805,-119.0299,27.06,27.56,0.031140635,0.063656462,0.000797034,0.000223158,0.489198337,0.157361305,83.7092231,5.179664862,6.31653763,0.226892803,1433.023155,139.5452325,79.86668323,214.9534733,CI,SBI,-999.0,747,0.133866009,0.157690748,0.250315341,-0.023824739,CI.SBI,747,0.133866009,22.78569984,50.11539841,14.87709999,0.13386600865575282,747,770.3851512104113,687.0425192338879,845.168254692273,699.0935068468791
100070,RSN16183,43,16183, SBI,3.64,33.8455,-118.7007,12.777,50.71,854,33.4805,-119.0299,18.8,18.95,-0.00161057,-0.002752061,0.000168524,8.65e-05,0.585223179,0.155132888,76.48547269,5.179664862,6.267598776,0.261799388,1685.667345,18.61930636,16.33038024,252.8501018,CI,SBI,-999.0,745,0.136546975,0.157690748,0.250315341,-0.021143772,CI.SBI,745,0.136546975,22.78569984,50.11539841,14.87709999,0.1365469754090105,745,684.1419701882835,680.0695194462661,773.6170017703905,693.8195940843418
100070,RSN13448,43,13448, SBI,3.9,34.4032,-118.651,13.612,108.17,854,33.4805,-119.0299,15.79,15.98,-0.000288735,-0.000599261,1.79e-05,1.44e-05,0.481818676,0.158095064,83.27761185,5.179664862,6.281821568,0.226892803,1408.758843,20.05104167,33.47826816,211.3138265,CI,SBI,-999.0,738,0.145987369,0.157690748,0.250315341,-0.011703378,CI.SBI,738,0.145987369,22.78569984,50.11539841,14.87709999,0.14598736918809774,738,725.3850955902399,675.8818475270228,808.4672234477097,685.4545604882483
100070,RSN10519,43,10519, SBI,4.45,34.1081,-117.3062,14.795,174.15,854,33.4805,-119.0299,14.33,14.45,0.000137639,0.000420358,0.000175207,5.77e-05,0.327433827,0.157886131,85.4408878,5.179664862,6.313637877,0.157079633,997.7494282,2.38542461,2.399207794,149.6624142,CI,SBI,-999.0,601,0.351336259,0.157690748,0.250315341,0.193645512,CI.SBI,601,0.351336259,22.78569984,50.11539841,14.87709999,0.35133625925336265,601,626.5397334760282,576.2050685645285,696.8486262741583,615.866090948987
100070,RSN11220,43,11220, SBI,4.42,34.0665,-118.8938,12.827,66.21,854,33.4805,-119.0299,22.24,22.38,-0.00419703,-0.006873548,0.000163956,0.000114048,0.610606043,0.156950725,79.68762945,5.179664862,6.268505043,0.27925268,1726.447424,36.80055766,41.92312572,258.9671136,CI,SBI,-999.0,759,0.117929416,0.157690748,0.250315341,-0.039761331,CI.SBI,759,0.117929416,22.78569984,50.11539841,14.87709999,0.11792941639293986,759,718.5623748067177,691.6164642629545,742.2379405944862,694.8353390598542
100070,RSN9089,43,9089, SBI,5.2,33.5328,-116.5697,15.48,228.66,854,33.4805,-119.0299,16.35,17.07,0.001162574,0.001818397,0.000153043,5.52e-05,0.639339983,0.157564129,86.35013057,5.179664862,6.333749326,0.27925268,1778.941929,21.06112319,11.88160844,266.8412894,CI,SBI,-999.0,777,0.094490843,0.157690748,0.250315341,-0.063199904,CI.SBI,777,0.094490843,22.78569984,50.11539841,14.87709999,0.09449084342092284,777,860.2771470366748,740.2039056711488,788.6112205393383,729.0787007322465
100111,RSN17426,59,17426, GSC,3.73,35.2675,-117.3498,7.92,49.64,679,35.3018,-116.8057,22.11,22.19,0.000356791,0.000722486,2.57e-05,1.15e-05,0.493838086,0.161647541,81.79638158,5.179664862,6.122995859,0.226892803,1405.786787,31.02530435,28.11229572,210.8680181,CI,GSC,-999.0,737,-0.081966765,-0.035106954,0.05751764,-0.046859811,CI.GSC,737,-0.081966765,38.9856987,1000.460022,7.605160236,-0.08196676463064012,737,695.6931887771246,598.7017932653317,605.9968166172271,613.3941638687044
100111,RSN12403,59,12403, GSC,4.27,36.1466,-118.0613,4.057,147.28,679,35.3018,-116.8057,20.73,20.84,0.000132309,0.000334305,1.48e-05,7.4e-06,0.395772896,0.168201354,88.79222583,5.179664862,5.943934512,0.191986218,1114.301118,17.87959459,22.58817568,167.1451677,CI,GSC,-999.0,636,0.065422564,-0.035106954,0.05751764,0.100529518,CI.GSC,636,0.065422564,38.9856987,1000.460022,7.605160236,0.06542256421857395,636,678.0672062063863,529.686037468087,564.6655429354181,548.2479190134836
100111,RSN14728,59,14728, GSC,3.84,34.2268,-117.4407,8.593,132.67,679,35.3018,-116.8057,21.7,21.84,-0.000485584,-0.000874491,1.87e-05,1.48e-05,0.555275911,0.162284948,86.68274318,5.179664862,6.151676073,0.261799388,1547.690092,32.80972973,46.7642246,232.1535138,CI,GSC,-999.0,767,-0.121865674,-0.035106954,0.05751764,-0.08675872,CI.GSC,767,-0.121865674,38.9856987,1000.460022,7.605160236,-0.12186567380855973,767,816.9708499455924,626.1495752479598,657.045866385084,639.6088074929639
100111,RSN15526,59,15526, GSC,3.68,34.7251,-116.0506,2.727,94.04,679,35.3018,-116.8057,22.36,22.52,0.00017141,0.000333339,1.8e-05,9.33e-06,0.51422162,0.168376523,88.92458488,5.179664862,5.93802414,0.244346095,1399.078683,18.37191854,18.51883333,209.8618025,CI,GSC,-999.0,734,-0.077887901,-0.035106954,0.05751764,-0.042780947,CI.GSC,734,-0.077887901,38.9856987,1000.460022,7.605160236,-0.07788790105581889,734,754.1363725042953,610.1588188688578,611.9876949126862,614.7686550047907
100111,RSN16880,59,16880, GSC,3.6,34.2088,-117.5824,7.536,140.57,679,35.3018,-116.8057,14.02,14.11,-0.000147057,-0.000280919,1.2e-05,9.49e-06,0.523484458,0.163366986,87.30784474,5.179664862,6.114431914,0.244346095,1462.660926,15.49599579,23.40991667,219.3991389,CI,GSC,-999.0,757,-0.108742126,-0.035106954,0.05751764,-0.073635172,CI.GSC,757,-0.108742126,38.9856987,1000.460022,7.605160236,-0.1087421258787522,757,812.6186792506804,624.4213010970561,659.3752318517604,636.9226382937034
100111,RSN15164,59,15164, GSC,3.9,33.867,-117.1038,11.856,161.5,679,35.3018,-116.8057,26.01,26.16,-0.000274417,-0.00067043,1.9e-05,9.84e-06,0.409314631,0.15964658,86.11843049,5.179664862,6.24946745,0.191986218,1208.682401,27.8879065,35.28578947,181.3023602,CI,GSC,-999.0,665,0.020834087,-0.035106954,0.05751764,0.055941041,CI.GSC,665,0.020834087,38.9856987,1000.460022,7.605160236,0.020834086902842053,665,705.7839046590803,567.2433538865375,599.6557126598054,577.1260920729278
100111,RSN8798,59,8798, GSC,5.39,33.9465,-117.7667,14.89,174.27,679,35.3018,-116.8057,25.11,25.37,-0.012073135,-0.020617921,0.001107724,0.000733796,0.585565108,0.15780676,85.40962495,5.179664862,6.31653763,0.261799388,1657.840545,16.45298557,18.61286837,248.6760818,CI,GSC,-999.0,736,-0.080608991,-0.035106954,0.05751764,-0.045502037,CI.GSC,736,-0.080608991,38.9856987,1000.460022,7.605160236,-0.08060899117018039,736,798.495644326082,623.6673262528514,661.5640301062365,628.7816872630914
100111,RSN16012,59,16012, GSC,3.73,35.6346,-117.5657,2.693,78.24,679,35.3018,-116.8057,32.26,32.33,0.000111411,0.000268476,6.32e-05,1.94e-05,0.414975271,0.168364417,88.72387218,5.179664862,5.93802414,0.191986218,1159.712849,5.742835052,4.248037975,173.9569274,CI,GSC,-999.0,647,0.048274833,-0.035106954,0.05751764,0.083381787,CI.GSC,647,0.048274833,38.9856987,1000.460022,7.605160236,0.04827483305779534,647,628.150438879953,536.9593745652044,534.096468177416,547.2261326324601
100111,RSN10069,59,10069, GSC,4.18,34.3617,-118.6637,11.151,199.41,679,35.3018,-116.8057,6.58,6.74,7e-05,0.000193462,1.68e-05,1.14e-05,0.361995096,0.160214315,87.06514799,5.179664862,6.233452986,0.174532925,1078.632087,6.140350877,11.51559524,161.7948131,CI,GSC,-999.0,627,0.079674587,-0.035106954,0.05751764,0.114781541,CI.GSC,627,0.079674587,38.9856987,1000.460022,7.605160236,0.07967458692577534,627,724.5633121575929,566.1545251309263,581.5154815510301,552.3875129209763
100111,RSN13997,59,13997, GSC,4.15,33.638,-116.7082,12.649,184.78,679,35.3018,-116.8057,14.92,15.06,-7.52e-05,-0.000184399,1.45e-05,1.44e-05,0.407887925,0.159288294,86.35770917,5.179664862,6.265244507,0.191986218,1207.761407,5.222222222,12.71717241,181.1642111,CI,GSC,-999.0,665,0.020834087,-0.035106954,0.05751764,0.055941041,CI.GSC,665,0.020834087,38.9856987,1000.460022,7.605160236,0.020834086902842053,665,735.4837570929154,570.348399378624,602.4139962701072,581.033213794574
100111,RSN18014,59,18014, GSC,5.0,36.3864,-117.8583,7.408,153.38,679,35.3018,-116.8057,13.1,13.31,0.001196209,0.001736223,0.000234607,0.000139816,0.688971737,0.163484617,87.58596003,5.179664862,6.11135504,0.296705973,1815.295248,8.555594496,7.400559233,272.2942872,CI,GSC,-999.0,789,-0.150145193,-0.035106954,0.05751764,-0.115038239,CI.GSC,789,-0.150145193,38.9856987,1000.460022,7.605160236,-0.15014519328717757,789,810.0279782801219,649.7401086190617,684.6277664248217,663.2444591629285
100112,RSN15361,60,15361, JVA,3.87,33.928,-116.7858,18.501,51.16,388,34.3662,-116.6127,23.61,23.74,-0.007141126,-0.021101376,2.81e-05,3.01e-05,0.338419935,0.14736939,70.70893293,5.179664862,6.40467109,0.157079633,1101.275437,237.246711,750.9386477,165.1913156,CI,JVA,1.53,633,-0.489465083,-0.254189139,-0.161564546,-0.235275943,CI.JVA,266,0.377509031,2.530819893,902.1489868,2.540930033,0.3775090308415745,266,267.8940393734362,249.53440335118302,277.2651982646467,254.50609035189115
100112,RSN14731,60,14731, JVA,3.84,34.2268,-117.4407,8.593,77.78,388,34.3662,-116.6127,21.04,21.14,0.001574468,0.006907143,0.000167162,0.000320287,0.227947775,0.161752057,84.2946319,5.179664862,6.151676073,0.104719755,690.8097542,4.915803639,41.3200548,103.6214631,CI,JVA,1.53,450,-0.148242243,-0.254189139,-0.161564546,0.105946896,CI.JVA,450,-0.148242243,2.530819893,902.1489868,2.540930033,-0.1482422431410919,450,418.6548113409497,402.52862000982054,452.96697736429434,428.9927284113224
100112,RSN13190,60,13190, JVA,4.11,33.7104,-116.0457,12.559,89.63,388,34.3662,-116.6127,17.51,17.57,-0.000131102,-0.000545663,5.4e-05,1.18e-05,0.240261422,0.158293924,82.51690921,5.179664862,6.263559029,0.122173048,743.430755,11.11033898,10.10487037,111.5146133,CI,JVA,1.53,474,-0.200201982,-0.254189139,-0.161564546,0.053987157,CI.JVA,474,-0.200201982,2.530819893,902.1489868,2.540930033,-0.20020198207180329,474,462.67547815759826,416.93510399915135,492.21096064028166,448.2291788059976
100112,RSN13534,60,13534, JVA,4.06,32.7797,-117.3507,7.174,188.83,388,34.3662,-116.6127,9.89,10.04,-0.000270949,-0.000570652,5.28e-05,5.9e-05,0.474806421,0.163699991,88.10900699,5.179664862,6.105409111,0.226892803,1344.237645,4.592355932,10.80780303,201.6356468,CI,JVA,1.53,716,-0.612674827,-0.254189139,-0.161564546,-0.358485688,CI.JVA,301,0.253895075,2.530819893,902.1489868,2.540930033,0.2538950748743982,301,351.58033477035934,270.0888537006946,338.80086037839646,289.726320440371
100112,RSN17502,60,17502, JVA,3.62,33.9521,-116.3635,9.067,51.36,388,34.3662,-116.6127,18.25,18.31,0.001260556,0.004729685,0.000196948,0.00014649,0.266520157,0.15999111,80.83487884,5.179664862,6.170551665,0.122173048,810.9256432,8.605065192,24.01489226,121.6388465,CI,JVA,1.53,503,-0.25958483,-0.254189139,-0.161564546,-0.005395691,CI.JVA,503,-0.25958483,2.530819893,902.1489868,2.540930033,-0.25958483047646563,503,467.46487963252474,443.06679389785006,516.4917704157675,476.41963430007905
100112,RSN15628,60,15628, JVA,3.87,33.7513,-116.0218,8.756,87.34,388,34.3662,-116.6127,22.03,22.13,0.00198151,0.007009305,0.000112102,3.36e-05,0.282697036,0.161723111,84.84666159,5.179664862,6.158414042,0.13962634,849.3033392,58.9735119,62.52613691,127.3955009,CI,JVA,1.53,520,-0.292823472,-0.254189139,-0.161564546,-0.038634333,CI.JVA,520,-0.292823472,2.530819893,902.1489868,2.540930033,-0.2928234719521994,520,508.08671545767123,456.733062407671,545.1156191642104,493.0060662388655
100112,RSN16267,60,16267, JVA,3.64,33.223,-116.7186,8.687,127.18,388,34.3662,-116.6127,28.45,28.5,-0.000319421,-0.000808135,0.000388378,0.000146215,0.395256214,0.162147524,86.48097032,5.179664862,6.155594857,0.191986218,1154.592673,2.184598023,2.080794999,173.188901,CI,JVA,1.53,646,-0.509794164,-0.254189139,-0.161564546,-0.255605025,CI.JVA,271,0.358886519,2.530819893,902.1489868,2.540930033,0.3588865187435726,271,291.29492362215893,239.89309249238224,291.0949369602949,258.098903678199
100112,RSN14450,60,14450, JVA,4.05,32.7091,-116.0396,7.817,191.35,388,34.3662,-116.6127,43.29,43.36,-4.6e-05,-0.000217008,1.32e-05,6.59e-06,0.212085028,0.163272516,87.94516917,5.179664862,6.120791156,0.104719755,638.8488857,6.980273141,16.44,95.82733286,CI,JVA,1.53,429,-0.100451579,-0.254189139,-0.161564546,0.15373756,CI.JVA,429,-0.100451579,2.530819893,902.1489868,2.540930033,-0.10045157930474335,429,457.03530711206156,398.10361439114035,460.0844203571828,427.97923502583444
100112,RSN11395,60,11395, JVA,4.73,33.7328,-117.4921,10.018,107.37,388,34.3662,-116.6127,23.43,23.5,-0.000779457,-0.003261008,0.000787306,0.000117558,0.239023511,0.160639753,85.13724392,5.179664862,6.202702587,0.122173048,729.0019207,6.630403716,4.141982914,109.3502881,CI,JVA,1.53,468,-0.187462956,-0.254189139,-0.161564546,0.066726183,CI.JVA,468,-0.187462956,2.530819893,902.1489868,2.540930033,-0.18746295629437348,468,466.73050660057066,412.35687921067574,483.7183828737647,444.18788907550606
100112,RSN19376,60,19376, JVA,3.43,34.1381,-117.4717,5.767,83.07,388,34.3662,-116.6127,30.7,30.74,0.001833362,0.00958036,0.00405185,0.000564275,0.191366754,0.164792074,86.63192218,5.179664862,6.057771424,0.087266463,572.4742774,3.24905764,2.364440934,85.87114161,CI,JVA,1.53,405,-0.042881727,-0.254189139,-0.161564546,0.211307412,CI.JVA,405,-0.042881727,2.530819893,902.1489868,2.540930033,-0.04288172748326513,405,397.0220726206691,375.89257929851436,415.30865657507013,402.1267311713259
100112,RSN9363,60,9363, JVA,4.88,34.0655,-117.0011,17.501,48.92,388,34.3662,-116.6127,15.39,15.45,0.00183255,0.012505998,0.003610091,0.000639645,0.146533697,0.148135075,71.02852468,5.179664862,6.383907006,0.06981317,490.5660212,2.864948526,3.46417805,73.58490318,CI,JVA,1.53,370,0.047502334,-0.254189139,-0.161564546,0.301691473,CI.JVA,370,0.047502334,2.530819893,902.1489868,2.540930033,0.04750233398500381,370,402.39167087289206,385.7493806420207,394.5473632150588,397.2341132943214
100114,RSN11196,61,11196, LDR,4.42,34.0665,-118.8938,12.827,114.36,378,34.9906,-118.3416,26.27,26.46,-0.001263289,-0.001899452,3.03e-05,4.39e-05,0.665080929,0.158661011,84.02496521,5.179664862,6.268505043,0.296705973,1824.408237,28.77651481,62.68818482,273.6612356,CI,LDR,-999.0,792,-0.739667196,-0.735366324,-0.642741731,-0.004300872,CI.LDR,792,-0.739667196,7.184519768,1117.209961,6.364550114,-0.739667196194838,792,808.9404238408536,810.7245832317512,658.2046977685932,747.8585306441405
100114,RSN17569,61,17569, LDR,3.4,34.0733,-118.867,10.648,112.61,378,34.9906,-118.3416,20.46,20.59,-0.000121918,-0.000215417,1.23e-05,1.27e-05,0.565961273,0.160150933,85.03239759,5.179664862,6.220655727,0.261799388,1591.590567,9.59984252,17.51357724,238.7385851,CI,LDR,-999.0,724,-0.649897197,-0.735366324,-0.642741731,0.085469128,CI.LDR,724,-0.649897197,7.184519768,1117.209961,6.364550114,-0.649897196766128,724,743.4640394193528,735.6983979317044,576.7886878073512,680.250575222033
100114,RSN9211,61,9211, LDR,5.03,35.3852,-118.6292,7.3,51.02,378,34.9906,-118.3416,15.05,15.26,-0.058446611,-0.073784971,0.000395975,9.45e-05,0.79212081,0.162365411,82.67359334,5.179664862,6.108664217,0.331612558,2023.121799,618.4826561,186.3374481,303.4682699,CI,LDR,-999.0,858,-0.819709904,-0.735366324,-0.642741731,-0.084343579,CI.LDR,858,-0.819709904,7.184519768,1117.209961,6.364550114,-0.8197099038683744,858,746.7185637878317,875.7848815433156,700.9898794612363,812.4621853647096
100114,RSN16017,61,16017, LDR,3.73,35.6346,-117.5657,2.693,100.42,378,34.9906,-118.3416,34.86,35.09,-0.000196621,-0.000307846,2.09e-05,1.21e-05,0.638697907,0.168381062,89.01028463,5.179664862,5.93802414,0.27925268,1663.443094,16.24966942,14.72947368,249.5164641,CI,LDR,-999.0,738,-0.669049629,-0.735366324,-0.642741731,0.066316695,CI.LDR,738,-0.669049629,7.184519768,1117.209961,6.364550114,-0.6690496289808845,738,742.3285025571442,770.4771487405915,611.7262074613888,699.5348948534256
100114,RSN18215,61,18215, LDR,4.36,36.3932,-117.8644,8.798,161.5,378,34.9906,-118.3416,12.16,12.33,-0.001559587,-0.00205685,9.78e-05,3.87e-05,0.758240674,0.162142388,87.20975481,5.179664862,6.160106881,0.331612558,1968.876022,40.29940568,21.03118609,295.3314033,CI,LDR,-999.0,840,-0.798507696,-0.735366324,-0.642741731,-0.063141372,CI.LDR,840,-0.798507696,7.184519768,1117.209961,6.364550114,-0.7985076962177713,840,865.1023573517414,892.7757174653442,749.4516352363495,819.2842727473588
100115,RSN10084,62,10084, LEV,4.18,34.3617,-118.6637,11.151,44.26,505,34.6146,-118.291,6.46,6.62,-0.002787935,-0.005374672,0.000200076,0.000208375,0.518717253,0.156133142,76.71737727,5.179664862,6.233452986,0.244346095,1519.318652,13.37941212,26.863152,227.8977978,,,-1.0,776,-0.429594091,-0.342913119,-0.250288525,-0.086680972,NA.NA,776,-0.429594091,2.213140011,967.0469971,3.833169937,-0.4295940909078588,776,742.0564333987994,813.3292262137034,683.7193627960589,774.7205626665352
100115,RSN8807,62,8807, LEV,5.39,33.9465,-117.7667,14.89,88.45,505,34.6146,-118.291,22.21,22.6,0.04247563,0.042084395,0.002425734,0.001053653,1.009296431,0.15633465,80.92898812,5.179664862,6.31653763,0.401425728,2465.117699,40.31273104,17.34913845,369.7676549,,,-1.0,999,-0.682196349,-0.342913119,-0.250288525,-0.339283231,NA.NA,999,-0.682196349,2.213140011,967.0469971,3.833169937,-0.6821963493731937,999,741.8203926042405,1055.0041883404788,761.1717086523179,993.7535254067595
100115,RSN9921,62,9921, LEV,4.59,34.9977,-119.1926,10.662,92.8,505,34.6146,-118.291,3.94,4.08,0.003128385,0.006010452,0.000281253,0.000115998,0.520490841,0.159846632,83.93928011,5.179664862,6.221029194,0.244346095,1488.066124,26.96930119,21.37026805,223.2099186,,,-1.0,766,-0.41662374,-0.342913119,-0.250288525,-0.073710622,NA.NA,766,-0.41662374,2.213140011,967.0469971,3.833169937,-0.4166237404652309,766,775.0961748208633,797.82463502511,686.0515164544424,764.4158195108952
100115,RSN10459,62,10459, LEV,4.45,34.1081,-117.3062,14.795,106.6,505,34.6146,-118.291,14.15,14.23,-0.002580233,-0.0061157,0.0022709,0.000248721,0.421903173,0.157037779,82.51529386,5.179664862,6.313637877,0.191986218,1261.115355,10.37400541,2.693073231,189.1673033,,,-1.0,686,-0.306319198,-0.342913119,-0.250288525,0.03659392,NA.NA,686,-0.306319198,2.213140011,967.0469971,3.833169937,-0.3063191984505247,686,709.7084364456423,727.1808714455468,615.316275933286,694.6286959652556
100115,RSN9212,62,9212, LEV,5.03,35.3852,-118.6292,7.3,90.89,505,34.6146,-118.291,9.5,9.72,-0.008501908,-0.014240742,0.000304725,0.000287644,0.597012982,0.163293312,85.95098517,5.179664862,6.108664217,0.261799388,1625.763439,29.55704969,46.73309377,243.8645159,,,-1.0,725,-0.361613226,-0.342913119,-0.250288525,-0.018700107,NA.NA,725,-0.361613226,2.213140011,967.0469971,3.833169937,-0.3616132255793145,725,721.1454034764156,754.434166988455,653.433067909156,723.2457641168687
100115,RSN10225,62,10225, LEV,4.34,35.0174,-119.1492,9.557,90.34,505,34.6146,-118.291,7.84,7.9,-0.000499439,-0.003114033,0.000601485,0.000247623,0.160383442,0.16086213,84.50811705,5.179664862,6.187968323,0.087266463,494.0938631,2.016932999,5.177241328,74.11407947,,,-1.0,371,0.308356367,-0.342913119,-0.250288525,0.651269485,NA.NA,371,0.308356367,2.213140011,967.0469971,3.833169937,0.3083563666679252,371,369.9559943128885,393.0633097277133,375.1794132631445,396.02489443913964
100115,RSN10735,62,10735, LEV,4.66,34.2983,-118.6255,8.038,46.65,505,34.6146,-118.291,20.04,20.15,0.002945436,0.004496194,0.000619738,0.000327186,0.655095357,0.161264261,81.1109515,5.179664862,6.126524324,0.296705973,1775.630838,9.002328951,7.254991625,266.3446257,,,-1.0,776,-0.429594091,-0.342913119,-0.250288525,-0.086680972,NA.NA,776,-0.429594091,2.213140011,967.0469971,3.833169937,-0.4295940909078588,776,718.3629078937867,808.1055344531685,681.029725468781,774.8734920431804
100115,RSN11729,62,11729, LEV,4.5,34.3365,-116.8617,8.94,134.88,505,34.6146,-118.291,16.15,16.26,0.003153062,0.005857322,0.001570835,0.000298575,0.538311221,0.161899226,86.58353995,5.179664862,6.165704274,0.244346095,1508.886287,10.56036842,3.728795195,226.3329431,,,-1.0,773,-0.425720619,-0.342913119,-0.250288525,-0.082807501,NA.NA,773,-0.425720619,2.213140011,967.0469971,3.833169937,-0.4257206193120622,773,851.6333485866146,813.0681698597033,717.7728108037348,776.1163551858516
100118,RSN16616,64,16616, LUG,3.69,33.735,-117.4936,9.693,70.92,365,34.3656,-117.3668,16.91,17.07,-0.002194666,-0.007397474,4.67e-05,5.92e-05,0.296677722,0.160219919,82.8193937,5.179664862,6.192470162,0.13962634,896.375952,37.07206081,158.4041542,134.4563928,CI,LUG,0.32,545,-0.400888441,-0.170436382,-0.077811789,-0.230452059,CI.LUG,545,-0.400888441,3.733690023,1137.849976,3.054860115,-0.4008884410807525,545,511.2567382322289,572.741656746484,559.8750414523607,584.7253226935085
100118,RSN16955,64,16955, LUG,3.63,34.1242,-116.405,9.555,92.56,365,34.3656,-117.3668,12.09,12.24,0.000476428,0.003206456,3.72e-05,4.2e-05,0.148584098,0.160896244,84.62935203,5.179664862,6.187901101,0.06981317,457.842839,11.34352381,86.19505376,68.67642585,CI,LUG,0.32,355,0.027779564,-0.170436382,-0.077811789,0.198215946,CI.LUG,355,0.027779564,3.733690023,1137.849976,3.054860115,0.027779564107075494,355,392.65238999664837,424.6238640600257,388.8918401558303,420.1282438480751
100118,RSN10092,64,10092, LUG,4.18,34.3617,-118.6637,11.151,119.3,365,34.3656,-117.3668,10.9,11.04,0.002539354,0.007876768,0.001910305,0.000526346,0.32238528,0.159834401,85.08321114,5.179664862,6.233452986,0.157079633,971.7992807,4.824495674,4.12330387,145.7698921,CI,LUG,0.32,586,-0.473422436,-0.170436382,-0.077811789,-0.302986054,CI.LUG,586,-0.473422436,3.733690023,1137.849976,3.054860115,-0.4734224359945207,586,583.8681031331996,620.1980463949002,606.1766956747435,628.8125542716601
100118,RSN12618,64,12618, LUG,4.11,33.5089,-116.8485,12.274,106.42,365,34.3656,-117.3668,14.4,14.55,-0.000345138,-0.001265736,0.000225477,7.49e-05,0.272678015,0.158880958,83.8715492,5.179664862,6.258050482,0.13962634,835.9791904,4.607983979,5.613592517,125.3968786,CI,LUG,0.32,513,-0.340378492,-0.170436382,-0.077811789,-0.169942109,CI.LUG,513,-0.340378492,3.733690023,1137.849976,3.054860115,-0.34037849158827793,513,500.53153396916895,539.7798765723837,530.613538342376,550.479249729286
100118,RSN19382,64,19382, LUG,3.43,34.1381,-117.4717,5.767,27.02,365,34.3656,-117.3668,22.06,22.17,-0.00476975,-0.017380498,0.000214609,2.78e-05,0.274431129,0.162155631,79.20443397,5.179664862,6.057771424,0.13962634,824.0009702,171.573741,80.98680857,123.6001455,CI,LUG,0.32,508,-0.330584094,-0.170436382,-0.077811789,-0.160147712,CI.LUG,508,-0.330584094,3.733690023,1137.849976,3.054860115,-0.33058409399599054,508,478.8463030771323,540.1929834475626,528.0788346642864,547.2190299537133
100118,RSN17466,64,17466, LUG,3.59,34.0938,-117.4347,3.015,30.79,365,34.3656,-117.3668,31.35,31.42,-0.001068728,-0.006081341,0.000183272,4.74e-05,0.175738938,0.168001132,86.02531936,5.179664862,5.93802414,0.087266463,517.1021093,22.54700422,33.18205181,77.5653164,CI,LUG,0.32,381,-0.042902022,-0.170436382,-0.077811789,0.127534361,CI.LUG,381,-0.042902022,3.733690023,1137.849976,3.054860115,-0.042902021544209745,381,373.64031728096705,425.35975003566415,399.35025703327915,430.1268532766215
100118,RSN15001,64,15001, LUG,3.74,34.1651,-117.4332,7.875,23.07,365,34.3656,-117.3668,21.67,21.74,-0.002515957,-0.017263309,0.000204029,0.00053141,0.145740139,0.155908797,72.64597536,5.179664862,6.12204057,0.06981317,463.634191,4.734493141,84.61203554,69.54512865,CI,LUG,0.32,358,0.019364367,-0.170436382,-0.077811789,0.18980075,CI.LUG,358,0.019364367,3.733690023,1137.849976,3.054860115,0.01936436718179113,358,382.29465685217997,430.5941696162342,390.7564493570923,423.9320334397409
100118,RSN14509,64,14509, LUG,4.01,33.2617,-116.0659,5.761,171.75,365,34.3656,-117.3668,42.6,42.8,-0.000251522,-0.000870649,0.00011483,0.000117453,0.288890023,0.16501963,88.39580046,5.179664862,6.057510055,0.13962634,849.2055436,2.141469354,7.582069146,127.3808315,CI,LUG,0.32,520,-0.353931458,-0.170436382,-0.077811789,-0.183495076,CI.LUG,520,-0.353931458,3.733690023,1137.849976,3.054860115,-0.35393145799298154,520,569.4216567646887,566.1791740535687,574.6658443544065,578.3926000131951
100118,RSN13731,64,13731, LUG,3.97,33.9535,-117.7457,11.873,57.54,365,34.3656,-117.3668,13.55,13.61,-0.000903953,-0.003351229,0.000225456,0.000240037,0.269737732,0.157071106,79.01212428,5.179664862,6.249828919,0.13962634,837.1059142,3.765890259,14.86422628,125.5658871,CI,LUG,0.32,514,-0.342325912,-0.170436382,-0.077811789,-0.17188953,CI.LUG,514,-0.342325912,3.733690023,1137.849976,3.054860115,-0.342325911872674,514,476.59584660283485,540.7437379977384,521.4135566206972,550.9416835280163
100118,RSN17091,64,17091, LUG,3.52,34.2098,-116.4371,4.645,87.33,365,34.3656,-117.3668,25.7,25.79,0.000304348,0.0023459,0.000128071,7.82e-05,0.129736252,0.166663807,87.54452654,5.179664862,5.994593769,0.06981317,386.9209219,3.891918159,18.31718344,58.03813829,CI,LUG,0.32,319,0.134706251,-0.170436382,-0.077811789,0.305142633,CI.LUG,319,0.134706251,3.733690023,1137.849976,3.054860115,0.1347062507976471,319,386.480855798313,415.36700601084203,366.66425128188973,409.3624276525662
100118,RSN9374,64,9374, LUG,4.88,34.0655,-117.0011,17.501,47.37,365,34.3656,-117.3668,17.0,17.1,-0.018375533,-0.145316042,0.00328511,0.000559436,0.126452197,0.147444435,70.26620694,5.179664862,6.383907006,0.06981317,426.4610037,32.84653294,44.23475683,63.96915056,CI,LUG,0.32,340,0.070951736,-0.170436382,-0.077811789,0.241388118,CI.LUG,340,0.070951736,3.733690023,1137.849976,3.054860115,0.07095173597228399,340,384.72860946157107,437.3150464091903,381.2426134517045,439.1209510096653
100118,RSN16676,64,16676, LUG,3.79,34.0456,-117.2248,15.927,37.83,365,34.3656,-117.3668,33.19,33.34,0.002427908,0.016734132,5.9e-05,4.28e-05,0.145087163,0.146136743,68.0292536,5.179664862,6.345939946,0.06981317,492.4664201,56.72682243,283.6293559,73.86996302,CI,LUG,0.32,370,-0.013605652,-0.170436382,-0.077811789,0.15683073,CI.LUG,370,-0.013605652,3.733690023,1137.849976,3.054860115,-0.01360565205577835,370,382.3618698111062,451.1230178694199,393.67890805493465,436.6854886374507
100119,RSN12767,65,12767, MCT,4.26,33.9538,-116.3912,7.696,44.29,1188,34.2265,-116.0407,20.4,20.46,-0.000633295,-0.002046011,0.000324419,4.41e-05,0.309526776,0.161502582,81.14893426,5.179664862,6.118116656,0.157079633,926.7477688,14.36043084,6.306692888,139.0121653,CI,MCT,-999.0,562,0.74852465,0.441615991,0.534240584,0.306908659,CI.MCT,562,0.74852465,24.11910057,615.335022,8.528459549,0.7485246500288998,562,536.3535008878263,631.3103010225175,560.8130434662515,633.9646211490957
100119,RSN14597,65,14597, MCT,4.11,35.6211,-117.5805,9.045,209.12,1188,34.2265,-116.0407,48.75,48.91,8.2e-05,0.00010083,5.36e-06,4.42e-06,0.813300626,0.161959576,87.7743349,5.179664862,6.169722379,0.34906585,2070.831625,18.5520362,18.81156716,310.6247438,CI,MCT,-999.0,873,0.308090944,0.441615991,0.534240584,-0.133525047,CI.MCT,873,0.308090944,24.11910057,615.335022,8.528459549,0.30809094408298865,873,845.795101597514,874.5081282433737,886.9002775165638,892.8629745962402
100119,RSN16618,65,16618, MCT,3.69,33.735,-117.4936,9.693,144.91,1188,34.2265,-116.0407,11.48,11.63,5.49e-05,9.7e-05,5.28e-06,3.64e-06,0.565351943,0.161188888,86.5212585,5.179664862,6.192470162,0.261799388,1580.030336,15.08241758,18.37121212,237.0045504,CI,MCT,-999.0,735,0.480156001,0.441615991,0.534240584,0.03854001,CI.MCT,735,0.480156001,24.11910057,615.335022,8.528459549,0.48015600070975406,735,770.3625082043153,774.4850929213559,790.7908885711914,790.7462994841742
100119,RSN15633,65,15633, MCT,3.87,33.7513,-116.0218,8.756,52.74,1188,34.2265,-116.0407,22.85,22.93,0.001067178,0.003121836,8.79e-05,1.79e-05,0.341843123,0.160533681,81.35280516,5.179664862,6.158414042,0.157079633,1020.156354,59.61888268,35.51576792,153.0234531,CI,MCT,-999.0,609,0.668208232,0.441615991,0.534240584,0.226592241,CI.MCT,609,0.668208232,24.11910057,615.335022,8.528459549,0.6682082322126934,609,578.0375244766766,712.1729492074223,634.9709268406075,696.7654632210907
100119,RSN14510,65,14510, MCT,4.01,33.2617,-116.0659,5.761,107.04,1188,34.2265,-116.0407,30.8,30.98,-0.000730291,-0.000614926,1.47e-05,1.13e-05,1.1876091,0.164914888,87.4038239,5.179664862,6.057510055,0.436332313,2558.414323,64.62752212,41.83170068,383.7621485,CI,MCT,-999.0,1027,0.14562929,0.441615991,0.534240584,-0.295986701,CI.MCT,1027,0.14562929,24.11910057,615.335022,8.528459549,0.1456292899940328,1027,880.3564002918936,979.7302827707402,945.8865961114443,981.3358731903785
100119,RSN13258,65,13258, MCT,4.19,34.3571,-116.8418,9.486,75.16,1188,34.2265,-116.0407,18.45,18.52,0.002363354,0.003583455,0.000149676,9.75e-06,0.659518303,0.16061413,83.45814414,5.179664862,6.185563454,0.296705973,1791.441152,242.3952821,23.94141345,268.7161728,CI,MCT,-999.0,781,0.41945135,0.441615991,0.534240584,-0.022164641,CI.MCT,781,0.41945135,24.11910057,615.335022,8.528459549,0.41945135008290446,781,708.6284732186058,777.8383930242316,739.8133359257785,798.2252762235045
100119,RSN16764,65,16764, MCT,3.72,33.1099,-116.0467,7.494,123.85,1188,34.2265,-116.0407,36.08,36.15,-0.000108628,-0.000182579,8.61e-06,5.45e-06,0.594963464,0.163342909,86.95304939,5.179664862,6.113435346,0.261799388,1621.064005,19.93174312,21.20545877,243.1596008,CI,MCT,-999.0,723,0.496617278,0.441615991,0.534240584,0.055001287,CI.MCT,723,0.496617278,24.11910057,615.335022,8.528459549,0.4966172777638258,723,762.0777075254266,754.4683612564296,739.3803086396554,775.6398532284261
100119,RSN16271,65,16271, MCT,3.64,33.223,-116.7186,8.687,127.81,1188,34.2265,-116.0407,27.75,27.82,-0.000104347,-0.00021071,6.63e-05,3.98e-05,0.495215608,0.162152354,86.50882977,5.179664862,6.155594857,0.226892803,1404.585211,2.62178392,3.178129713,210.6877817,CI,MCT,-999.0,736,0.478796381,0.441615991,0.534240584,0.03718039,CI.MCT,736,0.478796381,24.11910057,615.335022,8.528459549,0.4787963811937139,736,783.9511676140235,796.0659735852282,768.1425852895553,804.1987649107098
100119,RSN17269,65,17269, MCT,3.53,34.2894,-116.8271,6.278,72.77,1188,34.2265,-116.0407,25.81,25.89,0.00045162,0.000826224,3.2e-05,1.53e-05,0.546606978,0.164077275,85.74856457,5.179664862,6.07791863,0.244346095,1506.825372,29.51764706,25.8195,226.0238058,CI,MCT,-999.0,772,0.43104195,0.441615991,0.534240584,-0.010574041,CI.MCT,772,0.43104195,24.11910057,615.335022,8.528459549,0.4310419498978142,772,732.2823994565148,810.9358306336151,778.68105472942,831.1367858137635
100119,RSN14245,65,14245, MCT,3.94,32.7219,-116.8133,20.237,181.67,1188,34.2265,-116.0407,18.8,18.96,-0.000108013,-0.000141593,1.16e-05,9.01e-06,0.762844094,0.154389813,83.89982713,5.179664862,6.440435438,0.331612558,2076.021661,11.98812431,12.2062931,311.4032492,CI,MCT,-999.0,875,0.305802614,0.441615991,0.534240584,-0.135813377,CI.MCT,875,0.305802614,24.11910057,615.335022,8.528459549,0.3058026135649765,875,1005.3046297167366,868.7149304785668,927.4139817630395,893.6931034842019
100119,RSN8812,65,8812, MCT,5.39,33.9465,-117.7667,14.89,162.3,1188,34.2265,-116.0407,24.2,24.32,0.007491962,0.00879588,0.002823714,0.001967212,0.851758102,0.157728674,85.06911396,5.179664862,6.31653763,0.34906585,2188.564604,3.808416175,3.115003857,328.2846906,CI,MCT,-999.0,911,0.265483603,0.441615991,0.534240584,-0.176132388,CI.MCT,911,0.265483603,24.11910057,615.335022,8.528459549,0.2654836026626324,911,809.7760271741997,879.7785537340301,889.7849830126437,908.6394809516956
100119,RSN10095,65,10095, MCT,4.18,34.3617,-118.6637,11.151,241.95,1188,34.2265,-116.0407,5.42,5.73,5.35e-05,8.75e-05,7.24e-06,3.78e-06,0.612003673,0.160281425,87.5780708,5.179664862,6.233452986,0.27925268,1693.447602,14.15343915,12.08563536,254.0171403,CI,MCT,-999.0,748,0.462623522,0.441615991,0.534240584,0.021007531,CI.MCT,748,0.462623522,24.11910057,615.335022,8.528459549,0.46262352194811296,748,991.7781816557389,810.3833643625292,895.0841337297452,813.5558747195596
100119,RSN13192,65,13192, MCT,4.11,33.7104,-116.0457,12.559,57.25,1188,34.2265,-116.0407,16.02,16.09,-0.011037422,-0.013103069,0.001072599,0.000580947,0.842353911,0.156357545,78.33732717,5.179664862,6.263559029,0.34906585,2192.67978,18.99901712,12.2161861,328.901967,CI,MCT,-999.0,913,0.263290619,0.441615991,0.534240584,-0.178325372,CI.MCT,913,0.263290619,24.11910057,615.335022,8.528459549,0.26329061932762254,913,747.9068473467999,858.4030278763852,809.5148441225246,889.2787364200739
100119,RSN16831,65,16831, MCT,3.49,34.309,-116.9297,9.684,82.38,1188,34.2265,-116.0407,9.54,9.61,0.000505833,0.001361029,6.54e-05,7.94e-06,0.371655163,0.160573929,83.88070011,5.179664862,6.192176404,0.174532925,1101.587648,63.70692695,20.81084098,165.2381472,CI,MCT,-999.0,633,0.629556078,0.441615991,0.534240584,0.187940087,CI.MCT,633,0.629556078,24.11910057,615.335022,8.528459549,0.6295560777784148,633,638.3555675364994,741.566358603436,672.132816167456,720.6176563456079
100119,RSN11410,65,11410, MCT,4.73,33.7328,-117.4921,10.018,144.87,1188,34.2265,-116.0407,22.6,22.7,0.000355639,0.000583643,0.000177005,6.22e-05,0.609343391,0.160900419,86.39153834,5.179664862,6.202702587,0.27925268,1681.475049,5.71766881,3.297324934,252.2212574,CI,MCT,-999.0,744,0.467985465,0.441615991,0.534240584,0.026369474,CI.MCT,744,0.467985465,24.11910057,615.335022,8.528459549,0.467985465089499,744,801.4984236669293,779.3552797936926,796.119978640419,788.5496495553277
100119,RSN17508,65,17508, MCT,3.62,33.9521,-116.3635,9.067,42.59,1188,34.2265,-116.0407,21.7,21.76,-0.001258982,-0.003075167,0.000138325,6.48e-06,0.409402731,0.159011389,78.86889188,5.179664862,6.170551665,0.191986218,1213.735614,194.2873457,22.23146214,182.0603421,CI,MCT,-999.0,667,0.577236454,0.441615991,0.534240584,0.135620463,CI.MCT,667,0.577236454,24.11910057,615.335022,8.528459549,0.5772364540069672,667,631.6700568936558,749.6937455214729,678.2287258686786,752.4662772298933
100119,RSN15530,65,15530, MCT,3.68,34.7251,-116.0506,2.727,55.32,1188,34.2265,-116.0407,21.65,21.72,-0.000330897,-0.000354732,5.65e-05,5.28e-05,0.932810443,0.168316853,88.13368278,5.179664862,5.93802414,0.383972435,2182.215206,6.266988636,6.278442478,327.3322809,CI,MCT,-999.0,909,0.267681406,0.441615991,0.534240584,-0.173934585,CI.MCT,909,0.267681406,24.11910057,615.335022,8.528459549,0.2676814057451118,909,810.3611988600827,876.5126929464865,841.3040717391566,876.1537714275781
100119,RSN13859,65,13859, MCT,4.17,34.3277,-116.829,4.957,73.45,1188,34.2265,-116.0407,21.47,21.54,0.001561862,0.002934758,0.000173622,1.56e-05,0.532194582,0.165983678,86.85428403,5.179664862,6.015610792,0.244346095,1458.555018,100.119359,16.90314591,218.7832527,CI,MCT,-999.0,756,0.451985124,0.441615991,0.534240584,0.010369133,CI.MCT,756,0.451985124,24.11910057,615.335022,8.528459549,0.4519851237430572,756,775.865521745561,796.6943807472696,788.3229059116584,815.0211054092517
100119,RSN14740,65,14740, MCT,3.84,34.2268,-117.4407,8.593,128.99,1188,34.2265,-116.0407,20.88,20.96,0.000592405,0.000845113,0.000144411,3.99e-05,0.700977579,0.162267567,86.57850709,5.179664862,6.151676073,0.314159265,1858.153577,14.84724311,5.852137303,278.7230366,CI,MCT,-999.0,803,0.391671786,0.441615991,0.534240584,-0.049944205,CI.MCT,803,0.391671786,24.11910057,615.335022,8.528459549,0.39167178597582897,803,771.3460589333895,787.637366012715,790.0432267803734,804.6657092243582
100119,RSN15708,65,15708, MCT,3.81,32.4923,-116.8468,13.18,206.45,1188,34.2265,-116.0407,21.93,22.08,-3.59e-05,-5.72e-05,6.98e-06,4.03e-06,0.627883934,0.159089651,86.59978949,5.179664862,6.274698597,0.27925268,1738.734133,8.908188586,8.194842407,260.81012,CI,MCT,-999.0,763,0.442768469,0.441615991,0.534240584,0.001152478,CI.MCT,763,0.442768469,24.11910057,615.335022,8.528459549,0.4427684686381337,763,741.0081773876472,808.9435603727619,820.9707300512003,821.510762164345
100119,RSN8239,65,8239, MCT,4.92,33.5083,-116.5143,15.2,91.04,1188,34.2264,-116.0407,17.43,17.64,-0.007139734,-0.009417326,0.000140028,4.25e-05,0.758148752,0.15615241,81.03391176,5.179664862,6.325747735,0.331612558,2044.237816,167.9937412,67.25316365,306.6356724,CI,MCT,-999.0,865,0.317296993,0.441615991,0.534240584,-0.124318998,CI.MCT,865,0.317296993,24.11910057,615.335022,8.528459549,0.3172969929907117,865,763.7126057682776,833.6307426132558,813.5159041454731,856.6708050822978
100119,RSN16723,65,16723, MCT,3.73,33.5058,-116.7636,16.276,104.23,1188,34.2265,-116.0407,22.17,22.24,7.51e-05,0.000144863,1.7e-05,1.14e-05,0.518661779,0.155654029,81.56391882,5.179664862,6.3549922,0.244346095,1523.865193,6.587719298,8.521352941,228.579779,CI,MCT,-999.0,777,0.42458615,0.441615991,0.534240584,-0.017029841,CI.MCT,777,0.42458615,24.11910057,615.335022,8.528459549,0.4245861495549432,777,797.3298156923369,804.900092295046,799.0125503494916,829.0643566620766
100119,RSN18103,65,18103, MCT,5.19,36.4034,-117.8499,9.418,292.23,1188,34.2265,-116.0407,9.7,9.75,-4.39e-05,-7.38e-05,3.25e-05,1.42e-05,0.594368133,0.161660302,88.34301924,5.179664862,6.183223963,0.261799388,1636.70026,3.091549296,2.270769231,245.505039,CI,MCT,-999.0,729,0.488352768,0.441615991,0.534240584,0.046736777,CI.MCT,729,0.488352768,24.11910057,615.335022,8.528459549,0.48835276791393234,729,936.8883923477845,792.0588588412047,877.2018304518858,813.3323994594545
100119,RSN14550,65,14550, MCT,3.78,34.0294,-116.7534,14.93,69.28,1188,34.2265,-116.0407,24.2,24.25,0.00019718,0.000464638,4.61e-05,2.06e-05,0.424373357,0.155064086,78.42296004,5.179664862,6.317747533,0.191986218,1283.549204,9.57184466,10.0789154,192.5323806,CI,MCT,-999.0,694,0.537554539,0.441615991,0.534240584,0.095938549,CI.MCT,694,0.537554539,24.11910057,615.335022,8.528459549,0.5375545394157859,694,637.6852135994079,776.4041226485126,697.1913746331863,781.6250791261965
100119,RSN18357,65,18357, MCT,3.34,33.5022,-116.5193,11.15,91.74,1188,34.2265,-116.0407,14.56,14.64,-9.51e-05,-0.000168081,1.35e-05,1.5e-05,0.566027971,0.15941477,83.56549717,5.179664862,6.233428753,0.261799388,1599.085476,6.34,12.45044444,239.8628214,CI,MCT,-999.0,717,0.504950659,0.441615991,0.534240584,0.063334668,CI.MCT,717,0.504950659,24.11910057,615.335022,8.528459549,0.5049506593229705,717,683.7564997507609,737.8094145280738,687.5412919382093,755.8483159626496
100119,RSN17331,65,17331, MCT,3.56,33.4509,-116.5827,10.563,99.59,1188,34.2265,-116.0407,27.1,27.2,0.000145245,0.000261232,3.05e-05,5.94e-05,0.555999957,0.160053732,84.4266298,5.179664862,6.218365755,0.261799388,1570.85263,2.44520202,8.564983607,235.6278945,CI,MCT,-999.0,744,0.467985465,0.441615991,0.534240584,0.026369474,CI.MCT,744,0.467985465,24.11910057,615.335022,8.528459549,0.467985465089499,744,722.9707077510169,769.8771139543608,757.8315472246572,789.5986274758798
100119,RSN14320,65,14320, MCT,4.19,33.4453,-116.439,8.875,94.17,1188,34.2265,-116.0407,16.94,17.09,-0.000938704,-0.001302699,2.14e-05,2.15e-05,0.720583967,0.161663102,85.10753159,5.179664862,6.16316588,0.314159265,1900.800981,43.66065116,60.87378505,285.1201472,CI,MCT,-999.0,818,0.373164163,0.441615991,0.534240584,-0.068451828,CI.MCT,818,0.373164163,24.11910057,615.335022,8.528459549,0.3731641633198439,818,768.9918902115544,794.2769412075571,788.7176877582158,814.6178141060976
100119,RSN13140,65,13140, MCT,4.06,33.2394,-116.2082,10.532,110.58,1188,34.2265,-116.0407,17.8,17.91,-0.00021087,-0.000348576,1.11e-05,5.16e-06,0.6049468,0.160224325,85.00222452,5.179664862,6.217520851,0.27925268,1679.475495,40.86627907,31.40324324,251.9213243,CI,MCT,-999.0,743,0.469330455,0.441615991,0.534240584,0.027714464,CI.MCT,743,0.469330455,24.11910057,615.335022,8.528459549,0.4693304552048314,743,816.1861629557709,767.2600559531336,762.7019476072443,778.923183508802
100119,RSN10469,65,10469, MCT,4.45,34.1081,-117.3062,14.795,117.42,1188,34.2265,-116.0407,15.35,15.47,0.00125353,0.001988624,3.1e-05,1.09e-05,0.630350624,0.157279033,83.21809901,5.179664862,6.313637877,0.27925268,1763.818796,115.0027523,64.14916129,264.5728194,CI,MCT,-999.0,772,0.43104195,0.441615991,0.534240584,-0.010574041,CI.MCT,772,0.43104195,24.11910057,615.335022,8.528459549,0.4310419498978142,772,764.2419683685005,768.4150033328322,755.3476080754734,795.5172080725874
100119,RSN15174,65,15174, MCT,3.9,33.867,-117.1038,11.856,105.95,1188,34.2265,-116.0407,20.08,20.16,0.0002889,0.000459548,5e-05,1.24e-05,0.628661819,0.159148928,84.04078373,5.179664862,6.24946745,0.27925268,1739.667539,23.2983871,9.19096,260.9501309,CI,MCT,-999.0,764,0.441458711,0.441615991,0.534240584,-0.00015728,CI.MCT,764,0.441458711,24.11910057,615.335022,8.528459549,0.4414587107560699,764,687.2170468470115,758.6755781196423,731.583925843163,784.1465062780501
100119,RSN9933,65,9933, MCT,4.59,34.9977,-119.1926,10.662,301.47,1188,34.2265,-116.0407,8.5,8.93,8.18e-05,9.1e-05,5.19e-06,3.72e-06,0.899832105,0.160661803,88.15533156,5.179664862,6.221029194,0.366519143,2229.735392,21.98924731,17.53371869,334.4603088,CI,MCT,-999.0,924,0.251314428,0.441615991,0.534240584,-0.190301563,CI.MCT,924,0.251314428,24.11910057,615.335022,8.528459549,0.25131442828090655,924,861.7598424373577,911.7223359806854,926.0808906812832,942.4520742342164
100119,RSN9050,65,9050, MCT,5.2,33.5328,-116.5697,15.48,91.19,1188,34.2265,-116.0407,13.4,13.49,-0.003414119,-0.005331497,0.001366905,0.000299274,0.64036768,0.155879764,80.86007165,5.179664862,6.333749326,0.27925268,1800.268526,11.40800404,3.900415172,270.0402789,CI,MCT,-999.0,784,0.41561748,0.441615991,0.534240584,-0.025998511,CI.MCT,784,0.41561748,24.11910057,615.335022,8.528459549,0.415617479572183,784,689.946467338421,775.751223668067,736.5529194997623,803.011364119781
100119,RSN12699,65,12699, MCT,4.34,35.8373,-117.678,6.864,232.93,1188,34.2265,-116.0407,24.75,24.92,0.000127959,0.000148218,7.58e-06,6.13e-06,0.863315528,0.163967062,88.54584282,5.179664862,6.096821743,0.34906585,2122.748678,20.87422512,19.55382586,318.4123017,CI,MCT,-999.0,890,0.288805037,0.441615991,0.534240584,-0.152810954,CI.MCT,890,0.288805037,24.11910057,615.335022,8.528459549,0.28880503719640505,890,934.8764663491045,902.6650929399074,923.2187284463138,913.1729450877204
100119,RSN14407,65,14407, MCT,4.14,34.8632,-116.3444,6.474,75.93,1188,34.2265,-116.0407,18.02,18.14,0.000435286,0.00037936,5.07e-06,7.64e-06,1.14742114,0.163899413,85.7693663,5.179664862,6.084678138,0.41887902,2522.13818,56.97460733,74.82445759,378.320727,CI,MCT,-999.0,1016,0.156397872,0.441615991,0.534240584,-0.285218119,CI.MCT,1016,0.156397872,24.11910057,615.335022,8.528459549,0.1563978717841632,1016,832.5130124880943,956.8824567419069,891.4233028666364,961.5184501750471
100119,RSN17928,65,17928, MCT,4.04,36.3911,-117.8665,9.439,291.96,1188,34.2265,-116.0407,12.41,12.52,0.000103207,0.000130054,5.41e-06,6.04e-06,0.793567951,0.161640508,88.33316321,5.179664862,6.183950287,0.331612558,2034.587432,17.08725166,24.03955638,305.1881148,CI,MCT,-999.0,861,0.321931995,0.441615991,0.534240584,-0.119683995,CI.MCT,861,0.321931995,24.11910057,615.335022,8.528459549,0.32193199549486007,861,872.7282729819116,866.7306594429151,893.6096891107162,891.9660256195933
100119,RSN14455,65,14455, MCT,4.05,32.7091,-116.0396,7.817,168.3,1188,34.2265,-116.0407,42.85,42.94,-0.00035748,-0.000593958,9.59e-06,6.09e-06,0.601861408,0.163241624,87.66246347,5.179664862,6.120791156,0.27925268,1642.141199,58.69950739,61.93514077,246.3211799,CI,MCT,-999.0,731,0.48561304,0.441615991,0.534240584,0.043997049,CI.MCT,731,0.48561304,24.11910057,615.335022,8.528459549,0.4856130401728125,731,833.744380290568,784.1097472035607,832.4891303233875,791.4850070921792
100119,RSN16891,65,16891, MCT,3.6,34.2088,-117.5824,7.536,142.08,1188,34.2265,-116.0407,12.8,12.86,0.000139083,0.000252029,9.29e-05,1.36e-05,0.551854575,0.163369552,87.32704643,5.179664862,6.114431914,0.244346095,1524.683309,10.22669118,2.712906351,228.7024964,CI,MCT,-999.0,778,0.423299976,0.441615991,0.534240584,-0.018316015,CI.MCT,778,0.423299976,24.11910057,615.335022,8.528459549,0.4232999757441993,778,835.1616016605408,824.963067088246,845.4696934717637,845.0871992906152
100119,RSN15364,65,15364, MCT,3.87,33.928,-116.7858,18.501,76.33,1188,34.2265,-116.0407,21.45,21.54,0.000766588,0.001601455,0.000122707,2.96e-05,0.478681889,0.152051264,76.8652532,5.179664862,6.40467109,0.226892803,1456.927156,25.89824324,13.05104843,218.5390734,CI,MCT,-999.0,755,0.453308751,0.441615991,0.534240584,0.01169276,CI.MCT,755,0.453308751,24.11910057,615.335022,8.528459549,0.4533087506735658,755,776.0816986426648,819.2056988735809,783.1951893307553,817.0610901039803
100119,RSN16108,65,16108, MCT,3.58,33.827,-117.0296,15.131,101.52,1188,34.2265,-116.0407,18.1,18.2,-7.51e-05,-0.000156728,8.77e-06,1.51e-05,0.478892759,0.156578912,81.95678826,5.179664862,6.323730411,0.226892803,1415.310328,4.973509934,17.8709236,212.2965492,CI,MCT,-999.0,740,0.473376314,0.441615991,0.534240584,0.031760323,CI.MCT,740,0.473376314,24.11910057,615.335022,8.528459549,0.4733763137243754,740,710.0694284579093,790.8923080379682,752.831072777508,798.9469501824906
100119,RSN16956,65,16956, MCT,3.63,34.1242,-116.405,9.555,35.45,1188,34.2265,-116.0407,11.8,11.84,0.003221873,0.009095924,0.001132805,0.000120241,0.354210636,0.156720711,75.87655746,5.179664862,6.187901101,0.174532925,1081.564,26.79512812,8.029558485,162.2346,CI,MCT,-999.0,628,0.637486333,0.441615991,0.534240584,0.195870343,CI.MCT,628,0.637486333,24.11910057,615.335022,8.528459549,0.6374863334543921,628,597.199688940326,736.3235190612617,655.7057214612236,715.6819190271357
100119,RSN9376,65,9376, MCT,4.88,34.0655,-117.0011,17.501,90.36,1188,34.2265,-116.0407,15.05,15.26,0.002578163,0.004312784,3.15e-05,1.33e-05,0.59779549,0.154019063,79.4963746,5.179664862,6.383907006,0.261799388,1725.358928,193.8468421,136.9137778,258.8038392,CI,MCT,-999.0,759,0.448024723,0.441615991,0.534240584,0.006408732,CI.MCT,759,0.448024723,24.11910057,615.335022,8.528459549,0.44802472252696024,759,890.3141762491351,788.8002905384343,796.182839634554,807.6766260321709
100119,RSN10745,65,10745, MCT,4.66,34.2983,-118.6255,8.038,238.19,1188,34.2265,-116.0407,9.83,9.9,4.95e-05,0.000108431,3.59e-05,2.47e-05,0.456444907,0.163152151,88.29182959,5.179664862,6.126524324,0.20943951,1301.182651,2.004048583,3.020362117,195.1773977,CI,MCT,-999.0,701,0.527518613,0.441615991,0.534240584,0.085902622,CI.MCT,701,0.527518613,24.11910057,615.335022,8.528459549,0.5275186128880005,701,1007.2641585517337,820.9133355288604,873.35670223472,807.201350604736
100119,RSN17379,65,17379, MCT,3.56,33.0804,-116.4826,10.835,133.56,1188,34.2265,-116.0407,30.93,30.99,-5.76e-05,-0.000142178,1.7e-05,9.34e-06,0.40487489,0.160184114,85.73890372,5.179664862,6.225560001,0.191986218,1193.347076,6.167023555,8.363411765,179.0020614,CI,MCT,-999.0,659,0.589302965,0.441615991,0.534240584,0.147686975,CI.MCT,659,0.589302965,24.11910057,615.335022,8.528459549,0.5893029654200834,659,676.0997176351142,741.3427226434355,702.8719437434967,743.8692241130345
100119,RSN13538,65,13538, MCT,4.06,32.7797,-117.3507,7.174,201.41,1188,34.2265,-116.0407,11.05,11.22,-0.000177144,-0.000258526,5.62e-05,2.98e-05,0.685208022,0.163711202,88.2318408,5.179664862,6.105409111,0.296705973,1805.830819,5.94442953,4.600106762,270.8746229,CI,MCT,-999.0,786,0.413069707,0.441615991,0.534240584,-0.028546283,CI.MCT,786,0.413069707,24.11910057,615.335022,8.528459549,0.413069707493384,786,898.0769421021959,824.4594094451559,871.0701417247789,841.394826179404
100119,RSN12853,65,12853, MCT,4.02,33.7129,-116.0516,12.808,56.98,1188,34.2265,-116.0407,23.88,23.97,-0.002601977,-0.004384052,8.73e-05,7.79e-06,0.593509655,0.155982128,77.88304805,5.179664862,6.268161535,0.261799388,1694.43149,334.0150193,50.21823597,254.1647235,CI,MCT,-999.0,748,0.462623522,0.441615991,0.534240584,0.021007531,CI.MCT,748,0.462623522,24.11910057,615.335022,8.528459549,0.46262352194811296,748,699.637435251473,774.5125339359751,744.9920536190434,794.364412414357
100119,RSN17092,65,17092, MCT,3.52,34.2098,-116.4371,4.645,36.57,1188,34.2265,-116.0407,19.93,19.99,0.000418975,0.00132751,9.97e-05,1.05e-05,0.315610078,0.165919641,84.05448649,5.179664862,5.994593769,0.157079633,918.2447498,39.90238095,13.31504514,137.7367125,CI,MCT,-999.0,557,0.75746126,0.441615991,0.534240584,0.315845269,CI.MCT,557,0.75746126,24.11910057,615.335022,8.528459549,0.7574612599953063,557,529.1198163433436,635.0833357546546,560.0566954230295,635.5914300595055
100119,RSN12619,65,12619, MCT,4.11,33.5089,-116.8485,12.274,109.19,1188,34.2265,-116.0407,13.48,13.52,0.000140366,0.000243002,8.9e-05,2.78e-05,0.57763389,0.158930583,84.04054151,5.179664862,6.258050482,0.261799388,1629.114586,5.049136691,2.730359551,244.3671879,CI,MCT,-999.0,726,0.492476485,0.441615991,0.534240584,0.050860494,CI.MCT,726,0.492476485,24.11910057,615.335022,8.528459549,0.49247648509779474,726,748.1803106354262,749.8112697331492,740.1602379485711,771.3921444675301
100135,RSN17773,68,17773, WES,3.63,32.7081,-116.029,7.885,28.44,242,32.759,-115.7316,19.91,19.98,0.001755256,0.017728874,0.000920941,0.000215022,0.099005475,0.158273702,75.69444815,5.179664862,6.12225391,0.052359878,311.6716289,8.163146097,19.25082497,46.75074434,CI,WES,0.173333333,276,-0.13146314,0.013577651,0.106202244,-0.14504079,CI.WES,276,-0.13146314,5.061649799,-12.64369965,0.089606099,-0.13146313956046285,276,312.4377435026949,364.9410038438369,261.62429340247667,286.3441860249495
100135,RSN15725,68,15725, WES,3.81,32.4923,-116.8468,13.18,108.76,242,32.759,-115.7316,21.86,21.97,0.000127344,0.001186944,3.66e-05,5.48e-05,0.107287595,0.158347599,83.505873,5.179664862,6.274698597,0.052359878,337.3018191,2.32379562,32.43016393,50.59527287,CI,WES,0.173333333,290,-0.180943197,0.013577651,0.106202244,-0.194520848,CI.WES,290,-0.180943197,5.061649799,-12.64369965,0.089606099,-0.18094319682383286,290,325.99478851271795,385.7296110175946,268.46607440347015,295.0439414154468
100135,RSN14276,68,14276, WES,3.94,32.7219,-116.8133,20.237,101.47,242,32.759,-115.7316,15.6,15.67,0.000153987,0.003132957,0.000386467,7.05e-05,0.049150565,0.152473401,79.11103033,5.179664862,6.440435438,0.017453293,161.007753,2.184212766,8.106661112,24.15116295,CI,WES,0.173333333,170,0.353139289,0.013577651,0.106202244,0.339561638,CI.WES,170,0.353139289,5.061649799,-12.64369965,0.089606099,0.35313928910642467,170,331.8454799637061,266.3848533689422,230.0409862458447,219.21124569225032
100166,RSN14388,72,14388, DAN,4.14,34.8632,-116.3444,6.474,91.68,477,34.6375,-115.3812,22.67,22.83,0.002522245,0.013427693,6.05e-05,5.04e-05,0.18783904,0.164044083,86.51943108,5.179664862,6.084678138,0.087266463,564.844366,50.04454365,221.9453388,84.7266549,CI,DAN,2.67374,402,0.171064402,0.086409594,0.179034187,0.084654808,CI.DAN,402,0.171064402,0.61381501,427.5369873,2.447570086,0.1710644022693204,402,394.8302253179831,489.83115110113863,412.95957613330984,499.1515197620954
100166,RSN12810,72,12810, DAN,3.81,34.1053,-117.0048,2.878,160.58,477,34.6375,-115.3812,19.65,19.72,5.84e-05,0.000588939,8.98e-05,2e-05,0.099189412,0.168394441,89.32329264,5.179664862,5.93802414,0.052359878,293.4786848,2.92,6.558340757,44.02180272,CI,DAN,2.67374,266,0.584020182,0.086409594,0.179034187,0.497610588,CI.DAN,266,0.584020182,0.61381501,427.5369873,2.447570086,0.5840201821066424,266,317.67289843585195,355.97852506086053,338.9319169514803,358.91978819906444
100166,RSN13832,72,13832, DAN,4.17,34.3277,-116.829,4.957,137.36,477,34.6375,-115.3812,18.43,18.53,0.00015843,0.00057396,0.00020196,4.48e-05,0.276029024,0.16616384,88.33341577,5.179664862,6.015610792,0.13962634,808.4810626,3.536383929,2.841948901,121.2721594,CI,DAN,2.67374,502,-0.051083629,0.086409594,0.179034187,-0.137493223,CI.DAN,502,-0.051083629,0.61381501,427.5369873,2.447570086,-0.05108362880338735,502,536.1217116736367,609.3917943746012,532.7941245062087,621.3019207481507
100166,RSN9176,72,9176, DAN,5.03,35.3852,-118.6292,7.3,307.86,477,34.6375,-115.3812,7.75,7.88,8.46e-05,0.000451803,0.000133934,1.37e-05,0.187287408,0.163667226,88.82054764,5.179664862,6.108664217,0.087266463,564.5382497,6.175182482,3.373325668,84.68073746,CI,DAN,2.67374,401,0.173555064,0.086409594,0.179034187,0.08714547,CI.DAN,401,0.173555064,0.61381501,427.5369873,2.447570086,0.1735550635817722,401,408.0931921684614,514.3817478401294,427.1634962426638,523.75135671829
100166,RSN12679,72,12679, DAN,4.34,35.8373,-117.678,6.864,247.84,477,34.6375,-115.3812,19.79,19.92,7.84e-05,0.000520499,1.39e-05,1.15e-05,0.150704893,0.163973305,88.63447628,5.179664862,6.096821743,0.06981317,455.52289,6.817391304,37.44597122,68.3284335,CI,DAN,2.67374,354,0.298219578,0.086409594,0.179034187,0.211809984,CI.DAN,354,0.298219578,0.61381501,427.5369873,2.447570086,0.2982195777545673,354,423.44675978982315,453.75813802989103,397.52403102267436,466.4187220264521
100166,RSN12838,72,12838, DAN,4.02,33.7129,-116.0516,12.808,119.74,477,34.6375,-115.3812,23.95,24.11,-0.00046703,-0.000977336,0.000273665,0.000113484,0.477860815,0.158743597,84.28556089,5.179664862,6.268161535,0.226892803,1393.539179,4.115381904,3.571286061,209.0308769,CI,DAN,2.67374,732,-0.428264023,0.086409594,0.179034187,-0.514673617,CI.DAN,396,0.18610228,0.61381501,427.5369873,2.447570086,0.18610227963386095,396,408.7427564494193,460.51057382231454,410.1882216890792,467.9177934906998
100166,RSN13224,72,13224, DAN,4.19,34.3571,-116.8418,9.486,137.7,477,34.6375,-115.3812,17.6,17.65,7.2e-05,0.000591098,0.000255332,1.3e-05,0.121879062,0.16135296,86.42954081,5.179664862,6.185563454,0.052359878,375.4212389,5.538461538,2.315017311,56.31318584,CI,DAN,2.67374,313,0.4213133,0.086409594,0.179034187,0.334903707,CI.DAN,313,0.4213133,0.61381501,427.5369873,2.447570086,0.4213133003481886,313,359.8478628994041,405.2063154561073,384.1367107270067,414.6098221812571
100166,RSN12742,72,12742, DAN,4.26,33.9538,-116.3912,7.696,119.99,477,34.6375,-115.3812,22.8,22.88,0.000173367,0.000694006,0.000132369,2.04e-05,0.249806302,0.163186466,86.75219037,5.179664862,6.118116656,0.122173048,748.1601287,8.498382353,5.242964743,112.2240193,CI,DAN,2.67374,477,0.0,0.086409594,0.179034187,-0.086409594,CI.DAN,477,0.0,0.61381501,427.5369873,2.447570086,0.0,477,480.86480484223387,572.7328123974953,497.5908510583849,586.9624802844713
100166,RSN13184,72,13184, DAN,4.11,33.7104,-116.0457,12.559,119.7,477,34.6375,-115.3812,14.25,14.34,-0.000535019,-0.0017849,0.000349953,0.000123242,0.299747522,0.158893115,84.40529088,5.179664862,6.263559029,0.13962634,912.4620589,4.341206731,5.100399196,136.8693088,CI,DAN,2.67374,554,-0.149648196,0.086409594,0.179034187,-0.23605779,CI.DAN,554,-0.149648196,0.61381501,427.5369873,2.447570086,-0.1496481958589424,554,547.0262245661868,659.1839329835277,574.3293755832813,674.4574622489752
100166,RSN18076,72,18076, DAN,5.19,36.4034,-117.8499,9.418,297.54,477,34.6375,-115.3812,9.88,9.95,-9e-05,-0.000376735,0.000122637,4.32e-05,0.238854754,0.161662566,88.37099357,5.179664862,6.183223963,0.122173048,723.9054829,2.083333333,3.071952184,108.5858224,CI,DAN,2.67374,466,0.023330857,0.086409594,0.179034187,-0.063078737,CI.DAN,466,0.023330857,0.61381501,427.5369873,2.447570086,0.023330856762695973,466,463.60792267424716,583.4456111732184,508.4926256368511,599.9353981109531
100166,RSN10927,72,10927, DAN,4.26,33.8776,-116.2019,10.062,113.22,477,34.6375,-115.3812,26.4,26.44,-0.000281759,-0.00065704,0.000315979,0.000111912,0.428831095,0.160660421,85.37423425,5.179664862,6.204033973,0.20943951,1253.696795,2.517683537,2.079378693,188.0545193,CI,DAN,2.67374,683,-0.358978369,0.086409594,0.179034187,-0.445387962,CI.DAN,369,0.256719847,0.61381501,427.5369873,2.447570086,0.25671984684781446,369,407.1198591887432,442.1217252263809,383.00277560724027,449.9271640187934
100166,RSN16939,72,16939, DAN,3.63,34.1242,-116.405,9.555,110.04,477,34.6375,-115.3812,13.16,13.22,0.000348445,0.002581513,0.000297366,4.03e-05,0.134976985,0.161101046,85.47088867,5.179664862,6.187901101,0.06981317,416.1678969,8.646277916,8.681264839,62.42518454,CI,DAN,2.67374,335,0.353385959,0.086409594,0.179034187,0.266976365,CI.DAN,335,0.353385959,0.61381501,427.5369873,2.447570086,0.3533859590632753,335,386.15054567357316,432.81836273681336,384.1569767105037,439.3349529189916
100172,RSN18017,75,18017, JRC2,5.0,36.3864,-117.8583,7.408,45.04,623,35.9825,-117.8089,11.9,11.96,-0.005279313,-0.017955662,0.003030054,0.000739247,0.294019426,0.161842606,81.52397407,5.179664862,6.11135504,0.13962634,880.0598364,7.141473689,5.925855447,132.0089755,CI,JRC2,5.246016667,537,0.148548424,-0.125458709,-0.032834115,0.274007133,CI.JRC2,537,0.148548424,13.04990005,1420.880005,9.128740311,0.14854842427858816,537,490.12897326230984,507.3831918094139,530.6382381581161,530.9464816723456
100172,RSN18043,75,18043, JRC2,4.5,36.3915,-117.8683,9.117,45.7,623,35.9825,-117.8089,10.31,10.45,-0.016569592,-0.028627639,0.001876735,0.002011774,0.578797019,0.159322655,79.54774351,5.179664862,6.172420506,0.261799388,1627.602499,8.23630885,15.25395914,244.1403749,CI,JRC2,5.246016667,726,-0.153003496,-0.125458709,-0.032834115,-0.027544787,CI.JRC2,533,0.156025095,13.04990005,1420.880005,9.128740311,0.15602509462160885,533,515.770142764158,518.5270117337667,533.3947945320838,525.0173489368302
100172,RSN12693,75,12693, JRC2,4.34,35.8373,-117.678,6.864,19.98,623,35.9825,-117.8089,19.81,19.96,0.068244611,0.144159652,4.47e-05,2.91e-05,0.473396059,0.155952805,71.95554156,5.179664862,6.096821743,0.226892803,1407.560947,2345.175636,3225.048143,211.1341421,CI,JRC2,5.246016667,737,-0.168041373,-0.125458709,-0.032834115,-0.042582665,CI.JRC2,541,0.14112724,13.04990005,1420.880005,9.128740311,0.14112723994097198,541,528.0518486977962,533.6387524140562,550.3011656724555,533.5614608957032
100172,RSN14643,75,14643, JRC2,3.9,35.3429,-118.5645,9.906,98.57,623,35.9825,-117.8089,20.21,20.35,0.00039111,0.000492824,7.14e-06,1.04e-05,0.793608856,0.160634014,84.75412821,5.179664862,6.199256899,0.331612558,2047.403659,37.60673077,69.02296919,307.1105489,CI,JRC2,5.246016667,866,-0.32933839,-0.125458709,-0.032834115,-0.203879681,CI.JRC2,636,-0.020652045,13.04990005,1420.880005,9.128740311,-0.020652044552669224,636,568.1342884052212,618.9053492386082,602.4131172291798,616.4023643033319
100177,RSN15529,77,15529, LDF,3.68,34.7251,-116.0506,2.727,91.06,448,35.1307,-115.1842,21.13,21.24,-5.6e-05,-0.00013766,1.62e-05,6.21e-06,0.407014761,0.16837449,88.88834388,5.179664862,5.93802414,0.191986218,1140.47585,9.017713366,8.497530864,171.0713775,CI,LDF,-999.0,643,-0.361351492,-0.407031705,-0.314407112,0.045680213,CI.LDF,643,-0.361351492,2.213140011,1239.449951,2.034770012,-0.36135149182263415,643,663.5333286621238,852.3137740795262,679.2716607782954,848.7498614230161
100177,RSN13535,77,13535, LDF,4.06,32.7797,-117.3507,7.174,328.8,448,35.1307,-115.1842,8.81,9.0,-3.68e-05,-9.75e-05,8.88e-06,4.43e-06,0.377384109,0.163760002,88.91834215,5.179664862,6.105409111,0.174532925,1094.806069,8.306997743,10.97972973,164.2209104,CI,LDF,-999.0,631,-0.34251263,-0.407031705,-0.314407112,0.064519075,CI.LDF,631,-0.34251263,2.213140011,1239.449951,2.034770012,-0.3425126301262278,631,758.2591839528192,922.9542642799829,710.5657323240579,882.8251806989637
100177,RSN10082,77,10082, LDF,4.18,34.3617,-118.6637,11.151,329.84,448,35.1307,-115.1842,14.0,14.12,6.45e-05,0.000122018,1.46e-05,1.34e-05,0.528879473,0.160347957,88.22736623,5.179664862,6.233452986,0.244346095,1502.373733,4.813432836,8.35739726,225.35606,CI,LDF,-999.0,771,-0.542895141,-0.407031705,-0.314407112,-0.135863436,CI.LDF,771,-0.542895141,2.213140011,1239.449951,2.034770012,-0.5428951411483443,771,768.6298304654991,1034.3038539528966,823.5450405510369,1028.1859117546064
100177,RSN9210,77,9210, LDF,5.03,35.3852,-118.6292,7.3,314.77,448,35.1307,-115.1842,8.85,9.12,0.000934692,0.002270309,4.43e-05,2.44e-05,0.411702354,0.16366876,88.84691796,5.179664862,6.108664217,0.191986218,1184.896233,38.30704918,51.24851016,177.734435,CI,LDF,-999.0,656,-0.381367557,-0.407031705,-0.314407112,0.025664148,CI.LDF,656,-0.381367557,2.213140011,1239.449951,2.034770012,-0.3813675565291037,656,899.2806950417344,927.3022466133432,769.1530367808509,917.0036378370771
100194,RSN9897,82,9897, FUR,4.59,34.9977,-119.1926,10.662,266.45,433,36.4672,-116.8632,9.4,9.62,0.000434415,0.001317815,0.000309843,0.000127316,0.329647795,0.160638369,87.91189921,5.179664862,6.221029194,0.157079633,986.6529741,3.4121006,4.253170154,147.9979461,CI,FUR,-999.0,595,-0.317823678,-0.233518182,-0.140893589,-0.084305495,CI.FUR,595,-0.317823678,8.073479652,-42.94779968,5.473599911,-0.31782367754314045,595,617.9245343437201,519.385173761413,576.3377347592442,515.3831418778936
100194,RSN12885,82,12885, FUR,4.11,36.0312,-117.7658,4.03,94.46,433,36.4672,-116.8632,21.8,21.92,0.000407275,0.001538627,0.000126063,6.56e-05,0.264700371,0.168228003,88.13392663,5.179664862,5.941161117,0.122173048,766.2944958,6.208460366,12.20522279,114.9441744,CI,FUR,-999.0,484,-0.111347179,-0.233518182,-0.140893589,0.122171004,CI.FUR,484,-0.111347179,8.073479652,-42.94779968,5.473599911,-0.11134717871414246,484,461.91462282790565,398.1473985862716,440.7904038404532,408.2902917612252
100194,RSN18013,82,18013, FUR,5.0,36.3864,-117.8583,7.408,89.69,433,36.4672,-116.8632,11.4,11.53,0.002227212,0.007017166,0.002271511,0.000489223,0.317394764,0.163197727,85.83517644,5.179664862,6.11135504,0.157079633,938.3669122,4.552549655,3.08920626,140.7550368,CI,FUR,-999.0,568,-0.271383691,-0.233518182,-0.140893589,-0.037865508,CI.FUR,568,-0.271383691,8.073479652,-42.94779968,5.473599911,-0.271383690718662,568,547.7731830707227,470.00022542165766,515.3888994777436,478.6868614653393
100263,RSN11270,89,11270, NJQ,4.39,35.6421,-120.9543,5.902,141.88,297,34.5341,-120.1774,14.35,14.5,0.00021947,0.00107149,0.000212471,6.57e-05,0.204827037,0.164820553,87.99464846,5.179664862,6.063488731,0.104719755,612.0693794,3.340487062,5.042994103,91.81040691,CI,NJQ,-999.0,420,-0.346522572,-0.33344628,-0.240821687,-0.013076292,CI.NJQ,420,-0.346522572,5.659100056,241.9720001,9.653369904,-0.3465225724747141,420,428.89659908511237,349.1924987306354,442.3246533487382,358.28090819184143
100263,RSN16346,89,16346, NJQ,3.74,34.8456,-119.2446,12.927,92.19,297,34.5341,-120.1774,19.85,19.96,0.000140196,0.000562098,0.000137672,5.26e-05,0.249414715,0.158129701,82.53303754,5.179664862,6.270295551,0.122173048,770.944866,2.665323194,4.082878145,115.6417299,CI,NJQ,-999.0,486,-0.492476485,-0.33344628,-0.240821687,-0.159030205,CI.NJQ,486,-0.492476485,5.659100056,241.9720001,9.653369904,-0.49247648509779385,486,471.28884121988574,403.5005671813256,477.16879452870154,410.60172077872784
100263,RSN19350,89,19350, NJQ,3.19,35.2167,-120.7957,8.83,94.5,297,34.5341,-120.1774,12.6,12.72,-9.42e-05,-0.000648589,0.000106147,3.31e-05,0.145186581,0.161728969,85.18741502,5.179664862,6.16138509,0.06981317,445.2865897,2.84592145,6.110290446,66.79298846,CI,NJQ,-999.0,349,-0.161339783,-0.33344628,-0.240821687,0.172106497,CI.NJQ,349,-0.161339783,5.659100056,241.9720001,9.653369904,-0.1613397833997272,349,382.8657810255255,348.1639238391792,415.20669282764806,366.11423481389676
100283,RSN16659,96,16659, VCS,3.69,33.735,-117.4936,9.693,101.05,405,34.4836,-118.1178,12.55,12.61,-0.000161951,-0.000313866,8.36e-05,3.8e-05,0.51598735,0.160867472,84.98183826,5.179664862,6.192470162,0.244346095,1468.405416,4.261868421,3.75437799,220.2608124,CI,VCS,3.2625,759,-0.62811471,-0.641257946,-0.548633353,0.013143236,CI.VCS,449,-0.103135821,3.069080114,997.302002,5.126949787,-0.1031358206357158,449,443.0874104837058,467.64942425471554,402.44649680260096,444.0304967336633
100283,RSN13474,96,13474, VCS,3.9,34.4032,-118.651,13.612,49.81,405,34.4836,-118.1178,17.36,17.42,-0.000718206,-0.002608049,0.000494046,0.000272436,0.275380635,0.153963552,75.27829636,5.179664862,6.281821568,0.13962634,870.6389877,2.636237502,5.278959854,130.5958482,CI,VCS,3.2625,532,-0.272756422,-0.641257946,-0.548633353,0.368501524,CI.VCS,532,-0.272756422,3.069080114,997.302002,5.126949787,-0.27275642223510577,532,494.35482011581513,545.6326820134374,464.47648277571784,531.3569070872794
100283,RSN10826,96,10826, VCS,4.66,34.2983,-118.6255,8.038,51.01,405,34.4836,-118.1178,14.89,15.04,-0.001900035,-0.003928195,0.000169831,6.26e-05,0.48369155,0.161566606,81.82635759,5.179664862,6.126524324,0.226892803,1382.875961,30.35199681,23.13002338,207.4313942,CI,VCS,3.2625,729,-0.587786665,-0.641257946,-0.548633353,0.053471281,CI.VCS,432,-0.064538521,3.069080114,997.302002,5.126949787,-0.06453852113757197,432,420.40845115920393,450.2031536070206,383.77604521840124,428.5618907213861
100283,RSN16376,96,16376, VCS,3.74,34.8456,-119.2446,12.927,110.81,405,34.4836,-118.1178,23.02,23.09,-0.000807693,-0.002921681,0.000326183,0.000169995,0.276447973,0.158535851,83.75542356,5.179664862,6.270295551,0.13962634,848.5776549,4.751275038,8.957183544,127.2866482,CI,VCS,3.2625,520,-0.249941744,-0.641257946,-0.548633353,0.391316202,CI.VCS,520,-0.249941744,3.069080114,997.302002,5.126949787,-0.24994174446893425,520,508.00476598536113,530.7835281829435,461.8181749381371,517.0238132296312
100283,RSN13100,96,13100, VCS,4.11,34.373,-117.6258,8.33,46.86,405,34.4836,-118.1178,12.82,12.88,0.000502541,0.001070073,4.62e-05,4.42e-05,0.469632671,0.160742458,80.74840664,5.179664862,6.140206558,0.226892803,1356.654305,11.36970588,23.16175325,203.4981458,CI,VCS,3.2625,720,-0.575364145,-0.641257946,-0.548633353,0.065893801,CI.VCS,426,-0.050552279,3.069080114,997.302002,5.126949787,-0.050552279162832114,426,417.1256106986418,443.92815041017695,378.771588645606,422.64714134500593
100283,RSN11480,96,11480, VCS,4.73,33.7328,-117.4921,10.018,101.33,405,34.4836,-118.1178,25.1,25.28,-0.005262961,-0.005410223,0.000493612,0.000273408,0.972780786,0.160568463,84.84700523,5.179664862,6.202702587,0.383972435,2342.586585,19.24947697,10.96047705,351.3879878,CI,VCS,3.2625,960,-0.863046217,-0.641257946,-0.548633353,-0.221788271,CI.VCS,568,-0.338234352,3.069080114,997.302002,5.126949787,-0.3382343516146129,568,436.6668651009768,602.60657075077,446.9544936075442,553.4241223417856
100283,RSN16694,96,16694, VCS,3.79,34.0456,-117.2248,15.927,95.52,405,34.4836,-118.1178,42.51,42.62,0.000534506,0.000936513,3.11e-05,2.53e-05,0.5707406,0.15563103,80.97689325,5.179664862,6.345939946,0.261799388,1648.435276,21.12671937,30.1129582,247.2652914,CI,VCS,3.2625,733,-0.593258635,-0.641257946,-0.548633353,0.047999312,CI.VCS,434,-0.069157467,3.069080114,997.302002,5.126949787,-0.06915746699386638,434,438.51972168376886,453.66424833019556,383.10594203655336,430.09943543058034
100283,RSN17202,96,17202, VCS,3.53,33.9634,-117.8198,13.862,63.9,405,34.4836,-118.1178,25.57,25.6,-0.000390343,-0.000568245,0.000244506,0.000171172,0.686926334,0.155773816,78.28013699,5.179664862,6.285731951,0.296705973,1901.185759,2.280413853,2.324053397,285.1778639,CI,VCS,3.2625,818,-0.702975269,-0.641257946,-0.548633353,-0.061717323,CI.VCS,484,-0.17819784,3.069080114,997.302002,5.126949787,-0.1781978396100934,484,414.83641778613526,505.35296275296326,406.0490979557611,474.13849817347915
100283,RSN15015,96,15015, VCS,3.74,34.1651,-117.4332,7.875,72.23,405,34.4836,-118.1178,24.77,24.89,0.001039285,0.001351065,0.000103454,8.2e-05,0.769234125,0.162583796,84.46923609,5.179664862,6.12204057,0.331612558,1982.236365,12.67420732,13.05957237,297.3354548,CI,VCS,3.2625,844,-0.734265427,-0.641257946,-0.548633353,-0.093007481,CI.VCS,500,-0.210721031,3.069080114,997.302002,5.126949787,-0.21072103131565267,500,438.778894903544,521.440547974624,430.8582098931169,489.9233687353609
100283,RSN17475,96,17475, VCS,3.59,34.0938,-117.4347,3.015,76.32,405,34.4836,-118.1178,14.57,14.63,0.000243717,0.00046361,9.73e-05,2.44e-05,0.52569453,0.168343788,88.44023683,5.179664862,5.93802414,0.244346095,1424.178258,9.988401639,4.764748201,213.6267387,CI,VCS,3.2625,743,-0.606808978,-0.641257946,-0.548633353,0.034448969,CI.VCS,440,-0.08288766,3.069080114,997.302002,5.126949787,-0.08288765980576773,440,418.69443797448804,462.8985528030212,387.557898046975,435.51299728116
100283,RSN9423,96,9423, VCS,4.88,34.0655,-117.0011,17.501,112.81,405,34.4836,-118.1178,14.85,14.94,-0.002522158,-0.00406287,0.000826736,0.000756969,0.620782426,0.154941211,81.5444673,5.179664862,6.383907006,0.27925268,1770.39428,3.331917159,4.914349925,265.559142,CI,VCS,3.2625,774,-0.647684806,-0.641257946,-0.548633353,-0.00642686,CI.VCS,458,-0.122982117,3.069080114,997.302002,5.126949787,-0.12298211700764661,458,593.7596821719827,490.6446059936603,425.86570912098574,460.64974002970604
100283,RSN19407,96,19407, VCS,3.43,34.1381,-117.4717,5.767,70.75,405,34.4836,-118.1178,27.82,27.89,0.001218298,0.001668383,0.000403329,0.000244413,0.730227076,0.164684656,86.04788881,5.179664862,6.057771424,0.314159265,1882.866409,4.984587563,4.136531219,282.4299614,CI,VCS,3.2625,812,-0.695613273,-0.641257946,-0.548633353,-0.054355327,CI.VCS,481,-0.171980203,3.069080114,997.302002,5.126949787,-0.17198020299922234,481,424.9600239989668,502.52245536573395,414.4198384667866,471.881140386326
100283,RSN16925,96,16925, VCS,3.6,34.2088,-117.5824,7.536,57.93,405,34.4836,-118.1178,12.38,12.44,0.001165709,0.004187942,7.77e-05,6.04e-05,0.278348806,0.162444804,83.34288324,5.179664862,6.114431914,0.13962634,833.4508817,19.29981788,53.89886744,125.0176323,CI,VCS,3.2625,512,-0.234437558,-0.641257946,-0.548633353,0.406820388,CI.VCS,512,-0.234437558,3.069080114,997.302002,5.126949787,-0.23443755793296894,512,477.79641264592146,522.2342454182257,452.32015060136854,510.3075270407346
100283,RSN14690,96,14690, VCS,3.9,35.3429,-118.5645,9.906,103.7,405,34.4836,-118.1178,21.8,21.86,-0.00023212,-0.000791453,6.69e-05,2.28e-05,0.293282961,0.160698263,85.00994722,5.179664862,6.199256899,0.13962634,884.2792578,10.18070175,11.83038864,132.6418887,CI,VCS,3.2625,539,-0.285828504,-0.641257946,-0.548633353,0.355429442,CI.VCS,539,-0.285828504,3.069080114,997.302002,5.126949787,-0.28582850380245883,539,530.59274482041,549.4075806468791,482.1802863217003,536.409195416212
100283,RSN17030,96,17030, VCS,3.45,33.6767,-117.9697,9.542,90.54,405,34.4836,-118.1178,38.68,38.74,-0.000193875,-0.000426003,3.98e-05,3.19e-05,0.455103091,0.160877837,84.51768535,5.179664862,6.187463428,0.20943951,1316.337406,6.077586207,10.70359296,197.4506109,CI,VCS,3.2625,706,-0.55572817,-0.641257946,-0.548633353,0.085529776,CI.VCS,418,-0.031594365,3.069080114,997.302002,5.126949787,-0.031594365418217585,418,414.95376969903975,435.3618248072853,375.0416538619292,413.7549380220443
100283,RSN17063,96,17063, VCS,3.43,34.0052,-118.2218,6.093,53.92,405,34.4836,-118.1178,36.05,36.1,-0.000628477,-0.001142728,0.00042226,0.000118676,0.549979461,0.16393104,84.40616027,5.179664862,6.071076522,0.244346095,1515.433827,5.295737976,2.706218917,227.3150741,CI,VCS,3.2625,775,-0.648975962,-0.641257946,-0.548633353,-0.007718016,CI.VCS,459,-0.125163143,3.069080114,997.302002,5.126949787,-0.12516314295400655,459,432.93800123821825,478.4541992032172,405.0952315557172,455.90240278021133
100283,RSN9298,96,9298, VCS,5.03,35.3852,-118.6292,7.3,110.4,405,34.4836,-118.1178,11.17,11.3,-0.002466162,-0.003205276,0.00093129,0.000292899,0.769407023,0.16342916,86.6920893,5.179664862,6.108664217,0.331612558,1972.273656,8.419837555,3.44175928,295.8410484,CI,VCS,3.2625,841,-0.730704593,-0.641257946,-0.548633353,-0.089446647,CI.VCS,498,-0.20671301,3.069080114,997.302002,5.126949787,-0.20671300991811403,498,493.077879278198,521.9797054839869,445.69308721988574,489.3005698888898
100283,RSN15201,96,15201, VCS,3.9,33.867,-117.1038,11.856,115.83,405,34.4836,-118.1178,22.56,22.65,0.000559532,0.000830406,2.68e-05,3.3e-05,0.673804989,0.159292999,84.5602372,5.179664862,6.24946745,0.296705973,1834.077536,16.95551515,30.98529851,275.1116304,CI,VCS,3.2625,795,-0.674455048,-0.641257946,-0.548633353,-0.033197101,CI.VCS,471,-0.150971027,3.069080114,997.302002,5.126949787,-0.15097102690987896,471,458.4464364485926,491.5243459122827,413.63176492674376,462.80829252758025
100283,RSN14772,96,14772, VCS,3.84,34.2268,-117.4407,8.593,68.5,405,34.4836,-118.1178,24.2,24.38,0.002998583,0.003432807,0.000221243,0.00010572,0.873507803,0.161523385,83.53434934,5.179664862,6.151676073,0.366519143,2178.86111,28.36344117,15.51600277,326.8291665,CI,VCS,3.2625,908,-0.807357311,-0.641257946,-0.548633353,-0.166099365,CI.VCS,538,-0.283971493,3.069080114,997.302002,5.126949787,-0.2839714930552457,538,440.3290561848492,564.9838675028966,452.27988183013366,527.8074598083424
100283,RSN9813,96,9813, VCS,4.69,35.0172,-119.0247,9.251,101.98,405,34.4836,-118.1178,5.45,5.56,-0.000590406,-0.001112231,0.000239823,0.000128011,0.530830538,0.161334187,85.28320968,5.179664862,6.177322679,0.244346095,1497.54783,4.612150518,4.637716149,224.6321745,CI,VCS,3.2625,769,-0.641203902,-0.641257946,-0.548633353,5.4e-05,CI.VCS,455,-0.116410352,3.069080114,997.302002,5.126949787,-0.11641035184441151,455,477.72013029320163,474.65696930044714,411.5771989770635,450.22633823761106
100283,RSN13743,96,13743, VCS,3.97,33.9535,-117.7457,11.873,68.07,405,34.4836,-118.1178,11.0,11.04,-0.001115999,-0.001875493,0.000404781,0.000156195,0.595042787,0.157876335,80.64498236,5.179664862,6.249828919,0.261799388,1677.363038,7.144908608,4.633352356,251.6044557,CI,VCS,3.2625,743,-0.606808978,-0.641257946,-0.548633353,0.034448969,CI.VCS,440,-0.08288766,3.069080114,997.302002,5.126949787,-0.08288765980576773,440,403.18338922083643,456.765536786418,381.98392394910337,435.0212435080874
100283,RSN11240,96,11240, VCS,4.42,34.0665,-118.8938,12.827,85.13,405,34.4836,-118.1178,23.6,23.69,-0.001365393,-0.00274755,0.000179573,0.000129903,0.496949491,0.157969562,81.98557282,5.179664862,6.268505043,0.226892803,1445.871752,10.5108658,15.30046276,216.8807628,CI,VCS,3.2625,751,-0.617518585,-0.641257946,-0.548633353,0.023739362,CI.VCS,445,-0.094187215,3.069080114,997.302002,5.126949787,-0.0941872150597014,445,449.1089822534427,463.56865515512504,396.55996451420793,439.9646667297702
100283,RSN17598,96,17598, VCS,3.4,34.0733,-118.867,10.648,82.65,405,34.4836,-118.1178,22.0,22.05,-0.000157246,-0.000410911,0.00012882,7.78e-05,0.382677206,0.159626399,83.20743846,5.179664862,6.220655727,0.174532925,1136.972818,2.021156812,3.189807483,170.5459227,CI,VCS,3.2625,642,-0.460701237,-0.641257946,-0.548633353,0.18055671,CI.VCS,380,0.063715814,3.069080114,997.302002,5.126949787,0.06371581438610718,380,370.33326858559957,410.25119838248963,330.9844838969696,378.63086317868004
100283,RSN9116,96,9116, VCS,5.2,33.5328,-116.5697,15.48,177.69,405,34.4836,-118.1178,16.6,16.68,-0.008388168,-0.015385115,0.002219817,0.002725344,0.545213228,0.15735272,85.29671274,5.179664862,6.333749326,0.244346095,1568.084483,3.077838247,6.930803305,235.2126725,CI,VCS,3.2625,747,-0.612178118,-0.641257946,-0.548633353,0.029079828,CI.VCS,442,-0.087422815,3.069080114,997.302002,5.126949787,-0.08742281497115911,442,482.10852871193794,480.1922044624512,428.5492006564298,451.5789555909113
100283,RSN17886,96,17886, VCS,3.14,33.909,-118.1836,6.769,64.02,405,34.4836,-118.1178,14.28,14.35,-0.000106131,-0.000139928,1.85e-05,1.59e-05,0.758468672,0.163389755,84.68402677,5.179664862,6.094010642,0.331612558,1954.233528,6.67490566,7.563675676,293.1350292,CI,VCS,3.2625,835,-0.723544658,-0.641257946,-0.548633353,-0.082286711,CI.VCS,494,-0.19864845,3.069080114,997.302002,5.126949787,-0.1986484500813841,494,430.66379018415483,514.857718940904,411.16378558768446,479.56957306980195
100283,RSN12799,96,12799, VCS,4.26,33.9538,-116.3912,7.696,169.61,405,34.4836,-118.1178,24.02,24.43,0.000929802,0.000989246,4.17e-05,2.44e-05,0.939909425,0.16331932,87.71756204,5.179664862,6.118116656,0.383972435,2258.791437,38.10663934,23.72292566,338.8187156,CI,VCS,3.2625,934,-0.835589371,-0.641257946,-0.548633353,-0.194331425,CI.VCS,553,-0.311470934,3.069080114,997.302002,5.126949787,-0.3114709344157962,553,503.06437967493565,603.1923580571832,493.89192830425793,558.3066773385227
100283,RSN16568,96,16568, VCS,3.61,34.2449,-117.4464,12.48,67.2,405,34.4836,-118.1178,14.91,14.97,0.000527982,0.000877416,0.000126388,6.92e-05,0.601746998,0.157329633,80.13272762,5.179664862,6.262058538,0.27925268,1703.605592,7.629797688,6.942241352,255.5408388,CI,VCS,3.2625,751,-0.617518585,-0.641257946,-0.548633353,0.023739362,CI.VCS,445,-0.094187215,3.069080114,997.302002,5.126949787,-0.0941872150597014,445,405.6428818619956,462.094657012582,383.9816469273952,439.14680206335595
100283,RSN14572,96,14572, VCS,3.78,34.0294,-116.7534,14.93,135.39,405,34.4836,-118.1178,17.75,17.84,0.000480007,0.000662182,0.000115056,9.55e-05,0.72488742,0.157435867,84.06512194,5.179664862,6.317747533,0.314159265,1959.771576,5.026251309,5.755301766,293.9657364,CI,VCS,3.2625,837,-0.725937003,-0.641257946,-0.548633353,-0.084679057,CI.VCS,496,-0.20268886,3.069080114,997.302002,5.126949787,-0.20268885961838912,496,448.7081044922597,521.6727452902359,437.30528845154043,489.01726304463904
100283,RSN11338,96,11338, VCS,4.78,34.1228,-116.9226,5.969,117.08,405,34.4836,-118.1178,17.1,17.17,0.00049317,0.000649347,0.00028941,0.000139726,0.759486582,0.164693778,87.52586307,5.179664862,6.066214653,0.331612558,1940.479682,3.529550692,2.24369234,291.0719523,CI,VCS,3.2625,831,-0.718742728,-0.641257946,-0.548633353,-0.077484781,CI.VCS,492,-0.194591649,3.069080114,997.302002,5.126949787,-0.19459164938576912,492,498.93893923987787,517.5870106243734,441.0865205265321,483.8736822424928
100283,RSN17442,96,17442, VCS,3.73,35.2675,-117.3498,7.92,111.77,405,34.4836,-118.1178,32.01,32.1,-0.000235325,-0.000342712,0.000103594,4.72e-05,0.686655886,0.16299653,86.40031824,5.179664862,6.122995859,0.296705973,1816.438365,4.985699153,3.308222484,272.4657548,CI,VCS,3.2625,789,-0.666879254,-0.641257946,-0.548633353,-0.025621307,CI.VCS,467,-0.142442191,3.069080114,997.302002,5.126949787,-0.14244219056235874,467,480.38888289785893,488.1864314457976,419.1795321904186,458.95197212603716
100283,RSN8872,96,8872, VCS,5.39,33.9465,-117.7667,14.89,67.8,405,34.4836,-118.1178,21.19,21.49,-0.128392663,-0.146842207,0.009533862,0.003256057,0.87435803,0.154920939,78.11527963,5.179664862,6.31653763,0.366519143,2273.052673,39.43194576,15.40217459,340.957901,CI,VCS,3.2625,938,-0.839862882,-0.641257946,-0.548633353,-0.198604936,CI.VCS,555,-0.315081047,3.069080114,997.302002,5.126949787,-0.31508104663989567,555,446.65032182524084,585.2792778287128,444.720164066428,544.228195675288
100283,RSN11866,96,11866, VCS,4.26,34.2844,-118.4129,8.031,35.0,405,34.4836,-118.1178,30.81,30.93,-0.01540967,-0.023253145,0.000142132,7.33e-05,0.662691846,0.159650341,77.9723716,5.179664862,6.126183158,0.296705973,1808.452725,210.2274216,163.6024611,271.2679088,CI,VCS,3.2625,787,-0.664341181,-0.641257946,-0.548633353,-0.023083235,CI.VCS,466,-0.140298567,3.069080114,997.302002,5.126949787,-0.1402985670191068,466,431.49344344019494,486.7823399588318,405.7238208433296,458.4910470416088
100283,RSN17702,96,17702, VCS,3.59,34.3463,-118.5806,6.999,45.19,405,34.4836,-118.1178,13.33,13.44,0.00152744,0.003378306,4.57e-05,2.72e-05,0.452132064,0.16234421,82.05783521,5.179664862,6.100667506,0.20943951,1297.322865,56.15588235,73.92354486,194.5984298,CI,VCS,3.2625,699,-0.545763675,-0.641257946,-0.548633353,0.095494271,CI.VCS,414,-0.021978907,3.069080114,997.302002,5.126949787,-0.02197890671877545,414,393.09919502478056,432.1444275766784,368.83426087689907,410.82710264472007
100283,RSN15313,96,15313, VCS,3.86,34.1976,-117.3882,14.177,74.25,405,34.4836,-118.1178,24.9,25.14,0.00493389,0.009191597,2.24e-05,2.39e-05,0.536782744,0.156359009,79.76789982,5.179664862,6.293825021,0.244346095,1558.857104,206.4389121,410.3391518,233.8285656,CI,VCS,3.2625,756,-0.624154309,-0.641257946,-0.548633353,0.017103637,CI.VCS,448,-0.100906165,3.069080114,997.302002,5.126949787,-0.1009061653084462,448,411.2163779409713,465.4957112835787,389.44406363090644,442.93072066277995
100283,RSN13308,96,13308, VCS,4.19,34.3571,-116.8418,9.486,118.14,405,34.4836,-118.1178,18.8,18.93,0.000921004,0.001102858,0.000196329,5.6e-05,0.835106942,0.161235894,85.81597061,5.179664862,6.185563454,0.34906585,2114.959789,16.4465,5.617397328,317.2439684,CI,VCS,3.2625,888,-0.785084676,-0.641257946,-0.548633353,-0.14382673,CI.VCS,526,-0.261414146,3.069080114,997.302002,5.126949787,-0.2614141456311714,526,519.4216304784103,558.6684124842849,468.97974928066003,519.7625965960874
100283,RSN10152,96,10152, VCS,4.18,34.3617,-118.6637,11.151,51.97,405,34.4836,-118.1178,10.0,10.08,-0.001865442,-0.002511342,0.000667955,0.000197972,0.742806776,0.157217419,78.52378644,5.179664862,6.233452986,0.314159265,1995.142217,9.422756753,3.759747288,299.2713326,CI,VCS,3.2625,849,-0.740172119,-0.641257946,-0.548633353,-0.098914173,CI.VCS,503,-0.216703103,3.069080114,997.302002,5.126949787,-0.2167031029932005,503,439.79382704460835,524.9366556511922,425.4057518300557,493.7131850536602
100283,RSN11760,96,11760, VCS,4.5,34.3365,-116.8617,8.94,116.63,405,34.4836,-118.1178,15.6,15.72,0.002890974,0.002976613,0.001064492,0.000562773,0.971229194,0.161802276,86.0503681,5.179664862,6.165704274,0.383972435,2322.649155,5.137016168,2.796275594,348.3973733,CI,VCS,3.2625,954,-0.856776604,-0.641257946,-0.548633353,-0.215518658,CI.VCS,565,-0.332938664,3.069080114,997.302002,5.126949787,-0.3329386640399026,565,510.9300194987763,605.1704620290953,487.33731764629835,556.906246064812
100283,RSN13908,96,13908, VCS,4.17,34.3277,-116.829,4.957,119.75,405,34.4836,-118.1178,20.3,20.44,0.001164926,0.001458979,2.31e-05,2.7e-05,0.798453146,0.166140771,88.07936887,5.179664862,6.015610792,0.331612558,1987.305149,43.14540741,63.15926407,298.0957724,CI,VCS,3.2625,846,-0.736632292,-0.641257946,-0.548633353,-0.095374346,CI.VCS,501,-0.212719034,3.069080114,997.302002,5.126949787,-0.2127190339783258,501,507.13383357164486,535.0739613870329,449.914066891648,495.538640588389
100283,RSN13351,96,13351, VCS,4.2,34.3768,-117.6461,8.934,44.95,405,34.4836,-118.1178,13.19,13.25,0.002401683,0.003374533,0.001301179,0.00069505,0.711708241,0.159501244,79.5458399,5.179664862,6.165471616,0.314159265,1910.287912,3.455410402,2.593442562,286.5431868,CI,VCS,3.2625,821,-0.706636042,-0.641257946,-0.548633353,-0.065378096,CI.VCS,486,-0.182321557,3.069080114,997.302002,5.126949787,-0.1823215567939549,486,448.75022062121593,506.82026811186057,421.854625035135,476.31493663262637
100283,RSN14174,96,14174, VCS,3.81,33.8204,-117.7145,10.077,82.43,405,34.4836,-118.1178,14.98,15.1,-0.00087741,-0.001127431,7.3e-05,9.15e-05,0.778238196,0.160171167,83.60601175,5.179664862,6.204485033,0.331612558,2027.462303,9.589180328,15.44426027,304.1193455,CI,VCS,3.2625,859,-0.751881855,-0.641257946,-0.548633353,-0.110623909,CI.VCS,509,-0.228560949,3.069080114,997.302002,5.126949787,-0.22856094944398375,509,453.3469461233797,530.5257452038477,439.84334135799224,498.64093215572996
100283,RSN17828,96,17828, VCS,3.25,33.9806,-118.6693,13.117,75.46,405,34.4836,-118.1178,13.88,13.96,-0.000154363,-0.000252032,0.000110395,7.16e-05,0.612476543,0.157302794,80.70072745,5.179664862,6.273618806,0.27925268,1726.504665,2.155907821,2.283001948,258.9756998,CI,VCS,3.2625,759,-0.62811471,-0.641257946,-0.548633353,0.013143236,CI.VCS,449,-0.103135821,3.069080114,997.302002,5.126949787,-0.1031358206357158,449,394.9381892707281,463.43446468045687,368.01982516593984,437.14607721710667
100283,RSN15451,96,15451, VCS,3.99,34.0514,-117.2429,14.998,93.76,405,34.4836,-118.1178,25.07,25.19,0.000633122,0.00089504,4.1e-05,4.75e-05,0.707367668,0.156432746,81.34867558,5.179664862,6.319789549,0.314159265,1939.579566,13.32888421,21.8302439,290.9369349,CI,VCS,3.2625,830,-0.717538634,-0.641257946,-0.548633353,-0.076280687,CI.VCS,491,-0.192557061,3.069080114,997.302002,5.126949787,-0.19255706068798162,491,419.6963412058338,511.69982607087155,418.07850006053616,479.68420407658346
100283,RSN10307,96,10307, VCS,4.34,35.0174,-119.1492,9.557,111.47,405,34.4836,-118.1178,13.18,13.29,-0.000162826,-0.000298789,4.98e-05,6.2e-05,0.544953694,0.161117171,85.55186731,5.179664862,6.187968323,0.244346095,1530.875867,2.626225806,5.999779116,229.6313801,CI,VCS,3.2625,780,-0.655406853,-0.641257946,-0.548633353,-0.014148906,CI.VCS,462,-0.131677824,3.069080114,997.302002,5.126949787,-0.1316778239751999,462,497.8017285839359,483.2688381104023,420.57578109152996,457.69055610996304
100286,RSN9974,97,9974, SCZ2,4.59,34.9977,-119.1926,10.662,118.38,313,33.9954,-119.6351,9.8,10.05,0.002134143,0.010966234,0.001193991,0.000113677,0.194610392,0.160199781,85.27915803,5.179664862,6.221029194,0.104719755,599.4789941,18.77374491,9.184519816,89.92184912,CI,SCZ2,1.0,415,-0.28207533,-0.249759413,-0.157134819,-0.032315917,CI.SCZ2,415,-0.28207533,11.46700001,402.6470032,9.571990013,-0.28207532969054494,415,412.1698206491512,392.68022764443464,425.60429080145724,408.0653615798405
100286,RSN11221,97,11221, SCZ2,4.42,34.0665,-118.8938,12.827,68.91,313,33.9954,-119.6351,19.11,19.28,0.000868215,0.00334661,8.2e-05,0.000220534,0.259431162,0.157098833,79.98914195,5.179664862,6.268505043,0.122173048,805.2677575,3.936875947,40.81231707,120.7901636,CI,SCZ2,1.0,501,-0.470402911,-0.249759413,-0.157134819,-0.220643498,CI.SCZ2,501,-0.470402911,11.46700001,402.6470032,9.571990013,-0.4704029105447116,501,463.3742889528498,469.2613780319504,488.76896648230684,479.29898672491896
100286,RSN15075,97,15075, SCZ2,3.52,34.2871,-119.6948,5.225,32.82,313,33.9954,-119.6351,16.82,16.92,-0.002988509,-0.024216172,0.000167968,0.000202996,0.123409634,0.164283492,82.23895791,5.179664862,6.0312809,0.06981317,373.6788794,14.7220093,144.1713422,56.05183191,CI,SCZ2,1.0,312,0.003200003,-0.249759413,-0.157134819,0.252959415,CI.SCZ2,312,0.003200003,11.46700001,402.6470032,9.571990013,0.003200002730670448,312,360.28395815824206,357.7968925322995,393.93295977807935,389.10454069914806
100308,RSN16958,101,16958, NBS,3.63,34.1242,-116.405,9.555,74.14,419,34.7804,-116.558,11.64,11.7,-0.001356016,-0.004590025,0.000258543,0.000277677,0.295426698,0.160476845,83.22391652,5.179664862,6.187901101,0.13962634,891.4643936,4.883429308,17.7534298,133.719659,CI,NBS,-999.0,543,-0.2592384,-0.253287419,-0.160662826,-0.005950981,CI.NBS,543,-0.2592384,8.788499832,585.848999,3.908220053,-0.25923840001179776,543,510.3945642537188,458.64261086371874,479.60373733688385,469.1882032560643
100308,RSN18223,101,18223, NBS,4.36,36.3932,-117.8644,8.798,214.57,419,34.7804,-116.558,10.28,10.34,-0.000140222,-0.000509459,0.000120113,5.5e-05,0.275237474,0.162226165,87.90331909,5.179664862,6.160106881,0.13962634,825.8952311,2.549490909,4.24149759,123.8842847,CI,NBS,-999.0,509,-0.194577097,-0.253287419,-0.160662826,0.058710323,CI.NBS,509,-0.194577097,8.788499832,585.848999,3.908220053,-0.19457709662838507,509,499.41037658116807,441.3467338575309,479.0165691162364,449.7722041908696
100308,RSN15639,101,15639, NBS,3.87,33.7513,-116.0218,8.756,124.38,419,34.7804,-116.558,25.52,25.61,0.00055358,0.001424001,0.000249047,0.00017494,0.388749519,0.162057604,86.39188226,5.179664862,6.158414042,0.191986218,1138.656358,3.164399223,5.717800255,170.7984537,CI,NBS,-999.0,642,-0.426717384,-0.253287419,-0.160662826,-0.173429964,CI.NBS,642,-0.426717384,8.788499832,585.848999,3.908220053,-0.42671738376782375,642,687.6817527630826,556.7553331548028,593.7040904834813,556.4397169381639
100308,RSN14412,101,14412, NBS,4.14,34.8632,-116.3444,6.474,21.59,419,34.7804,-116.558,17.43,17.5,-0.002789625,-0.020464754,0.001676755,0.000430823,0.13631364,0.158517056,74.6930194,5.179664862,6.084678138,0.06981317,427.0645604,6.475106946,12.20497568,64.05968406,CI,NBS,-999.0,340,0.208925302,-0.253287419,-0.160662826,0.462212722,CI.NBS,340,0.208925302,8.788499832,585.848999,3.908220053,0.20892530231192996,340,372.8171099628729,366.21166234138434,386.37324568162865,376.34213169210426
100308,RSN13266,101,13266, NBS,4.19,34.3571,-116.8418,9.486,53.7,419,34.7804,-116.558,14.12,14.18,-0.008585723,-0.027537312,0.000207936,0.000227537,0.31178508,0.159556093,80.73147218,5.179664862,6.185563454,0.157079633,944.3048839,37.73330491,132.4316713,141.6457326,CI,NBS,-999.0,571,-0.30951829,-0.253287419,-0.160662826,-0.05623087,CI.NBS,571,-0.30951829,8.788499832,585.848999,3.908220053,-0.3095182897338731,571,535.8953252599822,485.21581514294127,505.494947498975,494.84525837142127
100308,RSN10483,101,10483, NBS,4.45,34.1081,-117.3062,14.795,101.44,419,34.7804,-116.558,14.35,14.49,-0.004347988,-0.009551461,0.000427798,0.000655021,0.455217039,0.156901394,82.14562034,5.179664862,6.313637877,0.20943951,1349.980397,6.637936799,22.32703519,202.4970596,CI,NBS,-999.0,718,-0.538598649,-0.253287419,-0.160662826,-0.28531123,CI.NBS,718,-0.538598649,8.788499832,585.848999,3.908220053,-0.5385986491260866,718,722.563181507925,602.880834448258,639.8428191487669,606.7951320661576
100325,RSN11275,103,11275, SMR,4.39,35.6421,-120.9543,5.902,42.74,847,35.377,-120.6125,14.44,14.61,0.054854667,0.089993449,6.53e-05,3.19e-05,0.609540673,0.163755283,83.18202504,5.179664862,6.063488731,0.27925268,1652.558925,1719.582038,1378.15389,247.8838388,CI,SMR,-999.0,734,0.143191666,0.168038928,0.260663522,-0.024847262,CI.SMR,734,0.143191666,9.207229614,340.428009,4.764039993,0.14319166603753963,734,714.9849790293911,587.940537472982,653.4331294125498,585.3830135303856
100325,RSN8858,103,8858, SMR,5.39,33.9465,-117.7667,14.89,305.33,847,35.377,-120.6125,24.47,24.89,0.002578163,0.005730122,0.000104349,3.21e-05,0.44993154,0.158149585,87.38393007,5.179664862,6.31653763,0.20943951,1326.300629,80.31660436,54.91305139,198.9450944,CI,SMR,-999.0,710,0.176435725,0.168038928,0.260663522,0.008396796,CI.SMR,710,0.176435725,9.207229614,340.428009,4.764039993,0.17643572461669343,710,935.2518554009716,627.9286969645772,738.953138999652,606.8355442779813
100325,RSN11225,103,11225, SMR,4.42,34.0665,-118.8938,12.827,214.29,847,35.377,-120.6125,21.66,21.93,1.58e-05,4.01e-05,5.8e-06,2.16e-06,0.392589156,0.159282315,86.82186827,5.179664862,6.268505043,0.191986218,1168.461136,7.314814815,6.913793103,175.2691704,CI,SMR,-999.0,649,0.266267978,0.168038928,0.260663522,0.09822905,CI.SMR,649,0.266267978,9.207229614,340.428009,4.764039993,0.2662679779479644,649,698.5736010739419,527.4300706538943,637.4736086097065,531.7202457905331
100325,RSN10530,103,10530, SMR,4.45,34.1081,-117.3062,14.795,333.89,847,35.377,-120.6125,17.3,17.66,0.000348186,0.000541454,1.94e-05,1.99e-05,0.64305682,0.15825074,87.62066001,5.179664862,6.313637877,0.27925268,1778.707914,17.49678392,27.91,266.8061871,CI,SMR,-999.0,777,0.086260344,0.168038928,0.260663522,-0.081778584,CI.SMR,777,0.086260344,9.207229614,340.428009,4.764039993,0.08626034428440743,777,669.5009512625995,654.8248385068001,742.870497620089,629.7894977804498
100326,RSN11263,104,11263, BCW,4.39,35.6421,-120.9543,5.902,160.37,305,34.9401,-119.4131,14.72,15.4,0.000290026,0.00135915,6.37e-05,2.32e-05,0.213387508,0.164843233,88.23411966,5.179664862,6.063488731,0.104719755,636.4806102,12.50112069,21.33673469,95.47209153,CI,BCW,-999.0,428,-0.338811419,-0.155243589,-0.062618996,-0.18356783,CI.BCW,428,-0.338811419,12.65410042,1082.400024,7.314340115,-0.3388114189743847,428,460.5776727850054,437.2619814320568,406.78604951605604,426.3470000007766
100326,RSN17894,104,17894, BCW,4.04,36.3911,-117.8665,9.439,213.37,305,34.9401,-119.4131,12.87,13.16,-2.88e-05,-0.000375462,1.31e-05,9.88e-06,0.076788211,0.161580965,87.72045313,5.179664862,6.183950287,0.034906585,237.0624022,2.914979757,28.66122137,35.55936033,CI,BCW,-999.0,229,0.286589773,-0.155243589,-0.062618996,0.441833362,CI.BCW,229,0.286589773,12.65410042,1082.400024,7.314340115,0.2865897730531719,229,405.31452978238383,404.38830784108325,398.4466727697151,400.56876178544815
100326,RSN18243,104,18243, BCW,4.2,36.3905,-117.8695,8.829,213.14,305,34.9401,-119.4131,12.9,13.07,-5.64e-05,-0.000569845,6.95e-05,1.86e-05,0.098904253,0.162190609,87.87505699,5.179664862,6.161345296,0.052359878,303.8368058,3.032258065,8.199208633,45.57552087,CI,BCW,-999.0,272,0.11450971,-0.155243589,-0.062618996,0.2697533,CI.BCW,272,0.11450971,12.65410042,1082.400024,7.314340115,0.1145097103114141,272,341.2140811787642,354.6904722575032,331.99978041841905,355.43986738188016
100326,RSN10399,104,10399, BCW,4.45,34.1081,-117.3062,14.795,214.33,305,34.9401,-119.4131,13.09,13.49,0.000443556,0.00133939,1.41e-05,3.25e-05,0.331162912,0.158056152,86.29439936,5.179664862,6.313637877,0.157079633,1006.93755,13.64787692,94.99219858,151.0406325,CI,BCW,-999.0,604,-0.683262421,-0.155243589,-0.062618996,-0.528018832,CI.BCW,604,-0.683262421,12.65410042,1082.400024,7.314340115,-0.6832624213274032,604,604.2579007505723,619.8034710561909,521.2953069079734,595.1115835925567
100341,RSN14475,107,14475, SAL,4.05,32.7091,-116.0396,7.817,63.52,253,33.2801,-115.9859,25.66,25.73,-0.00106217,-0.009579701,0.000669202,0.000189455,0.110877197,0.162398872,83.72544076,5.179664862,6.120791156,0.052359878,339.7600846,5.60645008,14.31511113,50.96401269,CI,SAL,0.206666667,291,-0.139933778,-0.106360308,-0.013735714,-0.033573471,CI.SAL,291,-0.139933778,5.061649799,11.31519985,2.160559893,-0.13993377844397248,291,326.2086182582415,351.95089084080576,349.5075895740701,360.32271061192233
100341,RSN13160,107,13160, SAL,4.06,33.2394,-116.2082,10.532,21.2,253,33.2801,-115.9859,10.52,10.59,0.008612742,0.101645799,0.00533418,0.000162816,0.084732888,0.145189214,64.51753114,5.179664862,6.217520851,0.034906585,290.9375001,52.89862176,19.05556224,43.64062502,CI,SAL,0.206666667,264,-0.042559614,-0.106360308,-0.013735714,0.063800693,CI.SAL,264,-0.042559614,5.061649799,11.31519985,2.160559893,-0.04255961441879563,264,335.47591600215696,334.10387358174756,386.9563504608749,352.3722235564962
100341,RSN14344,107,14344, SAL,4.19,33.4453,-116.439,8.875,45.98,253,33.2801,-115.9859,12.41,12.51,0.003288788,0.022701615,0.005241326,0.000446771,0.144870241,0.159716351,79.85279535,5.179664862,6.16316588,0.06981317,449.9354027,7.361238755,4.331273231,67.49031041,CI,SAL,0.206666667,351,-0.327396735,-0.106360308,-0.013735714,-0.221036427,CI.SAL,351,-0.327396735,5.061649799,11.31519985,2.160559893,-0.3273967347383451,351,370.7093913731482,404.2213880883139,382.77945705006164,416.9040231350923
100341,RSN14008,107,14008, SAL,4.15,33.638,-116.7082,12.649,78.0,253,33.2801,-115.9859,15.76,15.82,0.001232434,0.01283847,0.000963029,0.000105312,0.095995423,0.157768176,81.28573488,5.179664862,6.265244507,0.052359878,303.252194,11.70269295,13.33134309,45.4878291,CI,SAL,0.206666667,271,-0.068729332,-0.106360308,-0.013735714,0.037630976,CI.SAL,271,-0.068729332,5.061649799,11.31519985,2.160559893,-0.06872933215218069,271,352.7779309628381,339.36108444151114,375.4234939904841,355.6333714973105
100341,RSN10515,107,10515, SAL,4.45,34.1081,-117.3062,14.795,153.03,253,33.2801,-115.9859,16.56,16.8,0.001227822,0.007310799,0.000856219,0.000343639,0.167946375,0.157730433,84.78008418,5.179664862,6.313637877,0.087266463,527.0317001,3.572999572,8.538468546,79.05475502,CI,SAL,0.206666667,386,-0.422447881,-0.106360308,-0.013735714,-0.316087573,CI.SAL,386,-0.422447881,5.061649799,11.31519985,2.160559893,-0.42244788073731065,386,377.55236314548245,446.6475845682702,404.0710944328709,449.8463972272643
100341,RSN12863,107,12863, SAL,4.02,33.7129,-116.0516,12.808,48.39,253,33.2801,-115.9859,22.75,22.82,-0.001129832,-0.021593407,0.001476038,8.85e-05,0.052323016,0.154728022,75.89722959,5.179664862,6.268161535,0.017453293,168.875444,12.76646328,14.6293029,25.3313166,CI,SAL,0.206666667,176,0.362905494,-0.106360308,-0.013735714,0.469265801,CI.SAL,176,0.362905494,5.061649799,11.31519985,2.160559893,0.362905493689369,176,304.6954806573798,257.3255498938275,322.150784059062,265.39218665024237
100343,RSN10752,108,10752, MPI,4.66,34.2983,-118.6255,8.038,74.37,474,34.8126,-119.1453,6.35,6.45,-0.000953262,-0.004200797,0.000484768,0.000165709,0.226924055,0.16247134,84.49307928,5.179664862,6.126524324,0.104719755,684.8122895,5.752626592,8.665582299,102.7218434,CI,MPI,-999.0,447,0.058648727,-0.176599475,-0.083974881,0.235248202,CI.MPI,447,0.058648727,4.674680233,2646.120117,4.196090221,0.0586487270815077,447,419.1756454231635,434.8899057025762,403.49659831322873,433.4017602628382
100343,RSN16343,108,16343, MPI,3.74,34.8456,-119.2446,12.927,9.79,474,34.8126,-119.1453,12.35,12.42,0.014118291,0.057848037,0.00428009,0.000616342,0.244058254,0.096062863,37.03785476,5.179664862,6.270295551,0.122173048,1243.329714,22.90658595,13.51561229,186.4994571,CI,MPI,-999.0,679,-0.359413806,-0.176599475,-0.083974881,-0.182814331,CI.MPI,679,-0.359413806,4.674680233,2646.120117,4.196090221,-0.3594138058636194,679,568.8377183509559,661.2614759022342,555.9569592197714,656.5970377037933
100343,RSN11945,108,11945, MPI,4.27,34.3874,-119.4398,6.219,54.36,474,34.8126,-119.1453,14.61,14.72,-0.00298764,-0.008841513,2.75e-06,4.44e-06,0.337910468,0.163795496,84.37611818,5.179664862,6.075787581,0.157079633,989.4922384,672.8918919,3215.095636,148.4238358,CI,MPI,-999.0,596,-0.229033345,-0.176599475,-0.083974881,-0.052433871,CI.MPI,596,-0.229033345,4.674680233,2646.120117,4.196090221,-0.2290333453702731,596,584.4823658514706,617.567206934008,540.1156323238387,587.8242685132128
100361,RSN18456,111,18456, PAGB,3.45,35.8887,-120.4353,8.049,24.25,473,35.7307,-120.2499,22.26,22.3,-0.000262621,-0.001389691,0.000232588,4.07e-05,0.18897784,0.156046264,72.96083648,5.179664862,6.12705915,0.087266463,597.2716177,6.452604423,5.974904122,89.59074266,NC,PAGB,8.69501,414,0.133229415,0.049513515,0.142138109,0.083715899,NC.PAGB,414,0.133229415,20.99570084,479.0830078,7.364409924,0.13322941466661842,414,397.4280397186672,353.10760849539054,373.76823521527024,349.4151806280978
100361,RSN15078,111,15078, PAGB,3.56,36.0672,-120.1861,14.523,37.78,473,35.7307,-120.2499,19.94,20.02,-0.000725389,-0.00309905,0.000163876,6.91e-05,0.234068068,0.148471652,69.41186891,5.179664862,6.305125515,0.122173048,773.2433987,10.49767004,18.91094486,115.9865098,NC,PAGB,8.69501,487,-0.029168735,0.049513515,0.142138109,-0.07868225,NC.PAGB,487,-0.029168735,20.99570084,479.0830078,7.364409924,-0.029168734590657053,487,457.29301469686686,413.83714562082343,403.084428126066,398.35388607327224
100361,RSN20286,111,20286, PAGB,3.9,37.5893,-118.8176,11.872,242.77,473,35.7307,-120.2499,4.8,5.01,9.04e-05,0.000304608,2.32e-05,4.85e-06,0.296729013,0.159842359,87.41702215,5.179664862,6.249807686,0.13962634,898.636287,18.63917526,13.12965517,134.7954431,NC,PAGB,8.69501,546,-0.143523587,0.049513515,0.142138109,-0.193037103,NC.PAGB,546,-0.143523587,20.99570084,479.0830078,7.364409924,-0.14352358725297254,546,571.1230927592555,447.6729271636391,478.31440811729993,447.47766314771394
100361,RSN12065,111,12065, PAGB,4.05,35.7241,-121.0951,7.275,76.47,473,35.7307,-120.2499,22.2,22.4,-0.000168669,-0.001025433,2.73e-05,7.06e-06,0.164485386,0.163148914,85.21739195,5.179664862,6.108028485,0.087266463,499.3055931,23.8907932,37.56164835,74.89583897,NC,PAGB,8.69501,373,0.237516969,0.049513515,0.142138109,0.188003453,NC.PAGB,373,0.237516969,20.99570084,479.0830078,7.364409924,0.23751696884811668,373,360.5388346699938,327.4836745365993,354.8072572639063,329.07680108082104
100393,RSN16641,119,16641, SBB2,3.69,33.735,-117.4936,9.693,110.07,1131,34.6885,-117.8245,12.86,12.97,-0.000231711,-0.00020115,8.51e-06,6.48e-06,1.151928447,0.160965859,85.39814127,5.179664862,6.192470162,0.436332313,2583.039677,35.75787037,23.63689777,387.4559516,CI,SBB2,-999.0,1035,0.08870077,0.072209132,0.164833726,0.016491638,CI.SBB2,1035,0.08870077,2.604199886,820.1699829,4.39688015,0.08870077041665159,1035,753.8096672720642,1029.519176174378,824.0318152361799,947.0495228092612
100393,RSN14675,119,14675, SBB2,3.9,35.3429,-118.5645,9.906,99.16,1131,34.6885,-117.8245,27.88,28.0,-0.000101333,-6.39e-05,6.12e-06,1.25e-05,1.584592709,0.160647648,84.80736339,5.179664862,6.199256899,0.506145483,3007.063855,8.10664,10.44117647,451.0595783,CI,SBB2,-999.0,1163,-0.027900676,0.072209132,0.164833726,-0.100109809,CI.SBB2,1163,-0.027900676,2.604199886,820.1699829,4.39688015,-0.027900676402543567,1163,778.8397491200953,1141.9499197292437,836.4804244277838,1048.5944726905302
100393,RSN19401,119,19401, SBB2,3.43,34.1381,-117.4717,5.767,69.14,1131,34.6885,-117.8245,29.5,29.58,-0.002751328,-0.002264044,6.32e-05,4.79e-05,1.215227093,0.164660961,85.93030602,5.179664862,6.057771424,0.436332313,2590.235534,57.43899791,35.82348101,388.5353301,CI,SBB2,-999.0,1037,0.086770268,0.072209132,0.164833726,0.014561135,CI.SBB2,1037,0.086770268,2.604199886,820.1699829,4.39688015,0.08677026788659337,1037,798.6040059286994,1039.3314396666685,821.4349324629615,949.3461055972706
100393,RSN9969,119,9969, SBB2,4.59,34.9977,-119.1926,10.662,129.75,1131,34.6885,-117.8245,9.47,9.68,-0.00901152,-0.008873494,0.001303626,0.001207204,1.015554798,0.1602891,85.68325026,5.179664862,6.221029194,0.401425728,2412.352285,7.464786399,6.806778938,361.8528428,CI,SBB2,-999.0,982,0.141266168,0.072209132,0.164833726,0.069057035,CI.SBB2,982,0.141266168,2.604199886,820.1699829,4.39688015,0.14126616776165513,982,771.0197120303837,1010.5030295835818,818.9774067286726,946.4016023082104
100400,RSN12870,121,12870, SWS,4.02,33.7129,-116.0516,12.808,88.32,503,32.9451,-115.7999,22.55,22.61,-0.002264465,-0.010762083,0.0008451,9.66e-05,0.210411421,0.158086993,82.27080872,5.179664862,6.268161535,0.104719755,654.816859,23.44166667,12.73468584,98.22252885,CI,SWS,-999.0,435,0.145244139,-0.110490437,-0.017865843,0.255734576,CI.SWS,435,0.145244139,6.524940014,141.8809967,3.49003005,0.14524413901105504,435,423.6041815772763,585.6175366929547,494.1689103053898,550.5819503408193
100400,RSN14521,121,14521, SWS,4.01,33.2617,-116.0659,5.761,43.01,503,32.9451,-115.7999,22.09,22.23,-0.004121853,-0.006152105,3.51e-05,1.68e-05,0.669990671,0.163982439,83.37636768,5.179664862,6.057510055,0.296705973,1774.467794,245.3483929,175.2736467,266.1701691,CI,SWS,-999.0,775,-0.432272859,-0.110490437,-0.017865843,-0.321782423,CI.SWS,775,-0.432272859,6.524940014,141.8809967,3.49003005,-0.43227285925360803,775,715.0648711762221,971.2771724232311,916.3258923206153,944.5034410106193
100400,RSN17853,121,17853, SWS,3.14,33.0622,-115.8937,7.729,15.67,503,32.9451,-115.7999,16.66,16.72,-0.00548452,-0.015842449,0.000512447,7.33e-05,0.346191418,0.147298284,64.32906589,5.179664862,6.11885537,0.174532925,1127.446247,74.82291951,30.9152927,169.1169371,CI,SWS,-999.0,640,-0.240878006,-0.110490437,-0.017865843,-0.13038757,CI.SWS,640,-0.240878006,6.524940014,141.8809967,3.49003005,-0.24087800625397815,640,591.7737718750335,941.8842886958247,732.9004705313685,853.9942549101816
100400,RSN15752,121,15752, SWS,3.81,32.9942,-116.2977,5.726,46.86,503,32.9451,-115.7999,17.31,17.4,0.000474869,0.001329789,7.29e-05,1.75e-05,0.357100804,0.164223063,84.0046477,5.179664862,6.055972626,0.174532925,1039.650827,27.13537143,18.24127572,155.9476241,CI,SWS,-999.0,615,-0.201032098,-0.110490437,-0.017865843,-0.090541661,CI.SWS,615,-0.201032098,6.524940014,141.8809967,3.49003005,-0.20103209770677832,615,588.082123785169,928.1659022428057,741.7088993124485,843.1227355923403
100400,RSN11583,121,11583, SWS,4.51,32.8882,-115.5018,9.4,28.59,503,32.9451,-115.7999,20.22,20.47,0.001492789,0.004508187,0.00015422,0.000323806,0.331128396,0.154442627,72.71850163,5.179664862,6.182598645,0.157079633,1030.400018,4.610133846,29.2321813,154.5600027,CI,SWS,-999.0,612,-0.196142112,-0.110490437,-0.017865843,-0.085651676,CI.SWS,612,-0.196142112,6.524940014,141.8809967,3.49003005,-0.19614211241258683,612,587.6697993590586,890.2234016773907,723.8541262616598,823.9687048471233
100400,RSN16804,121,16804, SWS,3.87,34.1402,-116.7627,11.324,159.89,503,32.9451,-115.7999,17.64,17.71,-5.89e-05,-0.000345776,2.49e-05,9.4e-06,0.170248578,0.159977499,86.26150674,5.179664862,6.237577418,0.087266463,526.5539206,6.265957447,13.88658635,78.98308809,CI,SWS,-999.0,385,0.267346836,-0.110490437,-0.017865843,0.377837272,CI.SWS,385,0.267346836,6.524940014,141.8809967,3.49003005,0.2673468358119546,385,402.2138038807192,536.914587070065,468.9689106895836,509.13116306032936
100400,RSN9108,121,9108, SWS,5.2,33.5328,-116.5697,15.48,96.93,503,32.9451,-115.7999,14.47,14.56,-0.023337713,-0.063920352,0.00095062,0.000189849,0.365106139,0.156081717,81.33361914,5.179664862,6.333749326,0.174532925,1115.622131,122.9277636,67.24069765,167.3433197,CI,SWS,-999.0,637,-0.236179485,-0.110490437,-0.017865843,-0.125689049,CI.SWS,637,-0.236179485,6.524940014,141.8809967,3.49003005,-0.23617948547242396,637,643.1089797048477,944.7318218364827,774.9192765082137,867.8435526228307
100400,RSN15499,121,15499, SWS,3.88,33.1624,-115.9772,9.013,29.24,503,32.9451,-115.7999,18.89,18.95,-0.002295542,-0.00899512,0.000124686,2.02e-05,0.255198624,0.155857119,74.03001317,5.179664862,6.168508418,0.122173048,799.2439909,113.6406931,72.14218116,119.8865986,CI,SWS,-999.0,498,0.009990093,-0.110490437,-0.017865843,0.12048053,CI.SWS,498,0.009990093,6.524940014,141.8809967,3.49003005,0.00999009307508647,498,468.00810384826536,677.4329749933165,597.4620476576903,635.6780736827978
100410,RSN11478,123,11478, TUQ,4.73,33.7328,-117.4921,10.018,237.47,819,35.4358,-115.9239,18.78,18.92,-7.39e-05,-0.00012909,4.38e-05,9.55e-06,0.572330888,0.161102473,87.81168611,5.179664862,6.202702587,0.261799388,1595.852109,7.738219895,2.947260274,239.3778164,CI,TUQ,-999.0,720,0.128832872,0.249087684,0.341712278,-0.120254813,CI.TUQ,720,0.128832872,6.076459885,1279.859985,4.729360104,0.12883287184296854,720,970.5589149953066,902.2400028982095,730.8085839117151,857.9132579173231
100410,RSN18192,123,18192, TUQ,4.08,36.3983,-117.8495,7.662,203.99,819,35.4358,-115.9239,10.22,10.41,6.77e-05,0.000298288,1.2e-05,5.14e-06,0.226936601,0.163380697,88.11105851,5.179664862,6.117348091,0.104719755,681.0365363,13.17120623,24.85733333,102.1554804,CI,TUQ,-999.0,446,0.607765132,0.249087684,0.341712278,0.358677447,CI.TUQ,446,0.607765132,6.076459885,1279.859985,4.729360104,0.6077651318330055,446,471.26533819008915,570.4589055371054,431.7214121322846,560.6655734262439
100410,RSN9296,123,9296, TUQ,5.03,35.3852,-118.6292,7.3,245.79,819,35.4358,-115.9239,20.2,20.39,0.001574679,0.003695283,0.000266236,0.000107643,0.426132176,0.163647371,88.52097037,5.179664862,6.108664217,0.20943951,1224.221413,14.62871715,13.87972701,183.633212,CI,TUQ,-999.0,672,0.197825743,0.249087684,0.341712278,-0.051261941,CI.TUQ,672,0.197825743,6.076459885,1279.859985,4.729360104,0.1978257433299202,672,943.4756765666178,881.0414643914527,691.1035940852397,843.5302125980904
100410,RSN18293,123,18293, TUQ,4.2,36.3905,-117.8695,8.829,205.09,819,35.4358,-115.9239,11.0,11.1,5.49e-05,0.000308042,5.49e-05,1.75e-05,0.178252372,0.162181649,87.79139675,5.179664862,6.161345296,0.087266463,543.0854941,3.137142857,5.610965392,81.46282412,CI,TUQ,-999.0,393,0.734274472,0.249087684,0.341712278,0.485186788,CI.TUQ,393,0.734274472,6.076459885,1279.859985,4.729360104,0.7342744719838086,393,410.56581801552164,510.43798125313145,389.5737863887039,503.14841198058247
100410,RSN18236,123,18236, TUQ,4.36,36.3932,-117.8644,8.798,204.85,819,35.4358,-115.9239,10.17,10.33,8.65e-05,0.00050868,2.14e-05,1.11e-05,0.170074298,0.162215206,87.80013341,5.179664862,6.160106881,0.087266463,518.7735475,7.792792793,23.77009346,77.81603213,CI,TUQ,-999.0,382,0.762663475,0.249087684,0.341712278,0.513575791,CI.TUQ,382,0.762663475,6.076459885,1279.859985,4.729360104,0.7626634752464945,382,420.32666760405857,492.61424205125917,404.9105300865647,500.41934751458695
100410,RSN12909,123,12909, TUQ,4.11,36.0312,-117.7658,4.03,179.25,819,35.4358,-115.9239,19.99,20.13,9.97e-05,0.000512945,3.95e-05,1.13e-05,0.194423145,0.16829261,89.01926974,5.179664862,5.941161117,0.104719755,570.1221445,8.82300885,12.98594937,85.51832168,CI,TUQ,-999.0,404,0.706669206,0.249087684,0.341712278,0.457581521,CI.TUQ,404,0.706669206,6.076459885,1279.859985,4.729360104,0.7066692058919193,404,422.62199932295164,523.2497432154654,409.3943329188817,510.4589676182704
100410,RSN10548,123,10548, TUQ,4.45,34.1081,-117.3062,14.795,194.18,819,35.4358,-115.9239,13.95,14.05,-0.000709125,-0.001071986,0.000244301,0.000162094,0.661506294,0.157984241,85.91164058,5.179664862,6.313637877,0.296705973,1825.187967,4.374776364,4.387972215,273.7781951,CI,TUQ,-999.0,792,0.033522692,0.249087684,0.341712278,-0.215564992,CI.TUQ,792,0.033522692,6.076459885,1279.859985,4.729360104,0.033522692038643775,792,852.4353916797785,950.0948740308207,769.457249870845,914.9819859858976
100410,RSN14689,123,14689, TUQ,3.9,35.3429,-118.5645,9.906,240.13,819,35.4358,-115.9239,25.3,25.46,7.55e-05,0.000200414,7.86e-06,6.09e-06,0.3769228,0.161196836,87.85698219,5.179664862,6.199256899,0.174532925,1111.018842,12.39737274,25.49796438,166.6528263,CI,TUQ,-999.0,635,0.254459085,0.249087684,0.341712278,0.005371401,CI.TUQ,635,0.254459085,6.076459885,1279.859985,4.729360104,0.25445908496037806,635,845.3822264217215,849.3158432621167,655.7204375944433,794.8864283424568
100410,RSN14360,123,14360, TUQ,4.19,33.4453,-116.439,8.875,225.82,819,35.4358,-115.9239,9.1,9.19,0.000408243,0.000643663,0.000139942,0.000108583,0.634249654,0.162154096,87.9865245,5.179664862,6.16316588,0.27925268,1718.532305,3.759732186,4.599498364,257.7798458,CI,TUQ,-999.0,757,0.07872083,0.249087684,0.341712278,-0.170366854,CI.TUQ,757,0.07872083,6.076459885,1279.859985,4.729360104,0.07872083041562128,757,853.2262530966102,926.9820307537354,745.304864264948,888.2452898946652
100410,RSN12722,123,12722, TUQ,4.34,35.8373,-117.678,6.864,165.01,819,35.4358,-115.9239,22.7,22.89,0.000102792,0.000419074,1.59e-05,9.84e-06,0.245284367,0.163913848,87.93964652,5.179664862,6.096821743,0.122173048,732.1183023,10.44634146,26.35685535,109.8177453,CI,TUQ,-999.0,469,0.557481315,0.249087684,0.341712278,0.308393631,CI.TUQ,469,0.557481315,6.076459885,1279.859985,4.729360104,0.5574813154067906,469,499.45050278044425,594.2510834437414,449.4056432759652,580.4520766408061
100410,RSN14425,123,14425, TUQ,4.14,34.8632,-116.3444,6.474,74.19,819,35.4358,-115.9239,17.44,17.59,-0.003197117,-0.004883866,1.67e-05,1.61e-05,0.654628381,0.163874298,85.65229324,5.179664862,6.084678138,0.296705973,1746.455394,198.5786957,292.4470659,261.9683091,CI,TUQ,-999.0,766,0.066901914,0.249087684,0.341712278,-0.18218577,CI.TUQ,766,0.066901914,6.076459885,1279.859985,4.729360104,0.0669019141124787,766,708.4059229489544,880.6859767467314,663.3047115911925,857.2541657607838
100410,RSN16567,123,16567, TUQ,3.61,34.2449,-117.4464,12.48,191.96,819,35.4358,-115.9239,17.51,17.6,-5.95e-05,-9.73e-05,2.51e-05,2.68e-05,0.611800322,0.159401198,86.54233224,5.179664862,6.262058538,0.27925268,1702.378454,2.220149254,3.876494024,255.3567681,CI,TUQ,-999.0,751,0.086678432,0.249087684,0.341712278,-0.162409252,CI.TUQ,751,0.086678432,6.076459885,1279.859985,4.729360104,0.08667843208893533,751,793.2804502177307,924.428477013149,718.5284155759178,880.4201580010487
100410,RSN9114,123,9114, TUQ,5.2,33.5328,-116.5697,15.48,219.28,819,35.4358,-115.9239,13.5,13.68,0.00646537,0.010198872,0.001796641,0.001310107,0.633929905,0.157537231,86.19988068,5.179664862,6.333749326,0.27925268,1768.24435,4.934993859,5.676633228,265.2366525,CI,TUQ,-999.0,773,0.057805035,0.249087684,0.341712278,-0.191282649,CI.TUQ,773,0.057805035,6.076459885,1279.859985,4.729360104,0.0578050352656474,773,762.000339263611,928.8625581508912,733.8557645127983,898.2726549743045
100410,RSN13570,123,13570, TUQ,4.06,32.7797,-117.3507,7.174,322.7,819,35.4358,-115.9239,2.36,2.53,2.66e-05,3.43e-05,1.47e-05,9.8e-06,0.776709499,0.163758901,88.89812918,5.179664862,6.105409111,0.331612558,1980.502715,2.714285714,2.333333333,297.0754073,CI,TUQ,-999.0,844,-0.030068411,0.249087684,0.341712278,-0.279156095,CI.TUQ,844,-0.030068411,6.076459885,1279.859985,4.729360104,-0.030068410742887686,844,881.7661235361105,1019.1248297016376,806.9278536391181,961.6223316739648
100410,RSN17301,123,17301, TUQ,3.53,34.2894,-116.8271,6.278,151.64,819,35.4358,-115.9239,36.63,36.77,0.000282849,0.00040096,9e-05,6.36e-05,0.705430371,0.16442825,87.98478391,5.179664862,6.07791863,0.314159265,1841.779298,4.447311321,4.455111111,276.2668947,CI,TUQ,-999.0,798,0.025975486,0.249087684,0.341712278,-0.223112198,CI.TUQ,798,0.025975486,6.076459885,1279.859985,4.729360104,0.02597548640326064,798,760.8895817573708,925.7608636636504,730.3840737938459,880.7482455599884
100410,RSN8870,123,8870, TUQ,5.39,33.9465,-117.7667,14.89,236.24,819,35.4358,-115.9239,21.9,22.09,-0.001572971,-0.002100968,0.000433528,0.000254576,0.748689071,0.158038761,86.61738917,5.179664862,6.31653763,0.314159265,1995.285467,6.178787474,4.846210625,299.2928201,CI,TUQ,-999.0,849,-0.035975102,0.249087684,0.341712278,-0.285062787,CI.TUQ,849,-0.035975102,6.076459885,1279.859985,4.729360104,-0.03597510245827795,849,913.4072685118983,1003.5957294724166,820.959679912218,953.4872283013831
100410,RSN17441,123,17441, TUQ,3.73,35.2675,-117.3498,7.92,130.95,819,35.4358,-115.9239,34.8,34.88,0.000118883,0.00040634,7.89e-05,3.6e-05,0.292570998,0.163084267,86.92940204,5.179664862,6.122995859,0.13962634,869.3902575,3.302305556,5.150063371,130.4085386,CI,TUQ,-999.0,531,0.433322063,0.249087684,0.341712278,0.184234378,CI.TUQ,531,0.433322063,6.076459885,1279.859985,4.729360104,0.43332206261113093,531,546.8865372002635,650.076108877833,482.8968748568906,644.2518092383602
100410,RSN15533,123,15533, TUQ,3.68,34.7251,-116.0506,2.727,79.69,819,35.4358,-115.9239,27.0,27.09,-0.000208085,-0.00034977,4.98e-05,4.94e-05,0.594918592,0.168364923,88.73161991,5.179664862,5.93802414,0.261799388,1572.621224,4.212246964,7.023493976,235.8931836,CI,TUQ,-999.0,743,0.097388039,0.249087684,0.341712278,-0.151699645,CI.TUQ,743,0.097388039,6.076459885,1279.859985,4.729360104,0.09738803913531058,743,720.8260160114305,885.3857937560771,654.1908146880187,856.1434843938312
100410,RSN13307,123,13307, TUQ,4.19,34.3571,-116.8418,9.486,146.15,819,35.4358,-115.9239,13.99,14.1,0.001994105,0.002767194,0.000396049,0.000290002,0.720623452,0.16138677,86.62742837,5.179664862,6.185563454,0.314159265,1904.12679,6.876176716,6.986999083,285.6190185,CI,TUQ,-999.0,819,0.0,0.249087684,0.341712278,-0.249087684,CI.TUQ,819,0.0,6.076459885,1279.859985,4.729360104,0.0,819,801.1098553663361,946.6528506650559,757.1657235672577,902.3625095535376
100410,RSN13907,123,13907, TUQ,4.17,34.3277,-116.829,4.957,148.18,819,35.4358,-115.9239,19.5,19.64,-0.00019132,-0.000309991,2.45e-05,1.21e-05,0.617179356,0.166173138,88.44750746,5.179664862,6.015610792,0.27925268,1643.641063,15.81157025,12.65269388,246.5461595,CI,TUQ,-999.0,731,0.113670624,0.249087684,0.341712278,-0.13541706,CI.TUQ,731,0.113670624,6.076459885,1279.859985,4.729360104,0.11367062410329165,731,897.8078052403458,890.4750412882717,699.0868270069452,850.0768306119636
100410,RSN17535,123,17535, TUQ,3.62,33.9521,-116.3635,9.067,169.45,819,35.4358,-115.9239,21.04,21.19,-3.02e-05,-5.5e-05,2.01e-06,2.94e-06,0.549051893,0.161873555,87.25089103,5.179664862,6.170551665,0.244346095,1532.675047,10.27210884,27.36318408,229.9012571,CI,TUQ,-999.0,780,0.048790164,0.249087684,0.341712278,-0.20029752,CI.TUQ,780,0.048790164,6.076459885,1279.859985,4.729360104,0.04879016416943216,780,873.6326967125419,970.2822871484384,763.977385691727,922.4609197431838
100410,RSN17977,123,17977, TUQ,4.04,36.3911,-117.8665,9.439,204.9,819,35.4358,-115.9239,9.68,9.87,8.26e-05,0.000340213,7.87e-06,5.53e-06,0.242841807,0.161569382,87.61950327,5.179664862,6.183950287,0.122173048,735.7538967,14.93670886,43.22909784,110.3630845,CI,TUQ,-999.0,471,0.55322599,0.249087684,0.341712278,0.304138305,CI.TUQ,471,0.55322599,6.076459885,1279.859985,4.729360104,0.553225989836652,471,491.3360967001788,591.46897637916,447.13866168557297,583.1554516507775
100442,RSN17974,132,17974, TFT,4.04,36.3911,-117.8665,9.439,197.0,332,35.1459,-119.4195,13.7,13.8,-0.000720362,-0.003145269,0.000410871,2.63e-05,0.22903018,0.161557713,87.52196122,5.179664862,6.183950287,0.104719755,694.7638994,27.39019011,7.655125331,104.2145849,CI,TFT,-999.0,452,-0.308547211,-0.484833221,-0.392208627,0.17628601,CI.TFT,452,-0.308547211,4.117599964,231.0299988,3.351910114,-0.30854721091574344,452,474.49624837599123,459.9412546835638,502.57643027737214,485.3186338699086
100442,RSN14198,132,14198, TFT,3.69,34.7697,-120.4993,10.11,107.09,332,35.1459,-119.4195,29.3,29.44,-0.000528788,-0.001640938,0.000111394,5.16e-05,0.322247477,0.160544958,85.04132651,5.179664862,6.205472367,0.157079633,967.1226823,10.24782946,14.73093703,145.0684023,CI,TFT,-999.0,584,-0.564766014,-0.484833221,-0.392208627,-0.079932793,CI.TFT,584,-0.564766014,4.117599964,231.0299988,3.351910114,-0.564766013911739,584,585.9615821775175,577.2670498332787,630.3686075582478,605.8705798046142
100442,RSN13468,132,13468, TFT,3.9,34.4032,-118.651,13.612,108.34,332,35.1459,-119.4195,24.4,24.52,0.000532984,0.001710742,0.000304069,6.23e-05,0.311551693,0.158095064,83.27761185,5.179664862,6.281821568,0.157079633,952.3801462,8.555120385,5.626163798,142.8570219,CI,TFT,-999.0,576,-0.550972692,-0.484833221,-0.392208627,-0.066139471,CI.TFT,576,-0.550972692,4.117599964,231.0299988,3.351910114,-0.5509726917794033,576,558.116336193054,569.3394156598386,619.5828005071126,597.4214772950561
100442,RSN10301,132,10301, TFT,4.34,35.0174,-119.1492,9.557,28.48,332,35.1459,-119.4195,4.1,4.26,-0.003917818,-0.012180985,0.000193106,8.86e-05,0.321633947,0.154052351,72.41524158,5.179664862,6.187968323,0.157079633,1006.139683,44.21916479,63.07926735,150.9209525,CI,TFT,-999.0,604,-0.598439229,-0.484833221,-0.392208627,-0.113606008,CI.TFT,604,-0.598439229,4.117599964,231.0299988,3.351910114,-0.5984392290183269,604,574.6024772809612,603.5577815663493,639.5201929686687,627.2948385895425
100442,RSN10821,132,10821, TFT,4.66,34.2983,-118.6255,8.038,118.87,332,35.1459,-119.4195,18.98,19.05,-0.000560723,-0.002113458,0.000656546,0.000226233,0.265310753,0.162930171,86.5575866,5.179664862,6.126524324,0.122173048,792.9180387,2.478519933,3.219055481,118.9377058,CI,TFT,-999.0,496,-0.401440958,-0.484833221,-0.392208627,0.083392263,CI.TFT,496,-0.401440958,4.117599964,231.0299988,3.351910114,-0.4014409578084397,496,499.3772534213378,487.9598133077648,537.487443039921,515.6507414562325
100452,RSN18047,134,18047, RCT,4.5,36.3915,-117.8683,9.117,123.84,282,36.3052,-119.2438,10.67,10.82,0.008545547,0.046019592,0.001395475,0.001429802,0.185693682,0.161653603,86.19356204,5.179664862,6.172420506,0.087266463,566.8678937,5.976734541,32.97772586,85.03018406,CI,RCT,3.7,402,-0.354545018,-0.356168493,-0.263543899,0.001623475,CI.RCT,402,-0.354545018,5.659100056,108.0770035,0.161065996,-0.3545450176809073,402,403.51381222010633,384.91366888115715,349.5495239374978,346.6653669176342
100452,RSN18187,134,18187, RCT,4.08,36.3983,-117.8495,7.662,125.58,282,36.3052,-119.2438,10.8,10.9,0.000721735,0.003909779,0.001164321,0.000161988,0.18459726,0.163234112,86.92469468,5.179664862,6.117348091,0.087266463,558.1731387,4.455484357,3.357990623,83.72597081,CI,RCT,3.7,399,-0.347054346,-0.356168493,-0.263543899,0.009114147,CI.RCT,399,-0.347054346,5.659100056,108.0770035,0.161065996,-0.3470543459517499,399,407.96667843022493,384.97019079457556,354.09397110501004,356.3344673834365
100452,RSN9769,134,9769, RCT,4.69,35.0172,-119.0247,9.251,144.28,282,36.3052,-119.2438,8.5,8.69,-0.001611656,-0.008486225,0.000302358,0.000148191,0.18991437,0.16161363,86.69773499,5.179664862,6.177322679,0.087266463,579.4561065,10.87553225,28.06681153,86.91841598,CI,RCT,3.7,407,-0.366906115,-0.356168493,-0.263543899,-0.010737622,CI.RCT,407,-0.366906115,5.659100056,108.0770035,0.161065996,-0.36690611450448074,407,425.9182437296218,393.9951139208045,363.5912909090732,356.9203531302658
100522,RSN17543,140,17543, SMV,3.37,34.0531,-118.8243,10.415,25.27,260,34.2709,-118.7441,19.63,19.72,-0.001548493,-0.021145052,0.000417766,0.000232022,0.073231917,0.149804955,68.58033662,5.179664862,6.214284019,0.034906585,243.9200919,6.673905923,50.61458328,36.58801379,CI,SMV,1.013574333,233,0.109643177,-0.179620587,-0.086995994,0.289263764,CI.SMV,233,0.109643177,2.530819893,277.7080078,1.301259995,0.10964317744982743,233,348.88329327318723,413.5690730805492,299.86330889885056,363.2960471953687
100522,RSN8430,140,8430, SMV,4.92,34.31,-116.848,6.3,174.24,260,34.2709,-118.7441,18.95,19.04,-0.003299754,-0.028571822,0.006752863,0.001035396,0.115489815,0.164430774,88.23504898,5.179664862,6.078701489,0.052359878,349.341876,3.186948762,4.231067919,52.4012814,CI,SMV,1.013574333,297,-0.133050508,-0.179620587,-0.086995994,0.046570079,CI.SMV,297,-0.133050508,2.530819893,277.7080078,1.301259995,-0.1330505077871722,297,362.39632900390365,375.57031938817437,318.4718121460165,357.2738746730425
100522,RSN13457,140,13457, SMV,3.9,34.4032,-118.651,13.612,16.99,260,34.2709,-118.7441,19.68,19.83,0.004865558,0.035780116,0.000421001,0.000191147,0.135984967,0.125019459,51.75305435,5.179664862,6.281821568,0.06981317,540.2098525,25.45453499,84.98819718,81.03147788,CI,SMV,1.013574333,391,-0.408025929,-0.179620587,-0.086995994,-0.228405342,CI.SMV,391,-0.408025929,2.530819893,277.7080078,1.301259995,-0.40802592896983825,391,407.7372920418428,480.5797953361847,374.11880729572044,449.7422725325906
100522,RSN9986,140,9986, SMV,4.59,34.9977,-119.1926,10.662,90.51,260,34.2709,-118.7441,7.7,7.91,0.00211093,0.012033203,0.000671439,0.000191183,0.175425491,0.159806154,83.80413195,5.179664862,6.221029194,0.087266463,542.6786535,11.04141059,17.92151335,81.40179803,CI,SMV,1.013574333,392,-0.410580209,-0.179620587,-0.086995994,-0.230959622,CI.SMV,392,-0.410580209,2.530819893,277.7080078,1.301259995,-0.4105802087749346,392,394.2946020523223,415.5778309916085,352.2328530448747,400.25387992208806
100522,RSN10809,140,10809, SMV,4.66,34.2983,-118.6255,8.038,11.34,260,34.2709,-118.7441,18.84,18.9,-0.017939486,-0.216047683,0.012590459,0.000621069,0.083034844,0.133480145,54.86211705,5.179664862,6.126524324,0.034906585,310.1608957,28.88485176,17.15963517,46.52413436,CI,SMV,1.013574333,275,-0.056089467,-0.179620587,-0.086995994,0.12353112,CI.SMV,275,-0.056089467,2.530819893,277.7080078,1.301259995,-0.056089466651044084,275,326.5598991263251,448.2825695139457,303.02210778639625,399.8316207232993
100549,RSN11274,147,11274, SMM,4.39,35.6421,-120.9543,5.902,94.29,225,35.3142,-119.9958,14.0,14.21,0.000735045,0.012688198,0.000170415,5.12e-05,0.057931373,0.164692931,86.98275016,5.179664862,6.063488731,0.034906585,175.6894548,14.35634766,74.45470176,26.35341822,CI,SMM,0.940016,182,0.212093715,-0.180500098,-0.087875505,0.392593813,CI.SMM,182,0.212093715,2.213140011,599.1740112,0.199263006,0.21209371512762498,182,310.4053015138728,268.9724588011668,233.42159652393843,234.15729265764762
100549,RSN9278,147,9278, SMM,5.03,35.3852,-118.6292,7.3,124.47,225,35.3142,-119.9958,13.61,13.96,0.001695014,0.01309028,0.000299458,8.54e-05,0.129486469,0.163487601,87.06790039,5.179664862,6.108664217,0.06981317,393.6910238,19.84793911,43.71324192,59.05365357,CI,SMM,0.940016,323,-0.361551921,-0.180500098,-0.087875505,-0.181051823,CI.SMM,323,-0.361551921,2.213140011,599.1740112,0.199263006,-0.3615519210182363,323,352.64204508488865,310.8389271514078,292.1824123465529,279.3677637981251
100549,RSN13455,147,13455, SMM,3.9,34.4032,-118.651,13.612,159.18,225,35.3142,-119.9958,26.3,26.48,7.17e-05,0.000543624,7.33e-05,7.45e-06,0.131870591,0.158684753,85.43616799,5.179664862,6.281821568,0.06981317,412.9487274,9.624161074,7.416425648,61.94230911,CI,SMM,0.940016,333,-0.392042088,-0.180500098,-0.087875505,-0.21154199,CI.SMM,333,-0.392042088,2.213140011,599.1740112,0.199263006,-0.3920420877760238,333,368.4324147868982,327.5417879045664,314.66685489032056,287.7302239357694
