SSN,File.name,Code,RSN,SID,Mw,E.Lat,E.Long,E.Dep,EpiD,Vs30_mea,S.Lat,S.Long,p.ver,peak.time,Ur,Uz,max.noise.ver.05,max.noise.rad.05,U.ratio,ray.p,i2.angle,Vp_1,Vp_2,j.angle,Vsz,SNRrad,SNRver,z_0.15,network,station,f0,Vs30_est,Res,y_bar,eta,within_res,station2,Vs30_f0,Res_f0,slope,mean_ele_500m,slope_500m,log_res,P-wave_pred,Set1_pred,Set2_pred,Set3_pred,Set4_pred
1312,RSN2052,3,2052,13099,4.27,33.9173,-117.7758,7.0,17.5,420,33.876,-117.593,1.7,1.84,0.039527627,0.200839827,0.036904327,0.006309299,0.196811695,0.153479091,69.44395478,5.179664862,6.100695365,0.104719755,632.5468538,6.2649792,5.442175575,94.88202807,CE,13099,0.35,427,-0.016529302,-0.103339769,-0.010715175,0.086810467,CE.13099,427,-0.016529302,4.117599964,219.6060028,2.600260019,-0.01652930195121094,427,431.8666407600217,417.89513411751426,446.64468013883345,406.65383982058114
1312,RSN10576,3,10576,13099,4.45,34.1081,-117.3062,14.795,36.95,420,33.876,-117.593,19.83,19.915,-0.057999847,-0.198856957,0.001589147,0.001106862,0.291666171,0.147900382,69.03344512,5.179664862,6.313637877,0.13962634,955.9078497,52.40025134,125.1344004,143.3861775,CE,13099,0.35,577,-0.317587555,-0.103339769,-0.010715175,-0.214247787,CE.13099,577,-0.317587555,4.117599964,219.6060028,2.600260019,-0.31758755523068594,577,543.8329626792024,543.4586823932424,525.9681277255074,506.9711634376848
1312,RSN11504,3,11504,13099,4.73,33.7328,-117.4921,10.018,18.43,420,33.876,-117.593,24.61,24.665,-0.02417688,-0.143618268,0.025164524,0.005369382,0.168341257,0.142421923,62.05536456,5.179664862,6.202702587,0.087266463,585.0156028,4.502730482,5.707172049,87.75234042,CE,13099,0.35,410,0.024097552,-0.103339769,-0.010715175,0.12743732,CE.13099,410,0.024097552,4.117599964,219.6060028,2.600260019,0.024097551579060017,410,396.19283247185933,401.08256530031633,418.01422892797484,401.42699374098146
1592,RSN16013,7,16013,-999,3.73,35.6346,-117.5657,2.693,143.29,726,34.8294,-116.335,36.08,36.33,0.000118602,0.000294744,1.03e-05,1.53e-05,0.402390633,0.168394048,89.31207735,5.179664862,5.93802414,0.191986218,1129.142565,7.751764706,28.61592233,169.3713848,,,-1.0,640,0.126081838,0.103498702,0.196123295,0.022583137,NA.NA,640,0.126081838,44.26279831,898.9589844,9.174039841,0.12608183847107846,640,777.143983359248,676.6982419934676,852.9529669399628,697.4297187773509
1592,RSN14590,7,14590,-999,4.11,35.6211,-117.5805,9.045,143.43,726,34.8294,-116.335,39.99,40.09,0.000213611,0.001516939,4.06e-05,1.21e-05,0.140817422,0.161822348,86.75737805,5.179664862,6.169722379,0.06981317,431.9001847,17.65380165,37.36302956,64.78502771,,,-1.0,343,0.749819568,0.103498702,0.196123295,0.646320866,NA.NA,343,0.749819568,44.26279831,898.9589844,9.174039841,0.7498195676588564,343,440.26853433582545,419.6889743439787,427.4780238063045,431.1305508063164
1592,RSN12691,7,12691,-999,4.34,35.8373,-117.678,6.864,165.57,726,34.8294,-116.335,25.01,25.13,0.000140563,0.000960378,1.71e-05,1.22e-05,0.146361817,0.163915136,87.95219892,5.179664862,6.096821743,0.06981317,442.8302046,11.52155738,56.16245614,66.42453069,,,-1.0,348,0.735347535,0.103498702,0.196123295,0.631848833,NA.NA,348,0.735347535,44.26279831,898.9589844,9.174039841,0.7353475350503214,348,420.5872282151053,411.33401977321773,423.904072448791,429.9809718883305
1592,RSN8219,7,8219,-999,4.92,33.5083,-116.5143,15.2,147.82,726,34.8294,-116.335,26.3,26.5,-0.003064116,-0.003293982,0.000370207,0.000354905,0.930216542,0.157341639,84.44486918,5.179664862,6.325747735,0.366519143,2321.460886,8.633623082,8.897676165,348.2191329,,,-1.0,953,-0.272064889,0.103498702,0.196123295,-0.375563591,NA.NA,953,-0.272064889,44.26279831,898.9589844,9.174039841,-0.27206488882940594,953,823.6724267808662,863.5848995041272,893.2507719977945,859.7804413082592
1592,RSN14238,7,14238,-999,3.94,32.7219,-116.8133,20.237,237.92,726,34.8294,-116.335,25.95,26.06,-2.71e-05,-6.08e-05,7.5e-06,2.6e-06,0.445965928,0.154755732,85.33996833,5.179664862,6.440435438,0.20943951,1345.352857,10.42307692,8.106666667,201.8029286,,,-1.0,716,0.013869848,0.103498702,0.196123295,-0.089628854,NA.NA,716,0.013869848,44.26279831,898.9589844,9.174039841,0.013869847864150131,716,1018.4316272450388,753.2545736304393,1013.9250942025866,782.0592380607122
1592,RSN14729,7,14729,-999,3.84,34.2268,-117.4407,8.593,121.55,726,34.8294,-116.335,20.95,21.03,4.71e-05,0.000116053,2.25e-05,6.26e-06,0.406227975,0.16223288,86.37943632,5.179664862,6.151676073,0.191986218,1181.676041,7.523961661,5.157911111,177.2514062,,,-1.0,655,0.102914779,0.103498702,0.196123295,-0.000583923,NA.NA,655,0.102914779,44.26279831,898.9589844,9.174039841,0.10291477918954417,655,705.9346920343451,668.7636937977022,802.8424733586485,689.8650569052935
1592,RSN18015,7,18015,-999,5.0,36.3864,-117.8583,7.408,221.12,726,34.8294,-116.335,11.18,11.24,4.71e-05,0.000218673,3.43e-05,1.85e-05,0.215608623,0.16355983,88.323988,5.179664862,6.11135504,0.104719755,647.8599628,2.545945946,6.375306122,97.17899442,,,-1.0,432,0.519124427,0.103498702,0.196123295,0.415625725,NA.NA,432,0.519124427,44.26279831,898.9589844,9.174039841,0.5191244265806851,432,455.9952623406055,472.72801294282465,488.84244771194574,482.51369062755174
1592,RSN13241,7,13241,-999,4.19,34.3571,-116.8418,9.486,70.05,726,34.8294,-116.335,12.38,12.47,-0.002350667,-0.0068097,0.000204123,9.05e-06,0.345193954,0.160422411,82.88659866,5.179664862,6.185563454,0.174532925,1032.53807,259.7422099,33.36076777,154.8807105,,,-1.0,613,0.169185079,0.103498702,0.196123295,0.065686377,NA.NA,613,0.169185079,44.26279831,898.9589844,9.174039841,0.16918507888858425,613,641.7979236486839,638.3537198584463,716.5763408420464,666.768313382397
1592,RSN17257,7,17257,-999,3.53,34.2894,-116.8271,6.278,75.02,726,34.8294,-116.335,26.68,26.78,-0.000325428,-0.000736611,5.61e-06,8.97e-06,0.441791556,0.164101647,85.8646325,5.179664862,6.07791863,0.20943951,1258.730323,36.27959866,131.3032086,188.8095485,,,-1.0,685,0.058131177,0.103498702,0.196123295,-0.045367525,NA.NA,685,0.058131177,44.26279831,898.9589844,9.174039841,0.058131176562570275,685,711.0149894884732,697.2490882970394,783.4952237167956,711.1178639038477
1592,RSN16795,7,16795,-999,3.87,34.1402,-116.7627,11.324,85.96,726,34.8294,-116.335,14.74,14.82,0.000176751,0.000423454,2.68e-05,2.46e-05,0.417403003,0.159121346,82.99321538,5.179664862,6.237577418,0.191986218,1233.232771,7.185,15.80052239,184.9849157,,,-1.0,675,0.072837324,0.103498702,0.196123295,-0.030661378,NA.NA,675,0.072837324,44.26279831,898.9589844,9.174039841,0.07283732395226572,675,694.677743785911,683.6059493367935,768.099989644595,702.1397901691263
1592,RSN13941,7,13941,-999,3.79,34.2691,-117.4608,11.018,120.58,726,34.8294,-116.335,20.87,21.09,-0.000451952,-0.000688561,9.04e-06,6.43e-06,0.656371476,0.159943004,85.18790853,5.179664862,6.230189198,0.296705973,1792.801917,70.28802488,76.16825221,268.9202876,,,-1.0,782,-0.074304726,0.103498702,0.196123295,-0.177803428,NA.NA,782,-0.074304726,44.26279831,898.9589844,9.174039841,-0.07430472572051539,782,785.440876663336,740.6749372322458,778.1837374904197,746.4948469238936
1592,RSN18259,7,18259,-999,4.2,36.3905,-117.8695,8.829,222.1,726,34.8294,-116.335,9.88,10.01,3.73e-05,0.000129027,4.46e-06,1.07e-05,0.289337983,0.162199545,87.9619116,5.179664862,6.161345296,0.13962634,865.2084883,3.485981308,28.92982063,129.7812732,,,-1.0,529,0.316561583,0.103498702,0.196123295,0.213062881,NA.NA,529,0.316561583,44.26279831,898.9589844,9.174039841,0.3165615829664965,529,659.2794450055528,555.7189994568416,635.4534347844611,571.8213228625913
1592,RSN12757,7,12757,-999,4.26,33.9538,-116.3912,7.696,97.27,726,34.8294,-116.335,23.1,23.16,-0.000339154,-0.000606615,0.000162027,7.82e-05,0.559092267,0.163052842,86.01008141,5.179664862,6.118116656,0.261799388,1548.598542,4.337007673,3.743913052,232.2897813,,,-1.0,766,-0.053632155,0.103498702,0.196123295,-0.157130857,NA.NA,766,-0.053632155,44.26279831,898.9589844,9.174039841,-0.053632154915795205,766,801.8442582095358,767.3441599460085,884.8368145088812,785.8305164760291
1592,RSN17500,7,17500,-999,3.62,33.9521,-116.3635,9.067,97.35,726,34.8294,-116.335,20.11,20.2,-0.000115983,-0.000246289,1.94e-05,1.49e-05,0.470921563,0.161490903,85.19664871,5.179664862,6.170551665,0.226892803,1353.426993,7.78409396,12.69530928,203.014049,,,-1.0,719,0.009688657,0.103498702,0.196123295,-0.093810045,NA.NA,719,0.009688657,44.26279831,898.9589844,9.174039841,0.009688657103748888,719,742.0011774732883,719.3559268887354,809.427549750054,735.5430306921617
1592,RSN9023,7,9023,-999,5.2,33.5328,-116.5697,15.48,145.44,726,34.8294,-116.335,20.95,21.1,-0.003391675,-0.004682369,0.000754472,0.000226709,0.724350181,0.157092152,84.25789277,5.179664862,6.333749326,0.314159265,1963.069207,14.96047797,6.206153442,294.4603811,,,-1.0,838,-0.143468086,0.103498702,0.196123295,-0.246966788,NA.NA,838,-0.143468086,44.26279831,898.9589844,9.174039841,-0.14346808565728697,838,809.6917762559625,771.2299336185954,822.3975366554486,784.1247311487497
1592,RSN18091,7,18091,-999,5.19,36.4034,-117.8499,9.418,222.11,726,34.8294,-116.335,12.55,12.63,-4.79e-05,-0.000106717,3.15e-05,1.66e-05,0.449219971,0.161609664,87.80872413,5.179664862,6.183223963,0.20943951,1296.183155,2.885542169,3.38784127,194.4274733,,,-1.0,699,0.037899273,0.103498702,0.196123295,-0.065599429,NA.NA,699,0.037899273,44.26279831,898.9589844,9.174039841,0.03789927259098569,699,917.3462773135268,708.00690700223,930.651081431999,746.0721767960636
1592,RSN16825,7,16825,-999,3.49,34.309,-116.9297,9.684,79.44,726,34.8294,-116.335,10.45,10.51,0.000447665,0.001824093,0.000133799,8.76e-06,0.245417916,0.160502448,83.64723144,5.179664862,6.192176404,0.122173048,748.0633886,51.1033105,13.63308395,112.2095083,,,-1.0,476,0.422132161,0.103498702,0.196123295,0.318633459,NA.NA,476,0.422132161,44.26279831,898.9589844,9.174039841,0.42213216059337544,476,485.209889246546,510.8962558573091,471.11911589650754,503.7894074693227
1592,RSN10070,7,10070,-999,4.18,34.3617,-118.6637,11.151,219.83,726,34.8294,-116.335,6.5,6.67,0.000158484,0.000423788,3.27e-05,9.18e-06,0.373969449,0.160251092,87.33399243,5.179664862,6.233452986,0.174532925,1109.864259,17.26405229,12.95987768,166.4796389,,,-1.0,635,0.133925016,0.103498702,0.196123295,0.030426314,NA.NA,635,0.133925016,44.26279831,898.9589844,9.174039841,0.13392501593210415,635,740.2315213257441,671.2369136976876,881.9122088394568,707.931838606725
1592,RSN8328,7,8328,-999,4.27,33.9173,-117.7758,7.0,166.65,726,34.8294,-116.335,10.3,10.55,0.000653785,0.001130951,0.000102579,3.22e-05,0.578084235,0.163807474,87.91743472,5.179664862,6.100695365,0.261799388,1581.553122,20.30388199,11.02517084,237.2329683,,,-1.0,734,-0.010959014,0.103498702,0.196123295,-0.114457716,NA.NA,734,-0.010959014,44.26279831,898.9589844,9.174039841,-0.010959013789719307,734,968.9827251682143,764.0169855843349,959.8726912396984,784.2093315758003
1592,RSN9355,7,9355,-999,4.88,34.0655,-117.0011,17.501,104.54,726,34.8294,-116.335,13.0,13.12,-0.002092937,-0.003807435,0.000481575,8.36e-05,0.54969731,0.154671615,80.89833336,5.179664862,6.383907006,0.244346095,1605.512329,25.03513158,7.906213985,240.8268494,,,-1.0,718,0.011080446,0.103498702,0.196123295,-0.092418256,NA.NA,718,0.011080446,44.26279831,898.9589844,9.174039841,0.011080445776571857,718,944.0144626362099,719.6277674651935,872.3223212663365,746.9480586633805
1592,RSN17084,7,17084,-999,3.52,34.2098,-116.4371,4.645,69.37,726,34.8294,-116.335,24.76,24.85,0.000365149,0.000793139,3.61e-05,6.49e-06,0.460384929,0.166577835,86.93171413,5.179664862,5.994593769,0.20943951,1283.586827,56.2633282,21.97060942,192.5380241,,,-1.0,694,0.045078054,0.103498702,0.196123295,-0.058420648,NA.NA,694,0.045078054,44.26279831,898.9589844,9.174039841,0.04507805431799117,694,730.8605067207162,711.5798000271707,807.1901576780231,723.1772698205475
1592,RSN15527,7,15527,-999,3.68,34.7251,-116.0506,2.727,28.49,726,34.8294,-116.335,17.52,17.68,0.001090494,0.003133314,0.00011733,1.99e-05,0.348032094,0.168062743,86.34017784,5.179664862,5.93802414,0.174532925,992.8490299,54.79869347,26.70513935,148.9273545,,,-1.0,598,0.193959261,0.103498702,0.196123295,0.090460559,NA.NA,598,0.193959261,44.26279831,898.9589844,9.174039841,0.19395926087416449,598,607.8250663716931,625.9171473261359,667.9283205961664,651.3562519780063
1592,RSN11388,7,11388,-999,4.73,33.7328,-117.4921,10.018,161.71,726,34.8294,-116.335,23.18,23.33,-0.000102887,-0.000222363,5.76e-05,1.38e-05,0.462697486,0.160964579,86.7740797,5.179664862,6.202702587,0.20943951,1333.896691,7.45557971,3.86046875,200.0845037,,,-1.0,712,0.019472103,0.103498702,0.196123295,-0.084026599,NA.NA,712,0.019472103,44.26279831,898.9589844,9.174039841,0.01947210341282002,712,809.308534482406,723.0630326456429,900.1511578098778,756.254927968198
1592,RSN16265,7,16265,-999,3.64,33.223,-116.7186,8.687,181.67,726,34.8294,-116.335,38.05,38.2,-0.000148161,-0.000179965,2.19e-05,2.07e-05,0.823275643,0.1623059,87.55463777,5.179664862,6.155594857,0.34906585,2082.353263,7.157536232,8.217579909,312.3529895,,,-1.0,877,-0.188956978,0.103498702,0.196123295,-0.292455679,NA.NA,877,-0.188956978,44.26279831,898.9589844,9.174039841,-0.18895697754738716,877,741.0322257992976,814.8854456516916,904.7361795543592,805.293638282182
1592,RSN11726,7,11726,-999,4.5,34.3365,-116.8617,8.94,72.97,726,34.8294,-116.335,12.94,13.08,-0.002605827,-0.005105863,4.03e-05,5.69e-06,0.510359732,0.161182716,83.61906869,5.179664862,6.165704274,0.244346095,1452.719834,457.9660808,126.6963524,217.9079751,,,-1.0,754,-0.037842353,0.103498702,0.196123295,-0.141341055,NA.NA,754,-0.037842353,44.26279831,898.9589844,9.174039841,-0.037842353183160427,754,718.117837286481,741.9460936299691,824.7252139594448,773.0395419563642
1592,RSN14545,7,14545,-999,3.78,34.0294,-116.7534,14.93,96.72,726,34.8294,-116.335,19.85,19.91,-0.000126756,-0.00028677,2.38e-05,1.22e-05,0.442013253,0.156609598,81.65807647,5.179664862,6.317747533,0.20943951,1319.504474,10.38983607,12.04915966,197.9256711,,,-1.0,707,0.026519349,0.103498702,0.196123295,-0.076979353,NA.NA,707,0.026519349,44.26279831,898.9589844,9.174039841,0.02651934892822272,707,721.0835451935376,699.4945173343068,792.8550837597095,726.7429348722809
1592,RSN13531,7,13531,-999,4.06,32.7797,-117.3507,7.174,246.03,726,34.8294,-116.335,16.18,16.27,-2.95e-05,-6.07e-05,1.68e-05,8.94e-06,0.486524709,0.16373678,88.55053821,5.179664862,6.105409111,0.226892803,1371.07904,3.299776286,3.613095238,205.661856,,,-1.0,725,0.00137836,0.103498702,0.196123295,-0.102120342,NA.NA,725,0.00137836,44.26279831,898.9589844,9.174039841,0.0013783599701211457,725,1101.531945266378,742.7778610832459,1061.661146376001,776.5585744524662
1592,RSN13847,7,13847,-999,4.17,34.3277,-116.829,4.957,71.78,726,34.8294,-116.335,20.94,21.07,-0.003214915,-0.008687706,3.35e-05,2.77e-05,0.370053432,0.165969195,86.76459473,5.179664862,6.015610792,0.174532925,1061.722477,116.0619134,259.3345075,159.2583716,,,-1.0,622,0.154609922,0.103498702,0.196123295,0.05111122,NA.NA,622,0.154609922,44.26279831,898.9589844,9.174039841,0.15460992208561652,622,668.2944924668881,661.9140982550091,763.7838293446262,682.8894196167159
1592,RSN12404,7,12404,-999,4.27,36.1466,-118.0613,4.057,214.23,726,34.8294,-116.335,29.61,29.74,2.3e-05,0.000112059,7.73e-06,4.7e-06,0.204983758,0.168221243,89.17386293,5.179664862,5.943934512,0.104719755,600.136565,4.893617021,14.49663648,90.02048475,,,-1.0,415,0.559271495,0.103498702,0.196123295,0.455772793,NA.NA,415,0.559271495,44.26279831,898.9589844,9.174039841,0.559271494594098,415,504.5499379256104,466.9576053763972,500.5537276912166,474.0029510984102
1592,RSN10442,7,10442,-999,4.45,34.1081,-117.3062,14.795,119.85,726,34.8294,-116.335,15.42,15.66,-0.006005411,-0.008511933,0.000722021,9.78e-05,0.705528429,0.157315906,83.33200261,5.179664862,6.313637877,0.314159265,1925.231848,61.40502045,11.78903799,288.7847772,,,-1.0,826,-0.129044759,0.103498702,0.196123295,-0.232543461,NA.NA,826,-0.129044759,44.26279831,898.9589844,9.174039841,-0.12904475869618182,826,734.2078443590549,752.0583120348251,765.3267354583281,760.6883993448976
1592,RSN17663,7,17663,-999,3.47,33.8029,-116.1786,7.366,114.77,726,34.8294,-116.335,22.85,22.92,-4.46e-05,-9.56e-05,1.31e-05,9.08e-06,0.466046103,0.163398482,86.77557706,5.179664862,6.110319177,0.20943951,1321.91819,4.911894273,7.297709924,198.2877285,,,-1.0,708,0.025105921,0.103498702,0.196123295,-0.078392781,NA.NA,708,0.025105921,44.26279831,898.9589844,9.174039841,0.025105921131076236,708,744.6654443523308,711.8128171266015,839.5873311131988,732.4165194527436
1592,RSN16949,7,16949,-999,3.63,34.1242,-116.405,9.555,78.49,726,34.8294,-116.335,12.54,12.6,-0.000579033,-0.001449631,9.77e-05,1.42e-05,0.399434656,0.16061739,83.6602166,5.179664862,6.187901101,0.191986218,1176.278391,40.77697183,14.83757421,176.4417587,,,-1.0,653,0.105972886,0.103498702,0.196123295,0.002474184,NA.NA,653,0.105972886,44.26279831,898.9589844,9.174039841,0.10597288554836481,653,673.589074408459,669.5908420190234,739.4348183772776,687.9433742304826
1592,RSN13070,7,13070,-999,4.11,34.373,-117.6258,8.33,128.77,726,34.8294,-116.335,18.0,18.13,-0.000185377,-0.000439077,0.00010338,1.93e-05,0.422195747,0.162590385,86.69675079,5.179664862,6.140206558,0.191986218,1218.768829,9.605025907,4.247214161,182.8153244,,,-1.0,669,0.081765955,0.103498702,0.196123295,-0.021732747,NA.NA,669,0.081765955,44.26279831,898.9589844,9.174039841,0.081765954696567,669,778.5099810732773,678.8023904047901,858.2652766294716,708.6031291145109
1592,RSN13998,7,13998,-999,4.15,33.638,-116.7082,12.649,136.56,726,34.8294,-116.335,15.28,15.41,-0.000212392,-0.000458729,2.68e-05,4.59e-06,0.463001572,0.159019776,85.06822693,5.179664862,6.265244507,0.20943951,1350.947602,46.27276688,17.11675373,202.6421403,,,-1.0,718,0.011080446,0.103498702,0.196123295,-0.092418256,NA.NA,718,0.011080446,44.26279831,898.9589844,9.174039841,0.011080445776571857,718,782.5539017283452,714.6463188267006,873.384415260929,749.4898613552656
1592,RSN9198,7,9198,-999,5.03,35.3852,-118.6292,7.3,218.06,726,34.8294,-116.335,6.1,6.37,0.000533187,0.002057459,4.52e-05,2.27e-05,0.259148094,0.163632324,88.32934673,5.179664862,6.108664217,0.122173048,772.3238196,23.4884141,45.51900442,115.8485729,,,-1.0,487,0.399285892,0.103498702,0.196123295,0.29578719,NA.NA,487,0.399285892,44.26279831,898.9589844,9.174039841,0.3992858917422062,487,509.8352835465761,513.702319583225,537.6708972259905,531.1513855909358
1592,RSN18210,7,18210,-999,4.36,36.3932,-117.8644,8.798,222.05,726,34.8294,-116.335,10.8,10.85,-8.18e-05,-0.000283877,3.39e-05,1.55e-05,0.288074424,0.162232965,87.96997493,5.179664862,6.160106881,0.13962634,861.5372396,5.277419355,8.373952802,129.2305859,,,-1.0,527,0.320349466,0.103498702,0.196123295,0.216850764,NA.NA,527,0.320349466,44.26279831,898.9589844,9.174039841,0.3203494662834334,527,617.4923901550778,551.9746448844006,621.1184722850296,572.7345448125267
1592,RSN16102,7,16102,-999,3.58,33.827,-117.0296,15.131,128.26,726,34.8294,-116.335,26.32,26.46,-0.000336604,-0.000674022,1.85e-05,1.29e-05,0.499395746,0.157164613,83.650945,5.179664862,6.323730411,0.226892803,1459.07153,26.09333333,36.43362162,218.8607295,,,-1.0,756,-0.040491361,0.103498702,0.196123295,-0.143990063,NA.NA,756,-0.040491361,44.26279831,898.9589844,9.174039841,-0.04049136135473752,756,816.550992589485,749.4500692846102,890.3317778572998,783.8484446683043
1592,RSN8799,7,8799,-999,5.39,33.9465,-117.7667,14.89,164.09,726,34.8294,-116.335,21.0,21.21,-0.001724868,-0.003387746,0.000598498,0.000151794,0.509149304,0.157742887,85.12932278,5.179664862,6.31653763,0.226892803,1476.59129,11.36321594,5.660413234,221.4886935,,,-1.0,762,-0.048396541,0.103498702,0.196123295,-0.151895243,NA.NA,762,-0.048396541,44.26279831,898.9589844,9.174039841,-0.048396540861850745,762,824.4227123840764,757.7514461650863,958.571793603349,813.3102605532346
1592,RSN16673,7,16673,-999,3.79,34.0456,-117.2248,15.927,119.36,726,34.8294,-116.335,45.67,45.77,6.21e-05,0.000163403,3.24e-05,1.21e-05,0.379949589,0.156335176,82.79037787,5.179664862,6.345939946,0.174532925,1153.647794,5.132231405,5.043302469,173.0471691,,,-1.0,646,0.116750511,0.103498702,0.196123295,0.013251809,NA.NA,646,0.116750511,44.26279831,898.9589844,9.174039841,0.11675051104219403,646,689.5147404932118,668.0321716776828,776.9290255668743,698.7799579885782
1592,RSN11305,7,11305,-999,4.78,34.1228,-116.9226,5.969,95.17,726,34.8294,-116.335,19.2,19.31,-0.004109972,-0.006483535,0.000612155,0.000236187,0.633909057,0.164612649,86.94158849,5.179664862,6.066214653,0.27925268,1692.200577,17.40134724,10.59132899,253.8300866,,,-1.0,748,-0.029852963,0.103498702,0.196123295,-0.133351665,NA.NA,748,-0.029852963,44.26279831,898.9589844,9.174039841,-0.029852963149681777,748,699.9548527608713,735.9258040708376,811.8933989412373,743.5568996015245
1592,RSN17919,7,17919,-999,4.04,36.3911,-117.8665,9.439,221.99,726,34.8294,-116.335,10.43,10.51,9.75e-05,0.000333875,2.24e-05,1.65e-05,0.292061292,0.161590093,87.803263,5.179664862,6.183950287,0.13962634,876.0185077,5.909090909,14.90513393,131.4027762,,,-1.0,534,0.307154176,0.103498702,0.196123295,0.203655474,NA.NA,534,0.307154176,44.26279831,898.9589844,9.174039841,0.3071541758646008,534,611.4417199008801,557.7722967844795,607.852218090168,570.2756099737641
1592,RSN15407,7,15407,-999,3.99,34.0514,-117.2429,14.998,120.04,726,34.8294,-116.335,20.54,20.67,-0.000347121,-0.000783153,4.96e-05,3.28e-05,0.443236106,0.157131372,83.23478281,5.179664862,6.319789549,0.20943951,1318.186776,10.58295732,15.789375,197.7280164,,,-1.0,707,0.026519349,0.103498702,0.196123295,-0.076979353,NA.NA,707,0.026519349,44.26279831,898.9589844,9.174039841,0.02651934892822272,707,733.6621532321054,697.2585092316541,812.9590530914435,729.5340202782355
1592,RSN12888,7,12888,-999,4.11,36.0312,-117.7658,4.03,186.17,726,34.8294,-116.335,20.95,21.13,0.000144755,0.000273,2.02e-05,9.21e-06,0.53024,0.16829445,89.05657325,5.179664862,5.941161117,0.244346095,1434.3492,15.71715527,13.51485149,215.15238,,,-1.0,747,-0.02851517,0.103498702,0.196123295,-0.132013872,NA.NA,747,-0.02851517,44.26279831,898.9589844,9.174039841,-0.02851517030802153,747,1015.1482633916254,779.4280777137703,1028.9385090396822,800.0280967260956
1592,RSN17464,7,17464,-999,3.59,34.0938,-117.4347,3.015,129.88,726,34.8294,-116.335,15.98,16.07,0.000107422,0.000364574,1.49e-05,1.79e-05,0.294649874,0.168385323,89.09811359,5.179664862,5.93802414,0.13962634,847.5364456,6.00122905,24.46805369,127.1304668,,,-1.0,519,0.335646132,0.103498702,0.196123295,0.23214743,NA.NA,519,0.335646132,44.26279831,898.9589844,9.174039841,0.33564613165890744,519,569.7925920390055,547.9966807357051,588.6848204102749,557.7556819171224
1592,RSN16534,7,16534,-999,3.61,34.2449,-117.4464,12.48,120.89,726,34.8294,-116.335,19.85,19.9,-2.95e-05,-9.29e-05,2.17e-05,1.04e-05,0.317357912,0.15895395,84.48969425,5.179664862,6.262058538,0.157079633,963.3177366,2.836538462,4.281105991,144.4976605,,,-1.0,582,0.221079567,0.103498702,0.196123295,0.117580865,NA.NA,582,0.221079567,44.26279831,898.9589844,9.174039841,0.22107956709335763,582,593.0893577844079,601.8791689702125,648.0697757348537,616.2411108774401
1592,RSN8394,7,8394,-999,4.92,34.31,-116.848,6.3,74.44,726,34.8294,-116.335,2.15,2.2,-0.001549194,-0.003684612,0.001508762,0.000347637,0.420449841,0.164076949,85.84745544,5.179664862,6.078701489,0.191986218,1203.455942,4.456355336,2.442142631,180.5183913,,,-1.0,663,0.090775025,0.103498702,0.196123295,-0.012723677,NA.NA,663,0.090775025,44.26279831,898.9589844,9.174039841,0.09077502463893339,663,624.630266164018,667.8191289435227,737.8177267114476,694.3454038431291
1592,RSN15165,7,15165,-999,3.9,33.867,-117.1038,11.856,128.06,726,34.8294,-116.335,20.35,20.4,-0.000150403,-0.000277352,0.000119223,6.49e-05,0.542282436,0.159423004,85.07562944,5.179664862,6.24946745,0.244346095,1541.196983,2.317457627,2.326329651,231.1795475,,,-1.0,773,-0.062729034,0.103498702,0.196123295,-0.166227736,NA.NA,773,-0.062729034,44.26279831,898.9589844,9.174039841,-0.06272903376262651,773,823.2348237734022,767.1141260220597,913.3184512290262,796.7369208439827
1592,RSN15625,7,15625,-999,3.87,33.7513,-116.0218,8.756,123.02,726,34.8294,-116.335,22.98,23.1,0.000170671,0.000284841,2.23e-05,1.29e-05,0.599178074,0.162046909,86.33240541,5.179664862,6.158414042,0.261799388,1642.735946,13.23031008,12.77313901,246.4103919,,,-1.0,731,-0.006863445,0.103498702,0.196123295,-0.110362147,NA.NA,731,-0.006863445,44.26279831,898.9589844,9.174039841,-0.006863444924982254,731,800.0027571991855,732.9553169109992,881.4700355737934,744.165585409181
1592,RSN15359,7,15359,-999,3.87,33.928,-116.7858,18.501,108.24,726,34.8294,-116.335,22.75,22.86,-0.000533435,-0.001175413,9.52e-05,1.89e-05,0.453827621,0.154088549,80.71091094,5.179664862,6.40467109,0.20943951,1371.116745,28.22407407,12.34677521,205.6675118,,,-1.0,725,0.00137836,0.103498702,0.196123295,-0.102120342,NA.NA,725,0.00137836,44.26279831,898.9589844,9.174039841,0.0013783599701211457,725,979.013722086368,738.5596332999421,874.5461758930758,749.6284231571444
1592,RSN10943,7,10943,-999,4.26,33.8776,-116.2019,10.062,106.29,726,34.8294,-116.335,25.21,25.31,-0.000215693,-0.000419647,3.04e-05,2.3e-05,0.513986571,0.160588486,85.06732419,5.179664862,6.204033973,0.244346095,1466.39298,9.377956522,13.80417763,219.958947,,,-1.0,759,-0.044451763,0.103498702,0.196123295,-0.147950464,NA.NA,759,-0.044451763,44.26279831,898.9589844,9.174039841,-0.0444517625708345,759,777.0454890238169,749.4444888544022,861.4406058691735,779.1471208119381
1592,RSN14398,7,14398,-999,4.14,34.8632,-116.3444,6.474,3.85,726,34.8294,-116.335,14.47,14.51,-0.007145952,-0.024515459,0.000892908,0.000514514,0.291487573,0.078985634,28.72473754,5.179664862,6.084678138,0.13962634,1788.922964,13.88874161,27.4557502,268.3384446,,,-1.0,780,-0.071743905,0.103498702,0.196123295,-0.175242607,NA.NA,780,-0.071743905,44.26279831,898.9589844,9.174039841,-0.07174390485884174,780,690.7062952942787,805.2581690958298,725.0195172677984,813.4527861473916
3039,RSN16086,8,16086, BBS,3.58,33.827,-117.0296,15.131,11.35,341,33.921,-116.981,16.83,16.89,-0.007772645,-0.085597566,0.003359039,0.000330356,0.090804508,0.097135931,37.89827473,5.179664862,6.323730411,0.052359878,466.1318062,23.52808788,25.48275444,69.91977093,CI,BBS,0.377483,359,-0.051439911,-0.115453137,-0.022828543,0.064013225,CI.BBS,359,-0.051439911,3.129859924,781.7869873,1.160560012,-0.05143991120476166,359,395.3577718145479,425.54136561021977,388.5252013594753,407.1274325100436
3039,RSN15250,8,15250, BBS,3.86,34.1976,-117.3882,14.177,48.52,341,33.921,-116.981,22.42,22.48,0.001507103,0.012208178,0.000734883,0.000138907,0.12345029,0.152987021,74.33853798,5.179664862,6.293825021,0.06981317,401.4013243,10.8497268,16.61241041,60.21019865,CI,BBS,0.377483,327,0.041922306,-0.115453137,-0.022828543,0.157375443,CI.BBS,327,0.041922306,3.129859924,781.7869873,1.160560012,0.041922306386263486,327,363.5885245128377,319.6693023805132,305.8405352619215,303.8599375089261
3039,RSN19359,8,19359, BBS,3.43,34.1381,-117.4717,5.767,51.32,341,33.921,-116.981,25.92,26.03,0.000821836,0.003270244,0.000545698,0.000134952,0.251307356,0.164332033,84.55388179,5.179664862,6.057771424,0.122173048,747.1483026,6.08983935,5.992772559,112.0722454,CI,BBS,0.377483,476,-0.333535377,-0.115453137,-0.022828543,-0.21808224,CI.BBS,476,-0.333535377,3.129859924,781.7869873,1.160560012,-0.3335353769479035,476,478.331134601242,421.22503984566976,439.99736190697087,407.0399479544997
3039,RSN16243,8,16243, BBS,3.64,33.223,-116.7186,8.687,81.16,341,33.921,-116.981,26.16,26.23,-0.000622381,-0.00308716,0.000141253,0.000218438,0.201603095,0.161690196,84.44239885,5.179664862,6.155594857,0.104719755,614.4818615,2.849234108,21.85553581,92.17227923,CI,BBS,0.377483,421,-0.210750356,-0.115453137,-0.022828543,-0.09529722,CI.BBS,421,-0.210750356,3.129859924,781.7869873,1.160560012,-0.2107503563988642,421,436.56712519795286,377.5688518775157,383.4066048905248,367.12497744922524
3039,RSN16511,8,16511, BBS,3.61,34.2449,-117.4464,12.48,56.0,341,33.921,-116.981,16.7,16.74,-0.000416302,-0.00226758,0.000252515,0.000206404,0.183588682,0.1562011,77.99802483,5.179664862,6.262058538,0.087266463,580.2213898,2.016927967,8.979981387,87.03320847,CI,BBS,0.377483,408,-0.179384697,-0.115453137,-0.022828543,-0.063931561,CI.BBS,408,-0.179384697,3.129859924,781.7869873,1.160560012,-0.17938469712064453,408,421.79179523540677,370.54981006837176,369.21295411730296,357.55349892004847
3039,RSN13775,8,13775, BBS,4.06,34.1614,-116.9872,11.361,26.67,341,33.921,-116.981,15.99,16.04,-0.002676964,-0.031051377,0.001018655,0.000258481,0.08621079,0.148082728,67.48892695,5.179664862,6.238442335,0.034906585,290.1916671,10.35652137,30.48272182,43.52875007,CI,BBS,0.377483,264,0.255933374,-0.115453137,-0.022828543,0.371386511,CI.BBS,264,0.255933374,3.129859924,781.7869873,1.160560012,0.25593337413720096,264,321.1065562759108,331.76207173695053,307.75603009203707,314.10799404604415
3039,RSN18058,8,18058, BBS,5.19,36.4034,-117.8499,9.418,286.55,341,33.921,-116.981,11.58,11.7,-0.000304904,-0.001364563,0.000195453,0.000136365,0.223444183,0.161657426,88.3081555,5.179664862,6.183223963,0.104719755,678.2047939,2.235940307,6.981540319,101.7307191,CI,BBS,0.377483,444,-0.263942085,-0.115453137,-0.022828543,-0.148488949,CI.BBS,444,-0.263942085,3.129859924,781.7869873,1.160560012,-0.26394208514870776,444,519.8679336521683,434.8287697706522,457.75523560707023,408.11579048108416
3039,RSN10908,8,10908, BBS,4.26,33.8776,-116.2019,10.062,72.22,341,33.921,-116.981,26.27,26.35,0.00334383,0.0183787,0.000827985,0.000612502,0.181940494,0.159888388,82.72644798,5.179664862,6.204033973,0.087266463,561.9140435,5.459296459,22.1968997,84.28710653,CI,BBS,0.377483,400,-0.15958207,-0.115453137,-0.022828543,-0.044128933,CI.BBS,400,-0.15958207,3.129859924,781.7869873,1.160560012,-0.15958206982446477,400,411.267939563404,361.462726306915,355.3349986266639,347.18649359811224
3039,RSN8177,8,8177, BBS,4.92,33.5083,-116.5143,15.2,63.0,341,33.921,-116.981,24.15,24.23,-0.003700095,-0.022031987,0.000858653,0.00019411,0.167941965,0.154094168,77.09990833,5.179664862,6.325747735,0.087266463,539.4546444,19.06184638,25.65877834,80.91819666,CI,BBS,0.377483,391,-0.136825083,-0.115453137,-0.022828543,-0.021371946,CI.BBS,391,-0.136825083,3.129859924,781.7869873,1.160560012,-0.1368250827018489,391,377.0032540472321,353.14930202373694,329.0011502163642,337.4039322569991
3039,RSN16699,8,16699, BBS,3.73,33.5058,-116.7636,16.276,50.27,341,33.921,-116.981,23.35,23.48,-0.001249306,-0.005822795,0.000346509,0.00029685,0.214554387,0.150225553,72.68486601,5.179664862,6.3549922,0.104719755,702.066637,4.208543035,16.8041667,105.3099956,CI,BBS,0.377483,456,-0.290610332,-0.115453137,-0.022828543,-0.175157196,CI.BBS,456,-0.290610332,3.129859924,781.7869873,1.160560012,-0.2906103322308695,456,486.2772959912304,409.4139664367208,414.30947385768957,393.0709877347158
3039,RSN17479,8,17479, BBS,3.62,33.9521,-116.3635,9.067,57.2,341,33.921,-116.981,19.1,19.16,0.001911262,0.012637582,0.000475287,0.000189247,0.151236329,0.160404301,81.80272963,5.179664862,6.170551665,0.06981317,467.2639386,10.0992988,26.58937021,70.08959079,CI,BBS,0.377483,359,-0.051439911,-0.115453137,-0.022828543,0.064013225,CI.BBS,359,-0.051439911,3.129859924,781.7869873,1.160560012,-0.05143991120476166,359,382.93602239542207,331.8434391867851,331.5023317422028,321.18559274827805
3039,RSN15147,8,15147, BBS,3.9,33.867,-117.1038,11.856,12.84,341,33.921,-116.981,17.41,17.5,0.045101032,0.239691391,0.007986142,0.000632484,0.188162922,0.118661457,47.8654059,5.179664862,6.24946745,0.087266463,782.1725661,71.30778328,30.01341461,117.3258849,CI,BBS,0.377483,491,-0.364561651,-0.115453137,-0.022828543,-0.249108514,CI.BBS,491,-0.364561651,3.129859924,781.7869873,1.160560012,-0.3645616505110034,491,458.11989208005883,449.82257239860024,433.55527449166306,439.22654153148017
3039,RSN16577,8,16577, BBS,3.69,33.735,-117.4936,9.693,51.74,341,33.921,-116.981,13.07,13.12,0.000614017,0.002851385,0.000937265,0.000297973,0.215339753,0.159099769,80.13714303,5.179664862,6.192470162,0.104719755,665.2273617,2.060646434,3.042239921,99.78410426,CI,BBS,0.377483,438,-0.250336433,-0.115453137,-0.022828543,-0.134883297,CI.BBS,438,-0.250336433,3.129859924,781.7869873,1.160560012,-0.2503364330929294,438,449.70855854718764,390.2475277468949,398.0408764664764,377.08324505990674
3039,RSN14982,8,14982, BBS,3.74,34.1651,-117.4332,7.875,49.77,341,33.921,-116.981,21.65,21.71,0.000872126,0.006100136,0.00052289,0.000196546,0.142968276,0.161694105,81.84900965,5.179664862,6.12204057,0.06981317,438.7142211,4.437261506,11.66619365,65.80713317,CI,BBS,0.377483,346,-0.014556298,-0.115453137,-0.022828543,0.100896839,CI.BBS,346,-0.014556298,3.129859924,781.7869873,1.160560012,-0.01455629777420775,346,379.11979604532615,337.50896750986584,321.17942639075886,319.6503903841552
3039,RSN13815,8,13815, BBS,4.17,34.3277,-116.829,4.957,47.24,341,33.921,-116.981,21.4,21.52,-0.004108067,-0.02381155,0.000200358,0.000172586,0.172524131,0.165595178,84.97471681,5.179664862,6.015610792,0.087266463,515.2962416,23.80301415,118.8450174,77.29443624,CI,BBS,0.377483,380,-0.108288775,-0.115453137,-0.022828543,0.007164361,CI.BBS,380,-0.108288775,3.129859924,781.7869873,1.160560012,-0.10828877543691462,380,398.59015207263906,354.4883704508761,347.81219068886116,342.4536023979737
3039,RSN12730,8,12730, BBS,4.26,33.9538,-116.3912,7.696,54.65,341,33.921,-116.981,22.9,22.95,0.004516857,0.027069604,0.005790719,0.001022789,0.166860859,0.162159941,82.79942227,5.179664862,6.118116656,0.087266463,509.4115666,4.416215857,4.674653355,76.41173499,CI,BBS,0.377483,378,-0.103011718,-0.115453137,-0.022828543,0.012441418,CI.BBS,378,-0.103011718,3.129859924,781.7869873,1.160560012,-0.10301171833607103,378,386.6163014050796,344.3768755949109,338.14655342214047,333.3932848321816
3039,RSN10397,8,10397, BBS,4.45,34.1081,-117.3062,14.795,36.51,341,33.921,-116.981,18.42,18.52,0.029182618,0.202208245,0.00103687,0.000113556,0.144319624,0.147354638,68.48847488,5.179664862,6.313637877,0.06981317,485.8650155,256.9887809,195.0179338,72.87975233,CI,BBS,0.377483,368,-0.076200461,-0.115453137,-0.022828543,0.039252676,CI.BBS,368,-0.076200461,3.129859924,781.7869873,1.160560012,-0.07620046088541432,368,364.88301193069094,343.2378971115084,327.10652181924286,335.54471831634146
3039,RSN9320,8,9320, BBS,4.88,34.0655,-117.0011,17.501,16.13,341,33.921,-116.981,15.0,15.07,-0.003975128,-0.04803923,0.00118358,0.000844664,0.082747542,0.105366584,42.27196068,5.179664862,6.383907006,0.034906585,391.5667346,4.706164818,40.58807178,58.73501019,CI,BBS,0.377483,322,0.057330932,-0.115453137,-0.022828543,0.172784068,CI.BBS,322,0.057330932,3.129859924,781.7869873,1.160560012,0.057330931739108415,322,387.5942786578683,397.25221863305956,372.083246268421,380.31587866102586
3039,RSN8983,8,8983, BBS,5.2,33.5328,-116.5697,15.48,57.51,341,33.921,-116.981,18.82,18.95,-0.006704236,-0.03398514,9.24e-05,0.000441042,0.197269636,0.152857087,75.50247877,5.179664862,6.333749326,0.104719755,636.5437375,15.2009015,367.8045455,95.48156063,CI,BBS,0.377483,428,-0.227240718,-0.115453137,-0.022828543,-0.111787582,CI.BBS,428,-0.227240718,3.129859924,781.7869873,1.160560012,-0.22724071829827963,428,403.45686151494704,379.01241301066864,356.6051784361172,365.61270108798675
3039,RSN8764,8,8764, BBS,5.39,33.9465,-117.7667,14.89,72.7,341,33.921,-116.981,27.25,27.35,0.010280593,0.05601769,0.009086797,0.00116139,0.183524047,0.155369304,78.9308112,5.179664862,6.31653763,0.087266463,583.1289726,8.851973067,6.164734394,87.46934589,CI,BBS,0.377483,409,-0.181832679,-0.115453137,-0.022828543,-0.066379542,CI.BBS,409,-0.181832679,3.129859924,781.7869873,1.160560012,-0.18183267875928522,409,386.5995636871321,365.6567270955807,337.62726197578763,349.015964902733
3039,RSN11346,8,11346, BBS,4.73,33.7328,-117.4921,10.018,51.71,341,33.921,-116.981,19.0,19.09,0.002023055,0.00785909,0.001937239,0.000338199,0.257415895,0.158660113,79.77604838,5.179664862,6.202702587,0.122173048,791.5299085,5.981847965,4.056851013,118.7294863,CI,BBS,0.377483,495,-0.372675285,-0.115453137,-0.022828543,-0.257222149,CI.BBS,495,-0.372675285,3.129859924,781.7869873,1.160560012,-0.37267528528517335,495,472.20211844458487,425.2015584436343,421.68078200992716,410.36507001873395
3039,RSN17237,8,17237, BBS,3.53,34.2894,-116.8271,6.278,43.26,341,33.921,-116.981,20.85,20.92,-0.001183659,-0.010261277,0.000721597,0.000186572,0.115351989,0.163246057,82.8373772,5.179664862,6.07791863,0.052359878,351.4626999,6.344247797,14.22023235,52.71940499,CI,BBS,0.377483,299,0.131438904,-0.115453137,-0.022828543,0.24689204,CI.BBS,299,0.131438904,3.129859924,781.7869873,1.160560012,0.13143890389283008,299,351.89753256477405,335.7802869087544,295.57692590191294,310.34825281416846
3039,RSN12592,8,12592, BBS,4.11,33.5089,-116.8485,12.274,47.33,341,33.921,-116.981,15.01,15.06,-0.001963953,-0.01064954,0.000869111,0.000273715,0.184416673,0.155200871,76.22899929,5.179664862,6.258050482,0.087266463,586.5087621,7.175174908,12.25337155,87.97631432,CI,BBS,0.377483,410,-0.184274682,-0.115453137,-0.022828543,-0.068821546,CI.BBS,410,-0.184274682,3.129859924,781.7869873,1.160560012,-0.1842746824148369,410,433.24239245651154,379.2509198762655,370.555425677255,362.1500877462558
3039,RSN15383,8,15383, BBS,3.99,34.0514,-117.2429,14.998,28.19,341,33.921,-116.981,22.38,22.42,0.001031329,0.009035383,0.000949184,0.000260281,0.114143351,0.140476419,62.5957695,5.179664862,6.319789549,0.052359878,404.2064804,3.962367595,9.519105885,60.63097206,CI,BBS,0.377483,329,0.035824727,-0.115453137,-0.022828543,0.151277863,CI.BBS,329,0.035824727,3.129859924,781.7869873,1.160560012,0.035824726518145056,329,348.7886976913156,352.33752428719873,320.4613028752927,337.87641333140067
3039,RSN16811,8,16811, BBS,3.49,34.309,-116.9297,9.684,43.3,341,33.921,-116.981,11.5,11.54,-0.003394256,-0.031197516,0.003237696,0.00053623,0.108798904,0.158149011,78.31802904,5.179664862,6.192176404,0.052359878,342.4276385,6.329850997,9.635715027,51.36414578,CI,BBS,0.377483,293,0.151709868,-0.115453137,-0.022828543,0.267163005,CI.BBS,293,0.151709868,3.129859924,781.7869873,1.160560012,0.15170986826644928,293,337.91223026146014,335.1502336913342,291.39670980045935,306.16283505040764
3040,RSN15554,9,15554, BC3,4.06,32.6823,-116.088,9.762,123.02,763,33.655,-115.454,28.26,28.35,0.000146056,0.000289651,6.57e-05,6.11e-05,0.504247262,0.161006654,85.85825716,5.179664862,6.194703173,0.226892803,1435.428096,2.390441899,4.40869102,215.3142144,CI,BC3,-999.0,748,0.019855053,-0.025573256,0.067051337,0.045428309,CI.BC3,748,0.019855053,15.84070015,1060.959961,9.405750275,0.019855053309979276,748,801.406706205263,824.1699536214103,817.3937362044279,969.7442885759773
3040,RSN14284,9,14284, BC3,4.19,33.4453,-116.439,8.875,94.39,763,33.655,-115.454,14.8,14.87,0.001769217,0.002475585,0.000817163,0.000357958,0.714666327,0.16167568,85.15988751,5.179664862,6.16316588,0.314159265,1889.96605,4.942526777,3.029487385,283.4949075,CI,BC3,-999.0,814,-0.064702335,-0.025573256,0.067051337,-0.039129079,CI.BC3,814,-0.064702335,15.84070015,1060.959961,9.405750275,-0.06470233471808307,814,784.2671726839184,797.5179542122278,753.6344229697089,879.8228307808401
3040,RSN10909,9,10909, BC3,4.26,33.8776,-116.2019,10.062,73.55,763,33.655,-115.454,23.0,23.08,0.003483602,0.008826659,0.000996026,0.000142921,0.39466821,0.159923748,82.82640983,5.179664862,6.204033973,0.191986218,1169.133769,24.37431868,8.861876096,175.3700654,CI,BC3,-999.0,650,0.160285668,-0.025573256,0.067051337,0.185858924,CI.BC3,650,0.160285668,15.84070015,1060.959961,9.405750275,0.1602856683947742,650,659.8386596484979,723.1336177680415,678.8142528963728,857.1190224257541
3040,RSN11707,9,11707, BC3,4.5,34.3365,-116.8617,8.94,150.43,763,33.655,-115.454,15.88,16.18,0.000606897,0.001008103,2.83e-05,4.31e-06,0.602018592,0.161957683,86.94967379,5.179664862,6.165704274,0.27925268,1655.48309,140.8113689,35.62201413,248.3224635,CI,BC3,-999.0,735,0.037387532,-0.025573256,0.067051337,0.062960788,CI.BC3,735,0.037387532,15.84070015,1060.959961,9.405750275,0.03738753207162038,735,924.937083096377,815.3400916337829,902.6018790340072,953.3062034939069
3040,RSN11564,9,11564, BC3,4.51,32.8882,-115.5018,9.4,85.16,763,33.655,-115.454,22.53,22.58,5.5e-05,0.000137829,5.11e-05,2.55e-05,0.398730589,0.160922269,84.22106746,5.179664862,6.182598645,0.191986218,1172.255579,2.156862745,2.697240705,175.8383369,CI,BC3,-999.0,651,0.158748389,-0.025573256,0.067051337,0.184321645,CI.BC3,651,0.158748389,15.84070015,1060.959961,9.405750275,0.15874838907588806,651,646.9691635310999,716.1171787107803,695.9690947990806,867.2605441163392
3040,RSN14215,9,14215, BC3,3.94,32.7219,-116.8133,20.237,163.64,763,33.655,-115.454,20.58,20.65,-9.53e-05,-0.000110915,2.54e-05,2.17e-05,0.859483165,0.154185737,83.22801441,5.179664862,6.440435438,0.34906585,2251.28699,4.391705069,4.366732283,337.6930485,CI,BC3,-999.0,931,-0.199001246,-0.025573256,0.067051337,-0.17342799,CI.BC3,931,-0.199001246,15.84070015,1060.959961,9.405750275,-0.19900124599261027,931,815.275222794959,883.9572068312725,879.674769877581,943.9963389888042
3040,RSN16933,9,16933, BC3,3.63,34.1242,-116.405,9.555,102.21,763,33.655,-115.454,14.03,14.15,0.000259206,0.000510766,2.4e-05,2.48e-05,0.507484945,0.161029059,85.15843398,5.179664862,6.187901101,0.226892803,1442.651928,10.45185484,21.28191667,216.3977892,CI,BC3,-999.0,750,0.017184825,-0.025573256,0.067051337,0.042758081,CI.BC3,750,0.017184825,15.84070015,1060.959961,9.405750275,0.01718482475410088,750,777.3752235322236,829.2997133520977,797.0364684441315,973.510683192684
3040,RSN9321,9,9321, BC3,4.88,34.0655,-117.0011,17.501,150.23,763,33.655,-115.454,16.48,16.54,0.001003995,0.001976442,0.000510922,0.000415282,0.507980667,0.155692057,83.68053179,5.179664862,6.383907006,0.226892803,1493.278134,2.417622242,3.868383041,223.9917201,CI,BC3,-999.0,768,-0.006531702,-0.025573256,0.067051337,0.019041554,CI.BC3,768,-0.006531702,15.84070015,1060.959961,9.405750275,-0.006531701863215389,768,1048.3049615288232,859.0730771779982,973.9560603766242,1020.7875330738584
3040,RSN15727,9,15727, BC3,3.81,32.9942,-116.2977,5.726,107.43,763,33.655,-115.454,17.9,18.02,6.95e-05,8.08e-05,8.23e-06,9.96e-06,0.860438609,0.164962366,87.4471637,5.179664862,6.055972626,0.34906585,2105.645241,6.977911647,9.817739976,315.8467862,CI,BC3,-999.0,885,-0.148329614,-0.025573256,0.067051337,-0.122756358,CI.BC3,885,-0.148329614,15.84070015,1060.959961,9.405750275,-0.14832961372347242,885,793.0536161446425,831.7228180275089,856.6355185028066,904.7170600163936
3040,RSN16745,9,16745, BC3,3.72,33.1099,-116.0467,7.494,81.83,763,33.655,-115.454,28.62,28.68,0.000501853,0.000781654,5.08e-05,3.23e-05,0.64204007,0.163037874,85.3591906,5.179664862,6.113435346,0.27925268,1724.49717,15.53724458,15.38688976,258.6745755,CI,BC3,-999.0,759,0.005256254,-0.025573256,0.067051337,0.03082951,CI.BC3,759,0.005256254,15.84070015,1060.959961,9.405750275,0.005256253888826556,759,716.0071377959935,782.2022337646057,790.6488975595411,900.3969572435713
3040,RSN16244,9,16244, BC3,3.64,33.223,-116.7186,8.687,126.98,763,33.655,-115.454,30.65,30.7,0.000168385,0.000218223,8.4e-05,4.49e-05,0.771618832,0.162147524,86.48097032,5.179664862,6.155594857,0.331612558,1991.606085,3.750222717,2.597892857,298.7409128,CI,BC3,-999.0,847,-0.104442663,-0.025573256,0.067051337,-0.078869407,CI.BC3,847,-0.104442663,15.84070015,1060.959961,9.405750275,-0.10444266336759789,847,804.032075785309,830.1217305437614,819.9579402304792,899.2346107908558
3040,RSN18059,9,18059, BC3,5.19,36.4034,-117.8499,9.418,375.2,763,33.655,-115.454,9.46,9.63,-8.39e-05,-0.000111328,1.3e-05,2e-05,0.753378047,0.161686977,88.71060308,5.179664862,6.183223963,0.314159265,1958.40446,4.195,8.563692308,293.760669,CI,BC3,-999.0,837,-0.092566039,-0.025573256,0.067051337,-0.066992783,CI.BC3,837,-0.092566039,15.84070015,1060.959961,9.405750275,-0.09256603920501849,837,724.66570126337,787.9957384657929,776.3633845602387,875.0968923599889
3040,RSN15384,9,15384, BC3,3.99,34.0514,-117.2429,14.998,171.29,763,33.655,-115.454,25.11,25.15,2.69e-05,4.67e-05,2.29e-05,1.09e-05,0.576072859,0.157699414,85.29281728,5.179664862,6.319789549,0.261799388,1638.442322,2.467889908,2.03930131,245.7663483,CI,BC3,-999.0,729,0.045584299,-0.025573256,0.067051337,0.071157555,CI.BC3,729,0.045584299,15.84070015,1060.959961,9.405750275,0.045584299275798656,729,881.1740306915892,806.0458677458569,860.7841209895314,939.1621424383133
3040,RSN17646,9,17646, BC3,3.47,33.8029,-116.1786,7.366,69.13,763,33.655,-115.454,19.06,19.15,0.000636366,0.001196984,5.08e-05,3.81e-05,0.531641325,0.1629238,84.57233999,5.179664862,6.110319177,0.244346095,1484.727227,16.70251969,23.56267717,222.7090841,CI,BC3,-999.0,765,-0.002617803,-0.025573256,0.067051337,0.022955454,CI.BC3,765,-0.002617803,15.84070015,1060.959961,9.405750275,-0.002617802542078884,765,780.6812963653786,837.410586139938,840.1265236081464,990.9402553813188
3040,RSN13816,9,13816, BC3,4.17,34.3277,-116.829,4.957,147.34,763,33.655,-115.454,21.4,21.6,0.001014807,0.001311335,0.000349507,0.000135788,0.773873152,0.166172294,88.43680591,5.179664862,6.015610792,0.331612558,1947.081467,7.473465991,3.751956327,292.0622201,CI,BC3,-999.0,833,-0.087775611,-0.025573256,0.067051337,-0.062202355,CI.BC3,833,-0.087775611,15.84070015,1060.959961,9.405750275,-0.08777561088238617,833,897.359117201935,822.250416803688,867.054704439224,880.4897733487561
3040,RSN13207,9,13207, BC3,4.19,34.3571,-116.8418,9.486,150.01,763,33.655,-115.454,15.95,16.11,0.000234451,0.000568559,7.52e-05,3.37e-05,0.412360056,0.161401663,86.71837699,5.179664862,6.185563454,0.191986218,1203.190041,6.957002967,7.560625,180.4785062,CI,BC3,-999.0,663,0.140483041,-0.025573256,0.067051337,0.166056297,CI.BC3,663,0.140483041,15.84070015,1060.959961,9.405750275,0.14048304109859444,663,776.1852354686316,739.8816596756933,769.3719464455538,874.8711726905195
3040,RSN16789,9,16789, BC3,3.87,34.1402,-116.7627,11.324,132.48,763,33.655,-115.454,16.62,16.68,-3.28e-05,-9.49e-05,2.72e-05,5.54e-06,0.345412002,0.159823098,85.49388132,5.179664862,6.237577418,0.174532925,1036.99643,5.920577617,3.488970588,155.5494645,CI,BC3,-999.0,614,0.217263103,-0.025573256,0.067051337,0.242836359,CI.BC3,614,0.217263103,15.84070015,1060.959961,9.405750275,0.21726310313731467,614,664.9001078923335,707.3680979070326,718.625033775021,828.6962417578104
3040,RSN13108,9,13108, BC3,4.06,33.2394,-116.2082,10.532,83.92,763,33.655,-115.454,12.0,12.08,0.000528801,0.000637207,0.000136817,7.97e-05,0.829873775,0.159760041,83.36947345,5.179664862,6.217520851,0.34906585,2126.14371,6.63489335,4.65736714,318.9215565,CI,BC3,-999.0,891,-0.155086396,-0.025573256,0.067051337,-0.12951314,CI.BC3,891,-0.155086396,15.84070015,1060.959961,9.405750275,-0.155086396186352,891,760.9299630474559,828.9147155656051,804.6248803450302,898.4638538101728
3040,RSN11287,9,11287, BC3,4.78,34.1228,-116.9226,5.969,145.43,763,33.655,-115.454,16.99,17.18,0.000998119,0.001732632,1.44e-05,2.78e-05,0.576071109,0.16474939,88.02368189,5.179664862,6.066214653,0.261799388,1568.32625,35.90356115,120.3216667,235.2489375,CI,BC3,-999.0,747,0.021192846,-0.025573256,0.067051337,0.046766102,CI.BC3,747,0.021192846,15.84070015,1060.959961,9.405750275,0.02119284615163952,747,917.350347291313,831.0784700820292,908.0483420336093,983.7274055594627
3040,RSN17832,9,17832, BC3,3.14,33.0622,-115.8937,7.729,77.44,763,33.655,-115.454,26.56,26.63,-0.000109554,-0.000163927,1.51e-05,2.13e-05,0.668311235,0.162792421,84.94025583,5.179664862,6.11885537,0.296705973,1784.253296,5.143380282,10.85609272,267.6379944,CI,BC3,-999.0,779,-0.020753015,-0.025573256,0.067051337,0.004820242,CI.BC3,779,-0.020753015,15.84070015,1060.959961,9.405750275,-0.020753014586291307,779,723.333568626922,772.7191708430847,748.5113341391906,875.0042896020561
3040,RSN9458,9,9458, BC3,4.93,34.0669,-116.3681,2.241,96.14,763,33.655,-115.454,44.26,44.38,0.000864465,0.001580211,0.000256,0.0002561,0.547056811,0.168391512,89.24361775,5.179664862,5.93802414,0.244346095,1469.164891,3.375497852,6.172699219,220.3747337,CI,BC3,-999.0,760,0.003939598,-0.025573256,0.067051337,0.029512854,CI.BC3,760,0.003939598,15.84070015,1060.959961,9.405750275,0.003939598004079947,760,687.074416637785,813.4807064843604,823.5252552395716,980.2966206978256
3040,RSN12829,9,12829, BC3,4.02,33.7129,-116.0516,12.808,55.78,763,33.655,-115.454,23.2,23.3,0.003387715,0.005180392,0.000656674,0.000285111,0.653949632,0.155853834,77.66546941,5.179664862,6.268161535,0.296705973,1834.961991,11.88209154,7.888833729,275.2442987,CI,BC3,-999.0,796,-0.042341155,-0.025573256,0.067051337,-0.016767898,CI.BC3,796,-0.042341155,15.84070015,1060.959961,9.405750275,-0.04234115455992615,796,727.0191545146877,786.1167650913724,694.482864120169,886.4515819077047
3040,RSN10324,9,10324, BC3,4.63,32.3362,-115.2425,17.16,147.59,763,33.655,-115.454,20.35,20.43,-0.000300046,-0.00039755,0.000123722,8.23e-05,0.75473687,0.155879486,83.68392989,5.179664862,6.37627289,0.331612558,2041.709203,3.645759417,3.213252291,306.2563805,CI,BC3,-999.0,864,-0.124314738,-0.025573256,0.067051337,-0.098741481,CI.BC3,864,-0.124314738,15.84070015,1060.959961,9.405750275,-0.12431473751959832,864,889.1238791536288,836.7060416871007,826.5068437067357,902.4138083822149
3040,RSN9859,9,9859, BC3,4.59,34.9977,-119.1926,10.662,374.92,763,33.655,-115.454,8.6,8.83,0.000150555,0.000238498,8.23e-06,1.3e-05,0.631263777,0.160691204,88.51617144,5.179664862,6.221029194,0.27925268,1728.198031,11.58115385,28.97910085,259.2297047,CI,BC3,-999.0,760,0.003939598,-0.025573256,0.067051337,0.029512854,CI.BC3,760,0.003939598,15.84070015,1060.959961,9.405750275,0.003939598004079947,760,791.3843616289275,760.5039701356828,879.1549825807638,910.6924183481106
3040,RSN8984,9,8984, BC3,5.2,33.5328,-116.5697,15.48,104.44,763,33.655,-115.454,21.58,21.76,0.006701273,0.008188704,0.000459619,0.000192217,0.81835578,0.156346948,81.99765764,5.179664862,6.333749326,0.34906585,2153.582127,34.86306102,17.81628697,323.0373191,CI,BC3,-999.0,900,-0.165136732,-0.025573256,0.067051337,-0.139563476,CI.BC3,900,-0.165136732,15.84070015,1060.959961,9.405750275,-0.16513673203985402,900,739.4933717896178,818.8363081238074,739.6409461467672,885.044276937819
3040,RSN13486,9,13486, BC3,4.29,33.2262,-116.1472,10.889,80.1,763,33.655,-115.454,12.67,12.87,0.004365187,0.004065665,4.3e-05,5.73e-05,1.073671257,0.15931714,82.77447261,5.179664862,6.226943092,0.41887902,2509.405157,76.181274,94.55034884,376.4107736,CI,BC3,-999.0,1012,-0.282425819,-0.025573256,0.067051337,-0.256852562,CI.BC3,1012,-0.282425819,15.84070015,1060.959961,9.405750275,-0.28242581856295423,1012,619.8258576213916,922.5126870289615,848.8987297925457,980.1443087133001
3044,RSN14495,11,14495, BLY,4.01,33.2617,-116.0659,5.761,153.16,1029,33.75,-114.524,36.97,37.12,0.012430865,0.023073498,0.003158004,0.001174953,0.538750791,0.165002335,88.19407374,5.179664862,6.057510055,0.244346095,1481.460381,10.57988277,7.3063549,222.2190572,CI,BLY,-999.0,764,0.297774947,0.291630497,0.384255091,0.006144449,CI.BLY,764,0.297774947,47.8932991,146.9880066,7.737730026,0.2977749466675288,764,936.8325127086753,1316.8362092612163,1053.7738838525613,1333.108284360378
3044,RSN10913,11,10913, BLY,4.26,33.8776,-116.2019,10.062,155.99,1029,33.75,-114.524,20.65,20.71,9.27e-05,0.000173515,7.07e-05,3.53e-05,0.534354698,0.160907108,86.63236161,5.179664862,6.204033973,0.244346095,1509.391635,2.626062323,2.454243281,226.4087453,CI,BLY,-999.0,773,0.286063687,0.291630497,0.384255091,-0.00556681,CI.BLY,773,0.286063687,47.8932991,146.9880066,7.737730026,0.2860636872466271,773,870.950382860753,1317.0473634309503,1047.8346301845218,1329.7867415820294
3044,RSN8989,11,8989, BLY,5.2,33.5328,-116.5697,15.48,191.3,1029,33.75,-114.524,14.61,14.75,0.001995832,0.00362756,0.000176971,5.96e-05,0.550185957,0.157427854,85.64188284,5.179664862,6.333749326,0.244346095,1578.497108,33.48711409,20.4980477,236.7745662,CI,BLY,-999.0,737,0.333754844,0.291630497,0.384255091,0.042124346,CI.BLY,737,0.333754844,47.8932991,146.9880066,7.737730026,0.3337548436447131,737,828.7264703828602,1211.1638881767021,978.0264208254204,1234.668232097418
3044,RSN14381,11,14381, BLY,4.14,34.8632,-116.3444,6.474,208.15,1029,33.75,-114.524,25.4,25.47,0.000144945,0.000275394,0.000114407,6.8e-05,0.526319687,0.164289237,88.47784802,5.179664862,6.084678138,0.244346095,1460.703132,2.131544118,2.40714292,219.1054698,CI,BLY,-999.0,757,0.306979482,0.291630497,0.384255091,0.015348985,CI.BLY,757,0.306979482,47.8932991,146.9880066,7.737730026,0.306979482396601,757,1063.4696929672616,1362.8874872194826,1075.8507815225207,1356.2553113391439
3044,RSN15557,11,15557, BLY,4.06,32.6823,-116.088,9.762,187.83,1029,33.75,-114.524,28.83,28.88,2.5e-05,5e-05,1.26e-05,1.11e-05,0.499663965,0.161249418,87.30293139,5.179664862,6.194703173,0.226892803,1422.728347,2.252252252,3.968253968,213.4092521,CI,BLY,-999.0,743,0.325646691,0.291630497,0.384255091,0.034016194,CI.BLY,743,0.325646691,47.8932991,146.9880066,7.737730026,0.3256466911162903,743,855.7242841210917,1259.220396902168,980.8777711264053,1272.0960100766158
3044,RSN13111,11,13111, BLY,4.06,33.2394,-116.2082,10.532,166.44,1029,33.75,-114.524,13.02,13.11,0.000105775,0.000197129,2.89e-05,1.99e-05,0.536576829,0.160568098,86.69371498,5.179664862,6.217520851,0.244346095,1517.534957,5.315326633,6.821072664,227.6302436,CI,BLY,-999.0,775,0.283479706,0.291630497,0.384255091,-0.008150791,CI.BLY,775,0.283479706,47.8932991,146.9880066,7.737730026,0.2834797064807022,775,884.8363629435688,1304.2401896836323,1036.552536553353,1309.3953196135478
3044,RSN10402,11,10402, BLY,4.45,34.1081,-117.3062,14.795,260.3,1029,33.75,-114.524,16.65,16.71,0.000122428,0.000167946,2.83e-05,5.6e-05,0.728973707,0.158163104,86.95116168,5.179664862,6.313637877,0.314159265,1958.221532,2.186214286,5.934487633,293.7332298,CI,BLY,-999.0,836,0.207714123,0.291630497,0.384255091,-0.083916374,CI.BLY,836,0.207714123,47.8932991,146.9880066,7.737730026,0.20771412274934775,836,850.1282034926589,1093.7172052671888,943.1580477809846,1102.6936908916234
3046,RSN15536,12,15536, BOR,3.75,32.5969,-115.5741,12.269,108.42,619,33.268,-116.417,31.68,31.71,9.85e-05,0.000161586,3.26e-05,2.08e-05,0.609656335,0.158917788,83.98790004,5.179664862,6.257951442,0.27925268,1703.10376,4.735576923,4.956625767,255.465564,CI,BOR,-999.0,751,-0.193300379,-0.374657107,-0.282032514,0.181356728,CI.BOR,751,-0.193300379,20.2465992,289.8450012,13.80760002,-0.19330037907953823,751,793.3591330523532,581.3318208416879,856.7769403966399,613.6278976575599
3046,RSN10914,12,10914, BOR,4.26,33.8776,-116.2019,10.062,70.5,619,33.268,-116.417,28.55,28.64,-0.002557033,-0.004260935,8.51e-05,1.24e-05,0.60011076,0.159813078,82.51797595,5.179664862,6.204033973,0.261799388,1667.645827,206.2123387,50.06974148,250.1468741,CI,BOR,-999.0,739,-0.177192648,-0.374657107,-0.282032514,0.197464459,CI.BOR,739,-0.177192648,20.2465992,289.8450012,13.80760002,-0.17719264826360526,739,759.497347223135,567.8037391960835,833.9232870738288,608.2729961038418
3046,RSN16815,12,16815, BOR,3.49,34.309,-116.9297,9.684,124.85,619,33.268,-116.417,12.83,12.9,-0.000421287,-0.000585986,4.01e-05,5.43e-05,0.71893721,0.161093115,85.96152595,5.179664862,6.192176404,0.314159265,1904.549278,7.758508287,14.61311721,285.6823917,CI,BOR,-999.0,819,-0.279978811,-0.374657107,-0.282032514,0.094678296,CI.BOR,819,-0.279978811,20.2465992,289.8450012,13.80760002,-0.27997881116847356,819,860.6451674805664,615.2406048785755,682.342499694239,616.3342130032255
3046,RSN9327,12,9327, BOR,4.88,34.0655,-117.0011,17.501,103.72,619,33.268,-116.417,15.03,15.3,-0.010620549,-0.008530105,4.71e-05,8.95e-05,1.245066541,0.154633498,80.81061652,5.179664862,6.383907006,0.453785606,2799.905052,118.665352,181.1062633,419.9857578,CI,BOR,-999.0,1101,-0.575868864,-0.374657107,-0.282032514,-0.201211757,CI.BOR,1101,-0.575868864,20.2465992,289.8450012,13.80760002,-0.5758688640380836,1101,775.8800899714831,788.4971911168632,610.7193690831583,752.1677524228452
3046,RSN15891,12,15891, BOR,3.96,32.6554,-116.1347,12.336,72.89,619,33.268,-116.417,24.81,24.89,-0.000885212,-0.00083631,7.03e-05,1.99e-05,1.058473244,0.157764788,80.92860823,5.179664862,6.25927157,0.401425728,2505.491078,44.48301508,11.89630156,375.8236617,CI,BOR,-999.0,1011,-0.490589946,-0.374657107,-0.282032514,-0.115932839,CI.BOR,1011,-0.490589946,20.2465992,289.8450012,13.80760002,-0.4905899463358754,1011,677.640484229724,753.010065179018,574.3141449030729,718.4992434685468
3046,RSN13507,12,13507, BOR,4.06,32.7797,-117.3507,7.174,102.68,619,33.268,-116.417,14.57,14.63,-0.00079276,-0.000603667,0.000114,0.000157174,1.313242025,0.163484026,86.50193551,5.179664862,6.105409111,0.453785606,2711.917891,5.043836767,5.295324561,406.7876837,CI,BOR,-999.0,1075,-0.551970668,-0.374657107,-0.282032514,-0.17731356,CI.BOR,1075,-0.551970668,20.2465992,289.8450012,13.80760002,-0.5519706678771668,1075,855.7393763030491,806.4034684171424,637.4848918874792,761.6255915453277
3046,RSN8990,12,8990, BOR,5.2,33.5328,-116.5697,15.48,32.62,619,33.268,-116.417,22.83,22.88,-0.15877467,-0.300837259,0.005748865,0.000933749,0.527775948,0.143048564,64.96287353,5.179664862,6.333749326,0.244346095,1681.276672,170.0399893,52.32985276,252.1915008,CI,BOR,-999.0,744,-0.183935762,-0.374657107,-0.282032514,0.190721345,CI.BOR,744,-0.183935762,20.2465992,289.8450012,13.80760002,-0.18393576214849539,744,643.719604179497,558.2171466550687,785.2019948173679,604.7151390821163
3046,RSN8770,12,8770, BOR,5.39,33.9465,-117.7667,14.89,146.13,619,33.268,-116.417,26.87,27.39,-0.009936324,-0.00744282,0.000234082,0.000139023,1.33502133,0.157593168,84.52815583,5.179664862,6.31653763,0.471238898,2843.965442,71.47251894,31.79578097,426.5948163,CI,BOR,-999.0,1115,-0.588504411,-0.374657107,-0.282032514,-0.213847304,CI.BOR,1115,-0.588504411,20.2465992,289.8450012,13.80760002,-0.5885044112096232,1115,772.9843506965402,843.2297204217988,612.4112992479558,774.1614863306224
3046,RSN11350,12,11350, BOR,4.73,33.7328,-117.4921,10.018,112.42,619,33.268,-116.417,28.15,28.23,-0.001439798,-0.001189485,0.000364048,0.000330675,1.210437279,0.160690602,85.35530617,5.179664862,6.202702587,0.436332313,2649.342613,4.354118092,3.26738507,397.401392,CI,BOR,-999.0,1055,-0.533190773,-0.374657107,-0.282032514,-0.158533666,CI.BOR,1055,-0.533190773,20.2465992,289.8450012,13.80760002,-0.533190773225571,1055,862.1038561787445,779.9515930675572,585.4529999592291,735.6196610822859
3046,RSN17649,12,17649, BOR,3.47,33.8029,-116.1786,7.366,63.32,619,33.268,-116.417,15.96,16.03,0.0005303,0.001005677,4.03e-05,4.36e-06,0.527306426,0.162801641,84.1375615,5.179664862,6.110319177,0.244346095,1476.241767,121.6284404,24.95476427,221.4362651,CI,BOR,-999.0,762,-0.207841283,-0.374657107,-0.282032514,0.166815824,CI.BOR,762,-0.207841283,20.2465992,289.8450012,13.80760002,-0.2078412830020504,762,769.3721253667602,598.8929326287305,920.5212224211516,648.4070449535583
3046,RSN10403,12,10403, BOR,4.45,34.1081,-117.3062,14.795,124.42,619,33.268,-116.417,16.85,16.95,0.003973885,0.003744218,0.000699179,0.000811422,1.061339316,0.157400444,83.60076391,5.179664862,6.313637877,0.401425728,2514.846846,4.897433148,5.355163699,377.2270269,CI,BOR,-999.0,1014,-0.493552911,-0.374657107,-0.282032514,-0.118895804,CI.BOR,1014,-0.493552911,20.2465992,289.8450012,13.80760002,-0.4935529114665327,1014,795.2572264176354,758.4103701518052,582.6849275412483,718.0419318826691
3046,RSN12596,12,12596, BOR,4.11,33.5089,-116.8485,12.274,48.23,619,33.268,-116.417,13.45,13.5,0.00209582,0.002639862,3.43e-05,1.77e-05,0.793912467,0.155386325,76.51118291,5.179664862,6.258050482,0.331612558,2117.069945,118.4079096,76.96390671,317.5604918,CI,BOR,-999.0,888,-0.36086647,-0.374657107,-0.282032514,0.013790637,CI.BOR,888,-0.36086647,20.2465992,289.8450012,13.80760002,-0.3608664703075739,888,793.332016396818,648.4170377338135,656.7042509430673,645.3483906507412
3046,RSN8183,12,8183, BOR,4.92,33.5083,-116.5143,15.2,28.21,619,33.268,-116.417,17.75,17.78,0.00748298,0.013479574,0.004783022,0.000849101,0.555134761,0.139913957,62.25895429,5.179664862,6.325747735,0.261799388,1794.797808,8.812826743,2.818212837,269.2196712,CI,BOR,-999.0,782,-0.233749468,-0.374657107,-0.282032514,0.14090764,CI.BOR,782,-0.233749468,20.2465992,289.8450012,13.80760002,-0.23374946786071504,782,695.1002197332083,590.9535828438354,811.4110644345545,637.2014468224031
3055,RSN18327,16,18327, DPP,3.05,33.5043,-116.561,11.461,66.34,611,32.999,-116.942,13.55,13.61,0.00017045,0.000203671,2.93e-05,3.51e-05,0.836886682,0.158201433,80.85730303,5.179664862,6.240750508,0.34906585,2158.383988,4.856125356,6.951228669,323.7575982,CI,DPP,-999.0,902,-0.389517561,-0.419009726,-0.326385133,0.029492165,CI.DPP,902,-0.389517561,2.213140011,484.9679871,5.799489975,-0.3895175608910284,902,717.028736723304,721.7916764600079,737.8645820377478,709.997539049807
3055,RSN17371,16,17371, DPP,3.56,33.0804,-116.4826,10.835,43.85,611,32.999,-116.942,19.03,19.08,0.004652712,0.007829562,4.8e-05,0.000104188,0.594249305,0.156397394,76.82070488,5.179664862,6.225560001,0.261799388,1691.521485,44.65688947,163.115875,253.7282228,CI,DPP,-999.0,747,-0.200968226,-0.419009726,-0.326385133,0.2180415,CI.DPP,747,-0.200968226,2.213140011,484.9679871,5.799489975,-0.20096822596122177,747,778.6420294661478,669.9875415327367,594.5794452156085,616.1339020809573
3055,RSN13230,16,13230, DPP,4.19,34.3571,-116.8418,9.486,150.92,611,32.999,-116.942,22.37,22.47,-0.000929605,-0.000768645,2.29e-05,1.57e-05,1.209407695,0.161405201,86.74035365,5.179664862,6.185563454,0.436332313,2636.562678,59.21050955,33.56528384,395.4844017,CI,DPP,-999.0,1052,-0.543351434,-0.419009726,-0.326385133,-0.124341708,CI.DPP,1052,-0.543351434,2.213140011,484.9679871,5.799489975,-0.5433514341260599,1052,838.2567500068877,863.8463353916377,861.4422721987744,836.7478825496839
3055,RSN16712,16,16712, DPP,3.73,33.5058,-116.7636,16.276,58.61,611,32.999,-116.942,21.65,21.78,-0.002660067,-0.00209031,1.79e-05,1.58e-05,1.272570716,0.151992878,74.99728398,5.179664862,6.3549922,0.453785606,2876.740171,168.3586709,116.777095,431.5110257,CI,DPP,-999.0,1125,-0.610441355,-0.419009726,-0.326385133,-0.19143163,CI.DPP,1125,-0.610441355,2.213140011,484.9679871,5.799489975,-0.610441355466925,1125,736.2872791148433,851.4124981647997,803.1514896851752,854.725669416992
3055,RSN10933,16,10933, DPP,4.26,33.8776,-116.2019,10.062,119.3,611,32.999,-116.942,33.4,33.52,-0.003456136,-0.003099219,0.000148267,7e-05,1.115163658,0.160712228,85.6084981,5.179664862,6.204033973,0.41887902,2536.039244,49.37337143,20.90295885,380.4058866,CI,DPP,-999.0,1021,-0.513440859,-0.419009726,-0.326385133,-0.094431133,CI.DPP,1021,-0.513440859,2.213140011,484.9679871,5.799489975,-0.5134408589930697,1021,845.8287657373348,828.77923086925,878.8270105933551,809.2005028216663
3055,RSN8788,16,8788, DPP,5.39,33.9465,-117.7667,14.89,130.08,611,32.999,-116.942,29.11,29.53,-0.044895346,-0.031483761,0.001451065,0.001400032,1.425984239,0.157404751,83.85438756,5.179664862,6.31653763,0.471238898,2926.411746,32.06737132,21.69700255,438.9617619,CI,DPP,-999.0,1139,-0.622809004,-0.419009726,-0.326385133,-0.203799278,CI.DPP,1139,-0.622809004,2.213140011,484.9679871,5.799489975,-0.6228090042755863,1139,816.0164912122588,904.4735200163825,867.4563420877504,880.06255780153
3055,RSN16942,16,16942, DPP,3.63,34.1242,-116.405,9.555,134.39,611,32.999,-116.942,13.49,13.57,-0.000387818,-0.000302063,1.3e-05,1.11e-05,1.283899883,0.161272399,86.31961617,5.179664862,6.187901101,0.453785606,2721.933824,34.93855856,23.23561538,408.2900736,CI,DPP,-999.0,1078,-0.567765792,-0.419009726,-0.326385133,-0.148756066,CI.DPP,1078,-0.567765792,2.213140011,484.9679871,5.799489975,-0.5677657922973465,1078,750.0271450767156,862.4885707670322,844.9644005617382,849.4247258739776
3055,RSN16256,16,16256, DPP,3.64,33.223,-116.7186,8.687,32.43,611,32.999,-116.942,16.87,16.93,-0.007829933,-0.010309267,0.000212187,1.38e-05,0.759504371,0.157678481,76.07339924,5.179664862,6.155594857,0.331612558,2026.845225,567.3864493,48.58576162,304.0267838,CI,DPP,-999.0,859,-0.340671963,-0.419009726,-0.326385133,0.078337763,CI.DPP,859,-0.340671963,2.213140011,484.9679871,5.799489975,-0.3406719628126593,859,767.7880521383322,696.5952464068912,694.3023371660042,687.8806425264534
3055,RSN15944,16,15944, DPP,3.64,33.8726,-117.7125,2.161,120.51,611,32.999,-116.942,34.05,34.15,-0.00013362,-0.000112093,3.72e-05,3.4e-05,1.19204789,0.168398172,89.44102278,5.179664862,5.93802414,0.436332313,2509.93034,3.93,3.013252688,376.489551,CI,DPP,-999.0,1012,-0.504586891,-0.419009726,-0.326385133,-0.085577165,CI.DPP,1012,-0.504586891,2.213140011,484.9679871,5.799489975,-0.5045868906758155,1012,1074.2302481421393,859.8650538155285,935.1645466732865,819.2334336713583
3055,RSN19335,16,19335, DPP,3.09,33.9522,-117.7991,13.107,132.38,611,32.999,-116.942,13.61,13.65,-4.5e-05,-7.81e-05,2.2e-05,1.11e-05,0.575920403,0.158725585,84.71973239,5.179664862,6.273446412,0.261799388,1627.520346,4.054054054,3.55,244.1280519,CI,DPP,-999.0,726,-0.172453056,-0.419009726,-0.326385133,0.24655667,CI.DPP,726,-0.172453056,2.213140011,484.9679871,5.799489975,-0.17245305565320024,726,776.4982648984177,675.4752145329368,594.4237204883188,605.6911689937492
3055,RSN17839,16,17839, DPP,3.14,33.0622,-115.8937,7.729,98.19,611,32.999,-116.942,29.43,29.5,0.000266355,0.000577959,2.39e-05,7.23e-06,0.460853818,0.163029258,85.99048181,5.179664862,6.11885537,0.20943951,1312.637704,36.84024896,24.18238494,196.8956556,CI,DPP,-999.0,705,-0.143100844,-0.419009726,-0.326385133,0.275908882,CI.DPP,705,-0.143100844,2.213140011,484.9679871,5.799489975,-0.14310084364067333,705,725.1736146140578,650.8804821155268,571.279868022538,585.6588411029104
3063,RSN15410,20,15410, JEM,3.99,34.0514,-117.2429,14.998,123.17,501,33.081,-116.598,21.46,21.55,0.000418924,0.000370539,3.42e-05,2.98e-05,1.130581979,0.15720174,83.45463629,5.179664862,6.319789549,0.41887902,2610.485715,14.05785235,10.83447368,391.5728573,CI,JEM,-999.0,1044,-0.734208667,-0.674489071,-0.581864478,-0.059719596,CI.JEM,1044,-0.734208667,20.58799934,1314.609985,6.39854002,-0.7342086673577191,1044,681.1714052363548,764.0607854843429,870.9146261430442,770.9449353143365
3063,RSN12612,20,12612, JEM,4.11,33.5089,-116.8485,12.274,52.88,501,33.081,-116.598,13.93,14.01,-0.00232323,-0.002130054,5.47e-05,5.08e-05,1.090690348,0.156027348,77.53472891,5.179664862,6.258050482,0.41887902,2583.053669,45.73287402,38.94065814,387.4580504,CI,JEM,-999.0,1035,-0.725550605,-0.674489071,-0.581864478,-0.051061534,CI.JEM,1035,-0.725550605,20.58799934,1314.609985,6.39854002,-0.7255506046146047,1035,657.7657605147326,744.3441690968021,777.3361765529984,754.0179972405807
3063,RSN9491,20,9491, JEM,4.7,33.9275,-118.3536,11.588,188.21,501,33.081,-116.598,14.2,14.42,0.001671329,0.001225986,7.52e-05,9.66e-05,1.363252569,0.159907343,86.75935464,5.179664862,6.243621422,0.471238898,2827.736451,17.30154244,16.30300532,424.1604677,CI,JEM,-999.0,1110,-0.795509193,-0.674489071,-0.581864478,-0.121020122,CI.JEM,1110,-0.795509193,20.58799934,1314.609985,6.39854002,-0.7955091932215153,1110,685.288956934901,814.0738248632155,873.9657319102614,824.1537941566041
3063,RSN10354,20,10354, JEM,4.63,32.3362,-115.2425,17.16,151.57,501,33.081,-116.598,22.65,22.75,-5.57e-05,-8.78e-05,2.24e-05,1.22e-05,0.634662654,0.155929148,83.8510507,5.179664862,6.37627289,0.27925268,1787.989578,4.56557377,3.919642857,268.1984367,CI,JEM,-999.0,780,-0.442687819,-0.674489071,-0.581864478,0.231801252,CI.JEM,780,-0.442687819,20.58799934,1314.609985,6.39854002,-0.44268781859877304,780,1007.4149746434186,691.3280791837245,693.1561281957794,614.5779937301357
3088,RSN16968,30,16968, SLR,3.63,34.1242,-116.405,9.555,48.46,499,33.834,-116.797,13.85,13.9,0.001075287,0.003165633,5.62e-05,1.05e-05,0.33967532,0.158993285,79.68388983,5.179664862,6.187901101,0.157079633,1024.167659,102.4082857,56.32798932,153.6251489,CI,SLR,-999.0,610,-0.200852861,-0.371471551,-0.278846958,0.170618689,CI.SLR,610,-0.200852861,12.81680012,1560.819946,7.582159996,-0.20085286141583847,610,625.5834348346395,514.1407682617983,580.7819235657074,534.1785716815516
3088,RSN15306,30,15306, SLR,3.86,34.1976,-117.3882,14.177,67.89,499,33.834,-116.797,19.66,19.74,0.001727035,0.004431614,0.000134679,2.39e-05,0.389707943,0.155810868,78.70926757,5.179664862,6.293825021,0.191986218,1186.853439,72.26087866,32.90501117,178.0280159,CI,SLR,-999.0,657,-0.275077923,-0.371471551,-0.278846958,0.096393628,CI.SLR,657,-0.275077923,12.81680012,1560.819946,7.582159996,-0.2750779227330913,657,683.2883282199438,542.3196450606806,623.3924672996171,568.5953746324615
3088,RSN11462,30,11462, SLR,4.73,33.7328,-117.4921,10.018,65.35,499,33.834,-116.797,18.15,18.33,0.003220704,0.005755018,2.89e-05,4.37e-05,0.559633938,0.159643014,81.97946981,5.179664862,6.202702587,0.261799388,1582.860603,73.70032037,199.1355709,237.4290905,CI,SLR,-999.0,733,-0.384539606,-0.371471551,-0.278846958,-0.013068055,CI.SLR,733,-0.384539606,12.81680012,1560.819946,7.582159996,-0.3845396061351325,733,727.6983053848068,588.1807106589943,663.4681672604459,621.1490285549037
3088,RSN18341,30,18341, SLR,3.05,33.5043,-116.561,11.461,42.62,499,33.834,-116.797,14.37,14.43,-0.001275146,-0.002577898,0.000195539,7.67e-05,0.494645735,0.15526303,75.68657561,5.179664862,6.240750508,0.226892803,1465.538262,16.62511082,13.18354906,219.8307393,CI,SLR,-999.0,758,-0.41807729,-0.371471551,-0.278846958,-0.046605739,CI.SLR,758,-0.41807729,12.81680012,1560.819946,7.582159996,-0.4180772898908529,758,779.5558419491194,622.5647728026511,710.5634505394878,652.5962959857922
3088,RSN15918,30,15918, SLR,3.96,32.6554,-116.1347,12.336,144.55,499,33.834,-116.797,23.58,23.64,-0.000753375,-0.001043456,0.000403514,0.000347035,0.722000102,0.159263364,85.46748579,5.179664862,6.25927157,0.314159265,1932.026733,2.170890544,2.585922669,289.80401,CI,SLR,-999.0,828,-0.506407059,-0.371471551,-0.278846958,-0.134935508,CI.SLR,828,-0.506407059,12.81680012,1560.819946,7.582159996,-0.5064070586337408,828,861.107238657194,670.5435149012784,791.8390660702568,692.9772942686841
3088,RSN12641,30,12641, SLR,4.11,33.5089,-116.8485,12.274,36.37,499,33.834,-116.797,12.39,12.44,-0.006136538,-0.014203182,0.00071193,0.000475956,0.432053766,0.152098203,72.14550871,5.179664862,6.258050482,0.20943951,1332.716965,12.89307835,19.95025073,199.9075448,CI,SLR,-999.0,712,-0.355471816,-0.371471551,-0.278846958,0.015999735,CI.SLR,712,-0.355471816,12.81680012,1560.819946,7.582159996,-0.35547181566045705,712,719.3883279211373,578.1405663981867,672.2733281378381,610.8756401256256
3088,RSN14479,30,14479, SLR,4.05,32.7091,-116.0396,7.817,143.33,499,33.834,-116.797,36.85,36.91,-0.000146537,-0.000306751,7.5e-05,3.97e-05,0.477708615,0.163189631,87.25150926,5.179664862,6.120791156,0.226892803,1355.217979,3.691108312,4.090013333,203.2826969,CI,SLR,-999.0,720,-0.366645116,-0.371471551,-0.278846958,0.004826435,CI.SLR,720,-0.366645116,12.81680012,1560.819946,7.582159996,-0.3666451162585824,720,931.2553646306748,621.8954050760004,740.5243169304177,640.8834813531598
3088,RSN18367,30,18367, SLR,3.34,33.5022,-116.5193,11.15,44.92,499,33.834,-116.797,15.55,15.61,-0.001485551,-0.002320246,0.00066218,0.000253651,0.640255561,0.156134561,76.7186394,5.179664862,6.233428753,0.27925268,1797.101595,5.856673145,3.503950587,269.5652393,CI,SLR,-999.0,783,-0.4505266,-0.371471551,-0.278846958,-0.079055049,CI.SLR,783,-0.4505266,12.81680012,1560.819946,7.582159996,-0.45052660023928404,783,760.6109795664596,623.6926136431497,708.4883504945554,663.8486512042547
3088,RSN13454,30,13454, SLR,3.9,34.4032,-118.651,13.612,182.33,499,33.834,-116.797,9.5,9.66,-0.00020475,-0.000432545,9.76e-06,9.95e-06,0.473360691,0.158804444,86.01409791,5.179664862,6.281821568,0.226892803,1382.200359,20.57788945,44.31813525,207.3300539,CI,SLR,-999.0,729,-0.379067636,-0.371471551,-0.278846958,-0.007596085,CI.SLR,729,-0.379067636,12.81680012,1560.819946,7.582159996,-0.37906763625713946,729,816.410538825071,620.054767268945,707.8246667947716,634.6588386628273
3088,RSN17852,30,17852, SLR,3.14,33.0622,-115.8937,7.729,119.92,499,33.834,-116.797,33.08,33.17,-0.000270799,-0.000355893,7.88e-05,6.82e-05,0.760901477,0.163164178,86.73621866,5.179664862,6.11885537,0.331612558,1961.079955,3.970659824,4.516408629,294.1619933,CI,SLR,-999.0,837,-0.517217975,-0.371471551,-0.278846958,-0.145746424,CI.SLR,837,-0.517217975,12.81680012,1560.819946,7.582159996,-0.5172179747379566,837,788.7557413565397,660.2725609164027,761.5069470819382,688.1644663581294
3088,RSN16736,30,16736, SLR,3.73,33.5058,-116.7636,16.276,36.53,499,33.834,-116.797,20.67,20.73,-0.004823463,-0.013368432,0.000148734,4.08e-05,0.360809971,0.144218582,66.42079339,5.179664862,6.3549922,0.174532925,1194.783927,118.2221324,89.88147969,179.2175891,CI,SLR,-999.0,660,-0.279633739,-0.371471551,-0.278846958,0.091837812,CI.SLR,660,-0.279633739,12.81680012,1560.819946,7.582159996,-0.2796337392689523,660,656.5946309794597,557.5504216980991,618.5566961095458,585.7421815462741
3088,RSN17354,30,17354, SLR,3.56,33.4509,-116.5827,10.563,46.91,499,33.834,-116.797,22.35,22.38,-0.002526741,-0.004745618,9.67e-05,0.000251218,0.532436589,0.15730124,78.00249158,5.179664862,6.218365755,0.244346095,1539.614711,10.05796161,49.07567735,230.9422067,CI,SLR,-999.0,774,-0.438965778,-0.371471551,-0.278846958,-0.067494227,CI.SLR,774,-0.438965778,12.81680012,1560.819946,7.582159996,-0.43896577783820856,774,795.6898326889327,629.4333784433258,721.6702261989518,659.4282339008056
3088,RSN15194,30,15194, SLR,3.9,33.867,-117.1038,11.856,28.63,499,33.834,-116.797,19.14,19.22,0.015963749,0.029929098,0.000635806,0.00015861,0.53338558,0.148462513,68.09621928,5.179664862,6.24946745,0.244346095,1633.571586,100.6478091,47.07268884,245.0357379,CI,SLR,-999.0,728,-0.377694952,-0.371471551,-0.278846958,-0.006223402,CI.SLR,728,-0.377694952,12.81680012,1560.819946,7.582159996,-0.37769495244516715,728,721.7065868521534,588.3907454288426,678.8827210498328,625.7370871714962
3088,RSN13895,30,13895, SLR,4.17,34.3277,-116.829,4.957,54.84,499,33.834,-116.797,17.65,17.72,-0.008560207,-0.021616927,0.001247383,0.00031429,0.395995569,0.165772778,85.73019726,5.179664862,6.015610792,0.191986218,1131.178208,27.23665086,17.32982332,169.6767312,CI,SLR,-999.0,641,-0.250423361,-0.371471551,-0.278846958,0.12104819,CI.SLR,641,-0.250423361,12.81680012,1560.819946,7.582159996,-0.2504233611691511,641,666.2853248222924,554.4926701825166,624.355200939984,572.9240140665274
3089,RSN11229,31,11229, SNO,4.42,34.0665,-118.8938,12.827,192.62,503,34.035,-116.808,23.3,23.54,0.000268571,0.000508684,3.69e-05,3.82e-05,0.527972087,0.15922271,86.45668539,5.179664862,6.268505043,0.244346095,1510.934279,7.03065445,13.78547425,226.6401419,CI,SNO,-999.0,773,-0.429688878,-0.275087077,-0.182462483,-0.154601802,CI.SNO,773,-0.429688878,32.69390106,2231.169922,21.4654007,-0.4296888784876831,773,836.2137145369302,653.4825148936612,753.387611682835,647.9963514126811
3089,RSN18231,31,18231, SNO,4.36,36.3932,-117.8644,8.798,278.75,503,34.035,-116.808,11.0,11.2,-5.71e-05,-0.000151359,1.98e-05,7.97e-06,0.377442226,0.162270558,88.38745662,5.179664862,6.160106881,0.174532925,1105.004631,7.164366374,7.644393939,165.7506947,CI,SNO,-999.0,634,-0.231458784,-0.275087077,-0.182462483,0.043628292,CI.SNO,634,-0.231458784,32.69390106,2231.169922,21.4654007,-0.23145878433748646,634,874.5237655940055,594.3927713470567,956.7129858628647,601.2515008217
3089,RSN10534,31,10534, SNO,4.45,34.1081,-117.3062,14.795,46.7,503,34.035,-116.808,15.1,15.33,0.010901374,0.027917331,0.00010209,0.000103484,0.390487694,0.151431552,72.95678817,5.179664862,6.313637877,0.191986218,1223.306367,105.34357,273.458037,183.4959551,CI,SNO,-999.0,671,-0.288178967,-0.275087077,-0.182462483,-0.01309189,CI.SNO,671,-0.288178967,32.69390106,2231.169922,21.4654007,-0.2881789668719428,671,653.9355360179181,557.1238597418313,676.2866168437198,580.0551741804471
3089,RSN18144,31,18144, SNO,5.19,36.4034,-117.8499,9.418,279.36,503,34.035,-116.808,14.22,14.56,-0.000181704,-0.000558646,4.68e-05,2.86e-05,0.32525841,0.161653834,88.26558079,5.179664862,6.183223963,0.157079633,968.6272083,6.353286713,11.93688034,145.2940812,CI,SNO,-999.0,585,-0.151021677,-0.275087077,-0.182462483,0.1240654,CI.SNO,585,-0.151021677,32.69390106,2231.169922,21.4654007,-0.15102167713211756,585,681.5204701064922,534.2151415866482,706.2861426003717,540.7133006673828
3093,RSN10998,32,10998, TOR,4.26,33.8776,-116.2019,10.062,33.64,1100,33.575,-116.226,19.09,19.22,-0.007436389,-0.018791936,5.95e-05,1.92e-05,0.395722346,0.155086759,74.18854106,5.179664862,6.204033973,0.191986218,1208.395622,387.3119271,315.8308571,181.2593433,CI,TOR,14.39045,665,0.503278418,0.341712364,0.434336957,0.161566054,CI.TOR,772,0.354080909,31.92429924,15.28190041,8.998370171,0.3540809087616852,772,789.0287346032876,1041.9996662199853,815.1458533479921,1062.2569616025678
3093,RSN11477,32,11477, TOR,4.73,33.7328,-117.4921,10.018,118.74,1100,33.575,-116.226,23.44,23.6,0.000684222,0.000868194,3.05e-05,1.18e-05,0.788097698,0.160743278,85.59253186,5.179664862,6.202702587,0.331612558,2036.827615,57.98491525,28.46537705,305.5241423,CI,TOR,14.39045,862,0.243810188,0.341712364,0.434336957,-0.097902176,CI.TOR,1001,0.094310679,31.92429924,15.28190041,8.998370171,0.09431067947124117,1001,939.3245246395469,1111.1311129915084,920.5765066061037,1111.0570818259562
3093,RSN16307,32,16307, TOR,3.64,33.223,-116.7186,8.687,60.2,1100,33.575,-116.226,20.11,20.17,0.000356184,0.00045366,7.68e-06,1.05e-05,0.785133324,0.161092319,82.57685388,5.179664862,6.155594857,0.331612558,2027.460136,33.92228571,59.0703125,304.1190204,CI,TOR,14.39045,859,0.247296537,0.341712364,0.434336957,-0.094415827,CI.TOR,997,0.098314689,31.92429924,15.28190041,8.998370171,0.09831468882462335,997,884.0659086889922,1127.3711970097784,924.1141640535303,1120.917713599453
3093,RSN10547,32,10547, TOR,4.45,34.1081,-117.3062,14.795,116.16,1100,33.575,-116.226,15.7,16.0,0.024062699,0.035492089,6e-05,3.55e-05,0.677973604,0.157259881,83.15968236,5.179664862,6.313637877,0.296705973,1865.910978,677.822507,591.5348167,279.8866467,CI,TOR,14.39045,806,0.310981716,0.341712364,0.434336957,-0.030730648,CI.TOR,936,0.161449982,31.92429924,15.28190041,8.998370171,0.16144998230886998,936,808.9484782273336,1093.8142543135236,861.0067954792909,1080.256625019549
3093,RSN19406,32,19406, TOR,3.43,34.1381,-117.4717,5.767,131.11,1100,33.575,-116.226,39.46,39.53,-5.99e-05,-9.72e-05,2.3e-05,5.83e-06,0.61650887,0.164964613,87.88368405,5.179664862,6.057771424,0.27925268,1654.350163,10.27444254,4.226086957,248.1525245,CI,TOR,14.39045,735,0.40319496,0.341712364,0.434336957,0.061482596,CI.TOR,853,0.254305911,31.92429924,15.28190041,8.998370171,0.2543059112947823,853,963.6541822170627,1113.8934296986367,1063.6340553129255,1140.4231153661603
100045,RSN19287,34,19287, BJOB,3.8,36.6652,-121.2928,7.59,5.58,486,36.6181,-121.3147,21.08,21.15,-0.053946388,-0.120436422,0.005970016,0.000694123,0.447924204,0.09883413,37.18851209,5.179664862,6.115695017,0.20943951,2114.337009,77.71877319,20.17355096,317.1505514,NC,BJOB,4.73946,887,-0.601636358,-0.212709852,-0.120085258,-0.388926507,NC.BJOB,622,-0.246731469,20.3302002,927.7979736,16.2276001,-0.24673146883868569,622,554.5612470275843,569.1420523277966,641.3186659477504,602.9031459538877
100045,RSN8669,34,8669, BJOB,5.45,37.4317,-121.7767,7.486,99.21,486,36.6181,-121.3147,12.36,12.59,-0.017057175,-0.022609105,0.005674942,0.002639234,0.754438335,0.163214804,86.17455607,5.179664862,6.113244097,0.331612558,1949.437687,6.462926364,3.984023978,292.4156531,NC,BJOB,4.73946,834,-0.540024778,-0.212709852,-0.120085258,-0.327314927,NC.BJOB,585,-0.185403223,20.3302002,927.7979736,16.2276001,-0.18540322333136317,585,493.7631123310741,496.7712127517008,478.41277389146217,516.4479578001517
100045,RSN19109,34,19109, BJOB,3.54,36.6863,-121.3159,5.804,7.57,486,36.6181,-121.3147,14.72,14.75,-0.014420573,-0.172526339,0.000863137,0.001248124,0.08358476,0.128827746,51.31690835,5.179664862,6.059369269,0.034906585,323.4754407,11.55379834,199.8829143,48.52131611,NC,BJOB,4.73946,282,0.544301553,-0.212709852,-0.120085258,0.757011405,NC.BJOB,282,0.544301553,20.3302002,927.7979736,16.2276001,0.5443015529623798,282,323.3129403808508,391.1407338505443,384.96951436178585,417.8466384927465
100045,RSN19053,34,19053, BJOB,3.36,36.661,-121.2879,7.341,5.33,486,36.6181,-121.3147,14.62,14.67,-0.006424538,-0.0545002,0.0006081,0.000256332,0.117881004,0.101344226,38.25645618,5.179664862,6.109696246,0.052359878,578.3833788,25.06334753,89.62374609,86.75750682,NC,BJOB,4.73946,407,0.177395438,-0.212709852,-0.120085258,0.39010529,NC.BJOB,407,0.177395438,20.3302002,927.7979736,16.2276001,0.17739543845789907,407,410.8029928441075,489.01864429730966,516.832088363998,535.3754373507393
100045,RSN14133,34,14133, BJOB,3.8,36.6815,-121.3092,5.568,7.05,486,36.6181,-121.3147,20.2,20.26,-0.143794882,-0.21177662,0.010396753,0.010885442,0.678993184,0.131539725,52.71677269,5.179664862,6.048749462,0.296705973,2233.122959,13.20983402,20.36949613,334.9684439,NC,BJOB,4.73946,925,-0.643585114,-0.212709852,-0.120085258,-0.430875262,NC.BJOB,649,-0.289224093,20.3302002,927.7979736,16.2276001,-0.28922409280359673,649,555.1653978648769,579.4672066260571,552.6913683785045,592.6142146533705
100048,RSN11612,36,11612, CAL,4.25,36.8049,-121.5134,3.694,76.04,519,37.4504,-121.8004,24.87,25.02,-0.006920671,-0.013914175,0.001386547,0.000865251,0.497382796,0.168294698,87.91504469,5.179664862,5.93802414,0.226892803,1358.124839,7.998454784,10.03512683,203.7187259,NC,CAL,-999.0,721,-0.328735254,-0.333014096,-0.240389503,0.004278842,NC.CAL,721,-0.328735254,19.79490089,267.375,9.751830101,-0.3287352541190609,721,712.969267111974,672.6041708252995,784.9048141124681,713.2790239522811
100048,RSN12487,36,12487, CAL,4.18,37.3931,-121.486,8.483,28.55,519,37.4504,-121.8004,21.81,21.86,0.006485142,0.016463819,0.002454261,0.000902911,0.393902628,0.156772186,74.50938538,5.179664862,6.146971844,0.191986218,1190.624789,7.182481994,6.708259228,178.5937184,NC,CAL,-999.0,658,-0.237301048,-0.333014096,-0.240389503,0.095713048,NC.CAL,658,-0.237301048,19.79490089,267.375,9.751830101,-0.23730104815942887,658,661.2940499635898,624.7318317258682,629.2996816808981,638.4180715635478
100048,RSN13591,36,13591, CAL,3.9,37.7568,-121.9477,7.856,36.41,519,37.4504,-121.8004,23.75,23.89,-0.001467212,-0.00274615,0.000153216,0.000160053,0.534279741,0.160308427,78.91691044,5.179664862,6.121633552,0.244346095,1514.860875,9.167038419,17.9233892,227.2291313,NC,CAL,-999.0,775,-0.400959146,-0.333014096,-0.240389503,-0.06794505,NC.CAL,775,-0.400959146,19.79490089,267.375,9.751830101,-0.40095914618745887,775,789.6147766105986,725.4266424062229,782.1155786527189,754.3862503380149
100048,RSN11019,36,11019, CAL,4.3,37.0995,-121.4909,3.361,47.65,519,37.4504,-121.8004,20.18,20.33,0.004848413,0.006226242,0.001026769,0.000479467,0.77870624,0.168184802,87.06181012,5.179664862,5.93802414,0.331612558,1931.61471,10.11208905,6.063917006,289.7422065,NC,CAL,-999.0,828,-0.467109271,-0.333014096,-0.240389503,-0.134095175,NC.CAL,828,-0.467109271,19.79490089,267.375,9.751830101,-0.4671092712193712,828,803.585918272452,739.3064259461396,804.8952594359002,781.208439602905
100048,RSN12511,36,12511, CAL,4.1,37.862,-121.9995,13.322,48.94,519,37.4504,-121.8004,19.1,19.21,0.000921641,0.001704056,0.000466657,0.000264973,0.540851106,0.154101464,75.30937487,5.179664862,6.277093244,0.244346095,1591.114422,3.478244953,3.651624212,238.6671633,NC,CAL,-999.0,725,-0.334267772,-0.333014096,-0.240389503,-0.001253676,NC.CAL,725,-0.334267772,19.79490089,267.375,9.751830101,-0.3342677716887863,725,740.8327157654894,703.9218810566781,715.8693440336501,721.3174653835703
100048,RSN11661,36,11661, CAL,4.3,37.2793,-121.6191,3.442,24.87,519,37.4504,-121.8004,19.24,19.34,0.035821083,0.082476522,0.002680811,0.001285191,0.434318543,0.167464924,83.93938839,5.179664862,5.93802414,0.20943951,1215.800924,27.87218631,30.76551163,182.3701386,NC,CAL,-999.0,668,-0.25238429,-0.333014096,-0.240389503,0.080629805,NC.CAL,668,-0.25238429,19.79490089,267.375,9.751830101,-0.25238429037075694,668,652.9693815382877,626.9696233060984,674.5741091740556,656.2638382269861
100048,RSN14049,36,14049, CAL,3.7,37.8077,-122.0707,11.554,46.28,519,37.4504,-121.8004,35.5,35.64,-0.001039076,-0.001452737,0.000419682,0.0001753,0.715254263,0.155951303,76.80079014,5.179664862,6.242859346,0.314159265,1960.44372,5.927415859,3.461518483,294.066558,NC,CAL,-999.0,837,-0.477920187,-0.333014096,-0.240389503,-0.144906091,NC.CAL,837,-0.477920187,19.79490089,267.375,9.751830101,-0.477920187323587,837,768.0507409218054,773.220539659266,725.277070279779,791.5978539702938
100048,RSN12282,36,12282, CAL,4.23,37.901,-122.1038,14.378,56.72,519,37.4504,-121.8004,17.95,18.09,0.003740867,0.007866474,0.000388482,0.00041849,0.475545614,0.154222034,76.32906502,5.179664862,6.300455998,0.226892803,1428.678262,8.938963894,20.24926251,214.3017393,NC,CAL,-999.0,745,-0.361480335,-0.333014096,-0.240389503,-0.028466239,NC.CAL,745,-0.361480335,19.79490089,267.375,9.751830101,-0.3614803352136713,745,758.2039266542969,726.9284422328516,735.4266788828119,754.8374432650567
100048,RSN12444,36,12444, CAL,4.0,37.7338,-121.9354,14.029,33.64,519,37.4504,-121.8004,19.2,19.26,-0.000527217,-0.001573308,0.000699918,0.000246948,0.335100945,0.147273013,67.84599702,5.179664862,6.288820984,0.157079633,1092.256358,2.134931241,2.247846176,163.8384537,NC,CAL,-999.0,631,-0.195401979,-0.333014096,-0.240389503,0.137612116,NC.CAL,631,-0.195401979,19.79490089,267.375,9.751830101,-0.19540197937532433,631,613.102290660335,616.0671714260096,608.0943955261365,638.1674083894605
100048,RSN13003,36,13003, CAL,4.0,37.844,-122.2222,10.021,57.39,519,37.4504,-121.8004,26.5,26.59,0.000464363,0.001276256,0.000331864,0.000134048,0.363848046,0.159165747,80.84887982,5.179664862,6.202793758,0.174532925,1090.665008,3.464154631,3.845719933,163.5997512,NC,CAL,-999.0,630,-0.193815936,-0.333014096,-0.240389503,0.13919816,NC.CAL,630,-0.193815936,19.79490089,267.375,9.751830101,-0.19381593621969007,630,657.8502030374823,614.6133051352718,665.5857621315985,629.0210542242083
100048,RSN8671,36,8671, CAL,5.45,37.4317,-121.7767,7.486,2.95,519,37.4504,-121.8004,19.16,19.25,-0.060643028,-0.345162572,0.040534189,0.004487005,0.175694103,0.048201178,17.13748452,5.179664862,6.113244097,0.087266463,1801.869543,13.5152575,8.51534422,270.2804315,NC,CAL,-999.0,785,-0.413779835,-0.333014096,-0.240389503,-0.080765739,NC.CAL,785,-0.413779835,19.79490089,267.375,9.751830101,-0.4137798346165198,785,719.6646131129265,790.7337713652399,742.227567296865,817.571976211511
100060,RSN18931,40,18931, JELB,3.73,37.4822,-121.793,9.63,61.64,323,36.9275,-121.8276,40.88,40.96,-0.00116549,-0.005117706,0.000746638,0.000272381,0.227736906,0.15989492,81.81509219,5.179664862,6.190401578,0.104719755,698.2183117,4.278896105,6.854333693,104.7327468,NC,JELB,0.253333333,454,-0.340444875,-0.189839919,-0.097215326,-0.150604956,NC.JELB,454,-0.340444875,14.01060009,81.6969986,5.152009964,-0.3404448748186919,454,461.0947338217377,428.6156238619209,458.8580309017181,424.99277510086176
100060,RSN18855,40,18855, JELB,4.05,37.4812,-121.7987,11.01,61.5,323,36.9275,-121.8276,40.9,41.04,-0.006504721,-0.030159627,0.003788638,0.000487114,0.215676426,0.15832565,80.52838684,5.179664862,6.229990225,0.104719755,669.4791641,13.35359074,7.96054598,100.4218746,NC,JELB,0.253333333,440,-0.309122404,-0.189839919,-0.097215326,-0.119282484,NC.JELB,440,-0.309122404,14.01060009,81.6969986,5.152009964,-0.30912240368965005,440,450.69890970105985,424.3942437920675,448.25478534817444,418.8599538405253
100060,RSN11630,40,11630, JELB,4.2,36.8832,-121.619,7.507,19.23,323,36.9275,-121.8276,19.3,19.34,0.017595951,0.151437457,0.024732522,0.002058872,0.116192856,0.153823391,70.12507677,5.179664862,6.113745147,0.052359878,375.6750396,8.546403565,6.123009089,56.35125594,NC,JELB,0.253333333,313,0.031449133,-0.189839919,-0.097215326,0.221289052,NC.JELB,313,0.031449133,14.01060009,81.6969986,5.152009964,0.03144913268250349,313,343.73183443646553,394.1989345718911,356.88628167996933,392.00280551863545
100060,RSN17446,40,17446, JELB,3.4,37.1173,-121.5231,7.213,34.32,323,36.9275,-121.8276,19.46,19.53,-0.00181557,-0.011268359,0.000651252,0.000265451,0.16112103,0.160934343,79.33758035,5.179664862,6.106430378,0.087266463,496.0863727,6.839567378,17.30260944,74.41295591,NC,JELB,0.253333333,372,-0.141241531,-0.189839919,-0.097215326,0.048598388,NC.JELB,372,-0.141241531,14.01060009,81.6969986,5.152009964,-0.14124153105048975,372,380.2696072080068,374.02248271951584,387.41911531391224,380.4710098432871
100064,RSN14136,42,14136, JLAB,3.8,36.6815,-121.3092,5.568,64.74,477,37.1543,-121.7347,21.1,21.24,0.00066543,0.00086911,0.000265649,0.000184162,0.765644475,0.164890549,85.85285882,5.179664862,6.048749462,0.331612558,1948.509661,3.613286129,3.271647926,292.2764492,NC,JLAB,6.71517,833,-0.557517151,-0.428268892,-0.335644299,-0.129248259,NC.JLAB,684,-0.360441427,19.61330032,280.8819885,4.276450157,-0.36044142673420865,684,622.5354730933974,612.6858025613906,612.08519586558,586.4579389194505
100064,RSN11679,42,11679, JLAB,4.3,37.2793,-121.6191,3.442,17.25,477,37.1543,-121.7347,20.73,20.84,-0.074021614,-0.166943197,0.003671779,0.000768037,0.443394009,0.166217885,80.75336803,5.179664862,5.93802414,0.20943951,1246.500156,96.3776667,45.46657002,186.9750234,NC,JLAB,6.71517,680,-0.354576307,-0.428268892,-0.335644299,0.073692585,NC.JLAB,559,-0.158632982,19.61330032,280.8819885,4.276450157,-0.1586329822667576,559,542.6533124043481,521.8793296939582,507.10329001029424,502.96453613329584
100064,RSN19195,42,19195, JLAB,3.8,36.6888,-121.3205,4.454,63.49,477,37.1543,-121.7347,21.22,21.37,0.001475921,0.001968262,0.000191469,7.22e-05,0.749860033,0.166966826,86.81136659,5.179664862,5.979941298,0.314159265,1890.565857,20.44211911,10.27979464,283.5848786,NC,JLAB,6.71517,814,-0.534443875,-0.428268892,-0.335644299,-0.106174983,NC.JLAB,669,-0.338267569,19.61330032,280.8819885,4.276450157,-0.3382675692398873,669,655.2238627805139,609.7911099211523,618.7106787817079,579.3558085504328
100064,RSN15858,42,15858, JLAB,3.6,37.3892,-121.5177,5.014,32.4,477,37.1543,-121.7347,33.16,33.33,-0.001486029,-0.004066502,0.000146131,0.000223307,0.365431809,0.164762006,82.62217034,5.179664862,6.019111729,0.174532925,1057.681689,6.654645846,27.82778466,158.6522534,NC,JLAB,6.71517,621,-0.263814591,-0.428268892,-0.335644299,0.164454301,NC.JLAB,510,-0.066894235,19.61330032,280.8819885,4.276450157,-0.06689423483002965,510,529.7195721267765,490.69877913166556,471.0040092937293,461.74914058487246
100064,RSN18984,42,18984, JLAB,4.51,35.7277,-121.0758,5.558,168.97,477,37.1543,-121.7347,24.97,25.08,0.000344669,0.000683908,0.000283755,0.000120328,0.503969342,0.165274821,88.43659075,5.179664862,6.048276052,0.226892803,1397.736606,2.864412273,2.410205988,209.6604909,NC,JLAB,6.71517,734,-0.430992538,-0.428268892,-0.335644299,-0.002723645,NC.JLAB,603,-0.234400706,19.61330032,280.8819885,4.276450157,-0.2344007058388442,603,733.8570936505815,603.3476693394864,652.4888110600657,575.0123266593909
100085,RSN19291,45,19291, PHSB,3.8,36.6652,-121.2928,7.59,95.78,422,35.824,-121.0539,22.28,22.37,-0.000419541,-0.002688038,0.000174684,4.54e-05,0.156077036,0.163113361,85.98976153,5.179664862,6.115695017,0.06981317,473.8688099,9.240991189,15.38800348,71.08032149,NC,PHSB,-999.0,362,0.153361102,0.10773133,0.200355924,0.045629772,NC.PHSB,362,0.153361102,15.38220024,456.9030151,7.475399971,0.15336110221024057,362,395.72143036294347,351.20946463368637,383.71802906885983,364.2992937956141
100085,RSN14139,45,14139, PHSB,3.8,36.6815,-121.3092,5.568,97.88,422,35.824,-121.0539,20.25,20.31,-0.000573134,-0.003708485,0.000496725,0.000174029,0.154546587,0.165136585,87.27573066,5.179664862,6.048749462,0.06981317,463.5802015,3.293324676,7.465871458,69.53703023,NC,PHSB,-999.0,358,0.164472328,0.10773133,0.200355924,0.056740997,NC.PHSB,358,0.164472328,15.38220024,456.9030151,7.475399971,0.16447232763531172,358,389.8354826127135,348.04180955262575,378.06717107899567,359.6578938865943
100085,RSN14974,45,14974, PHSB,3.7,35.6371,-120.7559,6.53,34.01,422,35.824,-121.0539,20.48,20.54,0.003099906,0.014588228,0.00142569,0.000289612,0.21249365,0.161897703,80.1954097,5.179664862,6.086524027,0.104719755,645.4622031,10.70365178,10.23239835,96.81933047,NC,PHSB,-999.0,432,-0.023420274,0.10773133,0.200355924,-0.131151605,NC.PHSB,432,-0.023420274,15.38220024,456.9030151,7.475399971,-0.023420274208098668,432,436.67898320950167,398.13615753411824,425.19668744276265,404.26433418120115
100085,RSN18518,45,18518, PHSB,3.48,35.8309,-120.3782,6.939,61.06,422,35.824,-121.0539,20.63,20.69,0.000452394,0.005290147,0.000295072,6.07e-05,0.085516394,0.163137439,84.25191083,5.179664862,6.098979266,0.034906585,261.3058298,7.452948929,17.92832597,39.19587447,NC,PHSB,-999.0,245,0.543747103,0.10773133,0.200355924,0.436015773,NC.PHSB,245,0.543747103,15.38220024,456.9030151,7.475399971,0.5437471034912846,245,373.8782640965385,378.82252620156873,354.82284311622874,377.29854746254665
100085,RSN8736,45,8736, PHSB,5.45,37.4317,-121.7767,7.486,189.76,422,35.824,-121.0539,15.6,15.92,-0.002652344,-0.010814911,0.000812348,0.000357271,0.245248773,0.163482006,88.0240793,5.179664862,6.113244097,0.122173048,733.9516547,7.423899505,13.31315028,110.0927482,NC,PHSB,-999.0,470,-0.107727381,0.10773133,0.200355924,-0.215458711,NC.PHSB,470,-0.107727381,15.38220024,456.9030151,7.475399971,-0.10772738066809229,470,505.66264845674993,438.8982164013314,461.3096986946013,440.01263959018144
100085,RSN18487,45,18487, PHSB,4.01,35.8628,-120.4101,9.132,58.32,422,35.824,-121.0539,20.15,20.28,0.002910752,0.012537299,0.000716518,0.00021136,0.232167378,0.160372522,81.88059314,5.179664862,6.172976895,0.122173048,710.3450366,13.77153671,17.4975353,106.5517555,NC,PHSB,-999.0,459,-0.084044896,0.10773133,0.200355924,-0.191776226,NC.PHSB,459,-0.084044896,15.38220024,456.9030151,7.475399971,-0.08404489602453324,459,464.0337006318483,414.501884329274,444.82522170452313,416.4633172798567
100095,RSN9675,52,9675, CAC,4.69,35.0172,-119.0247,9.251,128.06,399,34.1368,-118.122,13.13,13.33,0.002119666,0.005478296,0.00141462,0.001027059,0.386920731,0.161536452,86.25338516,5.179664862,6.177322679,0.191986218,1137.637294,2.063821066,3.872627278,170.6455941,CI,CAC,0.57,642,-0.475626887,0.164249416,0.256874009,-0.639876303,CI.CAC,172,0.84146694,5.490129948,232.727005,1.846899986,0.841466940076411,172,184.5205509044418,171.3684072600934,165.57873952312397,155.9462786606336
100095,RSN8774,52,8774, CAC,5.39,33.9465,-117.7667,14.89,39.01,399,34.1368,-118.122,21.8,21.97,-0.002928313,-0.035878819,0.004755755,0.000942712,0.081616754,0.148692539,69.92131188,5.179664862,6.31653763,0.034906585,273.7056313,3.106264692,7.54429507,41.0558447,CI,CAC,0.57,253,0.455571928,0.164249416,0.256874009,0.291322512,CI.CAC,253,0.455571928,5.490129948,232.727005,1.846899986,0.4555719281623434,253,357.3075076972213,369.5242521527192,338.9693904476708,345.37651413058273
100095,RSN11354,52,11354, CAC,4.73,33.7328,-117.4921,10.018,73.48,399,34.1368,-118.122,24.76,24.93,0.000777649,0.01118745,0.002921447,0.000330273,0.069510831,0.159970158,82.86088051,5.179664862,6.202702587,0.034906585,216.870989,2.354564254,3.829420832,32.53064835,CI,CAC,0.57,214,0.622985402,0.164249416,0.256874009,0.458735986,CI.CAC,214,0.622985402,5.490129948,232.727005,1.846899986,0.6229854018680125,214,333.1705978231931,322.2830357529137,303.6548050336093,294.29474908966296
100095,RSN9870,52,9870, CAC,4.59,34.9977,-119.1926,10.662,137.01,399,34.1368,-118.122,6.2,6.39,0.000622212,0.003776926,0.00097038,0.000231185,0.164740312,0.160334988,85.90630006,5.179664862,6.221029194,0.087266463,508.8353047,2.691402989,3.89221336,76.32529571,CI,CAC,0.57,378,0.054067221,0.164249416,0.256874009,-0.110182195,CI.CAC,378,0.054067221,5.490129948,232.727005,1.846899986,0.054067221270275745,378,388.3563342161288,371.90091384001596,406.60245234294774,359.46752225376343
100097,RSN17778,54,17778, CIA,3.08,33.974,-118.4283,11.329,63.47,505,33.4019,-118.415,19.58,19.63,-0.000111991,-0.000243718,2.48e-05,2.87e-05,0.459512586,0.158136164,80.54157415,5.179664862,6.237694647,0.20943951,1349.973951,3.902125436,9.82733871,202.4960927,CI,CIA,-999.0,718,-0.35191114,-0.322735427,-0.230110834,-0.029175712,CI.CIA,718,-0.35191114,5.790719986,455.6470032,8.358940125,-0.3519111397728638,718,718.1621406787187,701.3395716360756,960.3636475878283,787.5350399714584
100097,RSN9170,54,9170, CIA,5.03,35.3852,-118.6292,7.3,220.88,505,33.4019,-118.415,6.3,6.55,-0.000394075,-0.000666098,6.74e-05,3.99e-05,0.591616776,0.163634216,88.35221969,5.179664862,6.108664217,0.261799388,1611.301568,9.876566416,9.882759644,241.6952352,CI,CIA,-999.0,720,-0.354692783,-0.322735427,-0.230110834,-0.031957355,CI.CIA,720,-0.354692783,5.790719986,455.6470032,8.358940125,-0.35469278273474103,720,934.2308212455877,749.0280443912546,1028.4906212196945,828.8732645995434
100097,RSN10692,54,10692, CIA,4.66,34.2983,-118.6255,8.038,101.32,505,33.4019,-118.415,22.15,22.2,-0.000376887,-0.000921577,0.00015689,6.6e-05,0.408959207,0.162821926,85.9741614,5.179664862,6.126524324,0.191986218,1184.224145,5.710409091,5.874032762,177.6336218,CI,CIA,-999.0,656,-0.26160236,-0.322735427,-0.230110834,0.061133068,CI.CIA,656,-0.26160236,5.790719986,455.6470032,8.358940125,-0.26160235966872847,656,638.4081429092379,649.1473862398443,925.7696736392595,744.4317301473178
100112,RSN15361,60,15361, JVA,3.87,33.928,-116.7858,18.501,51.16,388,34.3662,-116.6127,23.61,23.74,-0.007141126,-0.021101376,2.81e-05,3.01e-05,0.338419935,0.14736939,70.70893293,5.179664862,6.40467109,0.157079633,1101.275437,237.246711,750.9386477,165.1913156,CI,JVA,1.53,633,-0.489465083,-0.254189139,-0.161564546,-0.235275943,CI.JVA,266,0.377509031,2.530819893,902.1489868,2.540930033,0.3775090308415745,266,303.013484266973,222.03703661450461,258.49811459560317,215.06951285462117
100112,RSN14731,60,14731, JVA,3.84,34.2268,-117.4407,8.593,77.78,388,34.3662,-116.6127,21.04,21.14,0.001574468,0.006907143,0.000167162,0.000320287,0.227947775,0.161752057,84.2946319,5.179664862,6.151676073,0.104719755,690.8097542,4.915803639,41.3200548,103.6214631,CI,JVA,1.53,450,-0.148242243,-0.254189139,-0.161564546,0.105946896,CI.JVA,450,-0.148242243,2.530819893,902.1489868,2.540930033,-0.1482422431410919,450,457.33896398349714,390.8538993726262,465.0875805317209,395.75943542827673
100112,RSN13190,60,13190, JVA,4.11,33.7104,-116.0457,12.559,89.63,388,34.3662,-116.6127,17.51,17.57,-0.000131102,-0.000545663,5.4e-05,1.18e-05,0.240261422,0.158293924,82.51690921,5.179664862,6.263559029,0.122173048,743.430755,11.11033898,10.10487037,111.5146133,CI,JVA,1.53,474,-0.200201982,-0.254189139,-0.161564546,0.053987157,CI.JVA,474,-0.200201982,2.530819893,902.1489868,2.540930033,-0.20020198207180329,474,466.3149817882299,395.72406903440975,479.58174623222095,399.00494406182196
100112,RSN13534,60,13534, JVA,4.06,32.7797,-117.3507,7.174,188.83,388,34.3662,-116.6127,9.89,10.04,-0.000270949,-0.000570652,5.28e-05,5.9e-05,0.474806421,0.163699991,88.10900699,5.179664862,6.105409111,0.226892803,1344.237645,4.592355932,10.80780303,201.6356468,CI,JVA,1.53,716,-0.612674827,-0.254189139,-0.161564546,-0.358485688,CI.JVA,301,0.253895075,2.530819893,902.1489868,2.540930033,0.2538950748743982,301,412.3161728154704,253.62969362878576,344.325154871254,254.36683956184706
100112,RSN17502,60,17502, JVA,3.62,33.9521,-116.3635,9.067,51.36,388,34.3662,-116.6127,18.25,18.31,0.001260556,0.004729685,0.000196948,0.00014649,0.266520157,0.15999111,80.83487884,5.179664862,6.170551665,0.122173048,810.9256432,8.605065192,24.01489226,121.6388465,CI,JVA,1.53,503,-0.25958483,-0.254189139,-0.161564546,-0.005395691,CI.JVA,503,-0.25958483,2.530819893,902.1489868,2.540930033,-0.25958483047646563,503,497.66968311783614,417.5327864650774,500.4320158961128,421.77527942788237
100112,RSN15628,60,15628, JVA,3.87,33.7513,-116.0218,8.756,87.34,388,34.3662,-116.6127,22.03,22.13,0.00198151,0.007009305,0.000112102,3.36e-05,0.282697036,0.161723111,84.84666159,5.179664862,6.158414042,0.13962634,849.3033392,58.9735119,62.52613691,127.3955009,CI,JVA,1.53,520,-0.292823472,-0.254189139,-0.161564546,-0.038634333,CI.JVA,520,-0.292823472,2.530819893,902.1489868,2.540930033,-0.2928234719521994,520,524.4448549915934,423.02190830037085,502.3319020695503,425.3151914664652
100112,RSN16267,60,16267, JVA,3.64,33.223,-116.7186,8.687,127.18,388,34.3662,-116.6127,28.45,28.5,-0.000319421,-0.000808135,0.000388378,0.000146215,0.395256214,0.162147524,86.48097032,5.179664862,6.155594857,0.191986218,1154.592673,2.184598023,2.080794999,173.188901,CI,JVA,1.53,646,-0.509794164,-0.254189139,-0.161564546,-0.255605025,CI.JVA,271,0.358886519,2.530819893,902.1489868,2.540930033,0.3588865187435726,271,310.30780506857917,218.47170256559488,273.0776773329986,219.62957075067288
100112,RSN14450,60,14450, JVA,4.05,32.7091,-116.0396,7.817,191.35,388,34.3662,-116.6127,43.29,43.36,-4.6e-05,-0.000217008,1.32e-05,6.59e-06,0.212085028,0.163272516,87.94516917,5.179664862,6.120791156,0.104719755,638.8488857,6.980273141,16.44,95.82733286,CI,JVA,1.53,429,-0.100451579,-0.254189139,-0.161564546,0.15373756,CI.JVA,429,-0.100451579,2.530819893,902.1489868,2.540930033,-0.10045157930474335,429,587.2022400641192,392.14276901144666,542.6427077876598,398.56960962991843
100112,RSN11395,60,11395, JVA,4.73,33.7328,-117.4921,10.018,107.37,388,34.3662,-116.6127,23.43,23.5,-0.000779457,-0.003261008,0.000787306,0.000117558,0.239023511,0.160639753,85.13724392,5.179664862,6.202702587,0.122173048,729.0019207,6.630403716,4.141982914,109.3502881,CI,JVA,1.53,468,-0.187462956,-0.254189139,-0.161564546,0.066726183,CI.JVA,468,-0.187462956,2.530819893,902.1489868,2.540930033,-0.18746295629437348,468,454.11906490739324,392.0547959201791,454.2597644544219,395.1853876842713
100112,RSN19376,60,19376, JVA,3.43,34.1381,-117.4717,5.767,83.07,388,34.3662,-116.6127,30.7,30.74,0.001833362,0.00958036,0.00405185,0.000564275,0.191366754,0.164792074,86.63192218,5.179664862,6.057771424,0.087266463,572.4742774,3.24905764,2.364440934,85.87114161,CI,JVA,1.53,405,-0.042881727,-0.254189139,-0.161564546,0.211307412,CI.JVA,405,-0.042881727,2.530819893,902.1489868,2.540930033,-0.04288172748326513,405,425.78312185023606,378.49747649340617,425.50185462983956,380.68817470506
100112,RSN9363,60,9363, JVA,4.88,34.0655,-117.0011,17.501,48.92,388,34.3662,-116.6127,15.39,15.45,0.00183255,0.012505998,0.003610091,0.000639645,0.146533697,0.148135075,71.02852468,5.179664862,6.383907006,0.06981317,490.5660212,2.864948526,3.46417805,73.58490318,CI,JVA,1.53,370,0.047502334,-0.254189139,-0.161564546,0.301691473,CI.JVA,370,0.047502334,2.530819893,902.1489868,2.540930033,0.04750233398500381,370,425.45396758301797,366.9876382481216,384.9262641998715,362.64666717303436
100165,RSN14202,71,14202, CLC,4.02,36.0735,-117.8947,7.001,39.21,1464,35.8157,-117.5975,8.3,8.43,0.001334305,0.001488721,1.72e-05,7.13e-06,0.896276147,0.161908503,81.02590228,5.179664862,6.100723215,0.366519143,2207.383533,187.1395512,86.55354651,331.10753,CI,CLC,-999.0,917,0.467820222,0.53413576,0.626760353,-0.066315537,CI.CLC,917,0.467820222,18.78919983,767.2020264,12.03999996,0.46782022226479203,917,720.7741176397245,735.5071598077253,832.6250612045866,777.8059894103548
100165,RSN15351,71,15351, CLC,3.87,33.928,-116.7858,18.501,222.18,1464,35.8157,-117.5975,23.65,23.78,7.03e-05,9.08e-05,3.58e-06,1.15e-06,0.774637708,0.155648764,85.47219357,5.179664862,6.40467109,0.331612558,2080.067111,61.13043478,25.36312849,312.0100667,CI,CLC,-999.0,876,0.513561604,0.53413576,0.626760353,-0.020574156,CI.CLC,876,0.513561604,18.78919983,767.2020264,12.03999996,0.5135616035848649,876,960.7563029221011,768.9503050199997,923.1798111077604,810.9806003859334
100165,RSN13221,71,13221, CLC,4.19,34.3571,-116.8418,9.486,175.88,1464,35.8157,-117.5975,20.45,20.53,-0.000524552,-0.000485676,6.47e-05,8.5e-05,1.080044992,0.161474838,87.20789054,5.179664862,6.185563454,0.41887902,2483.423261,6.1712,7.506584235,372.5134892,CI,CLC,-999.0,1004,0.377180394,0.53413576,0.626760353,-0.156955365,CI.CLC,1004,0.377180394,18.78919983,767.2020264,12.03999996,0.3771803942695824,1004,758.3530683768702,863.5839227338464,992.1243494870674,878.3325661091466
100165,RSN10043,71,10043, CLC,4.18,34.3617,-118.6637,11.151,188.34,1464,35.8157,-117.5975,19.18,19.36,0.000156614,0.000214545,1.42e-05,1.61e-05,0.729984673,0.160188888,86.89283855,5.179664862,6.233452986,0.314159265,1935.274483,9.72757764,15.10880282,290.2911725,CI,CLC,-999.0,829,0.568707539,0.53413576,0.626760353,0.03457178,CI.CLC,829,0.568707539,18.78919983,767.2020264,12.03999996,0.5687075393859615,829,886.9591217321421,726.3075457271815,853.8274913793974,749.2119076988017
100165,RSN9682,71,9682, CLC,4.69,35.0172,-119.0247,9.251,157.0,1464,35.8157,-117.5975,9.16,9.39,-0.000103963,-0.000206259,1.78e-05,4.86e-05,0.504038515,0.161653554,86.95289228,5.179664862,6.177322679,0.226892803,1429.206178,2.139156379,11.58758427,214.3809267,CI,CLC,-999.0,745,0.675543476,0.53413576,0.626760353,0.141407717,CI.CLC,745,0.675543476,18.78919983,767.2020264,12.03999996,0.675543476141697,745,938.6259385659233,674.4082422952577,903.864224557243,723.2799651260134
100165,RSN14708,71,14708, CLC,3.84,34.2268,-117.4407,8.593,176.85,1464,35.8157,-117.5975,25.0,25.1,-0.000171314,-0.000251433,1.68e-05,5.93e-06,0.681349046,0.162404527,87.51557623,5.179664862,6.151676073,0.296705973,1813.142686,28.88937605,14.96625,271.9714029,CI,CLC,-999.0,788,0.619429605,0.53413576,0.626760353,0.085293845,CI.CLC,788,0.619429605,18.78919983,767.2020264,12.03999996,0.6194296046633774,788,915.4185340074729,695.5574362028739,888.6244739242043,725.152424721091
100165,RSN14585,71,14585, CLC,4.11,35.6211,-117.5805,9.045,21.65,1464,35.8157,-117.5975,20.83,20.88,-0.004063556,-0.004705729,2.66e-05,8.68e-06,0.863533865,0.150372266,68.08754276,5.179664862,6.169722379,0.34906585,2315.01829,468.1516129,176.9071053,347.2527435,CI,CLC,-999.0,951,0.431413632,0.53413576,0.626760353,-0.102722128,CI.CLC,951,0.431413632,18.78919983,767.2020264,12.03999996,0.43141363197586635,951,749.2482231776363,757.8502303381591,806.8980418957698,797.3151572319401
100165,RSN12074,71,12074, CLC,4.42,34.8927,-119.0292,16.97,165.59,1464,35.8157,-117.5975,23.76,23.9,0.000114103,0.000175968,2.83e-05,1.1e-05,0.648431854,0.156200565,84.4381845,5.179664862,6.371886121,0.27925268,1812.961712,10.373,6.21795053,271.9442568,CI,CLC,-999.0,788,0.619429605,0.53413576,0.626760353,0.085293845,CI.CLC,788,0.619429605,18.78919983,767.2020264,12.03999996,0.6194296046633774,788,927.2687300051972,698.6588805907645,917.3758944502521,770.9302840162526
100172,RSN18017,75,18017, JRC2,5.0,36.3864,-117.8583,7.408,45.04,623,35.9825,-117.8089,11.9,11.96,-0.005279313,-0.017955662,0.003030054,0.000739247,0.294019426,0.161842606,81.52397407,5.179664862,6.11135504,0.13962634,880.0598364,7.141473689,5.925855447,132.0089755,CI,JRC2,5.246016667,537,0.148548424,-0.125458709,-0.032834115,0.274007133,CI.JRC2,537,0.148548424,13.04990005,1420.880005,9.128740311,0.14854842427858816,537,488.8282831578346,479.8475587169919,530.3238279844563,521.1296143207118
100172,RSN18043,75,18043, JRC2,4.5,36.3915,-117.8683,9.117,45.7,623,35.9825,-117.8089,10.31,10.45,-0.016569592,-0.028627639,0.001876735,0.002011774,0.578797019,0.159322655,79.54774351,5.179664862,6.172420506,0.261799388,1627.602499,8.23630885,15.25395914,244.1403749,CI,JRC2,5.246016667,726,-0.153003496,-0.125458709,-0.032834115,-0.027544787,CI.JRC2,533,0.156025095,13.04990005,1420.880005,9.128740311,0.15602509462160885,533,525.0520098534877,476.1169269395731,570.4961714408344,526.5868342228861
100172,RSN12693,75,12693, JRC2,4.34,35.8373,-117.678,6.864,19.98,623,35.9825,-117.8089,19.81,19.96,0.068244611,0.144159652,4.47e-05,2.91e-05,0.473396059,0.155952805,71.95554156,5.179664862,6.096821743,0.226892803,1407.560947,2345.175636,3225.048143,211.1341421,CI,JRC2,5.246016667,737,-0.168041373,-0.125458709,-0.032834115,-0.042582665,CI.JRC2,541,0.14112724,13.04990005,1420.880005,9.128740311,0.14112723994097198,541,537.6433863743371,496.2067262340553,544.1402123395662,539.6289731159022
100172,RSN14643,75,14643, JRC2,3.9,35.3429,-118.5645,9.906,98.57,623,35.9825,-117.8089,20.21,20.35,0.00039111,0.000492824,7.14e-06,1.04e-05,0.793608856,0.160634014,84.75412821,5.179664862,6.199256899,0.331612558,2047.403659,37.60673077,69.02296919,307.1105489,CI,JRC2,5.246016667,866,-0.32933839,-0.125458709,-0.032834115,-0.203879681,CI.JRC2,636,-0.020652045,13.04990005,1420.880005,9.128740311,-0.020652044552669224,636,603.4698015821217,566.9245832492393,603.4808377882396,597.0553761675882
100184,RSN13341,80,13341, RRX,4.2,34.3768,-117.6461,8.934,81.26,372,34.8753,-116.9968,19.02,19.15,-0.001076819,-0.006240503,0.000243165,4.79e-05,0.172553317,0.161401788,84.33621168,5.179664862,6.165471616,0.087266463,528.7710562,22.48056367,25.66365637,79.31565843,CI,RRX,0.89,386,-0.036943515,-0.084162364,0.008462229,0.047218849,CI.RRX,386,-0.036943515,4.117599964,682.3309937,3.888880014,-0.03694351519168482,386,399.67243977335824,366.748318811415,412.7313846248794,370.8371456074471
100184,RSN12635,80,12635, RRX,4.11,33.5089,-116.8485,12.274,152.18,372,34.8753,-116.9968,15.5,15.57,-0.001252368,-0.005411491,0.000877775,0.000205118,0.231427429,0.159350644,85.73009047,5.179664862,6.258050482,0.122173048,712.7366017,6.105597753,6.165009256,106.9104903,CI,RRX,0.89,460,-0.212332635,-0.084162364,0.008462229,-0.128170271,CI.RRX,460,-0.212332635,4.117599964,682.3309937,3.888880014,-0.2123326352099948,460,538.8381047375465,417.6574665905104,539.9408475265201,415.983961646415
100184,RSN17521,80,17521, RRX,3.62,33.9521,-116.3635,9.067,117.8,372,34.8753,-116.9968,21.73,21.81,0.000112177,0.000470396,8.12e-05,4.76e-05,0.23847438,0.161669599,86.02187848,5.179664862,6.170551665,0.122173048,722.7825588,2.356659664,5.793054187,108.4173838,CI,RRX,0.89,465,-0.223143551,-0.084162364,0.008462229,-0.138981187,CI.RRX,465,-0.223143551,4.117599964,682.3309937,3.888880014,-0.2231435513142097,465,485.5782529084431,399.15990075490726,463.23663092725155,402.61046627371843
100184,RSN12901,80,12901, RRX,4.11,36.0312,-117.7658,4.03,146.01,372,34.8753,-116.9968,23.0,23.16,0.000706034,0.002252281,0.000186584,0.000197976,0.313475179,0.168280018,88.79457919,5.179664862,5.941161117,0.157079633,899.7793206,3.566260557,12.07113686,134.9668981,CI,RRX,0.89,547,-0.385554948,-0.084162364,0.008462229,-0.301392584,CI.RRX,547,-0.385554948,4.117599964,682.3309937,3.888880014,-0.38555494814883495,547,669.8305314080725,504.0566492045258,588.292059983104,488.82016829122614
100184,RSN10509,80,10509, RRX,4.45,34.1081,-117.3062,14.795,89.72,372,34.8753,-116.9968,16.26,16.4,-0.004533557,-0.024636091,0.000131974,5.25e-05,0.184020942,0.156476325,81.09074236,5.179664862,6.313637877,0.087266463,580.5203398,86.35346667,186.6738221,87.07805097,CI,RRX,0.89,408,-0.09237332,-0.084162364,0.008462229,-0.008210956,CI.RRX,408,-0.09237332,4.117599964,682.3309937,3.888880014,-0.09237332013101529,408,385.70127726240196,380.203449434248,402.75364436884684,382.5677452000593
100184,RSN17435,80,17435, RRX,3.73,35.2675,-117.3498,7.92,54.13,372,34.8753,-116.9968,25.34,25.41,-0.000134658,-0.000527076,5.83e-05,3.47e-05,0.255481443,0.16189153,82.41979173,5.179664862,6.122995859,0.122173048,770.2539631,3.880634006,9.040754717,115.5380945,CI,RRX,0.89,486,-0.26731477,-0.084162364,0.008462229,-0.183152406,CI.RRX,486,-0.26731477,4.117599964,682.3309937,3.888880014,-0.26731476962734746,486,482.01122786879546,417.6838064050406,467.43650757545095,420.782762670821
100184,RSN15187,80,15187, RRX,3.9,33.867,-117.1038,11.856,112.28,372,34.8753,-116.9968,22.3,22.38,-0.000273046,-0.001341329,8.07e-05,6.39e-05,0.203563971,0.1592538,84.41413429,5.179664862,6.24946745,0.104719755,629.7126243,4.273020344,16.6211772,94.45689365,CI,RRX,0.89,426,-0.135545492,-0.084162364,0.008462229,-0.051383128,CI.RRX,426,-0.135545492,4.117599964,682.3309937,3.888880014,-0.13554549199622468,426,444.95079612937076,385.692337152167,444.24129456679344,393.40986396653346
100184,RSN13280,80,13280, RRX,4.19,34.3571,-116.8418,9.486,59.22,372,34.8753,-116.9968,20.03,20.16,-0.00251467,-0.01231966,7.72e-05,3.42e-05,0.204118436,0.159963677,81.67609526,5.179664862,6.185563454,0.104719755,628.5581185,73.52836257,159.5810881,94.28371778,CI,RRX,0.89,426,-0.135545492,-0.084162364,0.008462229,-0.051383128,CI.RRX,426,-0.135545492,4.117599964,682.3309937,3.888880014,-0.13554549199622468,426,432.64271673782747,387.11092468755623,439.4346965486575,395.7824076787779
100184,RSN10121,80,10121, RRX,4.18,34.3617,-118.6637,11.151,163.14,372,34.8753,-116.9968,7.85,7.97,0.000138173,0.001022358,0.000158777,6.15e-05,0.135150799,0.16010681,86.39229436,5.179664862,6.233452986,0.06981317,419.2818409,2.246715447,6.438955264,62.89227614,CI,RRX,0.89,336,0.101782694,-0.084162364,0.008462229,0.185945058,CI.RRX,336,0.101782694,4.117599964,682.3309937,3.888880014,0.10178269430994202,336,399.19143868151974,353.5829721394521,426.83016655341487,350.065327240961
100184,RSN13882,80,13882, RRX,4.17,34.3277,-116.829,4.957,62.67,372,34.8753,-116.9968,19.34,19.41,-0.001302655,-0.005860034,5.85e-05,3.42e-05,0.222294761,0.165885505,86.28848868,5.179664862,6.015610792,0.104719755,657.6773919,38.08932749,100.1715214,98.65160879,CI,RRX,0.89,436,-0.158748389,-0.084162364,0.008462229,-0.074586025,CI.RRX,436,-0.158748389,4.117599964,682.3309937,3.888880014,-0.15874838907588806,436,454.97149824925015,398.6005671636676,440.87198434263524,399.8995219283054
100184,RSN9260,80,9260, RRX,5.03,35.3852,-118.6292,7.3,159.18,372,34.8753,-116.9968,12.2,12.41,0.000661508,0.003816797,0.000143287,6.28e-05,0.173315062,0.163570272,87.70210283,5.179664862,6.108664217,0.087266463,523.9978057,10.53356688,26.63742698,78.59967086,CI,RRX,0.89,384,-0.031748698,-0.084162364,0.008462229,0.052413666,CI.RRX,384,-0.031748698,4.117599964,682.3309937,3.888880014,-0.031748698314580714,384,400.41380086410055,367.26966554264254,450.1596590105661,372.622150275424
100184,RSN14757,80,14757, RRX,3.84,34.2268,-117.4407,8.593,82.67,372,34.8753,-116.9968,21.2,21.28,-0.001461291,-0.009324578,0.000884312,0.000122378,0.156713933,0.161847775,84.64470085,5.179664862,6.151676073,0.06981317,479.4768007,11.94079818,10.54444359,71.92152011,CI,RRX,0.89,365,0.018996501,-0.084162364,0.008462229,0.103158865,CI.RRX,365,0.018996501,4.117599964,682.3309937,3.888880014,0.018996500690654727,365,392.3701023424422,354.77345877468366,390.8863691563395,357.70378737155465
100184,RSN15298,80,15298, RRX,3.86,34.1976,-117.3882,14.177,83.32,372,34.8753,-116.9968,23.19,23.28,-0.001119126,-0.006946115,0.000151882,2.82e-05,0.161115366,0.156873337,80.87089388,5.179664862,6.293825021,0.087266463,508.9112029,39.68531915,45.73362874,76.33668044,CI,RRX,0.89,378,-0.016000341,-0.084162364,0.008462229,0.068162023,CI.RRX,378,-0.016000341,4.117599964,682.3309937,3.888880014,-0.016000341346441793,378,398.9365948068271,362.88656670257546,401.32597224581406,363.34574545370793
100184,RSN16962,80,16962, RRX,3.63,34.1242,-116.405,9.555,99.48,372,34.8753,-116.9968,12.6,12.67,-0.000172695,-0.000884028,9.08e-05,4.95e-05,0.195349558,0.160993418,85.01095978,5.179664862,6.187901101,0.104719755,598.7069754,3.488787879,9.735991189,89.80604631,CI,RRX,0.89,415,-0.109384666,-0.084162364,0.008462229,-0.025222302,CI.RRX,415,-0.109384666,4.117599964,682.3309937,3.888880014,-0.1093846659575517,415,439.21443835482086,382.5281184746087,440.0152167955105,389.00902097247507
100184,RSN18228,80,18228, RRX,4.36,36.3932,-117.8644,8.798,185.84,372,34.8753,-116.9968,11.55,11.64,-0.000123719,-0.000608109,0.000150977,2.35e-05,0.203448638,0.162189257,87.57323216,5.179664862,6.160106881,0.104719755,617.9789678,5.264638298,4.02782543,92.69684517,CI,RRX,0.89,422,-0.12611146,-0.084162364,0.008462229,-0.041949096,CI.RRX,422,-0.12611146,4.117599964,682.3309937,3.888880014,-0.12611145976286586,422,535.6491822269476,395.8295496054275,553.6659663236559,405.2557004548569
100184,RSN13969,80,13969, RRX,3.79,34.2691,-117.4608,11.018,79.59,372,34.8753,-116.9968,15.5,15.65,-0.000721552,-0.004723771,3.74e-05,4.07e-05,0.152749159,0.159201067,82.68123255,5.179664862,6.230189198,0.06981317,475.3987271,17.72855037,126.3040374,71.30980907,CI,RRX,0.89,363,0.02449102,-0.084162364,0.008462229,0.108653384,CI.RRX,363,0.02449102,4.117599964,682.3309937,3.888880014,0.024491020008295727,363,399.36728661112795,357.3440797116041,391.03587801485327,358.2273863515545
100184,RSN15982,80,15982, RRX,3.64,33.8726,-117.7125,2.161,129.25,372,34.8753,-116.9968,32.95,33.03,-7.81e-05,-0.000616937,0.000151366,1.91e-05,0.126538774,0.16839915,89.47623191,5.179664862,5.93802414,0.06981317,373.6460469,4.089005236,4.075796414,56.04690704,CI,RRX,0.89,312,0.175890666,-0.084162364,0.008462229,0.260053031,CI.RRX,312,0.175890666,4.117599964,682.3309937,3.888880014,0.1758906664636637,312,359.82202718804604,327.1462022141307,346.43307565143675,321.58474319829656
100184,RSN16638,80,16638, RRX,3.69,33.735,-117.4936,9.693,134.5,372,34.8753,-116.9968,15.68,15.77,-0.000343262,-0.001892836,0.000261498,6.61e-05,0.181347944,0.161142609,86.26041533,5.179664862,6.192470162,0.087266463,555.7821098,5.193071104,7.238433946,83.36731647,CI,RRX,0.89,398,-0.067558151,-0.084162364,0.008462229,0.016604213,CI.RRX,398,-0.067558151,4.117599964,682.3309937,3.888880014,-0.06755815101129148,398,457.20519183691266,379.8910140348993,451.3989192459285,380.2644100936665
100184,RSN15437,80,15437, RRX,3.99,34.0514,-117.2429,14.998,94.15,372,34.8753,-116.9968,21.0,21.12,-0.00098263,-0.005299101,0.000152815,3.3e-05,0.185433302,0.156470615,81.4403153,5.179664862,6.319789549,0.087266463,584.850909,29.77666667,34.67657625,87.72763635,CI,RRX,0.89,410,-0.097263305,-0.084162364,0.008462229,-0.013100941,CI.RRX,410,-0.097263305,4.117599964,682.3309937,3.888880014,-0.09726330542520767,410,428.92640088501713,383.97343160953375,433.5059005658975,385.81030275131764
100184,RSN17287,80,17287, RRX,3.53,34.2894,-116.8271,6.278,66.83,372,34.8753,-116.9968,25.8,25.85,-0.000416982,-0.001784949,0.000221247,5.69e-05,0.233610273,0.163990266,85.35776759,5.179664862,6.07791863,0.122173048,698.7712879,7.328330404,8.067675494,104.8156932,CI,RRX,0.89,454,-0.199203344,-0.084162364,0.008462229,-0.11504098,CI.RRX,454,-0.199203344,4.117599964,682.3309937,3.888880014,-0.19920334376820215,454,469.2220221774316,399.6108630663069,450.3169047980402,401.47948712773496
100184,RSN14417,80,14417, RRX,4.14,34.8632,-116.3444,6.474,59.67,372,34.8753,-116.9968,22.43,22.54,0.000516297,0.003757804,0.000583997,6.67e-05,0.137393349,0.163620127,84.60843437,5.179664862,6.084678138,0.06981317,416.9620024,7.740584708,6.434628945,62.54430036,CI,RRX,0.89,335,0.104763322,-0.084162364,0.008462229,0.188925687,CI.RRX,335,0.104763322,4.117599964,682.3309937,3.888880014,0.10476332244807995,335,373.87551143476026,345.75577499809253,360.4407305378433,341.05803888170186
100184,RSN11443,80,11443, RRX,4.73,33.7328,-117.4921,10.018,134.69,372,34.8753,-116.9968,27.9,28.03,-0.002502558,-0.013496668,0.001051652,0.000141467,0.185420399,0.160850719,86.12102487,5.179664862,6.202702587,0.087266463,568.8866291,17.69004786,12.83377771,85.33299437,CI,RRX,0.89,403,-0.080042708,-0.084162364,0.008462229,0.004119656,CI.RRX,403,-0.080042708,4.117599964,682.3309937,3.888880014,-0.08004270767353638,403,416.71309049754126,382.3356493341117,430.08274029057856,384.5983395476691
100184,RSN15008,80,15008, RRX,3.74,34.1651,-117.4332,7.875,88.39,372,34.8753,-116.9968,24.87,24.93,-0.000208485,-0.001489709,0.000262013,3.17e-05,0.139950432,0.162836593,85.48170569,5.179664862,6.12204057,0.06981317,426.6181458,6.57681388,5.685630102,63.99272187,CI,RRX,0.89,340,0.089948237,-0.084162364,0.008462229,0.174110601,CI.RRX,340,0.089948237,4.117599964,682.3309937,3.888880014,0.08994823666293872,340,382.96509155877146,348.8508531983407,368.4629690993991,343.90516898158734
100184,RSN9397,80,9397, RRX,4.88,34.0655,-117.0011,17.501,89.83,372,34.8753,-116.9968,13.59,13.71,-0.016486866,-0.088270406,0.000441828,0.000478606,0.186776821,0.153960602,79.37971575,5.179664862,6.383907006,0.087266463,598.5488479,34.4476793,199.7845451,89.78232719,CI,RRX,0.89,415,-0.109384666,-0.084162364,0.008462229,-0.025222302,CI.RRX,415,-0.109384666,4.117599964,682.3309937,3.888880014,-0.1093846659575517,415,532.6326464915109,406.3017905849666,428.82278495068033,393.1691057309664
100184,RSN14563,80,14563, RRX,3.78,34.0294,-116.7534,14.93,96.46,372,34.8753,-116.9968,23.68,23.84,-0.000352782,-0.001572171,7.52e-05,5.29e-05,0.22439133,0.156609598,81.65807647,5.179664862,6.317747533,0.104719755,702.8919501,6.668846881,20.90652926,105.4337925,CI,RRX,0.89,456,-0.203598955,-0.084162364,0.008462229,-0.119436591,CI.RRX,456,-0.203598955,4.117599964,682.3309937,3.888880014,-0.20359895524124028,456,470.6349429964892,402.7060869848863,464.35409640473887,406.06230723211917
100184,RSN16908,80,16908, RRX,3.6,34.2088,-117.5824,7.536,91.41,372,34.8753,-116.9968,12.8,12.87,-0.000178984,-0.001492106,9.16e-05,6.15e-05,0.119954145,0.163117916,85.84634503,5.179664862,6.114431914,0.052359878,365.5774942,2.910308943,16.28936681,54.83662413,CI,RRX,0.89,307,0.192046107,-0.084162364,0.008462229,0.276208471,CI.RRX,307,0.192046107,4.117599964,682.3309937,3.888880014,0.19204610668594935,307,364.8430414004711,375.4755689031497,355.61041978400436,358.43898649626635
100184,RSN14615,80,14615, RRX,4.11,35.6211,-117.5805,9.045,98.33,372,34.8753,-116.9968,22.98,23.07,0.000277339,0.001599901,0.000101488,7.4e-05,0.173347673,0.161527248,85.25884555,5.179664862,6.169722379,0.087266463,530.7223701,3.747824324,15.7644352,79.60835552,CI,RRX,0.89,387,-0.039530839,-0.084162364,0.008462229,0.044631525,CI.RRX,387,-0.039530839,4.117599964,682.3309937,3.888880014,-0.03953083875663577,387,410.47530795229994,367.407839741832,411.90513154762334,369.9666785675987
100184,RSN15375,80,15375, RRX,3.87,33.928,-116.7858,18.501,106.86,372,34.8753,-116.9968,22.9,23.02,-0.000467953,-0.002046859,0.000366585,5.93e-05,0.228620052,0.154011406,80.53714687,5.179664862,6.40467109,0.104719755,727.5651023,7.891281619,5.583586344,109.1347653,CI,RRX,0.89,467,-0.227435403,-0.084162364,0.008462229,-0.143273039,CI.RRX,467,-0.227435403,4.117599964,682.3309937,3.888880014,-0.2274354033957513,467,613.7526887400625,433.0941915655726,496.53092044355515,419.5190580331755
100184,RSN16121,80,16121, RRX,3.58,33.827,-117.0296,15.131,116.32,372,34.8753,-116.9968,22.34,22.41,-0.000448311,-0.002279425,0.000161776,4.58e-05,0.196677284,0.156954018,82.99471118,5.179664862,6.323730411,0.104719755,618.1355927,9.788449782,14.09000717,92.72033891,CI,RRX,0.89,422,-0.12611146,-0.084162364,0.008462229,-0.041949096,CI.RRX,422,-0.12611146,4.117599964,682.3309937,3.888880014,-0.12611145976286586,422,443.0143428948222,388.7936087156229,446.5392330109367,394.52690174782464
100184,RSN16843,80,16843, RRX,3.49,34.309,-116.9297,9.684,63.12,372,34.8753,-116.9968,12.47,12.53,-0.002176491,-0.011424661,0.000379814,8.06e-05,0.190508102,0.159882104,81.89777727,5.179664862,6.192176404,0.087266463,587.499394,27.00361042,30.07962055,88.1249091,CI,RRX,0.89,411,-0.09969936,-0.084162364,0.008462229,-0.015536996,CI.RRX,411,-0.09969936,4.117599964,682.3309937,3.888880014,-0.09969936022308801,411,428.93701334410423,389.85633602262465,433.0310888083019,391.5570802435774
100184,RSN19396,80,19396, RRX,3.43,34.1381,-117.4717,5.767,92.68,372,34.8753,-116.9968,32.75,32.82,-0.000339968,-0.002304956,0.000487127,5.91e-05,0.147494351,0.164851176,87.00132356,5.179664862,6.057771424,0.06981317,443.6510345,5.752419628,4.731735256,66.54765518,CI,RRX,0.89,349,0.063821932,-0.084162364,0.008462229,0.147984296,CI.RRX,349,0.063821932,4.117599964,682.3309937,3.888880014,0.06382193207071918,349,384.0732885041193,342.4375946385448,367.83529912070975,344.15586524258595
100184,RSN17101,80,17101, RRX,3.52,34.2098,-116.4371,4.645,89.94,372,34.8753,-116.9968,28.43,28.5,0.000862103,0.004221531,0.000342712,6.03e-05,0.204215802,0.166674059,87.62813858,5.179664862,5.994593769,0.104719755,603.5283933,14.29689884,12.31801338,90.529259,CI,RRX,0.89,417,-0.114192368,-0.084162364,0.008462229,-0.030030003,CI.RRX,417,-0.114192368,4.117599964,682.3309937,3.888880014,-0.11419236752565531,417,447.8257067368507,387.3761232298033,430.15876380499043,389.01252732027893
100184,RSN18133,80,18133, RRX,5.19,36.4034,-117.8499,9.418,186.32,372,34.8753,-116.9968,12.4,12.57,-0.00049407,-0.001946825,0.000192411,0.000100747,0.253782242,0.161560759,87.39468429,5.179664862,6.183223963,0.122173048,767.0043281,4.904066622,10.11805458,115.0506492,CI,RRX,0.89,485,-0.265255037,-0.084162364,0.008462229,-0.181092673,CI.RRX,485,-0.265255037,4.117599964,682.3309937,3.888880014,-0.26525503666433714,485,563.1715920292247,438.68314838275404,571.4382003685081,444.1373905232812
100184,RSN9080,80,9080, RRX,5.2,33.5328,-116.5697,15.48,154.03,372,34.8753,-116.9968,13.7,13.82,-0.001612936,-0.007865066,0.001155469,0.000728051,0.205075997,0.1571728,84.5582449,5.179664862,6.333749326,0.104719755,642.6005692,2.215416228,6.806816972,96.39008538,CI,RRX,0.89,431,-0.147214236,-0.084162364,0.008462229,-0.063051872,CI.RRX,431,-0.147214236,4.117599964,682.3309937,3.888880014,-0.14721423583060123,431,469.8479447632376,398.4295595326981,492.4452262496754,404.080082993694
100184,RSN15127,80,15127, RRX,3.78,34.1353,-117.4476,5.857,91.94,372,34.8753,-116.9968,24.8,24.87,-0.000681327,-0.004444737,0.000473636,6.59e-05,0.153288458,0.16473277,86.91093431,5.179664862,6.061617088,0.06981317,461.0200621,10.33880121,9.384288779,69.15300932,CI,RRX,0.89,357,0.041158072,-0.084162364,0.008462229,0.125320437,CI.RRX,357,0.041158072,4.117599964,682.3309937,3.888880014,0.04115807249350745,357,384.37546084240256,346.93823004694343,376.41120819488344,349.2692333564763
100184,RSN18280,80,18280, RRX,4.2,36.3905,-117.8695,8.829,185.77,372,34.8753,-116.9968,14.88,14.93,-0.000384624,-0.001406052,0.000384833,0.000163789,0.273549026,0.162155499,87.56359645,5.179664862,6.161345296,0.13962634,821.5348782,2.348289568,3.653667955,123.2302317,CI,RRX,0.89,507,-0.309617149,-0.084162364,0.008462229,-0.225454785,CI.RRX,507,-0.309617149,4.117599964,682.3309937,3.888880014,-0.3096171493180373,507,638.9512827826726,452.71303772337427,585.4407352933965,455.7451802298276
100184,RSN16555,80,16555, RRX,3.61,34.2449,-117.4464,12.48,81.2,372,34.8753,-116.9968,14.55,14.63,-0.000492368,-0.003632957,0.000397171,0.000173023,0.13552825,0.158072654,81.83380456,5.179664862,6.262058538,0.06981317,425.8421358,2.845679476,9.147085261,63.87632037,CI,RRX,0.89,340,0.089948237,-0.084162364,0.008462229,0.174110601,CI.RRX,340,0.089948237,4.117599964,682.3309937,3.888880014,0.08994823666293872,340,380.34162212413787,353.78838336839084,368.7737931490153,346.24635652426946
100193,RSN18312,81,18312, CWC,3.47,36.3879,-117.8711,9.151,19.62,580,36.4399,-118.0802,11.1375,11.225,0.004615961,0.01295591,0.000438149,0.000102935,0.356282296,0.147554339,65.63739747,5.179664862,6.173678858,0.174532925,1154.735904,44.84345461,29.56964412,173.2103856,CI,CWC,4.476666667,646,-0.1077714,-0.327516162,-0.234891569,0.219744762,CI.CWC,441,0.273983228,65.97869873,1687.25,27.37660027,0.27398322809361897,441,440.9688385843124,416.94085970976073,453.0835180102546,438.281477040279
100193,RSN17907,81,17907, CWC,4.04,36.3911,-117.8665,9.439,19.92,580,36.4399,-118.0802,10.875,11.0375,0.032846565,0.045606087,4.57e-05,0.000137847,0.72022327,0.147787203,66.05122243,5.179664862,6.183950287,0.314159265,2078.558946,238.28277,997.9450109,311.7838419,CI,CWC,4.476666667,876,-0.412337987,-0.327516162,-0.234891569,-0.084821825,CI.CWC,599,-0.032233495,65.97869873,1687.25,27.37660027,-0.032233494574984256,599,534.3656956150584,522.1417636979112,468.02708646642526,526.3722249891554
100193,RSN18305,81,18305, CWC,3.05,36.3904,-117.8704,9.371,19.6,580,36.4399,-118.0802,11.4625,11.5125,0.001187815,0.004449262,0.000203266,5.27e-05,0.266969127,0.146684394,65.0589552,5.179664862,6.181585801,0.122173048,885.8827985,22.53918406,21.88886484,132.8824198,CI,CWC,4.476666667,540,0.071458964,-0.327516162,-0.234891569,0.398975126,CI.CWC,540,0.071458964,65.97869873,1687.25,27.37660027,0.07145896398214457,540,516.2150373065865,492.4483836873103,549.610177754054,521.7131143322474
100193,RSN9881,81,9881, CWC,4.59,34.9977,-119.1926,10.662,189.04,580,36.4399,-118.0802,9.8,9.8875,-0.001253383,-0.001042209,0.000294109,0.000205861,1.202622367,0.16053097,87.04224609,5.179664862,6.221029194,0.436332313,2643.931554,6.088491749,3.543614782,396.5897331,CI,CWC,4.476666667,1054,-0.597319626,-0.327516162,-0.234891569,-0.269803463,CI.CWC,720,-0.216223108,65.97869873,1687.25,27.37660027,-0.21622310846963622,720,517.2240362635811,674.9745329151493,404.59221233454053,603.898647692301
100193,RSN14630,81,14630, CWC,3.9,35.3429,-118.5645,9.906,129.33,580,36.4399,-118.0802,35.6875,35.775,-0.000963378,-0.00080937,3.25e-05,2.67e-05,1.190280658,0.160920609,86.01988156,5.179664862,6.199256899,0.436332313,2624.714665,36.08157303,24.90369231,393.7071998,CI,CWC,4.476666667,1048,-0.591610761,-0.327516162,-0.234891569,-0.264094599,CI.CWC,716,-0.210652063,65.97869873,1687.25,27.37660027,-0.21065206342018072,716,536.5586617648268,642.7473118696519,402.0453632886235,590.4324490671963
100194,RSN9897,82,9897, FUR,4.59,34.9977,-119.1926,10.662,266.45,433,36.4672,-116.8632,9.4,9.62,0.000434415,0.001317815,0.000309843,0.000127316,0.329647795,0.160638369,87.91189921,5.179664862,6.221029194,0.157079633,986.6529741,3.4121006,4.253170154,147.9979461,CI,FUR,-999.0,595,-0.317823678,-0.233518182,-0.140893589,-0.084305495,CI.FUR,595,-0.317823678,8.073479652,-42.94779968,5.473599911,-0.31782367754314045,595,595.3439999198658,543.608778132698,574.7432989419284,529.3384113712301
100194,RSN12885,82,12885, FUR,4.11,36.0312,-117.7658,4.03,94.46,433,36.4672,-116.8632,21.8,21.92,0.000407275,0.001538627,0.000126063,6.56e-05,0.264700371,0.168228003,88.13392663,5.179664862,5.941161117,0.122173048,766.2944958,6.208460366,12.20522279,114.9441744,CI,FUR,-999.0,484,-0.111347179,-0.233518182,-0.140893589,0.122171004,CI.FUR,484,-0.111347179,8.073479652,-42.94779968,5.473599911,-0.11134717871414246,484,493.57694360400006,428.1791439198187,459.03285676353624,423.37313971058944
100194,RSN18013,82,18013, FUR,5.0,36.3864,-117.8583,7.408,89.69,433,36.4672,-116.8632,11.4,11.53,0.002227212,0.007017166,0.002271511,0.000489223,0.317394764,0.163197727,85.83517644,5.179664862,6.11135504,0.157079633,938.3669122,4.552549655,3.08920626,140.7550368,CI,FUR,-999.0,568,-0.271383691,-0.233518182,-0.140893589,-0.037865508,CI.FUR,568,-0.271383691,8.073479652,-42.94779968,5.473599911,-0.271383690718662,568,523.5978782432926,480.9603485121159,479.37939138965606,478.19408740209195
100278,RSN9281,94,9281, SNCC,5.03,35.3852,-118.6292,7.3,250.99,541,33.2479,-119.5244,10.6,10.8375,0.000180457,0.000277856,4.43e-05,3.44e-05,0.649462897,0.163649538,88.55065696,5.179664862,6.108664217,0.296705973,1738.909227,5.245843023,6.27214447,260.8363841,CI,SNCC,6.697955,763,-0.343838752,-0.223899145,-0.131274551,-0.119939608,CI.SNCC,626,-0.145931092,3.930330038,266.0889893,2.341279984,-0.14593109225361722,626,723.2326971351418,632.4637625101435,696.0324092324473,599.4148848870902
100278,RSN13767,94,13767, SNCC,3.88,34.3922,-118.6127,7.9,152.43,541,33.2479,-119.5244,50.4625,50.5375,0.000136332,0.000422779,0.00014869,6.75e-05,0.322466001,0.163159775,87.3836685,5.179664862,6.122572788,0.157079633,952.2093665,2.019733333,2.843358666,142.831405,CI,SNCC,6.697955,575,-0.060950762,-0.223899145,-0.131274551,0.162948383,CI.SNCC,575,-0.060950762,3.930330038,266.0889893,2.341279984,-0.06095076195086957,575,703.3117080905117,576.7405618907108,627.1930770139747,522.8912389823538
100278,RSN16191,94,16191, SNCC,3.64,33.8455,-118.7007,12.777,101.22,541,33.2479,-119.5244,31.2,31.2625,-0.000289041,-0.000795462,0.000200803,4.38e-05,0.363362594,0.158455649,83.28321544,5.179664862,6.267598776,0.174532925,1094.256877,6.599109589,3.961404959,164.1385316,CI,SNCC,6.697955,631,-0.153886584,-0.223899145,-0.131274551,0.070012561,CI.SNCC,518,0.043444037,3.930330038,266.0889893,2.341279984,0.04344403658699836,518,528.7193909359161,517.0837491375001,492.9546814762314,449.82802706201073
100278,RSN9987,94,9987, SNCC,4.59,34.9977,-119.1926,10.662,196.49,541,33.2479,-119.5244,9.8,10.1,0.001043034,0.002132555,0.000160588,4.95e-05,0.489100614,0.160548148,87.16338743,5.179664862,6.221029194,0.226892803,1404.349193,21.07139394,13.27966598,210.652379,CI,SNCC,6.697955,736,-0.30781084,-0.223899145,-0.131274551,-0.083911695,CI.SNCC,604,-0.110154919,3.930330038,266.0889893,2.341279984,-0.11015491908833397,604,639.6706913673197,623.1487831551476,660.6712656472835,569.9443197915007
100278,RSN13458,94,13458, SNCC,3.9,34.4032,-118.651,13.612,151.52,541,33.2479,-119.5244,6.775,7.0,-0.000173811,-0.000439647,3.57e-05,3.44e-05,0.395341346,0.15862977,85.19387513,5.179664862,6.281821568,0.191986218,1180.417665,5.052645349,12.31504202,177.0626498,CI,SNCC,6.697955,654,-0.189688073,-0.223899145,-0.131274551,0.034211072,CI.SNCC,537,0.007421184,3.930330038,266.0889893,2.341279984,0.007421184337616182,537,612.95170846135,554.6533765398059,587.554094129441,487.3773066806681
100278,RSN10289,94,10289, SNCC,4.34,35.0174,-119.1492,9.557,199.31,541,33.2479,-119.5244,14.4,14.625,-0.000505565,-0.000866814,0.000110911,4.82e-05,0.5832452,0.161453225,87.52537833,5.179664862,6.187968323,0.261799388,1615.517557,10.48890041,7.815401538,242.3276336,CI,SNCC,6.697955,721,-0.287219858,-0.223899145,-0.131274551,-0.063320714,CI.SNCC,592,-0.090087356,3.930330038,266.0889893,2.341279984,-0.09008735603752438,592,699.4861069204004,609.2242752666207,710.3781410712263,563.4731177283475
100327,RSN14625,105,14625, CAR,3.9,35.3429,-118.5645,9.906,116.57,310,35.3082,-119.8458,30.78,30.86,0.000186515,0.001206102,6.92e-05,1.24e-05,0.154642488,0.160828095,85.57165442,5.179664862,6.199256899,0.06981317,476.2877666,15.04153226,17.42921965,71.44316499,CI,CAR,-999.0,363,-0.157830537,-0.044416603,0.04820799,-0.113413933,CI.CAR,363,-0.157830537,6.998569965,767.2050171,7.722229958,-0.15783053678565828,363,404.014262115815,366.9461700324654,433.7894077683252,402.85084031391386
100327,RSN11264,105,11264, CAR,4.39,35.6421,-120.9543,5.902,107.21,310,35.3082,-119.8458,15.3,15.49,0.000818726,0.00709915,0.000826197,3.35e-05,0.115327319,0.164742122,87.32704643,5.179664862,6.063488731,0.052359878,348.1974686,24.43958209,8.592563275,52.22962029,CI,CAR,-999.0,297,0.042840159,-0.044416603,0.04820799,0.087256762,CI.CAR,297,0.042840159,6.998569965,767.2050171,7.722229958,0.04284015867649238,297,328.243645321327,340.36607502202685,364.0469093210406,382.3797331690019
100327,RSN17901,105,17901, CAR,4.04,36.3911,-117.8665,9.439,215.42,310,35.3082,-119.8458,13.67,13.9,-6.29e-05,-0.000536651,1.59e-05,9.85e-06,0.11719028,0.161583343,87.74173514,5.179664862,6.183950287,0.052359878,360.6621988,6.385786802,33.75163522,54.09932982,CI,CAR,-999.0,304,0.019544596,-0.044416603,0.04820799,0.063961199,CI.CAR,304,0.019544596,6.998569965,767.2050171,7.722229958,0.01954459607297032,304,400.36463528227046,372.2094802286934,389.6268598019299,399.4111175017982
100327,RSN16319,105,16319, CAR,3.74,34.8456,-119.2446,12.927,75.1,310,35.3082,-119.8458,21.56,21.64,-0.000140635,-0.001292266,6e-05,1.22e-05,0.1088279,0.157450139,80.8440553,5.179664862,6.270295551,0.052359878,344.0381628,11.52745902,21.53776667,51.60572442,CI,CAR,-999.0,294,0.05299253,-0.044416603,0.04820799,0.097409134,CI.CAR,294,0.05299253,6.998569965,767.2050171,7.722229958,0.05299253014051075,294,350.5706538660623,377.8681218566052,382.01932407873943,407.4463048810251
100327,RSN18172,105,18172, CAR,4.08,36.3983,-117.8495,7.662,217.14,310,35.3082,-119.8458,13.19,13.31,-3.88e-05,-0.000238198,2.19e-05,9.58e-06,0.162939647,0.163391107,88.22519818,5.179664862,6.117348091,0.087266463,494.0013137,4.050104384,10.876621,74.10019706,CI,CAR,-999.0,371,-0.179629765,-0.044416603,0.04820799,-0.135213162,CI.CAR,371,-0.179629765,6.998569965,767.2050171,7.722229958,-0.1796297651282428,371,508.50419613855826,374.58757152479416,475.242889761335,401.57044986887195
100341,RSN14475,107,14475, SAL,4.05,32.7091,-116.0396,7.817,63.52,253,33.2801,-115.9859,25.66,25.73,-0.00106217,-0.009579701,0.000669202,0.000189455,0.110877197,0.162398872,83.72544076,5.179664862,6.120791156,0.052359878,339.7600846,5.60645008,14.31511113,50.96401269,CI,SAL,0.206666667,291,-0.139933778,-0.106360308,-0.013735714,-0.033573471,CI.SAL,291,-0.139933778,5.061649799,11.31519985,2.160559893,-0.13993377844397248,291,338.19191120249405,337.0907710834353,336.3023118954062,327.2841941314739
100341,RSN13160,107,13160, SAL,4.06,33.2394,-116.2082,10.532,21.2,253,33.2801,-115.9859,10.52,10.59,0.008612742,0.101645799,0.00533418,0.000162816,0.084732888,0.145189214,64.51753114,5.179664862,6.217520851,0.034906585,290.9375001,52.89862176,19.05556224,43.64062502,CI,SAL,0.206666667,264,-0.042559614,-0.106360308,-0.013735714,0.063800693,CI.SAL,264,-0.042559614,5.061649799,11.31519985,2.160559893,-0.04255961441879563,264,308.51164384428023,294.25499599929014,332.37469763766785,307.950162098383
100341,RSN14344,107,14344, SAL,4.19,33.4453,-116.439,8.875,45.98,253,33.2801,-115.9859,12.41,12.51,0.003288788,0.022701615,0.005241326,0.000446771,0.144870241,0.159716351,79.85279535,5.179664862,6.16316588,0.06981317,449.9354027,7.361238755,4.331273231,67.49031041,CI,SAL,0.206666667,351,-0.327396735,-0.106360308,-0.013735714,-0.221036427,CI.SAL,351,-0.327396735,5.061649799,11.31519985,2.160559893,-0.3273967347383451,351,373.42160979888325,403.73992165137736,379.01578477803747,390.3279273420118
100341,RSN14008,107,14008, SAL,4.15,33.638,-116.7082,12.649,78.0,253,33.2801,-115.9859,15.76,15.82,0.001232434,0.01283847,0.000963029,0.000105312,0.095995423,0.157768176,81.28573488,5.179664862,6.265244507,0.052359878,303.252194,11.70269295,13.33134309,45.4878291,CI,SAL,0.206666667,271,-0.068729332,-0.106360308,-0.013735714,0.037630976,CI.SAL,271,-0.068729332,5.061649799,11.31519985,2.160559893,-0.06872933215218069,271,348.54140110858805,321.786550113605,341.360593841001,319.60816868402316
100341,RSN10515,107,10515, SAL,4.45,34.1081,-117.3062,14.795,153.03,253,33.2801,-115.9859,16.56,16.8,0.001227822,0.007310799,0.000856219,0.000343639,0.167946375,0.157730433,84.78008418,5.179664862,6.313637877,0.087266463,527.0317001,3.572999572,8.538468546,79.05475502,CI,SAL,0.206666667,386,-0.422447881,-0.106360308,-0.013735714,-0.316087573,CI.SAL,386,-0.422447881,5.061649799,11.31519985,2.160559893,-0.42244788073731065,386,440.0759965000824,468.5571539627096,447.61641900028724,450.4208676601434
100341,RSN12863,107,12863, SAL,4.02,33.7129,-116.0516,12.808,48.39,253,33.2801,-115.9859,22.75,22.82,-0.001129832,-0.021593407,0.001476038,8.85e-05,0.052323016,0.154728022,75.89722959,5.179664862,6.268161535,0.017453293,168.875444,12.76646328,14.6293029,25.3313166,CI,SAL,0.206666667,176,0.362905494,-0.106360308,-0.013735714,0.469265801,CI.SAL,176,0.362905494,5.061649799,11.31519985,2.160559893,0.362905493689369,176,297.57762841179886,213.71009370417343,272.624480761052,216.55422956790832
100361,RSN18456,111,18456, PAGB,3.45,35.8887,-120.4353,8.049,24.25,473,35.7307,-120.2499,22.26,22.3,-0.000262621,-0.001389691,0.000232588,4.07e-05,0.18897784,0.156046264,72.96083648,5.179664862,6.12705915,0.087266463,597.2716177,6.452604423,5.974904122,89.59074266,NC,PAGB,8.69501,414,0.133229415,0.049513515,0.142138109,0.083715899,NC.PAGB,414,0.133229415,20.99570084,479.0830078,7.364409924,0.13322941466661842,414,426.03143452167427,398.72206453706536,388.80845103997024,384.0935402168121
100361,RSN15078,111,15078, PAGB,3.56,36.0672,-120.1861,14.523,37.78,473,35.7307,-120.2499,19.94,20.02,-0.000725389,-0.00309905,0.000163876,6.91e-05,0.234068068,0.148471652,69.41186891,5.179664862,6.305125515,0.122173048,773.2433987,10.49767004,18.91094486,115.9865098,NC,PAGB,8.69501,487,-0.029168735,0.049513515,0.142138109,-0.07868225,NC.PAGB,487,-0.029168735,20.99570084,479.0830078,7.364409924,-0.029168734590657053,487,494.19089612037004,445.28137628941914,416.8487734460799,411.46959229073383
100361,RSN20286,111,20286, PAGB,3.9,37.5893,-118.8176,11.872,242.77,473,35.7307,-120.2499,4.8,5.01,9.04e-05,0.000304608,2.32e-05,4.85e-06,0.296729013,0.159842359,87.41702215,5.179664862,6.249807686,0.13962634,898.636287,18.63917526,13.12965517,134.7954431,NC,PAGB,8.69501,546,-0.143523587,0.049513515,0.142138109,-0.193037103,NC.PAGB,546,-0.143523587,20.99570084,479.0830078,7.364409924,-0.14352358725297254,546,573.8244371292243,515.0086756953449,469.2682462543186,462.3406227722479
100361,RSN12065,111,12065, PAGB,4.05,35.7241,-121.0951,7.275,76.47,473,35.7307,-120.2499,22.2,22.4,-0.000168669,-0.001025433,2.73e-05,7.06e-06,0.164485386,0.163148914,85.21739195,5.179664862,6.108028485,0.087266463,499.3055931,23.8907932,37.56164835,74.89583897,NC,PAGB,8.69501,373,0.237516969,0.049513515,0.142138109,0.188003453,NC.PAGB,373,0.237516969,20.99570084,479.0830078,7.364409924,0.23751696884811668,373,396.4083761342261,354.7539662795257,360.0161168938875,344.15293692330215
100376,RSN15882,113,15882, PSM,3.6,35.492,-120.7845,4.912,66.22,560,36.0688,-120.5962,13.32,13.4,-0.000232211,-0.001868592,0.000123985,6.71e-05,0.124270648,0.166002656,86.50214745,5.179664862,6.012777814,0.06981317,372.3500836,3.460670641,15.07111344,55.85251254,NC,PSM,-999.0,311,0.588143872,0.060134419,0.152759012,0.528009453,NC.PSM,311,0.588143872,8.348790169,964.5969849,26.01779938,0.5881438715499607,311,348.9609540047593,325.6254659639529,414.70710083099203,376.466736365917
100376,RSN18526,113,18526, PSM,3.3,35.9396,-120.4864,10.321,17.42,560,36.0688,-120.5962,21.17,21.24,0.000836065,0.001710332,0.000102373,0.000159904,0.488831965,0.139105041,59.77652639,5.179664862,6.21162714,0.226892803,1620.104225,5.228543376,16.70686607,243.0156338,NC,PSM,-999.0,723,-0.255472438,0.060134419,0.152759012,-0.315606857,NC.PSM,723,-0.255472438,8.348790169,964.5969849,26.01779938,-0.2554724384295701,723,682.148508830446,668.3054858636352,682.9300342307473,696.9771373444858
100376,RSN18538,113,18538, PSM,3.4,35.9513,-120.5082,9.77,15.26,560,36.0688,-120.5962,40.9,40.95,0.012140716,0.027604151,0.001761725,0.002496586,0.439814872,0.136797293,57.93579535,5.179664862,6.194959903,0.20943951,1504.270051,4.862927213,15.66881948,225.6405077,NC,PSM,-999.0,771,-0.31975159,0.060134419,0.152759012,-0.379886009,NC.PSM,771,-0.31975159,8.348790169,964.5969849,26.01779938,-0.31975158983413454,771,707.9876336032182,711.2251710174036,736.1258483023094,744.7468088439509
100376,RSN14107,113,14107, PSM,3.8,35.632,-120.7532,6.775,50.5,560,36.0688,-120.5962,33.03,33.1,-0.004516639,-0.019953179,0.000823117,0.000769226,0.226361863,0.162962795,83.27829088,5.179664862,6.094190843,0.104719755,681.1370463,5.871667104,24.24099976,102.1705569,NC,PSM,-999.0,446,0.227617832,0.060134419,0.152759012,0.167483413,NC.PSM,446,0.227617832,8.348790169,964.5969849,26.01779938,0.2276178317091304,446,448.7711748999463,410.96947532193786,529.734921264243,444.8169949192592
100403,RSN19249,122,19249, BBGB,3.17,36.6767,-121.301,4.82,25.8,285,36.5785,-121.0396,41.5,41.54,-0.001286186,-0.004941004,0.001025134,0.000332163,0.260308552,0.164408808,80.95628381,5.179664862,6.006787029,0.122173048,771.9039272,3.87215313,4.819861599,115.7855891,NC,BBGB,-999.0,487,-0.535774943,-0.469534877,-0.376910283,-0.066240066,NC.BBGB,487,-0.535774943,19.65169907,1062.589966,9.263990402,-0.5357749428139389,487,486.40122893770615,447.03345785090363,482.6207802847414,464.4198424646366
100403,RSN18527,122,18527, BBGB,3.43,35.9148,-120.4658,7.18,89.91,285,36.5785,-121.0396,41.45,41.49,3.05e-05,0.00010785,3.76e-05,9.54e-06,0.283154463,0.163382556,85.98286899,5.179664862,6.105567046,0.13962634,841.938281,3.19706499,2.868351064,126.2907422,NC,BBGB,-999.0,516,-0.593617585,-0.469534877,-0.376910283,-0.124082709,NC.BBGB,516,-0.593617585,19.65169907,1062.589966,9.263990402,-0.593617585212912,516,519.2857177276976,467.3476451578197,512.2392691245328,487.9503689204046
100403,RSN19207,122,19207, BBGB,3.5,36.6973,-121.3339,5.677,29.44,285,36.5785,-121.0396,21.45,21.5,-0.001613244,-0.008462836,0.002218623,0.000320302,0.190626879,0.162928676,80.51710564,5.179664862,6.053782917,0.087266463,576.8608223,5.036634176,3.814454281,86.52912335,NC,BBGB,-999.0,406,-0.353863979,-0.469534877,-0.376910283,0.115670897,NC.BBGB,406,-0.353863979,19.65169907,1062.589966,9.263990402,-0.3538639793330818,406,415.9681670074749,389.16280820334265,427.767349349702,405.6293422804083
100403,RSN14966,122,14966, BBGB,3.7,35.6371,-120.7559,6.53,107.54,285,36.5785,-121.0396,16.18,16.23,-4.41e-05,-0.00021334,8.13e-05,1.86e-05,0.206750502,0.16407426,87.01359738,5.179664862,6.086524027,0.104719755,620.3938319,2.370967742,2.624108241,93.05907479,NC,BBGB,-999.0,423,-0.394882999,-0.469534877,-0.376910283,0.074651878,NC.BBGB,423,-0.394882999,19.65169907,1062.589966,9.263990402,-0.3948829987776268,423,440.960709247051,392.424783976056,434.6071633757903,408.77985738034516
100442,RSN17974,132,17974, TFT,4.04,36.3911,-117.8665,9.439,197.0,332,35.1459,-119.4195,13.7,13.8,-0.000720362,-0.003145269,0.000410871,2.63e-05,0.22903018,0.161557713,87.52196122,5.179664862,6.183950287,0.104719755,694.7638994,27.39019011,7.655125331,104.2145849,CI,TFT,-999.0,452,-0.308547211,-0.484833221,-0.392208627,0.17628601,CI.TFT,452,-0.308547211,4.117599964,231.0299988,3.351910114,-0.30854721091574344,452,561.1250313578488,439.3088788690471,590.1401244172158,441.1290323068901
100442,RSN14198,132,14198, TFT,3.69,34.7697,-120.4993,10.11,107.09,332,35.1459,-119.4195,29.3,29.44,-0.000528788,-0.001640938,0.000111394,5.16e-05,0.322247477,0.160544958,85.04132651,5.179664862,6.205472367,0.157079633,967.1226823,10.24782946,14.73093703,145.0684023,CI,TFT,-999.0,584,-0.564766014,-0.484833221,-0.392208627,-0.079932793,CI.TFT,584,-0.564766014,4.117599964,231.0299988,3.351910114,-0.564766013911739,584,611.1480241879931,531.0533094103914,551.3512240267501,522.0729567569822
100442,RSN13468,132,13468, TFT,3.9,34.4032,-118.651,13.612,108.34,332,35.1459,-119.4195,24.4,24.52,0.000532984,0.001710742,0.000304069,6.23e-05,0.311551693,0.158095064,83.27761185,5.179664862,6.281821568,0.157079633,952.3801462,8.555120385,5.626163798,142.8570219,CI,TFT,-999.0,576,-0.550972692,-0.484833221,-0.392208627,-0.066139471,CI.TFT,576,-0.550972692,4.117599964,231.0299988,3.351910114,-0.5509726917794033,576,565.358543982914,518.7690869163265,530.5862034011793,511.57819851145643
100442,RSN10301,132,10301, TFT,4.34,35.0174,-119.1492,9.557,28.48,332,35.1459,-119.4195,4.1,4.26,-0.003917818,-0.012180985,0.000193106,8.86e-05,0.321633947,0.154052351,72.41524158,5.179664862,6.187968323,0.157079633,1006.139683,44.21916479,63.07926735,150.9209525,CI,TFT,-999.0,604,-0.598439229,-0.484833221,-0.392208627,-0.113606008,CI.TFT,604,-0.598439229,4.117599964,231.0299988,3.351910114,-0.5984392290183269,604,599.8719667650612,554.6133128935039,560.86614266121,542.398141972111
100442,RSN10821,132,10821, TFT,4.66,34.2983,-118.6255,8.038,118.87,332,35.1459,-119.4195,18.98,19.05,-0.000560723,-0.002113458,0.000656546,0.000226233,0.265310753,0.162930171,86.5575866,5.179664862,6.126524324,0.122173048,792.9180387,2.478519933,3.219055481,118.9377058,CI,TFT,-999.0,496,-0.401440958,-0.484833221,-0.392208627,0.083392263,CI.TFT,496,-0.401440958,4.117599964,231.0299988,3.351910114,-0.4014409578084397,496,474.4050432660263,447.4426875148765,465.9312572173925,448.4811249940259
100452,RSN18047,134,18047, RCT,4.5,36.3915,-117.8683,9.117,123.84,282,36.3052,-119.2438,10.67,10.82,0.008545547,0.046019592,0.001395475,0.001429802,0.185693682,0.161653603,86.19356204,5.179664862,6.172420506,0.087266463,566.8678937,5.976734541,32.97772586,85.03018406,CI,RCT,3.7,402,-0.354545018,-0.356168493,-0.263543899,0.001623475,CI.RCT,402,-0.354545018,5.659100056,108.0770035,0.161065996,-0.3545450176809073,402,394.8798428063955,386.2568153154084,342.51787826279383,357.95633090809093
100452,RSN18187,134,18187, RCT,4.08,36.3983,-117.8495,7.662,125.58,282,36.3052,-119.2438,10.8,10.9,0.000721735,0.003909779,0.001164321,0.000161988,0.18459726,0.163234112,86.92469468,5.179664862,6.117348091,0.087266463,558.1731387,4.455484357,3.357990623,83.72597081,CI,RCT,3.7,399,-0.347054346,-0.356168493,-0.263543899,0.009114147,CI.RCT,399,-0.347054346,5.659100056,108.0770035,0.161065996,-0.3470543459517499,399,463.4451246749382,384.194315044748,370.1869126014516,362.42799117183586
100452,RSN9769,134,9769, RCT,4.69,35.0172,-119.0247,9.251,144.28,282,36.3052,-119.2438,8.5,8.69,-0.001611656,-0.008486225,0.000302358,0.000148191,0.18991437,0.16161363,86.69773499,5.179664862,6.177322679,0.087266463,579.4561065,10.87553225,28.06681153,86.91841598,CI,RCT,3.7,407,-0.366906115,-0.356168493,-0.263543899,-0.010737622,CI.RCT,407,-0.366906115,5.659100056,108.0770035,0.161065996,-0.36690611450448074,407,468.9084910686443,406.2444914975584,403.5531216464173,373.38872640798905
100461,RSN9068,137,9068, PDM,5.2,33.5328,-116.5697,15.48,240.27,1312,34.3034,-114.1415,13.2,13.3,0.000527413,0.000512903,8.16e-05,0.00013247,1.028289394,0.157595394,86.53292882,5.179664862,6.333749326,0.401425728,2470.066566,3.981376916,6.28557598,370.5099849,CI,PDM,-999.0,1000,0.271552691,0.269239266,0.361863859,0.002313425,CI.PDM,1000,0.271552691,17.89559937,155.1119995,8.612790108,0.27155269052189723,1000,855.0151973513474,1252.7607131602826,1037.437409100755,1260.3272141957755
100461,RSN12775,137,12775, PDM,4.26,33.9538,-116.3912,7.696,211.12,1312,34.3034,-114.1415,22.8,22.9,-0.001079785,-0.001270342,0.000394694,0.000496607,0.849995751,0.16336517,88.1649696,5.179664862,6.118116656,0.34906585,2110.361806,2.174324969,3.218549053,316.5542709,CI,PDM,-999.0,886,0.392591019,0.269239266,0.361863859,0.123351753,CI.PDM,886,0.392591019,17.89559937,155.1119995,8.612790108,0.392591018898953,886,878.2614551480364,1189.1943233006175,986.9504307340145,1195.1938463951924
100461,RSN10493,137,10493, PDM,4.45,34.1081,-117.3062,14.795,292.47,1312,34.3034,-114.1415,14.03,14.12,0.000164163,0.000155223,4.06e-05,3.54e-05,1.057595243,0.15820962,87.28589692,5.179664862,6.313637877,0.401425728,2497.360348,4.637372881,3.823226601,374.6040522,CI,PDM,-999.0,1009,0.262592949,0.269239266,0.361863859,-0.006646317,CI.PDM,1009,0.262592949,17.89559937,155.1119995,8.612790108,0.2625929491504255,1009,833.7447233332858,1274.4081682756403,1044.2423171990067,1273.4221150965757
100461,RSN14413,137,14413, PDM,4.14,34.8632,-116.3444,6.474,211.44,1312,34.3034,-114.1415,29.25,29.33,-0.002085112,-0.001364886,0.000324569,0.00042163,1.527682302,0.164291424,88.50682814,5.179664862,6.084678138,0.488692191,2890.572064,4.945359676,4.205226007,433.5858096,CI,PDM,-999.0,1129,0.150220405,0.269239266,0.361863859,-0.119018861,CI.PDM,1129,0.150220405,17.89559937,155.1119995,8.612790108,0.1502204053543723,1129,1002.6719763276507,1427.9067385726896,1134.5855592526825,1435.6707491170462
100519,RSN18530,139,18530, PHOB,3.43,35.9148,-120.4658,7.18,5.49,376,35.8666,-120.4796,40.53,40.63,-0.009111321,-0.253371314,0.001307549,0.00051227,0.035960348,0.103017635,38.97498814,5.179664862,6.105567046,0.017453293,174.4487448,17.7861694,193.7757698,26.16731172,NC,PHOB,0.343333333,181,0.731092112,0.490949937,0.58357453,0.240142175,NC.PHOB,181,0.731092112,5.659100056,771.3359985,2.658590078,0.7310921121240685,181,243.5614582467036,274.6093980627847,249.32608234618007,257.0101015802611
100519,RSN18429,139,18429, PHOB,4.17,35.9468,-120.4938,10.375,8.99,376,35.8666,-120.4796,22.39,22.45,-0.003771864,-0.064383612,0.000591972,0.000538618,0.058584219,0.104474906,40.47523153,5.179664862,6.213159667,0.034906585,280.0651274,7.002855456,108.7612455,42.00976911,NC,PHOB,0.343333333,257,0.380513058,0.490949937,0.58357453,-0.110436878,NC.PHOB,257,0.380513058,5.659100056,771.3359985,2.658590078,0.38051305849467454,257,338.49402316725485,380.60653603363806,352.5869052138821,361.9087909924066
100519,RSN18421,139,18421, PHOB,3.72,35.86,-120.4076,9.04,6.54,376,35.8666,-120.4796,22.46,22.57,0.021481779,0.385740739,0.000672354,0.000379238,0.055689681,0.096941597,36.73282666,5.179664862,6.169533303,0.034906585,286.9633942,56.64458467,573.7167311,43.04450913,NC,PHOB,0.343333333,262,0.36124464,0.490949937,0.58357453,-0.129705297,NC.PHOB,262,0.36124464,5.659100056,771.3359985,2.658590078,0.36124463962879805,262,355.42893146123964,402.342224387249,364.7023741468452,375.1296405799179
100533,RSN19345,141,19345, FIG,2.99,35.2117,-120.7977,8.96,91.34,489,34.7283,-119.988,13.1,13.27,5.66e-05,9.04e-05,1.03e-05,1.59e-05,0.625756726,0.161536567,84.94565829,5.179664862,6.166477393,0.27925268,1708.129489,3.559748428,8.776699029,256.2194234,CI,FIG,11.41846667,753,-0.431702738,-0.454797294,-0.3621727,0.023094555,CI.FIG,787,-0.475865759,31.3586998,953.3779907,13.5788002,-0.4758657589425308,787,814.9083104227652,738.4327730864995,880.0585267718218,782.8098234871666
100533,RSN10060,141,10060, FIG,4.18,34.3617,-118.6637,11.151,128.18,489,34.7283,-119.988,11.0,11.29,0.001679887,0.002360424,0.000510185,0.000252241,0.711688636,0.15991472,85.43011327,5.179664862,6.233452986,0.314159265,1905.312612,6.659849113,4.626604075,285.7968918,CI,FIG,11.41846667,819,-0.515721594,-0.454797294,-0.3621727,-0.060924301,CI.FIG,856,-0.559907887,31.3586998,953.3779907,13.5788002,-0.5599078866668696,856,860.3377636851475,791.5987304055807,707.2299809563684,785.0178783471678
100533,RSN14178,141,14178, FIG,3.69,34.7697,-120.4993,10.11,47.04,489,34.7283,-119.988,18.28,18.41,0.000823661,0.002317106,5.62e-05,1.76e-05,0.355469629,0.157944017,78.55546148,5.179664862,6.205472367,0.174532925,1076.58512,46.79892045,41.22964413,161.487768,CI,FIG,11.41846667,626,-0.246987882,-0.454797294,-0.3621727,0.207809412,CI.FIG,654,-0.290744862,31.3586998,953.3779907,13.5788002,-0.2907448619823265,654,679.6836731154962,632.6735397079348,754.9443062862124,676.8912863714405
100533,RSN12400,141,12400, FIG,4.27,36.1466,-118.0613,4.057,235.3,489,34.7283,-119.988,25.6,26.08,0.000287586,0.00027678,2.02e-05,2.03e-05,1.039044634,0.168224253,89.24831267,5.179664862,5.943934512,0.401425728,2326.866544,14.16679803,13.7019802,349.0299816,CI,FIG,11.41846667,955,-0.669348851,-0.454797294,-0.3621727,-0.214551557,CI.FIG,998,-0.713390787,31.3586998,953.3779907,13.5788002,-0.7133907868365919,998,1032.2936394417413,981.2390818653157,683.7319023030615,887.4066623460209
100533,RSN16329,141,16329, FIG,3.74,34.8456,-119.2446,12.927,69.27,489,34.7283,-119.988,19.5,19.65,0.00063932,0.001096753,7.44e-06,1.14e-05,0.5829208,0.15708414,80.0516822,5.179664862,6.270295551,0.261799388,1659.748567,56.08070175,147.4130376,248.9622851,CI,FIG,11.41846667,737,-0.410225403,-0.454797294,-0.3621727,0.044571891,CI.FIG,770,-0.454028025,31.3586998,953.3779907,13.5788002,-0.4540280253728568,770,788.4304678690329,714.6281794273349,877.9689587915191,774.0997495477466
100549,RSN11274,147,11274, SMM,4.39,35.6421,-120.9543,5.902,94.29,225,35.3142,-119.9958,14.0,14.21,0.000735045,0.012688198,0.000170415,5.12e-05,0.057931373,0.164692931,86.98275016,5.179664862,6.063488731,0.034906585,175.6894548,14.35634766,74.45470176,26.35341822,CI,SMM,0.940016,182,0.212093715,-0.180500098,-0.087875505,0.392593813,CI.SMM,182,0.212093715,2.213140011,599.1740112,0.199263006,0.21209371512762498,182,300.1783443939747,286.0170707714982,243.90591836397004,242.2766198741465
100549,RSN9278,147,9278, SMM,5.03,35.3852,-118.6292,7.3,124.47,225,35.3142,-119.9958,13.61,13.96,0.001695014,0.01309028,0.000299458,8.54e-05,0.129486469,0.163487601,87.06790039,5.179664862,6.108664217,0.06981317,393.6910238,19.84793911,43.71324192,59.05365357,CI,SMM,0.940016,323,-0.361551921,-0.180500098,-0.087875505,-0.181051823,CI.SMM,323,-0.361551921,2.213140011,599.1740112,0.199263006,-0.3615519210182363,323,319.84772047230655,323.41069836989607,284.5385509075452,302.7078606264944
100549,RSN13455,147,13455, SMM,3.9,34.4032,-118.651,13.612,159.18,225,35.3142,-119.9958,26.3,26.48,7.17e-05,0.000543624,7.33e-05,7.45e-06,0.131870591,0.158684753,85.43616799,5.179664862,6.281821568,0.06981317,412.9487274,9.624161074,7.416425648,61.94230911,CI,SMM,0.940016,333,-0.392042088,-0.180500098,-0.087875505,-0.21154199,CI.SMM,333,-0.392042088,2.213140011,599.1740112,0.199263006,-0.3920420877760238,333,403.61784482475144,355.7505282992296,351.8164721890873,321.11033568749934
100550,RSN16334,148,16334, LCP,3.74,34.8456,-119.2446,12.927,95.54,259,34.7355,-120.28,22.4,22.56,0.000149974,0.001371996,0.000135852,5.93e-05,0.109310554,0.158213637,82.76878145,5.179664862,6.270295551,0.052359878,343.8785432,2.529072513,10.09919618,51.58178148,CI,LCP,-999.0,294,-0.126751706,-0.453355065,-0.360730472,0.32660336,CI.LCP,294,-0.126751706,13.99709988,229.7550049,7.260879993,-0.12675170563914406,294,343.62920909543533,380.3652635097191,323.01058864924244,361.69111758541305
100550,RSN11929,148,11929, LCP,4.27,34.3874,-119.4398,6.219,86.24,259,34.7355,-120.28,26.3,26.42,0.000965969,0.005449462,0.000579496,0.000161621,0.177259427,0.164270957,86.4447287,5.179664862,6.075787581,0.087266463,533.2819536,5.976754258,9.403795712,79.99229304,CI,LCP,-999.0,388,-0.404177278,-0.453355065,-0.360730472,0.049177788,CI.LCP,388,-0.404177278,13.99709988,229.7550049,7.260879993,-0.40417727792373626,388,398.1291593120238,376.77381818090583,370.211032823374,359.3760271944468
100550,RSN15065,148,15065, LCP,3.52,34.2871,-119.6948,5.225,73.22,259,34.7355,-120.28,23.4,23.46,0.000267033,0.001047162,0.000381252,0.000105999,0.255005889,0.165509476,86.59451355,5.179664862,6.0312809,0.122173048,752.0985992,2.519203011,2.746640018,112.8147899,CI,LCP,-999.0,478,-0.612782671,-0.453355065,-0.360730472,-0.159427605,CI.LCP,478,-0.612782671,13.99709988,229.7550049,7.260879993,-0.6127826707919191,478,500.25674362847695,445.95466583949025,403.416160457556,402.669776556576
100550,RSN10081,148,10081, LCP,4.18,34.3617,-118.6637,11.151,154.04,259,34.7355,-120.28,5.81,6.13,0.000177112,0.000660489,3.19e-05,6.15e-05,0.268152776,0.160068177,86.17929531,5.179664862,6.233452986,0.13962634,816.9255485,2.879869919,20.70498433,122.5388323,CI,LCP,-999.0,506,-0.669708608,-0.453355065,-0.360730472,-0.216353542,CI.LCP,506,-0.669708608,13.99709988,229.7550049,7.260879993,-0.6697086075879284,506,562.4088059400668,476.2220590710668,441.3322222076724,432.70240963446395
