SSN,File.name,Code,RSN,SID,Mw,E.Lat,E.Long,E.Dep,EpiD,Vs30_mea,S.Lat,S.Long,p.ver,peak.time,Ur,Uz,max.noise.ver.05,max.noise.rad.05,U.ratio,ray.p,i2.angle,Vp_1,Vp_2,j.angle,Vsz,SNRrad,SNRver,z_0.15,network,station,f0,Vs30_est,Res,y_bar,eta,within_res,station2,Vs30_f0,Res_f0,slope,mean_ele_500m,slope_500m,log_res,P-wave_pred,Set1_pred,Set2_pred,Set3_pred,Set4_pred
1312,RSN2052,3,2052,13099,4.27,33.9173,-117.7758,7.0,17.5,420,33.876,-117.593,1.7,1.84,0.039527627,0.200839827,0.036904327,0.006309299,0.196811695,0.153479091,69.44395478,5.179664862,6.100695365,0.104719755,632.5468538,6.2649792,5.442175575,94.88202807,CE,13099,0.35,427,-0.016529302,-0.103339769,-0.010715175,0.086810467,CE.13099,427,-0.016529302,4.117599964,219.6060028,2.600260019,-0.01652930195121094,427,393.76262321772276,397.9160581397558,396.07052856979874,396.14228919653
1312,RSN10576,3,10576,13099,4.45,34.1081,-117.3062,14.795,36.95,420,33.876,-117.593,19.83,19.915,-0.057999847,-0.198856957,0.001589147,0.001106862,0.291666171,0.147900382,69.03344512,5.179664862,6.313637877,0.13962634,955.9078497,52.40025134,125.1344004,143.3861775,CE,13099,0.35,577,-0.317587555,-0.103339769,-0.010715175,-0.214247787,CE.13099,577,-0.317587555,4.117599964,219.6060028,2.600260019,-0.31758755523068594,577,547.8083108485814,538.5438156780306,528.794775489553,536.8027988419185
1312,RSN11504,3,11504,13099,4.73,33.7328,-117.4921,10.018,18.43,420,33.876,-117.593,24.61,24.665,-0.02417688,-0.143618268,0.025164524,0.005369382,0.168341257,0.142421923,62.05536456,5.179664862,6.202702587,0.087266463,585.0156028,4.502730482,5.707172049,87.75234042,CE,13099,0.35,410,0.024097552,-0.103339769,-0.010715175,0.12743732,CE.13099,410,0.024097552,4.117599964,219.6060028,2.600260019,0.024097551579060017,410,382.60441433055473,388.1363894173604,387.4028346434851,393.4319219198296
1351,RSN1951,5,1951,13929,4.92,33.5083,-116.5143,15.2,65.92,503,33.649,-117.205,4.58,4.6,0.013662115,0.016909889,0.006138521,0.002215037,0.807936389,0.154330971,77.49015185,5.179664862,6.325747735,0.331612558,2155.600389,6.167894712,2.754717138,323.3400584,CE,13929,7.184183333,901,-0.582915088,-0.580605638,-0.487981045,-0.002309449,CE.13929,763,-0.416667861,1.941050053,487.243988,2.926919937,-0.41666786118471766,763,621.7261635528881,582.5849878444579,694.5221371494974,582.773234999937
1351,RSN11527,5,11527,13929,4.73,33.7328,-117.4921,10.018,28.2,503,33.649,-117.205,21.75,21.785,0.008833822,0.014812484,0.002248369,0.000547137,0.596376841,0.152916155,71.53068059,5.179664862,6.202702587,0.261799388,1734.697277,16.14553942,6.588101864,260.2045916,CE,13929,7.184183333,762,-0.415356386,-0.580605638,-0.487981045,0.165249253,CE.13929,645,-0.248660147,1.941050053,487.243988,2.926919937,-0.2486601466960332,645,616.5084342853119,591.1113191782235,632.5251823700225,585.3234755680096
1351,RSN10593,5,10593,13929,4.45,34.1081,-117.3062,14.795,51.78,503,33.649,-117.205,18.8,18.89,-0.023438044,-0.021218101,0.000507133,0.000449873,1.104624955,0.152682695,74.5758191,5.179664862,6.313637877,0.41887902,2656.689032,52.09924579,41.83932223,398.5033548,CE,13929,7.184183333,1058,-0.743545442,-0.580605638,-0.487981045,-0.162939804,CE.13929,896,-0.577350243,1.941050053,487.243988,2.926919937,-0.5773502428751911,896,567.3253877572871,629.4906789763099,635.3479200674659,619.7691459565306
3079,RSN16902,25,16902, PLM,3.6,34.2088,-117.5824,7.536,115.88,465,33.354,-116.863,14.32,14.39,8.41e-05,0.000171191,5.41e-06,1.61e-05,0.491053724,0.163279353,86.71863423,5.179664862,6.114431914,0.226892803,1385.35009,5.223602484,31.64343808,207.8025135,CI,PLM,-999.0,730,-0.451007129,-0.335573349,-0.242948756,-0.115433779,CI.PLM,730,-0.451007129,6.259709835,1675.150024,4.301589966,-0.45100712855508096,730,838.9404592589447,669.2074112385677,704.839744124026,653.394013799758
3079,RSN16729,25,16729, PLM,3.73,33.5058,-116.7636,16.276,19.21,465,33.354,-116.863,20.04,20.09,0.002296094,0.007441843,0.000143672,6.19e-05,0.308538347,0.119975087,49.67984349,5.179664862,6.3549922,0.157079633,1243.883394,37.09360258,51.79744835,186.5825091,CI,PLM,-999.0,679,-0.378583722,-0.335573349,-0.242948756,-0.043010373,CI.PLM,679,-0.378583722,6.259709835,1675.150024,4.301589966,-0.3785837219713404,679,657.1224345468407,603.9074762001815,629.9566612767404,614.7895636623547
3079,RSN15123,25,15123, PLM,3.78,34.1353,-117.4476,5.857,102.2,465,33.354,-116.863,23.63,23.76,-0.000333858,-0.000775802,1.02e-05,6.85e-06,0.430339678,0.164778234,87.21932919,5.179664862,6.061617088,0.20943951,1226.01883,48.73839416,76.05901961,183.9028245,CI,PLM,-999.0,672,-0.368220935,-0.335573349,-0.242948756,-0.032647586,CI.PLM,672,-0.368220935,6.259709835,1675.150024,4.301589966,-0.36822093493579366,672,719.2344280814248,615.0768852985825,630.6263517206996,598.699452150349
3079,RSN9072,25,9072, PLM,5.2,33.5328,-116.5697,15.48,33.72,465,33.354,-116.863,16.12,16.24,0.029248173,0.067399015,0.003927509,0.001523372,0.433955502,0.143843266,65.65324815,5.179664862,6.333749326,0.20943951,1414.455185,19.19962622,17.1607538,212.1682778,CI,PLM,-999.0,740,-0.464612781,-0.335573349,-0.242948756,-0.129039431,CI.PLM,740,-0.464612781,6.259709835,1675.150024,4.301589966,-0.4646127806108593,740,678.6880841191324,650.5146848045385,672.1743954529726,659.3192724395992
3079,RSN12860,25,12860, PLM,4.02,33.7129,-116.0516,12.808,85.23,465,33.354,-116.863,23.82,23.91,0.001235693,0.002690317,0.000101675,4.45e-05,0.459311318,0.157983148,81.99828106,5.179664862,6.268161535,0.20943951,1350.78844,27.76838202,26.45996558,202.618266,CI,PLM,-999.0,718,-0.434432163,-0.335573349,-0.242948756,-0.098858814,CI.PLM,718,-0.434432163,6.259709835,1675.150024,4.301589966,-0.4344321634608681,718,744.0983530864851,633.3278053428199,664.8265172708421,630.6357106524548
3079,RSN17625,25,17625, PLM,3.52,33.5309,-117.6639,9.734,77.01,465,33.354,-116.863,35.16,35.2,6.58e-05,0.000201029,6.13e-05,3.23e-05,0.327467227,0.160368002,83.35763421,5.179664862,6.193801083,0.157079633,982.3988806,2.037151703,3.279429038,147.3598321,CI,PLM,-999.0,592,-0.241469229,-0.335573349,-0.242948756,0.09410412,CI.PLM,592,-0.241469229,6.259709835,1675.150024,4.301589966,-0.2414692292966496,592,645.2989608425352,525.6596814923607,552.285585598368,527.442202360628
3079,RSN17470,25,17470, PLM,3.59,34.0938,-117.4347,3.015,97.68,465,33.354,-116.863,42.01,42.1,-0.00011663,-0.000289544,2.04e-05,7.82e-06,0.402804845,0.168369102,88.79756202,5.179664862,5.93802414,0.191986218,1130.315374,14.91432225,14.19333333,169.5473061,CI,PLM,-999.0,640,-0.319430771,-0.335573349,-0.242948756,0.016142578,CI.PLM,640,-0.319430771,6.259709835,1675.150024,4.301589966,-0.3194307707663615,640,693.6587263407354,593.3105978929515,608.1740002327894,575.8637415571508
3079,RSN16119,25,16119, PLM,3.58,33.827,-117.0296,15.131,54.69,465,33.354,-116.863,15.01,15.05,-6.38e-05,-0.000310278,1.28e-05,1.44e-05,0.205464122,0.152796762,75.07093784,5.179664862,6.323730411,0.104719755,662.2052449,4.430555556,24.24046875,99.33078674,CI,PLM,-999.0,437,0.06210421,-0.335573349,-0.242948756,0.39767756,CI.PLM,437,0.06210421,6.259709835,1675.150024,4.301589966,0.062104210491765954,437,406.33796042805795,382.43519120164666,402.4635652631323,386.82770482257365
3079,RSN14005,25,14005, PLM,4.15,33.638,-116.7082,12.649,34.63,465,33.354,-116.863,13.29,13.38,-0.013323514,-0.029004204,0.000773091,0.000330259,0.459364905,0.150508559,70.55696822,5.179664862,6.265244507,0.20943951,1418.009391,40.342622,37.51719267,212.7014087,CI,PLM,-999.0,741,-0.46596322,-0.335573349,-0.242948756,-0.13038987,CI.PLM,741,-0.46596322,6.259709835,1675.150024,4.301589966,-0.46596321970873067,741,751.2114551428006,665.5039175504581,698.1147659373552,669.5252628466365
3079,RSN16550,25,16550, PLM,3.61,34.2449,-117.4464,12.48,112.62,465,33.354,-116.863,18.25,18.31,-0.000127251,-0.000314631,9.47e-05,3.95e-05,0.404443628,0.158844622,84.09526775,5.179664862,6.262058538,0.191986218,1202.302759,3.221544304,3.322397043,180.3454139,CI,PLM,-999.0,663,-0.354737585,-0.335573349,-0.242948756,-0.019164235,CI.PLM,663,-0.354737585,6.259709835,1675.150024,4.301589966,-0.3547375845985066,663,702.3785458232433,588.5834801797921,619.8372484700491,586.4265366593414
3079,RSN18125,25,18125, PLM,5.19,36.4034,-117.8499,9.418,350.12,465,33.354,-116.863,13.8,13.86,-5.63e-05,-0.000152753,5.83e-05,2.11e-05,0.368401928,0.161680632,88.61430508,5.179664862,6.183223963,0.174532925,1085.586115,2.668246445,2.620120069,162.8379173,CI,PLM,-999.0,629,-0.302093851,-0.335573349,-0.242948756,0.033479498,CI.PLM,629,-0.302093851,6.259709835,1675.150024,4.301589966,-0.30209385111308507,629,749.1438035672495,596.7421443279501,656.5986728327703,579.145648341021
3079,RSN19389,25,19389, PLM,3.43,34.1381,-117.4717,5.767,103.66,465,33.354,-116.863,34.58,34.7,-0.000336064,-0.000876985,5.99e-05,4.02e-05,0.383203807,0.164897224,87.3242119,5.179664862,6.057771424,0.174532925,1101.9573,8.359800995,14.64081803,165.293595,CI,PLM,-999.0,633,-0.308433017,-0.335573349,-0.242948756,0.027140333,CI.PLM,633,-0.308433017,6.259709835,1675.150024,4.301589966,-0.3084330165568199,633,717.3998040788852,586.9733297922901,601.2669144380947,571.4032995502613
3082,RSN14517,27,14517, RXH,4.01,33.2617,-116.0659,5.761,42.2,309,33.183,-115.623,20.3,20.43,0.000677085,0.00305885,0.000302922,0.000242409,0.221352841,0.163927241,83.21230329,5.179664862,6.057510055,0.104719755,662.8442834,2.793151244,10.09781396,99.42664251,CI,RXH,4.186403333,437,-0.346591918,-0.407405332,-0.314780739,0.060813414,CI.RXH,437,-0.346591918,0.0,-70.9733963,0.0122753,-0.3465919181978441,437,414.19588133431085,471.14418318849636,391.37788685989875,424.1985133657465
3082,RSN9085,27,9085, RXH,5.2,33.5328,-116.5697,15.48,96.28,309,33.183,-115.623,12.58,12.78,-0.012905,-0.043378445,0.000213116,0.000286978,0.297497988,0.156081717,81.33361914,5.179664862,6.333749326,0.13962634,922.4833249,44.96860387,203.5438212,138.3724987,CI,RXH,4.186403333,559,-0.592808196,-0.407405332,-0.314780739,-0.185402864,CI.RXH,559,-0.592808196,0.0,-70.9733963,0.0122753,-0.5928081962573533,559,527.8555945965488,593.2948810708118,462.68597592607705,533.9172090574876
3082,RSN16777,27,16777, RXH,3.72,33.1099,-116.0467,7.494,40.35,309,33.183,-115.623,13.45,13.54,0.00218657,0.011382116,0.001006174,0.000662202,0.192105745,0.161352573,80.54625451,5.179664862,6.113435346,0.087266463,586.8559378,3.301968282,11.31227402,88.02839067,CI,RXH,4.186403333,410,-0.282815883,-0.407405332,-0.314780739,0.12458945,CI.RXH,410,-0.282815883,0.0,-70.9733963,0.0122753,-0.282815882800608,410,392.30863314333624,434.2560953532247,368.7751542472678,395.87282632311536
3088,RSN16968,30,16968, SLR,3.63,34.1242,-116.405,9.555,48.46,499,33.834,-116.797,13.85,13.9,0.001075287,0.003165633,5.62e-05,1.05e-05,0.33967532,0.158993285,79.68388983,5.179664862,6.187901101,0.157079633,1024.167659,102.4082857,56.32798932,153.6251489,CI,SLR,-999.0,610,-0.200852861,-0.371471551,-0.278846958,0.170618689,CI.SLR,610,-0.200852861,12.81680012,1560.819946,7.582159996,-0.20085286141583847,610,655.5887477558206,550.5759432640054,611.2858594023617,573.4489560257643
3088,RSN15306,30,15306, SLR,3.86,34.1976,-117.3882,14.177,67.89,499,33.834,-116.797,19.66,19.74,0.001727035,0.004431614,0.000134679,2.39e-05,0.389707943,0.155810868,78.70926757,5.179664862,6.293825021,0.191986218,1186.853439,72.26087866,32.90501117,178.0280159,CI,SLR,-999.0,657,-0.275077923,-0.371471551,-0.278846958,0.096393628,CI.SLR,657,-0.275077923,12.81680012,1560.819946,7.582159996,-0.2750779227330913,657,696.4211651604928,577.9233927410894,652.953675014996,602.0800871104398
3088,RSN11462,30,11462, SLR,4.73,33.7328,-117.4921,10.018,65.35,499,33.834,-116.797,18.15,18.33,0.003220704,0.005755018,2.89e-05,4.37e-05,0.559633938,0.159643014,81.97946981,5.179664862,6.202702587,0.261799388,1582.860603,73.70032037,199.1355709,237.4290905,CI,SLR,-999.0,733,-0.384539606,-0.371471551,-0.278846958,-0.013068055,CI.SLR,733,-0.384539606,12.81680012,1560.819946,7.582159996,-0.3845396061351325,733,730.4070310505149,633.7746539411872,696.1301088710311,655.1431304759928
3088,RSN18341,30,18341, SLR,3.05,33.5043,-116.561,11.461,42.62,499,33.834,-116.797,14.37,14.43,-0.001275146,-0.002577898,0.000195539,7.67e-05,0.494645735,0.15526303,75.68657561,5.179664862,6.240750508,0.226892803,1465.538262,16.62511082,13.18354906,219.8307393,CI,SLR,-999.0,758,-0.41807729,-0.371471551,-0.278846958,-0.046605739,CI.SLR,758,-0.41807729,12.81680012,1560.819946,7.582159996,-0.4180772898908529,758,776.9839861664261,677.9711213269546,748.9500379221738,700.5562136068083
3088,RSN15918,30,15918, SLR,3.96,32.6554,-116.1347,12.336,144.55,499,33.834,-116.797,23.58,23.64,-0.000753375,-0.001043456,0.000403514,0.000347035,0.722000102,0.159263364,85.46748579,5.179664862,6.25927157,0.314159265,1932.026733,2.170890544,2.585922669,289.80401,CI,SLR,-999.0,828,-0.506407059,-0.371471551,-0.278846958,-0.134935508,CI.SLR,828,-0.506407059,12.81680012,1560.819946,7.582159996,-0.5064070586337408,828,845.0823292290565,666.7820667930494,804.6430582142651,709.4744289810629
3088,RSN12641,30,12641, SLR,4.11,33.5089,-116.8485,12.274,36.37,499,33.834,-116.797,12.39,12.44,-0.006136538,-0.014203182,0.00071193,0.000475956,0.432053766,0.152098203,72.14550871,5.179664862,6.258050482,0.20943951,1332.716965,12.89307835,19.95025073,199.9075448,CI,SLR,-999.0,712,-0.355471816,-0.371471551,-0.278846958,0.015999735,CI.SLR,712,-0.355471816,12.81680012,1560.819946,7.582159996,-0.35547181566045705,712,732.6261456565849,637.0255676014391,706.8923451529291,660.4656658581332
3088,RSN14479,30,14479, SLR,4.05,32.7091,-116.0396,7.817,143.33,499,33.834,-116.797,36.85,36.91,-0.000146537,-0.000306751,7.5e-05,3.97e-05,0.477708615,0.163189631,87.25150926,5.179664862,6.120791156,0.226892803,1355.217979,3.691108312,4.090013333,203.2826969,CI,SLR,-999.0,720,-0.366645116,-0.371471551,-0.278846958,0.004826435,CI.SLR,720,-0.366645116,12.81680012,1560.819946,7.582159996,-0.3666451162585824,720,867.8880665825601,655.4571310033386,739.4421647180269,665.1767620880996
3088,RSN18367,30,18367, SLR,3.34,33.5022,-116.5193,11.15,44.92,499,33.834,-116.797,15.55,15.61,-0.001485551,-0.002320246,0.00066218,0.000253651,0.640255561,0.156134561,76.7186394,5.179664862,6.233428753,0.27925268,1797.101595,5.856673145,3.503950587,269.5652393,CI,SLR,-999.0,783,-0.4505266,-0.371471551,-0.278846958,-0.079055049,CI.SLR,783,-0.4505266,12.81680012,1560.819946,7.582159996,-0.45052660023928404,783,760.7702090480726,658.0457523006955,738.8599842958354,686.0704328212461
3088,RSN13454,30,13454, SLR,3.9,34.4032,-118.651,13.612,182.33,499,33.834,-116.797,9.5,9.66,-0.00020475,-0.000432545,9.76e-06,9.95e-06,0.473360691,0.158804444,86.01409791,5.179664862,6.281821568,0.226892803,1382.200359,20.57788945,44.31813525,207.3300539,CI,SLR,-999.0,729,-0.379067636,-0.371471551,-0.278846958,-0.007596085,CI.SLR,729,-0.379067636,12.81680012,1560.819946,7.582159996,-0.37906763625713946,729,774.5027899798632,638.7537415145218,719.4274143248781,662.112254947058
3088,RSN17852,30,17852, SLR,3.14,33.0622,-115.8937,7.729,119.92,499,33.834,-116.797,33.08,33.17,-0.000270799,-0.000355893,7.88e-05,6.82e-05,0.760901477,0.163164178,86.73621866,5.179664862,6.11885537,0.331612558,1961.079955,3.970659824,4.516408629,294.1619933,CI,SLR,-999.0,837,-0.517217975,-0.371471551,-0.278846958,-0.145746424,CI.SLR,837,-0.517217975,12.81680012,1560.819946,7.582159996,-0.5172179747379566,837,833.7729177496408,680.5112639606546,810.7154875362053,719.3779655915323
3088,RSN16736,30,16736, SLR,3.73,33.5058,-116.7636,16.276,36.53,499,33.834,-116.797,20.67,20.73,-0.004823463,-0.013368432,0.000148734,4.08e-05,0.360809971,0.144218582,66.42079339,5.179664862,6.3549922,0.174532925,1194.783927,118.2221324,89.88147969,179.2175891,CI,SLR,-999.0,660,-0.279633739,-0.371471551,-0.278846958,0.091837812,CI.SLR,660,-0.279633739,12.81680012,1560.819946,7.582159996,-0.2796337392689523,660,684.3385715582345,600.6906233619065,664.7076172456785,625.2405250741285
3088,RSN17354,30,17354, SLR,3.56,33.4509,-116.5827,10.563,46.91,499,33.834,-116.797,22.35,22.38,-0.002526741,-0.004745618,9.67e-05,0.000251218,0.532436589,0.15730124,78.00249158,5.179664862,6.218365755,0.244346095,1539.614711,10.05796161,49.07567735,230.9422067,CI,SLR,-999.0,774,-0.438965778,-0.371471551,-0.278846958,-0.067494227,CI.SLR,774,-0.438965778,12.81680012,1560.819946,7.582159996,-0.43896577783820856,774,794.6372997533468,682.4010006432162,756.3483917116899,702.2279933353481
3088,RSN15194,30,15194, SLR,3.9,33.867,-117.1038,11.856,28.63,499,33.834,-116.797,19.14,19.22,0.015963749,0.029929098,0.000635806,0.00015861,0.53338558,0.148462513,68.09621928,5.179664862,6.24946745,0.244346095,1633.571586,100.6478091,47.07268884,245.0357379,CI,SLR,-999.0,728,-0.377694952,-0.371471551,-0.278846958,-0.006223402,CI.SLR,728,-0.377694952,12.81680012,1560.819946,7.582159996,-0.37769495244516715,728,718.4556615244096,643.3490058452696,711.3308081086587,668.6408667212085
3088,RSN13895,30,13895, SLR,4.17,34.3277,-116.829,4.957,54.84,499,33.834,-116.797,17.65,17.72,-0.008560207,-0.021616927,0.001247383,0.00031429,0.395995569,0.165772778,85.73019726,5.179664862,6.015610792,0.191986218,1131.178208,27.23665086,17.32982332,169.6767312,CI,SLR,-999.0,641,-0.250423361,-0.371471551,-0.278846958,0.12104819,CI.SLR,641,-0.250423361,12.81680012,1560.819946,7.582159996,-0.2504233611691511,641,674.7238539346326,586.1609433353462,640.9868946466448,597.8985483846066
100047,RSN8670,35,8670, CADB,5.45,37.4317,-121.7767,7.486,32.61,600,37.1635,-121.6265,17.25,17.52,-0.163214037,-0.42095793,0.001236583,0.005385702,0.387720542,0.160112311,78.18271195,5.179664862,6.113244097,0.191986218,1149.827711,30.30506274,340.4202791,172.4741567,NC,CADB,7.89435,645,-0.072320662,-0.095500777,-0.002876184,0.023180115,NC.CADB,570,0.051293294,14.11769962,200.9049988,11.85639954,0.05129329438755015,570,562.7567844475592,528.9937778989604,571.602077866314,532.1829235233987
100047,RSN17443,35,17443, CADB,3.4,37.1173,-121.5231,7.213,10.52,600,37.1635,-121.6265,19.6,19.63,0.010075207,0.02281542,0.004434571,0.001118589,0.441596377,0.134768075,55.38138791,5.179664862,6.106430378,0.20943951,1532.134419,9.007067833,5.144899022,229.8201629,NC,CADB,7.89435,780,-0.262364264,-0.095500777,-0.002876184,-0.166863487,NC.CADB,689,-0.138311616,14.11769962,200.9049988,11.85639954,-0.1383116157975124,689,612.4408772144681,621.8231596325583,623.0984053196092,630.9832964903538
100047,RSN12442,35,12442, CADB,4.0,37.7338,-121.9354,14.029,68.94,600,37.1635,-121.6265,23.05,23.2,0.000689241,0.002608995,0.000630496,0.000338453,0.264178572,0.156088405,78.99545203,5.179664862,6.288820984,0.122173048,824.3685742,2.036445238,4.138004048,123.6552861,NC,CADB,7.89435,508,0.166448208,-0.095500777,-0.002876184,0.261948985,NC.CADB,508,0.166448208,14.11769962,200.9049988,11.85639954,0.16644820763766432,508,463.7324826475831,465.81015921042757,493.8581387492287,469.2623809542753
100047,RSN14855,35,14855, CADB,3.68,36.9659,-121.5943,6.068,22.12,600,37.1635,-121.6265,22.41,22.49,-0.012185797,-0.021951311,0.000432836,0.000103011,0.555128433,0.159694187,75.78055722,5.179664862,6.070114836,0.261799388,1572.474531,118.2960752,50.71507684,235.8711797,NC,CADB,7.89435,743,-0.21376639,-0.095500777,-0.002876184,-0.118265613,NC.CADB,657,-0.090754363,14.11769962,200.9049988,11.85639954,-0.09075436326846376,657,658.8424449545954,600.4392664262328,643.0744093370913,607.6405874670731
100048,RSN11612,36,11612, CAL,4.25,36.8049,-121.5134,3.694,76.04,519,37.4504,-121.8004,24.87,25.02,-0.006920671,-0.013914175,0.001386547,0.000865251,0.497382796,0.168294698,87.91504469,5.179664862,5.93802414,0.226892803,1358.124839,7.998454784,10.03512683,203.7187259,NC,CAL,-999.0,721,-0.328735254,-0.333014096,-0.240389503,0.004278842,NC.CAL,721,-0.328735254,19.79490089,267.375,9.751830101,-0.3287352541190609,721,750.3363634377412,661.1481977754095,761.8215446413687,669.9608179724377
100048,RSN12487,36,12487, CAL,4.18,37.3931,-121.486,8.483,28.55,519,37.4504,-121.8004,21.81,21.86,0.006485142,0.016463819,0.002454261,0.000902911,0.393902628,0.156772186,74.50938538,5.179664862,6.146971844,0.191986218,1190.624789,7.182481994,6.708259228,178.5937184,NC,CAL,-999.0,658,-0.237301048,-0.333014096,-0.240389503,0.095713048,NC.CAL,658,-0.237301048,19.79490089,267.375,9.751830101,-0.23730104815942887,658,671.182683615239,616.5382062425577,646.8119535740119,604.0186859370745
100048,RSN13591,36,13591, CAL,3.9,37.7568,-121.9477,7.856,36.41,519,37.4504,-121.8004,23.75,23.89,-0.001467212,-0.00274615,0.000153216,0.000160053,0.534279741,0.160308427,78.91691044,5.179664862,6.121633552,0.244346095,1514.860875,9.167038419,17.9233892,227.2291313,NC,CAL,-999.0,775,-0.400959146,-0.333014096,-0.240389503,-0.06794505,NC.CAL,775,-0.400959146,19.79490089,267.375,9.751830101,-0.40095914618745887,775,813.0809957128773,713.4230516541646,784.9093028982161,711.8488110748123
100048,RSN11019,36,11019, CAL,4.3,37.0995,-121.4909,3.361,47.65,519,37.4504,-121.8004,20.18,20.33,0.004848413,0.006226242,0.001026769,0.000479467,0.77870624,0.168184802,87.06181012,5.179664862,5.93802414,0.331612558,1931.61471,10.11208905,6.063917006,289.7422065,NC,CAL,-999.0,828,-0.467109271,-0.333014096,-0.240389503,-0.134095175,NC.CAL,828,-0.467109271,19.79490089,267.375,9.751830101,-0.4671092712193712,828,766.4369902193139,698.5412389265208,760.9277424630423,744.4816926598131
100048,RSN12511,36,12511, CAL,4.1,37.862,-121.9995,13.322,48.94,519,37.4504,-121.8004,19.1,19.21,0.000921641,0.001704056,0.000466657,0.000264973,0.540851106,0.154101464,75.30937487,5.179664862,6.277093244,0.244346095,1591.114422,3.478244953,3.651624212,238.6671633,NC,CAL,-999.0,725,-0.334267772,-0.333014096,-0.240389503,-0.001253676,NC.CAL,725,-0.334267772,19.79490089,267.375,9.751830101,-0.3342677716887863,725,760.5685909498625,686.6332102608334,714.6420488110406,674.9391566286639
100048,RSN11661,36,11661, CAL,4.3,37.2793,-121.6191,3.442,24.87,519,37.4504,-121.8004,19.24,19.34,0.035821083,0.082476522,0.002680811,0.001285191,0.434318543,0.167464924,83.93938839,5.179664862,5.93802414,0.20943951,1215.800924,27.87218631,30.76551163,182.3701386,NC,CAL,-999.0,668,-0.25238429,-0.333014096,-0.240389503,0.080629805,NC.CAL,668,-0.25238429,19.79490089,267.375,9.751830101,-0.25238429037075694,668,659.4368660548372,611.0104027458259,671.9094090681989,617.1550293308419
100048,RSN14049,36,14049, CAL,3.7,37.8077,-122.0707,11.554,46.28,519,37.4504,-121.8004,35.5,35.64,-0.001039076,-0.001452737,0.000419682,0.0001753,0.715254263,0.155951303,76.80079014,5.179664862,6.242859346,0.314159265,1960.44372,5.927415859,3.461518483,294.066558,NC,CAL,-999.0,837,-0.477920187,-0.333014096,-0.240389503,-0.144906091,NC.CAL,837,-0.477920187,19.79490089,267.375,9.751830101,-0.477920187323587,837,793.1670373751434,749.1746066918499,731.1446574128101,758.9182282733303
100048,RSN12282,36,12282, CAL,4.23,37.901,-122.1038,14.378,56.72,519,37.4504,-121.8004,17.95,18.09,0.003740867,0.007866474,0.000388482,0.00041849,0.475545614,0.154222034,76.32906502,5.179664862,6.300455998,0.226892803,1428.678262,8.938963894,20.24926251,214.3017393,NC,CAL,-999.0,745,-0.361480335,-0.333014096,-0.240389503,-0.028466239,NC.CAL,745,-0.361480335,19.79490089,267.375,9.751830101,-0.3614803352136713,745,773.3523555717817,706.2130017169044,734.9637923185886,697.7354040348611
100048,RSN12444,36,12444, CAL,4.0,37.7338,-121.9354,14.029,33.64,519,37.4504,-121.8004,19.2,19.26,-0.000527217,-0.001573308,0.000699918,0.000246948,0.335100945,0.147273013,67.84599702,5.179664862,6.288820984,0.157079633,1092.256358,2.134931241,2.247846176,163.8384537,NC,CAL,-999.0,631,-0.195401979,-0.333014096,-0.240389503,0.137612116,NC.CAL,631,-0.195401979,19.79490089,267.375,9.751830101,-0.19540197937532433,631,643.993274799892,605.6724191189655,615.0793502817573,590.5838238307239
100048,RSN13003,36,13003, CAL,4.0,37.844,-122.2222,10.021,57.39,519,37.4504,-121.8004,26.5,26.59,0.000464363,0.001276256,0.000331864,0.000134048,0.363848046,0.159165747,80.84887982,5.179664862,6.202793758,0.174532925,1090.665008,3.464154631,3.845719933,163.5997512,NC,CAL,-999.0,630,-0.193815936,-0.333014096,-0.240389503,0.13919816,NC.CAL,630,-0.193815936,19.79490089,267.375,9.751830101,-0.19381593621969007,630,673.1670902679749,593.6105526137753,663.7285602898066,589.3424063280604
100048,RSN8671,36,8671, CAL,5.45,37.4317,-121.7767,7.486,2.95,519,37.4504,-121.8004,19.16,19.25,-0.060643028,-0.345162572,0.040534189,0.004487005,0.175694103,0.048201178,17.13748452,5.179664862,6.113244097,0.087266463,1801.869543,13.5152575,8.51534422,270.2804315,NC,CAL,-999.0,785,-0.413779835,-0.333014096,-0.240389503,-0.080765739,NC.CAL,785,-0.413779835,19.79490089,267.375,9.751830101,-0.4137798346165198,785,730.6279373049717,737.7661676738697,742.7959728804994,743.7868064780046
100055,RSN9299,38,9299, VES,5.03,35.3852,-118.6292,7.3,65.26,393,35.8409,-119.0847,12.6,12.82,-0.015579371,-0.069899528,9.49e-05,0.000101544,0.222882352,0.162914497,84.37805878,5.179664862,6.108664217,0.104719755,671.3587122,153.4248306,736.5598314,100.7038068,CI,VES,0.23,441,-0.115235264,-0.142908487,-0.050283894,0.027673224,CI.VES,441,-0.115235264,6.998569965,152.6029968,0.573539019,-0.11523526357758485,441,392.51528965697776,395.15295188804976,369.3923698729477,381.1206666621654
100055,RSN10550,38,10550, VES,4.45,34.1081,-117.3062,14.795,251.66,393,35.8409,-119.0847,14.12,14.47,0.000174953,0.000870198,1.19e-05,1.63e-05,0.201049909,0.158146709,86.84162187,5.179664862,6.313637877,0.104719755,626.5927565,10.73331288,73.12588235,93.98891348,CI,VES,0.23,425,-0.078279557,-0.142908487,-0.050283894,0.06462893,CI.VES,425,-0.078279557,6.998569965,152.6029968,0.573539019,-0.07827955705515599,425,453.4539034282473,408.5366142860264,410.69957764761375,380.3204484406018
100055,RSN18050,38,18050, VES,4.5,36.3915,-117.8683,9.117,125.4,393,35.8409,-119.0847,12.32,12.39,0.002230651,0.006867874,0.000704437,0.000845404,0.324795017,0.161665002,86.25478004,5.179664862,6.172420506,0.157079633,967.3091519,2.638562155,9.74945098,145.0963728,CI,VES,0.23,584,-0.396091371,-0.142908487,-0.050283894,-0.253182884,CI.VES,584,-0.396091371,6.998569965,152.6029968,0.573539019,-0.39609137095896596,584,615.4130229017117,531.2452067792209,522.0141567185759,512.6436135845306
100055,RSN12911,38,12911, VES,4.11,36.0312,-117.7658,4.03,120.87,393,35.8409,-119.0847,21.99,22.08,0.000321155,0.001783328,0.000137785,5.38e-05,0.180087527,0.168262731,88.54143942,5.179664862,5.941161117,0.087266463,528.6801837,5.969423792,12.94283122,79.30202756,CI,VES,0.23,386,0.017972242,-0.142908487,-0.050283894,0.16088073,CI.VES,386,0.017972242,6.998569965,152.6029968,0.573539019,0.017972242404430183,386,415.51999331719327,352.45505886217796,356.1101815291535,339.46751995482293
100058,RSN16061,39,16061, JBMB,3.71,37.7173,-121.8076,16.702,53.77,584,37.3186,-122.1531,33.13,33.22,-0.00030377,-0.002151997,0.000265024,0.000123773,0.141157424,0.150389379,73.19770337,5.179664862,6.365528716,0.06981317,465.8346009,2.454250927,8.120007999,69.87519014,NC,JBMB,-999.0,359,0.486578594,0.357566142,0.450190736,0.129012452,NC.JBMB,359,0.486578594,7.979599953,783.901001,7.634349823,0.48657859433994854,359,361.81534363983627,376.7461912178256,378.2948492702774,381.1812299980517
100058,RSN8689,39,8689, JBMB,5.45,37.4317,-121.7767,7.486,35.62,584,37.3186,-122.1531,15.03,15.17,0.017050601,0.062126057,0.010275147,0.002590543,0.274451678,0.160681697,79.19975102,5.179664862,6.113244097,0.13962634,831.6175075,6.581863725,6.04624508,124.7426261,NC,JBMB,-999.0,511,0.133531393,0.357566142,0.450190736,-0.22403475,NC.JBMB,511,0.133531393,7.979599953,783.901001,7.634349823,0.13353139262452274,511,464.4795224616437,460.4435914484871,473.53756862117484,474.1904807236991
100058,RSN18851,39,18851, JBMB,4.05,37.4812,-121.7987,11.01,36.2,584,37.3186,-122.1531,40.6,40.66,-0.004816486,-0.021192898,0.001039499,0.000354639,0.227268883,0.154326302,74.03947051,5.179664862,6.229990225,0.104719755,721.9978258,13.58137712,20.38760788,108.2996739,NC,JBMB,-999.0,465,0.227863577,0.357566142,0.450190736,-0.129702565,NC.JBMB,465,0.227863577,7.979599953,783.901001,7.634349823,0.22786357724087125,465,445.72045670993305,430.2585293133416,451.8403791991601,444.69084503887814
100058,RSN12293,39,12293, JBMB,4.23,37.901,-122.1038,14.378,64.79,584,37.3186,-122.1531,15.49,15.59,-0.001580634,-0.008088683,0.000563441,0.000333952,0.195412967,0.155256831,78.0113675,5.179664862,6.300455998,0.104719755,621.0227715,4.733117334,14.35586512,93.15341573,NC,JBMB,-999.0,423,0.322528804,0.357566142,0.450190736,-0.035037339,NC.JBMB,423,0.322528804,7.979599953,783.901001,7.634349823,0.3225288037819496,423,384.2386648276614,390.181677104267,407.9965011319424,404.1976094413601
100058,RSN12527,39,12527, JBMB,4.1,37.862,-121.9995,13.322,61.82,584,37.3186,-122.1531,19.8,19.9,-0.002173951,-0.018241601,0.00049012,0.000365179,0.119175431,0.156052596,78.39471405,5.179664862,6.277093244,0.052359878,379.6831167,5.953110666,37.21864237,56.95246751,NC,JBMB,-999.0,315,0.617328344,0.357566142,0.450190736,0.259762202,NC.JBMB,315,0.617328344,7.979599953,783.901001,7.634349823,0.6173283440025941,315,314.57847122463,330.9970018551791,330.94170848963614,335.84640137167884
100060,RSN18931,40,18931, JELB,3.73,37.4822,-121.793,9.63,61.64,323,36.9275,-121.8276,40.88,40.96,-0.00116549,-0.005117706,0.000746638,0.000272381,0.227736906,0.15989492,81.81509219,5.179664862,6.190401578,0.104719755,698.2183117,4.278896105,6.854333693,104.7327468,NC,JELB,0.253333333,454,-0.340444875,-0.189839919,-0.097215326,-0.150604956,NC.JELB,454,-0.340444875,14.01060009,81.6969986,5.152009964,-0.3404448748186919,454,423.5127108044231,414.18437915492547,437.54198447599015,412.79465662790614
100060,RSN18855,40,18855, JELB,4.05,37.4812,-121.7987,11.01,61.5,323,36.9275,-121.8276,40.9,41.04,-0.006504721,-0.030159627,0.003788638,0.000487114,0.215676426,0.15832565,80.52838684,5.179664862,6.229990225,0.104719755,669.4791641,13.35359074,7.96054598,100.4218746,NC,JELB,0.253333333,440,-0.309122404,-0.189839919,-0.097215326,-0.119282484,NC.JELB,440,-0.309122404,14.01060009,81.6969986,5.152009964,-0.30912240368965005,440,410.84064854413936,402.55223705117385,422.3929656149155,400.1361821497228
100060,RSN11630,40,11630, JELB,4.2,36.8832,-121.619,7.507,19.23,323,36.9275,-121.8276,19.3,19.34,0.017595951,0.151437457,0.024732522,0.002058872,0.116192856,0.153823391,70.12507677,5.179664862,6.113745147,0.052359878,375.6750396,8.546403565,6.123009089,56.35125594,NC,JELB,0.253333333,313,0.031449133,-0.189839919,-0.097215326,0.221289052,NC.JELB,313,0.031449133,14.01060009,81.6969986,5.152009964,0.03144913268250349,313,329.86147485468916,342.1970483250873,338.7910417721253,339.7702197982924
100060,RSN17446,40,17446, JELB,3.4,37.1173,-121.5231,7.213,34.32,323,36.9275,-121.8276,19.46,19.53,-0.00181557,-0.011268359,0.000651252,0.000265451,0.16112103,0.160934343,79.33758035,5.179664862,6.106430378,0.087266463,496.0863727,6.839567378,17.30260944,74.41295591,NC,JELB,0.253333333,372,-0.141241531,-0.189839919,-0.097215326,0.048598388,NC.JELB,372,-0.141241531,14.01060009,81.6969986,5.152009964,-0.14124153105048975,372,361.18983934405406,357.52674060580915,378.52642166616755,361.002733073104
100091,RSN14493,49,14493, BEL,4.01,33.2617,-116.0659,5.761,82.19,796,34.0006,-115.9982,27.28,27.42,-0.000904187,-0.000951643,2.67e-05,6.04e-06,0.950132982,0.164792763,86.59420195,5.179664862,6.057510055,0.383972435,2252.442659,149.6998344,35.64205993,337.8663989,CI,BEL,-999.0,932,-0.157733629,0.085610816,0.178235409,-0.243344444,CI.BEL,932,-0.157733629,14.83349991,1330.719971,1.703959942,-0.1577336288412079,932,691.2417801064818,1036.4610920011803,887.5583009524464,1022.9207734302423
100091,RSN15148,49,15148, BEL,3.9,33.867,-117.1038,11.856,103.29,796,34.0006,-115.9982,24.6,24.7,0.001087614,0.001843527,0.000151355,2.3e-05,0.58996366,0.159114974,83.92480187,5.179664862,6.24946745,0.261799388,1653.563216,47.28756522,12.18015262,248.0344824,CI,BEL,-999.0,734,0.081090157,0.085610816,0.178235409,-0.004520658,CI.BEL,734,0.081090157,14.83349991,1330.719971,1.703959942,0.0810901572298679,734,790.0253135845392,995.5569721698944,727.9780981290029,865.6661531461947
100091,RSN16088,49,16088, BEL,3.58,33.827,-117.0296,15.131,97.31,796,34.0006,-115.9982,16.2,16.28,0.000264893,0.000639394,5.18e-05,7.89e-06,0.414287275,0.156448687,81.62631328,5.179664862,6.323730411,0.191986218,1246.264454,33.57325729,12.34351351,186.9396681,CI,BEL,-999.0,680,0.157506388,0.085610816,0.178235409,0.071895572,CI.BEL,680,0.157506388,14.83349991,1330.719971,1.703959942,0.15750638767423109,680,716.5111003462285,932.079215368126,645.28189490078,804.4311293368075
100091,RSN13817,49,13817, BEL,4.17,34.3277,-116.829,4.957,84.76,796,34.0006,-115.9982,21.5,21.59,0.000890871,0.00244091,0.000201964,4.46e-05,0.364974843,0.166045565,87.27050765,5.179664862,6.015610792,0.174532925,1048.343304,19.9746861,12.08586679,157.2514956,CI,BEL,-999.0,618,0.253110728,0.085610816,0.178235409,0.167499913,CI.BEL,618,0.253110728,14.83349991,1330.719971,1.703959942,0.2531107283866927,618,723.3412721360295,860.424426744898,589.3154744313011,727.0367185127632
100091,RSN16746,49,16746, BEL,3.72,33.1099,-116.0467,7.494,98.89,796,34.0006,-115.9982,31.63,31.69,-0.000181162,-0.000252159,5.92e-05,3.58e-05,0.718444318,0.163208802,86.1698517,5.179664862,6.113435346,0.314159265,1878.979801,5.060391061,4.259442568,281.8469702,CI,BEL,-999.0,810,-0.017435062,0.085610816,0.178235409,-0.103045877,CI.BEL,810,-0.017435062,14.83349991,1330.719971,1.703959942,-0.017435061822101083,810,805.561194503299,1011.4814421469132,827.1391701679001,937.9941844777094
100091,RSN15385,49,15385, BEL,3.99,34.0514,-117.2429,14.998,115.1,796,34.0006,-115.9982,21.95,22.07,0.000261707,0.000583171,3.41e-05,7.04e-06,0.448765472,0.157053578,82.9997227,5.179664862,6.319789549,0.20943951,1332.653141,37.17428977,17.10178886,199.8979712,CI,BEL,-999.0,712,0.111521274,0.085610816,0.178235409,0.025910459,CI.BEL,712,0.111521274,14.83349991,1330.719971,1.703959942,0.11152127443240722,712,745.4864438492439,952.4395653086847,685.6134651722572,839.0466841268378
100091,RSN16578,49,16578, BEL,3.69,33.735,-117.4936,9.693,141.47,796,34.0006,-115.9982,17.48,17.57,0.00014818,0.000331633,2.97e-05,4.46e-06,0.446818487,0.161176036,86.44690301,5.179664862,6.192470162,0.20943951,1293.836479,33.22421525,11.16609428,194.0754719,CI,BEL,-999.0,698,0.131380083,0.085610816,0.178235409,0.045769268,CI.BEL,698,0.131380083,14.83349991,1330.719971,1.703959942,0.13138008308201066,698,804.435391807135,944.9522733004745,738.6052465104461,841.032125333766
100091,RSN15555,49,15555, BEL,4.06,32.6823,-116.088,9.762,146.45,796,34.0006,-115.9982,26.2,26.31,-0.000217628,-0.000384977,1.07e-05,1.26e-05,0.565303008,0.161134313,86.54195926,5.179664862,6.194703173,0.261799388,1580.460094,17.27206349,35.97915888,237.0690141,CI,BEL,-999.0,735,0.079728687,0.085610816,0.178235409,-0.005882129,CI.BEL,735,0.079728687,14.83349991,1330.719971,1.703959942,0.07972868663154653,735,855.8090591928451,992.6486108466303,809.5987304849418,881.6931746278539
100091,RSN8317,49,8317, BEL,4.27,33.9173,-117.7758,7.0,164.21,796,34.0006,-115.9982,15.3,15.4,0.001449592,0.002250213,0.000883323,0.000500218,0.644202327,0.163803431,87.8789036,5.179664862,6.100695365,0.27925268,1720.634545,2.897920507,2.547440744,258.0951818,CI,BEL,-999.0,757,0.050235932,0.085610816,0.178235409,-0.035374883,CI.BEL,757,0.050235932,14.83349991,1330.719971,1.703959942,0.05023593240693458,757,829.4106398466823,986.2106392101333,820.338286454326,903.5269121319807
100091,RSN16512,49,16512, BEL,3.61,34.2449,-117.4464,12.48,136.32,796,34.0006,-115.9982,13.7,13.84,4.71e-05,8.79e-05,2.22e-05,3.92e-06,0.535658738,0.159117619,85.13943024,5.179664862,6.262058538,0.244346095,1529.303446,12.01530612,3.959459459,229.3955169,CI,BEL,-999.0,779,0.02158814,0.085610816,0.178235409,-0.064022676,CI.BEL,779,0.02158814,14.83349991,1330.719971,1.703959942,0.021588139973634846,779,850.2103661795845,1050.1605047095968,798.4729835484321,929.1319067326513
100091,RSN17407,49,17407, BEL,3.66,34.2987,-116.8617,15.28,86.23,796,34.0006,-115.9982,15.81,15.89,0.000164947,0.00066613,3.01e-05,2.04e-05,0.247620289,0.155842275,80.46336424,5.179664862,6.328063842,0.122173048,776.9543269,8.085637255,22.13056478,116.543149,CI,BEL,-999.0,489,0.487236696,0.085610816,0.178235409,0.401625881,CI.BEL,489,0.487236696,14.83349991,1330.719971,1.703959942,0.4872366963695107,489,455.05733145166323,683.8479122741644,443.4563527881894,579.9923048590899
100091,RSN16864,49,16864, BEL,3.6,34.2088,-117.5824,7.536,147.99,796,34.0006,-115.9982,40.78,40.86,0.000121074,0.000221267,4.62e-05,2.39e-05,0.547186333,0.163383855,87.4367442,5.179664862,6.114431914,0.244346095,1514.474562,5.065857741,4.789329004,227.1711843,CI,BEL,-999.0,774,0.028027312,0.085610816,0.178235409,-0.057583503,CI.BEL,774,0.028027312,14.83349991,1330.719971,1.703959942,0.028027312254655712,774,925.4627023582492,1048.8711387295373,832.5099487192776,931.7662889610613
100091,RSN8767,49,8767, BEL,5.39,33.9465,-117.7667,14.89,163.55,796,34.0006,-115.9982,25.18,25.42,0.018378477,0.021237889,0.002295683,0.002273399,0.865362721,0.157735846,85.09940284,5.179664862,6.31653763,0.34906585,2209.793629,8.084140531,9.251228937,331.4690444,CI,BEL,-999.0,918,-0.142598205,0.085610816,0.178235409,-0.22820902,CI.BEL,918,-0.142598205,14.83349991,1330.719971,1.703959942,-0.14259820477610763,918,785.9840799034125,996.2970599568921,872.8242515492972,1005.6470603323723
100091,RSN14700,49,14700, BEL,3.84,34.2268,-117.4407,8.593,135.43,796,34.0006,-115.9982,20.62,20.73,0.000317145,0.000966106,2.4e-05,6.93e-06,0.328270825,0.162296979,86.75684979,5.179664862,6.151676073,0.157079633,972.878693,45.76406926,40.25441667,145.931804,CI,BEL,-999.0,587,0.304574366,0.085610816,0.178235409,0.21896355,CI.BEL,587,0.304574366,14.83349991,1330.719971,1.703959942,0.3045743660162863,587,689.1789306755411,850.8345228463999,594.025481590867,718.7300553108063
100091,RSN17120,49,17120, BEL,3.53,33.9634,-117.8198,13.862,168.38,796,34.0006,-115.9982,39.59,39.69,2.82e-05,0.000121054,7.17e-06,6.01e-06,0.23270239,0.158620707,85.59589003,5.179664862,6.285731951,0.122173048,719.7611287,4.6921797,16.88340307,107.9641693,CI,BEL,-999.0,464,0.539714634,0.085610816,0.178235409,0.454103818,CI.BEL,464,0.539714634,14.83349991,1330.719971,1.703959942,0.5397146336181278,464,474.9198165278471,672.1566012835879,444.55319765551667,571.6409740922691
100091,RSN13109,49,13109, BEL,4.06,33.2394,-116.2082,10.532,86.65,796,34.0006,-115.9982,13.45,13.52,-0.00192886,-0.002192454,0.000407911,0.000283174,0.879772592,0.159833942,83.6015162,5.179664862,6.217520851,0.366519143,2211.377811,6.811571684,5.374834216,331.7066717,CI,BEL,-999.0,918,-0.142598205,0.085610816,0.178235409,-0.22820902,CI.BEL,918,-0.142598205,14.83349991,1330.719971,1.703959942,-0.14259820477610763,918,790.180030241033,1025.8174435943422,911.1493206108502,1014.7026748031512
100091,RSN15686,49,15686, BEL,3.81,32.4923,-116.8468,13.18,185.03,796,34.0006,-115.9982,22.61,22.72,-6.53e-05,-7.73e-05,6.67e-06,6.25e-06,0.844967925,0.159018377,86.19215934,5.179664862,6.274698597,0.34906585,2160.127194,10.448,11.5892054,324.0190791,CI,BEL,-999.0,902,-0.125015334,0.085610816,0.178235409,-0.21062615,CI.BEL,902,-0.125015334,14.83349991,1330.719971,1.703959942,-0.12501533421824096,902,755.0934450027614,1019.8553869367325,925.6341957103274,1018.071002486731
100091,RSN12593,49,12593, BEL,4.11,33.5089,-116.8485,12.274,95.82,796,34.0006,-115.9982,15.7,15.78,0.002150437,0.002950239,0.000563935,0.000490578,0.728902812,0.158657131,83.16083188,5.179664862,6.258050482,0.314159265,1951.995278,4.383476226,5.231523137,292.7992917,CI,BEL,-999.0,834,-0.046634217,0.085610816,0.178235409,-0.132245032,CI.BEL,834,-0.046634217,14.83349991,1330.719971,1.703959942,-0.046634216514363835,834,802.8849993128126,1027.6691740607441,838.648744914222,955.2345805998268
100091,RSN14379,49,14379, BEL,4.14,34.8632,-116.3444,6.474,100.84,796,34.0006,-115.9982,20.95,21.03,0.000163317,0.0002105,7.18e-05,6.13e-05,0.775850245,0.164096575,86.83517117,5.179664862,6.084678138,0.331612558,1975.000138,2.664225122,2.931754875,296.2500207,CI,BEL,-999.0,842,-0.056180828,0.085610816,0.178235409,-0.141791644,CI.BEL,842,-0.056180828,14.83349991,1330.719971,1.703959942,-0.05618082839794347,842,831.4319326573236,1028.725523936282,902.2250840493454,965.719536873238
100091,RSN9323,49,9323, BEL,4.88,34.0655,-117.0011,17.501,92.9,796,34.0006,-115.9982,12.45,12.64,0.001976966,0.002596934,0.000115451,7.12e-05,0.761269257,0.15413044,79.72224984,5.179664862,6.383907006,0.331612558,2076.682979,27.7663764,22.49381989,311.5024469,CI,BEL,-999.0,875,-0.094624701,0.085610816,0.178235409,-0.180235516,CI.BEL,875,-0.094624701,14.83349991,1330.719971,1.703959942,-0.09462470051323102,875,915.9885012962924,1047.3548015061187,850.9130398835836,981.6363199381964
100091,RSN16245,49,16245, BEL,3.64,33.223,-116.7186,8.687,109.12,796,34.0006,-115.9982,33.04,33.23,-0.000377779,-0.00045958,8.69e-06,7e-06,0.822009379,0.162036228,85.89086652,5.179664862,6.155594857,0.34906585,2083.802438,53.96842857,52.88607595,312.5703657,CI,BEL,-999.0,877,-0.096907807,0.085610816,0.178235409,-0.182518622,CI.BEL,877,-0.096907807,14.83349991,1330.719971,1.703959942,-0.09690780652779996,877,702.2555776217258,1012.3857835234678,918.9395064454679,990.1664157869313
100091,RSN10400,49,10400, BEL,4.45,34.1081,-117.3062,14.795,121.35,796,34.0006,-115.9982,11.7,11.83,0.001540626,0.002543127,0.000122497,2.71e-05,0.605799883,0.157350974,83.44215977,5.179664862,6.313637877,0.27925268,1711.9446,56.8496679,20.76072883,256.79169,CI,BEL,-999.0,754,0.054206818,0.085610816,0.178235409,-0.031403998,CI.BEL,754,0.054206818,14.83349991,1330.719971,1.703959942,0.05420681783642678,754,777.866640432996,1003.9624980991084,743.8575672037183,875.6397908615393
100091,RSN15889,49,15889, BEL,3.96,32.6554,-116.1347,12.336,149.73,796,34.0006,-115.9982,23.37,23.51,-0.000146619,-0.00024733,1.05e-05,1.22e-05,0.592806736,0.159296408,85.62000506,5.179664862,6.25927157,0.261799388,1657.693718,12.01795082,23.5552381,248.6540577,CI,BEL,-999.0,736,0.078369067,0.085610816,0.178235409,-0.007241748,CI.BEL,736,0.078369067,14.83349991,1330.719971,1.703959942,0.0783690671155064,736,814.8188469866985,994.0677252272262,787.2482439395452,880.023196322802
100091,RSN15612,49,15612, BEL,3.87,33.7513,-116.0218,8.756,27.74,796,34.0006,-115.9982,17.42,17.49,0.007904897,0.014574904,0.000694721,0.000514365,0.542363621,0.155603612,73.38975319,5.179664862,6.158414042,0.244346095,1579.212124,15.36826378,20.97950688,236.8818186,CI,BEL,-999.0,736,0.078369067,0.085610816,0.178235409,-0.007241748,CI.BEL,736,0.078369067,14.83349991,1330.719971,1.703959942,0.0783690671155064,736,737.232929682992,966.6629370368428,712.4412305262705,853.9012084036784
100091,RSN16700,49,16700, BEL,3.73,33.5058,-116.7636,16.276,89.67,796,34.0006,-115.9982,18.8,18.87,0.000339583,0.000409755,0.000145861,6.25e-05,0.82874655,0.155038001,80.15210912,5.179664862,6.3549922,0.34906585,2189.039083,5.433328,2.809215623,328.3558625,CI,BEL,-999.0,911,-0.134943711,0.085610816,0.178235409,-0.220554527,CI.BEL,911,-0.134943711,14.83349991,1330.719971,1.703959942,-0.13494371141557515,911,731.0368570712816,1028.2824914960881,869.275710383051,1006.085464896996
100091,RSN8986,49,8986, BEL,5.2,33.5328,-116.5697,15.48,74.13,796,34.0006,-115.9982,20.59,20.74,0.03164686,0.034853301,0.000366791,9.17e-05,0.908001804,0.154867122,78.78065844,5.179664862,6.333749326,0.366519143,2325.528975,345.1129771,95.0222361,348.8293463,CI,BEL,-999.0,955,-0.182112155,0.085610816,0.178235409,-0.26772297,CI.BEL,955,-0.182112155,14.83349991,1330.719971,1.703959942,-0.18211215463634733,955,761.2472010837255,1028.4604734638438,837.075025957196,1028.2640152867996
100091,RSN14983,49,14983, BEL,3.74,34.1651,-117.4332,7.875,133.7,796,34.0006,-115.9982,21.5,21.73,0.000262273,0.000293764,2e-05,7.05e-06,0.892799055,0.163123129,87.01853878,5.179664862,6.12204057,0.366519143,2185.896164,37.20184397,14.6882,327.8844246,CI,BEL,-999.0,910,-0.133845414,0.085610816,0.178235409,-0.219456229,CI.BEL,910,-0.133845414,14.83349991,1330.719971,1.703959942,-0.1338454136665126,910,728.4388324329689,1053.6656264979702,977.6232142842205,1038.784747244831
100091,RSN16812,49,16812, BEL,3.49,34.309,-116.9297,9.684,92.46,796,34.0006,-115.9982,13.12,13.21,0.00018882,0.000733542,1.47e-05,4.08e-06,0.257408391,0.16076376,84.54885278,5.179664862,6.192176404,0.122173048,781.151101,46.27941176,49.90081633,117.1726652,CI,BEL,-999.0,491,0.483155058,0.085610816,0.178235409,0.397544242,CI.BEL,491,0.483155058,14.83349991,1330.719971,1.703959942,0.4831550580498627,491,465.2629093624109,702.9219201141226,451.98139939992507,587.9851426984858
100091,RSN17313,49,17313, BEL,3.56,33.4509,-116.5827,10.563,81.56,796,34.0006,-115.9982,28.47,28.57,0.000315302,0.000395782,4.55e-05,3.8e-05,0.796657261,0.159677172,83.18335114,5.179664862,6.218365755,0.331612558,2064.760615,8.297421053,8.698505495,309.7140923,CI,BEL,-999.0,871,-0.090042791,0.085610816,0.178235409,-0.175653607,CI.BEL,871,-0.090042791,14.83349991,1330.719971,1.703959942,-0.09004279100811985,871,790.8650765202528,1036.8987249321883,896.1763233267615,991.54699794121
100091,RSN16934,49,16934, BEL,3.63,34.1242,-116.405,9.555,39.98,796,34.0006,-115.9982,11.86,11.92,0.00215355,0.009053399,0.000466745,9.37e-05,0.23787202,0.15765964,77.31244106,5.179664862,6.187901101,0.122173048,739.3930905,22.98345784,19.39688481,110.9089636,CI,BEL,-999.0,473,0.520503797,0.085610816,0.178235409,0.434892982,CI.BEL,473,0.520503797,14.83349991,1330.719971,1.703959942,0.5205037973524504,473,443.7755236108068,665.7075813577807,437.4198456677074,559.3135191676955
100091,RSN17480,49,17480, BEL,3.62,33.9521,-116.3635,9.067,34.18,796,34.0006,-115.9982,16.25,16.32,0.005188963,0.016751483,0.000211041,6.29e-06,0.309761417,0.157424619,76.26318558,5.179664862,6.170551665,0.157079633,951.4133125,824.954372,79.37549102,142.7119969,CI,BEL,-999.0,575,0.325229145,0.085610816,0.178235409,0.239618329,CI.BEL,575,0.325229145,14.83349991,1330.719971,1.703959942,0.3252291450470324,575,588.3085890418822,812.872979571206,535.067643431758,681.5496855672732
100091,RSN10910,49,10910, BEL,4.26,33.8776,-116.2019,10.062,23.25,796,34.0006,-115.9982,16.26,16.32,-0.008873149,-0.024717884,0.000913813,6.7e-05,0.358976908,0.149037077,67.61279194,5.179664862,6.204033973,0.174532925,1150.935996,132.4350597,27.04917089,172.6403994,CI,BEL,-999.0,645,0.210348869,0.085610816,0.178235409,0.124738053,CI.BEL,645,0.210348869,14.83349991,1330.719971,1.703959942,0.2103488690486106,645,668.235566383763,869.2846621957972,614.1382486781247,746.7037652123403
100091,RSN17647,49,17647, BEL,3.47,33.8029,-116.1786,7.366,27.55,796,34.0006,-115.9982,19.1,19.17,0.004367615,0.007289641,9.78e-05,5.24e-05,0.599153641,0.158962062,76.2420152,5.179664862,6.110319177,0.261799388,1674.563842,83.3514313,74.53620654,251.1845763,CI,BEL,-999.0,742,0.070249943,0.085610816,0.178235409,-0.015360873,CI.BEL,742,0.070249943,14.83349991,1330.719971,1.703959942,0.07024994267700269,742,736.75831425648,985.8040172075998,738.1036185834141,861.6821892652935
100091,RSN15251,49,15251, BEL,3.86,34.1976,-117.3882,14.177,130.12,796,34.0006,-115.9982,24.05,24.23,0.00042843,0.000888782,4.54e-06,1.23e-05,0.482041712,0.158063409,84.16762059,5.179664862,6.293825021,0.226892803,1409.575426,34.83170732,195.7669604,211.4363139,CI,BEL,-999.0,738,0.075655361,0.085610816,0.178235409,-0.009955454,CI.BEL,738,0.075655361,14.83349991,1330.719971,1.703959942,0.07565536124391059,738,774.5338820622368,991.986662335329,747.4387386044019,878.5059548374958
100091,RSN17362,49,17362, BEL,3.56,33.0804,-116.4826,10.835,111.54,796,34.0006,-115.9982,31.75,31.79,-0.000800639,-0.001206113,0.000390972,0.000176838,0.663817917,0.159989915,84.89082177,5.179664862,6.225560001,0.296705973,1806.803,4.52752802,3.084908894,271.02045,CI,BEL,-999.0,786,0.012642393,0.085610816,0.178235409,-0.072968422,CI.BEL,786,0.012642393,14.83349991,1330.719971,1.703959942,0.012642393415176478,786,813.6164077440158,999.169089661581,796.4822102071238,915.3210611481413
100091,RSN17070,49,17070, BEL,3.52,34.2098,-116.4371,4.645,46.68,796,34.0006,-115.9982,18.13,18.2,0.000339044,0.001103762,0.000187027,2.81e-05,0.307171067,0.16627241,85.36915187,5.179664862,5.994593769,0.157079633,893.893077,12.06562278,5.901618483,134.0839616,CI,BEL,-999.0,544,0.380649939,0.085610816,0.178235409,0.295039123,CI.BEL,544,0.380649939,14.83349991,1330.719971,1.703959942,0.3806499389884408,544,598.6487792206029,781.4868571667241,507.35903456663976,656.16474204373
100091,RSN15522,49,15522, BEL,3.68,34.7251,-116.0506,2.727,80.51,796,34.0006,-115.9982,22.15,22.23,-0.000137241,-0.000173142,4.62e-05,1.85e-05,0.792650961,0.168365961,88.74767021,5.179664862,5.93802414,0.331612558,1951.859857,7.418432432,3.747662338,292.7789786,CI,BEL,-999.0,834,-0.046634217,0.085610816,0.178235409,-0.132245032,CI.BEL,834,-0.046634217,14.83349991,1330.719971,1.703959942,-0.046634216514363835,834,810.3652501550248,1008.9500703351375,894.1626441855967,948.2899574016266
100091,RSN17833,49,17833, BEL,3.14,33.0622,-115.8937,7.729,104.53,796,34.0006,-115.9982,30.4,30.55,-0.000106884,-0.000133529,8.62e-06,5.03e-06,0.80045582,0.163081612,86.26217283,5.179664862,6.11885537,0.331612558,2027.840156,21.24930417,15.49060325,304.1760234,CI,BEL,-999.0,859,-0.076169736,0.085610816,0.178235409,-0.161780552,CI.BEL,859,-0.076169736,14.83349991,1330.719971,1.703959942,-0.07616973613987188,859,768.8369752684374,1037.4494491216742,918.3392769929965,990.2021032604849
100091,RSN14285,49,14285, BEL,4.19,33.4453,-116.439,8.875,73.91,796,34.0006,-115.9982,21.82,21.87,-0.000710782,-0.001216282,7.76e-05,3.48e-05,0.584389148,0.16129238,83.75808565,5.179664862,6.16316588,0.261799388,1619.539037,20.42477011,15.67373711,242.9308556,CI,BEL,-999.0,723,0.096189964,0.085610816,0.178235409,0.010579148,CI.BEL,723,0.096189964,14.83349991,1330.719971,1.703959942,0.09618996368561827,723,774.7829157440535,969.6231069754402,723.9701068603687,842.1139860397824
100091,RSN17896,49,17896, BEL,4.04,36.3911,-117.8665,9.439,315.1,796,34.0006,-115.9982,11.73,11.86,9.72e-05,0.000194976,8.39e-06,7.22e-06,0.498431691,0.161650189,88.45558475,5.179664862,6.183950287,0.226892803,1416.365808,13.46260388,23.23909416,212.4548712,CI,BEL,-999.0,741,0.071598561,0.085610816,0.178235409,-0.014012255,CI.BEL,741,0.071598561,14.83349991,1330.719971,1.703959942,0.0715985605482965,741,908.8776684157974,1008.3104636073264,829.455418797265,910.9863504221317
100091,RSN14217,49,14217, BEL,3.94,32.7219,-116.8133,20.237,160.83,796,34.0006,-115.9982,15.23,15.34,-0.000188375,-0.000229188,6.13e-06,3.49e-06,0.821923696,0.15414492,83.10146116,5.179664862,6.440435438,0.34906585,2190.337255,53.9756447,37.38792822,328.5505883,CI,BEL,-999.0,912,-0.136040804,0.085610816,0.178235409,-0.22165162,CI.BEL,912,-0.136040804,14.83349991,1330.719971,1.703959942,-0.1360408042299479,912,799.1568313798491,1029.4815999767654,942.721465651695,1016.8794656722854
100091,RSN18321,49,18321, BEL,3.05,33.5043,-116.561,11.461,75.82,796,34.0006,-115.9982,14.6,14.66,3.44e-05,6.45e-05,1.36e-05,1.6e-05,0.533002884,0.158659651,81.9537063,5.179664862,6.240750508,0.244346095,1527.715046,2.15,4.742647059,229.1572569,CI,BEL,-999.0,779,0.02158814,0.085610816,0.178235409,-0.064022676,CI.BEL,779,0.02158814,14.83349991,1330.719971,1.703959942,0.021588139973634846,779,791.400190856165,1049.5922902842253,735.148537169418,920.0908971663982
100091,RSN9862,49,9862, BEL,4.59,34.9977,-119.1926,10.662,313.53,796,34.0006,-115.9982,9.3,9.57,8.4e-05,0.000137217,8.81e-06,3.38e-06,0.612149718,0.160668083,88.22623412,5.179664862,6.221029194,0.27925268,1689.671782,24.85207101,15.57514188,253.4507673,CI,BEL,-999.0,747,0.063534001,0.085610816,0.178235409,-0.022076815,CI.BEL,747,0.063534001,14.83349991,1330.719971,1.703959942,0.06353400071156567,747,914.3530121426662,1011.6886169325657,842.1950387376999,913.3803226933154
100091,RSN15097,49,15097, BEL,3.78,34.1353,-117.4476,5.857,134.63,796,34.0006,-115.9982,20.59,20.71,0.00014137,0.000311114,7.71e-06,3.93e-06,0.454399594,0.164862584,87.90855646,5.179664862,6.061617088,0.20943951,1282.862053,35.97201018,40.35201038,192.429308,CI,BEL,-999.0,694,0.137127225,0.085610816,0.178235409,0.05151641,CI.BEL,694,0.137127225,14.83349991,1330.719971,1.703959942,0.13712722533757837,694,801.4959969419735,937.3799270716613,725.1941288448976,827.6490670915254
100091,RSN15728,49,15728, BEL,3.81,32.9942,-116.2977,5.726,115.04,796,34.0006,-115.9982,12.88,13.01,-0.000798524,-0.000837847,0.00027603,0.000289031,0.953066783,0.164982015,87.60511381,5.179664862,6.055972626,0.383972435,2253.797652,2.762762472,3.035347607,338.0696478,CI,BEL,-999.0,932,-0.157733629,0.085610816,0.178235409,-0.243344444,CI.BEL,932,-0.157733629,14.83349991,1330.719971,1.703959942,-0.1577336288412079,932,756.5957299321171,1047.4080900435697,925.145787342874,1037.281153112403
100091,RSN14428,49,14428, BEL,4.05,32.7091,-116.0396,7.817,143.29,796,34.0006,-115.9982,36.48,36.58,-0.000401207,-0.000577669,2.62e-05,9.55e-06,0.694527426,0.163189631,87.25150926,5.179664862,6.120791156,0.296705973,1828.815197,42.01120419,22.04843511,274.3222796,CI,BEL,-999.0,794,0.002515725,0.085610816,0.178235409,-0.083095091,CI.BEL,794,0.002515725,14.83349991,1330.719971,1.703959942,0.0025157245972469156,794,855.4761851084033,1012.8268191279645,869.0263906207375,936.1615827487389
100091,RSN17238,49,17238, BEL,3.53,34.2894,-116.8271,6.278,82.89,796,34.0006,-115.9982,29.39,29.47,0.00043056,0.001486827,7.72e-05,2.42e-05,0.289583218,0.164181828,86.27184919,5.179664862,6.07791863,0.13962634,855.4317189,17.79173554,19.2594171,128.3147578,CI,BEL,-999.0,524,0.418107502,0.085610816,0.178235409,0.332496686,CI.BEL,524,0.418107502,14.83349991,1330.719971,1.703959942,0.4181075015233411,524,530.8774113490954,752.6293703688823,484.63706825156123,635.3056968514642
100091,RSN15346,49,15346, BEL,3.87,33.928,-116.7858,18.501,73.24,796,34.0006,-115.9982,21.44,21.52,0.002318641,0.005232752,0.000181805,4.42e-05,0.443101609,0.151718388,76.33809491,5.179664862,6.40467109,0.20943951,1364.868016,52.45794118,28.78222271,204.7302024,CI,BEL,-999.0,723,0.096189964,0.085610816,0.178235409,0.010579148,CI.BEL,723,0.096189964,14.83349991,1330.719971,1.703959942,0.09618996368561827,723,883.0252396240401,985.0370901764368,713.448111245815,859.0357745380013
100091,RSN13371,49,13371, BEL,3.9,34.4032,-118.651,13.612,248.54,796,34.0006,-115.9982,9.52,9.64,-1.88e-05,-3.17e-05,1.02e-05,8.55e-06,0.593227502,0.15898238,87.07697428,5.179664862,6.281821568,0.261799388,1661.858193,2.198830409,3.107843137,249.278729,CI,BEL,-999.0,737,0.077011294,0.085610816,0.178235409,-0.008599522,CI.BEL,737,0.077011294,14.83349991,1330.719971,1.703959942,0.07701129365504666,737,898.5843380491974,1009.9941258625098,849.0628293842501,906.1115706798396
100091,RSN10030,49,10030, BEL,4.18,34.3617,-118.6637,11.151,248.97,796,34.0006,-115.9982,16.7,16.95,-0.000225176,-0.000367357,7.22e-05,5.36e-05,0.612962075,0.160289423,87.64663017,5.179664862,6.233452986,0.27925268,1695.332731,4.201044776,5.088047091,254.2999097,CI,BEL,-999.0,749,0.060860202,0.085610816,0.178235409,-0.024750613,CI.BEL,749,0.060860202,14.83349991,1330.719971,1.703959942,0.060860202327163826,749,921.6331237812225,1024.3512872560757,870.3546330838726,919.1889860963868
100091,RSN17742,49,17742, BEL,3.63,32.7081,-116.029,7.885,143.38,796,34.0006,-115.9982,37.0,37.09,-0.00012732,-0.000209137,6.63e-06,1.1e-05,0.608787592,0.16314688,87.22413556,5.179664862,6.12225391,0.27925268,1657.195226,11.57454545,31.54404223,248.5792839,CI,BEL,-999.0,736,0.078369067,0.085610816,0.178235409,-0.007241748,CI.BEL,736,0.078369067,14.83349991,1330.719971,1.703959942,0.0783690671155064,736,886.9497443249994,995.8176490296522,816.4715816130483,889.4380671828128
100091,RSN12830,49,12830, BEL,4.02,33.7129,-116.0516,12.808,32.29,796,34.0006,-115.9982,19.68,19.72,-0.007033751,-0.015715847,0.003087571,0.001031057,0.447557852,0.149087258,69.14800146,5.179664862,6.268161535,0.20943951,1400.690964,6.821883756,5.090035824,210.1036446,CI,BEL,-999.0,735,0.079728687,0.085610816,0.178235409,-0.005882129,CI.BEL,735,0.079728687,14.83349991,1330.719971,1.703959942,0.07972868663154653,735,729.863365329412,979.5929224907783,709.573076226186,864.6687312080678
100091,RSN13209,49,13209, BEL,4.19,34.3571,-116.8418,9.486,87.25,796,34.0006,-115.9982,18.55,18.65,0.000697535,0.001613375,0.000128032,4.94e-05,0.432345251,0.160885415,84.36461493,5.179664862,6.185563454,0.20943951,1260.647663,14.1201417,12.60134185,189.0971495,CI,BEL,-999.0,685,0.150180348,0.085610816,0.178235409,0.064569532,CI.BEL,685,0.150180348,14.83349991,1330.719971,1.703959942,0.15018034758215748,685,733.0858251197171,921.5462832964353,664.4347700381838,797.0605541260545
100091,RSN14529,49,14529, BEL,3.78,34.0294,-116.7534,14.93,69.83,796,34.0006,-115.9982,19.96,20.02,0.000180707,0.000908461,3.93e-05,1.03e-05,0.198915173,0.155064086,78.42296004,5.179664862,6.317747533,0.104719755,632.5212695,17.54436893,23.11605598,94.87819043,CI,BEL,-999.0,427,0.622815173,0.085610816,0.178235409,0.537204357,CI.BEL,427,0.622815173,14.83349991,1330.719971,1.703959942,0.6228151726157583,427,400.8231515947413,599.4355642863893,389.80735029654284,508.2099424218345
100091,RSN13179,49,13179, BEL,4.11,33.7104,-116.0457,12.559,32.49,796,34.0006,-115.9982,16.1,16.17,-0.02185078,-0.042952438,0.001281012,0.000380705,0.508720365,0.149592809,69.55097494,5.179664862,6.263559029,0.226892803,1555.983371,57.39556875,33.53008247,233.3975057,CI,BEL,-999.0,759,0.047597408,0.085610816,0.178235409,-0.038013407,CI.BEL,759,0.047597408,14.83349991,1330.719971,1.703959942,0.04759740844875271,759,754.8815004363289,1002.9954890273702,732.7131124177666,885.2337709025727
100091,RSN12732,49,12732, BEL,4.26,33.9538,-116.3912,7.696,36.69,796,34.0006,-115.9982,23.22,23.27,0.007094904,0.014368909,0.005116951,0.001327009,0.493767803,0.160537465,79.16937116,5.179664862,6.118116656,0.226892803,1415.343695,5.346537966,2.808099784,212.3015543,CI,BEL,-999.0,740,0.072949,0.085610816,0.178235409,-0.012661816,CI.BEL,740,0.072949,14.83349991,1330.719971,1.703959942,0.07294899964616786,740,769.0292736087168,987.3186206310355,711.7674467005286,857.1880427920244
100106,RSN18206,57,18206, EDW2,4.36,36.3932,-117.8644,8.798,168.18,1242,34.8811,-117.9939,11.53,11.7,-0.000539415,-0.000603606,5.84e-05,4.47e-05,0.893654976,0.162156027,87.31045619,5.179664862,6.160106881,0.366519143,2200.185616,12.06744966,10.33571918,330.0278424,CI,EDW2,-999.0,915,0.305554197,0.233151859,0.325776452,0.072402338,CI.EDW2,915,0.305554197,3.305500031,773.6849976,3.443459988,0.3055541972179032,915,788.9282593653952,731.477100881206,960.6947347013597,717.0110651993725
100106,RSN9013,57,9013, EDW2,5.2,33.5328,-116.5697,15.48,198.99,1242,34.8811,-117.9939,21.77,21.89,-0.002213986,-0.00236591,0.000636633,0.000664221,0.935786349,0.157459592,85.79617447,5.179664862,6.333749326,0.383972435,2336.956564,3.333206869,3.716285521,350.5434846,CI,EDW2,-999.0,958,0.259630485,0.233151859,0.325776452,0.026478625,CI.EDW2,958,0.259630485,3.305500031,773.6849976,3.443459988,0.2596304845225639,958,833.4491379680018,780.9576643961079,929.4646377388668,747.2196726536474
100106,RSN12608,57,12608, EDW2,4.11,33.5089,-116.8485,12.274,185.24,1242,34.8811,-117.9939,13.23,13.27,-1.6e-05,-2.17e-05,3.81e-06,4.39e-06,0.737148552,0.159495063,86.49377129,5.179664862,6.258050482,0.314159265,1956.562871,3.644646925,5.695538058,293.4844307,CI,EDW2,-999.0,836,0.395849649,0.233151859,0.325776452,0.16269779,CI.EDW2,836,0.395849649,3.305500031,773.6849976,3.443459988,0.39584964940872247,836,867.2801949709002,701.1691576443392,924.4226908538877,693.811781233412
100106,RSN11186,57,11186, EDW2,4.42,34.0665,-118.8938,12.827,122.48,1242,34.8811,-117.9939,22.3,22.46,-0.000789122,-0.000996836,0.000144942,4.97e-05,0.791627046,0.158771035,84.41742598,5.179664862,6.268505043,0.331612558,2068.090654,15.87770624,6.877482027,310.2135981,CI,EDW2,-999.0,872,0.353688839,0.233151859,0.325776452,0.120536979,CI.EDW2,872,0.353688839,3.305500031,773.6849976,3.443459988,0.35368883858444455,872,762.7772764174908,691.2188040159922,848.0184529177544,675.610173527389
100106,RSN14588,57,14588, EDW2,4.11,35.6211,-117.5805,9.045,90.31,1242,34.8811,-117.9939,30.64,30.82,-0.001233601,-0.000940845,7.84e-06,5.02e-06,1.311162824,0.161423697,84.83488522,5.179664862,6.169722379,0.453785606,2744.635071,245.737251,120.0057398,411.6952607,CI,EDW2,-999.0,1085,0.135142997,0.233151859,0.325776452,-0.098008863,CI.EDW2,1085,0.135142997,3.305500031,773.6849976,3.443459988,0.13514299651886397,1085,726.6902258774821,774.0482858623334,795.6783392303404,754.8431330903845
100106,RSN12884,57,12884, EDW2,4.11,36.0312,-117.7658,4.03,129.27,1242,34.8811,-117.9939,20.55,20.68,-0.000102949,-7.98e-05,1.03e-05,1.15e-05,1.289308356,0.168269383,88.63328123,5.179664862,5.941161117,0.453785606,2613.61162,8.952086957,7.747572816,392.041743,CI,EDW2,-999.0,1045,0.172706098,0.233151859,0.325776452,-0.060445761,CI.EDW2,1045,0.172706098,3.305500031,773.6849976,3.443459988,0.17270609809451276,1045,883.8386133612296,820.3096249834521,888.2805709879245,769.6336000986896
100106,RSN12686,57,12686, EDW2,4.34,35.8373,-117.678,6.864,109.9,1242,34.8811,-117.9939,23.59,23.65,-9.53e-05,-7.11e-05,3.43e-05,4.26e-05,1.339999171,0.163778646,86.8921031,5.179664862,6.096821743,0.471238898,2740.900115,2.237089202,2.072886297,411.1350173,CI,EDW2,-999.0,1083,0.136988015,0.233151859,0.325776452,-0.096163844,CI.EDW2,1083,0.136988015,3.305500031,773.6849976,3.443459988,0.13698801549243367,1083,800.8833524514556,823.5664561504967,884.5916946766083,785.8723997624443
100106,RSN18082,57,18082, EDW2,5.19,36.4034,-117.8499,9.418,169.4,1242,34.8811,-117.9939,13.57,13.66,-0.001098699,-0.000999556,0.000237039,0.000263201,1.099187515,0.161525282,87.13147128,5.179664862,6.183223963,0.41887902,2504.991186,4.174372438,4.216841954,375.7486779,CI,EDW2,-999.0,1011,0.205783043,0.233151859,0.325776452,-0.027368816,CI.EDW2,1011,0.205783043,3.305500031,773.6849976,3.443459988,0.20578304347295262,1011,683.9970829503897,753.0968217386804,807.2942903182538,727.4565710888331
100106,RSN11376,57,11376, EDW2,4.73,33.7328,-117.4921,10.018,135.49,1242,34.8811,-117.9939,29.4,29.48,-0.000981991,-0.001185412,0.000180478,8.94e-05,0.828396356,0.160856192,86.14988506,5.179664862,6.202702587,0.34906585,2109.303419,10.98423937,6.568180055,316.3955129,CI,EDW2,-999.0,886,0.337761312,0.233151859,0.325776452,0.104609453,CI.EDW2,886,0.337761312,3.305500031,773.6849976,3.443459988,0.33776131188834313,886,759.1139847318407,714.8371299468898,898.6892326627409,694.6791241653638
100106,RSN9187,57,9187, EDW2,5.03,35.3852,-118.6292,7.3,80.5,1242,34.8811,-117.9939,11.89,12.16,-0.010298235,-0.008284991,0.000315958,0.000235557,1.242998933,0.163183844,85.44049205,5.179664862,6.108664217,0.453785606,2651.193005,43.71865408,26.22181113,397.6789508,CI,EDW2,-999.0,1056,0.162234798,0.233151859,0.325776452,-0.070917061,CI.EDW2,1056,0.162234798,3.305500031,773.6849976,3.443459988,0.16223479822721742,1056,777.2194062597484,787.4244889400521,852.2220453861569,748.706193498671
100106,RSN13233,57,13233, EDW2,4.19,34.3571,-116.8418,9.486,120.59,1242,34.8811,-117.9939,20.73,20.8,0.001964312,0.001734238,7.09e-05,3.99e-05,1.132665336,0.161257263,85.92108974,5.179664862,6.185563454,0.41887902,2547.157303,49.23087719,24.4603385,382.0735955,CI,EDW2,-999.0,1024,0.193006457,0.233151859,0.325776452,-0.040145402,CI.EDW2,1024,0.193006457,3.305500031,773.6849976,3.443459988,0.1930064568939711,1024,653.1499629780354,745.0831337885375,758.1939322112088,720.5033147056183
100106,RSN10710,57,10710, EDW2,4.66,34.2983,-118.6255,8.038,86.82,1242,34.8811,-117.9939,9.36,9.69,-0.002688006,-0.002779998,0.00019187,8.74e-05,0.966909557,0.162668024,85.26670665,5.179664862,6.126524324,0.383972435,2304.524223,30.75521739,14.48896649,345.6786335,CI,EDW2,-999.0,948,0.27012376,0.233151859,0.325776452,0.036971901,CI.EDW2,948,0.27012376,3.305500031,773.6849976,3.443459988,0.2701237602384028,948,723.0474555181146,737.9127583179301,872.6966615932412,711.6205538987591
100106,RSN13840,57,13840, EDW2,4.17,34.3277,-116.829,4.957,123.23,1242,34.8811,-117.9939,26.83,26.91,0.002772653,0.002358114,9.42e-05,4.81e-05,1.17579225,0.16614534,88.12695348,5.179664862,6.015610792,0.436332313,2527.389487,57.64351351,25.03305732,379.1084231,CI,EDW2,-999.0,1018,0.198883065,0.233151859,0.325776452,-0.034268794,CI.EDW2,1018,0.198883065,3.305500031,773.6849976,3.443459988,0.1988830653829563,1018,912.9273977259351,808.6581388227199,883.2084706666446,759.2966322485172
100106,RSN13323,57,13323, EDW2,4.2,34.3768,-117.6461,8.934,64.39,1242,34.8811,-117.9939,16.07,16.16,-0.008409708,-0.008407232,0.000413067,0.00040435,1.00029454,0.160922498,82.82215731,5.179664862,6.165471616,0.401425728,2383.20137,20.79809076,20.3531921,357.4802055,CI,EDW2,-999.0,973,0.24409418,0.233151859,0.325776452,0.010942321,CI.EDW2,973,0.24409418,3.305500031,773.6849976,3.443459988,0.24409418030741925,973,709.743067762191,746.7974994954943,848.3208296780721,719.1823100279836
100106,RSN9699,57,9699, EDW2,4.69,35.0172,-119.0247,9.251,95.36,1242,34.8811,-117.9939,8.52,8.65,-0.001778682,-0.002001814,0.000192225,0.000214,0.888535241,0.161262379,84.98362842,5.179664862,6.177322679,0.366519143,2204.824474,8.311598131,10.41391078,330.7236711,CI,EDW2,-999.0,916,0.304461898,0.233151859,0.325776452,0.071310039,CI.EDW2,916,0.304461898,3.305500031,773.6849976,3.443459988,0.30446189781929434,916,791.4307538164313,738.2965345039911,884.0815441290647,715.6331847205358
100106,RSN12750,57,12750, EDW2,4.26,33.9538,-116.3912,7.696,179.69,1242,34.8811,-117.9939,24.1,24.19,7.16e-05,0.000102355,4.7e-05,2.33e-05,0.699956002,0.163333465,87.84566448,5.179664862,6.118116656,0.296705973,1837.135943,3.072961373,2.177765957,275.5703915,CI,EDW2,-999.0,796,0.444879077,0.233151859,0.325776452,0.211727218,CI.EDW2,796,0.444879077,3.305500031,773.6849976,3.443459988,0.44487907664904114,796,836.0683494981544,671.9300387360005,881.5452978593748,658.7948441922084
100106,RSN9892,57,9892, EDW2,4.59,34.9977,-119.1926,10.662,110.27,1242,34.8811,-117.9939,3.8,3.97,0.000728129,0.000595659,0.000200769,0.000160866,1.222391472,0.160117281,84.93441577,5.179664862,6.221029194,0.436332313,2671.036263,4.52630761,2.966887318,400.6554395,CI,EDW2,-999.0,1062,0.156569061,0.233151859,0.325776452,-0.076582798,CI.EDW2,1062,0.156569061,3.305500031,773.6849976,3.443459988,0.15656906069153997,1062,646.3093394346076,740.6079699414162,746.0519872374471,726.6786651303096
100106,RSN8791,57,8791, EDW2,5.39,33.9465,-117.7667,14.89,105.76,1242,34.8811,-117.9939,22.52,22.93,-0.056796136,-0.048419396,0.004982872,0.004192867,1.173003806,0.156921212,82.39272672,5.179664862,6.31653763,0.436332313,2672.912503,13.54589497,9.717166325,400.9368755,CI,EDW2,-999.0,1063,0.155627884,0.233151859,0.325776452,-0.077523975,CI.EDW2,1063,0.155627884,3.305500031,773.6849976,3.443459988,0.15562788415147644,1063,668.9316075383422,724.5820136959909,740.9620060469422,714.751117414866
100106,RSN11915,57,11915, EDW2,4.27,34.3874,-119.4398,6.219,143.44,1242,34.8811,-117.9939,14.5,14.65,0.000380242,0.000544436,8.26e-05,3.4e-05,0.698414942,0.164476664,87.89512579,5.179664862,6.075787581,0.296705973,1821.573602,11.18358824,6.591234867,273.2360403,CI,EDW2,-999.0,791,0.451180295,0.233151859,0.325776452,0.218028436,CI.EDW2,791,0.451180295,3.305500031,773.6849976,3.443459988,0.4511802947257699,791,794.7672114155052,671.2189292959333,834.0963875496731,649.2751664632698
100106,RSN18253,57,18253, EDW2,4.2,36.3905,-117.8695,8.829,167.85,1242,34.8811,-117.9939,11.79,11.89,-0.001336798,-0.000913206,0.000170236,0.000126275,1.46385097,0.162122012,87.29978003,5.179664862,6.161345296,0.488692191,2881.476167,10.58640269,5.364353016,432.2214251,CI,EDW2,-999.0,1126,0.098051454,0.233151859,0.325776452,-0.135100405,CI.EDW2,1126,0.098051454,3.305500031,773.6849976,3.443459988,0.09805145379378821,1126,783.8928327253707,811.0359473483497,881.8643314280926,800.3226138778067
100106,RSN13126,57,13126, EDW2,4.06,33.2394,-116.2082,10.532,245.64,1242,34.8811,-117.9939,10.97,11.12,-0.000138271,-0.00014132,4.08e-05,3.32e-05,0.978422638,0.160713223,87.76284509,5.179664862,6.217520851,0.383972435,2348.038086,4.164789157,3.46372549,352.2057129,CI,EDW2,-999.0,962,0.255463812,0.233151859,0.325776452,0.022311953,CI.EDW2,962,0.255463812,3.305500031,773.6849976,3.443459988,0.2554638118277177,962,832.6558313088295,792.1273244374007,973.8423687588714,762.866463076235
100106,RSN9347,57,9347, EDW2,4.88,34.0655,-117.0011,17.501,128.47,1242,34.8811,-117.9939,13.41,13.51,-0.004979342,-0.004531964,0.000121769,5.58e-05,1.098716186,0.155338196,82.59708076,5.179664862,6.383907006,0.41887902,2604.198378,89.23551971,37.21771551,390.6297567,CI,EDW2,-999.0,1042,0.17558104,0.233151859,0.325776452,-0.057570819,CI.EDW2,1042,0.17558104,3.305500031,773.6849976,3.443459988,0.1755810401801119,1042,629.0472996544531,748.4547357075027,739.9676045847616,724.5761941779036
100106,RSN18012,57,18012, EDW2,5.0,36.3864,-117.8583,7.408,167.46,1242,34.8811,-117.9939,15.19,15.3,-0.001593058,-0.001348272,0.000254834,0.000168545,1.181555602,0.163508052,87.78934248,5.179664862,6.11135504,0.436332313,2574.16016,9.451825922,5.290785374,386.124024,CI,EDW2,-999.0,1032,0.185224316,0.233151859,0.325776452,-0.047927543,CI.EDW2,1032,0.185224316,3.305500031,773.6849976,3.443459988,0.18522431645191606,1032,736.7860319207253,789.2109332362194,868.9720134460231,759.4584500781093
100106,RSN12399,57,12399, EDW2,4.27,36.1466,-118.0613,4.057,140.54,1242,34.8811,-117.9939,19.3,19.49,-0.000302488,-0.000204121,2.93e-05,3.31e-05,1.481903242,0.168198059,88.74010815,5.179664862,5.943934512,0.488692191,2790.702256,9.138610272,6.966587031,418.6053384,CI,EDW2,-999.0,1099,0.122322308,0.233151859,0.325776452,-0.110829551,CI.EDW2,1099,0.122322308,3.305500031,773.6849976,3.443459988,0.12232230808980304,1099,940.6824390880905,877.8432936548462,956.4343868464391,822.207832547369
100106,RSN10428,57,10428, EDW2,4.45,34.1081,-117.3062,14.795,106.5,1242,34.8811,-117.9939,17.15,17.25,0.008227332,0.00810818,0.001759375,0.001297624,1.014695292,0.157037779,82.51529386,5.179664862,6.313637877,0.401425728,2461.172735,6.34030505,4.608557016,369.1759103,CI,EDW2,-999.0,997,0.219727493,0.233151859,0.325776452,-0.013424367,CI.EDW2,997,0.219727493,3.305500031,773.6849976,3.443459988,0.21972749253158597,997,627.8064865922252,733.5988662185017,791.845708903493,715.9524491463368
100106,RSN17912,57,17912, EDW2,4.04,36.3911,-117.8665,9.439,167.93,1242,34.8811,-117.9939,12.85,12.94,-0.000822472,-0.000605562,6.78e-05,6.97e-05,1.358196899,0.161500374,87.08973984,5.179664862,6.183950287,0.471238898,2795.47643,11.80017217,8.93159292,419.3214645,CI,EDW2,-999.0,1100,0.121412804,0.233151859,0.325776452,-0.111739055,CI.EDW2,1100,0.121412804,3.305500031,773.6849976,3.443459988,0.12141280370696261,1100,662.1437403464639,766.0616093918509,778.5416742026683,761.1348118609823
100118,RSN16616,64,16616, LUG,3.69,33.735,-117.4936,9.693,70.92,365,34.3656,-117.3668,16.91,17.07,-0.002194666,-0.007397474,4.67e-05,5.92e-05,0.296677722,0.160219919,82.8193937,5.179664862,6.192470162,0.13962634,896.375952,37.07206081,158.4041542,134.4563928,CI,LUG,0.32,545,-0.400888441,-0.170436382,-0.077811789,-0.230452059,CI.LUG,545,-0.400888441,3.733690023,1137.849976,3.054860115,-0.4008884410807525,545,556.9803784779835,493.9766886908312,504.2724452533347,487.7075413515246
100118,RSN16955,64,16955, LUG,3.63,34.1242,-116.405,9.555,92.56,365,34.3656,-117.3668,12.09,12.24,0.000476428,0.003206456,3.72e-05,4.2e-05,0.148584098,0.160896244,84.62935203,5.179664862,6.187901101,0.06981317,457.842839,11.34352381,86.19505376,68.67642585,CI,LUG,0.32,355,0.027779564,-0.170436382,-0.077811789,0.198215946,CI.LUG,355,0.027779564,3.733690023,1137.849976,3.054860115,0.027779564107075494,355,368.33500581837734,346.8427619936549,350.02004870176285,350.2232233293102
100118,RSN10092,64,10092, LUG,4.18,34.3617,-118.6637,11.151,119.3,365,34.3656,-117.3668,10.9,11.04,0.002539354,0.007876768,0.001910305,0.000526346,0.32238528,0.159834401,85.08321114,5.179664862,6.233452986,0.157079633,971.7992807,4.824495674,4.12330387,145.7698921,CI,LUG,0.32,586,-0.473422436,-0.170436382,-0.077811789,-0.302986054,CI.LUG,586,-0.473422436,3.733690023,1137.849976,3.054860115,-0.4734224359945207,586,619.2711788154156,527.8118760719487,549.0933170046935,521.9712860131882
100118,RSN12618,64,12618, LUG,4.11,33.5089,-116.8485,12.274,106.42,365,34.3656,-117.3668,14.4,14.55,-0.000345138,-0.001265736,0.000225477,7.49e-05,0.272678015,0.158880958,83.8715492,5.179664862,6.258050482,0.13962634,835.9791904,4.607983979,5.613592517,125.3968786,CI,LUG,0.32,513,-0.340378492,-0.170436382,-0.077811789,-0.169942109,CI.LUG,513,-0.340378492,3.733690023,1137.849976,3.054860115,-0.34037849158827793,513,472.2008805229094,455.11364524674593,465.8732545023451,452.14763365343583
100118,RSN19382,64,19382, LUG,3.43,34.1381,-117.4717,5.767,27.02,365,34.3656,-117.3668,22.06,22.17,-0.00476975,-0.017380498,0.000214609,2.78e-05,0.274431129,0.162155631,79.20443397,5.179664862,6.057771424,0.13962634,824.0009702,171.573741,80.98680857,123.6001455,CI,LUG,0.32,508,-0.330584094,-0.170436382,-0.077811789,-0.160147712,CI.LUG,508,-0.330584094,3.733690023,1137.849976,3.054860115,-0.33058409399599054,508,461.31506943912046,464.1156394304188,470.2978744315023,465.8730292281374
100118,RSN17466,64,17466, LUG,3.59,34.0938,-117.4347,3.015,30.79,365,34.3656,-117.3668,31.35,31.42,-0.001068728,-0.006081341,0.000183272,4.74e-05,0.175738938,0.168001132,86.02531936,5.179664862,5.93802414,0.087266463,517.1021093,22.54700422,33.18205181,77.5653164,CI,LUG,0.32,381,-0.042902022,-0.170436382,-0.077811789,0.127534361,CI.LUG,381,-0.042902022,3.733690023,1137.849976,3.054860115,-0.042902021544209745,381,372.6371433882098,354.02519316962156,361.9432496249529,357.8603287886918
100118,RSN15001,64,15001, LUG,3.74,34.1651,-117.4332,7.875,23.07,365,34.3656,-117.3668,21.67,21.74,-0.002515957,-0.017263309,0.000204029,0.00053141,0.145740139,0.155908797,72.64597536,5.179664862,6.12204057,0.06981317,463.634191,4.734493141,84.61203554,69.54512865,CI,LUG,0.32,358,0.019364367,-0.170436382,-0.077811789,0.18980075,CI.LUG,358,0.019364367,3.733690023,1137.849976,3.054860115,0.01936436718179113,358,363.11399770691594,360.0047368227292,355.0058006908683,361.6408311044762
100118,RSN14509,64,14509, LUG,4.01,33.2617,-116.0659,5.761,171.75,365,34.3656,-117.3668,42.6,42.8,-0.000251522,-0.000870649,0.00011483,0.000117453,0.288890023,0.16501963,88.39580046,5.179664862,6.057510055,0.13962634,849.2055436,2.141469354,7.582069146,127.3808315,CI,LUG,0.32,520,-0.353931458,-0.170436382,-0.077811789,-0.183495076,CI.LUG,520,-0.353931458,3.733690023,1137.849976,3.054860115,-0.35393145799298154,520,644.050623296017,473.42999194302007,546.80223630501,467.02537406051124
100118,RSN13731,64,13731, LUG,3.97,33.9535,-117.7457,11.873,57.54,365,34.3656,-117.3668,13.55,13.61,-0.000903953,-0.003351229,0.000225456,0.000240037,0.269737732,0.157071106,79.01212428,5.179664862,6.249828919,0.13962634,837.1059142,3.765890259,14.86422628,125.5658871,CI,LUG,0.32,514,-0.342325912,-0.170436382,-0.077811789,-0.17188953,CI.LUG,514,-0.342325912,3.733690023,1137.849976,3.054860115,-0.342325911872674,514,470.89900640670845,462.8415427553133,465.7351225898955,458.45652874215483
100118,RSN17091,64,17091, LUG,3.52,34.2098,-116.4371,4.645,87.33,365,34.3656,-117.3668,25.7,25.79,0.000304348,0.0023459,0.000128071,7.82e-05,0.129736252,0.166663807,87.54452654,5.179664862,5.994593769,0.06981317,386.9209219,3.891918159,18.31718344,58.03813829,CI,LUG,0.32,319,0.134706251,-0.170436382,-0.077811789,0.305142633,CI.LUG,319,0.134706251,3.733690023,1137.849976,3.054860115,0.1347062507976471,319,348.4030049476338,320.6776034688228,314.41155264637746,318.15507466873703
100118,RSN9374,64,9374, LUG,4.88,34.0655,-117.0011,17.501,47.37,365,34.3656,-117.3668,17.0,17.1,-0.018375533,-0.145316042,0.00328511,0.000559436,0.126452197,0.147444435,70.26620694,5.179664862,6.383907006,0.06981317,426.4610037,32.84653294,44.23475683,63.96915056,CI,LUG,0.32,340,0.070951736,-0.170436382,-0.077811789,0.241388118,CI.LUG,340,0.070951736,3.733690023,1137.849976,3.054860115,0.07095173597228399,340,335.858123276509,336.4959975350181,334.57947684627624,337.95989033447506
100118,RSN16676,64,16676, LUG,3.79,34.0456,-117.2248,15.927,37.83,365,34.3656,-117.3668,33.19,33.34,0.002427908,0.016734132,5.9e-05,4.28e-05,0.145087163,0.146136743,68.0292536,5.179664862,6.345939946,0.06981317,492.4664201,56.72682243,283.6293559,73.86996302,CI,LUG,0.32,370,-0.013605652,-0.170436382,-0.077811789,0.15683073,CI.LUG,370,-0.013605652,3.733690023,1137.849976,3.054860115,-0.01360565205577835,370,368.8913279832705,373.40896960307333,367.46111618905235,373.876543798229
100135,RSN17773,68,17773, WES,3.63,32.7081,-116.029,7.885,28.44,242,32.759,-115.7316,19.91,19.98,0.001755256,0.017728874,0.000920941,0.000215022,0.099005475,0.158273702,75.69444815,5.179664862,6.12225391,0.052359878,311.6716289,8.163146097,19.25082497,46.75074434,CI,WES,0.173333333,276,-0.13146314,0.013577651,0.106202244,-0.14504079,CI.WES,276,-0.13146314,5.061649799,-12.64369965,0.089606099,-0.13146313956046285,276,285.03888979540864,264.8752310322802,262.9956802720859,261.0685484394692
100135,RSN15725,68,15725, WES,3.81,32.4923,-116.8468,13.18,108.76,242,32.759,-115.7316,21.86,21.97,0.000127344,0.001186944,3.66e-05,5.48e-05,0.107287595,0.158347599,83.505873,5.179664862,6.274698597,0.052359878,337.3018191,2.32379562,32.43016393,50.59527287,CI,WES,0.173333333,290,-0.180943197,0.013577651,0.106202244,-0.194520848,CI.WES,290,-0.180943197,5.061649799,-12.64369965,0.089606099,-0.18094319682383286,290,297.99226222043995,304.04225801036733,266.8283199978473,284.80904230004074
100135,RSN14276,68,14276, WES,3.94,32.7219,-116.8133,20.237,101.47,242,32.759,-115.7316,15.6,15.67,0.000153987,0.003132957,0.000386467,7.05e-05,0.049150565,0.152473401,79.11103033,5.179664862,6.440435438,0.017453293,161.007753,2.184212766,8.106661112,24.15116295,CI,WES,0.173333333,170,0.353139289,0.013577651,0.106202244,0.339561638,CI.WES,170,0.353139289,5.061649799,-12.64369965,0.089606099,0.35313928910642467,170,275.673405573867,194.4201233948863,245.58190275349955,186.86880098692035
100164,RSN16320,70,16320, CGO,3.74,34.8456,-119.2446,12.927,229.79,715,36.5504,-117.803,34.25,34.33,-2.47e-05,-5.01e-05,1.75e-05,9.65e-06,0.492115577,0.159264352,87.00550683,5.179664862,6.270295551,0.226892803,1422.773867,2.559585492,2.862857143,213.4160801,CI,CGO,-999.0,743,-0.038413502,-0.067945752,0.024678842,0.02953225,CI.CGO,743,-0.038413502,12.05959988,2669.620117,11.77110004,-0.03841350202375171,743,923.9814881109659,720.6646500252449,859.5181417606148,718.3485029540748
100164,RSN18303,70,18303, CGO,3.05,36.3904,-117.8704,9.371,18.75,715,36.5504,-117.803,10.08,10.21,-0.000838999,-0.001792329,1.31e-05,2.85e-05,0.468105446,0.145130021,63.78382254,5.179664862,6.181585801,0.226892803,1498.556263,29.4385614,136.8190076,224.7834395,CI,CGO,-999.0,769,-0.072808427,-0.067945752,0.024678842,-0.004862675,CI.CGO,769,-0.072808427,12.05959988,2669.620117,11.77110004,-0.0728084268116369,769,714.2593075537504,711.4387755647538,696.1926463347778,707.0308701217019
100164,RSN17889,70,17889, CGO,3.32,36.3834,-117.8599,7.189,19.22,715,36.5504,-117.803,10.64,10.77,-0.003247204,-0.00642501,0.000160422,5.62e-05,0.505400706,0.15487927,71.02532222,5.179664862,6.105803389,0.226892803,1494.96975,57.7794306,40.05067883,224.2454625,CI,CGO,-999.0,768,-0.07150719,-0.067945752,0.024678842,-0.003561439,CI.CGO,768,-0.07150719,12.05959988,2669.620117,11.77110004,-0.07150719045366483,768,759.599702017169,712.184190669866,730.9130139409168,713.5936233574382
100164,RSN17994,70,17994, CGO,3.07,36.4025,-117.8737,7.008,17.59,715,36.5504,-117.803,14.2,14.27,0.000242412,0.000475819,0.000131505,6.77e-05,0.509463621,0.153448253,69.41884295,5.179664862,6.100917913,0.226892803,1518.670888,3.580679468,3.618257861,227.8006332,CI,CGO,-999.0,776,-0.081869977,-0.067945752,0.024678842,-0.013924226,CI.CGO,776,-0.081869977,12.05959988,2669.620117,11.77110004,-0.08186997748921154,776,750.4756872907292,718.9205434275628,722.4181055627311,716.7530384719312
100164,RSN9450,70,9450, CGO,4.73,36.4011,-117.8397,7.419,16.89,715,36.5504,-117.803,15.28,15.49,-0.079179952,-0.108455727,0.001022842,0.000217128,0.730067048,0.150427657,66.83230366,5.179664862,6.111624155,0.314159265,2061.011761,364.6694669,106.0337051,309.1517642,CI,CGO,-999.0,870,-0.196210669,-0.067945752,0.024678842,-0.128264917,CI.CGO,870,-0.196210669,12.05959988,2669.620117,11.77110004,-0.19621066895462214,870,726.4011003783884,720.0814823586392,709.9400102894925,761.9275034809159
100164,RSN12390,70,12390, CGO,4.27,36.1466,-118.0613,4.057,50.45,715,36.5504,-117.803,23.4,23.54,-0.000467633,-0.001046849,8.61e-06,6.89e-06,0.446704818,0.167912272,86.4300718,5.179664862,5.943934512,0.20943951,1241.665481,67.8712627,121.5852497,186.2498222,CI,CGO,-999.0,678,0.053135255,-0.067945752,0.024678842,0.121081007,CI.CGO,678,0.053135255,12.05959988,2669.620117,11.77110004,0.05313525475361214,678,694.9690821747455,630.4265392563741,706.8878238332796,645.9524238318468
100165,RSN14202,71,14202, CLC,4.02,36.0735,-117.8947,7.001,39.21,1464,35.8157,-117.5975,8.3,8.43,0.001334305,0.001488721,1.72e-05,7.13e-06,0.896276147,0.161908503,81.02590228,5.179664862,6.100723215,0.366519143,2207.383533,187.1395512,86.55354651,331.10753,CI,CLC,-999.0,917,0.467820222,0.53413576,0.626760353,-0.066315537,CI.CLC,917,0.467820222,18.78919983,767.2020264,12.03999996,0.46782022226479203,917,732.8710578794589,729.543502784845,812.0339198757881,782.2844136183219
100165,RSN15351,71,15351, CLC,3.87,33.928,-116.7858,18.501,222.18,1464,35.8157,-117.5975,23.65,23.78,7.03e-05,9.08e-05,3.58e-06,1.15e-06,0.774637708,0.155648764,85.47219357,5.179664862,6.40467109,0.331612558,2080.067111,61.13043478,25.36312849,312.0100667,CI,CLC,-999.0,876,0.513561604,0.53413576,0.626760353,-0.020574156,CI.CLC,876,0.513561604,18.78919983,767.2020264,12.03999996,0.5135616035848649,876,977.1410076008118,751.9481500321302,865.6338554453689,772.0784113892648
100165,RSN13221,71,13221, CLC,4.19,34.3571,-116.8418,9.486,175.88,1464,35.8157,-117.5975,20.45,20.53,-0.000524552,-0.000485676,6.47e-05,8.5e-05,1.080044992,0.161474838,87.20789054,5.179664862,6.185563454,0.41887902,2483.423261,6.1712,7.506584235,372.5134892,CI,CLC,-999.0,1004,0.377180394,0.53413576,0.626760353,-0.156955365,CI.CLC,1004,0.377180394,18.78919983,767.2020264,12.03999996,0.3771803942695824,1004,612.4566073687167,738.3849464373069,876.4597454956055,825.5466171385762
100165,RSN10043,71,10043, CLC,4.18,34.3617,-118.6637,11.151,188.34,1464,35.8157,-117.5975,19.18,19.36,0.000156614,0.000214545,1.42e-05,1.61e-05,0.729984673,0.160188888,86.89283855,5.179664862,6.233452986,0.314159265,1935.274483,9.72757764,15.10880282,290.2911725,CI,CLC,-999.0,829,0.568707539,0.53413576,0.626760353,0.03457178,CI.CLC,829,0.568707539,18.78919983,767.2020264,12.03999996,0.5687075393859615,829,872.5694894045149,691.4944365191616,794.7013053876871,726.2487708616344
100165,RSN9682,71,9682, CLC,4.69,35.0172,-119.0247,9.251,157.0,1464,35.8157,-117.5975,9.16,9.39,-0.000103963,-0.000206259,1.78e-05,4.86e-05,0.504038515,0.161653554,86.95289228,5.179664862,6.177322679,0.226892803,1429.206178,2.139156379,11.58758427,214.3809267,CI,CLC,-999.0,745,0.675543476,0.53413576,0.626760353,0.141407717,CI.CLC,745,0.675543476,18.78919983,767.2020264,12.03999996,0.675543476141697,745,834.5686770810262,689.77852472157,823.0265315096209,706.0561683491762
100165,RSN14708,71,14708, CLC,3.84,34.2268,-117.4407,8.593,176.85,1464,35.8157,-117.5975,25.0,25.1,-0.000171314,-0.000251433,1.68e-05,5.93e-06,0.681349046,0.162404527,87.51557623,5.179664862,6.151676073,0.296705973,1813.142686,28.88937605,14.96625,271.9714029,CI,CLC,-999.0,788,0.619429605,0.53413576,0.626760353,0.085293845,CI.CLC,788,0.619429605,18.78919983,767.2020264,12.03999996,0.6194296046633774,788,853.1747273779583,671.510975134863,781.0096859332753,705.3000915260878
100165,RSN14585,71,14585, CLC,4.11,35.6211,-117.5805,9.045,21.65,1464,35.8157,-117.5975,20.83,20.88,-0.004063556,-0.004705729,2.66e-05,8.68e-06,0.863533865,0.150372266,68.08754276,5.179664862,6.169722379,0.34906585,2315.01829,468.1516129,176.9071053,347.2527435,CI,CLC,-999.0,951,0.431413632,0.53413576,0.626760353,-0.102722128,CI.CLC,951,0.431413632,18.78919983,767.2020264,12.03999996,0.43141363197586635,951,753.8960536026423,754.672635416198,777.7613388107811,796.5098499652662
100165,RSN12074,71,12074, CLC,4.42,34.8927,-119.0292,16.97,165.59,1464,35.8157,-117.5975,23.76,23.9,0.000114103,0.000175968,2.83e-05,1.1e-05,0.648431854,0.156200565,84.4381845,5.179664862,6.371886121,0.27925268,1812.961712,10.373,6.21795053,271.9442568,CI,CLC,-999.0,788,0.619429605,0.53413576,0.626760353,0.085293845,CI.CLC,788,0.619429605,18.78919983,767.2020264,12.03999996,0.6194296046633774,788,840.7312911780093,703.8575063449729,800.4392344950382,735.5753519312916
100166,RSN14388,72,14388, DAN,4.14,34.8632,-116.3444,6.474,91.68,477,34.6375,-115.3812,22.67,22.83,0.002522245,0.013427693,6.05e-05,5.04e-05,0.18783904,0.164044083,86.51943108,5.179664862,6.084678138,0.087266463,564.844366,50.04454365,221.9453388,84.7266549,CI,DAN,2.67374,402,0.171064402,0.086409594,0.179034187,0.084654808,CI.DAN,402,0.171064402,0.61381501,427.5369873,2.447570086,0.1710644022693204,402,384.56042531899544,558.2198724349789,375.59643320292406,481.83894891800435
100166,RSN12810,72,12810, DAN,3.81,34.1053,-117.0048,2.878,160.58,477,34.6375,-115.3812,19.65,19.72,5.84e-05,0.000588939,8.98e-05,2e-05,0.099189412,0.168394441,89.32329264,5.179664862,5.93802414,0.052359878,293.4786848,2.92,6.558340757,44.02180272,CI,DAN,2.67374,266,0.584020182,0.086409594,0.179034187,0.497610588,CI.DAN,266,0.584020182,0.61381501,427.5369873,2.447570086,0.5840201821066424,266,319.6136194447918,368.4770923646897,279.50803010408987,332.5021035754734
100166,RSN13832,72,13832, DAN,4.17,34.3277,-116.829,4.957,137.36,477,34.6375,-115.3812,18.43,18.53,0.00015843,0.00057396,0.00020196,4.48e-05,0.276029024,0.16616384,88.33341577,5.179664862,6.015610792,0.13962634,808.4810626,3.536383929,2.841948901,121.2721594,CI,DAN,2.67374,502,-0.051083629,0.086409594,0.179034187,-0.137493223,CI.DAN,502,-0.051083629,0.61381501,427.5369873,2.447570086,-0.05108362880338735,502,544.8663828178067,701.1607237297402,494.70645947431547,606.6354485037316
100166,RSN9176,72,9176, DAN,5.03,35.3852,-118.6292,7.3,307.86,477,34.6375,-115.3812,7.75,7.88,8.46e-05,0.000451803,0.000133934,1.37e-05,0.187287408,0.163667226,88.82054764,5.179664862,6.108664217,0.087266463,564.5382497,6.175182482,3.373325668,84.68073746,CI,DAN,2.67374,401,0.173555064,0.086409594,0.179034187,0.08714547,CI.DAN,401,0.173555064,0.61381501,427.5369873,2.447570086,0.1735550635817722,401,474.8560603643734,612.4950563008797,425.2256310014483,525.464200652604
100166,RSN12679,72,12679, DAN,4.34,35.8373,-117.678,6.864,247.84,477,34.6375,-115.3812,19.79,19.92,7.84e-05,0.000520499,1.39e-05,1.15e-05,0.150704893,0.163973305,88.63447628,5.179664862,6.096821743,0.06981317,455.52289,6.817391304,37.44597122,68.3284335,CI,DAN,2.67374,354,0.298219578,0.086409594,0.179034187,0.211809984,CI.DAN,354,0.298219578,0.61381501,427.5369873,2.447570086,0.2982195777545673,354,455.423443381495,532.7219637769172,389.7707614720777,460.24721655941795
100166,RSN12838,72,12838, DAN,4.02,33.7129,-116.0516,12.808,119.74,477,34.6375,-115.3812,23.95,24.11,-0.00046703,-0.000977336,0.000273665,0.000113484,0.477860815,0.158743597,84.28556089,5.179664862,6.268161535,0.226892803,1393.539179,4.115381904,3.571286061,209.0308769,CI,DAN,2.67374,732,-0.428264023,0.086409594,0.179034187,-0.514673617,CI.DAN,396,0.18610228,0.61381501,427.5369873,2.447570086,0.18610227963386095,396,414.24132058887324,488.5444303222024,385.1460469332794,449.56047685359937
100166,RSN13224,72,13224, DAN,4.19,34.3571,-116.8418,9.486,137.7,477,34.6375,-115.3812,17.6,17.65,7.2e-05,0.000591098,0.000255332,1.3e-05,0.121879062,0.16135296,86.42954081,5.179664862,6.185563454,0.052359878,375.4212389,5.538461538,2.315017311,56.31318584,CI,DAN,2.67374,313,0.4213133,0.086409594,0.179034187,0.334903707,CI.DAN,313,0.4213133,0.61381501,427.5369873,2.447570086,0.4213133003481886,313,334.0851912916167,418.9130049971497,316.6285740228617,373.0535214534113
100166,RSN12742,72,12742, DAN,4.26,33.9538,-116.3912,7.696,119.99,477,34.6375,-115.3812,22.8,22.88,0.000173367,0.000694006,0.000132369,2.04e-05,0.249806302,0.163186466,86.75219037,5.179664862,6.118116656,0.122173048,748.1601287,8.498382353,5.242964743,112.2240193,CI,DAN,2.67374,477,0.0,0.086409594,0.179034187,-0.086409594,CI.DAN,477,0.0,0.61381501,427.5369873,2.447570086,0.0,477,472.72594505230757,671.8564029842722,443.43684924059005,573.3171298390147
100166,RSN13184,72,13184, DAN,4.11,33.7104,-116.0457,12.559,119.7,477,34.6375,-115.3812,14.25,14.34,-0.000535019,-0.0017849,0.000349953,0.000123242,0.299747522,0.158893115,84.40529088,5.179664862,6.263559029,0.13962634,912.4620589,4.341206731,5.100399196,136.8693088,CI,DAN,2.67374,554,-0.149648196,0.086409594,0.179034187,-0.23605779,CI.DAN,554,-0.149648196,0.61381501,427.5369873,2.447570086,-0.1496481958589424,554,574.2262427662182,734.1820184342317,514.8808395397992,649.7782873405234
100166,RSN18076,72,18076, DAN,5.19,36.4034,-117.8499,9.418,297.54,477,34.6375,-115.3812,9.88,9.95,-9e-05,-0.000376735,0.000122637,4.32e-05,0.238854754,0.161662566,88.37099357,5.179664862,6.183223963,0.122173048,723.9054829,2.083333333,3.071952184,108.5858224,CI,DAN,2.67374,466,0.023330857,0.086409594,0.179034187,-0.063078737,CI.DAN,466,0.023330857,0.61381501,427.5369873,2.447570086,0.023330856762695973,466,482.4989947408883,673.4263430479697,469.90963964159425,590.0893512157126
100166,RSN10927,72,10927, DAN,4.26,33.8776,-116.2019,10.062,113.22,477,34.6375,-115.3812,26.4,26.44,-0.000281759,-0.00065704,0.000315979,0.000111912,0.428831095,0.160660421,85.37423425,5.179664862,6.204033973,0.20943951,1253.696795,2.517683537,2.079378693,188.0545193,CI,DAN,2.67374,683,-0.358978369,0.086409594,0.179034187,-0.445387962,CI.DAN,369,0.256719847,0.61381501,427.5369873,2.447570086,0.25671984684781446,369,400.24195230483855,461.50379151595325,356.4479749743049,414.6779896003027
100166,RSN16939,72,16939, DAN,3.63,34.1242,-116.405,9.555,110.04,477,34.6375,-115.3812,13.16,13.22,0.000348445,0.002581513,0.000297366,4.03e-05,0.134976985,0.161101046,85.47088867,5.179664862,6.187901101,0.06981317,416.1678969,8.646277916,8.681264839,62.42518454,CI,DAN,2.67374,335,0.353385959,0.086409594,0.179034187,0.266976365,CI.DAN,335,0.353385959,0.61381501,427.5369873,2.447570086,0.3533859590632753,335,362.0299611161421,447.6016116033432,329.5880731398512,395.5949479192707
100177,RSN15529,77,15529, LDF,3.68,34.7251,-116.0506,2.727,91.06,448,35.1307,-115.1842,21.13,21.24,-5.6e-05,-0.00013766,1.62e-05,6.21e-06,0.407014761,0.16837449,88.88834388,5.179664862,5.93802414,0.191986218,1140.47585,9.017713366,8.497530864,171.0713775,CI,LDF,-999.0,643,-0.361351492,-0.407031705,-0.314407112,0.045680213,CI.LDF,643,-0.361351492,2.213140011,1239.449951,2.034770012,-0.36135149182263415,643,686.8899123457177,825.2214328527598,624.6718716137633,730.4161768938665
100177,RSN13535,77,13535, LDF,4.06,32.7797,-117.3507,7.174,328.8,448,35.1307,-115.1842,8.81,9.0,-3.68e-05,-9.75e-05,8.88e-06,4.43e-06,0.377384109,0.163760002,88.91834215,5.179664862,6.105409111,0.174532925,1094.806069,8.306997743,10.97972973,164.2209104,CI,LDF,-999.0,631,-0.34251263,-0.407031705,-0.314407112,0.064519075,CI.LDF,631,-0.34251263,2.213140011,1239.449951,2.034770012,-0.3425126301262278,631,838.4216651462988,866.4633608389199,697.1365537821523,777.735860503568
100177,RSN10082,77,10082, LDF,4.18,34.3617,-118.6637,11.151,329.84,448,35.1307,-115.1842,14.0,14.12,6.45e-05,0.000122018,1.46e-05,1.34e-05,0.528879473,0.160347957,88.22736623,5.179664862,6.233452986,0.244346095,1502.373733,4.813432836,8.35739726,225.35606,CI,LDF,-999.0,771,-0.542895141,-0.407031705,-0.314407112,-0.135863436,CI.LDF,771,-0.542895141,2.213140011,1239.449951,2.034770012,-0.5428951411483443,771,941.9269192226809,999.77626827121,856.8809709707521,937.1922914993435
100177,RSN9210,77,9210, LDF,5.03,35.3852,-118.6292,7.3,314.77,448,35.1307,-115.1842,8.85,9.12,0.000934692,0.002270309,4.43e-05,2.44e-05,0.411702354,0.16366876,88.84691796,5.179664862,6.108664217,0.191986218,1184.896233,38.30704918,51.24851016,177.734435,CI,LDF,-999.0,656,-0.381367557,-0.407031705,-0.314407112,0.025664148,CI.LDF,656,-0.381367557,2.213140011,1239.449951,2.034770012,-0.3813675565291037,656,820.0548191578612,899.0334433561702,718.9713622559902,805.2370919550879
100193,RSN18312,81,18312, CWC,3.47,36.3879,-117.8711,9.151,19.62,580,36.4399,-118.0802,11.1375,11.225,0.004615961,0.01295591,0.000438149,0.000102935,0.356282296,0.147554339,65.63739747,5.179664862,6.173678858,0.174532925,1154.735904,44.84345461,29.56964412,173.2103856,CI,CWC,4.476666667,646,-0.1077714,-0.327516162,-0.234891569,0.219744762,CI.CWC,441,0.273983228,65.97869873,1687.25,27.37660027,0.27398322809361897,441,451.80040939014543,424.9487689253918,431.2078217609176,418.91022048128576
100193,RSN17907,81,17907, CWC,4.04,36.3911,-117.8665,9.439,19.92,580,36.4399,-118.0802,10.875,11.0375,0.032846565,0.045606087,4.57e-05,0.000137847,0.72022327,0.147787203,66.05122243,5.179664862,6.183950287,0.314159265,2078.558946,238.28277,997.9450109,311.7838419,CI,CWC,4.476666667,876,-0.412337987,-0.327516162,-0.234891569,-0.084821825,CI.CWC,599,-0.032233495,65.97869873,1687.25,27.37660027,-0.032233494574984256,599,544.1118910578738,516.5797814018548,466.63902090789765,519.3794741742852
100193,RSN18305,81,18305, CWC,3.05,36.3904,-117.8704,9.371,19.6,580,36.4399,-118.0802,11.4625,11.5125,0.001187815,0.004449262,0.000203266,5.27e-05,0.266969127,0.146684394,65.0589552,5.179664862,6.181585801,0.122173048,885.8827985,22.53918406,21.88886484,132.8824198,CI,CWC,4.476666667,540,0.071458964,-0.327516162,-0.234891569,0.398975126,CI.CWC,540,0.071458964,65.97869873,1687.25,27.37660027,0.07145896398214457,540,498.2012304390988,497.45841919097194,521.5889489458946,503.90309299904965
100193,RSN9881,81,9881, CWC,4.59,34.9977,-119.1926,10.662,189.04,580,36.4399,-118.0802,9.8,9.8875,-0.001253383,-0.001042209,0.000294109,0.000205861,1.202622367,0.16053097,87.04224609,5.179664862,6.221029194,0.436332313,2643.931554,6.088491749,3.543614782,396.5897331,CI,CWC,4.476666667,1054,-0.597319626,-0.327516162,-0.234891569,-0.269803463,CI.CWC,720,-0.216223108,65.97869873,1687.25,27.37660027,-0.21622310846963622,720,415.03793527132564,583.5039942727066,400.273005429422,531.4558453112829
100193,RSN14630,81,14630, CWC,3.9,35.3429,-118.5645,9.906,129.33,580,36.4399,-118.0802,35.6875,35.775,-0.000963378,-0.00080937,3.25e-05,2.67e-05,1.190280658,0.160920609,86.01988156,5.179664862,6.199256899,0.436332313,2624.714665,36.08157303,24.90369231,393.7071998,CI,CWC,4.476666667,1048,-0.591610761,-0.327516162,-0.234891569,-0.264094599,CI.CWC,716,-0.210652063,65.97869873,1687.25,27.37660027,-0.21065206342018072,716,426.5452683244499,564.2370525415804,400.46567936215774,526.8475351609095
100198,RSN17937,84,17937, MTP,4.04,36.3911,-117.8665,9.439,231.73,956,35.4843,-115.5532,10.7,10.84,0.000109823,0.000114667,2.61e-05,2.43e-05,0.957758278,0.161600192,87.89868574,5.179664862,6.183950287,0.383972435,2307.364933,4.519465021,4.393371648,346.10474,CI,MTP,7.19102,949,0.007349114,-0.010596639,0.082027955,0.017945753,CI.MTP,804,0.173158644,7.592470169,1536.140015,12.13000011,0.1731586438724344,804,725.1442648056842,885.3490016179992,785.2352933825084,839.0150963271968
100198,RSN10480,84,10480, MTP,4.45,34.1081,-117.3062,14.795,221.46,956,35.4843,-115.5532,14.6,14.78,-0.000691719,-0.000653448,5.51e-05,8.83e-05,1.058568009,0.158076828,86.41199178,5.179664862,6.313637877,0.401425728,2500.662563,7.833737259,11.85931034,375.0993845,CI,MTP,7.19102,1010,-0.054947697,-0.010596639,0.082027955,-0.044351058,CI.MTP,856,0.110487537,7.592470169,1536.140015,12.13000011,0.11048753690965896,856,667.1809251203731,906.4625744021823,813.0490339860467,864.8244722677084
100198,RSN9233,84,9233, MTP,5.03,35.3852,-118.6292,7.3,279.53,956,35.4843,-115.5532,14.65,14.82,0.002968567,0.002932469,0.000549212,0.000585702,1.012309732,0.163659891,88.70179267,5.179664862,6.108664217,0.401425728,2358.585295,5.068391435,5.339411739,353.7877943,CI,MTP,7.19102,965,-0.009370188,-0.010596639,0.082027955,0.00122645,CI.MTP,818,0.155895576,7.592470169,1536.140015,12.13000011,0.15589557644865426,818,698.8458393708995,889.6700113502131,777.2106748341012,853.2195533186988
100198,RSN11313,84,11313, MTP,4.78,34.1228,-116.9226,5.969,196.25,956,35.4843,-115.5532,16.63,16.75,-0.000129377,-0.000119468,1.27e-05,9.12e-06,1.082942662,0.1647934,88.53278096,5.179664862,6.066214653,0.41887902,2436.758429,14.18607456,9.406929134,365.5137644,CI,MTP,7.19102,990,-0.03494703,-0.010596639,0.082027955,-0.024350392,CI.MTP,839,0.130547207,7.592470169,1536.140015,12.13000011,0.13054720658419505,839,706.3013094282815,892.8325652781294,827.6319927447711,866.2714098643539
100198,RSN17432,84,17432, MTP,3.73,35.2675,-117.3498,7.92,165.02,956,35.4843,-115.5532,38.7,38.82,0.000118434,0.000129198,2.2e-05,4.78e-05,0.916681228,0.163171766,87.56902546,5.179664862,6.122995859,0.366519143,2219.514443,2.477698745,5.872636364,332.9271665,CI,MTP,7.19102,921,0.037297877,-0.010596639,0.082027955,0.047894515,CI.MTP,780,0.203463993,7.592470169,1536.140015,12.13000011,0.20346399336776333,780,617.7622196347422,858.5682374036953,725.2734853612579,800.410373924596
100198,RSN15039,84,15039, MTP,3.74,34.1651,-117.4332,7.875,225.83,956,35.4843,-115.5532,25.2,25.29,-1.75e-05,-1.52e-05,3.49e-06,7.78e-06,1.152002931,0.163267349,88.24203184,5.179664862,6.12204057,0.436332313,2546.708032,2.249357326,4.35530086,382.0062048,CI,MTP,7.19102,1024,-0.068713893,-0.010596639,0.082027955,-0.058117254,CI.MTP,868,0.096566198,7.592470169,1536.140015,12.13000011,0.0965661983910504,868,707.4951737185846,909.5379177257643,817.0569620089734,881.3024917481831
100198,RSN14003,84,14003, MTP,4.15,33.638,-116.7082,12.649,230.61,956,35.4843,-115.5532,59.05,59.17,-0.000101818,-0.000121286,1.46e-05,1.06e-05,0.839482992,0.159404581,87.08793132,5.179664862,6.265244507,0.34906585,2146.218914,9.605471698,8.307260274,321.9328371,CI,MTP,7.19102,898,0.062587845,-0.010596639,0.082027955,0.073184483,CI.MTP,761,0.228124555,7.592470169,1536.140015,12.13000011,0.22812455518971486,761,775.9940185113416,850.0137612248103,739.6151451841832,785.154533135587
100198,RSN15637,84,15637, MTP,3.87,33.7513,-116.0218,8.756,196.99,956,35.4843,-115.5532,25.47,25.52,-0.000127613,-0.000107003,3.75e-05,3.8e-05,1.192605249,0.162251179,87.7222977,5.179664862,6.158414042,0.436332313,2605.597289,3.358236842,2.853413333,390.8395934,CI,MTP,7.19102,1042,-0.086139309,-0.010596639,0.082027955,-0.075542671,CI.MTP,883,0.079432712,7.592470169,1536.140015,12.13000011,0.07943271244744121,883,595.3285954029596,903.2174630327969,781.4175025142852,879.41000503341
100198,RSN17095,84,17095, MTP,3.52,34.2098,-116.4371,4.645,162.87,956,35.4843,-115.5532,7.16,7.27,0.000114676,0.000124395,3.84e-05,3.99e-05,0.921867369,0.16677424,88.70305934,5.179664862,5.994593769,0.366519143,2178.728695,2.874085213,3.239453125,326.8093043,CI,MTP,7.19102,908,0.051513534,-0.010596639,0.082027955,0.062110173,CI.MTP,769,0.217666944,7.592470169,1536.140015,12.13000011,0.21766694354575655,769,691.4199218910146,838.4240768770596,740.2242188341378,789.8088825462008
100263,RSN11270,89,11270, NJQ,4.39,35.6421,-120.9543,5.902,141.88,297,34.5341,-120.1774,14.35,14.5,0.00021947,0.00107149,0.000212471,6.57e-05,0.204827037,0.164820553,87.99464846,5.179664862,6.063488731,0.104719755,612.0693794,3.340487062,5.042994103,91.81040691,CI,NJQ,-999.0,420,-0.346522572,-0.33344628,-0.240821687,-0.013076292,CI.NJQ,420,-0.346522572,5.659100056,241.9720001,9.653369904,-0.3465225724747141,420,412.8392837075104,370.9886537514316,486.55624015325554,397.8123650579698
100263,RSN16346,89,16346, NJQ,3.74,34.8456,-119.2446,12.927,92.19,297,34.5341,-120.1774,19.85,19.96,0.000140196,0.000562098,0.000137672,5.26e-05,0.249414715,0.158129701,82.53303754,5.179664862,6.270295551,0.122173048,770.944866,2.665323194,4.082878145,115.6417299,CI,NJQ,-999.0,486,-0.492476485,-0.33344628,-0.240821687,-0.159030205,CI.NJQ,486,-0.492476485,5.659100056,241.9720001,9.653369904,-0.49247648509779385,486,454.1561601150029,433.27700151377644,482.08437872457654,443.06400156514417
100263,RSN19350,89,19350, NJQ,3.19,35.2167,-120.7957,8.83,94.5,297,34.5341,-120.1774,12.6,12.72,-9.42e-05,-0.000648589,0.000106147,3.31e-05,0.145186581,0.161728969,85.18741502,5.179664862,6.16138509,0.06981317,445.2865897,2.84592145,6.110290446,66.79298846,CI,NJQ,-999.0,349,-0.161339783,-0.33344628,-0.240821687,0.172106497,CI.NJQ,349,-0.161339783,5.659100056,241.9720001,9.653369904,-0.1613397833997272,349,365.89533518929835,341.5093832624643,397.82261767015103,366.92856878072104
100269,RSN14608,92,14608, SLA,4.11,35.6211,-117.5805,9.045,40.24,482,35.891,-117.2833,21.17,21.23,-0.001614225,-0.021344272,0.000603852,0.000536848,0.075628012,0.158739664,78.34439795,5.179664862,6.169722379,0.034906585,237.6805657,3.006856689,35.34685983,35.65208486,CI,SLA,-999.0,229,0.74422211,-0.245484331,-0.152859738,0.989706442,CI.SLA,229,0.74422211,8.788499832,1108.48999,5.750790119,0.7442221104963602,229,321.1437036338506,336.4192902241653,324.7661548682294,339.9015159148394
100269,RSN18284,92,18284, SLA,4.2,36.3905,-117.8695,8.829,76.52,482,35.891,-117.2833,10.32,10.61,0.00153778,0.002396246,4.24e-05,6.33e-05,0.641745299,0.161425109,84.04066746,5.179664862,6.161345296,0.27925268,1741.144845,24.29352291,56.51523585,261.1717268,CI,SLA,-999.0,764,-0.460623675,-0.245484331,-0.152859738,-0.215139344,CI.SLA,764,-0.460623675,8.788499832,1108.48999,5.750790119,-0.4606236751159205,764,784.6408087820533,667.1361752112572,650.3726333560406,638.1294271901096
100269,RSN18189,92,18189, SLA,4.08,36.3983,-117.8495,7.662,75.93,482,35.891,-117.2833,11.4,11.63,0.000802153,0.001116569,0.000131434,5.17e-05,0.718408611,0.162811078,84.85569935,5.179664862,6.117348091,0.314159265,1883.505904,15.51553191,8.495282804,282.5258856,CI,SLA,-999.0,812,-0.521556226,-0.245484331,-0.152859738,-0.276071895,CI.SLA,812,-0.521556226,8.788499832,1108.48999,5.750790119,-0.5215562261110778,812,800.1490210101907,682.2623361632352,693.2641811955634,652.0469285271521
100269,RSN9409,92,9409, SLA,4.88,34.0655,-117.0011,17.501,204.15,482,35.891,-117.2833,13.3,13.41,-0.000693149,-0.001612478,0.000464114,0.000154813,0.42986582,0.156128934,85.35288872,5.179664862,6.383907006,0.20943951,1292.728333,4.477330715,3.4743145,193.90925,CI,SLA,-999.0,697,-0.368841297,-0.245484331,-0.152859738,-0.123356965,CI.SLA,697,-0.368841297,8.788499832,1108.48999,5.750790119,-0.36884129670992394,697,911.8057425336671,693.6121848187497,705.6626129147916,636.9436439315871
100269,RSN8856,92,8856, SLA,5.39,33.9465,-117.7667,14.89,220.19,482,35.891,-117.2833,28.44,28.7,-0.004318474,-0.008798355,0.000555974,0.00011522,0.490827444,0.157997112,86.37089585,5.179664862,6.31653763,0.226892803,1431.128528,37.48024648,15.82511952,214.6692792,CI,SLA,-999.0,746,-0.436781486,-0.245484331,-0.152859738,-0.191297155,CI.SLA,746,-0.436781486,8.788499832,1108.48999,5.750790119,-0.43678148615316026,746,859.9045606551642,727.5097914869842,704.2676793613085,665.066329549533
100269,RSN12423,92,12423, SLA,4.27,36.1466,-118.0613,4.057,75.65,482,35.891,-117.2833,26.42,26.61,0.000747836,0.00172361,1.74e-05,9.14e-06,0.433877713,0.168095358,87.63440997,5.179664862,5.943934512,0.20943951,1210.199737,81.82013129,99.05804598,181.5299606,CI,SLA,-999.0,666,-0.323345556,-0.245484331,-0.152859738,-0.077861225,CI.SLA,666,-0.323345556,8.788499832,1108.48999,5.750790119,-0.32334555648978913,666,693.4042062334746,621.2897258898801,573.143861504505,587.1251115376679
100269,RSN16999,92,16999, SLA,3.59,35.7823,-117.6639,7.014,36.44,482,35.891,-117.2833,12.98,13.11,0.000605243,0.00307201,5.93e-05,9.03e-05,0.197018717,0.161537926,80.25015891,5.179664862,6.101084446,0.104719755,601.5989753,6.702580288,51.80455312,90.2398463,CI,SLA,-999.0,416,0.147258854,-0.245484331,-0.152859738,0.392743185,CI.SLA,416,0.147258854,8.788499832,1108.48999,5.750790119,0.1472588537893369,416,396.8740006852298,382.7963770924108,374.7040909138828,378.4061842875235
100269,RSN14678,92,14678, SLA,3.9,35.3429,-118.5645,9.906,131.04,482,35.891,-117.2833,28.02,28.16,4.77e-05,0.00013491,2.31e-05,1.09e-05,0.353679806,0.160926596,86.05063717,5.179664862,6.199256899,0.174532925,1051.889585,4.376146789,5.84025974,157.7834378,CI,SLA,-999.0,619,-0.250161159,-0.245484331,-0.152859738,-0.004676827,CI.SLA,619,-0.250161159,8.788499832,1108.48999,5.750790119,-0.250161158633996,619,757.8295890834167,592.7003853604245,565.6304552209127,563.1729669901115
100269,RSN12714,92,12714, SLA,4.34,35.8373,-117.678,6.864,36.14,482,35.891,-117.2833,23.5,23.73,0.009917468,0.033307446,3.16e-05,5.69e-05,0.297755272,0.161633517,80.21443282,5.179664862,6.096821743,0.13962634,891.5067722,174.2964499,1054.033101,133.7260158,CI,SLA,-999.0,543,-0.119165206,-0.245484331,-0.152859738,0.126319125,CI.SLA,543,-0.119165206,8.788499832,1108.48999,5.750790119,-0.11916520588333501,543,560.8339127517643,499.39274133402364,475.5723385441035,486.2349038386446
100269,RSN9276,92,9276, SLA,5.03,35.3852,-118.6292,7.3,134.2,482,35.891,-117.2833,23.09,23.44,0.006321186,0.012215287,0.000210871,6.66e-05,0.51748161,0.16351578,87.26750223,5.179664862,6.108664217,0.244346095,1447.963855,94.9127027,57.92777101,217.1945783,CI,SLA,-999.0,752,-0.44479221,-0.245484331,-0.152859738,-0.199307879,CI.SLA,752,-0.44479221,8.788499832,1108.48999,5.750790119,-0.44479220989923984,752,789.9334973861138,686.2938698252469,656.3849000965455,646.7941253785937
100269,RSN9453,92,9453, SLA,4.73,36.4011,-117.8397,7.419,75.57,482,35.891,-117.2833,23.21,23.49,0.002516828,0.003660453,0.000226299,0.000173652,0.687572747,0.163010499,85.04238775,5.179664862,6.111624155,0.296705973,1817.983471,14.49351577,16.17529463,272.6975207,CI,SLA,-999.0,790,-0.494088831,-0.245484331,-0.152859738,-0.2486045,CI.SLA,790,-0.494088831,8.788499832,1108.48999,5.750790119,-0.4940888314104672,790,708.4479863607742,655.5624465402536,618.6204122800995,622.5123254106984
100269,RSN14762,92,14762, SLA,3.84,34.2268,-117.4407,8.593,185.18,482,35.891,-117.2833,26.92,27.04,0.000471448,0.002054696,0.000294765,0.000212983,0.229448877,0.162417577,87.62405761,5.179664862,6.151676073,0.104719755,692.2868413,2.21354756,6.970624056,103.8430262,CI,SLA,-999.0,451,0.066476775,-0.245484331,-0.152859738,0.311961106,CI.SLA,451,0.066476775,8.788499832,1108.48999,5.750790119,0.06647677454792156,451,533.5623158072722,410.50965670284563,434.1819200297794,399.84192286061796
100269,RSN17960,92,17960, SLA,4.04,36.3911,-117.8665,9.439,76.38,482,35.891,-117.2833,12.0,12.19,0.002201332,0.003625159,0.000357612,0.000110371,0.607237318,0.160694873,83.58008168,5.179664862,6.183950287,0.27925268,1679.287667,19.94484058,10.13712907,251.8931501,CI,SLA,-999.0,743,-0.432751931,-0.245484331,-0.152859738,-0.187267599,CI.SLA,743,-0.432751931,8.788499832,1108.48999,5.750790119,-0.432751930667159,743,807.0324469774156,681.0962009256376,646.7684413065563,645.5553032602476
100269,RSN18142,92,18142, SLA,5.19,36.4034,-117.8499,9.418,76.37,482,35.891,-117.2833,12.45,12.77,0.009611885,0.020839968,0.002653098,0.002156286,0.461223588,0.160718744,83.59592441,5.179664862,6.183223963,0.20943951,1332.397253,4.457611374,7.85495598,199.859588,CI,SLA,-999.0,712,-0.390133797,-0.245484331,-0.152859738,-0.144649466,CI.SLA,712,-0.390133797,8.788499832,1108.48999,5.750790119,-0.39013379736137566,712,729.738730129864,653.3591564845906,596.8643884089457,622.6946858928643
100269,RSN11461,92,11461, SLA,4.73,33.7328,-117.4921,10.018,240.18,482,35.891,-117.2833,24.1,24.23,-8.62e-05,-0.000254889,3.7e-05,1.34e-05,0.338026853,0.161105403,87.83912828,5.179664862,6.202702587,0.157079633,1006.326395,6.432835821,6.888891892,150.9489593,CI,SLA,-999.0,604,-0.225630084,-0.245484331,-0.152859738,0.019854247,CI.SLA,604,-0.225630084,8.788499832,1108.48999,5.750790119,-0.2256300838842149,604,699.823496494882,580.0733305636642,548.8321529655107,541.455762503522
100269,RSN10527,92,10527, SLA,4.45,34.1081,-117.3062,14.795,197.8,482,35.891,-117.2833,16.5,16.62,0.000362616,0.001255673,0.000229272,1.79e-05,0.288782456,0.15799644,85.97401014,5.179664862,6.313637877,0.13962634,886.6487601,20.25787709,5.476783035,132.997314,CI,SLA,-999.0,540,-0.113625026,-0.245484331,-0.152859738,0.131859306,CI.SLA,540,-0.113625026,8.788499832,1108.48999,5.750790119,-0.11362502550772025,540,538.7615706057979,500.0096827340035,460.45421352265157,468.35535731812325
100269,RSN16562,92,16562, SLA,3.61,34.2449,-117.4464,12.48,183.22,482,35.891,-117.2833,18.9,19.02,0.000387388,0.000937599,0.00017122,0.000152917,0.413169932,0.159375158,86.39074017,5.179664862,6.262058538,0.191986218,1220.545603,2.533321998,5.475989954,183.0818405,CI,SLA,-999.0,670,-0.329333598,-0.245484331,-0.152859738,-0.083849267,CI.SLA,670,-0.329333598,8.788499832,1108.48999,5.750790119,-0.32933359833441145,670,737.6461237565144,630.5347084823405,607.060301099594,599.9461577484805
100269,RSN18029,92,18029, SLA,5.0,36.3864,-117.8583,7.408,75.5,482,35.891,-117.2833,11.92,12.05,0.005782364,0.008858811,0.001369205,0.001322844,0.652724687,0.163019762,85.05084119,5.179664862,6.11135504,0.296705973,1751.937956,4.371160923,6.470039914,262.7906934,CI,SLA,-999.0,768,-0.465845619,-0.245484331,-0.152859738,-0.220361288,CI.SLA,768,-0.465845619,8.788499832,1108.48999,5.750790119,-0.4658456190970721,768,689.2225070456155,643.7012476438005,601.7754032777435,612.5428590353174
100282,RSN11428,95,11428, PASC,4.73,33.7328,-117.4921,10.018,80.45,714,34.1714,-118.1852,26.2,26.36,-0.000651642,-0.000819784,3.67e-05,2.4e-05,0.794894631,0.1601798,83.48776658,5.179664862,6.202702587,0.331612558,2055.351004,27.15175,22.33743869,308.3026506,CI,PASC,10.46789333,868,-0.195308752,-0.149843307,-0.057218713,-0.045465446,CI.PASC,872,-0.199906462,35.96979904,367.8280029,12.48719978,-0.1999064615693955,872,773.0974597640699,718.6820935523796,715.4095937657813,748.5281346159383
100282,RSN13335,95,13335, PASC,4.2,34.3768,-117.6461,8.934,54.62,714,34.1714,-118.1852,15.68,15.78,-0.000203603,-0.000353343,6.41e-06,5.64e-06,0.576217506,0.160406238,81.48615136,5.179664862,6.165471616,0.261799388,1611.10307,36.0998227,55.12371295,241.6654605,CI,PASC,10.46789333,720,-0.00836825,-0.149843307,-0.057218713,0.141475057,CI.PASC,723,-0.01252626,35.96979904,367.8280029,12.48719978,-0.012526259819180652,723,767.0076054826559,680.0128371441169,736.857919370941,692.074001259022
100282,RSN10766,95,10766, PASC,4.66,34.2983,-118.6255,8.038,42.94,714,34.1714,-118.1852,10.25,10.38,0.000218427,0.000248603,5.66e-06,3.98e-06,0.878616494,0.160871717,80.25962207,5.179664862,6.126524324,0.366519143,2195.378311,54.88115578,43.92279152,329.3067467,CI,PASC,10.46789333,913,-0.245852918,-0.149843307,-0.057218713,-0.096009612,CI.PASC,917,-0.25022451,35.96979904,367.8280029,12.48719978,-0.2502245099168805,917,739.718690350509,766.5363035153637,728.7994697482432,788.8362686141224
100283,RSN16659,96,16659, VCS,3.69,33.735,-117.4936,9.693,101.05,405,34.4836,-118.1178,12.55,12.61,-0.000161951,-0.000313866,8.36e-05,3.8e-05,0.51598735,0.160867472,84.98183826,5.179664862,6.192470162,0.244346095,1468.405416,4.261868421,3.75437799,220.2608124,CI,VCS,3.2625,759,-0.62811471,-0.641257946,-0.548633353,0.013143236,CI.VCS,449,-0.103135821,3.069080114,997.302002,5.126949787,-0.1031358206357158,449,484.0853376399851,412.1402703518733,434.471919656907,399.6170044839721
100283,RSN13474,96,13474, VCS,3.9,34.4032,-118.651,13.612,49.81,405,34.4836,-118.1178,17.36,17.42,-0.000718206,-0.002608049,0.000494046,0.000272436,0.275380635,0.153963552,75.27829636,5.179664862,6.281821568,0.13962634,870.6389877,2.636237502,5.278959854,130.5958482,CI,VCS,3.2625,532,-0.272756422,-0.641257946,-0.548633353,0.368501524,CI.VCS,532,-0.272756422,3.069080114,997.302002,5.126949787,-0.27275642223510577,532,493.4502378092712,490.027839783129,507.15573752422637,490.84772391472654
100283,RSN10826,96,10826, VCS,4.66,34.2983,-118.6255,8.038,51.01,405,34.4836,-118.1178,14.89,15.04,-0.001900035,-0.003928195,0.000169831,6.26e-05,0.48369155,0.161566606,81.82635759,5.179664862,6.126524324,0.226892803,1382.875961,30.35199681,23.13002338,207.4313942,CI,VCS,3.2625,729,-0.587786665,-0.641257946,-0.548633353,0.053471281,CI.VCS,432,-0.064538521,3.069080114,997.302002,5.126949787,-0.06453852113757197,432,428.30585469258426,398.9294542231636,396.45639022918436,390.7993807839416
100283,RSN16376,96,16376, VCS,3.74,34.8456,-119.2446,12.927,110.81,405,34.4836,-118.1178,23.02,23.09,-0.000807693,-0.002921681,0.000326183,0.000169995,0.276447973,0.158535851,83.75542356,5.179664862,6.270295551,0.13962634,848.5776549,4.751275038,8.957183544,127.2866482,CI,VCS,3.2625,520,-0.249941744,-0.641257946,-0.548633353,0.391316202,CI.VCS,520,-0.249941744,3.069080114,997.302002,5.126949787,-0.24994174446893425,520,484.0310030899244,462.06260113138455,487.5052241347096,458.9880525042563
100283,RSN13100,96,13100, VCS,4.11,34.373,-117.6258,8.33,46.86,405,34.4836,-118.1178,12.82,12.88,0.000502541,0.001070073,4.62e-05,4.42e-05,0.469632671,0.160742458,80.74840664,5.179664862,6.140206558,0.226892803,1356.654305,11.36970588,23.16175325,203.4981458,CI,VCS,3.2625,720,-0.575364145,-0.641257946,-0.548633353,0.065893801,CI.VCS,426,-0.050552279,3.069080114,997.302002,5.126949787,-0.050552279162832114,426,444.8149906205093,401.2010601374599,411.8014192229445,391.1959067286927
100283,RSN11480,96,11480, VCS,4.73,33.7328,-117.4921,10.018,101.33,405,34.4836,-118.1178,25.1,25.28,-0.005262961,-0.005410223,0.000493612,0.000273408,0.972780786,0.160568463,84.84700523,5.179664862,6.202702587,0.383972435,2342.586585,19.24947697,10.96047705,351.3879878,CI,VCS,3.2625,960,-0.863046217,-0.641257946,-0.548633353,-0.221788271,CI.VCS,568,-0.338234352,3.069080114,997.302002,5.126949787,-0.3382343516146129,568,437.54271522513204,450.35409442140326,450.29322375343065,414.7338821832869
100283,RSN16694,96,16694, VCS,3.79,34.0456,-117.2248,15.927,95.52,405,34.4836,-118.1178,42.51,42.62,0.000534506,0.000936513,3.11e-05,2.53e-05,0.5707406,0.15563103,80.97689325,5.179664862,6.345939946,0.261799388,1648.435276,21.12671937,30.1129582,247.2652914,CI,VCS,3.2625,733,-0.593258635,-0.641257946,-0.548633353,0.047999312,CI.VCS,434,-0.069157467,3.069080114,997.302002,5.126949787,-0.06915746699386638,434,494.4546681958931,405.7713923513702,420.7569068725984,389.8596811638368
100283,RSN17202,96,17202, VCS,3.53,33.9634,-117.8198,13.862,63.9,405,34.4836,-118.1178,25.57,25.6,-0.000390343,-0.000568245,0.000244506,0.000171172,0.686926334,0.155773816,78.28013699,5.179664862,6.285731951,0.296705973,1901.185759,2.280413853,2.324053397,285.1778639,CI,VCS,3.2625,818,-0.702975269,-0.641257946,-0.548633353,-0.061717323,CI.VCS,484,-0.17819784,3.069080114,997.302002,5.126949787,-0.1781978396100934,484,457.12570633343444,429.0467381176374,459.2785593488899,406.53881762704293
100283,RSN15015,96,15015, VCS,3.74,34.1651,-117.4332,7.875,72.23,405,34.4836,-118.1178,24.77,24.89,0.001039285,0.001351065,0.000103454,8.2e-05,0.769234125,0.162583796,84.46923609,5.179664862,6.12204057,0.331612558,1982.236365,12.67420732,13.05957237,297.3354548,CI,VCS,3.2625,844,-0.734265427,-0.641257946,-0.548633353,-0.093007481,CI.VCS,500,-0.210721031,3.069080114,997.302002,5.126949787,-0.21072103131565267,500,469.3887748349458,421.2236938148851,481.7966438116865,399.126058497554
100283,RSN17475,96,17475, VCS,3.59,34.0938,-117.4347,3.015,76.32,405,34.4836,-118.1178,14.57,14.63,0.000243717,0.00046361,9.73e-05,2.44e-05,0.52569453,0.168343788,88.44023683,5.179664862,5.93802414,0.244346095,1424.178258,9.988401639,4.764748201,213.6267387,CI,VCS,3.2625,743,-0.606808978,-0.641257946,-0.548633353,0.034448969,CI.VCS,440,-0.08288766,3.069080114,997.302002,5.126949787,-0.08288765980576773,440,470.99862549501216,407.5388385437693,428.9185577466609,391.29531957177477
100283,RSN9423,96,9423, VCS,4.88,34.0655,-117.0011,17.501,112.81,405,34.4836,-118.1178,14.85,14.94,-0.002522158,-0.00406287,0.000826736,0.000756969,0.620782426,0.154941211,81.5444673,5.179664862,6.383907006,0.27925268,1770.39428,3.331917159,4.914349925,265.559142,CI,VCS,3.2625,774,-0.647684806,-0.641257946,-0.548633353,-0.00642686,CI.VCS,458,-0.122982117,3.069080114,997.302002,5.126949787,-0.12298211700764661,458,571.4120759518645,427.72115724614997,448.8535700952666,402.8907193685916
100283,RSN19407,96,19407, VCS,3.43,34.1381,-117.4717,5.767,70.75,405,34.4836,-118.1178,27.82,27.89,0.001218298,0.001668383,0.000403329,0.000244413,0.730227076,0.164684656,86.04788881,5.179664862,6.057771424,0.314159265,1882.866409,4.984587563,4.136531219,282.4299614,CI,VCS,3.2625,812,-0.695613273,-0.641257946,-0.548633353,-0.054355327,CI.VCS,481,-0.171980203,3.069080114,997.302002,5.126949787,-0.17198020299922234,481,476.6678717261269,429.1662108820241,458.21650985888266,400.76112908855094
100283,RSN16925,96,16925, VCS,3.6,34.2088,-117.5824,7.536,57.93,405,34.4836,-118.1178,12.38,12.44,0.001165709,0.004187942,7.77e-05,6.04e-05,0.278348806,0.162444804,83.34288324,5.179664862,6.114431914,0.13962634,833.4508817,19.29981788,53.89886744,125.0176323,CI,VCS,3.2625,512,-0.234437558,-0.641257946,-0.548633353,0.406820388,CI.VCS,512,-0.234437558,3.069080114,997.302002,5.126949787,-0.23443755793296894,512,470.96411509905477,466.3854821734101,491.5938642182473,462.84791357950775
100283,RSN14690,96,14690, VCS,3.9,35.3429,-118.5645,9.906,103.7,405,34.4836,-118.1178,21.8,21.86,-0.00023212,-0.000791453,6.69e-05,2.28e-05,0.293282961,0.160698263,85.00994722,5.179664862,6.199256899,0.13962634,884.2792578,10.18070175,11.83038864,132.6418887,CI,VCS,3.2625,539,-0.285828504,-0.641257946,-0.548633353,0.355429442,CI.VCS,539,-0.285828504,3.069080114,997.302002,5.126949787,-0.28582850380245883,539,572.6879148182916,485.6342531504827,519.4564991021559,482.03331525068364
100283,RSN17030,96,17030, VCS,3.45,33.6767,-117.9697,9.542,90.54,405,34.4836,-118.1178,38.68,38.74,-0.000193875,-0.000426003,3.98e-05,3.19e-05,0.455103091,0.160877837,84.51768535,5.179664862,6.187463428,0.20943951,1316.337406,6.077586207,10.70359296,197.4506109,CI,VCS,3.2625,706,-0.55572817,-0.641257946,-0.548633353,0.085529776,CI.VCS,418,-0.031594365,3.069080114,997.302002,5.126949787,-0.031594365418217585,418,447.9774823353271,387.40635238199076,407.42702863352173,378.5069978178306
100283,RSN17063,96,17063, VCS,3.43,34.0052,-118.2218,6.093,53.92,405,34.4836,-118.1178,36.05,36.1,-0.000628477,-0.001142728,0.00042226,0.000118676,0.549979461,0.16393104,84.40616027,5.179664862,6.071076522,0.244346095,1515.433827,5.295737976,2.706218917,227.3150741,CI,VCS,3.2625,775,-0.648975962,-0.641257946,-0.548633353,-0.007718016,CI.VCS,459,-0.125163143,3.069080114,997.302002,5.126949787,-0.12516314295400655,459,475.42501229360204,426.7556014607841,445.5202781714291,413.8433932005239
100283,RSN9298,96,9298, VCS,5.03,35.3852,-118.6292,7.3,110.4,405,34.4836,-118.1178,11.17,11.3,-0.002466162,-0.003205276,0.00093129,0.000292899,0.769407023,0.16342916,86.6920893,5.179664862,6.108664217,0.331612558,1972.273656,8.419837555,3.44175928,295.8410484,CI,VCS,3.2625,841,-0.730704593,-0.641257946,-0.548633353,-0.089446647,CI.VCS,498,-0.20671301,3.069080114,997.302002,5.126949787,-0.20671300991811403,498,449.3129514247712,405.51015742845414,435.2279308234919,379.4592128960041
100283,RSN15201,96,15201, VCS,3.9,33.867,-117.1038,11.856,115.83,405,34.4836,-118.1178,22.56,22.65,0.000559532,0.000830406,2.68e-05,3.3e-05,0.673804989,0.159292999,84.5602372,5.179664862,6.24946745,0.296705973,1834.077536,16.95551515,30.98529851,275.1116304,CI,VCS,3.2625,795,-0.674455048,-0.641257946,-0.548633353,-0.033197101,CI.VCS,471,-0.150971027,3.069080114,997.302002,5.126949787,-0.15097102690987896,471,469.96194285652905,399.3472124621473,453.9236829075109,387.24481196845926
100283,RSN14772,96,14772, VCS,3.84,34.2268,-117.4407,8.593,68.5,405,34.4836,-118.1178,24.2,24.38,0.002998583,0.003432807,0.000221243,0.00010572,0.873507803,0.161523385,83.53434934,5.179664862,6.151676073,0.366519143,2178.86111,28.36344117,15.51600277,326.8291665,CI,VCS,3.2625,908,-0.807357311,-0.641257946,-0.548633353,-0.166099365,CI.VCS,538,-0.283971493,3.069080114,997.302002,5.126949787,-0.2839714930552457,538,395.43868609586144,451.8857468698702,475.07149110368664,418.78147104513437
100283,RSN9813,96,9813, VCS,4.69,35.0172,-119.0247,9.251,101.98,405,34.4836,-118.1178,5.45,5.56,-0.000590406,-0.001112231,0.000239823,0.000128011,0.530830538,0.161334187,85.28320968,5.179664862,6.177322679,0.244346095,1497.54783,4.612150518,4.637716149,224.6321745,CI,VCS,3.2625,769,-0.641203902,-0.641257946,-0.548633353,5.4e-05,CI.VCS,455,-0.116410352,3.069080114,997.302002,5.126949787,-0.11641035184441151,455,468.81993921124115,410.72873997471936,421.34580676190814,398.367919367407
100283,RSN13743,96,13743, VCS,3.97,33.9535,-117.7457,11.873,68.07,405,34.4836,-118.1178,11.0,11.04,-0.001115999,-0.001875493,0.000404781,0.000156195,0.595042787,0.157876335,80.64498236,5.179664862,6.249828919,0.261799388,1677.363038,7.144908608,4.633352356,251.6044557,CI,VCS,3.2625,743,-0.606808978,-0.641257946,-0.548633353,0.034448969,CI.VCS,440,-0.08288766,3.069080114,997.302002,5.126949787,-0.08288765980576773,440,451.3990187593982,400.5640904913191,422.1797043930037,387.47655856524443
100283,RSN11240,96,11240, VCS,4.42,34.0665,-118.8938,12.827,85.13,405,34.4836,-118.1178,23.6,23.69,-0.001365393,-0.00274755,0.000179573,0.000129903,0.496949491,0.157969562,81.98557282,5.179664862,6.268505043,0.226892803,1445.871752,10.5108658,15.30046276,216.8807628,CI,VCS,3.2625,751,-0.617518585,-0.641257946,-0.548633353,0.023739362,CI.VCS,445,-0.094187215,3.069080114,997.302002,5.126949787,-0.0941872150597014,445,443.0902813043431,403.6234550849654,404.189844105168,393.7496802439713
100283,RSN17598,96,17598, VCS,3.4,34.0733,-118.867,10.648,82.65,405,34.4836,-118.1178,22.0,22.05,-0.000157246,-0.000410911,0.00012882,7.78e-05,0.382677206,0.159626399,83.20743846,5.179664862,6.220655727,0.174532925,1136.972818,2.021156812,3.189807483,170.5459227,CI,VCS,3.2625,642,-0.460701237,-0.641257946,-0.548633353,0.18055671,CI.VCS,380,0.063715814,3.069080114,997.302002,5.126949787,0.06371581438610718,380,408.3239736005674,351.2064385178997,362.5118995271798,344.1893600928597
100283,RSN9116,96,9116, VCS,5.2,33.5328,-116.5697,15.48,177.69,405,34.4836,-118.1178,16.6,16.68,-0.008388168,-0.015385115,0.002219817,0.002725344,0.545213228,0.15735272,85.29671274,5.179664862,6.333749326,0.244346095,1568.084483,3.077838247,6.930803305,235.2126725,CI,VCS,3.2625,747,-0.612178118,-0.641257946,-0.548633353,0.029079828,CI.VCS,442,-0.087422815,3.069080114,997.302002,5.126949787,-0.08742281497115911,442,486.50271261442464,403.57634949292594,436.2861774595122,385.822530148525
100283,RSN17886,96,17886, VCS,3.14,33.909,-118.1836,6.769,64.02,405,34.4836,-118.1178,14.28,14.35,-0.000106131,-0.000139928,1.85e-05,1.59e-05,0.758468672,0.163389755,84.68402677,5.179664862,6.094010642,0.331612558,1954.233528,6.67490566,7.563675676,293.1350292,CI,VCS,3.2625,835,-0.723544658,-0.641257946,-0.548633353,-0.082286711,CI.VCS,494,-0.19864845,3.069080114,997.302002,5.126949787,-0.1986484500813841,494,469.1797209948704,431.3090643253589,467.93538312517666,400.2660307583287
100283,RSN12799,96,12799, VCS,4.26,33.9538,-116.3912,7.696,169.61,405,34.4836,-118.1178,24.02,24.43,0.000929802,0.000989246,4.17e-05,2.44e-05,0.939909425,0.16331932,87.71756204,5.179664862,6.118116656,0.383972435,2258.791437,38.10663934,23.72292566,338.8187156,CI,VCS,3.2625,934,-0.835589371,-0.641257946,-0.548633353,-0.194331425,CI.VCS,553,-0.311470934,3.069080114,997.302002,5.126949787,-0.3114709344157962,553,473.4706897084563,462.73217001831625,500.9677576936753,424.22675952419064
100283,RSN16568,96,16568, VCS,3.61,34.2449,-117.4464,12.48,67.2,405,34.4836,-118.1178,14.91,14.97,0.000527982,0.000877416,0.000126388,6.92e-05,0.601746998,0.157329633,80.13272762,5.179664862,6.262058538,0.27925268,1703.605592,7.629797688,6.942241352,255.5408388,CI,VCS,3.2625,751,-0.617518585,-0.641257946,-0.548633353,0.023739362,CI.VCS,445,-0.094187215,3.069080114,997.302002,5.126949787,-0.0941872150597014,445,457.6703200268349,405.87682974858745,428.7177508831312,390.64870796075115
100283,RSN14572,96,14572, VCS,3.78,34.0294,-116.7534,14.93,135.39,405,34.4836,-118.1178,17.75,17.84,0.000480007,0.000662182,0.000115056,9.55e-05,0.72488742,0.157435867,84.06512194,5.179664862,6.317747533,0.314159265,1959.771576,5.026251309,5.755301766,293.9657364,CI,VCS,3.2625,837,-0.725937003,-0.641257946,-0.548633353,-0.084679057,CI.VCS,496,-0.20268886,3.069080114,997.302002,5.126949787,-0.20268885961838912,496,484.63742897777485,425.3262575680099,490.36078165608126,406.540300753396
100283,RSN11338,96,11338, VCS,4.78,34.1228,-116.9226,5.969,117.08,405,34.4836,-118.1178,17.1,17.17,0.00049317,0.000649347,0.00028941,0.000139726,0.759486582,0.164693778,87.52586307,5.179664862,6.066214653,0.331612558,1940.479682,3.529550692,2.24369234,291.0719523,CI,VCS,3.2625,831,-0.718742728,-0.641257946,-0.548633353,-0.077484781,CI.VCS,492,-0.194591649,3.069080114,997.302002,5.126949787,-0.19459164938576912,492,448.04104101590775,403.527354983579,431.6878725142502,376.74007112912545
100283,RSN17442,96,17442, VCS,3.73,35.2675,-117.3498,7.92,111.77,405,34.4836,-118.1178,32.01,32.1,-0.000235325,-0.000342712,0.000103594,4.72e-05,0.686655886,0.16299653,86.40031824,5.179664862,6.122995859,0.296705973,1816.438365,4.985699153,3.308222484,272.4657548,CI,VCS,3.2625,789,-0.666879254,-0.641257946,-0.548633353,-0.025621307,CI.VCS,467,-0.142442191,3.069080114,997.302002,5.126949787,-0.14244219056235874,467,485.66221328413326,405.4895564725658,456.8190541734647,386.6549950478215
100283,RSN8872,96,8872, VCS,5.39,33.9465,-117.7667,14.89,67.8,405,34.4836,-118.1178,21.19,21.49,-0.128392663,-0.146842207,0.009533862,0.003256057,0.87435803,0.154920939,78.11527963,5.179664862,6.31653763,0.366519143,2273.052673,39.43194576,15.40217459,340.957901,CI,VCS,3.2625,938,-0.839862882,-0.641257946,-0.548633353,-0.198604936,CI.VCS,555,-0.315081047,3.069080114,997.302002,5.126949787,-0.31508104663989567,555,433.1720342724296,446.320460205946,445.57832671930043,412.9239885276247
100283,RSN11866,96,11866, VCS,4.26,34.2844,-118.4129,8.031,35.0,405,34.4836,-118.1178,30.81,30.93,-0.01540967,-0.023253145,0.000142132,7.33e-05,0.662691846,0.159650341,77.9723716,5.179664862,6.126183158,0.296705973,1808.452725,210.2274216,163.6024611,271.2679088,CI,VCS,3.2625,787,-0.664341181,-0.641257946,-0.548633353,-0.023083235,CI.VCS,466,-0.140298567,3.069080114,997.302002,5.126949787,-0.1402985670191068,466,422.6261552865798,396.078351384732,428.9470780177317,388.85980091502245
100283,RSN17702,96,17702, VCS,3.59,34.3463,-118.5806,6.999,45.19,405,34.4836,-118.1178,13.33,13.44,0.00152744,0.003378306,4.57e-05,2.72e-05,0.452132064,0.16234421,82.05783521,5.179664862,6.100667506,0.20943951,1297.322865,56.15588235,73.92354486,194.5984298,CI,VCS,3.2625,699,-0.545763675,-0.641257946,-0.548633353,0.095494271,CI.VCS,414,-0.021978907,3.069080114,997.302002,5.126949787,-0.02197890671877545,414,431.85633831576763,391.76936527277576,402.1147969124557,382.05389731043743
100283,RSN15313,96,15313, VCS,3.86,34.1976,-117.3882,14.177,74.25,405,34.4836,-118.1178,24.9,25.14,0.00493389,0.009191597,2.24e-05,2.39e-05,0.536782744,0.156359009,79.76789982,5.179664862,6.293825021,0.244346095,1558.857104,206.4389121,410.3391518,233.8285656,CI,VCS,3.2625,756,-0.624154309,-0.641257946,-0.548633353,0.017103637,CI.VCS,448,-0.100906165,3.069080114,997.302002,5.126949787,-0.1009061653084462,448,467.7304445919951,410.0673724890388,423.8922394785516,396.3839075287683
100283,RSN13308,96,13308, VCS,4.19,34.3571,-116.8418,9.486,118.14,405,34.4836,-118.1178,18.8,18.93,0.000921004,0.001102858,0.000196329,5.6e-05,0.835106942,0.161235894,85.81597061,5.179664862,6.185563454,0.34906585,2114.959789,16.4465,5.617397328,317.2439684,CI,VCS,3.2625,888,-0.785084676,-0.641257946,-0.548633353,-0.14382673,CI.VCS,526,-0.261414146,3.069080114,997.302002,5.126949787,-0.2614141456311714,526,481.5016629653013,431.1766835246203,498.6910931532211,406.1136640942373
100283,RSN10152,96,10152, VCS,4.18,34.3617,-118.6637,11.151,51.97,405,34.4836,-118.1178,10.0,10.08,-0.001865442,-0.002511342,0.000667955,0.000197972,0.742806776,0.157217419,78.52378644,5.179664862,6.233452986,0.314159265,1995.142217,9.422756753,3.759747288,299.2713326,CI,VCS,3.2625,849,-0.740172119,-0.641257946,-0.548633353,-0.098914173,CI.VCS,503,-0.216703103,3.069080114,997.302002,5.126949787,-0.2167031029932005,503,471.4886459247754,422.32272763361243,473.45077373664446,406.07144960689214
100283,RSN11760,96,11760, VCS,4.5,34.3365,-116.8617,8.94,116.63,405,34.4836,-118.1178,15.6,15.72,0.002890974,0.002976613,0.001064492,0.000562773,0.971229194,0.161802276,86.0503681,5.179664862,6.165704274,0.383972435,2322.649155,5.137016168,2.796275594,348.3973733,CI,VCS,3.2625,954,-0.856776604,-0.641257946,-0.548633353,-0.215518658,CI.VCS,565,-0.332938664,3.069080114,997.302002,5.126949787,-0.3329386640399026,565,448.2651945078138,448.67172131892215,457.3265044326405,411.75949074757295
100283,RSN13908,96,13908, VCS,4.17,34.3277,-116.829,4.957,119.75,405,34.4836,-118.1178,20.3,20.44,0.001164926,0.001458979,2.31e-05,2.7e-05,0.798453146,0.166140771,88.07936887,5.179664862,6.015610792,0.331612558,1987.305149,43.14540741,63.15926407,298.0957724,CI,VCS,3.2625,846,-0.736632292,-0.641257946,-0.548633353,-0.095374346,CI.VCS,501,-0.212719034,3.069080114,997.302002,5.126949787,-0.2127190339783258,501,510.9190012007559,420.81712628149285,500.3197868376674,390.6991550628384
100283,RSN13351,96,13351, VCS,4.2,34.3768,-117.6461,8.934,44.95,405,34.4836,-118.1178,13.19,13.25,0.002401683,0.003374533,0.001301179,0.00069505,0.711708241,0.159501244,79.5458399,5.179664862,6.165471616,0.314159265,1910.287912,3.455410402,2.593442562,286.5431868,CI,VCS,3.2625,821,-0.706636042,-0.641257946,-0.548633353,-0.065378096,CI.VCS,486,-0.182321557,3.069080114,997.302002,5.126949787,-0.1823215567939549,486,453.27985244480146,409.7146015069633,461.54682003395754,394.8834385499135
100283,RSN14174,96,14174, VCS,3.81,33.8204,-117.7145,10.077,82.43,405,34.4836,-118.1178,14.98,15.1,-0.00087741,-0.001127431,7.3e-05,9.15e-05,0.778238196,0.160171167,83.60601175,5.179664862,6.204485033,0.331612558,2027.462303,9.589180328,15.44426027,304.1193455,CI,VCS,3.2625,859,-0.751881855,-0.641257946,-0.548633353,-0.110623909,CI.VCS,509,-0.228560949,3.069080114,997.302002,5.126949787,-0.22856094944398375,509,503.43946990090507,432.5064700048746,495.34204394670417,407.1510195491259
100283,RSN17828,96,17828, VCS,3.25,33.9806,-118.6693,13.117,75.46,405,34.4836,-118.1178,13.88,13.96,-0.000154363,-0.000252032,0.000110395,7.16e-05,0.612476543,0.157302794,80.70072745,5.179664862,6.273618806,0.27925268,1726.504665,2.155907821,2.283001948,258.9756998,CI,VCS,3.2625,759,-0.62811471,-0.641257946,-0.548633353,0.013143236,CI.VCS,449,-0.103135821,3.069080114,997.302002,5.126949787,-0.1031358206357158,449,461.6237845512749,407.6409782230662,433.8025580924848,394.4550924833122
100283,RSN15451,96,15451, VCS,3.99,34.0514,-117.2429,14.998,93.76,405,34.4836,-118.1178,25.07,25.19,0.000633122,0.00089504,4.1e-05,4.75e-05,0.707367668,0.156432746,81.34867558,5.179664862,6.319789549,0.314159265,1939.579566,13.32888421,21.8302439,290.9369349,CI,VCS,3.2625,830,-0.717538634,-0.641257946,-0.548633353,-0.076280687,CI.VCS,491,-0.192557061,3.069080114,997.302002,5.126949787,-0.19255706068798162,491,476.52322602832936,415.4768305807558,470.1954153319705,400.21985806710734
100283,RSN10307,96,10307, VCS,4.34,35.0174,-119.1492,9.557,111.47,405,34.4836,-118.1178,13.18,13.29,-0.000162826,-0.000298789,4.98e-05,6.2e-05,0.544953694,0.161117171,85.55186731,5.179664862,6.187968323,0.244346095,1530.875867,2.626225806,5.999779116,229.6313801,CI,VCS,3.2625,780,-0.655406853,-0.641257946,-0.548633353,-0.014148906,CI.VCS,462,-0.131677824,3.069080114,997.302002,5.126949787,-0.1316778239751999,462,504.33252381438723,420.42992253711367,451.4229601853739,406.0698660727103
100327,RSN14625,105,14625, CAR,3.9,35.3429,-118.5645,9.906,116.57,310,35.3082,-119.8458,30.78,30.86,0.000186515,0.001206102,6.92e-05,1.24e-05,0.154642488,0.160828095,85.57165442,5.179664862,6.199256899,0.06981317,476.2877666,15.04153226,17.42921965,71.44316499,CI,CAR,-999.0,363,-0.157830537,-0.044416603,0.04820799,-0.113413933,CI.CAR,363,-0.157830537,6.998569965,767.2050171,7.722229958,-0.15783053678565828,363,392.0408766503101,354.58879763975557,425.26027832840833,385.097331479237
100327,RSN11264,105,11264, CAR,4.39,35.6421,-120.9543,5.902,107.21,310,35.3082,-119.8458,15.3,15.49,0.000818726,0.00709915,0.000826197,3.35e-05,0.115327319,0.164742122,87.32704643,5.179664862,6.063488731,0.052359878,348.1974686,24.43958209,8.592563275,52.22962029,CI,CAR,-999.0,297,0.042840159,-0.044416603,0.04820799,0.087256762,CI.CAR,297,0.042840159,6.998569965,767.2050171,7.722229958,0.04284015867649238,297,295.72208461476043,290.85099371153416,347.71677462178536,322.0120255253699
100327,RSN17901,105,17901, CAR,4.04,36.3911,-117.8665,9.439,215.42,310,35.3082,-119.8458,13.67,13.9,-6.29e-05,-0.000536651,1.59e-05,9.85e-06,0.11719028,0.161583343,87.74173514,5.179664862,6.183950287,0.052359878,360.6621988,6.385786802,33.75163522,54.09932982,CI,CAR,-999.0,304,0.019544596,-0.044416603,0.04820799,0.063961199,CI.CAR,304,0.019544596,6.998569965,767.2050171,7.722229958,0.01954459607297032,304,379.6093892748132,311.2399864244148,385.2508679454726,333.3915398643469
100327,RSN16319,105,16319, CAR,3.74,34.8456,-119.2446,12.927,75.1,310,35.3082,-119.8458,21.56,21.64,-0.000140635,-0.001292266,6e-05,1.22e-05,0.1088279,0.157450139,80.8440553,5.179664862,6.270295551,0.052359878,344.0381628,11.52745902,21.53776667,51.60572442,CI,CAR,-999.0,294,0.05299253,-0.044416603,0.04820799,0.097409134,CI.CAR,294,0.05299253,6.998569965,767.2050171,7.722229958,0.05299253014051075,294,296.14228067973863,295.96985415961007,333.38113116192244,316.8311582509638
100327,RSN18172,105,18172, CAR,4.08,36.3983,-117.8495,7.662,217.14,310,35.3082,-119.8458,13.19,13.31,-3.88e-05,-0.000238198,2.19e-05,9.58e-06,0.162939647,0.163391107,88.22519818,5.179664862,6.117348091,0.087266463,494.0013137,4.050104384,10.876621,74.10019706,CI,CAR,-999.0,371,-0.179629765,-0.044416603,0.04820799,-0.135213162,CI.CAR,371,-0.179629765,6.998569965,767.2050171,7.722229958,-0.1796297651282428,371,525.4732333298502,355.15583991907454,491.5689659437769,387.41091074600814
100373,RSN10297,112,10297, SYP,4.34,35.0174,-119.1492,9.557,93.33,440,34.5278,-119.9783,9.7,9.9,0.000478394,0.001784917,9.51e-05,0.000106933,0.268020252,0.160909413,84.68615792,5.179664862,6.187968323,0.13962634,812.2795705,4.473773297,18.76884332,121.8419356,CI,SYP,1.21579,504,-0.135801541,-0.059099244,0.03352535,-0.076702297,CI.SYP,504,-0.135801541,43.68880081,1185.349976,12.22700024,-0.1358015411590623,504,462.81054528354986,446.0642686736025,508.12228723634104,468.2970695504483
100373,RSN16372,112,16372, SYP,3.74,34.8456,-119.2446,12.927,75.92,440,34.5278,-119.9783,20.43,20.53,0.000141954,0.001731389,9.37e-05,3.61e-05,0.08198845,0.157450139,80.8440553,5.179664862,6.270295551,0.034906585,259.6510769,3.932243767,18.47800427,38.94766154,CI,SYP,1.21579,244,0.589606502,-0.059099244,0.03352535,0.648705745,CI.SYP,244,0.589606502,43.68880081,1185.349976,12.22700024,0.5896065016191043,244,368.8803725693516,388.5111598200349,349.07005972625564,374.5787969430889
100373,RSN11235,112,11235, SYP,4.42,34.0665,-118.8938,12.827,112.19,440,34.5278,-119.9783,21.87,22.1,0.000236219,0.001066606,2.43e-05,5.71e-05,0.221467594,0.158629764,83.91810675,5.179664862,6.268505043,0.104719755,685.3188279,4.136935201,43.89325103,102.7978242,CI,SYP,1.21579,448,-0.018018506,-0.059099244,0.03352535,0.041080738,CI.SYP,448,-0.018018506,43.68880081,1185.349976,12.22700024,-0.018018505502678472,448,391.52803892354666,391.2648119870697,455.27463854753984,419.00204290685866
100373,RSN8866,112,8866, SYP,5.39,33.9465,-117.7667,14.89,213.71,440,34.5278,-119.9783,17.24,17.64,0.006702995,0.01507775,0.000797044,0.000113599,0.444562026,0.15797587,86.25140316,5.179664862,6.31653763,0.20943951,1314.440197,59.00575709,18.91708613,197.1660296,CI,SYP,1.21579,705,-0.471423076,-0.059099244,0.03352535,-0.412323832,CI.SYP,267,0.499526069,43.68880081,1185.349976,12.22700024,0.49952606851205683,267,302.7662100046668,254.37339903264004,295.50028705341595,258.19462932285006
100373,RSN10543,112,10543, SYP,4.45,34.1081,-117.3062,14.795,250.31,440,34.5278,-119.9783,16.5,16.64,0.000219478,0.000889897,0.000117478,4.2e-05,0.246633256,0.158144777,86.82896345,5.179664862,6.313637877,0.122173048,762.7633025,5.225666667,7.575009789,114.4144954,CI,SYP,1.21579,483,-0.093241927,-0.059099244,0.03352535,-0.034142683,CI.SYP,483,-0.093241927,43.68880081,1185.349976,12.22700024,-0.09324192674026577,483,500.7820810760059,446.45831670954715,578.0481161734238,471.56207937262997
100373,RSN14196,112,14196, SYP,3.69,34.7697,-120.4993,10.11,54.78,440,34.5278,-119.9783,19.69,19.93,0.001396053,0.008147169,6.12e-05,0.00016428,0.171354344,0.158819006,80.24691879,5.179664862,6.205472367,0.087266463,533.7424335,8.498009496,133.1236765,80.06136503,CI,SYP,1.21579,389,0.123195383,-0.059099244,0.03352535,0.182294627,CI.SYP,389,0.123195383,43.68880081,1185.349976,12.22700024,0.1231953832938606,389,366.98586470493666,356.38962318257614,400.32305500253017,382.9979011000113
100373,RSN13465,112,13465, SYP,3.9,34.4032,-118.651,13.612,122.73,440,34.5278,-119.9783,18.59,18.75,0.000125381,0.000650996,2.23e-05,3.17e-05,0.192598654,0.158331745,84.04946756,5.179664862,6.281821568,0.087266463,599.5328547,3.955236593,29.19264574,89.92992821,CI,SYP,1.21579,415,0.058496207,-0.059099244,0.03352535,0.11759545,CI.SYP,415,0.058496207,43.68880081,1185.349976,12.22700024,0.0584962066816086,415,393.4283948743607,368.5673058211478,444.16137959066856,397.94995568913197
100373,RSN10145,112,10145, SYP,4.18,34.3617,-118.6637,11.151,122.21,440,34.5278,-119.9783,8.2,8.41,0.000390803,0.001766113,8.95e-05,9.78e-05,0.221278365,0.159863159,85.20453932,5.179664862,6.233452986,0.104719755,679.4771368,3.995940695,19.73310615,101.9215705,CI,SYP,1.21579,445,-0.011299555,-0.059099244,0.03352535,0.047799689,CI.SYP,445,-0.011299555,43.68880081,1185.349976,12.22700024,-0.011299555253933669,445,420.72764440915995,391.58507841970913,469.86863853289015,415.755788243333
100373,RSN17972,112,17972, SYP,4.04,36.3911,-117.8665,9.439,281.93,440,34.5278,-119.9783,14.9,15.08,0.000165468,0.000754832,0.000115223,7.72e-05,0.219212338,0.161635536,88.27366872,5.179664862,6.183950287,0.104719755,666.0374351,2.143367876,6.551053175,99.90561527,CI,SYP,1.21579,438,0.004555817,-0.059099244,0.03352535,0.06365506,CI.SYP,438,0.004555817,43.68880081,1185.349976,12.22700024,0.004555816535860124,438,481.4635206090462,408.87861306784094,519.0851744218902,430.23136848827886
100373,RSN8431,112,8431, SYP,4.92,34.31,-116.848,6.3,288.15,440,34.5277,-119.9783,5.62,5.8,0.000129481,0.000728148,0.000107354,2.01e-05,0.177822717,0.164480578,88.93834658,5.179664862,6.078701489,0.087266463,534.243402,6.441840796,6.782681595,80.1365103,CI,SYP,1.21579,389,0.123195383,-0.059099244,0.03352535,0.182294627,CI.SYP,389,0.123195383,43.68880081,1185.349976,12.22700024,0.1231953832938606,389,472.809294258919,370.3002188732373,510.48287001096196,398.1966175679958
100373,RSN11987,112,11987, SYP,4.27,34.3874,-119.4398,6.219,51.87,440,34.5278,-119.9783,13.9,13.98,-8.98e-05,-0.000477198,0.000148165,3.26e-05,0.188086815,0.16369837,84.04104532,5.179664862,6.075787581,0.087266463,566.7586481,2.754601227,3.220720143,85.01379722,CI,SYP,1.21579,402,0.090322638,-0.059099244,0.03352535,0.149421882,CI.SYP,402,0.090322638,43.68880081,1185.349976,12.22700024,0.09032263829328535,402,368.4642571004863,361.9211418130728,409.68930869218934,390.51705252589454
100373,RSN10818,112,10818, SYP,4.66,34.2983,-118.6255,8.038,126.95,440,34.5278,-119.9783,21.36,21.75,0.002212874,0.005195564,0.000137485,4.62e-05,0.425916038,0.162966575,86.7774209,5.179664862,6.126524324,0.20943951,1228.804697,47.89770563,37.79004255,184.3207046,CI,SYP,1.21579,673,-0.424970603,-0.059099244,0.03352535,-0.365871359,CI.SYP,255,0.545511182,43.68880081,1185.349976,12.22700024,0.5455111817538807,255,270.8840384749642,234.7046206745351,277.07330140508225,242.71937791000053
100373,RSN9289,112,9289, SYP,5.03,35.3852,-118.6292,7.3,155.67,440,34.5278,-119.9783,17.53,17.89,0.001683159,0.005027295,0.000135324,4.33e-05,0.334804023,0.1635651,87.65738799,5.179664862,6.108664217,0.157079633,982.6751747,38.87203233,37.15006207,147.4012762,CI,SYP,1.21579,592,-0.296731908,-0.059099244,0.03352535,-0.237632664,CI.SYP,592,-0.296731908,43.68880081,1185.349976,12.22700024,-0.296731907971699,592,661.970788848167,550.4426652664873,719.6807462433029,586.6687328509154
100373,RSN9996,112,9996, SYP,4.59,34.9977,-119.1926,10.662,88.83,440,34.5278,-119.9783,7.3,7.52,0.000795528,0.002144767,0.000243244,6.84e-05,0.370915983,0.159762887,83.66284413,5.179664862,6.221029194,0.174532925,1105.236552,11.63052632,8.817348013,165.7854828,CI,SYP,1.21579,634,-0.365274228,-0.059099244,0.03352535,-0.306174984,CI.SYP,240,0.606135804,43.68880081,1185.349976,12.22700024,0.6061358035703153,240,253.53745610323693,220.3968404256976,256.18605435334433,229.5462670381611
100385,RSN17283,116,17283, PMD,3.53,34.2894,-116.8271,6.278,82.39,786,33.6479,-116.3777,25.02,25.08,-8.76e-05,-0.000133736,1.26e-05,9.43e-06,0.655276727,0.164181828,86.27184919,5.179664862,6.07791863,0.296705973,1744.424047,9.289501591,10.61396825,261.6636071,CI,PMD,-999.0,765,0.027080959,-0.045160485,0.047464109,0.072241443,CI.PMD,765,0.027080959,19.11720085,316.875,7.515870094,0.02708095860267079,765,786.3061660529581,626.3651541633009,735.9652337059692,650.7243754395081
100385,RSN10501,116,10501, PMD,4.45,34.1081,-117.3062,14.795,99.92,786,33.6479,-116.3777,16.58,16.8,0.028021836,0.017951974,8.61e-05,6.31e-05,1.560933414,0.156841021,81.98738824,5.179664862,6.313637877,0.506145483,3063.137172,444.086149,208.5014402,459.4705758,CI,PMD,-999.0,1180,-0.406312925,-0.045160485,0.047464109,-0.36115244,CI.PMD,1180,-0.406312925,19.11720085,316.875,7.515870094,-0.40631292503050354,1180,732.3170721506203,759.8109939732204,909.283737374275,840.6827406764404
100385,RSN12632,116,12632, PMD,4.11,33.5089,-116.8485,12.274,46.35,786,33.6479,-116.3777,13.91,13.97,0.003642621,0.00354114,0.000297002,0.000306043,1.02865782,0.155003647,75.93499991,5.179664862,6.258050482,0.401425728,2511.848591,11.90231765,11.92295001,376.7772887,CI,PMD,-999.0,1013,-0.253714712,-0.045160485,0.047464109,-0.208554227,CI.PMD,1013,-0.253714712,19.11720085,316.875,7.515870094,-0.2537147118194767,1013,669.149849631344,707.2831177925698,856.8426616599704,766.0223350818206
100385,RSN15184,116,15184, PMD,3.9,33.867,-117.1038,11.856,71.53,786,33.6479,-116.3777,17.75,17.81,0.000725539,0.004252115,0.000477826,6.04e-05,0.170630127,0.158123374,81.18447123,5.179664862,6.24946745,0.087266463,533.8885843,12.0122351,8.898877416,80.08328765,CI,PMD,-999.0,389,0.703377449,-0.045160485,0.047464109,0.748537933,CI.PMD,389,0.703377449,19.11720085,316.875,7.515870094,0.7033774488107607,389,366.1662945891497,339.7719984926348,385.2401514935377,355.2957825539907
100385,RSN17759,116,17759, PMD,3.63,32.7081,-116.029,7.885,109.19,786,33.6479,-116.3777,32.75,32.86,-0.000512018,-0.000412115,1.96e-05,2.77e-05,1.242415229,0.163001442,86.31833312,5.179664862,6.12225391,0.453785606,2653.59216,18.48440433,21.02627551,398.038824,CI,PMD,-999.0,1057,-0.296233193,-0.045160485,0.047464109,-0.251072709,CI.PMD,1057,-0.296233193,19.11720085,316.875,7.515870094,-0.29623319344103116,1057,760.6338636873157,732.4203408605019,867.8326794256614,794.6943253740171
100393,RSN16641,119,16641, SBB2,3.69,33.735,-117.4936,9.693,110.07,1131,34.6885,-117.8245,12.86,12.97,-0.000231711,-0.00020115,8.51e-06,6.48e-06,1.151928447,0.160965859,85.39814127,5.179664862,6.192470162,0.436332313,2583.039677,35.75787037,23.63689777,387.4559516,CI,SBB2,-999.0,1035,0.08870077,0.072209132,0.164833726,0.016491638,CI.SBB2,1035,0.08870077,2.604199886,820.1699829,4.39688015,0.08870077041665159,1035,654.3463916876016,734.470824185218,679.0197940742302,694.7720694785825
100393,RSN14675,119,14675, SBB2,3.9,35.3429,-118.5645,9.906,99.16,1131,34.6885,-117.8245,27.88,28.0,-0.000101333,-6.39e-05,6.12e-06,1.25e-05,1.584592709,0.160647648,84.80736339,5.179664862,6.199256899,0.506145483,3007.063855,8.10664,10.44117647,451.0595783,CI,SBB2,-999.0,1163,-0.027900676,0.072209132,0.164833726,-0.100109809,CI.SBB2,1163,-0.027900676,2.604199886,820.1699829,4.39688015,-0.027900676402543567,1163,765.8727967833972,809.1006136776374,768.7477090390084,774.6711766600226
100393,RSN19401,119,19401, SBB2,3.43,34.1381,-117.4717,5.767,69.14,1131,34.6885,-117.8245,29.5,29.58,-0.002751328,-0.002264044,6.32e-05,4.79e-05,1.215227093,0.164660961,85.93030602,5.179664862,6.057771424,0.436332313,2590.235534,57.43899791,35.82348101,388.5353301,CI,SBB2,-999.0,1037,0.086770268,0.072209132,0.164833726,0.014561135,CI.SBB2,1037,0.086770268,2.604199886,820.1699829,4.39688015,0.08677026788659337,1037,828.6314488455353,809.3766123651361,784.1822792559478,752.534548337289
100393,RSN9969,119,9969, SBB2,4.59,34.9977,-119.1926,10.662,129.75,1131,34.6885,-117.8245,9.47,9.68,-0.00901152,-0.008873494,0.001303626,0.001207204,1.015554798,0.1602891,85.68325026,5.179664862,6.221029194,0.401425728,2412.352285,7.464786399,6.806778938,361.8528428,CI,SBB2,-999.0,982,0.141266168,0.072209132,0.164833726,0.069057035,CI.SBB2,982,0.141266168,2.604199886,820.1699829,4.39688015,0.14126616776165513,982,660.5556585955959,738.133148187771,740.7304240991418,691.2449659171253
100395,RSN19405,120,19405, TA2,3.43,34.1381,-117.4717,5.767,33.07,586,34.382,-117.6782,21.9,21.96,-0.0020055,-0.015538119,0.000937401,7.55e-05,0.129069688,0.163159406,81.25786547,5.179664862,6.057771424,0.06981317,393.2339712,26.56291391,16.575744,58.98509568,CI,TA2,3.9829,323,0.595667466,0.329491476,0.42211607,0.26617599,CI.TA2,323,0.595667466,18.78919983,2190.179932,14.25450039,0.5956674663543557,323,337.12004297580575,326.0638988325228,355.7823732660967,344.6406136424041
100395,RSN9417,120,9417, TA2,4.88,34.0655,-117.0011,17.501,71.59,586,34.382,-117.6782,15.3,15.39,-0.002125695,-0.011452525,0.000750093,4.08e-05,0.185609325,0.152465067,76.73589583,5.179664862,6.383907006,0.087266463,600.7670163,52.10036765,15.26814008,90.11505245,CI,TA2,3.9829,416,0.342634529,0.329491476,0.42211607,0.013143053,CI.TA2,416,0.342634529,18.78919983,2190.179932,14.25450039,0.3426345293157489,416,396.92248861281854,382.487837972077,440.76056834157805,396.55855318228316
100395,RSN16655,120,16655, TA2,3.69,33.735,-117.4936,9.693,73.76,586,34.382,-117.6782,9.6,9.63,-0.000176474,-0.001250091,0.000432463,7.65e-05,0.141168973,0.160322149,83.11565287,5.179664862,6.192470162,0.06981317,437.0088417,2.306849673,2.890631106,65.55132626,CI,TA2,3.9829,345,0.529775373,0.329491476,0.42211607,0.200283896,CI.TA2,345,0.529775373,18.78919983,2190.179932,14.25450039,0.529775372545652,345,355.680462413412,338.09106021789574,399.3640140197135,360.5896297674187
100395,RSN14422,120,14422, TA2,4.14,34.8632,-116.3444,6.474,133.46,586,34.382,-117.6782,20.1,20.19,-0.000247848,-0.000682113,0.000123795,7.73e-05,0.363353957,0.164206096,87.62532204,5.179664862,6.084678138,0.174532925,1055.914085,3.206313066,5.510020599,158.3871128,CI,TA2,3.9829,620,-0.056399688,0.329491476,0.42211607,-0.385891165,CI.TA2,402,0.376867701,18.78919983,2190.179932,14.25450039,0.37686770095799105,402,518.7863225569372,383.4156888471176,491.58962990075264,389.22419496922004
100395,RSN16030,120,16030, TA2,3.73,35.6346,-117.5657,2.693,139.34,586,34.382,-117.6782,35.16,35.22,-3.59e-05,-8.67e-05,2.68e-05,1.09e-05,0.413675597,0.168393329,89.29199403,5.179664862,5.93802414,0.191986218,1156.394804,3.293577982,3.235074627,173.4592206,CI,TA2,3.9829,646,-0.097479714,0.329491476,0.42211607,-0.42697119,CI.TA2,419,0.33544887,18.78919983,2190.179932,14.25450039,0.33544886965487475,419,480.0766715736811,393.2235277369059,480.0263917794553,404.1483736577801
100395,RSN17534,120,17534, TA2,3.62,33.9521,-116.3635,9.067,130.26,586,34.382,-117.6782,22.23,22.34,9.98e-05,0.000626735,2.22e-05,1.12e-05,0.159223781,0.161744114,86.42167472,5.179664862,6.170551665,0.087266463,487.9342351,8.910714286,28.23130631,73.19013527,CI,TA2,3.9829,368,0.465236851,0.329491476,0.42211607,0.135745375,CI.TA2,368,0.465236851,18.78919983,2190.179932,14.25450039,0.4652368514080809,368,410.3828541309534,345.6194364091931,435.28885323318826,367.80574250542696
100395,RSN17300,120,17300, TA2,3.53,34.2894,-116.8271,6.278,78.99,586,34.382,-117.6782,25.35,25.42,0.00078519,0.003042582,0.000573738,7.35e-05,0.258066916,0.164144844,86.07876835,5.179664862,6.07791863,0.122173048,766.8979439,10.68285714,5.303086078,115.0346916,CI,TA2,3.9829,485,0.189170899,0.329491476,0.42211607,-0.140320578,CI.TA2,485,0.189170899,18.78919983,2190.179932,14.25450039,0.18917089863952885,485,447.6017345546532,434.1640012046788,490.99306912011895,448.0306428981083
100395,RSN17110,120,17110, TA2,3.52,34.2098,-116.4371,4.645,115.85,586,34.382,-117.6782,30.58,30.73,0.000310021,0.001314637,3.6e-05,2.57e-05,0.235822927,0.166731771,88.16866674,5.179664862,5.994593769,0.122173048,693.4537061,12.06307393,36.51769444,104.0180559,CI,TA2,3.9829,451,0.26185245,0.329491476,0.42211607,-0.067639026,CI.TA2,451,0.26185245,18.78919983,2190.179932,14.25450039,0.26185245007433355,451,466.18082968765947,407.06801463741886,486.0803957670446,426.86520826912727
100395,RSN15136,120,15136, TA2,3.78,34.1353,-117.4476,5.857,34.64,586,34.382,-117.6782,23.44,23.49,0.000193118,0.00183496,5.54e-05,2.31e-05,0.105243597,0.163214139,81.6272161,5.179664862,6.061617088,0.052359878,321.0787574,8.36008658,33.12202166,48.16181361,CI,TA2,3.9829,281,0.73496512,0.329491476,0.42211607,0.405473644,CI.TA2,281,0.73496512,18.78919983,2190.179932,14.25450039,0.7349651202432668,281,293.5935455162426,289.00123596906343,315.92394207373394,307.2538153829256
100427,RSN11078,125,11078, JSGB,4.35,36.6065,-121.2101,6.13,106.08,376,37.284,-122.0502,22.6,22.8,-0.000783358,-0.003218388,0.000685811,0.000300638,0.243400792,0.164477301,87.17606436,5.179664862,6.072483163,0.122173048,724.3178489,2.60565198,4.692820617,108.6476773,NC,JSGB,-999.0,466,-0.214596491,0.037488864,0.130113457,-0.252085355,NC.JSGB,466,-0.214596491,19.41049957,188.0809937,4.954850197,-0.21459649073575093,466,435.92089040960127,411.7183042032089,445.6458402185324,415.03207324199326
100427,RSN20898,125,20898, JSGB,3.7,37.8077,-122.0707,11.554,58.15,376,37.284,-122.0502,10.11,10.25,-0.001021126,-0.011072038,0.000138207,0.000107528,0.092225701,0.157505841,79.51003478,5.179664862,6.242859346,0.052359878,291.9312588,9.496373038,80.11199143,43.78968882,NC,JSGB,-999.0,265,0.349859317,0.037488864,0.130113457,0.312370453,NC.JSGB,265,0.349859317,19.41049957,188.0809937,4.954850197,0.3498593174036726,265,278.32488814412807,296.75763114623277,280.91329817462764,294.9043857811661
100427,RSN15821,125,15821, JSGB,3.57,37.0656,-122.2831,5.852,31.86,376,37.284,-122.0502,22.03,22.1,-0.001230108,-0.005675539,0.000365523,0.000137952,0.216738457,0.162861902,80.81291561,5.179664862,6.061407057,0.104719755,653.8948941,8.916927627,15.52717339,98.08423412,NC,JSGB,-999.0,434,-0.143455391,0.037488864,0.130113457,-0.180944255,NC.JSGB,434,-0.143455391,19.41049957,188.0809937,4.954850197,-0.1434553907105105,434,408.16492028535816,395.03853770201977,427.3806232925143,400.9959781818554
100427,RSN20102,125,20102, JSGB,4.2,37.8056,-122.1853,4.131,59.11,376,37.284,-122.0502,4.0,4.24,-0.000691396,-0.005250697,5.25e-05,0.000118563,0.131676947,0.167777503,86.85591255,5.179664862,5.951303027,0.06981317,390.0050718,5.831465128,100.0132762,58.50076077,NC,JSGB,-999.0,321,0.15814802,0.037488864,0.130113457,0.120659156,NC.JSGB,321,0.15814802,19.41049957,188.0809937,4.954850197,0.15814802025987884,321,332.77253906961494,334.36358477519826,332.72920859657745,326.0987977841082
100429,RSN8754,126,8754, RAMR,5.45,37.4317,-121.7767,7.486,215.18,300,35.636,-120.8698,18.12,18.41,-0.002251018,-0.01128927,0.000616852,0.000126274,0.199394476,0.163503483,88.25584212,5.179664862,6.113244097,0.104719755,601.2637368,17.82645675,18.301424,90.18956052,BK,RAMR,0.6844795,416,-0.326902786,-0.386309912,-0.293685319,0.059407127,BK.RAMR,416,-0.326902786,14.27700043,431.9190063,7.236629963,-0.32690278560506236,416,502.7939627516556,380.12034749680674,415.8750093936632,363.7584037887783
100429,RSN15081,126,15081, RAMR,3.56,36.0672,-120.1861,14.523,78.12,300,35.636,-120.8698,19.98,20.06,-0.000117905,-0.000484134,2.55e-05,3.75e-05,0.243537742,0.156210377,80.03910264,5.179664862,6.305125515,0.122173048,763.0554067,3.144133333,18.98564706,114.458311,BK,RAMR,0.6844795,483,-0.476234179,-0.386309912,-0.293685319,-0.089924267,BK.RAMR,483,-0.476234179,14.27700043,431.9190063,7.236629963,-0.4762341789963713,483,449.9043126026887,436.8548787022699,405.2094631570848,418.1982665675161
100429,RSN14108,126,14108, RAMR,3.8,35.632,-120.7532,6.775,10.57,300,35.636,-120.8698,28.62,28.72,0.091834787,0.584537881,0.000735552,0.000885032,0.157106647,0.138104296,57.31306346,5.179664862,6.094190843,0.06981317,563.284965,103.764369,794.6928035,84.49274475,BK,RAMR,0.6844795,401,-0.290178953,-0.386309912,-0.293685319,0.09613096,BK.RAMR,401,-0.290178953,14.27700043,431.9190063,7.236629963,-0.2901789526503684,401,401.5651628607062,412.6897693105193,391.5352475011979,406.2222865896617
100429,RSN18424,126,18424, RAMR,3.72,35.86,-120.4076,9.04,48.64,300,35.636,-120.8698,21.05,21.13,0.000879902,0.003495984,0.000224903,2.64e-05,0.251689279,0.159766066,80.29272422,5.179664862,6.169533303,0.122173048,769.6005287,33.32962121,15.54440803,115.4400793,BK,RAMR,0.6844795,486,-0.482426149,-0.386309912,-0.293685319,-0.096116237,BK.RAMR,486,-0.482426149,14.27700043,431.9190063,7.236629963,-0.4824261492442927,486,449.17388035640494,442.1218197030162,406.9780999756183,427.669729877071
100429,RSN18513,126,18513, RAMR,3.4,36.0805,-120.1706,12.646,80.13,300,35.636,-120.8698,20.35,20.45,-0.000107706,-0.000355129,2.93e-05,4.38e-05,0.303285616,0.157905533,81.61398687,5.179664862,6.265188729,0.13962634,928.1181545,2.459041096,12.12044369,139.2177232,BK,RAMR,0.6844795,562,-0.627719375,-0.386309912,-0.293685319,-0.241409463,BK.RAMR,562,-0.627719375,14.27700043,431.9190063,7.236629963,-0.6277193752374899,562,561.3004510507944,504.9022398017514,461.015679853435,485.2592527442801
100429,RSN19021,126,19021, RAMR,3.9,35.6721,-121.0963,5.807,20.9,300,35.636,-120.8698,21.26,21.33,-0.000872069,-0.007323907,0.000413402,9.88e-05,0.119071535,0.159989219,75.80209476,5.179664862,6.059497783,0.052359878,370.0224404,8.826609312,17.71618667,55.50336606,BK,RAMR,0.6844795,310,-0.032789823,-0.386309912,-0.293685319,0.35352009,BK.RAMR,310,-0.032789823,14.27700043,431.9190063,7.236629963,-0.032789822822991255,310,321.4453469584751,331.74439102284106,304.4438654038114,323.2355744061851
100429,RSN18521,126,18521, RAMR,3.48,35.8309,-120.3782,6.939,49.45,300,35.636,-120.8698,20.65,20.72,0.000675081,0.002692159,0.000203347,3.22e-05,0.250758342,0.162721053,82.94668801,5.179664862,6.098979266,0.122173048,752.9930573,20.96524845,13.23923638,112.9489586,BK,RAMR,0.6844795,479,-0.467918123,-0.386309912,-0.293685319,-0.08160821,BK.RAMR,479,-0.467918123,14.27700043,431.9190063,7.236629963,-0.467918122754714,479,443.9058553278044,436.67180842835774,403.20440146411715,421.2149522951904
100439,RSN11747,131,11747, SBC,4.5,34.3365,-116.8617,8.94,262.64,485,34.4408,-119.7149,17.6,17.8875,0.000228446,0.00084043,6.19e-05,0.000105583,0.271821042,0.162112476,88.25751637,5.179664862,6.165704274,0.13962634,816.9147572,2.163662711,13.57722132,122.5372136,CI,SBC,0.2,506,-0.042387778,0.050342216,0.142966809,-0.092729994,CI.SBC,506,-0.042387778,4.426280022,105.5289993,5.224259853,-0.04238777834998242,506,555.7188777829325,454.2804629806886,512.5408912646348,446.0376879765419
100439,RSN11849,131,11849, SBC,4.26,34.2844,-118.4129,8.031,121.02,485,34.4408,-119.7149,45.78,45.925,0.000237196,0.001083234,0.000327611,7.22e-05,0.218970156,0.1629496,86.61866524,5.179664862,6.126183158,0.104719755,659.9694792,3.285263158,3.306464069,98.99542188,CI,SBC,0.2,436,0.106506648,0.050342216,0.142966809,0.056164432,CI.SBC,436,0.106506648,4.426280022,105.5289993,5.224259853,0.10650664758844908,436,425.13536653073294,385.911603360549,426.9333544847229,383.73507666033953
100439,RSN10127,131,10127, SBC,4.18,34.3617,-118.6637,11.151,97.05,485,34.4408,-119.7149,8.5625,8.8,0.00075525,0.003520524,0.000100986,6.59e-05,0.214527629,0.159516673,83.90093691,5.179664862,6.233452986,0.104719755,661.0955824,11.46054628,34.86150556,99.16433736,CI,SBC,0.2,437,0.104215696,0.050342216,0.142966809,0.05387348,CI.SBC,437,0.104215696,4.426280022,105.5289993,5.224259853,0.10421569584189339,437,405.34417445674455,386.617006436005,415.31953939660866,385.2654896134566
100439,RSN17552,131,17552, SBC,3.29,34.2551,-119.6305,10.135,22.01,485,34.4408,-119.7149,72.625,72.7125,-0.001832313,-0.006521364,0.000178892,5.95e-05,0.280970763,0.147754634,66.49095978,5.179664862,6.206215806,0.13962634,924.3279135,30.79517647,36.45419583,138.649187,CI,SBC,0.2,560,-0.143787893,0.050342216,0.142966809,-0.194130108,CI.SBC,560,-0.143787893,4.426280022,105.5289993,5.224259853,-0.14378789279171134,560,517.8189971814579,518.0050047940531,544.4526932149197,525.5073691184567
100439,RSN10275,131,10275, SBC,4.34,35.0174,-119.1492,9.557,82.32,485,34.4408,-119.7149,6.15,6.375,-0.000698387,-0.002632857,0.000312765,6.39e-05,0.265258304,0.16070964,83.96952811,5.179664862,6.187968323,0.122173048,803.7251598,10.92937402,8.418003933,120.558774,CI,SBC,0.2,500,-0.030459207,0.050342216,0.142966809,-0.080801423,CI.SBC,500,-0.030459207,4.426280022,105.5289993,5.224259853,-0.030459207484708095,500,461.5386667965171,443.61356488392846,474.5092495340702,440.41946424245145
100439,RSN8846,131,8846, SBC,5.39,33.9465,-117.7667,14.89,187.76,485,34.4408,-119.7149,25.5,26.05,0.006682888,0.027576853,0.000258152,0.000104489,0.242336857,0.15787498,85.72922624,5.179664862,6.31653763,0.122173048,751.491272,63.95781374,106.824092,112.7236908,CI,SBC,0.2,478,0.014538158,0.050342216,0.142966809,-0.035804057,CI.SBC,478,0.014538158,4.426280022,105.5289993,5.224259853,0.014538158446026905,478,476.2289456684396,427.659654187127,464.97129288950674,416.56006307467976
100439,RSN12102,131,12102, SBC,4.42,34.8927,-119.0292,16.97,80.39,485,34.4408,-119.7149,35.8125,36.0375,0.002285832,0.0113835,7.53e-05,0.000108514,0.200802178,0.153827758,78.57156412,5.179664862,6.371886121,0.104719755,643.4220784,21.06485799,151.1752988,96.51331176,CI,SBC,0.2,431,0.118040801,0.050342216,0.142966809,0.067698585,CI.SBC,431,0.118040801,4.426280022,105.5289993,5.224259853,0.11804080083373591,431,412.9981383956602,395.0065516228378,408.66256106725666,390.5078548570216
100439,RSN11219,131,11219, SBC,4.42,34.0665,-118.8938,12.827,86.28,485,34.4408,-119.7149,22.23,22.32,0.000375641,0.001766868,0.000677559,0.000122465,0.212602918,0.158005487,82.07865633,5.179664862,6.268505043,0.104719755,661.6876811,3.067333524,2.607696156,99.25315217,CI,SBC,0.2,437,0.104215696,0.050342216,0.142966809,0.05387348,CI.SBC,437,0.104215696,4.426280022,105.5289993,5.224259853,0.10421569584189339,437,382.8923530031719,384.32231497747466,400.63576861655224,383.2164231451783
100439,RSN9267,131,9267, SBC,5.03,35.3852,-118.6292,7.3,144.29,485,34.4408,-119.7149,16.775,17.35,0.004147836,0.014044766,0.000108345,0.000101135,0.295329683,0.163543274,87.47741155,5.179664862,6.108664217,0.13962634,874.4847982,41.01286399,129.6300337,131.1727197,CI,SBC,0.2,534,-0.096246948,0.050342216,0.142966809,-0.146589164,CI.SBC,534,-0.096246948,4.426280022,105.5289993,5.224259853,-0.09624694802271172,534,560.1089687057594,478.2757778418064,515.4673719915169,468.93165126048956
100439,RSN15074,131,15074, SBC,3.52,34.2871,-119.6948,5.225,17.15,485,34.4408,-119.7149,13.9125,13.975,-0.003573312,-0.018028655,0.000319851,0.000147406,0.198201812,0.160307396,75.20797477,5.179664862,6.0312809,0.104719755,609.7210872,24.24129276,56.3657922,91.45816308,CI,SBC,0.2,419,0.146277971,0.050342216,0.142966809,0.095935755,CI.SBC,419,0.146277971,4.426280022,105.5289993,5.224259853,0.1462779710153459,419,389.22933029832075,380.7356172053789,412.30020127790084,385.00927739305746
100439,RSN10794,131,10794, SBC,4.66,34.2983,-118.6255,8.038,101.44,485,34.4408,-119.7149,10.0,10.25,0.002274322,0.010219741,0.001352213,0.000216909,0.222542022,0.162821926,85.9741614,5.179664862,6.126524324,0.104719755,670.7625247,10.48514354,7.557789342,100.6143787,CI,SBC,0.2,441,0.095104015,0.050342216,0.142966809,0.0447618,CI.SBC,441,0.095104015,4.426280022,105.5289993,5.224259853,0.0951040154906373,441,398.65727418919363,388.52306429926745,408.98852864689337,385.9171514745518
100439,RSN18137,131,18137, SBC,5.19,36.4034,-117.8499,9.418,275.86,485,34.4408,-119.7149,16.29,16.65,-0.000722678,-0.001725475,0.000377962,0.000105788,0.418828577,0.161651656,88.24027661,5.179664862,6.183223963,0.191986218,1217.479716,6.831379741,4.565207613,182.6219574,CI,SBC,0.2,669,-0.321635169,0.050342216,0.142966809,-0.371977385,CI.SBC,112,1.46565002,4.426280022,105.5289993,5.224259853,1.4656500196423892,112,124.46370958012845,106.05543361893761,113.5624901441748,101.52850558518327
100439,RSN15337,131,15337, SBC,3.74,34.8437,-119.6912,11.07,44.75,485,34.4408,-119.7149,21.0125,21.075,-0.000402795,-0.003335357,0.000230631,0.00010364,0.120765172,0.156248264,76.81965222,5.179664862,6.231475121,0.052359878,384.1941561,3.886482053,14.46187633,57.62912342,CI,SBC,0.2,318,0.422097508,0.050342216,0.142966809,0.371755293,CI.SBC,318,0.422097508,4.426280022,105.5289993,5.224259853,0.4220975081573064,318,322.79091943038287,322.921760484031,330.616110318422,327.31173663641005
100439,RSN11967,131,11967, SBC,4.27,34.3874,-119.4398,6.219,25.98,485,34.4408,-119.7149,16.6375,16.775,-0.000907415,-0.005299181,6.38e-05,5.14e-05,0.17123682,0.160828988,77.73155915,5.179664862,6.075787581,0.087266463,526.7206539,17.65398833,83.05926332,79.00809809,CI,SBC,0.2,386,0.228311521,0.050342216,0.142966809,0.177969306,CI.SBC,386,0.228311521,4.426280022,105.5289993,5.224259853,0.22831152147265232,386,362.8074549491818,353.7326737922752,386.9476452198134,363.3317482720806
100442,RSN17974,132,17974, TFT,4.04,36.3911,-117.8665,9.439,197.0,332,35.1459,-119.4195,13.7,13.8,-0.000720362,-0.003145269,0.000410871,2.63e-05,0.22903018,0.161557713,87.52196122,5.179664862,6.183950287,0.104719755,694.7638994,27.39019011,7.655125331,104.2145849,CI,TFT,-999.0,452,-0.308547211,-0.484833221,-0.392208627,0.17628601,CI.TFT,452,-0.308547211,4.117599964,231.0299988,3.351910114,-0.30854721091574344,452,519.541067535665,408.863186355139,483.916215374968,414.7098347317684
100442,RSN14198,132,14198, TFT,3.69,34.7697,-120.4993,10.11,107.09,332,35.1459,-119.4195,29.3,29.44,-0.000528788,-0.001640938,0.000111394,5.16e-05,0.322247477,0.160544958,85.04132651,5.179664862,6.205472367,0.157079633,967.1226823,10.24782946,14.73093703,145.0684023,CI,TFT,-999.0,584,-0.564766014,-0.484833221,-0.392208627,-0.079932793,CI.TFT,584,-0.564766014,4.117599964,231.0299988,3.351910114,-0.564766013911739,584,643.904482953509,527.7561439169136,551.8683490328516,538.4422508901964
100442,RSN13468,132,13468, TFT,3.9,34.4032,-118.651,13.612,108.34,332,35.1459,-119.4195,24.4,24.52,0.000532984,0.001710742,0.000304069,6.23e-05,0.311551693,0.158095064,83.27761185,5.179664862,6.281821568,0.157079633,952.3801462,8.555120385,5.626163798,142.8570219,CI,TFT,-999.0,576,-0.550972692,-0.484833221,-0.392208627,-0.066139471,CI.TFT,576,-0.550972692,4.117599964,231.0299988,3.351910114,-0.5509726917794033,576,588.4993122651057,520.2464181401289,529.842922377393,528.6216936329415
100442,RSN10301,132,10301, TFT,4.34,35.0174,-119.1492,9.557,28.48,332,35.1459,-119.4195,4.1,4.26,-0.003917818,-0.012180985,0.000193106,8.86e-05,0.321633947,0.154052351,72.41524158,5.179664862,6.187968323,0.157079633,1006.139683,44.21916479,63.07926735,150.9209525,CI,TFT,-999.0,604,-0.598439229,-0.484833221,-0.392208627,-0.113606008,CI.TFT,604,-0.598439229,4.117599964,231.0299988,3.351910114,-0.5984392290183269,604,609.9627761041893,558.0223608143579,566.2129651700794,570.9535203378055
100442,RSN10821,132,10821, TFT,4.66,34.2983,-118.6255,8.038,118.87,332,35.1459,-119.4195,18.98,19.05,-0.000560723,-0.002113458,0.000656546,0.000226233,0.265310753,0.162930171,86.5575866,5.179664862,6.126524324,0.122173048,792.9180387,2.478519933,3.219055481,118.9377058,CI,TFT,-999.0,496,-0.401440958,-0.484833221,-0.392208627,0.083392263,CI.TFT,496,-0.401440958,4.117599964,231.0299988,3.351910114,-0.4014409578084397,496,453.019798059144,435.86306463660173,443.834818394239,442.0959803576838
100452,RSN18047,134,18047, RCT,4.5,36.3915,-117.8683,9.117,123.84,282,36.3052,-119.2438,10.67,10.82,0.008545547,0.046019592,0.001395475,0.001429802,0.185693682,0.161653603,86.19356204,5.179664862,6.172420506,0.087266463,566.8678937,5.976734541,32.97772586,85.03018406,CI,RCT,3.7,402,-0.354545018,-0.356168493,-0.263543899,0.001623475,CI.RCT,402,-0.354545018,5.659100056,108.0770035,0.161065996,-0.3545450176809073,402,375.23885813364444,357.3401889410871,341.78614680489756,348.12721853403934
100452,RSN18187,134,18187, RCT,4.08,36.3983,-117.8495,7.662,125.58,282,36.3052,-119.2438,10.8,10.9,0.000721735,0.003909779,0.001164321,0.000161988,0.18459726,0.163234112,86.92469468,5.179664862,6.117348091,0.087266463,558.1731387,4.455484357,3.357990623,83.72597081,CI,RCT,3.7,399,-0.347054346,-0.356168493,-0.263543899,0.009114147,CI.RCT,399,-0.347054346,5.659100056,108.0770035,0.161065996,-0.3470543459517499,399,444.91487127232995,360.34485818570954,375.29836377014715,353.6735109358136
100452,RSN9769,134,9769, RCT,4.69,35.0172,-119.0247,9.251,144.28,282,36.3052,-119.2438,8.5,8.69,-0.001611656,-0.008486225,0.000302358,0.000148191,0.18991437,0.16161363,86.69773499,5.179664862,6.177322679,0.087266463,579.4561065,10.87553225,28.06681153,86.91841598,CI,RCT,3.7,407,-0.366906115,-0.356168493,-0.263543899,-0.010737622,CI.RCT,407,-0.366906115,5.659100056,108.0770035,0.161065996,-0.36690611450448074,407,408.151352412665,366.9210378812463,364.8156412432999,353.429661446144
100458,RSN17929,136,17929, MDPB,4.04,36.3911,-117.8665,9.439,175.0,580,37.6323,-119.0794,12.45,12.72,3.74e-05,0.000489813,1.1e-05,1.37e-06,0.076258853,0.16151688,87.20730569,5.179664862,6.183950287,0.034906585,235.5310357,27.29927007,44.52845455,35.32965536,NC,MDPB,4.121806667,227,0.938078086,0.704825117,0.79744971,0.233252969,NC.MDPB,227,0.938078086,13.47599983,2372.969971,5.602079868,0.9380780860590621,227,311.3252304440801,322.4782412050611,313.78802400131906,328.24056950539267
100458,RSN18218,136,18218, MDPB,4.36,36.3932,-117.8644,8.798,174.94,580,37.6323,-119.0794,12.5,12.57,-3.48e-05,-0.000300236,0.000108841,2.87e-06,0.116007697,0.162170183,87.41913142,5.179664862,6.160106881,0.052359878,355.7789671,12.12543554,2.758482557,53.36684507,NC,MDPB,4.121806667,301,0.655917839,0.704825117,0.79744971,-0.048907278,NC.MDPB,301,0.655917839,13.47599983,2372.969971,5.602079868,0.6559178387915896,301,332.38412584132953,295.98477820334335,323.8464369441808,302.2511840592092
100458,RSN18104,136,18104, MDPB,5.19,36.4034,-117.8499,9.418,174.85,580,37.6323,-119.0794,11.63,11.77,-0.000365045,-0.002279665,0.000481261,0.000111922,0.160130863,0.161536806,87.2142442,5.179664862,6.183223963,0.087266463,491.2746474,3.26160183,4.736857963,73.69119711,NC,MDPB,4.121806667,370,0.449525098,0.704825117,0.79744971,-0.255300019,NC.MDPB,370,0.449525098,13.47599983,2372.969971,5.602079868,0.4495250979021952,370,375.5695406339153,347.7544922932255,374.0652157935196,349.37075593497457
100458,RSN18267,136,18267, MDPB,4.2,36.3905,-117.8695,8.829,174.89,580,37.6323,-119.0794,11.92,11.99,6.16e-05,0.000640058,7.58e-05,1.14e-05,0.096248184,0.162136278,87.40888545,5.179664862,6.161345296,0.052359878,295.8521559,5.403508772,8.444036939,44.37782339,NC,MDPB,4.121806667,267,0.775779445,0.704825117,0.79744971,0.070954328,NC.MDPB,267,0.775779445,13.47599983,2372.969971,5.602079868,0.7757794451402154,267,313.0565510108379,272.274804611943,296.6792573427059,278.46565303299286
100533,RSN19345,141,19345, FIG,2.99,35.2117,-120.7977,8.96,91.34,489,34.7283,-119.988,13.1,13.27,5.66e-05,9.04e-05,1.03e-05,1.59e-05,0.625756726,0.161536567,84.94565829,5.179664862,6.166477393,0.27925268,1708.129489,3.559748428,8.776699029,256.2194234,CI,FIG,11.41846667,753,-0.431702738,-0.454797294,-0.3621727,0.023094555,CI.FIG,787,-0.475865759,31.3586998,953.3779907,13.5788002,-0.4758657589425308,787,831.3673976577205,703.7478382503848,786.6011415067676,736.6246099090469
100533,RSN10060,141,10060, FIG,4.18,34.3617,-118.6637,11.151,128.18,489,34.7283,-119.988,11.0,11.29,0.001679887,0.002360424,0.000510185,0.000252241,0.711688636,0.15991472,85.43011327,5.179664862,6.233452986,0.314159265,1905.312612,6.659849113,4.626604075,285.7968918,CI,FIG,11.41846667,819,-0.515721594,-0.454797294,-0.3621727,-0.060924301,CI.FIG,856,-0.559907887,31.3586998,953.3779907,13.5788002,-0.5599078866668696,856,863.5271522293081,724.0618896554344,723.137585976435,757.6970757015318
100533,RSN14178,141,14178, FIG,3.69,34.7697,-120.4993,10.11,47.04,489,34.7283,-119.988,18.28,18.41,0.000823661,0.002317106,5.62e-05,1.76e-05,0.355469629,0.157944017,78.55546148,5.179664862,6.205472367,0.174532925,1076.58512,46.79892045,41.22964413,161.487768,CI,FIG,11.41846667,626,-0.246987882,-0.454797294,-0.3621727,0.207809412,CI.FIG,654,-0.290744862,31.3586998,953.3779907,13.5788002,-0.2907448619823265,654,692.1454940086387,623.9306005267458,670.2275625110175,638.8844330622134
100533,RSN12400,141,12400, FIG,4.27,36.1466,-118.0613,4.057,235.3,489,34.7283,-119.988,25.6,26.08,0.000287586,0.00027678,2.02e-05,2.03e-05,1.039044634,0.168224253,89.24831267,5.179664862,5.943934512,0.401425728,2326.866544,14.16679803,13.7019802,349.0299816,CI,FIG,11.41846667,955,-0.669348851,-0.454797294,-0.3621727,-0.214551557,CI.FIG,998,-0.713390787,31.3586998,953.3779907,13.5788002,-0.7133907868365919,998,958.2788699638768,861.1319788988291,685.0474515958011,809.9847687688051
100533,RSN16329,141,16329, FIG,3.74,34.8456,-119.2446,12.927,69.27,489,34.7283,-119.988,19.5,19.65,0.00063932,0.001096753,7.44e-06,1.14e-05,0.5829208,0.15708414,80.0516822,5.179664862,6.270295551,0.261799388,1659.748567,56.08070175,147.4130376,248.9622851,CI,FIG,11.41846667,737,-0.410225403,-0.454797294,-0.3621727,0.044571891,CI.FIG,770,-0.454028025,31.3586998,953.3779907,13.5788002,-0.4540280253728568,770,799.6763341922855,704.4577830371989,762.9170748916619,722.7549596509259
100545,RSN15129,146,15129, RSS,3.78,34.1353,-117.4476,5.857,21.15,360,33.9733,-117.3267,20.13,20.2,-0.001949399,-0.011619016,0.0007086,0.00071096,0.16777663,0.16031288,76.34996733,5.179664862,6.061617088,0.087266463,518.0320267,2.741925003,16.39714366,77.70480401,CI,RSS,2.05,382,-0.059316577,0.040539018,0.133163611,-0.099855595,CI.RSS,382,-0.059316577,7.158249855,331.2420044,3.277760029,-0.05931657715641947,382,369.07336751327426,357.9204015500835,366.0670007959284,363.9379300069247
100545,RSN13883,146,13883, RSS,4.17,34.3277,-116.829,4.957,60.43,360,33.9733,-117.3267,19.16,19.22,-0.000816418,-0.00545544,0.000470554,0.000249089,0.149652137,0.165861547,86.16304442,5.179664862,6.015610792,0.06981317,447.2598873,3.277615631,11.59365344,67.0889831,CI,RSS,2.05,350,0.028170877,0.040539018,0.133163611,-0.012368141,CI.RSS,350,0.028170877,7.158249855,331.2420044,3.277760029,0.028170876966696845,350,352.67120325540077,345.07463045123444,342.10789508501375,345.72636390541254
100545,RSN12030,146,12030, RSS,4.37,34.0559,-117.2442,15.833,11.92,360,33.9733,-117.3267,24.6,24.63,-0.001226636,-0.017689204,0.004819569,0.000340156,0.069343769,0.093903052,36.56025077,5.179664862,6.343433553,0.034906585,368.5706049,3.606098378,3.67028753,55.28559074,CI,RSS,2.05,309,0.152762755,0.040539018,0.133163611,0.112223736,CI.RSS,309,0.152762755,7.158249855,331.2420044,3.277760029,0.15276275455240995,309,400.0618644702998,410.59972259529485,429.6574385954543,439.9657387585489
