SSN,File.name,Code,RSN,SID,Mw,E.Lat,E.Long,E.Dep,EpiD,Vs30_mea,S.Lat,S.Long,p.ver,peak.time,Ur,Uz,max.noise.ver.05,max.noise.rad.05,U.ratio,ray.p,i2.angle,Vp_1,Vp_2,j.angle,Vsz,SNRrad,SNRver,z_0.15,network,station,f0,Vs30_est,Res,y_bar,eta,within_res,station2,Vs30_f0,Res_f0,slope,mean_ele_500m,slope_500m,log_res,P-wave_pred,Set1_pred,Set2_pred,Set3_pred,Set4_pred
1310,RSN11501,2,11501,13096,4.73,33.7328,-117.4921,10.018,21.2,646,33.699,-117.267,24.75,24.775,0.003061105,0.01743913,0.001256407,0.000951544,0.17553082,0.146970487,65.72938663,5.179664862,6.202702587,0.087266463,590.4172747,3.216987338,13.88015985,88.56259121,CE,13096,6.42143,412,0.449776154,-0.084978458,0.007646135,0.534754612,CE.13096,412,0.449776154,5.790719986,436.6180115,1.587949991,0.44977615443307517,412,370.6610696094667,369.4401131483794,390.4827111431852,369.5572148110616
1310,RSN10573,2,10573,13096,4.45,34.1081,-117.3062,14.795,45.52,646,33.699,-117.267,19.4,19.505,-0.03191384,-0.024361638,0.000542156,0.000981913,1.310003876,0.151133427,72.5926063,5.179664862,6.313637877,0.453785606,2930.37901,32.50169822,44.93473834,439.5568515,CE,13096,6.42143,1141,-0.568860846,-0.084978458,0.007646135,-0.483882388,CE.13096,918,-0.351397887,5.790719986,436.6180115,1.587949991,-0.35139788683788886,918,564.7606128471807,669.2267047575453,685.0828399653088,705.4394158520126
1310,RSN15457,2,15457,13096,3.99,34.0514,-117.2429,14.998,39.15,646,33.699,-117.267,20.25,20.31,-0.003927207,-0.007156505,0.00059726,0.000437127,0.548760509,0.148479491,69.77779578,5.179664862,6.319789549,0.244346095,1670.242381,8.984132758,11.98222717,250.5363572,CE,13096,6.42143,740,-0.135850682,-0.084978458,0.007646135,-0.050872224,CE.13096,596,0.080558837,5.790719986,436.6180115,1.587949991,0.08055883671725184,596,522.2554648488469,498.7557552054232,566.9599246886401,512.3146726944882
1312,RSN2052,3,2052,13099,4.27,33.9173,-117.7758,7.0,17.5,420,33.876,-117.593,1.7,1.84,0.039527627,0.200839827,0.036904327,0.006309299,0.196811695,0.153479091,69.44395478,5.179664862,6.100695365,0.104719755,632.5468538,6.2649792,5.442175575,94.88202807,CE,13099,0.35,427,-0.016529302,-0.103339769,-0.010715175,0.086810467,CE.13099,427,-0.016529302,4.117599964,219.6060028,2.600260019,-0.01652930195121094,427,407.89854153019604,402.519311472365,407.8069071422976,391.37399776318233
1312,RSN10576,3,10576,13099,4.45,34.1081,-117.3062,14.795,36.95,420,33.876,-117.593,19.83,19.915,-0.057999847,-0.198856957,0.001589147,0.001106862,0.291666171,0.147900382,69.03344512,5.179664862,6.313637877,0.13962634,955.9078497,52.40025134,125.1344004,143.3861775,CE,13099,0.35,577,-0.317587555,-0.103339769,-0.010715175,-0.214247787,CE.13099,577,-0.317587555,4.117599964,219.6060028,2.600260019,-0.31758755523068594,577,519.6733291129626,531.7073021655675,516.9185921695605,516.7547972317531
1312,RSN11504,3,11504,13099,4.73,33.7328,-117.4921,10.018,18.43,420,33.876,-117.593,24.61,24.665,-0.02417688,-0.143618268,0.025164524,0.005369382,0.168341257,0.142421923,62.05536456,5.179664862,6.202702587,0.087266463,585.0156028,4.502730482,5.707172049,87.75234042,CE,13099,0.35,410,0.024097552,-0.103339769,-0.010715175,0.12743732,CE.13099,410,0.024097552,4.117599964,219.6060028,2.600260019,0.024097551579060017,410,372.55480691939226,386.08124229338955,386.2182400482175,381.69290936427467
1592,RSN16013,7,16013,-999,3.73,35.6346,-117.5657,2.693,143.29,726,34.8294,-116.335,36.08,36.33,0.000118602,0.000294744,1.03e-05,1.53e-05,0.402390633,0.168394048,89.31207735,5.179664862,5.93802414,0.191986218,1129.142565,7.751764706,28.61592233,169.3713848,,,-1.0,640,0.126081838,0.103498702,0.196123295,0.022583137,NA.NA,640,0.126081838,44.26279831,898.9589844,9.174039841,0.12608183847107846,640,755.5929968060987,637.0536038124835,748.855444222909,647.2091193261278
1592,RSN14590,7,14590,-999,4.11,35.6211,-117.5805,9.045,143.43,726,34.8294,-116.335,39.99,40.09,0.000213611,0.001516939,4.06e-05,1.21e-05,0.140817422,0.161822348,86.75737805,5.179664862,6.169722379,0.06981317,431.9001847,17.65380165,37.36302956,64.78502771,,,-1.0,343,0.749819568,0.103498702,0.196123295,0.646320866,NA.NA,343,0.749819568,44.26279831,898.9589844,9.174039841,0.7498195676588564,343,417.5340697972956,396.9605362194376,431.137809339128,411.55290758660215
1592,RSN12691,7,12691,-999,4.34,35.8373,-117.678,6.864,165.57,726,34.8294,-116.335,25.01,25.13,0.000140563,0.000960378,1.71e-05,1.22e-05,0.146361817,0.163915136,87.95219892,5.179664862,6.096821743,0.06981317,442.8302046,11.52155738,56.16245614,66.42453069,,,-1.0,348,0.735347535,0.103498702,0.196123295,0.631848833,NA.NA,348,0.735347535,44.26279831,898.9589844,9.174039841,0.7353475350503214,348,413.6772057152375,397.8403796365547,441.39908497216703,411.69749576322
1592,RSN8219,7,8219,-999,4.92,33.5083,-116.5143,15.2,147.82,726,34.8294,-116.335,26.3,26.5,-0.003064116,-0.003293982,0.000370207,0.000354905,0.930216542,0.157341639,84.44486918,5.179664862,6.325747735,0.366519143,2321.460886,8.633623082,8.897676165,348.2191329,,,-1.0,953,-0.272064889,0.103498702,0.196123295,-0.375563591,NA.NA,953,-0.272064889,44.26279831,898.9589844,9.174039841,-0.27206488882940594,953,762.5288504503299,848.3941945766812,805.873979972098,859.4225615890705
1592,RSN14238,7,14238,-999,3.94,32.7219,-116.8133,20.237,237.92,726,34.8294,-116.335,25.95,26.06,-2.71e-05,-6.08e-05,7.5e-06,2.6e-06,0.445965928,0.154755732,85.33996833,5.179664862,6.440435438,0.20943951,1345.352857,10.42307692,8.106666667,201.8029286,,,-1.0,716,0.013869848,0.103498702,0.196123295,-0.089628854,NA.NA,716,0.013869848,44.26279831,898.9589844,9.174039841,0.013869847864150131,716,926.4910941186538,691.8463764215016,897.4782023461439,738.3080987384154
1592,RSN14729,7,14729,-999,3.84,34.2268,-117.4407,8.593,121.55,726,34.8294,-116.335,20.95,21.03,4.71e-05,0.000116053,2.25e-05,6.26e-06,0.406227975,0.16223288,86.37943632,5.179664862,6.151676073,0.191986218,1181.676041,7.523961661,5.157911111,177.2514062,,,-1.0,655,0.102914779,0.103498702,0.196123295,-0.000583923,NA.NA,655,0.102914779,44.26279831,898.9589844,9.174039841,0.10291477918954417,655,724.6936137394358,628.3504099750239,696.4849557338019,633.8491238891323
1592,RSN18015,7,18015,-999,5.0,36.3864,-117.8583,7.408,221.12,726,34.8294,-116.335,11.18,11.24,4.71e-05,0.000218673,3.43e-05,1.85e-05,0.215608623,0.16355983,88.323988,5.179664862,6.11135504,0.104719755,647.8599628,2.545945946,6.375306122,97.17899442,,,-1.0,432,0.519124427,0.103498702,0.196123295,0.415625725,NA.NA,432,0.519124427,44.26279831,898.9589844,9.174039841,0.5191244265806851,432,435.09042704257195,445.27743449633294,470.7483545299995,459.8499345832768
1592,RSN13241,7,13241,-999,4.19,34.3571,-116.8418,9.486,70.05,726,34.8294,-116.335,12.38,12.47,-0.002350667,-0.0068097,0.000204123,9.05e-06,0.345193954,0.160422411,82.88659866,5.179664862,6.185563454,0.174532925,1032.53807,259.7422099,33.36076777,154.8807105,,,-1.0,613,0.169185079,0.103498702,0.196123295,0.065686377,NA.NA,613,0.169185079,44.26279831,898.9589844,9.174039841,0.16918507888858425,613,587.7706973612354,607.2776923291673,590.3567665998435,600.6715566003808
1592,RSN17257,7,17257,-999,3.53,34.2894,-116.8271,6.278,75.02,726,34.8294,-116.335,26.68,26.78,-0.000325428,-0.000736611,5.61e-06,8.97e-06,0.441791556,0.164101647,85.8646325,5.179664862,6.07791863,0.20943951,1258.730323,36.27959866,131.3032086,188.8095485,,,-1.0,685,0.058131177,0.103498702,0.196123295,-0.045367525,NA.NA,685,0.058131177,44.26279831,898.9589844,9.174039841,0.058131176562570275,685,645.9435868200318,656.0537555021031,647.0369036699904,651.361449135464
1592,RSN16795,7,16795,-999,3.87,34.1402,-116.7627,11.324,85.96,726,34.8294,-116.335,14.74,14.82,0.000176751,0.000423454,2.68e-05,2.46e-05,0.417403003,0.159121346,82.99321538,5.179664862,6.237577418,0.191986218,1233.232771,7.185,15.80052239,184.9849157,,,-1.0,675,0.072837324,0.103498702,0.196123295,-0.030661378,NA.NA,675,0.072837324,44.26279831,898.9589844,9.174039841,0.07283732395226572,675,623.0293595041855,637.6884476250708,633.3487669215066,638.5450678181442
1592,RSN13941,7,13941,-999,3.79,34.2691,-117.4608,11.018,120.58,726,34.8294,-116.335,20.87,21.09,-0.000451952,-0.000688561,9.04e-06,6.43e-06,0.656371476,0.159943004,85.18790853,5.179664862,6.230189198,0.296705973,1792.801917,70.28802488,76.16825221,268.9202876,,,-1.0,782,-0.074304726,0.103498702,0.196123295,-0.177803428,NA.NA,782,-0.074304726,44.26279831,898.9589844,9.174039841,-0.07430472572051539,782,693.9988650220599,715.2659642028652,726.947576662084,710.9553656525919
1592,RSN18259,7,18259,-999,4.2,36.3905,-117.8695,8.829,222.1,726,34.8294,-116.335,9.88,10.01,3.73e-05,0.000129027,4.46e-06,1.07e-05,0.289337983,0.162199545,87.9619116,5.179664862,6.161345296,0.13962634,865.2084883,3.485981308,28.92982063,129.7812732,,,-1.0,529,0.316561583,0.103498702,0.196123295,0.213062881,NA.NA,529,0.316561583,44.26279831,898.9589844,9.174039841,0.3165615829664965,529,620.9324320818947,539.7550631475882,615.4877729219966,546.5775617294223
1592,RSN12757,7,12757,-999,4.26,33.9538,-116.3912,7.696,97.27,726,34.8294,-116.335,23.1,23.16,-0.000339154,-0.000606615,0.000162027,7.82e-05,0.559092267,0.163052842,86.01008141,5.179664862,6.118116656,0.261799388,1548.598542,4.337007673,3.743913052,232.2897813,,,-1.0,766,-0.053632155,0.103498702,0.196123295,-0.157130857,NA.NA,766,-0.053632155,44.26279831,898.9589844,9.174039841,-0.053632154915795205,766,734.9856155418702,715.6413114516133,735.427494634111,719.516603385873
1592,RSN17500,7,17500,-999,3.62,33.9521,-116.3635,9.067,97.35,726,34.8294,-116.335,20.11,20.2,-0.000115983,-0.000246289,1.94e-05,1.49e-05,0.470921563,0.161490903,85.19664871,5.179664862,6.170551665,0.226892803,1353.426993,7.78409396,12.69530928,203.014049,,,-1.0,719,0.009688657,0.103498702,0.196123295,-0.093810045,NA.NA,719,0.009688657,44.26279831,898.9589844,9.174039841,0.009688657103748888,719,669.7290546566405,680.1004051332524,678.3360331340069,675.6682344322879
1592,RSN9023,7,9023,-999,5.2,33.5328,-116.5697,15.48,145.44,726,34.8294,-116.335,20.95,21.1,-0.003391675,-0.004682369,0.000754472,0.000226709,0.724350181,0.157092152,84.25789277,5.179664862,6.333749326,0.314159265,1963.069207,14.96047797,6.206153442,294.4603811,,,-1.0,838,-0.143468086,0.103498702,0.196123295,-0.246966788,NA.NA,838,-0.143468086,44.26279831,898.9589844,9.174039841,-0.14346808565728697,838,748.4829843023955,753.1520216883346,772.5923260819527,762.5265637594298
1592,RSN18091,7,18091,-999,5.19,36.4034,-117.8499,9.418,222.11,726,34.8294,-116.335,12.55,12.63,-4.79e-05,-0.000106717,3.15e-05,1.66e-05,0.449219971,0.161609664,87.80872413,5.179664862,6.183223963,0.20943951,1296.183155,2.885542169,3.38784127,194.4274733,,,-1.0,699,0.037899273,0.103498702,0.196123295,-0.065599429,NA.NA,699,0.037899273,44.26279831,898.9589844,9.174039841,0.03789927259098569,699,707.709174452057,646.4234627624131,772.9439669781531,681.5024033476543
1592,RSN16825,7,16825,-999,3.49,34.309,-116.9297,9.684,79.44,726,34.8294,-116.335,10.45,10.51,0.000447665,0.001824093,0.000133799,8.76e-06,0.245417916,0.160502448,83.64723144,5.179664862,6.192176404,0.122173048,748.0633886,51.1033105,13.63308395,112.2095083,,,-1.0,476,0.422132161,0.103498702,0.196123295,0.318633459,NA.NA,476,0.422132161,44.26279831,898.9589844,9.174039841,0.42213216059337544,476,461.1151746294432,505.21409268352807,462.86183473664624,485.95178686157703
1592,RSN10070,7,10070,-999,4.18,34.3617,-118.6637,11.151,219.83,726,34.8294,-116.335,6.5,6.67,0.000158484,0.000423788,3.27e-05,9.18e-06,0.373969449,0.160251092,87.33399243,5.179664862,6.233452986,0.174532925,1109.864259,17.26405229,12.95987768,166.4796389,,,-1.0,635,0.133925016,0.103498702,0.196123295,0.030426314,NA.NA,635,0.133925016,44.26279831,898.9589844,9.174039841,0.13392501593210415,635,679.3842004736448,617.8873505219234,751.6313522413329,643.6908929756049
1592,RSN8328,7,8328,-999,4.27,33.9173,-117.7758,7.0,166.65,726,34.8294,-116.335,10.3,10.55,0.000653785,0.001130951,0.000102579,3.22e-05,0.578084235,0.163807474,87.91743472,5.179664862,6.100695365,0.261799388,1581.553122,20.30388199,11.02517084,237.2329683,,,-1.0,734,-0.010959014,0.103498702,0.196123295,-0.114457716,NA.NA,734,-0.010959014,44.26279831,898.9589844,9.174039841,-0.010959013789719307,734,849.389537998394,716.1997358112897,870.1077881814057,729.1201151984975
1592,RSN9355,7,9355,-999,4.88,34.0655,-117.0011,17.501,104.54,726,34.8294,-116.335,13.0,13.12,-0.002092937,-0.003807435,0.000481575,8.36e-05,0.54969731,0.154671615,80.89833336,5.179664862,6.383907006,0.244346095,1605.512329,25.03513158,7.906213985,240.8268494,,,-1.0,718,0.011080446,0.103498702,0.196123295,-0.092418256,NA.NA,718,0.011080446,44.26279831,898.9589844,9.174039841,0.011080445776571857,718,835.0277907085957,669.607359308301,739.0150404633498,679.6713823412481
1592,RSN17084,7,17084,-999,3.52,34.2098,-116.4371,4.645,69.37,726,34.8294,-116.335,24.76,24.85,0.000365149,0.000793139,3.61e-05,6.49e-06,0.460384929,0.166577835,86.93171413,5.179664862,5.994593769,0.20943951,1283.586827,56.2633282,21.97060942,192.5380241,,,-1.0,694,0.045078054,0.103498702,0.196123295,-0.058420648,NA.NA,694,0.045078054,44.26279831,898.9589844,9.174039841,0.04507805431799117,694,652.5116449489669,662.2263642292161,654.4665329654762,659.6705580424982
1592,RSN15527,7,15527,-999,3.68,34.7251,-116.0506,2.727,28.49,726,34.8294,-116.335,17.52,17.68,0.001090494,0.003133314,0.00011733,1.99e-05,0.348032094,0.168062743,86.34017784,5.179664862,5.93802414,0.174532925,992.8490299,54.79869347,26.70513935,148.9273545,,,-1.0,598,0.193959261,0.103498702,0.196123295,0.090460559,NA.NA,598,0.193959261,44.26279831,898.9589844,9.174039841,0.19395926087416449,598,565.1153158164117,594.6325839835723,573.0552506099094,593.4764899723211
1592,RSN11388,7,11388,-999,4.73,33.7328,-117.4921,10.018,161.71,726,34.8294,-116.335,23.18,23.33,-0.000102887,-0.000222363,5.76e-05,1.38e-05,0.462697486,0.160964579,86.7740797,5.179664862,6.202702587,0.20943951,1333.896691,7.45557971,3.86046875,200.0845037,,,-1.0,712,0.019472103,0.103498702,0.196123295,-0.084026599,NA.NA,712,0.019472103,44.26279831,898.9589844,9.174039841,0.01947210341282002,712,778.5940124789482,675.6388002085271,825.8219020122951,700.4817675601223
1592,RSN16265,7,16265,-999,3.64,33.223,-116.7186,8.687,181.67,726,34.8294,-116.335,38.05,38.2,-0.000148161,-0.000179965,2.19e-05,2.07e-05,0.823275643,0.1623059,87.55463777,5.179664862,6.155594857,0.34906585,2082.353263,7.157536232,8.217579909,312.3529895,,,-1.0,877,-0.188956978,0.103498702,0.196123295,-0.292455679,NA.NA,877,-0.188956978,44.26279831,898.9589844,9.174039841,-0.18895697754738716,877,681.4669852507949,796.842424230129,865.5339753065794,827.3276714341146
1592,RSN11726,7,11726,-999,4.5,34.3365,-116.8617,8.94,72.97,726,34.8294,-116.335,12.94,13.08,-0.002605827,-0.005105863,4.03e-05,5.69e-06,0.510359732,0.161182716,83.61906869,5.179664862,6.165704274,0.244346095,1452.719834,457.9660808,126.6963524,217.9079751,,,-1.0,754,-0.037842353,0.103498702,0.196123295,-0.141341055,NA.NA,754,-0.037842353,44.26279831,898.9589844,9.174039841,-0.037842353183160427,754,700.9132241116648,698.3971270332386,714.5098183712655,701.437688147135
1592,RSN14545,7,14545,-999,3.78,34.0294,-116.7534,14.93,96.72,726,34.8294,-116.335,19.85,19.91,-0.000126756,-0.00028677,2.38e-05,1.22e-05,0.442013253,0.156609598,81.65807647,5.179664862,6.317747533,0.20943951,1319.504474,10.38983607,12.04915966,197.9256711,,,-1.0,707,0.026519349,0.103498702,0.196123295,-0.076979353,NA.NA,707,0.026519349,44.26279831,898.9589844,9.174039841,0.02651934892822272,707,639.5511105698323,662.0186932078765,657.9308571937229,665.1537003188389
1592,RSN13531,7,13531,-999,4.06,32.7797,-117.3507,7.174,246.03,726,34.8294,-116.335,16.18,16.27,-2.95e-05,-6.07e-05,1.68e-05,8.94e-06,0.486524709,0.16373678,88.55053821,5.179664862,6.105409111,0.226892803,1371.07904,3.299776286,3.613095238,205.661856,,,-1.0,725,0.00137836,0.103498702,0.196123295,-0.102120342,NA.NA,725,0.00137836,44.26279831,898.9589844,9.174039841,0.0013783599701211457,725,970.8984584601602,691.1344189170281,886.3459277635727,722.5308231768148
1592,RSN13847,7,13847,-999,4.17,34.3277,-116.829,4.957,71.78,726,34.8294,-116.335,20.94,21.07,-0.003214915,-0.008687706,3.35e-05,2.77e-05,0.370053432,0.165969195,86.76459473,5.179664862,6.015610792,0.174532925,1061.722477,116.0619134,259.3345075,159.2583716,,,-1.0,622,0.154609922,0.103498702,0.196123295,0.05111122,NA.NA,622,0.154609922,44.26279831,898.9589844,9.174039841,0.15460992208561652,622,611.824428327794,622.0779385589888,605.6101944989852,611.9626882990713
1592,RSN12404,7,12404,-999,4.27,36.1466,-118.0613,4.057,214.23,726,34.8294,-116.335,29.61,29.74,2.3e-05,0.000112059,7.73e-06,4.7e-06,0.204983758,0.168221243,89.17386293,5.179664862,5.943934512,0.104719755,600.136565,4.893617021,14.49663648,90.02048475,,,-1.0,415,0.559271495,0.103498702,0.196123295,0.455772793,NA.NA,415,0.559271495,44.26279831,898.9589844,9.174039841,0.559271494594098,415,504.3734417591733,450.49513573936446,500.72511088628977,454.0045061390923
1592,RSN10442,7,10442,-999,4.45,34.1081,-117.3062,14.795,119.85,726,34.8294,-116.335,15.42,15.66,-0.006005411,-0.008511933,0.000722021,9.78e-05,0.705528429,0.157315906,83.33200261,5.179664862,6.313637877,0.314159265,1925.231848,61.40502045,11.78903799,288.7847772,,,-1.0,826,-0.129044759,0.103498702,0.196123295,-0.232543461,NA.NA,826,-0.129044759,44.26279831,898.9589844,9.174039841,-0.12904475869618182,826,747.0016839041106,737.5580061933604,745.1258502175098,733.374773955153
1592,RSN17663,7,17663,-999,3.47,33.8029,-116.1786,7.366,114.77,726,34.8294,-116.335,22.85,22.92,-4.46e-05,-9.56e-05,1.31e-05,9.08e-06,0.466046103,0.163398482,86.77557706,5.179664862,6.110319177,0.20943951,1321.91819,4.911894273,7.297709924,198.2877285,,,-1.0,708,0.025105921,0.103498702,0.196123295,-0.078392781,NA.NA,708,0.025105921,44.26279831,898.9589844,9.174039841,0.025105921131076236,708,742.2848317663588,676.680249963059,710.768345636145,678.1014043615174
1592,RSN16949,7,16949,-999,3.63,34.1242,-116.405,9.555,78.49,726,34.8294,-116.335,12.54,12.6,-0.000579033,-0.001449631,9.77e-05,1.42e-05,0.399434656,0.16061739,83.6602166,5.179664862,6.187901101,0.191986218,1176.278391,40.77697183,14.83757421,176.4417587,,,-1.0,653,0.105972886,0.103498702,0.196123295,0.002474184,NA.NA,653,0.105972886,44.26279831,898.9589844,9.174039841,0.10597288554836481,653,613.7121836893922,626.7986273356024,615.4085869848508,621.048577764196
1592,RSN13070,7,13070,-999,4.11,34.373,-117.6258,8.33,128.77,726,34.8294,-116.335,18.0,18.13,-0.000185377,-0.000439077,0.00010338,1.93e-05,0.422195747,0.162590385,86.69675079,5.179664862,6.140206558,0.191986218,1218.768829,9.605025907,4.247214161,182.8153244,,,-1.0,669,0.081765955,0.103498702,0.196123295,-0.021732747,NA.NA,669,0.081765955,44.26279831,898.9589844,9.174039841,0.081765954696567,669,796.9275812020317,657.8374411971872,783.726778428542,667.6756815975363
1592,RSN13998,7,13998,-999,4.15,33.638,-116.7082,12.649,136.56,726,34.8294,-116.335,15.28,15.41,-0.000212392,-0.000458729,2.68e-05,4.59e-06,0.463001572,0.159019776,85.06822693,5.179664862,6.265244507,0.20943951,1350.947602,46.27276688,17.11675373,202.6421403,,,-1.0,718,0.011080446,0.103498702,0.196123295,-0.092418256,NA.NA,718,0.011080446,44.26279831,898.9589844,9.174039841,0.011080445776571857,718,715.8995103641361,676.1790644893948,798.4292850731274,698.4398257142636
1592,RSN9198,7,9198,-999,5.03,35.3852,-118.6292,7.3,218.06,726,34.8294,-116.335,6.1,6.37,0.000533187,0.002057459,4.52e-05,2.27e-05,0.259148094,0.163632324,88.32934673,5.179664862,6.108664217,0.122173048,772.3238196,23.4884141,45.51900442,115.8485729,,,-1.0,487,0.399285892,0.103498702,0.196123295,0.29578719,NA.NA,487,0.399285892,44.26279831,898.9589844,9.174039841,0.3992858917422062,487,474.43177430653174,493.19189785621273,522.6301069272812,508.19761625619225
1592,RSN18210,7,18210,-999,4.36,36.3932,-117.8644,8.798,222.05,726,34.8294,-116.335,10.8,10.85,-8.18e-05,-0.000283877,3.39e-05,1.55e-05,0.288074424,0.162232965,87.96997493,5.179664862,6.160106881,0.13962634,861.5372396,5.277419355,8.373952802,129.2305859,,,-1.0,527,0.320349466,0.103498702,0.196123295,0.216850764,NA.NA,527,0.320349466,44.26279831,898.9589844,9.174039841,0.3203494662834334,527,574.5234011514444,534.122202948867,602.6613800789428,543.6160212663905
1592,RSN16102,7,16102,-999,3.58,33.827,-117.0296,15.131,128.26,726,34.8294,-116.335,26.32,26.46,-0.000336604,-0.000674022,1.85e-05,1.29e-05,0.499395746,0.157164613,83.650945,5.179664862,6.323730411,0.226892803,1459.07153,26.09333333,36.43362162,218.8607295,,,-1.0,756,-0.040491361,0.103498702,0.196123295,-0.143990063,NA.NA,756,-0.040491361,44.26279831,898.9589844,9.174039841,-0.04049136135473752,756,741.6630937201617,714.8930704581431,825.8724922730937,737.0869461940242
1592,RSN8799,7,8799,-999,5.39,33.9465,-117.7667,14.89,164.09,726,34.8294,-116.335,21.0,21.21,-0.001724868,-0.003387746,0.000598498,0.000151794,0.509149304,0.157742887,85.12932278,5.179664862,6.31653763,0.226892803,1476.59129,11.36321594,5.660413234,221.4886935,,,-1.0,762,-0.048396541,0.103498702,0.196123295,-0.151895243,NA.NA,762,-0.048396541,44.26279831,898.9589844,9.174039841,-0.048396540861850745,762,773.4733856189893,706.5600554350059,850.5457763270311,745.0591954085355
1592,RSN16673,7,16673,-999,3.79,34.0456,-117.2248,15.927,119.36,726,34.8294,-116.335,45.67,45.77,6.21e-05,0.000163403,3.24e-05,1.21e-05,0.379949589,0.156335176,82.79037787,5.179664862,6.345939946,0.174532925,1153.647794,5.132231405,5.043302469,173.0471691,,,-1.0,646,0.116750511,0.103498702,0.196123295,0.013251809,NA.NA,646,0.116750511,44.26279831,898.9589844,9.174039841,0.11675051104219403,646,646.4982176364804,636.8441687739356,673.9882399586746,637.2890096854309
1592,RSN11305,7,11305,-999,4.78,34.1228,-116.9226,5.969,95.17,726,34.8294,-116.335,19.2,19.31,-0.004109972,-0.006483535,0.000612155,0.000236187,0.633909057,0.164612649,86.94158849,5.179664862,6.066214653,0.27925268,1692.200577,17.40134724,10.59132899,253.8300866,,,-1.0,748,-0.029852963,0.103498702,0.196123295,-0.133351665,NA.NA,748,-0.029852963,44.26279831,898.9589844,9.174039841,-0.029852963149681777,748,658.894291227262,687.3318410599952,691.3378371978828,688.4901898488478
1592,RSN17919,7,17919,-999,4.04,36.3911,-117.8665,9.439,221.99,726,34.8294,-116.335,10.43,10.51,9.75e-05,0.000333875,2.24e-05,1.65e-05,0.292061292,0.161590093,87.803263,5.179664862,6.183950287,0.13962634,876.0185077,5.909090909,14.90513393,131.4027762,,,-1.0,534,0.307154176,0.103498702,0.196123295,0.203655474,NA.NA,534,0.307154176,44.26279831,898.9589844,9.174039841,0.3071541758646008,534,579.8751011325668,543.5715316268181,599.3549352824087,551.674535411564
1592,RSN15407,7,15407,-999,3.99,34.0514,-117.2429,14.998,120.04,726,34.8294,-116.335,20.54,20.67,-0.000347121,-0.000783153,4.96e-05,3.28e-05,0.443236106,0.157131372,83.23478281,5.179664862,6.319789549,0.20943951,1318.186776,10.58295732,15.789375,197.7280164,,,-1.0,707,0.026519349,0.103498702,0.196123295,-0.076979353,NA.NA,707,0.026519349,44.26279831,898.9589844,9.174039841,0.02651934892822272,707,694.2708833903682,661.6531292254638,726.1656815274738,673.9211980242885
1592,RSN12888,7,12888,-999,4.11,36.0312,-117.7658,4.03,186.17,726,34.8294,-116.335,20.95,21.13,0.000144755,0.000273,2.02e-05,9.21e-06,0.53024,0.16829445,89.05657325,5.179664862,5.941161117,0.244346095,1434.3492,15.71715527,13.51485149,215.15238,,,-1.0,747,-0.02851517,0.103498702,0.196123295,-0.132013872,NA.NA,747,-0.02851517,44.26279831,898.9589844,9.174039841,-0.02851517030802153,747,965.7285331738232,726.3966514141964,905.1172241758011,747.5317699753697
1592,RSN17464,7,17464,-999,3.59,34.0938,-117.4347,3.015,129.88,726,34.8294,-116.335,15.98,16.07,0.000107422,0.000364574,1.49e-05,1.79e-05,0.294649874,0.168385323,89.09811359,5.179664862,5.93802414,0.13962634,847.5364456,6.00122905,24.46805369,127.1304668,,,-1.0,519,0.335646132,0.103498702,0.196123295,0.23214743,NA.NA,519,0.335646132,44.26279831,898.9589844,9.174039841,0.33564613165890744,519,607.5004932065831,551.0694930725826,585.0797662342042,543.0665399577089
1592,RSN16534,7,16534,-999,3.61,34.2449,-117.4464,12.48,120.89,726,34.8294,-116.335,19.85,19.9,-2.95e-05,-9.29e-05,2.17e-05,1.04e-05,0.317357912,0.15895395,84.48969425,5.179664862,6.262058538,0.157079633,963.3177366,2.836538462,4.281105991,144.4976605,,,-1.0,582,0.221079567,0.103498702,0.196123295,0.117580865,NA.NA,582,0.221079567,44.26279831,898.9589844,9.174039841,0.22107956709335763,582,574.019594305123,586.9780178289363,586.4111225962724,576.8516876926376
1592,RSN8394,7,8394,-999,4.92,34.31,-116.848,6.3,74.44,726,34.8294,-116.335,2.15,2.2,-0.001549194,-0.003684612,0.001508762,0.000347637,0.420449841,0.164076949,85.84745544,5.179664862,6.078701489,0.191986218,1203.455942,4.456355336,2.442142631,180.5183913,,,-1.0,663,0.090775025,0.103498702,0.196123295,-0.012723677,NA.NA,663,0.090775025,44.26279831,898.9589844,9.174039841,0.09077502463893339,663,605.5241580713747,625.3751062303771,629.8531080955017,626.3664586254508
1592,RSN15165,7,15165,-999,3.9,33.867,-117.1038,11.856,128.06,726,34.8294,-116.335,20.35,20.4,-0.000150403,-0.000277352,0.000119223,6.49e-05,0.542282436,0.159423004,85.07562944,5.179664862,6.24946745,0.244346095,1541.196983,2.317457627,2.326329651,231.1795475,,,-1.0,773,-0.062729034,0.103498702,0.196123295,-0.166227736,NA.NA,773,-0.062729034,44.26279831,898.9589844,9.174039841,-0.06272903376262651,773,749.126514724583,725.4593306375207,824.5841022722674,741.9812291406548
1592,RSN15625,7,15625,-999,3.87,33.7513,-116.0218,8.756,123.02,726,34.8294,-116.335,22.98,23.1,0.000170671,0.000284841,2.23e-05,1.29e-05,0.599178074,0.162046909,86.33240541,5.179664862,6.158414042,0.261799388,1642.735946,13.23031008,12.77313901,246.4103919,,,-1.0,731,-0.006863445,0.103498702,0.196123295,-0.110362147,NA.NA,731,-0.006863445,44.26279831,898.9589844,9.174039841,-0.006863444924982254,731,767.1730300257416,687.7879722656693,758.9250738878081,693.4399154305821
1592,RSN15359,7,15359,-999,3.87,33.928,-116.7858,18.501,108.24,726,34.8294,-116.335,22.75,22.86,-0.000533435,-0.001175413,9.52e-05,1.89e-05,0.453827621,0.154088549,80.71091094,5.179664862,6.40467109,0.20943951,1371.116745,28.22407407,12.34677521,205.6675118,,,-1.0,725,0.00137836,0.103498702,0.196123295,-0.102120342,NA.NA,725,0.00137836,44.26279831,898.9589844,9.174039841,0.0013783599701211457,725,842.1289909532233,695.5156284573893,744.450214432783,700.9188383080236
1592,RSN10943,7,10943,-999,4.26,33.8776,-116.2019,10.062,106.29,726,34.8294,-116.335,25.21,25.31,-0.000215693,-0.000419647,3.04e-05,2.3e-05,0.513986571,0.160588486,85.06732419,5.179664862,6.204033973,0.244346095,1466.39298,9.377956522,13.80417763,219.958947,,,-1.0,759,-0.044451763,0.103498702,0.196123295,-0.147950464,NA.NA,759,-0.044451763,44.26279831,898.9589844,9.174039841,-0.0444517625708345,759,735.6591502890785,707.2977689747752,751.6836036040206,715.1053586068933
1592,RSN14398,7,14398,-999,4.14,34.8632,-116.3444,6.474,3.85,726,34.8294,-116.335,14.47,14.51,-0.007145952,-0.024515459,0.000892908,0.000514514,0.291487573,0.078985634,28.72473754,5.179664862,6.084678138,0.13962634,1788.922964,13.88874161,27.4557502,268.3384446,,,-1.0,780,-0.071743905,0.103498702,0.196123295,-0.175242607,NA.NA,780,-0.071743905,44.26279831,898.9589844,9.174039841,-0.07174390485884174,780,672.1843765154707,781.986488986367,708.6361156539949,767.1803860913798
3046,RSN15536,12,15536, BOR,3.75,32.5969,-115.5741,12.269,108.42,619,33.268,-116.417,31.68,31.71,9.85e-05,0.000161586,3.26e-05,2.08e-05,0.609656335,0.158917788,83.98790004,5.179664862,6.257951442,0.27925268,1703.10376,4.735576923,4.956625767,255.465564,CI,BOR,-999.0,751,-0.193300379,-0.374657107,-0.282032514,0.181356728,CI.BOR,751,-0.193300379,20.2465992,289.8450012,13.80760002,-0.19330037907953823,751,696.6909565430277,587.7374301044124,671.0060777638884,619.4035081432904
3046,RSN10914,12,10914, BOR,4.26,33.8776,-116.2019,10.062,70.5,619,33.268,-116.417,28.55,28.64,-0.002557033,-0.004260935,8.51e-05,1.24e-05,0.60011076,0.159813078,82.51797595,5.179664862,6.204033973,0.261799388,1667.645827,206.2123387,50.06974148,250.1468741,CI,BOR,-999.0,739,-0.177192648,-0.374657107,-0.282032514,0.197464459,CI.BOR,739,-0.177192648,20.2465992,289.8450012,13.80760002,-0.17719264826360526,739,676.8489484653074,576.7514429491046,651.1655470915288,607.892276222559
3046,RSN16815,12,16815, BOR,3.49,34.309,-116.9297,9.684,124.85,619,33.268,-116.417,12.83,12.9,-0.000421287,-0.000585986,4.01e-05,5.43e-05,0.71893721,0.161093115,85.96152595,5.179664862,6.192176404,0.314159265,1904.549278,7.758508287,14.61311721,285.6823917,CI,BOR,-999.0,819,-0.279978811,-0.374657107,-0.282032514,0.094678296,CI.BOR,819,-0.279978811,20.2465992,289.8450012,13.80760002,-0.27997881116847356,819,718.7858869133408,627.7470754054531,612.8564217941382,633.0044353042222
3046,RSN9327,12,9327, BOR,4.88,34.0655,-117.0011,17.501,103.72,619,33.268,-116.417,15.03,15.3,-0.010620549,-0.008530105,4.71e-05,8.95e-05,1.245066541,0.154633498,80.81061652,5.179664862,6.383907006,0.453785606,2799.905052,118.665352,181.1062633,419.9857578,CI,BOR,-999.0,1101,-0.575868864,-0.374657107,-0.282032514,-0.201211757,CI.BOR,1101,-0.575868864,20.2465992,289.8450012,13.80760002,-0.5758688640380836,1101,730.7663333451736,723.9511687434059,558.8932451995702,701.9285951695723
3046,RSN15891,12,15891, BOR,3.96,32.6554,-116.1347,12.336,72.89,619,33.268,-116.417,24.81,24.89,-0.000885212,-0.00083631,7.03e-05,1.99e-05,1.058473244,0.157764788,80.92860823,5.179664862,6.25927157,0.401425728,2505.491078,44.48301508,11.89630156,375.8236617,CI,BOR,-999.0,1011,-0.490589946,-0.374657107,-0.282032514,-0.115932839,CI.BOR,1011,-0.490589946,20.2465992,289.8450012,13.80760002,-0.4905899463358754,1011,655.080006302081,699.5296578160553,533.3906793360176,664.5921423244758
3046,RSN13507,12,13507, BOR,4.06,32.7797,-117.3507,7.174,102.68,619,33.268,-116.417,14.57,14.63,-0.00079276,-0.000603667,0.000114,0.000157174,1.313242025,0.163484026,86.50193551,5.179664862,6.105409111,0.453785606,2711.917891,5.043836767,5.295324561,406.7876837,CI,BOR,-999.0,1075,-0.551970668,-0.374657107,-0.282032514,-0.17731356,CI.BOR,1075,-0.551970668,20.2465992,289.8450012,13.80760002,-0.5519706678771668,1075,884.8287824152424,734.1693125890334,585.0503653126166,707.4156786486118
3046,RSN8990,12,8990, BOR,5.2,33.5328,-116.5697,15.48,32.62,619,33.268,-116.417,22.83,22.88,-0.15877467,-0.300837259,0.005748865,0.000933749,0.527775948,0.143048564,64.96287353,5.179664862,6.333749326,0.244346095,1681.276672,170.0399893,52.32985276,252.1915008,CI,BOR,-999.0,744,-0.183935762,-0.374657107,-0.282032514,0.190721345,CI.BOR,744,-0.183935762,20.2465992,289.8450012,13.80760002,-0.18393576214849539,744,602.0404443321681,558.8616645552748,634.9041638992335,609.5596078641552
3046,RSN8770,12,8770, BOR,5.39,33.9465,-117.7667,14.89,146.13,619,33.268,-116.417,26.87,27.39,-0.009936324,-0.00744282,0.000234082,0.000139023,1.33502133,0.157593168,84.52815583,5.179664862,6.31653763,0.471238898,2843.965442,71.47251894,31.79578097,426.5948163,CI,BOR,-999.0,1115,-0.588504411,-0.374657107,-0.282032514,-0.213847304,CI.BOR,1115,-0.588504411,20.2465992,289.8450012,13.80760002,-0.5885044112096232,1115,714.175543197455,730.7963999646892,563.9856462222888,714.339639341372
3046,RSN11350,12,11350, BOR,4.73,33.7328,-117.4921,10.018,112.42,619,33.268,-116.417,28.15,28.23,-0.001439798,-0.001189485,0.000364048,0.000330675,1.210437279,0.160690602,85.35530617,5.179664862,6.202702587,0.436332313,2649.342613,4.354118092,3.26738507,397.401392,CI,BOR,-999.0,1055,-0.533190773,-0.374657107,-0.282032514,-0.158533666,CI.BOR,1055,-0.533190773,20.2465992,289.8450012,13.80760002,-0.533190773225571,1055,847.1882945122214,705.678851558561,548.2359224192436,679.3216397745166
3046,RSN17649,12,17649, BOR,3.47,33.8029,-116.1786,7.366,63.32,619,33.268,-116.417,15.96,16.03,0.0005303,0.001005677,4.03e-05,4.36e-06,0.527306426,0.162801641,84.1375615,5.179664862,6.110319177,0.244346095,1476.241767,121.6284404,24.95476427,221.4362651,CI,BOR,-999.0,762,-0.207841283,-0.374657107,-0.282032514,0.166815824,CI.BOR,762,-0.207841283,20.2465992,289.8450012,13.80760002,-0.2078412830020504,762,713.5329888449924,609.9214107004752,694.6078395050189,638.9966399753057
3046,RSN10403,12,10403, BOR,4.45,34.1081,-117.3062,14.795,124.42,619,33.268,-116.417,16.85,16.95,0.003973885,0.003744218,0.000699179,0.000811422,1.061339316,0.157400444,83.60076391,5.179664862,6.313637877,0.401425728,2514.846846,4.897433148,5.355163699,377.2270269,CI,BOR,-999.0,1014,-0.493552911,-0.374657107,-0.282032514,-0.118895804,CI.BOR,1014,-0.493552911,20.2465992,289.8450012,13.80760002,-0.4935529114665327,1014,777.9563600874848,684.292189327736,544.4539521992574,662.650701740823
3046,RSN12596,12,12596, BOR,4.11,33.5089,-116.8485,12.274,48.23,619,33.268,-116.417,13.45,13.5,0.00209582,0.002639862,3.43e-05,1.77e-05,0.793912467,0.155386325,76.51118291,5.179664862,6.258050482,0.331612558,2117.069945,118.4079096,76.96390671,317.5604918,CI,BOR,-999.0,888,-0.36086647,-0.374657107,-0.282032514,0.013790637,CI.BOR,888,-0.36086647,20.2465992,289.8450012,13.80760002,-0.3608664703075739,888,726.7711670205987,635.7270097234217,586.7811012968874,636.7743237931267
3046,RSN8183,12,8183, BOR,4.92,33.5083,-116.5143,15.2,28.21,619,33.268,-116.417,17.75,17.78,0.00748298,0.013479574,0.004783022,0.000849101,0.555134761,0.139913957,62.25895429,5.179664862,6.325747735,0.261799388,1794.797808,8.812826743,2.818212837,269.2196712,CI,BOR,-999.0,782,-0.233749468,-0.374657107,-0.282032514,0.14090764,CI.BOR,782,-0.233749468,20.2465992,289.8450012,13.80760002,-0.23374946786071504,782,648.0065752141627,591.9100306849718,670.0567680802392,640.7559708604483
3049,RSN10923,13,10923, CHN,4.26,33.8776,-116.2019,10.062,137.32,292,33.999,-117.68,23.65,23.78,0.000995667,0.004435454,0.000357844,0.000167361,0.224479175,0.160828815,86.1878825,5.179664862,6.204033973,0.104719755,684.7073971,5.94921756,12.39493746,102.7061096,CI,CHN,-999.0,447,-0.425804792,-0.152837688,-0.060213095,-0.272967104,CI.CHN,447,-0.425804792,1.372529984,207.397995,1.463750005,-0.42580479234528745,447,493.0898015463863,447.88614700389604,444.6466241599968,428.3184821710284
3049,RSN15934,13,15934, CHN,3.64,33.8726,-117.7125,2.161,14.34,292,33.999,-117.68,19.2,19.36,-0.005522224,-0.029649712,0.000432142,0.000238881,0.186248827,0.167623489,84.47383318,5.179664862,5.93802414,0.087266463,548.2590954,23.11704991,68.61103989,82.23886431,CI,CHN,-999.0,395,-0.302131963,-0.152837688,-0.060213095,-0.149294274,CI.CHN,395,-0.302131963,1.372529984,207.397995,1.463750005,-0.30213196263284026,395,377.915853673755,383.5438832834849,359.8509510759825,367.1274570370824
3049,RSN19315,13,19315, CHN,3.64,33.938,-117.7504,13.632,9.39,292,33.999,-117.68,17.6,17.65,0.001891337,0.064357365,0.00075005,0.000569462,0.029388047,0.092366927,35.46896961,5.179664862,6.282139913,0.017453293,159.0387332,3.3212699,85.80409973,23.85580998,CI,CHN,-999.0,169,0.546855087,-0.152837688,-0.060213095,0.699692776,CI.CHN,169,0.546855087,1.372529984,207.397995,1.463750005,0.5468550873452083,169,228.70609513282346,222.22017609389866,211.85295300535032,208.89372809342666
3049,RSN8190,13,8190, CHN,4.92,33.5083,-116.5143,15.2,120.79,292,33.999,-117.68,22.09,22.36,0.005982073,0.027227742,0.000841978,0.000285049,0.21970508,0.156970469,83.19520098,5.179664862,6.325747735,0.104719755,687.3031976,20.98612168,32.33783068,103.0954796,CI,CHN,-999.0,449,-0.430269085,-0.152837688,-0.060213095,-0.277431397,CI.CHN,449,-0.430269085,1.372529984,207.397995,1.463750005,-0.4302690854739728,449,435.818472287168,425.7776198986455,396.246973965855,410.6089767860006
3086,RSN14519,29,14519, SDR,4.01,33.2617,-116.0659,5.761,100.51,827,32.736,-116.942,30.25,30.31,0.002203508,0.001604072,0.000326087,0.000240726,1.373696316,0.164893764,87.24671511,5.179664862,6.057510055,0.471238898,2750.991213,9.153593712,4.919153477,412.648682,CI,SDR,7.834123333,1086,-0.272451805,-0.289512585,-0.196887992,0.01706078,CI.SDR,957,-0.145998696,11.11670017,112.0540009,3.746439934,-0.14599869642926322,957,812.6699478056366,695.4829546767636,847.2578349019655,730.4997992822424
3086,RSN15048,29,15048, SDR,3.74,34.1651,-117.4332,7.875,164.95,827,32.736,-116.942,22.15,22.23,-7.38e-05,-5.05e-05,1.61e-05,2.32e-05,1.461144807,0.16319913,87.58481504,5.179664862,6.12204057,0.488692191,2860.379551,3.181034483,3.136645963,429.0569327,CI,SDR,7.834123333,1120,-0.303279269,-0.289512585,-0.196887992,-0.013766684,CI.SDR,987,-0.176865344,11.11670017,112.0540009,3.746439934,-0.17686534440979074,987,772.2810875128877,745.9637535262232,874.6083169293123,765.7780797308133
3086,RSN9408,29,9408, SDR,4.88,34.0655,-117.0011,17.501,147.56,827,32.736,-116.942,14.15,14.22,-0.002753066,-0.001744219,0.000800907,0.001055503,1.578394726,0.155652913,83.55176253,5.179664862,6.383907006,0.506145483,3099.130699,2.608297655,2.177804664,464.8696049,CI,SDR,7.834123333,1191,-0.364743874,-0.289512585,-0.196887992,-0.075231289,CI.SDR,1049,-0.237787913,11.11670017,112.0540009,3.746439934,-0.23778791337260596,1049,641.0395355492785,786.5677276162583,754.4052106692837,785.5318059614568
3086,RSN14349,29,14349, SDR,4.19,33.4453,-116.439,8.875,91.61,827,32.736,-116.942,15.75,15.84,-0.000510262,-0.000337431,2.91e-05,9.38e-06,1.512199314,0.161636688,84.9993554,5.179664862,6.16316588,0.488692191,2926.697184,54.3989339,11.59556701,439.0045776,CI,SDR,7.834123333,1139,-0.320101268,-0.289512585,-0.196887992,-0.030588683,CI.SDR,1003,-0.192946093,11.11670017,112.0540009,3.746439934,-0.19294609293824472,1003,853.5042631832205,726.0459649752028,897.3148369363797,754.4899852950015
3086,RSN12790,29,12790, SDR,4.26,33.9538,-116.3912,7.696,144.47,827,32.736,-116.942,22.14,22.34,-0.001549269,-0.001253444,2.12e-05,1.24e-05,1.236009372,0.163270097,87.31907336,5.179664862,6.118116656,0.453785606,2642.983622,124.9410484,59.12471698,396.4475433,CI,SDR,7.834123333,1054,-0.242543034,-0.289512585,-0.196887992,0.046969551,CI.SDR,928,-0.115227038,11.11670017,112.0540009,3.746439934,-0.11522703776250953,928,714.0670959619861,703.1604706434579,854.5458325244705,720.0621519644972
3086,RSN10987,29,10987, SDR,4.26,33.8776,-116.2019,10.062,144.16,827,32.736,-116.942,20.95,21.09,-0.000686711,-0.000660933,5.09e-05,4.8e-05,1.039003322,0.160858226,86.34851253,5.179664862,6.204033973,0.401425728,2433.367148,14.30647917,12.98493124,365.0050722,CI,SDR,7.834123333,989,-0.178889637,-0.289512585,-0.196887992,0.110622949,CI.SDR,871,-0.051837282,11.11670017,112.0540009,3.746439934,-0.051837281828811754,871,673.9260597878427,677.4430931767804,818.0653418833997,702.4192594147282
3086,RSN17851,29,17851, SDR,3.14,33.0622,-115.8937,7.729,104.54,827,32.736,-116.942,29.86,29.92,0.000137126,8.62e-05,1.79e-05,1.92e-05,1.590002434,0.163081612,86.26217283,5.179664862,6.11885537,0.506145483,2965.85133,7.141979167,4.815642458,444.8776995,CI,SDR,7.834123333,1151,-0.330581714,-0.289512585,-0.196887992,-0.041069128,CI.SDR,1014,-0.203853489,11.11670017,112.0540009,3.746439934,-0.20385348912743773,1014,819.7678083706843,736.4246812449763,882.0964221929266,774.9934746813258
3086,RSN15720,29,15720, SDR,3.81,32.4923,-116.8468,13.18,28.46,827,32.736,-116.942,16.24,16.31,-0.002340089,-0.002457761,4.35e-05,5.08e-05,0.952122406,0.145272651,65.71933535,5.179664862,6.274698597,0.383972435,2558.13563,46.06474409,56.50025287,383.7203445,CI,SDR,7.834123333,1027,-0.216592515,-0.289512585,-0.196887992,0.07292007,CI.SDR,905,-0.090130249,11.11670017,112.0540009,3.746439934,-0.09013024867623454,905,620.7007049513044,679.8808728408986,705.7627710835294,697.7438928213595
3086,RSN8853,29,8853, SDR,5.39,33.9465,-117.7667,14.89,154.66,827,32.736,-116.942,21.4,21.84,-0.0424655,-0.025105366,0.001916679,0.002505545,1.69149095,0.157666187,84.81266178,5.179664862,6.31653763,0.523598776,3146.044107,16.94860799,13.09836754,471.9066161,CI,SDR,7.834123333,1205,-0.376430151,-0.289512585,-0.196887992,-0.086917566,CI.SDR,1061,-0.249162444,11.11670017,112.0540009,3.746439934,-0.24916244359029172,1061,696.6950150067685,795.8214624386917,776.1985810031741,792.7740157444598
100055,RSN9299,38,9299, VES,5.03,35.3852,-118.6292,7.3,65.26,393,35.8409,-119.0847,12.6,12.82,-0.015579371,-0.069899528,9.49e-05,0.000101544,0.222882352,0.162914497,84.37805878,5.179664862,6.108664217,0.104719755,671.3587122,153.4248306,736.5598314,100.7038068,CI,VES,0.23,441,-0.115235264,-0.142908487,-0.050283894,0.027673224,CI.VES,441,-0.115235264,6.998569965,152.6029968,0.573539019,-0.11523526357758485,441,399.64697162978035,407.669446580449,364.46281700156186,390.48105618927383
100055,RSN10550,38,10550, VES,4.45,34.1081,-117.3062,14.795,251.66,393,35.8409,-119.0847,14.12,14.47,0.000174953,0.000870198,1.19e-05,1.63e-05,0.201049909,0.158146709,86.84162187,5.179664862,6.313637877,0.104719755,626.5927565,10.73331288,73.12588235,93.98891348,CI,VES,0.23,425,-0.078279557,-0.142908487,-0.050283894,0.06462893,CI.VES,425,-0.078279557,6.998569965,152.6029968,0.573539019,-0.07827955705515599,425,447.68319647915143,438.91681627723835,404.01763967173787,408.7163798490157
100055,RSN18050,38,18050, VES,4.5,36.3915,-117.8683,9.117,125.4,393,35.8409,-119.0847,12.32,12.39,0.002230651,0.006867874,0.000704437,0.000845404,0.324795017,0.161665002,86.25478004,5.179664862,6.172420506,0.157079633,967.3091519,2.638562155,9.74945098,145.0963728,CI,VES,0.23,584,-0.396091371,-0.142908487,-0.050283894,-0.253182884,CI.VES,584,-0.396091371,6.998569965,152.6029968,0.573539019,-0.39609137095896596,584,633.9863687709881,572.9419976679185,558.262405732359,547.0706395798007
100055,RSN12911,38,12911, VES,4.11,36.0312,-117.7658,4.03,120.87,393,35.8409,-119.0847,21.99,22.08,0.000321155,0.001783328,0.000137785,5.38e-05,0.180087527,0.168262731,88.54143942,5.179664862,5.941161117,0.087266463,528.6801837,5.969423792,12.94283122,79.30202756,CI,VES,0.23,386,0.017972242,-0.142908487,-0.050283894,0.16088073,CI.VES,386,0.017972242,6.998569965,152.6029968,0.573539019,0.017972242404430183,386,431.52481969672,377.4349227505583,359.4558502951382,353.60665315443293
100073,RSN14099,44,14099, KCC,3.8,35.632,-120.7532,6.775,227.51,1252,37.3236,-119.3187,55.1,55.3125,-0.000166934,-0.000131562,6.66e-06,7.63e-06,1.268865536,0.164037147,88.53623391,5.179664862,6.094190843,0.453785606,2662.043948,21.87863696,19.75405405,399.3065922,BK,KCC,-999.0,1059,0.167417206,0.174492845,0.267117439,-0.007075639,BK.KCC,1059,0.167417206,88.5789032,1011.630005,10.74110031,0.1674172060586372,1059,743.0254448072192,974.4201814081927,940.7405745817446,982.273170021574
100073,RSN21495,44,21495, KCC,3.5,37.29562,-121.0867,4.464,156.76,1252,37.3236,-119.3187,9.375,9.5375,-0.000325307,-0.000215462,4.68e-06,6.01e-06,1.509809753,0.167161464,88.71974485,5.179664862,5.980746664,0.488692191,2828.25971,54.12762063,46.03888889,424.2389565,BK,KCC,-999.0,1110,0.120382257,0.174492845,0.267117439,-0.054110588,BK.KCC,1110,0.120382257,88.5789032,1011.630005,10.74110031,0.12038225735366392,1110,909.6768073389219,1001.8247494559687,960.5585530306745,1008.1399104972268
100073,RSN19158,44,19158, KCC,3.9,36.6979,-121.3332,5.002,192.27,1252,37.3236,-119.3187,18.2875,18.475,-0.000172048,-0.000139146,3.69e-05,4.75e-05,1.236462347,0.166120751,88.79334837,5.179664862,6.018382641,0.453785606,2598.064892,3.622063158,3.770894309,389.7097338,BK,KCC,-999.0,1040,0.18552156,0.174492845,0.267117439,0.011028714,BK.KCC,1040,0.18552156,88.5789032,1011.630005,10.74110031,0.18552155952462535,1040,715.7445136433336,950.4725208899514,919.997033642535,967.4976475401243
100073,RSN18392,44,18392, KCC,5.0,35.9583,-120.4981,10.69,184.6,1252,37.3236,-119.3187,23.8,24.05,0.003564402,0.003129423,0.000547137,0.000809405,1.1389965,0.160501041,86.96897218,5.179664862,6.221773024,0.41887902,2566.220389,4.403731136,5.719633291,384.9330584,BK,KCC,-999.0,1030,0.19518347,0.174492845,0.267117439,0.020690625,BK.KCC,1030,0.19518347,88.5789032,1011.630005,10.74110031,0.19518347043636197,1030,765.5846136664792,1000.2059414300107,935.4395181169606,983.2784877694032
100073,RSN11044,44,11044, KCC,4.3,37.0995,-121.4909,3.361,194.41,1252,37.3236,-119.3187,23.1875,23.2875,-0.003125695,-0.002564221,0.000579252,0.000703787,1.218964983,0.168393455,89.29547647,5.179664862,5.93802414,0.436332313,2536.448872,4.441251401,4.426779709,380.4673308,BK,KCC,-999.0,1021,0.203959733,0.174492845,0.267117439,0.029466888,BK.KCC,1021,0.203959733,88.5789032,1011.630005,10.74110031,0.20395973349537844,1021,713.0589375634974,924.7712725951105,935.9416539784582,945.3879928098554
100089,RSN12383,47,12383, ARV,4.27,36.1466,-118.0613,4.057,132.85,348,35.1269,-118.8301,20.42,20.52,0.0001,0.000663898,0.000122175,4.01e-05,0.150562779,0.168192941,88.66319531,5.179664862,5.943934512,0.06981317,443.6851496,2.493765586,5.433992224,66.55277244,CI,ARV,-999.0,349,-0.002869442,-0.139667009,-0.047042415,0.136797566,CI.ARV,349,-0.002869442,11.20110035,241.1190033,6.969810009,-0.0028694424279525066,349,392.45928598093326,368.80912112969855,390.6049537761802,362.615574573764
100089,RSN10669,47,10669, ARV,4.66,34.2983,-118.6255,8.038,93.81,348,35.1269,-118.8301,8.62,8.97,-0.001125238,-0.004678594,0.000224971,6.94e-05,0.240507832,0.162749155,85.62539335,5.179664862,6.126524324,0.122173048,723.7810182,16.21380403,20.79643154,108.5671527,CI,ARV,-999.0,466,-0.291983154,-0.139667009,-0.047042415,-0.152316146,CI.ARV,466,-0.291983154,11.20110035,241.1190033,6.969810009,-0.29198315435117106,466,443.9176429254208,432.65110777917533,418.4579563733701,419.7166920105279
100089,RSN17892,47,17892, ARV,4.04,36.3911,-117.8665,9.439,165.13,348,35.1269,-118.8301,12.4,12.57,-0.000242716,-0.001356784,2.8e-05,6.51e-06,0.17889046,0.161492641,87.0362714,5.179664862,6.183950287,0.087266463,547.294971,37.28356375,48.45657143,82.09424565,CI,ARV,-999.0,394,-0.12414843,-0.139667009,-0.047042415,0.015518579,CI.ARV,394,-0.12414843,11.20110035,241.1190033,6.969810009,-0.12414842952345939,394,464.6979775285018,406.7770596300639,442.4837977751956,394.42055869760276
100096,RSN16517,53,16517, CHF,3.61,34.2449,-117.4464,12.48,54.25,927,34.3334,-118.0259,15.02,15.09,0.000220839,0.000426648,1.77e-05,3.11e-06,0.517613091,0.156072616,77.7783193,5.179664862,6.262058538,0.244346095,1517.325521,71.00932476,24.10440678,227.5988282,CI,CHF,-999.0,775,0.179090536,0.091862442,0.184487035,0.087228095,CI.CHF,775,0.179090536,4.674680233,1616.569946,7.933330059,0.1790905362125077,775,685.8344215766451,703.6572698634473,736.3432705153199,734.1945945944178
100096,RSN16868,53,16868, CHF,3.6,34.2088,-117.5824,7.536,43.12,927,34.3334,-118.0259,12.62,12.7,0.000771342,0.001151373,5.32e-05,1.08e-05,0.669932619,0.161508161,80.94242789,5.179664862,6.114431914,0.296705973,1801.54145,71.42055556,21.64234962,270.2312175,CI,CHF,-999.0,784,0.167544545,0.091862442,0.184487035,0.075682104,CI.CHF,784,0.167544545,4.674680233,1616.569946,7.933330059,0.16754454521544737,784,637.7098338953801,707.8205836484043,712.7902943299324,726.0655256286644
100096,RSN17213,53,17213, CHF,3.55,34.4143,-118.665,11.644,59.46,927,34.3334,-118.0259,23.44,23.56,0.000429054,0.000557419,4.5e-05,4.33e-05,0.769715543,0.157501281,79.60094801,5.179664862,6.244866393,0.331612558,2047.042312,9.90886836,12.38708889,307.0563468,CI,CHF,-999.0,866,0.068068657,0.091862442,0.184487035,-0.023793785,CI.CHF,866,0.068068657,4.674680233,1616.569946,7.933330059,0.06806865700341991,866,670.2507459364763,763.8295494242175,726.1262286147473,785.2598692606867
100096,RSN9168,53,9168, CHF,5.03,35.3852,-118.6292,7.3,129.07,927,34.3334,-118.0259,10.55,10.8,-0.002919022,-0.003457998,0.000149085,8.97e-05,0.844136271,0.163500863,87.16009636,5.179664862,6.108664217,0.34906585,2099.627029,32.54205128,23.19480833,314.9440544,CI,CHF,-999.0,883,0.048628365,0.091862442,0.184487035,-0.043234077,CI.CHF,883,0.048628365,4.674680233,1616.569946,7.933330059,0.048628364961895265,883,771.5387514249611,826.3700437645755,813.5834799189344,829.1612430367949
100096,RSN17858,53,17858, CHF,3.14,33.909,-118.1836,6.769,49.27,927,34.3334,-118.0259,15.14,15.2,-7.08e-05,-0.000106677,2.68e-06,3.25e-06,0.663742726,0.16292305,83.14663637,5.179664862,6.094010642,0.296705973,1774.131351,21.78461538,39.80485075,266.1197027,CI,CHF,-999.0,775,0.179090536,0.091862442,0.184487035,0.087228095,CI.CHF,775,0.179090536,4.674680233,1616.569946,7.933330059,0.1790905362125077,775,646.671892771088,702.0534250279595,710.0172626472175,717.8189596108239
100096,RSN11177,53,11177, CHF,4.42,34.0665,-118.8938,12.827,85.3,927,34.3334,-118.0259,21.19,21.35,-0.001695674,-0.001849217,9.07e-06,9.17e-06,0.916968535,0.157969562,81.98557282,5.179664862,6.268505043,0.366519143,2293.026635,184.9153762,203.8828004,343.9539953,CI,CHF,-999.0,944,-0.018172601,0.091862442,0.184487035,-0.110035042,CI.CHF,944,-0.018172601,4.674680233,1616.569946,7.933330059,-0.018172600579645426,944,768.4294089481367,847.212174515747,822.3739077871356,858.1017468414553
100096,RSN12004,53,12004, CHF,4.37,34.0559,-117.2442,15.833,78.35,927,34.3334,-118.0259,38.25,38.31,0.000584919,0.001300198,0.000194569,0.000146598,0.449868766,0.154797325,79.09631417,5.179664862,6.343433553,0.20943951,1354.864256,3.989952114,6.682451984,203.2296384,CI,CHF,-999.0,719,0.254092208,0.091862442,0.184487035,0.162229766,CI.CHF,719,0.254092208,4.674680233,1616.569946,7.933330059,0.254092207844808,719,681.1148668838554,666.6995043646785,719.7284416804196,698.648648811196
100096,RSN10410,53,10410, CHF,4.45,34.1081,-117.3062,14.795,70.87,927,34.3334,-118.0259,13.64,13.85,0.004394899,0.005013381,3.31e-05,1.72e-05,0.876633802,0.155313681,78.69405976,5.179664862,6.313637877,0.366519143,2270.855871,255.5173837,151.4616616,340.6283807,CI,CHF,-999.0,937,-0.010729717,0.091862442,0.184487035,-0.102592158,CI.CHF,937,-0.010729717,4.674680233,1616.569946,7.933330059,-0.010729716672567058,937,733.4424984199621,823.5030976647256,764.8926243655379,839.9864610520284
100096,RSN19363,53,19363, CHF,3.43,34.1381,-117.4717,5.767,55.46,927,34.3334,-118.0259,27.21,27.35,0.000739866,0.000955209,3.25e-05,1.28e-05,0.7745591,0.164437724,84.95513361,5.179664862,6.057771424,0.331612558,1968.759967,57.80203125,29.39104615,295.3139951,CI,CHF,-999.0,840,0.098551674,0.091862442,0.184487035,0.006689232,CI.CHF,840,0.098551674,4.674680233,1616.569946,7.933330059,0.09855167372849571,840,669.8206625563979,755.1834713830427,740.8710507158182,770.8712677970428
100096,RSN17652,53,17652, CHF,3.47,33.8029,-116.1786,7.366,180.4,927,34.3334,-118.0259,25.72,25.87,8.91e-05,9.52e-05,1.41e-05,6.71e-06,0.935743392,0.163554172,87.96317726,5.179664862,6.110319177,0.383972435,2249.814424,13.27868852,6.75177305,337.4721636,CI,CHF,-999.0,931,-0.004305712,0.091862442,0.184487035,-0.096168153,CI.CHF,931,-0.004305712,4.674680233,1616.569946,7.933330059,-0.00430571171121219,931,659.0212674263522,909.0808215206823,899.1594593958075,907.7629715357426
100096,RSN15321,53,15321, CHF,3.74,34.8437,-119.6912,11.07,162.93,927,34.3334,-118.0259,21.25,21.35,5.55e-05,6.79e-05,3.02e-05,1.96e-05,0.816954355,0.160162668,86.42100696,5.179664862,6.231475121,0.34906585,2100.003951,2.831632653,2.248344371,315.0005927,CI,CHF,-999.0,883,0.048628365,0.091862442,0.184487035,-0.043234077,CI.CHF,883,0.048628365,4.674680233,1616.569946,7.933330059,0.048628364961895265,883,710.180536436083,850.3421314101379,817.3324741178703,845.99341256554
100103,RSN16943,55,16943, DSC,3.63,34.1242,-116.405,9.555,116.3,1329,35.1426,-116.104,13.2,13.24,-0.000280987,-0.000414002,0.000105044,5.59e-05,0.678708127,0.161160365,85.74552885,5.179664862,6.187901101,0.296705973,1822.143707,5.026601073,3.94122463,273.3215561,CI,DSC,-999.0,791,0.518884091,0.482118683,0.574743277,0.036765408,CI.DSC,791,0.518884091,2.530819893,290.0480042,3.527889967,0.5188840909455914,791,723.1673558028447,784.4235717948205,721.1315851182675,791.6139699102544
100103,RSN8789,55,8789, DSC,5.39,33.9465,-117.7667,14.89,202.23,1329,35.1426,-116.104,27.7,27.9,-0.001160704,-0.002048783,0.000319441,0.000154255,0.566533589,0.157937918,86.04688969,5.179664862,6.31653763,0.261799388,1615.148071,7.52457943,6.413650721,242.2722107,CI,DSC,-999.0,721,0.611542921,0.482118683,0.574743277,0.129424238,CI.DSC,721,0.611542921,2.530819893,290.0480042,3.527889967,0.6115429214282964,721,724.6696646056291,716.3435809646627,684.1098564687993,721.808974993415
100103,RSN13839,55,13839, DSC,4.17,34.3277,-116.829,4.957,112.16,1329,35.1426,-116.104,12.92,13.04,-0.000666138,-0.000804251,2.57e-05,2.02e-05,0.828270884,0.166126707,87.9398029,5.179664862,6.015610792,0.34906585,2042.190359,32.97712871,31.29381323,306.3285539,CI,DSC,-999.0,864,0.43060929,0.482118683,0.574743277,-0.051509393,CI.DSC,864,0.43060929,2.530819893,290.0480042,3.527889967,0.43060928990919045,864,725.1022542793396,818.8369480119925,827.2743713735553,856.0689306275815
100103,RSN14393,55,14393, DSC,4.14,34.8632,-116.3444,6.474,37.98,1329,35.1426,-116.104,20.8,20.91,-0.013816608,-0.017521968,0.000565755,0.000313272,0.788530595,0.162479627,81.35408623,5.179664862,6.084678138,0.331612558,2015.776784,44.10419061,30.97094679,302.3665176,CI,DSC,-999.0,855,0.44108059,0.482118683,0.574743277,-0.041038094,CI.DSC,855,0.44108059,2.530819893,290.0480042,3.527889967,0.4410805897764858,855,710.1916045115701,813.3323099047519,780.7294641885558,835.4299142916251
100103,RSN14587,55,14587, DSC,4.11,35.6211,-117.5805,9.045,144.28,1329,35.1426,-116.104,39.46,39.53,0.000210519,0.00036551,2.91e-05,1.13e-05,0.575959408,0.161825956,86.78000585,5.179664862,6.169722379,0.261799388,1596.421859,18.63,12.5604811,239.4632789,CI,DSC,-999.0,720,0.612930847,0.482118683,0.574743277,0.130812163,CI.DSC,720,0.612930847,2.530819893,290.0480042,3.527889967,0.6129308467031445,720,810.5381454963543,753.939489912919,724.9535368689345,746.2997173230389
100103,RSN17252,55,17252, DSC,3.53,34.2894,-116.8271,6.278,115.52,1329,35.1426,-116.104,31.17,31.23,-0.000108095,-0.000107177,2.41e-05,4.42e-05,1.00856429,0.164353954,87.34919887,5.179664862,6.07791863,0.401425728,2343.915242,2.445588235,4.447178423,351.5872863,CI,DSC,-999.0,961,0.32420765,0.482118683,0.574743277,-0.157911034,CI.DSC,961,0.32420765,2.530819893,290.0480042,3.527889967,0.32420764974295313,961,733.9280293673712,896.3429787404168,912.9550946838978,945.4325683667253
100103,RSN13231,55,13231, DSC,4.19,34.3571,-116.8418,9.486,110.26,1329,35.1426,-116.104,17.76,17.85,-0.000836656,-0.0010604,0.000106047,4.77e-05,0.789000399,0.161179035,85.54831916,5.179664862,6.185563454,0.331612558,2032.825316,17.53995807,9.999339915,304.9237974,CI,DSC,-999.0,861,0.434087554,0.482118683,0.574743277,-0.048031129,CI.DSC,861,0.434087554,2.530819893,290.0480042,3.527889967,0.43408755428551515,861,751.2365218241218,841.8410270843617,825.6064793334956,865.6816497176783
100103,RSN14233,55,14233, DSC,3.94,32.7219,-116.8133,20.237,276.4,1329,35.1426,-116.104,23.34,23.49,-3.71e-05,-4.99e-05,9.58e-06,8.56e-06,0.743807644,0.154890498,85.99852239,5.179664862,6.440435438,0.314159265,2026.945519,4.33411215,5.208768267,304.0418279,CI,DSC,-999.0,859,0.436413137,0.482118683,0.574743277,-0.045705547,CI.DSC,859,0.436413137,2.530819893,290.0480042,3.527889967,0.43641313672899074,859,919.485478127562,865.2656175118868,874.6493217022594,873.637150594768
100103,RSN10934,55,10934, DSC,4.26,33.8776,-116.2019,10.062,140.61,1329,35.1426,-116.104,18.06,18.15,-0.0003212,-0.000365403,7.12e-05,4.1e-05,0.879030122,0.160843994,86.26992359,5.179664862,6.204033973,0.366519143,2196.377473,7.834146341,5.132064607,329.456621,CI,DSC,-999.0,914,0.374351487,0.482118683,0.574743277,-0.107767196,CI.DSC,914,0.374351487,2.530819893,290.0480042,3.527889967,0.37435148725909606,914,769.551575951137,896.8335208126546,939.2819547222061,942.7743876447513
100103,RSN16822,55,16822, DSC,3.49,34.309,-116.9297,9.684,119.46,1329,35.1426,-116.104,10.15,10.26,8.35e-05,0.000105048,7.9e-06,7.24e-06,0.795045981,0.161058553,85.79100671,5.179664862,6.192176404,0.331612558,2044.3873,11.53314917,13.29721519,306.658095,CI,DSC,-999.0,865,0.429452552,0.482118683,0.574743277,-0.052666132,CI.DSC,865,0.429452552,2.530819893,290.0480042,3.527889967,0.42945255178136676,865,741.8079341348047,839.9912235598863,805.1378323139477,864.9156183199113
100103,RSN9345,55,9345, DSC,4.88,34.0655,-117.0011,17.501,145.08,1329,35.1426,-116.104,14.75,14.87,-0.000958955,-0.001732738,0.000153266,4.17e-05,0.553433467,0.155625464,83.46297362,5.179664862,6.383907006,0.244346095,1604.118296,22.99652278,11.30542978,240.6177444,CI,DSC,-999.0,717,0.617106218,0.482118683,0.574743277,0.134987535,CI.DSC,717,0.617106218,2.530819893,290.0480042,3.527889967,0.6171062181136255,717,826.245067910825,726.0781141887367,687.5216838318962,721.0327610515567
100103,RSN9185,55,9185, DSC,5.03,35.3852,-118.6292,7.3,231.35,1329,35.1426,-116.104,17.05,17.42,0.001392641,0.00227109,8.51e-05,4.19e-05,0.613203796,0.163640533,88.43098619,5.179664862,6.108664217,0.27925268,1661.101135,33.23725537,26.68730905,249.1651703,CI,DSC,-999.0,737,0.589594167,0.482118683,0.574743277,0.107475483,CI.DSC,737,0.589594167,2.530819893,290.0480042,3.527889967,0.5895941665239093,737,757.424872844325,736.8144969954246,709.655500048301,746.9001862588533
100103,RSN18252,55,18252, DSC,4.2,36.3905,-117.8695,8.829,211.33,1329,35.1426,-116.104,10.19,10.38,0.000132919,0.000202021,8.49e-06,4.69e-06,0.657947435,0.162189545,87.86494755,5.179664862,6.161345296,0.296705973,1771.012388,28.34093817,23.79517079,265.6518582,CI,DSC,-999.0,774,0.540610185,0.482118683,0.574743277,0.058491502,CI.DSC,774,0.540610185,2.530819893,290.0480042,3.527889967,0.5406101851235183,774,876.1429112271334,805.9498558537979,819.5858917643764,814.1620223605817
100103,RSN18205,55,18205, DSC,4.36,36.3932,-117.8644,8.798,211.18,1329,35.1426,-116.104,9.85,10.02,0.000102242,0.000163685,1.86e-05,1.18e-05,0.624630037,0.162221969,87.86322807,5.179664862,6.160106881,0.27925268,1698.657901,8.664576271,8.800268817,254.7986852,CI,DSC,-999.0,750,0.572108852,0.482118683,0.574743277,0.089990169,CI.DSC,750,0.572108852,2.530819893,290.0480042,3.527889967,0.5721088521828896,750,846.1399790333429,777.5865601445033,766.1140453445154,776.1138465521249
100103,RSN15621,55,15621, DSC,3.87,33.7513,-116.0218,8.756,154.52,1329,35.1426,-116.104,23.88,23.94,-0.000158719,-0.000163418,6.82e-05,6.11e-05,0.971244781,0.162171232,87.09800002,5.179664862,6.158414042,0.383972435,2317.38571,2.597692308,2.396158358,347.6078565,CI,DSC,-999.0,952,0.333617024,0.482118683,0.574743277,-0.148501659,CI.DSC,952,0.333617024,2.530819893,290.0480042,3.527889967,0.33361702392188075,952,673.1610766777779,912.8389302926306,919.6753789071689,960.0695130547612
100103,RSN14635,55,14635, DSC,3.9,35.3429,-118.5645,9.906,225.05,1329,35.1426,-116.104,24.23,24.28,-5.81e-05,-0.000122845,2.31e-05,1.43e-05,0.473114216,0.161181167,87.71298126,5.179664862,6.199256899,0.226892803,1361.234384,4.062937063,5.317965368,204.1851576,CI,DSC,-999.0,722,0.61015692,0.482118683,0.574743277,0.128038237,CI.DSC,722,0.61015692,2.530819893,290.0480042,3.527889967,0.6101569198204198,722,769.4795017081509,740.9801392891312,722.4355801217538,752.1380621010204
100103,RSN12749,55,12749, DSC,4.26,33.9538,-116.3912,7.696,134.48,1329,35.1426,-116.104,19.78,19.83,-0.000344049,-0.000381404,8.6e-05,8.77e-05,0.902060512,0.163242237,87.11782795,5.179664862,6.118116656,0.366519143,2197.699534,3.923021665,4.434930233,329.6549301,CI,DSC,-999.0,914,0.374351487,0.482118683,0.574743277,-0.107767196,CI.DSC,914,0.374351487,2.530819893,290.0480042,3.527889967,0.37435148725909606,914,805.9426249567402,882.8667792252035,933.0909143588767,928.8956053906669
100103,RSN10426,55,10426, DSC,4.45,34.1081,-117.3062,14.795,159.13,1329,35.1426,-116.104,13.23,13.38,-0.000840627,-0.001368817,0.000100877,0.000186331,0.614126475,0.157787023,85.01015187,5.179664862,6.313637877,0.27925268,1724.647554,4.511471521,13.56916839,258.6971331,CI,DSC,-999.0,759,0.560180281,0.482118683,0.574743277,0.078061598,CI.DSC,759,0.560180281,2.530819893,290.0480042,3.527889967,0.5601802813176153,759,785.3504554497512,780.1952513527715,728.2994237328959,769.8869206072449
100103,RSN15525,55,15525, DSC,3.68,34.7251,-116.0506,2.727,46.57,1329,35.1426,-116.104,22.21,22.28,-0.000371157,-0.000482006,5.8e-05,3.52e-05,0.770024808,0.168282304,87.8021939,5.179664862,5.93802414,0.331612558,1916.403046,10.54423295,8.310448276,287.4604569,CI,DSC,-999.0,823,0.479225858,0.482118683,0.574743277,-0.002892825,CI.DSC,823,0.479225858,2.530819893,290.0480042,3.527889967,0.4792258580361759,823,652.6037652755689,767.9214247968041,695.9611517906416,792.7830974246311
100103,RSN12685,55,12685, DSC,4.34,35.8373,-117.678,6.864,162.3,1329,35.1426,-116.104,23.1,23.28,0.00042104,0.00075607,9.88e-06,4.49e-06,0.556879686,0.163911199,87.91407454,5.179664862,6.096821743,0.261799388,1535.765633,93.77282851,76.52530364,230.364845,CI,DSC,-999.0,778,0.535455535,0.482118683,0.574743277,0.053336851,CI.DSC,778,0.535455535,2.530819893,290.0480042,3.527889967,0.5354555345348544,778,883.530151702907,812.6926903914814,794.1519345382711,808.2908198698639
100103,RSN10342,55,10342, DSC,4.63,32.3362,-115.2425,17.16,321.35,1329,35.1426,-116.104,54.45,54.63,-0.000188635,-0.000190342,6.83e-05,6.6e-05,0.991032197,0.156631833,87.10901904,5.179664862,6.37627289,0.383972435,2426.379782,2.858106061,2.786852123,363.9569673,CI,DSC,-999.0,986,0.298525704,0.482118683,0.574743277,-0.183592979,CI.DSC,986,0.298525704,2.530819893,290.0480042,3.527889967,0.2985257041106104,986,820.4497780155478,942.4374911461338,970.5286429811417,982.9664186209671
100109,RSN9020,58,9020, GOR,5.2,33.5328,-116.5697,15.48,74.41,559,33.1537,-117.2292,19.41,19.58,0.02369514,0.016729279,0.000658687,0.000186635,1.416387415,0.154867122,78.78065844,5.179664862,6.333749326,0.471238898,2966.234543,126.9597878,25.39791889,444.9351815,CI,GOR,5.44,1151,-0.722236936,-0.63447892,-0.541854327,-0.087758015,CI.GOR,859,-0.429619449,9.207229614,125.9499969,2.980380058,-0.4296194488291558,859,559.333418412597,582.9522504514682,660.8721522346657,614.6124135243272
100109,RSN15358,58,15358, GOR,3.87,33.928,-116.7858,18.501,95.24,559,33.1537,-117.2292,22.24,22.33,-0.000399698,-0.000342551,3.3e-05,1.69e-05,1.166826816,0.153498326,79.45337688,5.179664862,6.40467109,0.436332313,2725.593783,23.65076923,10.38033333,408.8390675,CI,GOR,5.44,1079,-0.657640492,-0.63447892,-0.541854327,-0.023161572,CI.GOR,806,-0.365934269,9.207229614,125.9499969,2.980380058,-0.36593426935152884,806,507.48870836434736,574.3283005963228,641.1424408227595,593.6966371641785
100109,RSN13996,58,13996, GOR,4.15,33.638,-116.7082,12.649,72.35,559,33.1537,-117.2292,13.76,13.82,-0.002755463,-0.003088443,0.000237066,6.99e-05,0.892184971,0.157504824,80.6824719,5.179664862,6.265244507,0.366519143,2262.942485,39.42007153,13.02777707,339.4413728,CI,GOR,5.44,935,-0.514397056,-0.63447892,-0.541854327,0.120081864,CI.GOR,698,-0.22206963,9.207229614,125.9499969,2.980380058,-0.22206962960727328,698,548.6915796488155,516.4721546122197,620.0631058524328,540.0474794876727
100109,RSN12846,58,12846, GOR,4.02,33.7129,-116.0516,12.808,125.85,559,33.1537,-117.2292,24.8,24.88,0.001286684,0.001064527,0.000177449,0.000262076,1.208690747,0.15881796,84.56036574,5.179664862,6.268161535,0.436332313,2678.769856,4.90958348,5.999058885,401.8154784,CI,GOR,5.44,1064,-0.643641197,-0.63447892,-0.541854327,-0.009162277,CI.GOR,794,-0.350933988,9.207229614,125.9499969,2.980380058,-0.350933988092037,794,477.06127467144694,559.2133050655855,673.7815661109311,586.7963447106807
100111,RSN17426,59,17426, GSC,3.73,35.2675,-117.3498,7.92,49.64,679,35.3018,-116.8057,22.11,22.19,0.000356791,0.000722486,2.57e-05,1.15e-05,0.493838086,0.161647541,81.79638158,5.179664862,6.122995859,0.226892803,1405.786787,31.02530435,28.11229572,210.8680181,CI,GSC,-999.0,737,-0.081966765,-0.035106954,0.05751764,-0.046859811,CI.GSC,737,-0.081966765,38.9856987,1000.460022,7.605160236,-0.08196676463064012,737,675.6689875834684,621.2534238223075,639.18754010938,616.4423574507117
100111,RSN12403,59,12403, GSC,4.27,36.1466,-118.0613,4.057,147.28,679,35.3018,-116.8057,20.73,20.84,0.000132309,0.000334305,1.48e-05,7.4e-06,0.395772896,0.168201354,88.79222583,5.179664862,5.943934512,0.191986218,1114.301118,17.87959459,22.58817568,167.1451677,CI,GSC,-999.0,636,0.065422564,-0.035106954,0.05751764,0.100529518,CI.GSC,636,0.065422564,38.9856987,1000.460022,7.605160236,0.06542256421857395,636,730.794481109083,584.3970387841853,618.8193735699095,564.1977735978525
100111,RSN14728,59,14728, GSC,3.84,34.2268,-117.4407,8.593,132.67,679,35.3018,-116.8057,21.7,21.84,-0.000485584,-0.000874491,1.87e-05,1.48e-05,0.555275911,0.162284948,86.68274318,5.179664862,6.151676073,0.261799388,1547.690092,32.80972973,46.7642246,232.1535138,CI,GSC,-999.0,767,-0.121865674,-0.035106954,0.05751764,-0.08675872,CI.GSC,767,-0.121865674,38.9856987,1000.460022,7.605160236,-0.12186567380855973,767,839.4326992645256,682.8916146116557,716.3233672510322,666.5104630510231
100111,RSN15526,59,15526, GSC,3.68,34.7251,-116.0506,2.727,94.04,679,35.3018,-116.8057,22.36,22.52,0.00017141,0.000333339,1.8e-05,9.33e-06,0.51422162,0.168376523,88.92458488,5.179664862,5.93802414,0.244346095,1399.078683,18.37191854,18.51883333,209.8618025,CI,GSC,-999.0,734,-0.077887901,-0.035106954,0.05751764,-0.042780947,CI.GSC,734,-0.077887901,38.9856987,1000.460022,7.605160236,-0.07788790105581889,734,683.7419365059728,625.4777154299107,646.2868229391578,620.3398544894595
100111,RSN16880,59,16880, GSC,3.6,34.2088,-117.5824,7.536,140.57,679,35.3018,-116.8057,14.02,14.11,-0.000147057,-0.000280919,1.2e-05,9.49e-06,0.523484458,0.163366986,87.30784474,5.179664862,6.114431914,0.244346095,1462.660926,15.49599579,23.40991667,219.3991389,CI,GSC,-999.0,757,-0.108742126,-0.035106954,0.05751764,-0.073635172,CI.GSC,757,-0.108742126,38.9856987,1000.460022,7.605160236,-0.1087421258787522,757,843.3019675925705,675.9597731138288,715.082189689143,661.8018311653633
100111,RSN15164,59,15164, GSC,3.9,33.867,-117.1038,11.856,161.5,679,35.3018,-116.8057,26.01,26.16,-0.000274417,-0.00067043,1.9e-05,9.84e-06,0.409314631,0.15964658,86.11843049,5.179664862,6.24946745,0.191986218,1208.682401,27.8879065,35.28578947,181.3023602,CI,GSC,-999.0,665,0.020834087,-0.035106954,0.05751764,0.055941041,CI.GSC,665,0.020834087,38.9856987,1000.460022,7.605160236,0.020834086902842053,665,676.3996639646408,588.5383350735669,610.5639135977195,577.6589550321918
100111,RSN8798,59,8798, GSC,5.39,33.9465,-117.7667,14.89,174.27,679,35.3018,-116.8057,25.11,25.37,-0.012073135,-0.020617921,0.001107724,0.000733796,0.585565108,0.15780676,85.40962495,5.179664862,6.31653763,0.261799388,1657.840545,16.45298557,18.61286837,248.6760818,CI,GSC,-999.0,736,-0.080608991,-0.035106954,0.05751764,-0.045502037,CI.GSC,736,-0.080608991,38.9856987,1000.460022,7.605160236,-0.08060899117018039,736,750.1057763350484,645.5654851535846,658.2286469151936,631.6713598890592
100111,RSN16012,59,16012, GSC,3.73,35.6346,-117.5657,2.693,78.24,679,35.3018,-116.8057,32.26,32.33,0.000111411,0.000268476,6.32e-05,1.94e-05,0.414975271,0.168364417,88.72387218,5.179664862,5.93802414,0.191986218,1159.712849,5.742835052,4.248037975,173.9569274,CI,GSC,-999.0,647,0.048274833,-0.035106954,0.05751764,0.083381787,CI.GSC,647,0.048274833,38.9856987,1000.460022,7.605160236,0.04827483305779534,647,600.4570257677998,553.9331202064805,568.7471414772103,551.436969817943
100111,RSN10069,59,10069, GSC,4.18,34.3617,-118.6637,11.151,199.41,679,35.3018,-116.8057,6.58,6.74,7e-05,0.000193462,1.68e-05,1.14e-05,0.361995096,0.160214315,87.06514799,5.179664862,6.233452986,0.174532925,1078.632087,6.140350877,11.51559524,161.7948131,CI,GSC,-999.0,627,0.079674587,-0.035106954,0.05751764,0.114781541,CI.GSC,627,0.079674587,38.9856987,1000.460022,7.605160236,0.07967458692577534,627,688.6500751498792,572.5059980227657,584.4340741720931,552.2776789537141
100111,RSN13997,59,13997, GSC,4.15,33.638,-116.7082,12.649,184.78,679,35.3018,-116.8057,14.92,15.06,-7.52e-05,-0.000184399,1.45e-05,1.44e-05,0.407887925,0.159288294,86.35770917,5.179664862,6.265244507,0.191986218,1207.761407,5.222222222,12.71717241,181.1642111,CI,GSC,-999.0,665,0.020834087,-0.035106954,0.05751764,0.055941041,CI.GSC,665,0.020834087,38.9856987,1000.460022,7.605160236,0.020834086902842053,665,678.5608720538444,587.5198024022815,609.3770539943586,577.5757639532173
100111,RSN18014,59,18014, GSC,5.0,36.3864,-117.8583,7.408,153.38,679,35.3018,-116.8057,13.1,13.31,0.001196209,0.001736223,0.000234607,0.000139816,0.688971737,0.163484617,87.58596003,5.179664862,6.11135504,0.296705973,1815.295248,8.555594496,7.400559233,272.2942872,CI,GSC,-999.0,789,-0.150145193,-0.035106954,0.05751764,-0.115038239,CI.GSC,789,-0.150145193,38.9856987,1000.460022,7.605160236,-0.15014519328717757,789,746.5154998403256,691.4052087525138,691.189429999009,671.0090874533738
100114,RSN11196,61,11196, LDR,4.42,34.0665,-118.8938,12.827,114.36,378,34.9906,-118.3416,26.27,26.46,-0.001263289,-0.001899452,3.03e-05,4.39e-05,0.665080929,0.158661011,84.02496521,5.179664862,6.268505043,0.296705973,1824.408237,28.77651481,62.68818482,273.6612356,CI,LDR,-999.0,792,-0.739667196,-0.735366324,-0.642741731,-0.004300872,CI.LDR,792,-0.739667196,7.184519768,1117.209961,6.364550114,-0.739667196194838,792,724.5885732007658,717.000251346912,661.6816551638874,682.6062024142009
100114,RSN17569,61,17569, LDR,3.4,34.0733,-118.867,10.648,112.61,378,34.9906,-118.3416,20.46,20.59,-0.000121918,-0.000215417,1.23e-05,1.27e-05,0.565961273,0.160150933,85.03239759,5.179664862,6.220655727,0.261799388,1591.590567,9.59984252,17.51357724,238.7385851,CI,LDR,-999.0,724,-0.649897197,-0.735366324,-0.642741731,0.085469128,CI.LDR,724,-0.649897197,7.184519768,1117.209961,6.364550114,-0.649897196766128,724,677.8934240310066,664.1679115158648,627.8337453708114,638.3987313588455
100114,RSN9211,61,9211, LDR,5.03,35.3852,-118.6292,7.3,51.02,378,34.9906,-118.3416,15.05,15.26,-0.058446611,-0.073784971,0.000395975,9.45e-05,0.79212081,0.162365411,82.67359334,5.179664862,6.108664217,0.331612558,2023.121799,618.4826561,186.3374481,303.4682699,CI,LDR,-999.0,858,-0.819709904,-0.735366324,-0.642741731,-0.084343579,CI.LDR,858,-0.819709904,7.184519768,1117.209961,6.364550114,-0.8197099038683744,858,672.4117151486183,758.293139156357,673.0117179652658,722.6799964908504
100114,RSN16017,61,16017, LDR,3.73,35.6346,-117.5657,2.693,100.42,378,34.9906,-118.3416,34.86,35.09,-0.000196621,-0.000307846,2.09e-05,1.21e-05,0.638697907,0.168381062,89.01028463,5.179664862,5.93802414,0.27925268,1663.443094,16.24966942,14.72947368,249.5164641,CI,LDR,-999.0,738,-0.669049629,-0.735366324,-0.642741731,0.066316695,CI.LDR,738,-0.669049629,7.184519768,1117.209961,6.364550114,-0.6690496289808845,738,665.0857427767595,671.3274701688409,637.1172692735082,643.0073053658963
100114,RSN18215,61,18215, LDR,4.36,36.3932,-117.8644,8.798,161.5,378,34.9906,-118.3416,12.16,12.33,-0.001559587,-0.00205685,9.78e-05,3.87e-05,0.758240674,0.162142388,87.20975481,5.179664862,6.160106881,0.331612558,1968.876022,40.29940568,21.03118609,295.3314033,CI,LDR,-999.0,840,-0.798507696,-0.735366324,-0.642741731,-0.063141372,CI.LDR,840,-0.798507696,7.184519768,1117.209961,6.364550114,-0.7985076962177713,840,759.8236394888571,816.2577616149234,729.9885680583698,753.4299805243774
100118,RSN16616,64,16616, LUG,3.69,33.735,-117.4936,9.693,70.92,365,34.3656,-117.3668,16.91,17.07,-0.002194666,-0.007397474,4.67e-05,5.92e-05,0.296677722,0.160219919,82.8193937,5.179664862,6.192470162,0.13962634,896.375952,37.07206081,158.4041542,134.4563928,CI,LUG,0.32,545,-0.400888441,-0.170436382,-0.077811789,-0.230452059,CI.LUG,545,-0.400888441,3.733690023,1137.849976,3.054860115,-0.4008884410807525,545,505.59877689501144,502.2841965052959,503.1865285201798,503.8835372961981
100118,RSN16955,64,16955, LUG,3.63,34.1242,-116.405,9.555,92.56,365,34.3656,-117.3668,12.09,12.24,0.000476428,0.003206456,3.72e-05,4.2e-05,0.148584098,0.160896244,84.62935203,5.179664862,6.187901101,0.06981317,457.842839,11.34352381,86.19505376,68.67642585,CI,LUG,0.32,355,0.027779564,-0.170436382,-0.077811789,0.198215946,CI.LUG,355,0.027779564,3.733690023,1137.849976,3.054860115,0.027779564107075494,355,385.2535643884678,371.7586765457057,371.99828280151905,360.33106267825207
100118,RSN10092,64,10092, LUG,4.18,34.3617,-118.6637,11.151,119.3,365,34.3656,-117.3668,10.9,11.04,0.002539354,0.007876768,0.001910305,0.000526346,0.32238528,0.159834401,85.08321114,5.179664862,6.233452986,0.157079633,971.7992807,4.824495674,4.12330387,145.7698921,CI,LUG,0.32,586,-0.473422436,-0.170436382,-0.077811789,-0.302986054,CI.LUG,586,-0.473422436,3.733690023,1137.849976,3.054860115,-0.4734224359945207,586,572.3303561467752,545.2299436548176,549.2100991926252,545.6884965341128
100118,RSN12618,64,12618, LUG,4.11,33.5089,-116.8485,12.274,106.42,365,34.3656,-117.3668,14.4,14.55,-0.000345138,-0.001265736,0.000225477,7.49e-05,0.272678015,0.158880958,83.8715492,5.179664862,6.258050482,0.13962634,835.9791904,4.607983979,5.613592517,125.3968786,CI,LUG,0.32,513,-0.340378492,-0.170436382,-0.077811789,-0.169942109,CI.LUG,513,-0.340378492,3.733690023,1137.849976,3.054860115,-0.34037849158827793,513,481.86531461666965,476.09002597142734,474.9837950131558,474.8772144725168
100118,RSN19382,64,19382, LUG,3.43,34.1381,-117.4717,5.767,27.02,365,34.3656,-117.3668,22.06,22.17,-0.00476975,-0.017380498,0.000214609,2.78e-05,0.274431129,0.162155631,79.20443397,5.179664862,6.057771424,0.13962634,824.0009702,171.573741,80.98680857,123.6001455,CI,LUG,0.32,508,-0.330584094,-0.170436382,-0.077811789,-0.160147712,CI.LUG,508,-0.330584094,3.733690023,1137.849976,3.054860115,-0.33058409399599054,508,496.0153459530558,477.9614605232504,482.6841316329673,473.64137477885896
100118,RSN17466,64,17466, LUG,3.59,34.0938,-117.4347,3.015,30.79,365,34.3656,-117.3668,31.35,31.42,-0.001068728,-0.006081341,0.000183272,4.74e-05,0.175738938,0.168001132,86.02531936,5.179664862,5.93802414,0.087266463,517.1021093,22.54700422,33.18205181,77.5653164,CI,LUG,0.32,381,-0.042902022,-0.170436382,-0.077811789,0.127534361,CI.LUG,381,-0.042902022,3.733690023,1137.849976,3.054860115,-0.042902021544209745,381,369.82241655721737,367.5642342511193,369.91682925070404,364.2218442165444
100118,RSN15001,64,15001, LUG,3.74,34.1651,-117.4332,7.875,23.07,365,34.3656,-117.3668,21.67,21.74,-0.002515957,-0.017263309,0.000204029,0.00053141,0.145740139,0.155908797,72.64597536,5.179664862,6.12204057,0.06981317,463.634191,4.734493141,84.61203554,69.54512865,CI,LUG,0.32,358,0.019364367,-0.170436382,-0.077811789,0.18980075,CI.LUG,358,0.019364367,3.733690023,1137.849976,3.054860115,0.01936436718179113,358,367.506990687788,367.1024106484768,363.0181671035031,359.8614177980822
100118,RSN14509,64,14509, LUG,4.01,33.2617,-116.0659,5.761,171.75,365,34.3656,-117.3668,42.6,42.8,-0.000251522,-0.000870649,0.00011483,0.000117453,0.288890023,0.16501963,88.39580046,5.179664862,6.057510055,0.13962634,849.2055436,2.141469354,7.582069146,127.3808315,CI,LUG,0.32,520,-0.353931458,-0.170436382,-0.077811789,-0.183495076,CI.LUG,520,-0.353931458,3.733690023,1137.849976,3.054860115,-0.35393145799298154,520,657.5109840792617,519.5257140839688,543.4592471373163,514.49089205738
100118,RSN13731,64,13731, LUG,3.97,33.9535,-117.7457,11.873,57.54,365,34.3656,-117.3668,13.55,13.61,-0.000903953,-0.003351229,0.000225456,0.000240037,0.269737732,0.157071106,79.01212428,5.179664862,6.249828919,0.13962634,837.1059142,3.765890259,14.86422628,125.5658871,CI,LUG,0.32,514,-0.342325912,-0.170436382,-0.077811789,-0.17188953,CI.LUG,514,-0.342325912,3.733690023,1137.849976,3.054860115,-0.342325911872674,514,469.2262976933272,470.50138543171767,473.191534946751,473.4542221906568
100118,RSN17091,64,17091, LUG,3.52,34.2098,-116.4371,4.645,87.33,365,34.3656,-117.3668,25.7,25.79,0.000304348,0.0023459,0.000128071,7.82e-05,0.129736252,0.166663807,87.54452654,5.179664862,5.994593769,0.06981317,386.9209219,3.891918159,18.31718344,58.03813829,CI,LUG,0.32,319,0.134706251,-0.170436382,-0.077811789,0.305142633,CI.LUG,319,0.134706251,3.733690023,1137.849976,3.054860115,0.1347062507976471,319,360.93326194839227,352.9973357740505,341.38933354580064,335.51531267503475
100118,RSN9374,64,9374, LUG,4.88,34.0655,-117.0011,17.501,47.37,365,34.3656,-117.3668,17.0,17.1,-0.018375533,-0.145316042,0.00328511,0.000559436,0.126452197,0.147444435,70.26620694,5.179664862,6.383907006,0.06981317,426.4610037,32.84653294,44.23475683,63.96915056,CI,LUG,0.32,340,0.070951736,-0.170436382,-0.077811789,0.241388118,CI.LUG,340,0.070951736,3.733690023,1137.849976,3.054860115,0.07095173597228399,340,355.4482029732069,361.4865149150745,341.0001097142343,353.0268174807016
100118,RSN16676,64,16676, LUG,3.79,34.0456,-117.2248,15.927,37.83,365,34.3656,-117.3668,33.19,33.34,0.002427908,0.016734132,5.9e-05,4.28e-05,0.145087163,0.146136743,68.0292536,5.179664862,6.345939946,0.06981317,492.4664201,56.72682243,283.6293559,73.86996302,CI,LUG,0.32,370,-0.013605652,-0.170436382,-0.077811789,0.15683073,CI.LUG,370,-0.013605652,3.733690023,1137.849976,3.054860115,-0.01360565205577835,370,370.41393700449856,379.30136074297224,373.6767315128326,371.8888552958061
100119,RSN12767,65,12767, MCT,4.26,33.9538,-116.3912,7.696,44.29,1188,34.2265,-116.0407,20.4,20.46,-0.000633295,-0.002046011,0.000324419,4.41e-05,0.309526776,0.161502582,81.14893426,5.179664862,6.118116656,0.157079633,926.7477688,14.36043084,6.306692888,139.0121653,CI,MCT,-999.0,562,0.74852465,0.441615991,0.534240584,0.306908659,CI.MCT,562,0.74852465,24.11910057,615.335022,8.528459549,0.7485246500288998,562,522.2461776705636,628.1978337180345,545.0591474795766,619.1589889877022
100119,RSN14597,65,14597, MCT,4.11,35.6211,-117.5805,9.045,209.12,1188,34.2265,-116.0407,48.75,48.91,8.2e-05,0.00010083,5.36e-06,4.42e-06,0.813300626,0.161959576,87.7743349,5.179664862,6.169722379,0.34906585,2070.831625,18.5520362,18.81156716,310.6247438,CI,MCT,-999.0,873,0.308090944,0.441615991,0.534240584,-0.133525047,CI.MCT,873,0.308090944,24.11910057,615.335022,8.528459549,0.30809094408298865,873,791.2968779889736,835.3458900521198,929.9441074468401,870.8086437227602
100119,RSN16618,65,16618, MCT,3.69,33.735,-117.4936,9.693,144.91,1188,34.2265,-116.0407,11.48,11.63,5.49e-05,9.7e-05,5.28e-06,3.64e-06,0.565351943,0.161188888,86.5212585,5.179664862,6.192470162,0.261799388,1580.030336,15.08241758,18.37121212,237.0045504,CI,MCT,-999.0,735,0.480156001,0.441615991,0.534240584,0.03854001,CI.MCT,735,0.480156001,24.11910057,615.335022,8.528459549,0.48015600070975406,735,770.6307981023069,770.8958886488032,815.8755531990234,774.6500654268065
100119,RSN15633,65,15633, MCT,3.87,33.7513,-116.0218,8.756,52.74,1188,34.2265,-116.0407,22.85,22.93,0.001067178,0.003121836,8.79e-05,1.79e-05,0.341843123,0.160533681,81.35280516,5.179664862,6.158414042,0.157079633,1020.156354,59.61888268,35.51576792,153.0234531,CI,MCT,-999.0,609,0.668208232,0.441615991,0.534240584,0.226592241,CI.MCT,609,0.668208232,24.11910057,615.335022,8.528459549,0.6682082322126934,609,564.040899344569,683.1180744485935,591.312758873441,672.2822510311962
100119,RSN14510,65,14510, MCT,4.01,33.2617,-116.0659,5.761,107.04,1188,34.2265,-116.0407,30.8,30.98,-0.000730291,-0.000614926,1.47e-05,1.13e-05,1.1876091,0.164914888,87.4038239,5.179664862,6.057510055,0.436332313,2558.414323,64.62752212,41.83170068,383.7621485,CI,MCT,-999.0,1027,0.14562929,0.441615991,0.534240584,-0.295986701,CI.MCT,1027,0.14562929,24.11910057,615.335022,8.528459549,0.1456292899940328,1027,830.9443730852624,927.133141463843,870.1006918715601,933.962983854031
100119,RSN13258,65,13258, MCT,4.19,34.3571,-116.8418,9.486,75.16,1188,34.2265,-116.0407,18.45,18.52,0.002363354,0.003583455,0.000149676,9.75e-06,0.659518303,0.16061413,83.45814414,5.179664862,6.185563454,0.296705973,1791.441152,242.3952821,23.94141345,268.7161728,CI,MCT,-999.0,781,0.41945135,0.441615991,0.534240584,-0.022164641,CI.MCT,781,0.41945135,24.11910057,615.335022,8.528459549,0.41945135008290446,781,657.977776399917,763.2143075573041,700.1100194619418,765.1015380437702
100119,RSN16764,65,16764, MCT,3.72,33.1099,-116.0467,7.494,123.85,1188,34.2265,-116.0407,36.08,36.15,-0.000108628,-0.000182579,8.61e-06,5.45e-06,0.594963464,0.163342909,86.95304939,5.179664862,6.113435346,0.261799388,1621.064005,19.93174312,21.20545877,243.1596008,CI,MCT,-999.0,723,0.496617278,0.441615991,0.534240584,0.055001287,CI.MCT,723,0.496617278,24.11910057,615.335022,8.528459549,0.4966172777638258,723,778.3841361792839,750.9769898874118,756.3637571451936,751.966841361193
100119,RSN16271,65,16271, MCT,3.64,33.223,-116.7186,8.687,127.81,1188,34.2265,-116.0407,27.75,27.82,-0.000104347,-0.00021071,6.63e-05,3.98e-05,0.495215608,0.162152354,86.50882977,5.179664862,6.155594857,0.226892803,1404.585211,2.62178392,3.178129713,210.6877817,CI,MCT,-999.0,736,0.478796381,0.441615991,0.534240584,0.03718039,CI.MCT,736,0.478796381,24.11910057,615.335022,8.528459549,0.4787963811937139,736,831.7892084757257,783.1839891415551,837.9299328647784,782.9381740155112
100119,RSN17269,65,17269, MCT,3.53,34.2894,-116.8271,6.278,72.77,1188,34.2265,-116.0407,25.81,25.89,0.00045162,0.000826224,3.2e-05,1.53e-05,0.546606978,0.164077275,85.74856457,5.179664862,6.07791863,0.244346095,1506.825372,29.51764706,25.8195,226.0238058,CI,MCT,-999.0,772,0.43104195,0.441615991,0.534240584,-0.010574041,CI.MCT,772,0.43104195,24.11910057,615.335022,8.528459549,0.4310419498978142,772,735.0284808330703,797.6265957685956,739.0720174830728,795.4927695845516
100119,RSN14245,65,14245, MCT,3.94,32.7219,-116.8133,20.237,181.67,1188,34.2265,-116.0407,18.8,18.96,-0.000108013,-0.000141593,1.16e-05,9.01e-06,0.762844094,0.154389813,83.89982713,5.179664862,6.440435438,0.331612558,2076.021661,11.98812431,12.2062931,311.4032492,CI,MCT,-999.0,875,0.305802614,0.441615991,0.534240584,-0.135813377,CI.MCT,875,0.305802614,24.11910057,615.335022,8.528459549,0.3058026135649765,875,884.9721924708332,854.460593794487,903.9245341362836,879.1902070918154
100119,RSN8812,65,8812, MCT,5.39,33.9465,-117.7667,14.89,162.3,1188,34.2265,-116.0407,24.2,24.32,0.007491962,0.00879588,0.002823714,0.001967212,0.851758102,0.157728674,85.06911396,5.179664862,6.31653763,0.34906585,2188.564604,3.808416175,3.115003857,328.2846906,CI,MCT,-999.0,911,0.265483603,0.441615991,0.534240584,-0.176132388,CI.MCT,911,0.265483603,24.11910057,615.335022,8.528459549,0.2654836026626324,911,767.671800688608,829.7944682284999,803.42642022511,862.3311689907445
100119,RSN10095,65,10095, MCT,4.18,34.3617,-118.6637,11.151,241.95,1188,34.2265,-116.0407,5.42,5.73,5.35e-05,8.75e-05,7.24e-06,3.78e-06,0.612003673,0.160281425,87.5780708,5.179664862,6.233452986,0.27925268,1693.447602,14.15343915,12.08563536,254.0171403,CI,MCT,-999.0,748,0.462623522,0.441615991,0.534240584,0.021007531,CI.MCT,748,0.462623522,24.11910057,615.335022,8.528459549,0.46262352194811296,748,769.2146158225821,764.6561205175732,851.1493267124415,779.4674504161043
100119,RSN13192,65,13192, MCT,4.11,33.7104,-116.0457,12.559,57.25,1188,34.2265,-116.0407,16.02,16.09,-0.011037422,-0.013103069,0.001072599,0.000580947,0.842353911,0.156357545,78.33732717,5.179664862,6.263559029,0.34906585,2192.67978,18.99901712,12.2161861,328.901967,CI,MCT,-999.0,913,0.263290619,0.441615991,0.534240584,-0.178325372,CI.MCT,913,0.263290619,24.11910057,615.335022,8.528459549,0.26329061932762254,913,694.5762980256405,809.237509551318,738.495155408432,834.3472984513681
100119,RSN16831,65,16831, MCT,3.49,34.309,-116.9297,9.684,82.38,1188,34.2265,-116.0407,9.54,9.61,0.000505833,0.001361029,6.54e-05,7.94e-06,0.371655163,0.160573929,83.88070011,5.179664862,6.192176404,0.174532925,1101.587648,63.70692695,20.81084098,165.2381472,CI,MCT,-999.0,633,0.629556078,0.441615991,0.534240584,0.187940087,CI.MCT,633,0.629556078,24.11910057,615.335022,8.528459549,0.6295560777784148,633,621.9798305242036,704.4188331111021,634.3624464749504,694.233694635868
100119,RSN11410,65,11410, MCT,4.73,33.7328,-117.4921,10.018,144.87,1188,34.2265,-116.0407,22.6,22.7,0.000355639,0.000583643,0.000177005,6.22e-05,0.609343391,0.160900419,86.39153834,5.179664862,6.202702587,0.27925268,1681.475049,5.71766881,3.297324934,252.2212574,CI,MCT,-999.0,744,0.467985465,0.441615991,0.534240584,0.026369474,CI.MCT,744,0.467985465,24.11910057,615.335022,8.528459549,0.467985465089499,744,783.7812088176371,766.2561000690885,837.8030344188119,780.1491810337999
100119,RSN17508,65,17508, MCT,3.62,33.9521,-116.3635,9.067,42.59,1188,34.2265,-116.0407,21.7,21.76,-0.001258982,-0.003075167,0.000138325,6.48e-06,0.409402731,0.159011389,78.86889188,5.179664862,6.170551665,0.191986218,1213.735614,194.2873457,22.23146214,182.0603421,CI,MCT,-999.0,667,0.577236454,0.441615991,0.534240584,0.135620463,CI.MCT,667,0.577236454,24.11910057,615.335022,8.528459549,0.5772364540069672,667,605.0708563687573,710.5526862300694,624.9102634430286,698.1984608239559
100119,RSN15530,65,15530, MCT,3.68,34.7251,-116.0506,2.727,55.32,1188,34.2265,-116.0407,21.65,21.72,-0.000330897,-0.000354732,5.65e-05,5.28e-05,0.932810443,0.168316853,88.13368278,5.179664862,5.93802414,0.383972435,2182.215206,6.266988636,6.278442478,327.3322809,CI,MCT,-999.0,909,0.267681406,0.441615991,0.534240584,-0.173934585,CI.MCT,909,0.267681406,24.11910057,615.335022,8.528459549,0.2676814057451118,909,661.1743586867218,821.8337885404275,785.5252282219086,839.8901309943714
100119,RSN13859,65,13859, MCT,4.17,34.3277,-116.829,4.957,73.45,1188,34.2265,-116.0407,21.47,21.54,0.001561862,0.002934758,0.000173622,1.56e-05,0.532194582,0.165983678,86.85428403,5.179664862,6.015610792,0.244346095,1458.555018,100.119359,16.90314591,218.7832527,CI,MCT,-999.0,756,0.451985124,0.441615991,0.534240584,0.010369133,CI.MCT,756,0.451985124,24.11910057,615.335022,8.528459549,0.4519851237430572,756,713.0539126545962,773.907889706364,725.6131207138378,772.2041383092875
100119,RSN14740,65,14740, MCT,3.84,34.2268,-117.4407,8.593,128.99,1188,34.2265,-116.0407,20.88,20.96,0.000592405,0.000845113,0.000144411,3.99e-05,0.700977579,0.162267567,86.57850709,5.179664862,6.151676073,0.314159265,1858.153577,14.84724311,5.852137303,278.7230366,CI,MCT,-999.0,803,0.391671786,0.441615991,0.534240584,-0.049944205,CI.MCT,803,0.391671786,24.11910057,615.335022,8.528459549,0.39167178597582897,803,748.8638273223708,791.4849160923088,801.406052116921,798.6983484716751
100119,RSN15708,65,15708, MCT,3.81,32.4923,-116.8468,13.18,206.45,1188,34.2265,-116.0407,21.93,22.08,-3.59e-05,-5.72e-05,6.98e-06,4.03e-06,0.627883934,0.159089651,86.59978949,5.179664862,6.274698597,0.27925268,1738.734133,8.908188586,8.194842407,260.81012,CI,MCT,-999.0,763,0.442768469,0.441615991,0.534240584,0.001152478,CI.MCT,763,0.442768469,24.11910057,615.335022,8.528459549,0.4427684686381337,763,768.7991605979585,785.96437068596,840.1283008627539,796.5737944082983
100119,RSN8239,65,8239, MCT,4.92,33.5083,-116.5143,15.2,91.04,1188,34.2264,-116.0407,17.43,17.64,-0.007139734,-0.009417326,0.000140028,4.25e-05,0.758148752,0.15615241,81.03391176,5.179664862,6.325747735,0.331612558,2044.237816,167.9937412,67.25316365,306.6356724,CI,MCT,-999.0,865,0.317296993,0.441615991,0.534240584,-0.124318998,CI.MCT,865,0.317296993,24.11910057,615.335022,8.528459549,0.3172969929907117,865,695.453794607651,785.0001532382462,723.2845322474561,808.5208112493721
100119,RSN16723,65,16723, MCT,3.73,33.5058,-116.7636,16.276,104.23,1188,34.2265,-116.0407,22.17,22.24,7.51e-05,0.000144863,1.7e-05,1.14e-05,0.518661779,0.155654029,81.56391882,5.179664862,6.3549922,0.244346095,1523.865193,6.587719298,8.521352941,228.579779,CI,MCT,-999.0,777,0.42458615,0.441615991,0.534240584,-0.017029841,CI.MCT,777,0.42458615,24.11910057,615.335022,8.528459549,0.4245861495549432,777,741.1679993632545,800.2879662946111,762.8580227111773,801.6222984575714
100119,RSN18103,65,18103, MCT,5.19,36.4034,-117.8499,9.418,292.23,1188,34.2265,-116.0407,9.7,9.75,-4.39e-05,-7.38e-05,3.25e-05,1.42e-05,0.594368133,0.161660302,88.34301924,5.179664862,6.183223963,0.261799388,1636.70026,3.091549296,2.270769231,245.505039,CI,MCT,-999.0,729,0.488352768,0.441615991,0.534240584,0.046736777,CI.MCT,729,0.488352768,24.11910057,615.335022,8.528459549,0.48835276791393234,729,704.2147539176253,718.2118172018914,791.3953112991904,744.1641267528275
100119,RSN14550,65,14550, MCT,3.78,34.0294,-116.7534,14.93,69.28,1188,34.2265,-116.0407,24.2,24.25,0.00019718,0.000464638,4.61e-05,2.06e-05,0.424373357,0.155064086,78.42296004,5.179664862,6.317747533,0.191986218,1283.549204,9.57184466,10.0789154,192.5323806,CI,MCT,-999.0,694,0.537554539,0.441615991,0.534240584,0.095938549,CI.MCT,694,0.537554539,24.11910057,615.335022,8.528459549,0.5375545394157859,694,642.4747907752893,736.1515667915642,652.5068257607397,732.9903400363722
100119,RSN18357,65,18357, MCT,3.34,33.5022,-116.5193,11.15,91.74,1188,34.2265,-116.0407,14.56,14.64,-9.51e-05,-0.000168081,1.35e-05,1.5e-05,0.566027971,0.15941477,83.56549717,5.179664862,6.233428753,0.261799388,1599.085476,6.34,12.45044444,239.8628214,CI,MCT,-999.0,717,0.504950659,0.441615991,0.534240584,0.063334668,CI.MCT,717,0.504950659,24.11910057,615.335022,8.528459549,0.5049506593229705,717,654.4391197958897,737.648861444035,677.2921806182248,735.3703222034515
100119,RSN17331,65,17331, MCT,3.56,33.4509,-116.5827,10.563,99.59,1188,34.2265,-116.0407,27.1,27.2,0.000145245,0.000261232,3.05e-05,5.94e-05,0.555999957,0.160053732,84.4266298,5.179664862,6.218365755,0.261799388,1570.85263,2.44520202,8.564983607,235.6278945,CI,MCT,-999.0,744,0.467985465,0.441615991,0.534240584,0.026369474,CI.MCT,744,0.467985465,24.11910057,615.335022,8.528459549,0.467985465089499,744,687.4587361974258,766.6584168240911,710.9731656080465,762.1273622051544
100119,RSN14320,65,14320, MCT,4.19,33.4453,-116.439,8.875,94.17,1188,34.2265,-116.0407,16.94,17.09,-0.000938704,-0.001302699,2.14e-05,2.15e-05,0.720583967,0.161663102,85.10753159,5.179664862,6.16316588,0.314159265,1900.800981,43.66065116,60.87378505,285.1201472,CI,MCT,-999.0,818,0.373164163,0.441615991,0.534240584,-0.068451828,CI.MCT,818,0.373164163,24.11910057,615.335022,8.528459549,0.3731641633198439,818,698.2348681625633,786.1172041872729,747.9819697423629,792.4427346833255
100119,RSN13140,65,13140, MCT,4.06,33.2394,-116.2082,10.532,110.58,1188,34.2265,-116.0407,17.8,17.91,-0.00021087,-0.000348576,1.11e-05,5.16e-06,0.6049468,0.160224325,85.00222452,5.179664862,6.217520851,0.27925268,1679.475495,40.86627907,31.40324324,251.9213243,CI,MCT,-999.0,743,0.469330455,0.441615991,0.534240584,0.027714464,CI.MCT,743,0.469330455,24.11910057,615.335022,8.528459549,0.4693304552048314,743,712.7271151180313,762.0744693147681,737.590565825473,761.2761458085901
100119,RSN10469,65,10469, MCT,4.45,34.1081,-117.3062,14.795,117.42,1188,34.2265,-116.0407,15.35,15.47,0.00125353,0.001988624,3.1e-05,1.09e-05,0.630350624,0.157279033,83.21809901,5.179664862,6.313637877,0.27925268,1763.818796,115.0027523,64.14916129,264.5728194,CI,MCT,-999.0,772,0.43104195,0.441615991,0.534240584,-0.010574041,CI.MCT,772,0.43104195,24.11910057,615.335022,8.528459549,0.4310419498978142,772,708.5132641384293,777.6613124772965,753.5621796563958,788.0212672030652
100119,RSN15174,65,15174, MCT,3.9,33.867,-117.1038,11.856,105.95,1188,34.2265,-116.0407,20.08,20.16,0.0002889,0.000459548,5e-05,1.24e-05,0.628661819,0.159148928,84.04078373,5.179664862,6.24946745,0.27925268,1739.667539,23.2983871,9.19096,260.9501309,CI,MCT,-999.0,764,0.441458711,0.441615991,0.534240584,-0.00015728,CI.MCT,764,0.441458711,24.11910057,615.335022,8.528459549,0.4414587107560699,764,675.1113641623074,773.3490643301479,719.7521043335131,775.9422217065387
100119,RSN9933,65,9933, MCT,4.59,34.9977,-119.1926,10.662,301.47,1188,34.2265,-116.0407,8.5,8.93,8.18e-05,9.1e-05,5.19e-06,3.72e-06,0.899832105,0.160661803,88.15533156,5.179664862,6.221029194,0.366519143,2229.735392,21.98924731,17.53371869,334.4603088,CI,MCT,-999.0,924,0.251314428,0.441615991,0.534240584,-0.190301563,CI.MCT,924,0.251314428,24.11910057,615.335022,8.528459549,0.25131442828090655,924,825.2056281030491,870.1831591647706,928.9946553028085,898.3653617593889
100119,RSN9050,65,9050, MCT,5.2,33.5328,-116.5697,15.48,91.19,1188,34.2265,-116.0407,13.4,13.49,-0.003414119,-0.005331497,0.001366905,0.000299274,0.64036768,0.155879764,80.86007165,5.179664862,6.333749326,0.27925268,1800.268526,11.40800404,3.900415172,270.0402789,CI,MCT,-999.0,784,0.41561748,0.441615991,0.534240584,-0.025998511,CI.MCT,784,0.41561748,24.11910057,615.335022,8.528459549,0.415617479572183,784,650.022045065072,754.4095682832984,691.3956421415147,772.1019378638736
100119,RSN12699,65,12699, MCT,4.34,35.8373,-117.678,6.864,232.93,1188,34.2265,-116.0407,24.75,24.92,0.000127959,0.000148218,7.58e-06,6.13e-06,0.863315528,0.163967062,88.54584282,5.179664862,6.096821743,0.34906585,2122.748678,20.87422512,19.55382586,318.4123017,CI,MCT,-999.0,890,0.288805037,0.441615991,0.534240584,-0.152810954,CI.MCT,890,0.288805037,24.11910057,615.335022,8.528459549,0.28880503719640505,890,827.5236545194839,840.313835559736,930.2519436791526,881.7154622270627
100119,RSN14407,65,14407, MCT,4.14,34.8632,-116.3444,6.474,75.93,1188,34.2265,-116.0407,18.02,18.14,0.000435286,0.00037936,5.07e-06,7.64e-06,1.14742114,0.163899413,85.7693663,5.179664862,6.084678138,0.41887902,2522.13818,56.97460733,74.82445759,378.320727,CI,MCT,-999.0,1016,0.156397872,0.441615991,0.534240584,-0.285218119,CI.MCT,1016,0.156397872,24.11910057,615.335022,8.528459549,0.1563978717841632,1016,874.4261429822219,919.4274076680155,895.6758675538729,932.8224643763727
100119,RSN17928,65,17928, MCT,4.04,36.3911,-117.8665,9.439,291.96,1188,34.2265,-116.0407,12.41,12.52,0.000103207,0.000130054,5.41e-06,6.04e-06,0.793567951,0.161640508,88.33316321,5.179664862,6.183950287,0.331612558,2034.587432,17.08725166,24.03955638,305.1881148,CI,MCT,-999.0,861,0.321931995,0.441615991,0.534240584,-0.119683995,CI.MCT,861,0.321931995,24.11910057,615.335022,8.528459549,0.32193199549486007,861,734.3831250402901,818.9507176920986,875.0605437479145,845.5445640779611
100119,RSN14455,65,14455, MCT,4.05,32.7091,-116.0396,7.817,168.3,1188,34.2265,-116.0407,42.85,42.94,-0.00035748,-0.000593958,9.59e-06,6.09e-06,0.601861408,0.163241624,87.66246347,5.179664862,6.120791156,0.27925268,1642.141199,58.69950739,61.93514077,246.3211799,CI,MCT,-999.0,731,0.48561304,0.441615991,0.534240584,0.043997049,CI.MCT,731,0.48561304,24.11910057,615.335022,8.528459549,0.4856130401728125,731,866.0194055573495,771.0698916551478,871.7095943841061,778.894679733686
100119,RSN16891,65,16891, MCT,3.6,34.2088,-117.5824,7.536,142.08,1188,34.2265,-116.0407,12.8,12.86,0.000139083,0.000252029,9.29e-05,1.36e-05,0.551854575,0.163369552,87.32704643,5.179664862,6.114431914,0.244346095,1524.683309,10.22669118,2.712906351,228.7024964,CI,MCT,-999.0,778,0.423299976,0.441615991,0.534240584,-0.018316015,CI.MCT,778,0.423299976,24.11910057,615.335022,8.528459549,0.4232999757441993,778,871.4331155744288,813.3838609261775,880.7844033291615,823.2674392485387
100119,RSN15364,65,15364, MCT,3.87,33.928,-116.7858,18.501,76.33,1188,34.2265,-116.0407,21.45,21.54,0.000766588,0.001601455,0.000122707,2.96e-05,0.478681889,0.152051264,76.8652532,5.179664862,6.40467109,0.226892803,1456.927156,25.89824324,13.05104843,218.5390734,CI,MCT,-999.0,755,0.453308751,0.441615991,0.534240584,0.01169276,CI.MCT,755,0.453308751,24.11910057,615.335022,8.528459549,0.4533087506735658,755,852.9324958394496,792.5097713133754,758.9450116224615,790.7554904436223
100119,RSN16108,65,16108, MCT,3.58,33.827,-117.0296,15.131,101.52,1188,34.2265,-116.0407,18.1,18.2,-7.51e-05,-0.000156728,8.77e-06,1.51e-05,0.478892759,0.156578912,81.95678826,5.179664862,6.323730411,0.226892803,1415.310328,4.973509934,17.8709236,212.2965492,CI,MCT,-999.0,740,0.473376314,0.441615991,0.534240584,0.031760323,CI.MCT,740,0.473376314,24.11910057,615.335022,8.528459549,0.4733763137243754,740,668.4101467731642,771.5097098602698,699.3234560078519,766.9885053477058
100119,RSN16956,65,16956, MCT,3.63,34.1242,-116.405,9.555,35.45,1188,34.2265,-116.0407,11.8,11.84,0.003221873,0.009095924,0.001132805,0.000120241,0.354210636,0.156720711,75.87655746,5.179664862,6.187901101,0.174532925,1081.564,26.79512812,8.029558485,162.2346,CI,MCT,-999.0,628,0.637486333,0.441615991,0.534240584,0.195870343,CI.MCT,628,0.637486333,24.11910057,615.335022,8.528459549,0.6374863334543921,628,587.3500521514804,700.6666233586953,611.1632694417574,692.6688339338147
100119,RSN9376,65,9376, MCT,4.88,34.0655,-117.0011,17.501,90.36,1188,34.2265,-116.0407,15.05,15.26,0.002578163,0.004312784,3.15e-05,1.33e-05,0.59779549,0.154019063,79.4963746,5.179664862,6.383907006,0.261799388,1725.358928,193.8468421,136.9137778,258.8038392,CI,MCT,-999.0,759,0.448024723,0.441615991,0.534240584,0.006408732,CI.MCT,759,0.448024723,24.11910057,615.335022,8.528459549,0.44802472252696024,759,842.4090347491697,764.6045230959718,756.7415507595027,769.5400306380195
100119,RSN10745,65,10745, MCT,4.66,34.2983,-118.6255,8.038,238.19,1188,34.2265,-116.0407,9.83,9.9,4.95e-05,0.000108431,3.59e-05,2.47e-05,0.456444907,0.163152151,88.29182959,5.179664862,6.126524324,0.20943951,1301.182651,2.004048583,3.020362117,195.1773977,CI,MCT,-999.0,701,0.527518613,0.441615991,0.534240584,0.085902622,CI.MCT,701,0.527518613,24.11910057,615.335022,8.528459549,0.5275186128880005,701,873.2323774213093,724.8606966516429,849.7054435566846,747.9140271563153
100119,RSN17379,65,17379, MCT,3.56,33.0804,-116.4826,10.835,133.56,1188,34.2265,-116.0407,30.93,30.99,-5.76e-05,-0.000142178,1.7e-05,9.34e-06,0.40487489,0.160184114,85.73890372,5.179664862,6.225560001,0.191986218,1193.347076,6.167023555,8.363411765,179.0020614,CI,MCT,-999.0,659,0.589302965,0.441615991,0.534240584,0.147686975,CI.MCT,659,0.589302965,24.11910057,615.335022,8.528459549,0.5893029654200834,659,657.8651400728376,705.1746025053512,734.7964276402539,705.8156922850267
100119,RSN13538,65,13538, MCT,4.06,32.7797,-117.3507,7.174,201.41,1188,34.2265,-116.0407,11.05,11.22,-0.000177144,-0.000258526,5.62e-05,2.98e-05,0.685208022,0.163711202,88.2318408,5.179664862,6.105409111,0.296705973,1805.830819,5.94442953,4.600106762,270.8746229,CI,MCT,-999.0,786,0.413069707,0.441615991,0.534240584,-0.028546283,CI.MCT,786,0.413069707,24.11910057,615.335022,8.528459549,0.413069707493384,786,934.3532090394332,804.4801609796802,918.2412392932305,816.3307720074858
100119,RSN12853,65,12853, MCT,4.02,33.7129,-116.0516,12.808,56.98,1188,34.2265,-116.0407,23.88,23.97,-0.002601977,-0.004384052,8.73e-05,7.79e-06,0.593509655,0.155982128,77.88304805,5.179664862,6.268161535,0.261799388,1694.43149,334.0150193,50.21823597,254.1647235,CI,MCT,-999.0,748,0.462623522,0.441615991,0.534240584,0.021007531,CI.MCT,748,0.462623522,24.11910057,615.335022,8.528459549,0.46262352194811296,748,676.1925335368243,767.706884998525,699.0830792537615,763.9940160944566
100119,RSN17092,65,17092, MCT,3.52,34.2098,-116.4371,4.645,36.57,1188,34.2265,-116.0407,19.93,19.99,0.000418975,0.00132751,9.97e-05,1.05e-05,0.315610078,0.165919641,84.05448649,5.179664862,5.994593769,0.157079633,918.2447498,39.90238095,13.31504514,137.7367125,CI,MCT,-999.0,557,0.75746126,0.441615991,0.534240584,0.315845269,CI.MCT,557,0.75746126,24.11910057,615.335022,8.528459549,0.7574612599953063,557,541.1099235677777,637.1770352807217,545.501057386265,617.4946560667717
100119,RSN12619,65,12619, MCT,4.11,33.5089,-116.8485,12.274,109.19,1188,34.2265,-116.0407,13.48,13.52,0.000140366,0.000243002,8.9e-05,2.78e-05,0.57763389,0.158930583,84.04054151,5.179664862,6.258050482,0.261799388,1629.114586,5.049136691,2.730359551,244.3671879,CI,MCT,-999.0,726,0.492476485,0.441615991,0.534240584,0.050860494,CI.MCT,726,0.492476485,24.11910057,615.335022,8.528459549,0.49247648509779474,726,682.93066148169,744.3226399729234,708.4757152697628,742.7144733126162
100133,RSN17595,66,17595, TEH,3.4,34.0733,-118.867,10.648,141.17,895,35.2913,-118.4208,19.34,19.49,-5.65e-05,-8.29e-05,4.02e-06,4.63e-06,0.681517165,0.160374385,86.05773524,5.179664862,6.220655727,0.296705973,1836.413945,12.20302376,20.62189055,275.4620918,CI,TEH,-999.0,796,0.117224532,0.128041945,0.220666538,-0.010817413,CI.TEH,796,0.117224532,14.38210011,873.9069824,3.575030088,0.11722453243047237,796,753.4125990972043,776.9854612719922,775.4012601462033,785.0960885001058
100133,RSN14610,66,14610, TEH,4.11,35.6211,-117.5805,9.045,84.6,895,35.2913,-118.4208,20.91,20.99,-0.001069154,-0.00191922,0.000123779,3.83e-05,0.557077597,0.161325792,84.46374569,5.179664862,6.169722379,0.261799388,1560.80756,27.91524804,15.50521494,234.121134,CI,TEH,-999.0,754,0.17143135,0.128041945,0.220666538,0.043389405,CI.TEH,754,0.17143135,14.38210011,873.9069824,3.575030088,0.17143135026689915,754,714.041402213443,692.1927880709827,682.332675176564,688.5588125667343
100133,RSN15341,66,15341, TEH,3.74,34.8437,-119.6912,11.07,126.07,895,35.2913,-118.4208,22.08,22.26,-0.000134037,-0.000171784,4.35e-06,6.84e-06,0.780264264,0.15994908,85.35721674,5.179664862,6.231475121,0.331612558,2033.717623,19.59605263,39.49057471,305.0576435,CI,TEH,-999.0,861,0.038729214,0.128041945,0.220666538,-0.089312731,CI.TEH,861,0.038729214,14.38210011,873.9069824,3.575030088,0.03872921384712491,861,731.2580736094363,795.4940696609528,806.661639079198,832.6368792303887
100133,RSN13349,66,13349, TEH,4.2,34.3768,-117.6461,8.934,123.75,895,35.2913,-118.4208,15.7,15.79,-0.000234742,-0.000382457,2.97e-05,1.17e-05,0.613772731,0.161851698,86.27913538,5.179664862,6.165471616,0.27925268,1680.616732,20.0634188,12.87734007,252.0925098,CI,TEH,-999.0,744,0.184782683,0.128041945,0.220666538,0.056740738,CI.TEH,744,0.184782683,14.38210011,873.9069824,3.575030088,0.18478268344176385,744,777.4628250021466,706.7279402915862,711.4003022183168,699.9038336606372
100135,RSN17773,68,17773, WES,3.63,32.7081,-116.029,7.885,28.44,242,32.759,-115.7316,19.91,19.98,0.001755256,0.017728874,0.000920941,0.000215022,0.099005475,0.158273702,75.69444815,5.179664862,6.12225391,0.052359878,311.6716289,8.163146097,19.25082497,46.75074434,CI,WES,0.173333333,276,-0.13146314,0.013577651,0.106202244,-0.14504079,CI.WES,276,-0.13146314,5.061649799,-12.64369965,0.089606099,-0.13146313956046285,276,312.1487901577332,286.2420244139231,276.8505832737162,272.90205012178535
100135,RSN15725,68,15725, WES,3.81,32.4923,-116.8468,13.18,108.76,242,32.759,-115.7316,21.86,21.97,0.000127344,0.001186944,3.66e-05,5.48e-05,0.107287595,0.158347599,83.505873,5.179664862,6.274698597,0.052359878,337.3018191,2.32379562,32.43016393,50.59527287,CI,WES,0.173333333,290,-0.180943197,0.013577651,0.106202244,-0.194520848,CI.WES,290,-0.180943197,5.061649799,-12.64369965,0.089606099,-0.18094319682383286,290,345.7543006951917,314.6611691285801,288.6276748271878,291.01905994072405
100135,RSN14276,68,14276, WES,3.94,32.7219,-116.8133,20.237,101.47,242,32.759,-115.7316,15.6,15.67,0.000153987,0.003132957,0.000386467,7.05e-05,0.049150565,0.152473401,79.11103033,5.179664862,6.440435438,0.017453293,161.007753,2.184212766,8.106661112,24.15116295,CI,WES,0.173333333,170,0.353139289,0.013577651,0.106202244,0.339561638,CI.WES,170,0.353139289,5.061649799,-12.64369965,0.089606099,0.35313928910642467,170,282.9551035871597,226.14389474611255,240.16600604002994,203.80464346503547
100180,RSN18019,78,18019, LJR,5.0,36.3864,-117.8583,7.408,197.62,303,34.8076,-118.8678,11.93,12.35,-0.000818858,-0.001977359,0.000221282,0.000100994,0.414117154,0.163542451,88.12744579,5.179664862,6.11135504,0.191986218,1191.786477,8.107986613,8.935923392,178.7679716,CI,LJR,1.566666667,659,-0.776990729,-0.583633785,-0.491009192,-0.193356944,CI.LJR,280,0.078943202,6.779809952,1416.219971,9.977410316,0.07894320234011953,280,277.5286182372691,269.8663619792413,312.23925295155686,277.20316194642385
100180,RSN9730,78,9730, LJR,4.69,35.0172,-119.0247,9.251,27.32,303,34.8076,-118.8678,14.1,14.34,-0.025268091,-0.093291064,0.000307106,0.000440197,0.270852217,0.154299151,72.39336458,5.179664862,6.177322679,0.13962634,855.4285252,57.4017792,303.7748009,128.3142788,CI,LJR,1.566666667,524,-0.547758879,-0.583633785,-0.491009192,0.035874906,CI.LJR,524,-0.547758879,6.779809952,1416.219971,9.977410316,-0.5477588788116732,524,497.62565580128756,485.80760163808924,497.58580449847346,493.55227071785635
100180,RSN13329,78,13329, LJR,4.2,34.3768,-117.6461,8.934,121.84,303,34.8076,-118.8678,18.37,18.52,-0.000431139,-0.001811652,0.000377306,0.00018132,0.237981113,0.161840244,86.21729955,5.179664862,6.165471616,0.122173048,720.6061768,2.377779616,4.801545695,108.0909265,CI,LJR,1.566666667,464,-0.426151747,-0.583633785,-0.491009192,0.157482038,CI.LJR,464,-0.426151747,6.779809952,1416.219971,9.977410316,-0.4261517467168865,464,506.33729862845604,440.46000161406806,487.8122592513765,443.5164949505934
100193,RSN18312,81,18312, CWC,3.47,36.3879,-117.8711,9.151,19.62,580,36.4399,-118.0802,11.1375,11.225,0.004615961,0.01295591,0.000438149,0.000102935,0.356282296,0.147554339,65.63739747,5.179664862,6.173678858,0.174532925,1154.735904,44.84345461,29.56964412,173.2103856,CI,CWC,4.476666667,646,-0.1077714,-0.327516162,-0.234891569,0.219744762,CI.CWC,441,0.273983228,65.97869873,1687.25,27.37660027,0.27398322809361897,441,412.388736852891,411.85848660485937,447.8473553813026,430.8328568356754
100193,RSN17907,81,17907, CWC,4.04,36.3911,-117.8665,9.439,19.92,580,36.4399,-118.0802,10.875,11.0375,0.032846565,0.045606087,4.57e-05,0.000137847,0.72022327,0.147787203,66.05122243,5.179664862,6.183950287,0.314159265,2078.558946,238.28277,997.9450109,311.7838419,CI,CWC,4.476666667,876,-0.412337987,-0.327516162,-0.234891569,-0.084821825,CI.CWC,599,-0.032233495,65.97869873,1687.25,27.37660027,-0.032233494574984256,599,496.0323957939469,528.9927460360701,458.8768222116806,513.7213181944563
100193,RSN18305,81,18305, CWC,3.05,36.3904,-117.8704,9.371,19.6,580,36.4399,-118.0802,11.4625,11.5125,0.001187815,0.004449262,0.000203266,5.27e-05,0.266969127,0.146684394,65.0589552,5.179664862,6.181585801,0.122173048,885.8827985,22.53918406,21.88886484,132.8824198,CI,CWC,4.476666667,540,0.071458964,-0.327516162,-0.234891569,0.398975126,CI.CWC,540,0.071458964,65.97869873,1687.25,27.37660027,0.07145896398214457,540,507.3369342467334,498.31007045946313,553.1222683528323,523.4944481078996
100193,RSN9881,81,9881, CWC,4.59,34.9977,-119.1926,10.662,189.04,580,36.4399,-118.0802,9.8,9.8875,-0.001253383,-0.001042209,0.000294109,0.000205861,1.202622367,0.16053097,87.04224609,5.179664862,6.221029194,0.436332313,2643.931554,6.088491749,3.543614782,396.5897331,CI,CWC,4.476666667,1054,-0.597319626,-0.327516162,-0.234891569,-0.269803463,CI.CWC,720,-0.216223108,65.97869873,1687.25,27.37660027,-0.21622310846963622,720,467.40782415614507,702.9735422855692,408.9675513468502,592.2729357677154
100193,RSN14630,81,14630, CWC,3.9,35.3429,-118.5645,9.906,129.33,580,36.4399,-118.0802,35.6875,35.775,-0.000963378,-0.00080937,3.25e-05,2.67e-05,1.190280658,0.160920609,86.01988156,5.179664862,6.199256899,0.436332313,2624.714665,36.08157303,24.90369231,393.7071998,CI,CWC,4.476666667,1048,-0.591610761,-0.327516162,-0.234891569,-0.264094599,CI.CWC,716,-0.210652063,65.97869873,1687.25,27.37660027,-0.21065206342018072,716,499.1469279938254,669.7402180279223,414.0178813327431,585.7011220008727
100198,RSN17937,84,17937, MTP,4.04,36.3911,-117.8665,9.439,231.73,956,35.4843,-115.5532,10.7,10.84,0.000109823,0.000114667,2.61e-05,2.43e-05,0.957758278,0.161600192,87.89868574,5.179664862,6.183950287,0.383972435,2307.364933,4.519465021,4.393371648,346.10474,CI,MTP,7.19102,949,0.007349114,-0.010596639,0.082027955,0.017945753,CI.MTP,804,0.173158644,7.592470169,1536.140015,12.13000011,0.1731586438724344,804,694.450498568154,802.3330051781799,826.6553026923741,827.7211013952751
100198,RSN10480,84,10480, MTP,4.45,34.1081,-117.3062,14.795,221.46,956,35.4843,-115.5532,14.6,14.78,-0.000691719,-0.000653448,5.51e-05,8.83e-05,1.058568009,0.158076828,86.41199178,5.179664862,6.313637877,0.401425728,2500.662563,7.833737259,11.85931034,375.0993845,CI,MTP,7.19102,1010,-0.054947697,-0.010596639,0.082027955,-0.044351058,CI.MTP,856,0.110487537,7.592470169,1536.140015,12.13000011,0.11048753690965896,856,719.876502960058,848.0293906685981,860.9057271333752,878.5626891495175
100198,RSN9233,84,9233, MTP,5.03,35.3852,-118.6292,7.3,279.53,956,35.4843,-115.5532,14.65,14.82,0.002968567,0.002932469,0.000549212,0.000585702,1.012309732,0.163659891,88.70179267,5.179664862,6.108664217,0.401425728,2358.585295,5.068391435,5.339411739,353.7877943,CI,MTP,7.19102,965,-0.009370188,-0.010596639,0.082027955,0.00122645,CI.MTP,818,0.155895576,7.592470169,1536.140015,12.13000011,0.15589557644865426,818,672.5156842748587,788.1023823601964,812.2914112159774,819.2660169685355
100198,RSN11313,84,11313, MTP,4.78,34.1228,-116.9226,5.969,196.25,956,35.4843,-115.5532,16.63,16.75,-0.000129377,-0.000119468,1.27e-05,9.12e-06,1.082942662,0.1647934,88.53278096,5.179664862,6.066214653,0.41887902,2436.758429,14.18607456,9.406929134,365.5137644,CI,MTP,7.19102,990,-0.03494703,-0.010596639,0.082027955,-0.024350392,CI.MTP,839,0.130547207,7.592470169,1536.140015,12.13000011,0.13054720658419505,839,621.0812418271336,815.457172494732,831.6868577177064,849.7522207851906
100198,RSN17432,84,17432, MTP,3.73,35.2675,-117.3498,7.92,165.02,956,35.4843,-115.5532,38.7,38.82,0.000118434,0.000129198,2.2e-05,4.78e-05,0.916681228,0.163171766,87.56902546,5.179664862,6.122995859,0.366519143,2219.514443,2.477698745,5.872636364,332.9271665,CI,MTP,7.19102,921,0.037297877,-0.010596639,0.082027955,0.047894515,CI.MTP,780,0.203463993,7.592470169,1536.140015,12.13000011,0.20346399336776333,780,588.8075946417491,764.2404212387456,744.0944769907697,789.2892910254482
100198,RSN15039,84,15039, MTP,3.74,34.1651,-117.4332,7.875,225.83,956,35.4843,-115.5532,25.2,25.29,-1.75e-05,-1.52e-05,3.49e-06,7.78e-06,1.152002931,0.163267349,88.24203184,5.179664862,6.12204057,0.436332313,2546.708032,2.249357326,4.35530086,382.0062048,CI,MTP,7.19102,1024,-0.068713893,-0.010596639,0.082027955,-0.058117254,CI.MTP,868,0.096566198,7.592470169,1536.140015,12.13000011,0.0965661983910504,868,592.1519712014541,831.7705823213448,795.0522204446657,861.0584475085819
100198,RSN14003,84,14003, MTP,4.15,33.638,-116.7082,12.649,230.61,956,35.4843,-115.5532,59.05,59.17,-0.000101818,-0.000121286,1.46e-05,1.06e-05,0.839482992,0.159404581,87.08793132,5.179664862,6.265244507,0.34906585,2146.218914,9.605471698,8.307260274,321.9328371,CI,MTP,7.19102,898,0.062587845,-0.010596639,0.082027955,0.073184483,CI.MTP,761,0.228124555,7.592470169,1536.140015,12.13000011,0.22812455518971486,761,744.1329357439258,766.5883110325285,820.5432326752182,795.0999829742707
100198,RSN15637,84,15637, MTP,3.87,33.7513,-116.0218,8.756,196.99,956,35.4843,-115.5532,25.47,25.52,-0.000127613,-0.000107003,3.75e-05,3.8e-05,1.192605249,0.162251179,87.7222977,5.179664862,6.158414042,0.436332313,2605.597289,3.358236842,2.853413333,390.8395934,CI,MTP,7.19102,1042,-0.086139309,-0.010596639,0.082027955,-0.075542671,CI.MTP,883,0.079432712,7.592470169,1536.140015,12.13000011,0.07943271244744121,883,550.5187370284116,846.4709359366756,778.9306304540894,872.2343542291741
100198,RSN17095,84,17095, MTP,3.52,34.2098,-116.4371,4.645,162.87,956,35.4843,-115.5532,7.16,7.27,0.000114676,0.000124395,3.84e-05,3.99e-05,0.921867369,0.16677424,88.70305934,5.179664862,5.994593769,0.366519143,2178.728695,2.874085213,3.239453125,326.8093043,CI,MTP,7.19102,908,0.051513534,-0.010596639,0.082027955,0.062110173,CI.MTP,769,0.217666944,7.592470169,1536.140015,12.13000011,0.21766694354575655,769,593.4715307717611,751.3982816242479,719.5623766600805,768.3746776530519
100200,RSN13195,85,13195, PFO,4.11,33.7104,-116.0457,12.559,39.9,763,33.6117,-116.4594,14.75,14.84,0.003224845,0.0029844,6.56e-05,9.92e-05,1.080567225,0.152743427,73.08106709,5.179664862,6.263559029,0.41887902,2626.036842,32.50851815,45.49390244,393.9055263,AZ,PFO,-1.0,1048,-0.317380834,-0.318076587,-0.225451994,0.000695753,AZ.PFO,1048,-0.317380834,10.1232996,1285.910034,6.906630039,-0.31738083359653047,1048,680.9366542291986,737.7827004979098,729.6199494223729,749.4386368765246
100200,RSN17280,85,17280, PFO,3.53,34.2894,-116.8271,6.278,82.5,763,33.6117,-116.4594,24.69,24.77,-0.000439847,-0.000320215,1.65e-05,7.31e-06,1.373599412,0.164181828,86.27184919,5.179664862,6.07791863,0.471238898,2762.838986,60.17058824,19.4069697,414.4258479,AZ,PFO,-1.0,1090,-0.356674944,-0.318076587,-0.225451994,-0.038598357,AZ.PFO,1090,-0.356674944,10.1232996,1285.910034,6.906630039,-0.35667494393873245,1090,915.2962456847224,825.8865104706414,869.842761509945,814.8872112213635
100200,RSN14254,85,14254, PFO,3.94,32.7219,-116.8133,20.237,104.06,763,33.6117,-116.4594,25.36,25.51,-0.001168651,-0.000983777,3.01e-05,1.9e-05,1.187922202,0.152629813,79.42092211,5.179664862,6.440435438,0.436332313,2764.685486,61.50794737,32.68362126,414.7028229,AZ,PFO,-1.0,1091,-0.357591955,-0.318076587,-0.225451994,-0.039515368,AZ.PFO,1091,-0.357591955,10.1232996,1285.910034,6.906630039,-0.3575919545486137,1091,702.5970255421565,767.7597324334334,748.2125052529271,772.1908796517855
100200,RSN18123,85,18123, PFO,5.19,36.4034,-117.8499,9.418,334.71,763,33.6117,-116.4594,12.67,12.73,-4.69e-05,-4.56e-05,2.2e-05,1.16e-05,1.02818718,0.161676277,88.5519124,5.179664862,6.183223963,0.401425728,2407.591411,4.043103448,2.072727273,361.1387117,AZ,PFO,-1.0,981,-0.251314428,-0.318076587,-0.225451994,0.066762159,AZ.PFO,981,-0.251314428,10.1232996,1285.910034,6.906630039,-0.25131442828090655,981,826.5176827557984,734.6310627636301,896.2270390445376,763.1412408310772
100200,RSN17515,85,17515, PFO,3.62,33.9521,-116.3635,9.067,38.79,763,33.6117,-116.4594,19.01,19.12,-0.00749394,-0.005773561,7.5e-06,1.02e-05,1.297975364,0.15834034,77.70045033,5.179664862,6.170551665,0.453785606,2785.720743,734.7,769.8081333,417.8581115,AZ,PFO,-1.0,1097,-0.363076429,-0.318076587,-0.225451994,-0.044999842,AZ.PFO,1097,-0.363076429,10.1232996,1285.910034,6.906630039,-0.3630764289907731,1097,751.2120800893115,795.4412012365564,800.0539321508842,806.0021676049754
100200,RSN11432,85,11432, PFO,4.73,33.7328,-117.4921,10.018,96.71,763,33.6117,-116.4594,30.6,30.67,0.000544914,0.000441792,6.11e-05,7.42e-05,1.233416076,0.160498542,84.57737156,5.179664862,6.202702587,0.436332313,2675.784072,7.343854447,7.230638298,401.3676108,AZ,PFO,-1.0,1064,-0.332532639,-0.318076587,-0.225451994,-0.014456052,AZ.PFO,1064,-0.332532639,10.1232996,1285.910034,6.906630039,-0.332532638617133,1064,821.2476495630957,762.4237627214522,799.4126580881785,760.9407717549897
100200,RSN16839,85,16839, PFO,3.49,34.309,-116.9297,9.684,88.72,763,33.6117,-116.4594,14.1,14.14,-0.00252852,-0.001863172,0.000293795,0.000433251,1.357104739,0.160695566,84.29983988,5.179664862,6.192176404,0.471238898,2808.525733,5.836155023,6.341741691,421.27886,AZ,PFO,-1.0,1104,-0.369437196,-0.318076587,-0.225451994,-0.051360609,AZ.PFO,1104,-0.369437196,10.1232996,1285.910034,6.906630039,-0.3694371955525835,1104,808.4827361703964,806.1978147342918,827.2404521269644,803.7055786172087
100200,RSN19388,85,19388, PFO,3.43,34.1381,-117.4717,5.767,110.37,763,33.6117,-116.4594,37.88,37.99,-8.25e-05,-7.88e-05,3.41e-05,1.62e-05,1.046694831,0.164919567,87.49582526,5.179664862,6.057771424,0.401425728,2382.729501,5.092592593,2.31085044,357.4094252,AZ,PFO,-1.0,973,-0.243126051,-0.318076587,-0.225451994,0.074950536,AZ.PFO,973,-0.243126051,10.1232996,1285.910034,6.906630039,-0.24312605090154804,973,758.7980703139799,747.6997347433877,804.0857217752041,749.256436937346
100200,RSN18375,85,18375, PFO,3.96,34.0609,-117.0231,12.849,72.15,763,33.6117,-116.4594,16.5,16.55,0.001264888,0.000996664,0.00040049,0.000630942,1.269121345,0.15734154,80.5253772,5.179664862,6.26890146,0.453785606,2775.576723,2.004761135,2.488611451,416.3365085,AZ,PFO,-1.0,1094,-0.360337952,-0.318076587,-0.225451994,-0.042261365,AZ.PFO,1094,-0.360337952,10.1232996,1285.910034,6.906630039,-0.3603379516974696,1094,662.7664004043345,757.1277346975468,725.3166786130301,765.0832349435226
100200,RSN15744,85,15744, PFO,3.81,32.9942,-116.2977,5.726,70.12,763,33.6117,-116.4594,24.14,24.29,-0.002558531,-0.001907586,1.56e-05,1.36e-05,1.341239637,0.16472888,86.02433625,5.179664862,6.055972626,0.471238898,2726.161984,188.1272794,122.2811538,408.9242976,AZ,PFO,-1.0,1079,-0.346531934,-0.318076587,-0.225451994,-0.028455347,AZ.PFO,1079,-0.346531934,10.1232996,1285.910034,6.906630039,-0.34653193397367765,1079,881.327115414906,811.2579573418006,844.2345755813126,800.1150004640677
100200,RSN9071,85,9071, PFO,5.2,33.5328,-116.5697,15.48,13.47,763,33.6117,-116.4594,20.74,20.78,0.092131884,0.147265824,0.000261906,0.000123243,0.62561619,0.105475551,41.91717949,5.179664862,6.333749326,0.27925268,2615.580358,747.5628149,562.2850336,392.3370537,AZ,PFO,-1.0,1045,-0.314514133,-0.318076587,-0.225451994,0.003562454,AZ.PFO,1045,-0.314514133,10.1232996,1285.910034,6.906630039,-0.31451413311445453,1045,819.2183779622347,799.3015577810297,817.8725695609571,815.4464680766752
100200,RSN12778,85,12778, PFO,4.26,33.9538,-116.3912,7.696,38.47,763,33.6117,-116.4594,23.09,23.17,-0.007967131,-0.006877664,0.000190851,0.000139352,1.158406582,0.160836417,79.74203773,5.179664862,6.118116656,0.436332313,2592.161044,57.17270653,36.03682454,388.8241566,AZ,PFO,-1.0,1038,-0.307793032,-0.318076587,-0.225451994,0.010283554,AZ.PFO,1038,-0.307793032,10.1232996,1285.910034,6.906630039,-0.3077930324413769,1038,828.9178242548127,760.0780609003463,803.3551657767877,766.7183699808256
100200,RSN9389,85,9389, PFO,4.88,34.0655,-117.0011,17.501,71.05,763,33.6117,-116.4594,16.2,16.34,-0.013244702,-0.010851769,0.001420914,0.001540409,1.220510924,0.152465067,76.73589583,5.179664862,6.383907006,0.436332313,2803.089668,8.598172304,7.637175086,420.4634502,AZ,PFO,-1.0,1102,-0.367623958,-0.318076587,-0.225451994,-0.049547372,AZ.PFO,1102,-0.367623958,10.1232996,1285.910034,6.906630039,-0.36762395842840245,1102,749.2573373155774,756.1000831506472,759.0337742029989,764.3409506046594
100200,RSN21189,85,21189, PFO,3.4,37.1173,-121.5231,7.213,602.53,763,33.6117,-116.4594,15.19,15.25,0.000177355,-0.000202179,7.23e-06,6.15e-06,0.877214592,0.163753045,89.40771049,5.179664862,6.106430378,0.366519143,2154.68054,28.83821138,27.96390041,323.202081,AZ,PFO,-1.0,900,-0.165136732,-0.318076587,-0.225451994,0.152939855,AZ.PFO,900,-0.165136732,10.1232996,1285.910034,6.906630039,-0.16513673203985402,900,689.3413350502404,690.7364248000068,806.3832746736574,719.0690685219047
100327,RSN14625,105,14625, CAR,3.9,35.3429,-118.5645,9.906,116.57,310,35.3082,-119.8458,30.78,30.86,0.000186515,0.001206102,6.92e-05,1.24e-05,0.154642488,0.160828095,85.57165442,5.179664862,6.199256899,0.06981317,476.2877666,15.04153226,17.42921965,71.44316499,CI,CAR,-999.0,363,-0.157830537,-0.044416603,0.04820799,-0.113413933,CI.CAR,363,-0.157830537,6.998569965,767.2050171,7.722229958,-0.15783053678565828,363,406.7465287820661,380.7855621929362,417.6256054284976,395.0294542841948
100327,RSN11264,105,11264, CAR,4.39,35.6421,-120.9543,5.902,107.21,310,35.3082,-119.8458,15.3,15.49,0.000818726,0.00709915,0.000826197,3.35e-05,0.115327319,0.164742122,87.32704643,5.179664862,6.063488731,0.052359878,348.1974686,24.43958209,8.592563275,52.22962029,CI,CAR,-999.0,297,0.042840159,-0.044416603,0.04820799,0.087256762,CI.CAR,297,0.042840159,6.998569965,767.2050171,7.722229958,0.04284015867649238,297,334.4001621943826,343.9047432445731,375.31584676828044,376.8132153779013
100327,RSN17901,105,17901, CAR,4.04,36.3911,-117.8665,9.439,215.42,310,35.3082,-119.8458,13.67,13.9,-6.29e-05,-0.000536651,1.59e-05,9.85e-06,0.11719028,0.161583343,87.74173514,5.179664862,6.183950287,0.052359878,360.6621988,6.385786802,33.75163522,54.09932982,CI,CAR,-999.0,304,0.019544596,-0.044416603,0.04820799,0.063961199,CI.CAR,304,0.019544596,6.998569965,767.2050171,7.722229958,0.01954459607297032,304,402.4007443434315,380.15074493951806,417.7531428754697,400.53975119779255
100327,RSN16319,105,16319, CAR,3.74,34.8456,-119.2446,12.927,75.1,310,35.3082,-119.8458,21.56,21.64,-0.000140635,-0.001292266,6e-05,1.22e-05,0.1088279,0.157450139,80.8440553,5.179664862,6.270295551,0.052359878,344.0381628,11.52745902,21.53776667,51.60572442,CI,CAR,-999.0,294,0.05299253,-0.044416603,0.04820799,0.097409134,CI.CAR,294,0.05299253,6.998569965,767.2050171,7.722229958,0.05299253014051075,294,338.5194268861023,363.26682590863714,371.1916944289997,385.3197501348317
100327,RSN18172,105,18172, CAR,4.08,36.3983,-117.8495,7.662,217.14,310,35.3082,-119.8458,13.19,13.31,-3.88e-05,-0.000238198,2.19e-05,9.58e-06,0.162939647,0.163391107,88.22519818,5.179664862,6.117348091,0.087266463,494.0013137,4.050104384,10.876621,74.10019706,CI,CAR,-999.0,371,-0.179629765,-0.044416603,0.04820799,-0.135213162,CI.CAR,371,-0.179629765,6.998569965,767.2050171,7.722229958,-0.1796297651282428,371,507.1008674448025,390.56902102283175,483.2428685594676,405.61455293616984
100356,RSN11955,110,11955, PHL,4.27,34.3874,-119.4398,6.219,151.75,384,35.4077,-120.5456,14.3125,14.5375,0.000222028,0.00022696,6.41e-06,6.25e-06,0.978272522,0.164488183,88.00729269,5.179664862,6.075787581,0.383972435,2293.955276,35.52448,35.40717629,344.0932914,CI,PHL,4.276666667,945,-0.900542375,-0.918401194,-0.8257766,0.017858819,CI.PHL,633,-0.49982787,3.069080114,387.6669922,3.995280027,-0.49982786955644887,633,509.9036819466526,560.9379000072255,601.9994281922666,570.4465196312132
100356,RSN10773,110,10773, PHL,4.66,34.2983,-118.6255,8.038,214.43,384,35.4077,-120.5456,17.0,17.2,0.00034967,0.000451155,0.00011968,9.52e-05,0.775055494,0.163135654,88.10750686,5.179664862,6.126524324,0.331612558,1985.30443,3.673004202,3.769677473,297.7956645,CI,PHL,4.276666667,845,-0.788694075,-0.918401194,-0.8257766,0.129707119,CI.PHL,566,-0.387951526,3.069080114,387.6669922,3.995280027,-0.3879515256154562,566,526.9856306791831,532.4781723802203,563.2179397167482,528.6213639530084
100356,RSN14666,110,14666, PHL,3.9,35.3429,-118.5645,9.906,180.16,384,35.4077,-120.5456,23.0625,23.1875,9.68e-05,6.88e-05,2.02e-05,1.74e-05,1.407610254,0.161108126,87.13566827,5.179664862,6.199256899,0.471238898,2844.115456,5.563218391,3.405940594,426.6173184,CI,PHL,4.276666667,1115,-1.065967131,-0.918401194,-0.8257766,-0.147565938,CI.PHL,746,-0.664083048,3.069080114,387.6669922,3.995280027,-0.6640830476160335,746,489.9241299703874,682.4558228720083,627.6134300769224,681.7673127306415
100376,RSN15882,113,15882, PSM,3.6,35.492,-120.7845,4.912,66.22,560,36.0688,-120.5962,13.32,13.4,-0.000232211,-0.001868592,0.000123985,6.71e-05,0.124270648,0.166002656,86.50214745,5.179664862,6.012777814,0.06981317,372.3500836,3.460670641,15.07111344,55.85251254,NC,PSM,-999.0,311,0.588143872,0.060134419,0.152759012,0.528009453,NC.PSM,311,0.588143872,8.348790169,964.5969849,26.01779938,0.5881438715499607,311,340.0937672066856,342.16717352005725,401.46986590076085,369.578972637867
100376,RSN18526,113,18526, PSM,3.3,35.9396,-120.4864,10.321,17.42,560,36.0688,-120.5962,21.17,21.24,0.000836065,0.001710332,0.000102373,0.000159904,0.488831965,0.139105041,59.77652639,5.179664862,6.21162714,0.226892803,1620.104225,5.228543376,16.70686607,243.0156338,NC,PSM,-999.0,723,-0.255472438,0.060134419,0.152759012,-0.315606857,NC.PSM,723,-0.255472438,8.348790169,964.5969849,26.01779938,-0.2554724384295701,723,639.5336427923589,655.1019667822897,658.7436856975866,667.2230715000883
100376,RSN18538,113,18538, PSM,3.4,35.9513,-120.5082,9.77,15.26,560,36.0688,-120.5962,40.9,40.95,0.012140716,0.027604151,0.001761725,0.002496586,0.439814872,0.136797293,57.93579535,5.179664862,6.194959903,0.20943951,1504.270051,4.862927213,15.66881948,225.6405077,NC,PSM,-999.0,771,-0.31975159,0.060134419,0.152759012,-0.379886009,NC.PSM,771,-0.31975159,8.348790169,964.5969849,26.01779938,-0.31975158983413454,771,674.7494469872714,698.038820030827,712.089532228087,717.7075738771176
100376,RSN14107,113,14107, PSM,3.8,35.632,-120.7532,6.775,50.5,560,36.0688,-120.5962,33.03,33.1,-0.004516639,-0.019953179,0.000823117,0.000769226,0.226361863,0.162962795,83.27829088,5.179664862,6.094190843,0.104719755,681.1370463,5.871667104,24.24099976,102.1705569,NC,PSM,-999.0,446,0.227617832,0.060134419,0.152759012,0.167483413,NC.PSM,446,0.227617832,8.348790169,964.5969849,26.01779938,0.2276178317091304,446,416.17086719901295,411.81753308954103,496.88504377120324,435.86656215074976
100386,RSN16960,117,16960, PLC,3.63,34.1242,-116.405,9.555,34.69,346,33.8244,-116.512,13.55,13.59,-0.004190631,-0.026782796,0.003642416,0.000835154,0.156467276,0.156434442,75.46644875,5.179664862,6.187901101,0.06981317,495.306609,5.017794323,7.353030516,74.29599135,CI,PLC,0.396666667,372,-0.072455079,0.065877002,0.158501596,-0.138332082,CI.PLC,372,-0.072455079,0.868066013,129.1329956,0.829178989,-0.07245507921542149,372,387.8351973237771,354.6187143121063,331.4498873838581,332.234947020579
100386,RSN14560,117,14560, PLC,3.78,34.0294,-116.7534,14.93,31.86,346,33.8244,-116.512,19.5,19.55,-0.003417477,-0.019584898,0.003486009,0.001063166,0.174495543,0.144377658,65.80300224,5.179664862,6.317747533,0.087266463,597.579859,3.214434058,5.618143269,89.63697885,CI,PLC,0.396666667,414,-0.179427199,0.065877002,0.158501596,-0.245304201,CI.PLC,414,-0.179427199,0.868066013,129.1329956,0.829178989,-0.1794271987675895,414,374.84372469060816,363.0365636109417,352.4681046814127,352.8669980269456
100386,RSN17675,117,17675, PLC,3.47,33.8029,-116.1786,7.366,30.96,346,33.8244,-116.512,19.35,19.38,0.004568692,0.036848676,0.008539541,0.00064877,0.123985253,0.159851439,77.61896723,5.179664862,6.110319177,0.06981317,385.8038192,7.04208271,4.315065177,57.87057288,CI,PLC,0.396666667,319,0.081247672,0.065877002,0.158501596,0.01537067,CI.PLC,319,0.081247672,0.868066013,129.1329956,0.829178989,0.08124767227288032,319,344.87964128733915,316.49812799175197,294.03402057894897,295.4045085180167
100386,RSN8257,117,8257, PLC,4.92,33.5083,-116.5143,15.2,35.14,346,33.8244,-116.512,18.74,18.8,-0.073974467,-0.819302351,0.01690899,0.001266148,0.090289583,0.14587294,67.3322889,5.179664862,6.325747735,0.052359878,308.6485229,58.42481843,48.453654,46.29727844,CI,PLC,0.396666667,274,0.233310669,0.065877002,0.158501596,0.167433666,CI.PLC,274,0.233310669,0.868066013,129.1329956,0.829178989,0.23331066866965422,274,306.02226445896633,293.95462773449503,275.5350416992567,276.1108062361543
100386,RSN12859,117,12859, PLC,4.02,33.7129,-116.0516,12.808,44.41,346,33.8244,-116.512,21.58,21.63,0.001852618,0.020520825,0.000829543,0.000468249,0.090279886,0.153841408,74.6448101,5.179664862,6.268161535,0.052359878,292.6303886,3.95648042,24.73750607,43.89455829,CI,PLC,0.396666667,265,0.266708949,0.065877002,0.158501596,0.200831947,CI.PLC,265,0.266708949,0.868066013,129.1329956,0.829178989,0.26670894907150267,265,311.6647931454912,293.8559022816739,274.31318027975277,274.29271737410124
100403,RSN19249,122,19249, BBGB,3.17,36.6767,-121.301,4.82,25.8,285,36.5785,-121.0396,41.5,41.54,-0.001286186,-0.004941004,0.001025134,0.000332163,0.260308552,0.164408808,80.95628381,5.179664862,6.006787029,0.122173048,771.9039272,3.87215313,4.819861599,115.7855891,NC,BBGB,-999.0,487,-0.535774943,-0.469534877,-0.376910283,-0.066240066,NC.BBGB,487,-0.535774943,19.65169907,1062.589966,9.263990402,-0.5357749428139389,487,474.067263529679,453.26942474698876,469.9475177768439,453.6948310669556
100403,RSN18527,122,18527, BBGB,3.43,35.9148,-120.4658,7.18,89.91,285,36.5785,-121.0396,41.45,41.49,3.05e-05,0.00010785,3.76e-05,9.54e-06,0.283154463,0.163382556,85.98286899,5.179664862,6.105567046,0.13962634,841.938281,3.19706499,2.868351064,126.2907422,NC,BBGB,-999.0,516,-0.593617585,-0.469534877,-0.376910283,-0.124082709,NC.BBGB,516,-0.593617585,19.65169907,1062.589966,9.263990402,-0.593617585212912,516,504.4727661665051,477.3109219353006,497.21930936735964,478.68666554984276
100403,RSN19207,122,19207, BBGB,3.5,36.6973,-121.3339,5.677,29.44,285,36.5785,-121.0396,21.45,21.5,-0.001613244,-0.008462836,0.002218623,0.000320302,0.190626879,0.162928676,80.51710564,5.179664862,6.053782917,0.087266463,576.8608223,5.036634176,3.814454281,86.52912335,NC,BBGB,-999.0,406,-0.353863979,-0.469534877,-0.376910283,0.115670897,NC.BBGB,406,-0.353863979,19.65169907,1062.589966,9.263990402,-0.3538639793330818,406,400.44895930890993,386.2674716108066,401.94331725087864,390.6732986126179
100403,RSN14966,122,14966, BBGB,3.7,35.6371,-120.7559,6.53,107.54,285,36.5785,-121.0396,16.18,16.23,-4.41e-05,-0.00021334,8.13e-05,1.86e-05,0.206750502,0.16407426,87.01359738,5.179664862,6.086524027,0.104719755,620.3938319,2.370967742,2.624108241,93.05907479,NC,BBGB,-999.0,423,-0.394882999,-0.469534877,-0.376910283,0.074651878,NC.BBGB,423,-0.394882999,19.65169907,1062.589966,9.263990402,-0.3948829987776268,423,424.0572395832527,394.21842395661815,419.61831209745253,397.264362317982
100427,RSN11078,125,11078, JSGB,4.35,36.6065,-121.2101,6.13,106.08,376,37.284,-122.0502,22.6,22.8,-0.000783358,-0.003218388,0.000685811,0.000300638,0.243400792,0.164477301,87.17606436,5.179664862,6.072483163,0.122173048,724.3178489,2.60565198,4.692820617,108.6476773,NC,JSGB,-999.0,466,-0.214596491,0.037488864,0.130113457,-0.252085355,NC.JSGB,466,-0.214596491,19.41049957,188.0809937,4.954850197,-0.21459649073575093,466,457.4353504267442,433.4740067435508,430.9667838583713,421.79560788198876
100427,RSN20898,125,20898, JSGB,3.7,37.8077,-122.0707,11.554,58.15,376,37.284,-122.0502,10.11,10.25,-0.001021126,-0.011072038,0.000138207,0.000107528,0.092225701,0.157505841,79.51003478,5.179664862,6.242859346,0.052359878,291.9312588,9.496373038,80.11199143,43.78968882,NC,JSGB,-999.0,265,0.349859317,0.037488864,0.130113457,0.312370453,NC.JSGB,265,0.349859317,19.41049957,188.0809937,4.954850197,0.3498593174036726,265,323.1147926339098,376.87086529184575,332.12761823691693,365.7509074655111
100427,RSN15821,125,15821, JSGB,3.57,37.0656,-122.2831,5.852,31.86,376,37.284,-122.0502,22.03,22.1,-0.001230108,-0.005675539,0.000365523,0.000137952,0.216738457,0.162861902,80.81291561,5.179664862,6.061407057,0.104719755,653.8948941,8.916927627,15.52717339,98.08423412,NC,JSGB,-999.0,434,-0.143455391,0.037488864,0.130113457,-0.180944255,NC.JSGB,434,-0.143455391,19.41049957,188.0809937,4.954850197,-0.1434553907105105,434,419.8854548209318,402.13857626404615,405.1016380167401,396.0798223912134
100427,RSN20102,125,20102, JSGB,4.2,37.8056,-122.1853,4.131,59.11,376,37.284,-122.0502,4.0,4.24,-0.000691396,-0.005250697,5.25e-05,0.000118563,0.131676947,0.167777503,86.85591255,5.179664862,5.951303027,0.06981317,390.0050718,5.831465128,100.0132762,58.50076077,NC,JSGB,-999.0,321,0.15814802,0.037488864,0.130113457,0.120659156,NC.JSGB,321,0.15814802,19.41049957,188.0809937,4.954850197,0.15814802025987884,321,334.1552425002316,354.3388193948414,338.22101667705124,338.79956392308674
100429,RSN8754,126,8754, RAMR,5.45,37.4317,-121.7767,7.486,215.18,300,35.636,-120.8698,18.12,18.41,-0.002251018,-0.01128927,0.000616852,0.000126274,0.199394476,0.163503483,88.25584212,5.179664862,6.113244097,0.104719755,601.2637368,17.82645675,18.301424,90.18956052,BK,RAMR,0.6844795,416,-0.326902786,-0.386309912,-0.293685319,0.059407127,BK.RAMR,416,-0.326902786,14.27700043,431.9190063,7.236629963,-0.32690278560506236,416,430.1201976380298,415.2378577511332,411.436286899799,398.67444157883546
100429,RSN15081,126,15081, RAMR,3.56,36.0672,-120.1861,14.523,78.12,300,35.636,-120.8698,19.98,20.06,-0.000117905,-0.000484134,2.55e-05,3.75e-05,0.243537742,0.156210377,80.03910264,5.179664862,6.305125515,0.122173048,763.0554067,3.144133333,18.98564706,114.458311,BK,RAMR,0.6844795,483,-0.476234179,-0.386309912,-0.293685319,-0.089924267,BK.RAMR,483,-0.476234179,14.27700043,431.9190063,7.236629963,-0.4762341789963713,483,457.5039376734079,448.46790293722717,441.26583689180364,437.96223142287454
100429,RSN14108,126,14108, RAMR,3.8,35.632,-120.7532,6.775,10.57,300,35.636,-120.8698,28.62,28.72,0.091834787,0.584537881,0.000735552,0.000885032,0.157106647,0.138104296,57.31306346,5.179664862,6.094190843,0.06981317,563.284965,103.764369,794.6928035,84.49274475,BK,RAMR,0.6844795,401,-0.290178953,-0.386309912,-0.293685319,0.09613096,BK.RAMR,401,-0.290178953,14.27700043,431.9190063,7.236629963,-0.2901789526503684,401,399.60066067854365,409.42769626767046,411.17216071554526,408.005976474146
100429,RSN18424,126,18424, RAMR,3.72,35.86,-120.4076,9.04,48.64,300,35.636,-120.8698,21.05,21.13,0.000879902,0.003495984,0.000224903,2.64e-05,0.251689279,0.159766066,80.29272422,5.179664862,6.169533303,0.122173048,769.6005287,33.32962121,15.54440803,115.4400793,BK,RAMR,0.6844795,486,-0.482426149,-0.386309912,-0.293685319,-0.096116237,BK.RAMR,486,-0.482426149,14.27700043,431.9190063,7.236629963,-0.4824261492442927,486,445.7114645556087,449.1330933153029,438.5829400115427,437.7515216485668
100429,RSN18513,126,18513, RAMR,3.4,36.0805,-120.1706,12.646,80.13,300,35.636,-120.8698,20.35,20.45,-0.000107706,-0.000355129,2.93e-05,4.38e-05,0.303285616,0.157905533,81.61398687,5.179664862,6.265188729,0.13962634,928.1181545,2.459041096,12.12044369,139.2177232,BK,RAMR,0.6844795,562,-0.627719375,-0.386309912,-0.293685319,-0.241409463,BK.RAMR,562,-0.627719375,14.27700043,431.9190063,7.236629963,-0.6277193752374899,562,527.0695832404051,518.1369498437174,502.5820758550824,504.40674229919057
100429,RSN19021,126,19021, RAMR,3.9,35.6721,-121.0963,5.807,20.9,300,35.636,-120.8698,21.26,21.33,-0.000872069,-0.007323907,0.000413402,9.88e-05,0.119071535,0.159989219,75.80209476,5.179664862,6.059497783,0.052359878,370.0224404,8.826609312,17.71618667,55.50336606,BK,RAMR,0.6844795,310,-0.032789823,-0.386309912,-0.293685319,0.35352009,BK.RAMR,310,-0.032789823,14.27700043,431.9190063,7.236629963,-0.032789822822991255,310,346.88848952722606,369.5940650793495,359.63631346891424,379.4555439084486
100429,RSN18521,126,18521, RAMR,3.48,35.8309,-120.3782,6.939,49.45,300,35.636,-120.8698,20.65,20.72,0.000675081,0.002692159,0.000203347,3.22e-05,0.250758342,0.162721053,82.94668801,5.179664862,6.098979266,0.122173048,752.9930573,20.96524845,13.23923638,112.9489586,BK,RAMR,0.6844795,479,-0.467918123,-0.386309912,-0.293685319,-0.08160821,BK.RAMR,479,-0.467918123,14.27700043,431.9190063,7.236629963,-0.467918122754714,479,455.9685834052547,447.7723571557339,441.7800115027215,434.5197871189373
100439,RSN11747,131,11747, SBC,4.5,34.3365,-116.8617,8.94,262.64,485,34.4408,-119.7149,17.6,17.8875,0.000228446,0.00084043,6.19e-05,0.000105583,0.271821042,0.162112476,88.25751637,5.179664862,6.165704274,0.13962634,816.9147572,2.163662711,13.57722132,122.5372136,CI,SBC,0.2,506,-0.042387778,0.050342216,0.142966809,-0.092729994,CI.SBC,506,-0.042387778,4.426280022,105.5289993,5.224259853,-0.04238777834998242,506,540.6673139418792,484.62355305717483,486.82178231709685,466.693070710929
100439,RSN11849,131,11849, SBC,4.26,34.2844,-118.4129,8.031,121.02,485,34.4408,-119.7149,45.78,45.925,0.000237196,0.001083234,0.000327611,7.22e-05,0.218970156,0.1629496,86.61866524,5.179664862,6.126183158,0.104719755,659.9694792,3.285263158,3.306464069,98.99542188,CI,SBC,0.2,436,0.106506648,0.050342216,0.142966809,0.056164432,CI.SBC,436,0.106506648,4.426280022,105.5289993,5.224259853,0.10650664758844908,436,476.08244034894426,411.0191253682663,424.439361744326,397.8346340621773
100439,RSN10127,131,10127, SBC,4.18,34.3617,-118.6637,11.151,97.05,485,34.4408,-119.7149,8.5625,8.8,0.00075525,0.003520524,0.000100986,6.59e-05,0.214527629,0.159516673,83.90093691,5.179664862,6.233452986,0.104719755,661.0955824,11.46054628,34.86150556,99.16433736,CI,SBC,0.2,437,0.104215696,0.050342216,0.142966809,0.05387348,CI.SBC,437,0.104215696,4.426280022,105.5289993,5.224259853,0.10421569584189339,437,410.5193028041666,403.8722543306485,400.68430494679643,395.78118559929146
100439,RSN17552,131,17552, SBC,3.29,34.2551,-119.6305,10.135,22.01,485,34.4408,-119.7149,72.625,72.7125,-0.001832313,-0.006521364,0.000178892,5.95e-05,0.280970763,0.147754634,66.49095978,5.179664862,6.206215806,0.13962634,924.3279135,30.79517647,36.45419583,138.649187,CI,SBC,0.2,560,-0.143787893,0.050342216,0.142966809,-0.194130108,CI.SBC,560,-0.143787893,4.426280022,105.5289993,5.224259853,-0.14378789279171134,560,532.236756733877,521.6364683230619,512.1141006103624,509.92801580404785
100439,RSN10275,131,10275, SBC,4.34,35.0174,-119.1492,9.557,82.32,485,34.4408,-119.7149,6.15,6.375,-0.000698387,-0.002632857,0.000312765,6.39e-05,0.265258304,0.16070964,83.96952811,5.179664862,6.187968323,0.122173048,803.7251598,10.92937402,8.418003933,120.558774,CI,SBC,0.2,500,-0.030459207,0.050342216,0.142966809,-0.080801423,CI.SBC,500,-0.030459207,4.426280022,105.5289993,5.224259853,-0.030459207484708095,500,479.11458482926673,464.27976498119534,462.0045617300241,452.0674168892731
100439,RSN8846,131,8846, SBC,5.39,33.9465,-117.7667,14.89,187.76,485,34.4408,-119.7149,25.5,26.05,0.006682888,0.027576853,0.000258152,0.000104489,0.242336857,0.15787498,85.72922624,5.179664862,6.31653763,0.122173048,751.491272,63.95781374,106.824092,112.7236908,CI,SBC,0.2,478,0.014538158,0.050342216,0.142966809,-0.035804057,CI.SBC,478,0.014538158,4.426280022,105.5289993,5.224259853,0.014538158446026905,478,503.56280720149334,464.6960784678794,457.031628263092,446.38954703464344
100439,RSN12102,131,12102, SBC,4.42,34.8927,-119.0292,16.97,80.39,485,34.4408,-119.7149,35.8125,36.0375,0.002285832,0.0113835,7.53e-05,0.000108514,0.200802178,0.153827758,78.57156412,5.179664862,6.371886121,0.104719755,643.4220784,21.06485799,151.1752988,96.51331176,CI,SBC,0.2,431,0.118040801,0.050342216,0.142966809,0.067698585,CI.SBC,431,0.118040801,4.426280022,105.5289993,5.224259853,0.11804080083373591,431,484.01739123101123,421.6381483046605,416.1731982297032,407.76460346008525
100439,RSN11219,131,11219, SBC,4.42,34.0665,-118.8938,12.827,86.28,485,34.4408,-119.7149,22.23,22.32,0.000375641,0.001766868,0.000677559,0.000122465,0.212602918,0.158005487,82.07865633,5.179664862,6.268505043,0.104719755,661.6876811,3.067333524,2.607696156,99.25315217,CI,SBC,0.2,437,0.104215696,0.050342216,0.142966809,0.05387348,CI.SBC,437,0.104215696,4.426280022,105.5289993,5.224259853,0.10421569584189339,437,413.7322889563913,402.3225810174785,395.67097247872,395.81651165448307
100439,RSN9267,131,9267, SBC,5.03,35.3852,-118.6292,7.3,144.29,485,34.4408,-119.7149,16.775,17.35,0.004147836,0.014044766,0.000108345,0.000101135,0.295329683,0.163543274,87.47741155,5.179664862,6.108664217,0.13962634,874.4847982,41.01286399,129.6300337,131.1727197,CI,SBC,0.2,534,-0.096246948,0.050342216,0.142966809,-0.146589164,CI.SBC,534,-0.096246948,4.426280022,105.5289993,5.224259853,-0.09624694802271172,534,504.17646508165774,509.7635573536717,492.27783558478586,489.4356555113873
100439,RSN15074,131,15074, SBC,3.52,34.2871,-119.6948,5.225,17.15,485,34.4408,-119.7149,13.9125,13.975,-0.003573312,-0.018028655,0.000319851,0.000147406,0.198201812,0.160307396,75.20797477,5.179664862,6.0312809,0.104719755,609.7210872,24.24129276,56.3657922,91.45816308,CI,SBC,0.2,419,0.146277971,0.050342216,0.142966809,0.095935755,CI.SBC,419,0.146277971,4.426280022,105.5289993,5.224259853,0.1462779710153459,419,406.3811407919959,397.68043804004776,403.80634292092424,395.1021301136191
100439,RSN10794,131,10794, SBC,4.66,34.2983,-118.6255,8.038,101.44,485,34.4408,-119.7149,10.0,10.25,0.002274322,0.010219741,0.001352213,0.000216909,0.222542022,0.162821926,85.9741614,5.179664862,6.126524324,0.104719755,670.7625247,10.48514354,7.557789342,100.6143787,CI,SBC,0.2,441,0.095104015,0.050342216,0.142966809,0.0447618,CI.SBC,441,0.095104015,4.426280022,105.5289993,5.224259853,0.0951040154906373,441,419.89451458834276,409.0439470086199,402.89469493357274,400.0644468734875
100439,RSN18137,131,18137, SBC,5.19,36.4034,-117.8499,9.418,275.86,485,34.4408,-119.7149,16.29,16.65,-0.000722678,-0.001725475,0.000377962,0.000105788,0.418828577,0.161651656,88.24027661,5.179664862,6.183223963,0.191986218,1217.479716,6.831379741,4.565207613,182.6219574,CI,SBC,0.2,669,-0.321635169,0.050342216,0.142966809,-0.371977385,CI.SBC,112,1.46565002,4.426280022,105.5289993,5.224259853,1.4656500196423892,112,106.39289604992165,108.16902363628806,103.04870383598777,103.8664787111658
100439,RSN15337,131,15337, SBC,3.74,34.8437,-119.6912,11.07,44.75,485,34.4408,-119.7149,21.0125,21.075,-0.000402795,-0.003335357,0.000230631,0.00010364,0.120765172,0.156248264,76.81965222,5.179664862,6.231475121,0.052359878,384.1941561,3.886482053,14.46187633,57.62912342,CI,SBC,0.2,318,0.422097508,0.050342216,0.142966809,0.371755293,CI.SBC,318,0.422097508,4.426280022,105.5289993,5.224259853,0.4220975081573064,318,357.5909159016282,389.9932451094572,360.75837155225145,382.0847293358289
100439,RSN11967,131,11967, SBC,4.27,34.3874,-119.4398,6.219,25.98,485,34.4408,-119.7149,16.6375,16.775,-0.000907415,-0.005299181,6.38e-05,5.14e-05,0.17123682,0.160828988,77.73155915,5.179664862,6.075787581,0.087266463,526.7206539,17.65398833,83.05926332,79.00809809,CI,SBC,0.2,386,0.228311521,0.050342216,0.142966809,0.177969306,CI.SBC,386,0.228311521,4.426280022,105.5289993,5.224259853,0.22831152147265232,386,373.2279427814823,374.67909927107564,388.8645636630802,373.8057583961883
100442,RSN17974,132,17974, TFT,4.04,36.3911,-117.8665,9.439,197.0,332,35.1459,-119.4195,13.7,13.8,-0.000720362,-0.003145269,0.000410871,2.63e-05,0.22903018,0.161557713,87.52196122,5.179664862,6.183950287,0.104719755,694.7638994,27.39019011,7.655125331,104.2145849,CI,TFT,-999.0,452,-0.308547211,-0.484833221,-0.392208627,0.17628601,CI.TFT,452,-0.308547211,4.117599964,231.0299988,3.351910114,-0.30854721091574344,452,518.1162084654012,444.6326737019805,482.5842556041194,443.5410139149517
100442,RSN14198,132,14198, TFT,3.69,34.7697,-120.4993,10.11,107.09,332,35.1459,-119.4195,29.3,29.44,-0.000528788,-0.001640938,0.000111394,5.16e-05,0.322247477,0.160544958,85.04132651,5.179664862,6.205472367,0.157079633,967.1226823,10.24782946,14.73093703,145.0684023,CI,TFT,-999.0,584,-0.564766014,-0.484833221,-0.392208627,-0.079932793,CI.TFT,584,-0.564766014,4.117599964,231.0299988,3.351910114,-0.564766013911739,584,575.4955892873754,543.9984743061253,553.3735109121435,543.9019835454824
100442,RSN13468,132,13468, TFT,3.9,34.4032,-118.651,13.612,108.34,332,35.1459,-119.4195,24.4,24.52,0.000532984,0.001710742,0.000304069,6.23e-05,0.311551693,0.158095064,83.27761185,5.179664862,6.281821568,0.157079633,952.3801462,8.555120385,5.626163798,142.8570219,CI,TFT,-999.0,576,-0.550972692,-0.484833221,-0.392208627,-0.066139471,CI.TFT,576,-0.550972692,4.117599964,231.0299988,3.351910114,-0.5509726917794033,576,540.414534037415,531.3636689261226,535.7794508801368,533.4717565468617
100442,RSN10301,132,10301, TFT,4.34,35.0174,-119.1492,9.557,28.48,332,35.1459,-119.4195,4.1,4.26,-0.003917818,-0.012180985,0.000193106,8.86e-05,0.321633947,0.154052351,72.41524158,5.179664862,6.187968323,0.157079633,1006.139683,44.21916479,63.07926735,150.9209525,CI,TFT,-999.0,604,-0.598439229,-0.484833221,-0.392208627,-0.113606008,CI.TFT,604,-0.598439229,4.117599964,231.0299988,3.351910114,-0.5984392290183269,604,569.8401251633819,557.2109785061057,556.0534885761222,559.2316226970685
100442,RSN10821,132,10821, TFT,4.66,34.2983,-118.6255,8.038,118.87,332,35.1459,-119.4195,18.98,19.05,-0.000560723,-0.002113458,0.000656546,0.000226233,0.265310753,0.162930171,86.5575866,5.179664862,6.126524324,0.122173048,792.9180387,2.478519933,3.219055481,118.9377058,CI,TFT,-999.0,496,-0.401440958,-0.484833221,-0.392208627,0.083392263,CI.TFT,496,-0.401440958,4.117599964,231.0299988,3.351910114,-0.4014409578084397,496,519.9480841222266,463.54466198715534,463.20951240027017,461.6545127917467
100452,RSN18047,134,18047, RCT,4.5,36.3915,-117.8683,9.117,123.84,282,36.3052,-119.2438,10.67,10.82,0.008545547,0.046019592,0.001395475,0.001429802,0.185693682,0.161653603,86.19356204,5.179664862,6.172420506,0.087266463,566.8678937,5.976734541,32.97772586,85.03018406,CI,RCT,3.7,402,-0.354545018,-0.356168493,-0.263543899,0.001623475,CI.RCT,402,-0.354545018,5.659100056,108.0770035,0.161065996,-0.3545450176809073,402,425.8839304634252,398.61791700232436,363.65817240828216,367.49176367115155
100452,RSN18187,134,18187, RCT,4.08,36.3983,-117.8495,7.662,125.58,282,36.3052,-119.2438,10.8,10.9,0.000721735,0.003909779,0.001164321,0.000161988,0.18459726,0.163234112,86.92469468,5.179664862,6.117348091,0.087266463,558.1731387,4.455484357,3.357990623,83.72597081,CI,RCT,3.7,399,-0.347054346,-0.356168493,-0.263543899,0.009114147,CI.RCT,399,-0.347054346,5.659100056,108.0770035,0.161065996,-0.3470543459517499,399,474.3638799315611,399.63649153865885,392.83523464420927,375.18878401507493
100452,RSN9769,134,9769, RCT,4.69,35.0172,-119.0247,9.251,144.28,282,36.3052,-119.2438,8.5,8.69,-0.001611656,-0.008486225,0.000302358,0.000148191,0.18991437,0.16161363,86.69773499,5.179664862,6.177322679,0.087266463,579.4561065,10.87553225,28.06681153,86.91841598,CI,RCT,3.7,407,-0.366906115,-0.356168493,-0.263543899,-0.010737622,CI.RCT,407,-0.366906115,5.659100056,108.0770035,0.161065996,-0.36690611450448074,407,456.5334827253187,423.4542997766915,388.2549108170145,387.21460513978576
100519,RSN18530,139,18530, PHOB,3.43,35.9148,-120.4658,7.18,5.49,376,35.8666,-120.4796,40.53,40.63,-0.009111321,-0.253371314,0.001307549,0.00051227,0.035960348,0.103017635,38.97498814,5.179664862,6.105567046,0.017453293,174.4487448,17.7861694,193.7757698,26.16731172,NC,PHOB,0.343333333,181,0.731092112,0.490949937,0.58357453,0.240142175,NC.PHOB,181,0.731092112,5.659100056,771.3359985,2.658590078,0.7310921121240685,181,242.20798917441735,273.81255064313297,253.25859926484583,268.99536635549634
100519,RSN18429,139,18429, PHOB,4.17,35.9468,-120.4938,10.375,8.99,376,35.8666,-120.4796,22.39,22.45,-0.003771864,-0.064383612,0.000591972,0.000538618,0.058584219,0.104474906,40.47523153,5.179664862,6.213159667,0.034906585,280.0651274,7.002855456,108.7612455,42.00976911,NC,PHOB,0.343333333,257,0.380513058,0.490949937,0.58357453,-0.110436878,NC.PHOB,257,0.380513058,5.659100056,771.3359985,2.658590078,0.38051305849467454,257,325.3688393210559,380.7482284158773,347.453637122934,376.93206538468377
100519,RSN18421,139,18421, PHOB,3.72,35.86,-120.4076,9.04,6.54,376,35.8666,-120.4796,22.46,22.57,0.021481779,0.385740739,0.000672354,0.000379238,0.055689681,0.096941597,36.73282666,5.179664862,6.169533303,0.034906585,286.9633942,56.64458467,573.7167311,43.04450913,NC,PHOB,0.343333333,262,0.36124464,0.490949937,0.58357453,-0.129705297,NC.PHOB,262,0.36124464,5.659100056,771.3359985,2.658590078,0.36124463962879805,262,348.1490014488027,399.89028906532997,366.9149410706248,392.1891070851178
100537,RSN18628,142,18628, HCAB,3.69,37.4342,-121.7815,7.42,52.47,646,37.0254,-121.4845,21.15,21.22,-0.001992017,-0.006223658,0.000794573,0.000445362,0.320071742,0.162340773,82.82521174,5.179664862,6.111648575,0.157079633,950.5555971,4.472804146,7.83270763,142.5833396,NC,HCAB,-999.0,575,0.116429463,0.032942719,0.125567312,0.083486744,NC.HCAB,575,0.116429463,14.84619999,287.9559937,4.530789852,0.11642946298525114,575,537.0403166708755,528.7785999524846,521.454286834812,517.9095419088756
100537,RSN21427,142,21427, HCAB,4.1,37.862,-121.9995,13.322,103.43,646,37.0254,-121.4845,6.2,6.3,-0.000583266,-0.00186015,0.000517181,0.000163569,0.31355834,0.158159529,83.11182347,5.179664862,6.277093244,0.157079633,957.5871006,3.565871284,3.596709856,143.6380651,NC,HCAB,-999.0,578,0.111225635,0.032942719,0.125567312,0.078282916,NC.HCAB,578,0.111225635,14.84619999,287.9559937,4.530789852,0.1112256351102241,578,541.6133166547212,532.7864953180198,517.3821235958067,519.4144008707491
100537,RSN21248,142,21248, HCAB,4.6,37.5255,-118.8612,10.217,239.19,646,37.0254,-121.4845,4.58,5.12,0.002191396,0.00266555,0.000182295,0.000188438,0.822117679,0.160945556,87.78222088,5.179664862,6.208627201,0.34906585,2098.097392,11.62926798,14.62217834,314.7146088,NC,HCAB,-999.0,882,-0.311392552,0.032942719,0.125567312,-0.344335271,NC.HCAB,882,-0.311392552,14.84619999,287.9559937,4.530789852,-0.3113925522241896,882,814.4823346670245,856.6310264375602,880.2713353656762,842.7766458863097
100537,RSN19193,142,19193, HCAB,3.8,36.6888,-121.3205,4.454,40.11,646,37.0254,-121.4845,21.35,21.44,-0.000706258,-0.001600379,0.000638618,0.000203414,0.441307021,0.166539176,84.80638678,5.179664862,5.979941298,0.20943951,1239.160403,3.472022575,2.506003589,185.8740605,NC,HCAB,-999.0,677,-0.046871769,0.032942719,0.125567312,-0.079814488,NC.HCAB,677,-0.046871769,14.84619999,287.9559937,4.530789852,-0.04687176912967317,677,635.3962153730071,612.8476131145921,604.6786535277869,603.2917121146467
100537,RSN21317,142,21317, HCAB,4.2,36.8832,-121.619,7.507,19.81,646,37.0254,-121.4845,14.17,14.29,-0.00578204,-0.040721653,0.000400645,0.000206308,0.141989325,0.153823391,70.12507677,5.179664862,6.113745147,0.06981317,458.0665744,28.02625201,101.6402376,68.70998616,NC,HCAB,-999.0,355,0.598681714,0.032942719,0.125567312,0.565738995,NC.HCAB,355,0.598681714,14.84619999,287.9559937,4.530789852,0.5986817143071859,355,358.6351760205163,371.94284383221776,363.4829443409039,363.1940423672576
100537,RSN11670,142,11670, HCAB,4.3,37.2793,-121.6191,3.442,30.61,646,37.0254,-121.4845,19.14,19.2,0.004963011,0.010390392,0.001930913,0.000613028,0.477653853,0.167812276,85.18665561,5.179664862,5.93802414,0.226892803,1317.76228,8.095896109,5.381077242,197.664342,NC,HCAB,-999.0,707,-0.090231162,0.032942719,0.125567312,-0.123173881,NC.HCAB,707,-0.090231162,14.84619999,287.9559937,4.530789852,-0.09023116211397131,707,650.5625954222169,638.7155893153284,628.3669999432208,624.4186802846546
100537,RSN19063,142,19063, HCAB,4.0,36.6775,-121.3009,6.377,41.94,646,37.0254,-121.4845,16.63,16.89,-0.002186481,-0.004821947,0.00034271,0.000207262,0.453443631,0.162970171,82.34391009,5.179664862,6.081392586,0.20943951,1295.475717,10.54935782,14.07005048,194.3213576,NC,HCAB,-999.0,698,-0.077419599,0.032942719,0.125567312,-0.110362318,NC.HCAB,698,-0.077419599,14.84619999,287.9559937,4.530789852,-0.07741959897977058,698,653.694693586646,631.6463435147043,623.968389233778,621.4304806500811
100537,RSN19081,142,19081, HCAB,3.6,36.6809,-121.3013,6.35,41.57,646,37.0254,-121.4845,21.65,21.78,-0.001088104,-0.002430251,0.000455131,0.000411702,0.447733304,0.163009726,82.38190167,5.179664862,6.080457504,0.20943951,1281.481192,2.642940768,5.339673632,192.2221788,NC,HCAB,-999.0,693,-0.070230495,0.032942719,0.125567312,-0.103173214,NC.HCAB,693,-0.070230495,14.84619999,287.9559937,4.530789852,-0.07023049540730142,693,653.0485905073919,629.8295348851249,620.8293725387366,619.1352996398126
100537,RSN8686,142,8686, HCAB,5.45,37.4317,-121.7767,7.486,52.02,646,37.0254,-121.4845,16.63,16.87,-0.148096708,-0.307994936,0.011303743,0.009541669,0.480841373,0.162220101,82.60886464,5.179664862,6.113244097,0.226892803,1370.652701,15.52104857,27.2471637,205.5979052,NC,HCAB,-999.0,725,-0.115372151,0.032942719,0.125567312,-0.14831487,NC.HCAB,725,-0.115372151,14.84619999,287.9559937,4.530789852,-0.11537215107207288,725,651.8169119223271,655.0559774637135,624.1557948356693,638.993826739851
100537,RSN18829,142,18829, HCAB,4.05,37.4812,-121.7987,11.01,57.76,646,37.0254,-121.4845,41.1,41.22,-0.006554579,-0.016050106,0.003635299,0.001239602,0.408382296,0.15800942,79.86541344,5.179664862,6.229990225,0.191986218,1218.808589,5.287647971,4.415071773,182.8212884,NC,HCAB,-999.0,669,-0.034984556,0.032942719,0.125567312,-0.067927275,NC.HCAB,669,-0.034984556,14.84619999,287.9559937,4.530789852,-0.03498455634562703,669,594.2009767615366,602.7325994306916,586.8368071822792,593.8684044061796
100537,RSN19147,142,19147, HCAB,3.9,36.6979,-121.3332,5.002,38.77,646,37.0254,-121.4845,15.88,15.93,-0.000582161,-0.002227442,0.000954543,0.000246591,0.261358471,0.1651941,83.82676363,5.179664862,6.018382641,0.122173048,771.1385923,2.360836365,2.333516667,115.6707888,NC,HCAB,-999.0,487,0.282535381,0.032942719,0.125567312,0.249592662,NC.HCAB,487,0.282535381,14.84619999,287.9559937,4.530789852,0.28253538070001216,487,467.76693016102035,449.19216601189544,449.67666803668743,441.51225526509666
100545,RSN15129,146,15129, RSS,3.78,34.1353,-117.4476,5.857,21.15,360,33.9733,-117.3267,20.13,20.2,-0.001949399,-0.011619016,0.0007086,0.00071096,0.16777663,0.16031288,76.34996733,5.179664862,6.061617088,0.087266463,518.0320267,2.741925003,16.39714366,77.70480401,CI,RSS,2.05,382,-0.059316577,0.040539018,0.133163611,-0.099855595,CI.RSS,382,-0.059316577,7.158249855,331.2420044,3.277760029,-0.05931657715641947,382,374.6290317392768,365.03526623978325,377.4097153106527,360.3996776843224
100545,RSN13883,146,13883, RSS,4.17,34.3277,-116.829,4.957,60.43,360,33.9733,-117.3267,19.16,19.22,-0.000816418,-0.00545544,0.000470554,0.000249089,0.149652137,0.165861547,86.16304442,5.179664862,6.015610792,0.06981317,447.2598873,3.277615631,11.59365344,67.0889831,CI,RSS,2.05,350,0.028170877,0.040539018,0.133163611,-0.012368141,CI.RSS,350,0.028170877,7.158249855,331.2420044,3.277760029,0.028170876966696845,350,354.5933039713676,342.90625232799147,354.8103100872962,343.35752367715276
100545,RSN12030,146,12030, RSS,4.37,34.0559,-117.2442,15.833,11.92,360,33.9733,-117.3267,24.6,24.63,-0.001226636,-0.017689204,0.004819569,0.000340156,0.069343769,0.093903052,36.56025077,5.179664862,6.343433553,0.034906585,368.5706049,3.606098378,3.67028753,55.28559074,CI,RSS,2.05,309,0.152762755,0.040539018,0.133163611,0.112223736,CI.RSS,309,0.152762755,7.158249855,331.2420044,3.277760029,0.15276275455240995,309,392.02278484436096,383.0024900591655,414.79911908678486,406.8630073985804
100549,RSN11274,147,11274, SMM,4.39,35.6421,-120.9543,5.902,94.29,225,35.3142,-119.9958,14.0,14.21,0.000735045,0.012688198,0.000170415,5.12e-05,0.057931373,0.164692931,86.98275016,5.179664862,6.063488731,0.034906585,175.6894548,14.35634766,74.45470176,26.35341822,CI,SMM,0.940016,182,0.212093715,-0.180500098,-0.087875505,0.392593813,CI.SMM,182,0.212093715,2.213140011,599.1740112,0.199263006,0.21209371512762498,182,314.2332224508688,316.25255326090075,253.3945985212485,254.30892325325627
100549,RSN9278,147,9278, SMM,5.03,35.3852,-118.6292,7.3,124.47,225,35.3142,-119.9958,13.61,13.96,0.001695014,0.01309028,0.000299458,8.54e-05,0.129486469,0.163487601,87.06790039,5.179664862,6.108664217,0.06981317,393.6910238,19.84793911,43.71324192,59.05365357,CI,SMM,0.940016,323,-0.361551921,-0.180500098,-0.087875505,-0.181051823,CI.SMM,323,-0.361551921,2.213140011,599.1740112,0.199263006,-0.3615519210182363,323,336.22806678406164,337.54946607465826,304.1019786552253,309.33681001594096
100549,RSN13455,147,13455, SMM,3.9,34.4032,-118.651,13.612,159.18,225,35.3142,-119.9958,26.3,26.48,7.17e-05,0.000543624,7.33e-05,7.45e-06,0.131870591,0.158684753,85.43616799,5.179664862,6.281821568,0.06981317,412.9487274,9.624161074,7.416425648,61.94230911,CI,SMM,0.940016,333,-0.392042088,-0.180500098,-0.087875505,-0.21154199,CI.SMM,333,-0.392042088,2.213140011,599.1740112,0.199263006,-0.3920420877760238,333,379.71406044367194,365.4972031447859,334.9260886633603,330.4867529060439
100550,RSN16334,148,16334, LCP,3.74,34.8456,-119.2446,12.927,95.54,259,34.7355,-120.28,22.4,22.56,0.000149974,0.001371996,0.000135852,5.93e-05,0.109310554,0.158213637,82.76878145,5.179664862,6.270295551,0.052359878,343.8785432,2.529072513,10.09919618,51.58178148,CI,LCP,-999.0,294,-0.126751706,-0.453355065,-0.360730472,0.32660336,CI.LCP,294,-0.126751706,13.99709988,229.7550049,7.260879993,-0.12675170563914406,294,342.0215254218036,362.2790846609801,356.9689211838269,369.0797728559528
100550,RSN11929,148,11929, LCP,4.27,34.3874,-119.4398,6.219,86.24,259,34.7355,-120.28,26.3,26.42,0.000965969,0.005449462,0.000579496,0.000161621,0.177259427,0.164270957,86.4447287,5.179664862,6.075787581,0.087266463,533.2819536,5.976754258,9.403795712,79.99229304,CI,LCP,-999.0,388,-0.404177278,-0.453355065,-0.360730472,0.049177788,CI.LCP,388,-0.404177278,13.99709988,229.7550049,7.260879993,-0.40417727792373626,388,381.5498181116947,369.9744286473052,381.0946269282967,364.27407838985897
100550,RSN15065,148,15065, LCP,3.52,34.2871,-119.6948,5.225,73.22,259,34.7355,-120.28,23.4,23.46,0.000267033,0.001047162,0.000381252,0.000105999,0.255005889,0.165509476,86.59451355,5.179664862,6.0312809,0.122173048,752.0985992,2.519203011,2.746640018,112.8147899,CI,LCP,-999.0,478,-0.612782671,-0.453355065,-0.360730472,-0.159427605,CI.LCP,478,-0.612782671,13.99709988,229.7550049,7.260879993,-0.6127826707919191,478,464.36807436751644,444.6476639678835,439.0942079665732,433.796727791365
100550,RSN10081,148,10081, LCP,4.18,34.3617,-118.6637,11.151,154.04,259,34.7355,-120.28,5.81,6.13,0.000177112,0.000660489,3.19e-05,6.15e-05,0.268152776,0.160068177,86.17929531,5.179664862,6.233452986,0.13962634,816.9255485,2.879869919,20.70498433,122.5388323,CI,LCP,-999.0,506,-0.669708608,-0.453355065,-0.360730472,-0.216353542,CI.LCP,506,-0.669708608,13.99709988,229.7550049,7.260879993,-0.6697086075879284,506,525.7777205851168,486.0561949524036,467.90866346844797,462.4942533302297
