SSN,File.name,Code,RSN,SID,Mw,E.Lat,E.Long,E.Dep,EpiD,Vs30_mea,S.Lat,S.Long,p.ver,peak.time,Ur,Uz,max.noise.ver.05,max.noise.rad.05,U.ratio,ray.p,i2.angle,Vp_1,Vp_2,j.angle,Vsz,SNRrad,SNRver,z_0.15,network,station,f0,Vs30_est,Res,y_bar,eta,within_res,station2,Vs30_f0,Res_f0,slope,mean_ele_500m,slope_500m,log_res,P-wave_pred,Set1_pred,Set2_pred,Set3_pred,Set4_pred
3039,RSN16086,8,16086, BBS,3.58,33.827,-117.0296,15.131,11.35,341,33.921,-116.981,16.83,16.89,-0.007772645,-0.085597566,0.003359039,0.000330356,0.090804508,0.097135931,37.89827473,5.179664862,6.323730411,0.052359878,466.1318062,23.52808788,25.48275444,69.91977093,CI,BBS,0.377483,359,-0.051439911,-0.115453137,-0.022828543,0.064013225,CI.BBS,359,-0.051439911,3.129859924,781.7869873,1.160560012,-0.05143991120476166,359,408.0302195089952,421.03187339543047,392.7787987763137,405.3003389574205
3039,RSN15250,8,15250, BBS,3.86,34.1976,-117.3882,14.177,48.52,341,33.921,-116.981,22.42,22.48,0.001507103,0.012208178,0.000734883,0.000138907,0.12345029,0.152987021,74.33853798,5.179664862,6.293825021,0.06981317,401.4013243,10.8497268,16.61241041,60.21019865,CI,BBS,0.377483,327,0.041922306,-0.115453137,-0.022828543,0.157375443,CI.BBS,327,0.041922306,3.129859924,781.7869873,1.160560012,0.041922306386263486,327,331.62935782224366,326.46555783303586,305.99175461988045,312.58719356864617
3039,RSN19359,8,19359, BBS,3.43,34.1381,-117.4717,5.767,51.32,341,33.921,-116.981,25.92,26.03,0.000821836,0.003270244,0.000545698,0.000134952,0.251307356,0.164332033,84.55388179,5.179664862,6.057771424,0.122173048,747.1483026,6.08983935,5.992772559,112.0722454,CI,BBS,0.377483,476,-0.333535377,-0.115453137,-0.022828543,-0.21808224,CI.BBS,476,-0.333535377,3.129859924,781.7869873,1.160560012,-0.3335353769479035,476,426.66050513824916,425.3195115774421,415.3396101778561,420.9156906107458
3039,RSN16243,8,16243, BBS,3.64,33.223,-116.7186,8.687,81.16,341,33.921,-116.981,26.16,26.23,-0.000622381,-0.00308716,0.000141253,0.000218438,0.201603095,0.161690196,84.44239885,5.179664862,6.155594857,0.104719755,614.4818615,2.849234108,21.85553581,92.17227923,CI,BBS,0.377483,421,-0.210750356,-0.115453137,-0.022828543,-0.09529722,CI.BBS,421,-0.210750356,3.129859924,781.7869873,1.160560012,-0.2107503563988642,421,404.1057916372908,382.83574596612937,380.24792247885495,374.02844891664023
3039,RSN16511,8,16511, BBS,3.61,34.2449,-117.4464,12.48,56.0,341,33.921,-116.981,16.7,16.74,-0.000416302,-0.00226758,0.000252515,0.000206404,0.183588682,0.1562011,77.99802483,5.179664862,6.262058538,0.087266463,580.2213898,2.016927967,8.979981387,87.03320847,CI,BBS,0.377483,408,-0.179384697,-0.115453137,-0.022828543,-0.063931561,CI.BBS,408,-0.179384697,3.129859924,781.7869873,1.160560012,-0.17938469712064453,408,399.9381383244788,374.41527997653907,373.5809529389289,362.85881113648276
3039,RSN13775,8,13775, BBS,4.06,34.1614,-116.9872,11.361,26.67,341,33.921,-116.981,15.99,16.04,-0.002676964,-0.031051377,0.001018655,0.000258481,0.08621079,0.148082728,67.48892695,5.179664862,6.238442335,0.034906585,290.1916671,10.35652137,30.48272182,43.52875007,CI,BBS,0.377483,264,0.255933374,-0.115453137,-0.022828543,0.371386511,CI.BBS,264,0.255933374,3.129859924,781.7869873,1.160560012,0.25593337413720096,264,314.959337645231,329.5503065962632,303.90341221011096,315.8047167985689
3039,RSN18058,8,18058, BBS,5.19,36.4034,-117.8499,9.418,286.55,341,33.921,-116.981,11.58,11.7,-0.000304904,-0.001364563,0.000195453,0.000136365,0.223444183,0.161657426,88.3081555,5.179664862,6.183223963,0.104719755,678.2047939,2.235940307,6.981540319,101.7307191,CI,BBS,0.377483,444,-0.263942085,-0.115453137,-0.022828543,-0.148488949,CI.BBS,444,-0.263942085,3.129859924,781.7869873,1.160560012,-0.26394208514870776,444,445.59668503734,407.60554433119006,435.5464770945163,407.676173982684
3039,RSN10908,8,10908, BBS,4.26,33.8776,-116.2019,10.062,72.22,341,33.921,-116.981,26.27,26.35,0.00334383,0.0183787,0.000827985,0.000612502,0.181940494,0.159888388,82.72644798,5.179664862,6.204033973,0.087266463,561.9140435,5.459296459,22.1968997,84.28710653,CI,BBS,0.377483,400,-0.15958207,-0.115453137,-0.022828543,-0.044128933,CI.BBS,400,-0.15958207,3.129859924,781.7869873,1.160560012,-0.15958206982446477,400,386.07563549470274,361.982661974897,365.42181472135053,354.32482188812946
3039,RSN8177,8,8177, BBS,4.92,33.5083,-116.5143,15.2,63.0,341,33.921,-116.981,24.15,24.23,-0.003700095,-0.022031987,0.000858653,0.00019411,0.167941965,0.154094168,77.09990833,5.179664862,6.325747735,0.087266463,539.4546444,19.06184638,25.65877834,80.91819666,CI,BBS,0.377483,391,-0.136825083,-0.115453137,-0.022828543,-0.021371946,CI.BBS,391,-0.136825083,3.129859924,781.7869873,1.160560012,-0.1368250827018489,391,377.8921782838142,359.96414352302054,354.3349782263011,346.6033007965818
3039,RSN16699,8,16699, BBS,3.73,33.5058,-116.7636,16.276,50.27,341,33.921,-116.981,23.35,23.48,-0.001249306,-0.005822795,0.000346509,0.00029685,0.214554387,0.150225553,72.68486601,5.179664862,6.3549922,0.104719755,702.066637,4.208543035,16.8041667,105.3099956,CI,BBS,0.377483,456,-0.290610332,-0.115453137,-0.022828543,-0.175157196,CI.BBS,456,-0.290610332,3.129859924,781.7869873,1.160560012,-0.2906103322308695,456,446.20012806175123,415.5306399363856,419.9434892169654,404.7766506685738
3039,RSN17479,8,17479, BBS,3.62,33.9521,-116.3635,9.067,57.2,341,33.921,-116.981,19.1,19.16,0.001911262,0.012637582,0.000475287,0.000189247,0.151236329,0.160404301,81.80272963,5.179664862,6.170551665,0.06981317,467.2639386,10.0992988,26.58937021,70.08959079,CI,BBS,0.377483,359,-0.051439911,-0.115453137,-0.022828543,0.064013225,CI.BBS,359,-0.051439911,3.129859924,781.7869873,1.160560012,-0.05143991120476166,359,379.8836977748863,352.5124233652309,333.9151526781519,330.2440816487351
3039,RSN15147,8,15147, BBS,3.9,33.867,-117.1038,11.856,12.84,341,33.921,-116.981,17.41,17.5,0.045101032,0.239691391,0.007986142,0.000632484,0.188162922,0.118661457,47.8654059,5.179664862,6.24946745,0.087266463,782.1725661,71.30778328,30.01341461,117.3258849,CI,BBS,0.377483,491,-0.364561651,-0.115453137,-0.022828543,-0.249108514,CI.BBS,491,-0.364561651,3.129859924,781.7869873,1.160560012,-0.3645616505110034,491,457.7231476414962,450.20294813895316,443.6667303006507,443.6607504649157
3039,RSN16577,8,16577, BBS,3.69,33.735,-117.4936,9.693,51.74,341,33.921,-116.981,13.07,13.12,0.000614017,0.002851385,0.000937265,0.000297973,0.215339753,0.159099769,80.13714303,5.179664862,6.192470162,0.104719755,665.2273617,2.060646434,3.042239921,99.78410426,CI,BBS,0.377483,438,-0.250336433,-0.115453137,-0.022828543,-0.134883297,CI.BBS,438,-0.250336433,3.129859924,781.7869873,1.160560012,-0.2503364330929294,438,406.11407553908015,389.73321432707087,390.3076637247947,383.936269364814
3039,RSN14982,8,14982, BBS,3.74,34.1651,-117.4332,7.875,49.77,341,33.921,-116.981,21.65,21.71,0.000872126,0.006100136,0.00052289,0.000196546,0.142968276,0.161694105,81.84900965,5.179664862,6.12204057,0.06981317,438.7142211,4.437261506,11.66619365,65.80713317,CI,BBS,0.377483,346,-0.014556298,-0.115453137,-0.022828543,0.100896839,CI.BBS,346,-0.014556298,3.129859924,781.7869873,1.160560012,-0.01455629777420775,346,365.54879737100265,347.6588944499761,325.1495785769812,322.248193350152
3039,RSN13815,8,13815, BBS,4.17,34.3277,-116.829,4.957,47.24,341,33.921,-116.981,21.4,21.52,-0.004108067,-0.02381155,0.000200358,0.000172586,0.172524131,0.165595178,84.97471681,5.179664862,6.015610792,0.087266463,515.2962416,23.80301415,118.8450174,77.29443624,CI,BBS,0.377483,380,-0.108288775,-0.115453137,-0.022828543,0.007164361,CI.BBS,380,-0.108288775,3.129859924,781.7869873,1.160560012,-0.10828877543691462,380,367.65672443540154,356.54300482067606,348.9812483731192,346.43185127458077
3039,RSN12730,8,12730, BBS,4.26,33.9538,-116.3912,7.696,54.65,341,33.921,-116.981,22.9,22.95,0.004516857,0.027069604,0.005790719,0.001022789,0.166860859,0.162159941,82.79942227,5.179664862,6.118116656,0.087266463,509.4115666,4.416215857,4.674653355,76.41173499,CI,BBS,0.377483,378,-0.103011718,-0.115453137,-0.022828543,0.012441418,CI.BBS,378,-0.103011718,3.129859924,781.7869873,1.160560012,-0.10301171833607103,378,359.35342091982596,349.17545646966005,346.22445420324306,340.0659401905447
3039,RSN10397,8,10397, BBS,4.45,34.1081,-117.3062,14.795,36.51,341,33.921,-116.981,18.42,18.52,0.029182618,0.202208245,0.00103687,0.000113556,0.144319624,0.147354638,68.48847488,5.179664862,6.313637877,0.06981317,485.8650155,256.9887809,195.0179338,72.87975233,CI,BBS,0.377483,368,-0.076200461,-0.115453137,-0.022828543,0.039252676,CI.BBS,368,-0.076200461,3.129859924,781.7869873,1.160560012,-0.07620046088541432,368,353.82898677791076,350.5252622756611,338.8211762861376,336.83615326097214
3039,RSN9320,8,9320, BBS,4.88,34.0655,-117.0011,17.501,16.13,341,33.921,-116.981,15.0,15.07,-0.003975128,-0.04803923,0.00118358,0.000844664,0.082747542,0.105366584,42.27196068,5.179664862,6.383907006,0.034906585,391.5667346,4.706164818,40.58807178,58.73501019,CI,BBS,0.377483,322,0.057330932,-0.115453137,-0.022828543,0.172784068,CI.BBS,322,0.057330932,3.129859924,781.7869873,1.160560012,0.057330931739108415,322,400.0069409507299,403.5110839743559,381.3895075080581,387.94531971730754
3039,RSN8983,8,8983, BBS,5.2,33.5328,-116.5697,15.48,57.51,341,33.921,-116.981,18.82,18.95,-0.006704236,-0.03398514,9.24e-05,0.000441042,0.197269636,0.152857087,75.50247877,5.179664862,6.333749326,0.104719755,636.5437375,15.2009015,367.8045455,95.48156063,CI,BBS,0.377483,428,-0.227240718,-0.115453137,-0.022828543,-0.111787582,CI.BBS,428,-0.227240718,3.129859924,781.7869873,1.160560012,-0.22724071829827963,428,404.6969159107514,387.27559637033914,381.5276849553214,377.5187601371144
3039,RSN8764,8,8764, BBS,5.39,33.9465,-117.7667,14.89,72.7,341,33.921,-116.981,27.25,27.35,0.010280593,0.05601769,0.009086797,0.00116139,0.183524047,0.155369304,78.9308112,5.179664862,6.31653763,0.087266463,583.1289726,8.851973067,6.164734394,87.46934589,CI,BBS,0.377483,409,-0.181832679,-0.115453137,-0.022828543,-0.066379542,CI.BBS,409,-0.181832679,3.129859924,781.7869873,1.160560012,-0.18183267875928522,409,391.61407034603116,371.69208573657187,365.9216251210937,361.7606914228016
3039,RSN11346,8,11346, BBS,4.73,33.7328,-117.4921,10.018,51.71,341,33.921,-116.981,19.0,19.09,0.002023055,0.00785909,0.001937239,0.000338199,0.257415895,0.158660113,79.77604838,5.179664862,6.202702587,0.122173048,791.5299085,5.981847965,4.056851013,118.7294863,CI,BBS,0.377483,495,-0.372675285,-0.115453137,-0.022828543,-0.257222149,CI.BBS,495,-0.372675285,3.129859924,781.7869873,1.160560012,-0.37267528528517335,495,460.06751514621936,426.8583188492398,439.1567770157555,428.07279536303935
3039,RSN17237,8,17237, BBS,3.53,34.2894,-116.8271,6.278,43.26,341,33.921,-116.981,20.85,20.92,-0.001183659,-0.010261277,0.000721597,0.000186572,0.115351989,0.163246057,82.8373772,5.179664862,6.07791863,0.052359878,351.4626999,6.344247797,14.22023235,52.71940499,CI,BBS,0.377483,299,0.131438904,-0.115453137,-0.022828543,0.24689204,CI.BBS,299,0.131438904,3.129859924,781.7869873,1.160560012,0.13143890389283008,299,376.4500721628135,353.62174972131936,306.0082669621952,319.0500695593741
3039,RSN12592,8,12592, BBS,4.11,33.5089,-116.8485,12.274,47.33,341,33.921,-116.981,15.01,15.06,-0.001963953,-0.01064954,0.000869111,0.000273715,0.184416673,0.155200871,76.22899929,5.179664862,6.258050482,0.087266463,586.5087621,7.175174908,12.25337155,87.97631432,CI,BBS,0.377483,410,-0.184274682,-0.115453137,-0.022828543,-0.068821546,CI.BBS,410,-0.184274682,3.129859924,781.7869873,1.160560012,-0.1842746824148369,410,401.94390925829157,378.214488177293,375.4240928420998,366.31049756283113
3039,RSN15383,8,15383, BBS,3.99,34.0514,-117.2429,14.998,28.19,341,33.921,-116.981,22.38,22.42,0.001031329,0.009035383,0.000949184,0.000260281,0.114143351,0.140476419,62.5957695,5.179664862,6.319789549,0.052359878,404.2064804,3.962367595,9.519105885,60.63097206,CI,BBS,0.377483,329,0.035824727,-0.115453137,-0.022828543,0.151277863,CI.BBS,329,0.035824727,3.129859924,781.7869873,1.160560012,0.035824726518145056,329,330.65507904621256,343.4834625496458,316.1663598903977,331.1739282119229
3039,RSN16811,8,16811, BBS,3.49,34.309,-116.9297,9.684,43.3,341,33.921,-116.981,11.5,11.54,-0.003394256,-0.031197516,0.003237696,0.00053623,0.108798904,0.158149011,78.31802904,5.179664862,6.192176404,0.052359878,342.4276385,6.329850997,9.635715027,51.36414578,CI,BBS,0.377483,293,0.151709868,-0.115453137,-0.022828543,0.267163005,CI.BBS,293,0.151709868,3.129859924,781.7869873,1.160560012,0.15170986826644928,293,313.95292850523197,325.01552543981194,288.3448730494241,302.4243379794749
3040,RSN15554,9,15554, BC3,4.06,32.6823,-116.088,9.762,123.02,763,33.655,-115.454,28.26,28.35,0.000146056,0.000289651,6.57e-05,6.11e-05,0.504247262,0.161006654,85.85825716,5.179664862,6.194703173,0.226892803,1435.428096,2.390441899,4.40869102,215.3142144,CI,BC3,-999.0,748,0.019855053,-0.025573256,0.067051337,0.045428309,CI.BC3,748,0.019855053,15.84070015,1060.959961,9.405750275,0.019855053309979276,748,784.775749360301,785.6902771407259,715.6311184493998,785.7271776446028
3040,RSN14284,9,14284, BC3,4.19,33.4453,-116.439,8.875,94.39,763,33.655,-115.454,14.8,14.87,0.001769217,0.002475585,0.000817163,0.000357958,0.714666327,0.16167568,85.15988751,5.179664862,6.16316588,0.314159265,1889.96605,4.942526777,3.029487385,283.4949075,CI,BC3,-999.0,814,-0.064702335,-0.025573256,0.067051337,-0.039129079,CI.BC3,814,-0.064702335,15.84070015,1060.959961,9.405750275,-0.06470233471808307,814,685.7468812358528,815.2607624057805,686.9429639667491,807.4215976342123
3040,RSN10909,9,10909, BC3,4.26,33.8776,-116.2019,10.062,73.55,763,33.655,-115.454,23.0,23.08,0.003483602,0.008826659,0.000996026,0.000142921,0.39466821,0.159923748,82.82640983,5.179664862,6.204033973,0.191986218,1169.133769,24.37431868,8.861876096,175.3700654,CI,BC3,-999.0,650,0.160285668,-0.025573256,0.067051337,0.185858924,CI.BC3,650,0.160285668,15.84070015,1060.959961,9.405750275,0.1602856683947742,650,587.0097989700677,664.750070655111,574.9036727628718,676.2514198684381
3040,RSN11707,9,11707, BC3,4.5,34.3365,-116.8617,8.94,150.43,763,33.655,-115.454,15.88,16.18,0.000606897,0.001008103,2.83e-05,4.31e-06,0.602018592,0.161957683,86.94967379,5.179664862,6.165704274,0.27925268,1655.48309,140.8113689,35.62201413,248.3224635,CI,BC3,-999.0,735,0.037387532,-0.025573256,0.067051337,0.062960788,CI.BC3,735,0.037387532,15.84070015,1060.959961,9.405750275,0.03738753207162038,735,968.866652978886,805.5161763141195,836.5559858695115,805.8837858446675
3040,RSN11564,9,11564, BC3,4.51,32.8882,-115.5018,9.4,85.16,763,33.655,-115.454,22.53,22.58,5.5e-05,0.000137829,5.11e-05,2.55e-05,0.398730589,0.160922269,84.22106746,5.179664862,6.182598645,0.191986218,1172.255579,2.156862745,2.697240705,175.8383369,CI,BC3,-999.0,651,0.158748389,-0.025573256,0.067051337,0.184321645,CI.BC3,651,0.158748389,15.84070015,1060.959961,9.405750275,0.15874838907588806,651,618.6953451679876,673.5678710413542,590.075387085155,677.5205296373126
3040,RSN14215,9,14215, BC3,3.94,32.7219,-116.8133,20.237,163.64,763,33.655,-115.454,20.58,20.65,-9.53e-05,-0.000110915,2.54e-05,2.17e-05,0.859483165,0.154185737,83.22801441,5.179664862,6.440435438,0.34906585,2251.28699,4.391705069,4.366732283,337.6930485,CI,BC3,-999.0,931,-0.199001246,-0.025573256,0.067051337,-0.17342799,CI.BC3,931,-0.199001246,15.84070015,1060.959961,9.405750275,-0.19900124599261027,931,787.2912331302896,953.8578323210924,860.3155290720856,952.942068819447
3040,RSN16933,9,16933, BC3,3.63,34.1242,-116.405,9.555,102.21,763,33.655,-115.454,14.03,14.15,0.000259206,0.000510766,2.4e-05,2.48e-05,0.507484945,0.161029059,85.15843398,5.179664862,6.187901101,0.226892803,1442.651928,10.45185484,21.28191667,216.3977892,CI,BC3,-999.0,750,0.017184825,-0.025573256,0.067051337,0.042758081,CI.BC3,750,0.017184825,15.84070015,1060.959961,9.405750275,0.01718482475410088,750,691.386640382469,776.7717527944086,667.1588984146566,773.5368296521506
3040,RSN9321,9,9321, BC3,4.88,34.0655,-117.0011,17.501,150.23,763,33.655,-115.454,16.48,16.54,0.001003995,0.001976442,0.000510922,0.000415282,0.507980667,0.155692057,83.68053179,5.179664862,6.383907006,0.226892803,1493.278134,2.417622242,3.868383041,223.9917201,CI,BC3,-999.0,768,-0.006531702,-0.025573256,0.067051337,0.019041554,CI.BC3,768,-0.006531702,15.84070015,1060.959961,9.405750275,-0.006531701863215389,768,989.7193314361883,824.1763016025337,835.3537468696238,825.6682560390386
3040,RSN15727,9,15727, BC3,3.81,32.9942,-116.2977,5.726,107.43,763,33.655,-115.454,17.9,18.02,6.95e-05,8.08e-05,8.23e-06,9.96e-06,0.860438609,0.164962366,87.4471637,5.179664862,6.055972626,0.34906585,2105.645241,6.977911647,9.817739976,315.8467862,CI,BC3,-999.0,885,-0.148329614,-0.025573256,0.067051337,-0.122756358,CI.BC3,885,-0.148329614,15.84070015,1060.959961,9.405750275,-0.14832961372347242,885,745.4403150542687,870.6632876186604,795.1268383507281,867.777337546286
3040,RSN16745,9,16745, BC3,3.72,33.1099,-116.0467,7.494,81.83,763,33.655,-115.454,28.62,28.68,0.000501853,0.000781654,5.08e-05,3.23e-05,0.64204007,0.163037874,85.3591906,5.179664862,6.113435346,0.27925268,1724.49717,15.53724458,15.38688976,258.6745755,CI,BC3,-999.0,759,0.005256254,-0.025573256,0.067051337,0.03082951,CI.BC3,759,0.005256254,15.84070015,1060.959961,9.405750275,0.005256253888826556,759,655.6670247043307,766.9777699849159,642.1572030305946,767.7353409434797
3040,RSN16244,9,16244, BC3,3.64,33.223,-116.7186,8.687,126.98,763,33.655,-115.454,30.65,30.7,0.000168385,0.000218223,8.4e-05,4.49e-05,0.771618832,0.162147524,86.48097032,5.179664862,6.155594857,0.331612558,1991.606085,3.750222717,2.597892857,298.7409128,CI,BC3,-999.0,847,-0.104442663,-0.025573256,0.067051337,-0.078869407,CI.BC3,847,-0.104442663,15.84070015,1060.959961,9.405750275,-0.10444266336759789,847,792.9835569658417,885.9880952952291,783.913845558498,857.1529143957448
3040,RSN18059,9,18059, BC3,5.19,36.4034,-117.8499,9.418,375.2,763,33.655,-115.454,9.46,9.63,-8.39e-05,-0.000111328,1.3e-05,2e-05,0.753378047,0.161686977,88.71060308,5.179664862,6.183223963,0.314159265,1958.40446,4.195,8.563692308,293.760669,CI,BC3,-999.0,837,-0.092566039,-0.025573256,0.067051337,-0.066992783,CI.BC3,837,-0.092566039,15.84070015,1060.959961,9.405750275,-0.09256603920501849,837,701.9651746154252,821.0077833238851,737.2807379929664,840.7223095576287
3040,RSN15384,9,15384, BC3,3.99,34.0514,-117.2429,14.998,171.29,763,33.655,-115.454,25.11,25.15,2.69e-05,4.67e-05,2.29e-05,1.09e-05,0.576072859,0.157699414,85.29281728,5.179664862,6.319789549,0.261799388,1638.442322,2.467889908,2.03930131,245.7663483,CI,BC3,-999.0,729,0.045584299,-0.025573256,0.067051337,0.071157555,CI.BC3,729,0.045584299,15.84070015,1060.959961,9.405750275,0.045584299275798656,729,773.9336417539678,771.2379596795229,735.6731970655435,785.0173710932522
3040,RSN17646,9,17646, BC3,3.47,33.8029,-116.1786,7.366,69.13,763,33.655,-115.454,19.06,19.15,0.000636366,0.001196984,5.08e-05,3.81e-05,0.531641325,0.1629238,84.57233999,5.179664862,6.110319177,0.244346095,1484.727227,16.70251969,23.56267717,222.7090841,CI,BC3,-999.0,765,-0.002617803,-0.025573256,0.067051337,0.022955454,CI.BC3,765,-0.002617803,15.84070015,1060.959961,9.405750275,-0.002617802542078884,765,695.4426995773234,782.4190132970864,660.1662240780925,782.0027402072352
3040,RSN13816,9,13816, BC3,4.17,34.3277,-116.829,4.957,147.34,763,33.655,-115.454,21.4,21.6,0.001014807,0.001311335,0.000349507,0.000135788,0.773873152,0.166172294,88.43680591,5.179664862,6.015610792,0.331612558,1947.081467,7.473465991,3.751956327,292.0622201,CI,BC3,-999.0,833,-0.087775611,-0.025573256,0.067051337,-0.062202355,CI.BC3,833,-0.087775611,15.84070015,1060.959961,9.405750275,-0.08777561088238617,833,888.3330409900797,867.6889292150532,845.2444200340744,869.9586350375308
3040,RSN13207,9,13207, BC3,4.19,34.3571,-116.8418,9.486,150.01,763,33.655,-115.454,15.95,16.11,0.000234451,0.000568559,7.52e-05,3.37e-05,0.412360056,0.161401663,86.71837699,5.179664862,6.185563454,0.191986218,1203.190041,6.957002967,7.560625,180.4785062,CI,BC3,-999.0,663,0.140483041,-0.025573256,0.067051337,0.166056297,CI.BC3,663,0.140483041,15.84070015,1060.959961,9.405750275,0.14048304109859444,663,725.7639147355178,711.9086609759828,703.1630333199018,723.4673995387203
3040,RSN16789,9,16789, BC3,3.87,34.1402,-116.7627,11.324,132.48,763,33.655,-115.454,16.62,16.68,-3.28e-05,-9.49e-05,2.72e-05,5.54e-06,0.345412002,0.159823098,85.49388132,5.179664862,6.237577418,0.174532925,1036.99643,5.920577617,3.488970588,155.5494645,CI,BC3,-999.0,614,0.217263103,-0.025573256,0.067051337,0.242836359,CI.BC3,614,0.217263103,15.84070015,1060.959961,9.405750275,0.21726310313731467,614,575.0197939714261,646.7694678763604,589.1101298648861,655.6779450631317
3040,RSN13108,9,13108, BC3,4.06,33.2394,-116.2082,10.532,83.92,763,33.655,-115.454,12.0,12.08,0.000528801,0.000637207,0.000136817,7.97e-05,0.829873775,0.159760041,83.36947345,5.179664862,6.217520851,0.34906585,2126.14371,6.63489335,4.65736714,318.9215565,CI,BC3,-999.0,891,-0.155086396,-0.025573256,0.067051337,-0.12951314,CI.BC3,891,-0.155086396,15.84070015,1060.959961,9.405750275,-0.155086396186352,891,711.4931514250547,864.9130230714437,762.1829824631499,862.6496342839771
3040,RSN11287,9,11287, BC3,4.78,34.1228,-116.9226,5.969,145.43,763,33.655,-115.454,16.99,17.18,0.000998119,0.001732632,1.44e-05,2.78e-05,0.576071109,0.16474939,88.02368189,5.179664862,6.066214653,0.261799388,1568.32625,35.90356115,120.3216667,235.2489375,CI,BC3,-999.0,747,0.021192846,-0.025573256,0.067051337,0.046766102,CI.BC3,747,0.021192846,15.84070015,1060.959961,9.405750275,0.02119284615163952,747,896.1824130836443,808.5355179373463,824.4542906383556,818.1689622352523
3040,RSN17832,9,17832, BC3,3.14,33.0622,-115.8937,7.729,77.44,763,33.655,-115.454,26.56,26.63,-0.000109554,-0.000163927,1.51e-05,2.13e-05,0.668311235,0.162792421,84.94025583,5.179664862,6.11885537,0.296705973,1784.253296,5.143380282,10.85609272,267.6379944,CI,BC3,-999.0,779,-0.020753015,-0.025573256,0.067051337,0.004820242,CI.BC3,779,-0.020753015,15.84070015,1060.959961,9.405750275,-0.020753014586291307,779,658.2192381759924,784.2092108367857,647.0778735489229,777.7693367284182
3040,RSN9458,9,9458, BC3,4.93,34.0669,-116.3681,2.241,96.14,763,33.655,-115.454,44.26,44.38,0.000864465,0.001580211,0.000256,0.0002561,0.547056811,0.168391512,89.24361775,5.179664862,5.93802414,0.244346095,1469.164891,3.375497852,6.172699219,220.3747337,CI,BC3,-999.0,760,0.003939598,-0.025573256,0.067051337,0.029512854,CI.BC3,760,0.003939598,15.84070015,1060.959961,9.405750275,0.003939598004079947,760,682.7054839598595,778.7557493459041,674.5186723025959,783.3298351377314
3040,RSN12829,9,12829, BC3,4.02,33.7129,-116.0516,12.808,55.78,763,33.655,-115.454,23.2,23.3,0.003387715,0.005180392,0.000656674,0.000285111,0.653949632,0.155853834,77.66546941,5.179664862,6.268161535,0.296705973,1834.961991,11.88209154,7.888833729,275.2442987,CI,BC3,-999.0,796,-0.042341155,-0.025573256,0.067051337,-0.016767898,CI.BC3,796,-0.042341155,15.84070015,1060.959961,9.405750275,-0.04234115455992615,796,621.9253328218949,789.4243789524292,626.830937804597,782.3374839922537
3040,RSN10324,9,10324, BC3,4.63,32.3362,-115.2425,17.16,147.59,763,33.655,-115.454,20.35,20.43,-0.000300046,-0.00039755,0.000123722,8.23e-05,0.75473687,0.155879486,83.68392989,5.179664862,6.37627289,0.331612558,2041.709203,3.645759417,3.213252291,306.2563805,CI,BC3,-999.0,864,-0.124314738,-0.025573256,0.067051337,-0.098741481,CI.BC3,864,-0.124314738,15.84070015,1060.959961,9.405750275,-0.12431473751959832,864,878.4867674025476,896.1998884846975,816.5123167352776,886.3934171154087
3040,RSN9859,9,9859, BC3,4.59,34.9977,-119.1926,10.662,374.92,763,33.655,-115.454,8.6,8.83,0.000150555,0.000238498,8.23e-06,1.3e-05,0.631263777,0.160691204,88.51617144,5.179664862,6.221029194,0.27925268,1728.198031,11.58115385,28.97910085,259.2297047,CI,BC3,-999.0,760,0.003939598,-0.025573256,0.067051337,0.029512854,CI.BC3,760,0.003939598,15.84070015,1060.959961,9.405750275,0.003939598004079947,760,646.6329167130609,746.3173167187773,664.2411986895543,775.6050530166272
3040,RSN8984,9,8984, BC3,5.2,33.5328,-116.5697,15.48,104.44,763,33.655,-115.454,21.58,21.76,0.006701273,0.008188704,0.000459619,0.000192217,0.81835578,0.156346948,81.99765764,5.179664862,6.333749326,0.34906585,2153.582127,34.86306102,17.81628697,323.0373191,CI,BC3,-999.0,900,-0.165136732,-0.025573256,0.067051337,-0.139563476,CI.BC3,900,-0.165136732,15.84070015,1060.959961,9.405750275,-0.16513673203985402,900,689.2918505080843,844.8990587432555,715.2674465992347,847.0287099548797
3040,RSN13486,9,13486, BC3,4.29,33.2262,-116.1472,10.889,80.1,763,33.655,-115.454,12.67,12.87,0.004365187,0.004065665,4.3e-05,5.73e-05,1.073671257,0.15931714,82.77447261,5.179664862,6.226943092,0.41887902,2509.405157,76.181274,94.55034884,376.4107736,CI,BC3,-999.0,1012,-0.282425819,-0.025573256,0.067051337,-0.256852562,CI.BC3,1012,-0.282425819,15.84070015,1060.959961,9.405750275,-0.28242581856295423,1012,609.4444846194725,932.930828763358,833.0357073618593,945.6539238946751
3049,RSN10923,13,10923, CHN,4.26,33.8776,-116.2019,10.062,137.32,292,33.999,-117.68,23.65,23.78,0.000995667,0.004435454,0.000357844,0.000167361,0.224479175,0.160828815,86.1878825,5.179664862,6.204033973,0.104719755,684.7073971,5.94921756,12.39493746,102.7061096,CI,CHN,-999.0,447,-0.425804792,-0.152837688,-0.060213095,-0.272967104,CI.CHN,447,-0.425804792,1.372529984,207.397995,1.463750005,-0.42580479234528745,447,476.0097334451468,442.602342924724,438.9661565699085,431.01425963340506
3049,RSN15934,13,15934, CHN,3.64,33.8726,-117.7125,2.161,14.34,292,33.999,-117.68,19.2,19.36,-0.005522224,-0.029649712,0.000432142,0.000238881,0.186248827,0.167623489,84.47383318,5.179664862,5.93802414,0.087266463,548.2590954,23.11704991,68.61103989,82.23886431,CI,CHN,-999.0,395,-0.302131963,-0.152837688,-0.060213095,-0.149294274,CI.CHN,395,-0.302131963,1.372529984,207.397995,1.463750005,-0.30213196263284026,395,378.50049846511183,396.1487041467876,362.78338753371776,380.9574376555212
3049,RSN19315,13,19315, CHN,3.64,33.938,-117.7504,13.632,9.39,292,33.999,-117.68,17.6,17.65,0.001891337,0.064357365,0.00075005,0.000569462,0.029388047,0.092366927,35.46896961,5.179664862,6.282139913,0.017453293,159.0387332,3.3212699,85.80409973,23.85580998,CI,CHN,-999.0,169,0.546855087,-0.152837688,-0.060213095,0.699692776,CI.CHN,169,0.546855087,1.372529984,207.397995,1.463750005,0.5468550873452083,169,241.36886173585305,234.41900912625852,224.212853253553,219.1191783800579
3049,RSN8190,13,8190, CHN,4.92,33.5083,-116.5143,15.2,120.79,292,33.999,-117.68,22.09,22.36,0.005982073,0.027227742,0.000841978,0.000285049,0.21970508,0.156970469,83.19520098,5.179664862,6.325747735,0.104719755,687.3031976,20.98612168,32.33783068,103.0954796,CI,CHN,-999.0,449,-0.430269085,-0.152837688,-0.060213095,-0.277431397,CI.CHN,449,-0.430269085,1.372529984,207.397995,1.463750005,-0.4302690854739728,449,430.717260885746,433.1729270422139,412.35448170951474,422.0664192030286
3052,RSN12837,14,12837, CTC,4.02,33.7129,-116.0516,12.808,8.59,370,33.655,-115.99,17.38,17.44,0.035397879,0.455062759,0.004410929,0.00011023,0.077786807,0.089483615,34.11790609,5.179664862,6.268161535,0.034906585,433.5982228,321.1274517,103.1671013,65.03973342,CI,CTC,1.499275,344,0.072861348,0.249469929,0.342094522,-0.176608581,CI.CTC,344,0.072861348,9.389570236,511.5859985,8.461239815,0.07286134826487167,344,441.86415794426836,397.1634524219149,521.7511451257739,465.0425222797038
3052,RSN10926,14,10926, CTC,4.26,33.8776,-116.2019,10.062,31.54,370,33.655,-115.99,19.59,19.65,0.001414951,0.013526694,0.000779969,5.32e-05,0.104604377,0.154299616,73.19218345,5.179664862,6.204033973,0.052359878,337.5883214,26.59682331,17.34260464,50.63824821,CI,CTC,1.499275,290,0.243622083,0.249469929,0.342094522,-0.005847846,CI.CTC,290,0.243622083,9.389570236,511.5859985,8.461239815,0.2436220826577502,290,311.61930059087155,301.55887090558184,341.5270132402241,357.8387656984292
3052,RSN15210,14,15210, CTC,3.9,33.867,-117.1038,11.856,105.83,370,33.655,-115.99,23.4,23.49,0.000250775,0.002533943,0.00028321,5.76e-05,0.098966322,0.159148928,84.04078373,5.179664862,6.24946745,0.052359878,309.8362271,4.353732639,8.947222909,46.47543407,CI,CTC,1.499275,275,0.296731908,0.249469929,0.342094522,0.047261979,CI.CTC,275,0.296731908,9.389570236,511.5859985,8.461239815,0.29673190797169813,275,300.6955204666674,301.7145887716006,334.6656139999971,353.9783943342204
3052,RSN16250,14,16250, CTC,3.64,33.223,-116.7186,8.687,82.98,370,33.655,-115.99,27.5,27.56,5.07e-05,0.000469873,6.52e-05,1.58e-05,0.107804845,0.161727192,84.57879578,5.179664862,6.155594857,0.052359878,331.8272724,3.208860759,7.206641104,49.77409086,CI,CTC,1.499275,287,0.25402079,0.249469929,0.342094522,0.004550861,CI.CTC,287,0.25402079,9.389570236,511.5859985,8.461239815,0.2540207898786484,287,324.16471109058074,315.1679560845464,346.2338202994503,362.9900870526054
3052,RSN8196,14,8196, CTC,4.92,33.5083,-116.5143,15.2,51.24,370,33.655,-115.99,21.82,21.89,0.00828244,0.099268432,0.002765809,7.99e-05,0.08343478,0.152070298,74.14545357,5.179664862,6.325747735,0.034906585,273.5468642,103.6600751,35.89128244,41.03202963,CI,CTC,1.499275,253,0.380113517,0.249469929,0.342094522,0.130643588,CI.CTC,253,0.380113517,9.389570236,511.5859985,8.461239815,0.38011351691074946,253,341.79537176325675,289.4679289110961,377.75828313540296,337.1136010816098
3063,RSN15410,20,15410, JEM,3.99,34.0514,-117.2429,14.998,123.17,501,33.081,-116.598,21.46,21.55,0.000418924,0.000370539,3.42e-05,2.98e-05,1.130581979,0.15720174,83.45463629,5.179664862,6.319789549,0.41887902,2610.485715,14.05785235,10.83447368,391.5728573,CI,JEM,-999.0,1044,-0.734208667,-0.674489071,-0.581864478,-0.059719596,CI.JEM,1044,-0.734208667,20.58799934,1314.609985,6.39854002,-0.7342086673577191,1044,656.4722480679748,702.544267985043,823.7731215331974,745.9384030097727
3063,RSN12612,20,12612, JEM,4.11,33.5089,-116.8485,12.274,52.88,501,33.081,-116.598,13.93,14.01,-0.00232323,-0.002130054,5.47e-05,5.08e-05,1.090690348,0.156027348,77.53472891,5.179664862,6.258050482,0.41887902,2583.053669,45.73287402,38.94065814,387.4580504,CI,JEM,-999.0,1035,-0.725550605,-0.674489071,-0.581864478,-0.051061534,CI.JEM,1035,-0.725550605,20.58799934,1314.609985,6.39854002,-0.7255506046146047,1035,648.1643195570217,705.1093154814155,796.4933588633708,745.4243515269924
3063,RSN9491,20,9491, JEM,4.7,33.9275,-118.3536,11.588,188.21,501,33.081,-116.598,14.2,14.42,0.001671329,0.001225986,7.52e-05,9.66e-05,1.363252569,0.159907343,86.75935464,5.179664862,6.243621422,0.471238898,2827.736451,17.30154244,16.30300532,424.1604677,CI,JEM,-999.0,1110,-0.795509193,-0.674489071,-0.581864478,-0.121020122,CI.JEM,1110,-0.795509193,20.58799934,1314.609985,6.39854002,-0.7955091932215153,1110,683.2301353513213,758.0904589973517,867.3952883211306,796.8974080882331
3063,RSN10354,20,10354, JEM,4.63,32.3362,-115.2425,17.16,151.57,501,33.081,-116.598,22.65,22.75,-5.57e-05,-8.78e-05,2.24e-05,1.22e-05,0.634662654,0.155929148,83.8510507,5.179664862,6.37627289,0.27925268,1787.989578,4.56557377,3.919642857,268.1984367,CI,JEM,-999.0,780,-0.442687819,-0.674489071,-0.581864478,0.231801252,CI.JEM,780,-0.442687819,20.58799934,1314.609985,6.39854002,-0.44268781859877304,780,924.9237885418052,642.3484407771394,828.2940627740956,648.0864721851175
3082,RSN14517,27,14517, RXH,4.01,33.2617,-116.0659,5.761,42.2,309,33.183,-115.623,20.3,20.43,0.000677085,0.00305885,0.000302922,0.000242409,0.221352841,0.163927241,83.21230329,5.179664862,6.057510055,0.104719755,662.8442834,2.793151244,10.09781396,99.42664251,CI,RXH,4.186403333,437,-0.346591918,-0.407405332,-0.314780739,0.060813414,CI.RXH,437,-0.346591918,0.0,-70.9733963,0.0122753,-0.3465919181978441,437,410.38236770588713,455.08390040151255,387.6189748063991,413.0252663371022
3082,RSN9085,27,9085, RXH,5.2,33.5328,-116.5697,15.48,96.28,309,33.183,-115.623,12.58,12.78,-0.012905,-0.043378445,0.000213116,0.000286978,0.297497988,0.156081717,81.33361914,5.179664862,6.333749326,0.13962634,922.4833249,44.96860387,203.5438212,138.3724987,CI,RXH,4.186403333,559,-0.592808196,-0.407405332,-0.314780739,-0.185402864,CI.RXH,559,-0.592808196,0.0,-70.9733963,0.0122753,-0.5928081962573533,559,505.51614892613316,539.6813805624583,475.71859973649964,506.4466039171083
3082,RSN16777,27,16777, RXH,3.72,33.1099,-116.0467,7.494,40.35,309,33.183,-115.623,13.45,13.54,0.00218657,0.011382116,0.001006174,0.000662202,0.192105745,0.161352573,80.54625451,5.179664862,6.113435346,0.087266463,586.8559378,3.301968282,11.31227402,88.02839067,CI,RXH,4.186403333,410,-0.282815883,-0.407405332,-0.314780739,0.12458945,CI.RXH,410,-0.282815883,0.0,-70.9733963,0.0122753,-0.282815882800608,410,389.6052756066409,416.96023130052066,367.98018147169796,383.3612682713783
3088,RSN16968,30,16968, SLR,3.63,34.1242,-116.405,9.555,48.46,499,33.834,-116.797,13.85,13.9,0.001075287,0.003165633,5.62e-05,1.05e-05,0.33967532,0.158993285,79.68388983,5.179664862,6.187901101,0.157079633,1024.167659,102.4082857,56.32798932,153.6251489,CI,SLR,-999.0,610,-0.200852861,-0.371471551,-0.278846958,0.170618689,CI.SLR,610,-0.200852861,12.81680012,1560.819946,7.582159996,-0.20085286141583847,610,530.3693549859347,501.4595686798925,558.8628547742233,513.2972685778633
3088,RSN15306,30,15306, SLR,3.86,34.1976,-117.3882,14.177,67.89,499,33.834,-116.797,19.66,19.74,0.001727035,0.004431614,0.000134679,2.39e-05,0.389707943,0.155810868,78.70926757,5.179664862,6.293825021,0.191986218,1186.853439,72.26087866,32.90501117,178.0280159,CI,SLR,-999.0,657,-0.275077923,-0.371471551,-0.278846958,0.096393628,CI.SLR,657,-0.275077923,12.81680012,1560.819946,7.582159996,-0.2750779227330913,657,571.6771690493721,517.6023224934036,599.6439217371712,532.012453095697
3088,RSN11462,30,11462, SLR,4.73,33.7328,-117.4921,10.018,65.35,499,33.834,-116.797,18.15,18.33,0.003220704,0.005755018,2.89e-05,4.37e-05,0.559633938,0.159643014,81.97946981,5.179664862,6.202702587,0.261799388,1582.860603,73.70032037,199.1355709,237.4290905,CI,SLR,-999.0,733,-0.384539606,-0.371471551,-0.278846958,-0.013068055,CI.SLR,733,-0.384539606,12.81680012,1560.819946,7.582159996,-0.3845396061351325,733,658.0463670095469,560.3394265527718,671.8691109013522,582.665929835398
3088,RSN18341,30,18341, SLR,3.05,33.5043,-116.561,11.461,42.62,499,33.834,-116.797,14.37,14.43,-0.001275146,-0.002577898,0.000195539,7.67e-05,0.494645735,0.15526303,75.68657561,5.179664862,6.240750508,0.226892803,1465.538262,16.62511082,13.18354906,219.8307393,CI,SLR,-999.0,758,-0.41807729,-0.371471551,-0.278846958,-0.046605739,CI.SLR,758,-0.41807729,12.81680012,1560.819946,7.582159996,-0.4180772898908529,758,647.8650252044077,584.800489720122,681.9912202628498,607.7130651717929
3088,RSN15918,30,15918, SLR,3.96,32.6554,-116.1347,12.336,144.55,499,33.834,-116.797,23.58,23.64,-0.000753375,-0.001043456,0.000403514,0.000347035,0.722000102,0.159263364,85.46748579,5.179664862,6.25927157,0.314159265,1932.026733,2.170890544,2.585922669,289.80401,CI,SLR,-999.0,828,-0.506407059,-0.371471551,-0.278846958,-0.134935508,CI.SLR,828,-0.506407059,12.81680012,1560.819946,7.582159996,-0.5064070586337408,828,769.5994854639943,626.4947356496574,793.6203856217969,653.9958911941455
3088,RSN12641,30,12641, SLR,4.11,33.5089,-116.8485,12.274,36.37,499,33.834,-116.797,12.39,12.44,-0.006136538,-0.014203182,0.00071193,0.000475956,0.432053766,0.152098203,72.14550871,5.179664862,6.258050482,0.20943951,1332.716965,12.89307835,19.95025073,199.9075448,CI,SLR,-999.0,712,-0.355471816,-0.371471551,-0.278846958,0.015999735,CI.SLR,712,-0.355471816,12.81680012,1560.819946,7.582159996,-0.35547181566045705,712,589.7629241106679,540.7732328611982,633.8165829862786,565.8204589251625
3088,RSN14479,30,14479, SLR,4.05,32.7091,-116.0396,7.817,143.33,499,33.834,-116.797,36.85,36.91,-0.000146537,-0.000306751,7.5e-05,3.97e-05,0.477708615,0.163189631,87.25150926,5.179664862,6.120791156,0.226892803,1355.217979,3.691108312,4.090013333,203.2826969,CI,SLR,-999.0,720,-0.366645116,-0.371471551,-0.278846958,0.004826435,CI.SLR,720,-0.366645116,12.81680012,1560.819946,7.582159996,-0.3666451162585824,720,883.3166787605891,598.5420645762384,814.0548303446704,612.623320477048
3088,RSN18367,30,18367, SLR,3.34,33.5022,-116.5193,11.15,44.92,499,33.834,-116.797,15.55,15.61,-0.001485551,-0.002320246,0.00066218,0.000253651,0.640255561,0.156134561,76.7186394,5.179664862,6.233428753,0.27925268,1797.101595,5.856673145,3.503950587,269.5652393,CI,SLR,-999.0,783,-0.4505266,-0.371471551,-0.278846958,-0.079055049,CI.SLR,783,-0.4505266,12.81680012,1560.819946,7.582159996,-0.45052660023928404,783,631.9754306158471,593.7615847547942,688.2237547002898,621.1847243925121
3088,RSN13454,30,13454, SLR,3.9,34.4032,-118.651,13.612,182.33,499,33.834,-116.797,9.5,9.66,-0.00020475,-0.000432545,9.76e-06,9.95e-06,0.473360691,0.158804444,86.01409791,5.179664862,6.281821568,0.226892803,1382.200359,20.57788945,44.31813525,207.3300539,CI,SLR,-999.0,729,-0.379067636,-0.371471551,-0.278846958,-0.007596085,CI.SLR,729,-0.379067636,12.81680012,1560.819946,7.582159996,-0.37906763625713946,729,675.3444971508204,559.6717307853507,699.6177283431973,577.6838534313158
3088,RSN17852,30,17852, SLR,3.14,33.0622,-115.8937,7.729,119.92,499,33.834,-116.797,33.08,33.17,-0.000270799,-0.000355893,7.88e-05,6.82e-05,0.760901477,0.163164178,86.73621866,5.179664862,6.11885537,0.331612558,1961.079955,3.970659824,4.516408629,294.1619933,CI,SLR,-999.0,837,-0.517217975,-0.371471551,-0.278846958,-0.145746424,CI.SLR,837,-0.517217975,12.81680012,1560.819946,7.582159996,-0.5172179747379566,837,807.9455275958244,645.0305365259779,795.5244136284316,673.6965018381767
3088,RSN16736,30,16736, SLR,3.73,33.5058,-116.7636,16.276,36.53,499,33.834,-116.797,20.67,20.73,-0.004823463,-0.013368432,0.000148734,4.08e-05,0.360809971,0.144218582,66.42079339,5.179664862,6.3549922,0.174532925,1194.783927,118.2221324,89.88147969,179.2175891,CI,SLR,-999.0,660,-0.279633739,-0.371471551,-0.278846958,0.091837812,CI.SLR,660,-0.279633739,12.81680012,1560.819946,7.582159996,-0.2796337392689523,660,582.7304431467787,534.8394467198705,599.1506368822916,556.5279083281881
3088,RSN17354,30,17354, SLR,3.56,33.4509,-116.5827,10.563,46.91,499,33.834,-116.797,22.35,22.38,-0.002526741,-0.004745618,9.67e-05,0.000251218,0.532436589,0.15730124,78.00249158,5.179664862,6.218365755,0.244346095,1539.614711,10.05796161,49.07567735,230.9422067,CI,SLR,-999.0,774,-0.438965778,-0.371471551,-0.278846958,-0.067494227,CI.SLR,774,-0.438965778,12.81680012,1560.819946,7.582159996,-0.43896577783820856,774,662.1222119466952,598.1281812704423,702.2239704731535,620.4954938910395
3088,RSN15194,30,15194, SLR,3.9,33.867,-117.1038,11.856,28.63,499,33.834,-116.797,19.14,19.22,0.015963749,0.029929098,0.000635806,0.00015861,0.53338558,0.148462513,68.09621928,5.179664862,6.24946745,0.244346095,1633.571586,100.6478091,47.07268884,245.0357379,CI,SLR,-999.0,728,-0.377694952,-0.371471551,-0.278846958,-0.006223402,CI.SLR,728,-0.377694952,12.81680012,1560.819946,7.582159996,-0.37769495244516715,728,606.558911365587,561.5851946288684,647.2366222643843,582.6433182232215
3088,RSN13895,30,13895, SLR,4.17,34.3277,-116.829,4.957,54.84,499,33.834,-116.797,17.65,17.72,-0.008560207,-0.021616927,0.001247383,0.00031429,0.395995569,0.165772778,85.73019726,5.179664862,6.015610792,0.191986218,1131.178208,27.23665086,17.32982332,169.6767312,CI,SLR,-999.0,641,-0.250423361,-0.371471551,-0.278846958,0.12104819,CI.SLR,641,-0.250423361,12.81680012,1560.819946,7.582159996,-0.2504233611691511,641,590.7795715944728,534.875071625095,600.8139935281556,543.203910168758
100058,RSN16061,39,16061, JBMB,3.71,37.7173,-121.8076,16.702,53.77,584,37.3186,-122.1531,33.13,33.22,-0.00030377,-0.002151997,0.000265024,0.000123773,0.141157424,0.150389379,73.19770337,5.179664862,6.365528716,0.06981317,465.8346009,2.454250927,8.120007999,69.87519014,NC,JBMB,-999.0,359,0.486578594,0.357566142,0.450190736,0.129012452,NC.JBMB,359,0.486578594,7.979599953,783.901001,7.634349823,0.48657859433994854,359,383.5040489188401,361.9685346173571,385.32977143490615,367.44141156026063
100058,RSN8689,39,8689, JBMB,5.45,37.4317,-121.7767,7.486,35.62,584,37.3186,-122.1531,15.03,15.17,0.017050601,0.062126057,0.010275147,0.002590543,0.274451678,0.160681697,79.19975102,5.179664862,6.113244097,0.13962634,831.6175075,6.581863725,6.04624508,124.7426261,NC,JBMB,-999.0,511,0.133531393,0.357566142,0.450190736,-0.22403475,NC.JBMB,511,0.133531393,7.979599953,783.901001,7.634349823,0.13353139262452274,511,471.6919952194912,433.77460030474595,475.8162610141841,436.43511651266283
100058,RSN18851,39,18851, JBMB,4.05,37.4812,-121.7987,11.01,36.2,584,37.3186,-122.1531,40.6,40.66,-0.004816486,-0.021192898,0.001039499,0.000354639,0.227268883,0.154326302,74.03947051,5.179664862,6.229990225,0.104719755,721.9978258,13.58137712,20.38760788,108.2996739,NC,JBMB,-999.0,465,0.227863577,0.357566142,0.450190736,-0.129702565,NC.JBMB,465,0.227863577,7.979599953,783.901001,7.634349823,0.22786357724087125,465,432.437135218516,395.6919576289603,447.43974761757363,401.3688327621741
100058,RSN12293,39,12293, JBMB,4.23,37.901,-122.1038,14.378,64.79,584,37.3186,-122.1531,15.49,15.59,-0.001580634,-0.008088683,0.000563441,0.000333952,0.195412967,0.155256831,78.0113675,5.179664862,6.300455998,0.104719755,621.0227715,4.733117334,14.35586512,93.15341573,NC,JBMB,-999.0,423,0.322528804,0.357566142,0.450190736,-0.035037339,NC.JBMB,423,0.322528804,7.979599953,783.901001,7.634349823,0.3225288037819496,423,404.2000667005749,365.0898003948783,417.7979116921938,369.7339798528945
100058,RSN12527,39,12527, JBMB,4.1,37.862,-121.9995,13.322,61.82,584,37.3186,-122.1531,19.8,19.9,-0.002173951,-0.018241601,0.00049012,0.000365179,0.119175431,0.156052596,78.39471405,5.179664862,6.277093244,0.052359878,379.6831167,5.953110666,37.21864237,56.95246751,NC,JBMB,-999.0,315,0.617328344,0.357566142,0.450190736,0.259762202,NC.JBMB,315,0.617328344,7.979599953,783.901001,7.634349823,0.6173283440025941,315,325.8014384709548,360.5297569772934,340.84316129091246,364.40841441828707
100064,RSN14136,42,14136, JLAB,3.8,36.6815,-121.3092,5.568,64.74,477,37.1543,-121.7347,21.1,21.24,0.00066543,0.00086911,0.000265649,0.000184162,0.765644475,0.164890549,85.85285882,5.179664862,6.048749462,0.331612558,1948.509661,3.613286129,3.271647926,292.2764492,NC,JLAB,6.71517,833,-0.557517151,-0.428268892,-0.335644299,-0.129248259,NC.JLAB,684,-0.360441427,19.61330032,280.8819885,4.276450157,-0.36044142673420865,684,598.9634644812743,546.4402091933248,615.0962885609512,546.4010993582366
100064,RSN11679,42,11679, JLAB,4.3,37.2793,-121.6191,3.442,17.25,477,37.1543,-121.7347,20.73,20.84,-0.074021614,-0.166943197,0.003671779,0.000768037,0.443394009,0.166217885,80.75336803,5.179664862,5.93802414,0.20943951,1246.500156,96.3776667,45.46657002,186.9750234,NC,JLAB,6.71517,680,-0.354576307,-0.428268892,-0.335644299,0.073692585,NC.JLAB,559,-0.158632982,19.61330032,280.8819885,4.276450157,-0.1586329822667576,559,493.0706123787939,456.3795448636438,483.5141892113097,455.2764831333031
100064,RSN19195,42,19195, JLAB,3.8,36.6888,-121.3205,4.454,63.49,477,37.1543,-121.7347,21.22,21.37,0.001475921,0.001968262,0.000191469,7.22e-05,0.749860033,0.166966826,86.81136659,5.179664862,5.979941298,0.314159265,1890.565857,20.44211911,10.27979464,283.5848786,NC,JLAB,6.71517,814,-0.534443875,-0.428268892,-0.335644299,-0.106174983,NC.JLAB,669,-0.338267569,19.61330032,280.8819885,4.276450157,-0.3382675692398873,669,583.3437796965641,533.5422940043046,587.1882826829468,533.0961131733462
100064,RSN15858,42,15858, JLAB,3.6,37.3892,-121.5177,5.014,32.4,477,37.1543,-121.7347,33.16,33.33,-0.001486029,-0.004066502,0.000146131,0.000223307,0.365431809,0.164762006,82.62217034,5.179664862,6.019111729,0.174532925,1057.681689,6.654645846,27.82778466,158.6522534,NC,JLAB,6.71517,621,-0.263814591,-0.428268892,-0.335644299,0.164454301,NC.JLAB,510,-0.066894235,19.61330032,280.8819885,4.276450157,-0.06689423483002965,510,464.2283047026007,424.56471990104495,442.2779382684382,421.12013393146464
100064,RSN18984,42,18984, JLAB,4.51,35.7277,-121.0758,5.558,168.97,477,37.1543,-121.7347,24.97,25.08,0.000344669,0.000683908,0.000283755,0.000120328,0.503969342,0.165274821,88.43659075,5.179664862,6.048276052,0.226892803,1397.736606,2.864412273,2.410205988,209.6604909,NC,JLAB,6.71517,734,-0.430992538,-0.428268892,-0.335644299,-0.002723645,NC.JLAB,603,-0.234400706,19.61330032,280.8819885,4.276450157,-0.2344007058388442,603,776.992857756938,525.3696505978743,689.6588417553647,526.4946275106595
100070,RSN10276,43,10276, SBI,4.34,35.0174,-119.1492,9.557,170.83,854,33.4805,-119.0299,6.93,7.0,-0.000135845,-0.00024051,0.000111705,5.46e-05,0.564818698,0.161397174,87.10141036,5.179664862,6.187968323,0.261799388,1576.844379,2.488003663,2.153081778,236.5266569,CI,SBI,-999.0,738,0.145987369,0.157690748,0.250315341,-0.011703378,CI.SBI,738,0.145987369,22.78569984,50.11539841,14.87709999,0.14598736918809774,738,810.7229067162071,695.1804340081736,840.1348401903051,674.8532278059664
100070,RSN9268,43,9268, SBI,5.03,35.3852,-118.6292,7.3,214.47,854,33.4805,-119.0299,24.3,24.7,0.003978902,0.00595647,0.00131234,0.001195113,0.667996658,0.163630352,88.30583002,5.179664862,6.108664217,0.296705973,1774.521955,3.329310283,4.53881616,266.1782933,CI,SBI,-999.0,775,0.097068164,0.157690748,0.250315341,-0.060622583,CI.SBI,775,0.097068164,22.78569984,50.11539841,14.87709999,0.09706816443522293,775,829.5211589199654,716.5187529755442,839.8379975516873,697.2440001445883
100070,RSN11450,43,11450, SBI,4.73,33.7328,-117.4921,10.018,145.44,854,33.4805,-119.0299,17.4,17.56,0.000860096,0.002236932,0.00055523,0.000149929,0.384498069,0.16090483,86.41653158,5.179664862,6.202702587,0.191986218,1135.849655,5.736688699,4.028838499,170.3774483,CI,SBI,-999.0,642,0.28534289,0.157690748,0.250315341,0.127652143,CI.SBI,642,0.28534289,22.78569984,50.11539841,14.87709999,0.285342890098609,642,697.7712416743675,642.6994294477207,772.421164920753,635.497257407949
100070,RSN10795,43,10795, SBI,4.66,34.2983,-118.6255,8.038,98.12,854,33.4805,-119.0299,12.88,12.94,0.001686696,0.002986638,0.000858089,0.000620034,0.564747414,0.162787801,85.80700449,5.179664862,6.126524324,0.261799388,1563.222011,2.72032824,3.480569032,234.4833017,CI,SBI,-999.0,752,0.12719487,0.157690748,0.250315341,-0.030495878,CI.SBI,752,0.12719487,22.78569984,50.11539841,14.87709999,0.12719486983873018,752,685.1491290494089,671.2978264948864,836.754477588077,681.2909716078422
100070,RSN11968,43,11968, SBI,4.27,34.3874,-119.4398,6.219,107.5,854,33.4805,-119.0299,16.56,16.81,-0.001377506,-0.002506384,8.52e-05,0.000131,0.549598844,0.164388584,87.18126987,5.179664862,6.075787581,0.244346095,1510.399704,10.51531298,29.41765258,226.5599556,CI,SBI,-999.0,773,0.099652145,0.157690748,0.250315341,-0.058038602,CI.SBI,773,0.099652145,22.78569984,50.11539841,14.87709999,0.09965214520114785,773,702.3237713345115,701.0054986565058,867.9832759327631,712.6149367429751
100070,RSN9971,43,9971, SBI,4.59,34.9977,-119.1926,10.662,168.96,854,33.4805,-119.0299,7.5,7.66,0.001394023,0.002897292,0.001093998,0.000439605,0.481146791,0.160476745,86.68877024,5.179664862,6.221029194,0.226892803,1386.264505,3.171080857,2.648352191,207.9396758,CI,SBI,-999.0,730,0.15688666,0.157690748,0.250315341,-0.000804088,CI.SBI,730,0.15688666,22.78569984,50.11539841,14.87709999,0.15688665964613335,730,688.7965630910223,664.3942933755143,794.8654907459736,654.3980431220817
100070,RSN8847,43,8847, SBI,5.39,33.9465,-117.7667,14.89,127.99,854,33.4805,-119.0299,27.06,27.56,0.031140635,0.063656462,0.000797034,0.000223158,0.489198337,0.157361305,83.7092231,5.179664862,6.31653763,0.226892803,1433.023155,139.5452325,79.86668323,214.9534733,CI,SBI,-999.0,747,0.133866009,0.157690748,0.250315341,-0.023824739,CI.SBI,747,0.133866009,22.78569984,50.11539841,14.87709999,0.13386600865575282,747,701.2640600325659,658.1677148025785,801.707928192068,661.702543026539
100070,RSN16183,43,16183, SBI,3.64,33.8455,-118.7007,12.777,50.71,854,33.4805,-119.0299,18.8,18.95,-0.00161057,-0.002752061,0.000168524,8.65e-05,0.585223179,0.155132888,76.48547269,5.179664862,6.267598776,0.261799388,1685.667345,18.61930636,16.33038024,252.8501018,CI,SBI,-999.0,745,0.136546975,0.157690748,0.250315341,-0.021143772,CI.SBI,745,0.136546975,22.78569984,50.11539841,14.87709999,0.1365469754090105,745,622.1605989306657,641.8900558136751,684.9554849555519,646.6331369186966
100070,RSN13448,43,13448, SBI,3.9,34.4032,-118.651,13.612,108.17,854,33.4805,-119.0299,15.79,15.98,-0.000288735,-0.000599261,1.79e-05,1.44e-05,0.481818676,0.158095064,83.27761185,5.179664862,6.281821568,0.226892803,1408.758843,20.05104167,33.47826816,211.3138265,CI,SBI,-999.0,738,0.145987369,0.157690748,0.250315341,-0.011703378,CI.SBI,738,0.145987369,22.78569984,50.11539841,14.87709999,0.14598736918809774,738,620.6289284350252,632.9742944096756,728.4916144028947,644.6331494164368
100070,RSN10519,43,10519, SBI,4.45,34.1081,-117.3062,14.795,174.15,854,33.4805,-119.0299,14.33,14.45,0.000137639,0.000420358,0.000175207,5.77e-05,0.327433827,0.157886131,85.4408878,5.179664862,6.313637877,0.157079633,997.7494282,2.38542461,2.399207794,149.6624142,CI,SBI,-999.0,601,0.351336259,0.157690748,0.250315341,0.193645512,CI.SBI,601,0.351336259,22.78569984,50.11539841,14.87709999,0.35133625925336265,601,573.2883320836925,558.3988927117492,669.5388736247878,570.3471764228109
100070,RSN11220,43,11220, SBI,4.42,34.0665,-118.8938,12.827,66.21,854,33.4805,-119.0299,22.24,22.38,-0.00419703,-0.006873548,0.000163956,0.000114048,0.610606043,0.156950725,79.68762945,5.179664862,6.268505043,0.27925268,1726.447424,36.80055766,41.92312572,258.9671136,CI,SBI,-999.0,759,0.117929416,0.157690748,0.250315341,-0.039761331,CI.SBI,759,0.117929416,22.78569984,50.11539841,14.87709999,0.11792941639293986,759,628.5319002926439,652.7204952357431,701.5484495438533,651.660396013214
100070,RSN9089,43,9089, SBI,5.2,33.5328,-116.5697,15.48,228.66,854,33.4805,-119.0299,16.35,17.07,0.001162574,0.001818397,0.000153043,5.52e-05,0.639339983,0.157564129,86.35013057,5.179664862,6.333749326,0.27925268,1778.941929,21.06112319,11.88160844,266.8412894,CI,SBI,-999.0,777,0.094490843,0.157690748,0.250315341,-0.063199904,CI.SBI,777,0.094490843,22.78569984,50.11539841,14.87709999,0.09449084342092284,777,838.2087848179797,702.8668165462223,826.94736060503,682.9041149552738
100090,RSN17799,48,17799, BAK,3.28,35.1325,-118.9412,4.611,27.81,275,35.3444,-119.1045,14.4,14.47,-0.000407126,-0.003232221,0.000463119,0.000192624,0.125958622,0.165299957,82.09307752,5.179664862,5.99209381,0.06981317,378.9335345,2.113578786,6.979245075,56.84003018,CI,BAK,0.13,315,-0.135801541,-0.155996277,-0.063371684,0.020194736,CI.BAK,315,-0.135801541,2.745059967,115.1940002,0.257090002,-0.1358015411590614,315,405.53864352111964,380.36271614701286,306.7628650525414,329.0444527608719
100090,RSN12667,48,12667, BAK,4.34,35.8373,-117.678,6.864,140.37,275,35.3444,-119.1045,21.75,21.82,0.000524257,0.005207464,0.001125601,0.00011117,0.100674156,0.163874122,87.5842925,5.179664862,6.096821743,0.052359878,306.0433567,4.715813619,4.626385371,45.90650351,CI,BAK,0.13,273,0.007299302,-0.155996277,-0.063371684,0.16329558,CI.BAK,273,0.007299302,2.745059967,115.1940002,0.257090002,0.0072993024816119245,273,375.1167368680964,369.7567076617304,315.6355534344856,330.82113696872665
100090,RSN9152,48,9152, BAK,5.03,35.3852,-118.6292,7.3,43.43,275,35.3444,-119.1045,12.5,12.67,0.016249295,0.098164732,0.001278526,0.00051476,0.165530885,0.16189077,81.46923439,5.179664862,6.108664217,0.087266463,506.2997624,31.56673984,76.7796134,75.94496436,CI,BAK,0.13,376,-0.312818046,-0.155996277,-0.063371684,-0.156821768,CI.BAK,376,-0.312818046,2.745059967,115.1940002,0.257090002,-0.31281804572332295,376,361.56357494217707,352.68665788034684,339.1800664870592,337.5597626676343
100090,RSN18197,48,18197, BAK,4.36,36.3932,-117.8644,8.798,161.51,275,35.3444,-119.1045,13.11,13.26,-0.001028456,-0.007424872,0.000213211,0.00020513,0.138514927,0.162142388,87.20975481,5.179664862,6.160106881,0.06981317,424.1327995,5.01367913,34.82405692,63.61991993,CI,BAK,0.13,339,-0.20922901,-0.155996277,-0.063371684,-0.053232732,CI.BAK,339,-0.20922901,2.745059967,115.1940002,0.257090002,-0.20922900971387826,339,474.1702122961566,361.24721200312695,383.04851104506616,332.11988542333944
100090,RSN18241,48,18241, BAK,4.2,36.3905,-117.8695,8.829,160.98,275,35.3444,-119.1045,13.19,13.34,-0.001002647,-0.008179709,0.00015142,7.57e-05,0.122577352,0.162105825,87.18109013,5.179664862,6.161345296,0.052359878,375.7871557,13.24500661,54.02000396,56.36807336,CI,BAK,0.13,313,-0.129432093,-0.155996277,-0.063371684,0.026564185,CI.BAK,313,-0.129432093,2.745059967,115.1940002,0.257090002,-0.12943209287358126,313,469.03363768753667,393.1778449838497,363.82634953901237,350.57344954648477
100091,RSN14493,49,14493, BEL,4.01,33.2617,-116.0659,5.761,82.19,796,34.0006,-115.9982,27.28,27.42,-0.000904187,-0.000951643,2.67e-05,6.04e-06,0.950132982,0.164792763,86.59420195,5.179664862,6.057510055,0.383972435,2252.442659,149.6998344,35.64205993,337.8663989,CI,BEL,-999.0,932,-0.157733629,0.085610816,0.178235409,-0.243344444,CI.BEL,932,-0.157733629,14.83349991,1330.719971,1.703959942,-0.1577336288412079,932,699.3482469940271,912.9544549064518,940.5840889560611,871.5824291558346
100091,RSN15148,49,15148, BEL,3.9,33.867,-117.1038,11.856,103.29,796,34.0006,-115.9982,24.6,24.7,0.001087614,0.001843527,0.000151355,2.3e-05,0.58996366,0.159114974,83.92480187,5.179664862,6.24946745,0.261799388,1653.563216,47.28756522,12.18015262,248.0344824,CI,BEL,-999.0,734,0.081090157,0.085610816,0.178235409,-0.004520658,CI.BEL,734,0.081090157,14.83349991,1330.719971,1.703959942,0.0810901572298679,734,637.2556903507347,749.8478157705816,647.6711098942393,700.8188411161544
100091,RSN16088,49,16088, BEL,3.58,33.827,-117.0296,15.131,97.31,796,34.0006,-115.9982,16.2,16.28,0.000264893,0.000639394,5.18e-05,7.89e-06,0.414287275,0.156448687,81.62631328,5.179664862,6.323730411,0.191986218,1246.264454,33.57325729,12.34351351,186.9396681,CI,BEL,-999.0,680,0.157506388,0.085610816,0.178235409,0.071895572,CI.BEL,680,0.157506388,14.83349991,1330.719971,1.703959942,0.15750638767423109,680,595.053613812513,685.8538555698568,593.3463291759181,645.6163393668865
100091,RSN13817,49,13817, BEL,4.17,34.3277,-116.829,4.957,84.76,796,34.0006,-115.9982,21.5,21.59,0.000890871,0.00244091,0.000201964,4.46e-05,0.364974843,0.166045565,87.27050765,5.179664862,6.015610792,0.174532925,1048.343304,19.9746861,12.08586679,157.2514956,CI,BEL,-999.0,618,0.253110728,0.085610816,0.178235409,0.167499913,CI.BEL,618,0.253110728,14.83349991,1330.719971,1.703959942,0.2531107283866927,618,572.5616138456887,643.713953242966,544.8870058498236,584.5326032911826
100091,RSN16746,49,16746, BEL,3.72,33.1099,-116.0467,7.494,98.89,796,34.0006,-115.9982,31.63,31.69,-0.000181162,-0.000252159,5.92e-05,3.58e-05,0.718444318,0.163208802,86.1698517,5.179664862,6.113435346,0.314159265,1878.979801,5.060391061,4.259442568,281.8469702,CI,BEL,-999.0,810,-0.017435062,0.085610816,0.178235409,-0.103045877,CI.BEL,810,-0.017435062,14.83349991,1330.719971,1.703959942,-0.017435061822101083,810,682.7737198762361,813.2259446174799,787.8940565562564,765.6472203653153
100091,RSN15385,49,15385, BEL,3.99,34.0514,-117.2429,14.998,115.1,796,34.0006,-115.9982,21.95,22.07,0.000261707,0.000583171,3.41e-05,7.04e-06,0.448765472,0.157053578,82.9997227,5.179664862,6.319789549,0.20943951,1332.653141,37.17428977,17.10178886,199.8979712,CI,BEL,-999.0,712,0.111521274,0.085610816,0.178235409,0.025910459,CI.BEL,712,0.111521274,14.83349991,1330.719971,1.703959942,0.11152127443240722,712,654.987704664574,731.3068943103199,649.5536184118423,687.6682433254489
100091,RSN16578,49,16578, BEL,3.69,33.735,-117.4936,9.693,141.47,796,34.0006,-115.9982,17.48,17.57,0.00014818,0.000331633,2.97e-05,4.46e-06,0.446818487,0.161176036,86.44690301,5.179664862,6.192470162,0.20943951,1293.836479,33.22421525,11.16609428,194.0754719,CI,BEL,-999.0,698,0.131380083,0.085610816,0.178235409,0.045769268,CI.BEL,698,0.131380083,14.83349991,1330.719971,1.703959942,0.13138008308201066,698,765.724784802799,766.9466762611755,741.5619617324476,701.392006728315
100091,RSN15555,49,15555, BEL,4.06,32.6823,-116.088,9.762,146.45,796,34.0006,-115.9982,26.2,26.31,-0.000217628,-0.000384977,1.07e-05,1.26e-05,0.565303008,0.161134313,86.54195926,5.179664862,6.194703173,0.261799388,1580.460094,17.27206349,35.97915888,237.0690141,CI,BEL,-999.0,735,0.079728687,0.085610816,0.178235409,-0.005882129,CI.BEL,735,0.079728687,14.83349991,1330.719971,1.703959942,0.07972868663154653,735,830.7628224845074,798.3566608521054,815.610061902169,741.4471908626839
100091,RSN8317,49,8317, BEL,4.27,33.9173,-117.7758,7.0,164.21,796,34.0006,-115.9982,15.3,15.4,0.001449592,0.002250213,0.000883323,0.000500218,0.644202327,0.163803431,87.8789036,5.179664862,6.100695365,0.27925268,1720.634545,2.897920507,2.547440744,258.0951818,CI,BEL,-999.0,757,0.050235932,0.085610816,0.178235409,-0.035374883,CI.BEL,757,0.050235932,14.83349991,1330.719971,1.703959942,0.05023593240693458,757,921.928779494887,819.7180169419294,880.6866569985897,779.8538936854467
100091,RSN16512,49,16512, BEL,3.61,34.2449,-117.4464,12.48,136.32,796,34.0006,-115.9982,13.7,13.84,4.71e-05,8.79e-05,2.22e-05,3.92e-06,0.535658738,0.159117619,85.13943024,5.179664862,6.262058538,0.244346095,1529.303446,12.01530612,3.959459459,229.3955169,CI,BEL,-999.0,779,0.02158814,0.085610816,0.178235409,-0.064022676,CI.BEL,779,0.02158814,14.83349991,1330.719971,1.703959942,0.021588139973634846,779,746.2053252824686,812.176559489818,773.9390509343225,759.5954565182577
100091,RSN17407,49,17407, BEL,3.66,34.2987,-116.8617,15.28,86.23,796,34.0006,-115.9982,15.81,15.89,0.000164947,0.00066613,3.01e-05,2.04e-05,0.247620289,0.155842275,80.46336424,5.179664862,6.328063842,0.122173048,776.9543269,8.085637255,22.13056478,116.543149,CI,BEL,-999.0,489,0.487236696,0.085610816,0.178235409,0.401625881,CI.BEL,489,0.487236696,14.83349991,1330.719971,1.703959942,0.4872366963695107,489,461.24749351320486,526.8530805935435,433.69039856500234,484.03009135971666
100091,RSN16864,49,16864, BEL,3.6,34.2088,-117.5824,7.536,147.99,796,34.0006,-115.9982,40.78,40.86,0.000121074,0.000221267,4.62e-05,2.39e-05,0.547186333,0.163383855,87.4367442,5.179664862,6.114431914,0.244346095,1514.474562,5.065857741,4.789329004,227.1711843,CI,BEL,-999.0,774,0.028027312,0.085610816,0.178235409,-0.057583503,CI.BEL,774,0.028027312,14.83349991,1330.719971,1.703959942,0.028027312254655712,774,932.2717825513263,839.0243227146083,858.6256196078983,778.8512470397592
100091,RSN8767,49,8767, BEL,5.39,33.9465,-117.7667,14.89,163.55,796,34.0006,-115.9982,25.18,25.42,0.018378477,0.021237889,0.002295683,0.002273399,0.865362721,0.157735846,85.09940284,5.179664862,6.31653763,0.34906585,2209.793629,8.084140531,9.251228937,331.4690444,CI,BEL,-999.0,918,-0.142598205,0.085610816,0.178235409,-0.22820902,CI.BEL,918,-0.142598205,14.83349991,1330.719971,1.703959942,-0.14259820477610763,918,787.6980665969456,877.7336357172767,944.8177611518034,889.5893641017722
100091,RSN14700,49,14700, BEL,3.84,34.2268,-117.4407,8.593,135.43,796,34.0006,-115.9982,20.62,20.73,0.000317145,0.000966106,2.4e-05,6.93e-06,0.328270825,0.162296979,86.75684979,5.179664862,6.151676073,0.157079633,972.878693,45.76406926,40.25441667,145.931804,CI,BEL,-999.0,587,0.304574366,0.085610816,0.178235409,0.21896355,CI.BEL,587,0.304574366,14.83349991,1330.719971,1.703959942,0.3045743660162863,587,668.3441897887457,660.6727922929183,598.110718210244,588.3200046116762
100091,RSN17120,49,17120, BEL,3.53,33.9634,-117.8198,13.862,168.38,796,34.0006,-115.9982,39.59,39.69,2.82e-05,0.000121054,7.17e-06,6.01e-06,0.23270239,0.158620707,85.59589003,5.179664862,6.285731951,0.122173048,719.7611287,4.6921797,16.88340307,107.9641693,CI,BEL,-999.0,464,0.539714634,0.085610816,0.178235409,0.454103818,CI.BEL,464,0.539714634,14.83349991,1330.719971,1.703959942,0.5397146336181278,464,447.0374827726992,543.2841564877742,431.12443302159625,491.9501043371305
100091,RSN13109,49,13109, BEL,4.06,33.2394,-116.2082,10.532,86.65,796,34.0006,-115.9982,13.45,13.52,-0.00192886,-0.002192454,0.000407911,0.000283174,0.879772592,0.159833942,83.6015162,5.179664862,6.217520851,0.366519143,2211.377811,6.811571684,5.374834216,331.7066717,CI,BEL,-999.0,918,-0.142598205,0.085610816,0.178235409,-0.22820902,CI.BEL,918,-0.142598205,14.83349991,1330.719971,1.703959942,-0.14259820477610763,918,749.3957790960667,888.3776401900353,897.6244570812623,853.1411254125759
100091,RSN15686,49,15686, BEL,3.81,32.4923,-116.8468,13.18,185.03,796,34.0006,-115.9982,22.61,22.72,-6.53e-05,-7.73e-05,6.67e-06,6.25e-06,0.844967925,0.159018377,86.19215934,5.179664862,6.274698597,0.34906585,2160.127194,10.448,11.5892054,324.0190791,CI,BEL,-999.0,902,-0.125015334,0.085610816,0.178235409,-0.21062615,CI.BEL,902,-0.125015334,14.83349991,1330.719971,1.703959942,-0.12501533421824096,902,732.4177276559253,887.0773679875381,950.8659797371628,881.5719225166225
100091,RSN12593,49,12593, BEL,4.11,33.5089,-116.8485,12.274,95.82,796,34.0006,-115.9982,15.7,15.78,0.002150437,0.002950239,0.000563935,0.000490578,0.728902812,0.158657131,83.16083188,5.179664862,6.258050482,0.314159265,1951.995278,4.383476226,5.231523137,292.7992917,CI,BEL,-999.0,834,-0.046634217,0.085610816,0.178235409,-0.132245032,CI.BEL,834,-0.046634217,14.83349991,1330.719971,1.703959942,-0.046634216514363835,834,693.1864029217516,821.9677434440738,777.4972974506785,785.0872927356487
100091,RSN14379,49,14379, BEL,4.14,34.8632,-116.3444,6.474,100.84,796,34.0006,-115.9982,20.95,21.03,0.000163317,0.0002105,7.18e-05,6.13e-05,0.775850245,0.164096575,86.83517117,5.179664862,6.084678138,0.331612558,1975.000138,2.664225122,2.931754875,296.2500207,CI,BEL,-999.0,842,-0.056180828,0.085610816,0.178235409,-0.141791644,CI.BEL,842,-0.056180828,14.83349991,1330.719971,1.703959942,-0.05618082839794347,842,782.6223110627717,850.7491219765187,871.4532127173495,803.1665564537211
100091,RSN9323,49,9323, BEL,4.88,34.0655,-117.0011,17.501,92.9,796,34.0006,-115.9982,12.45,12.64,0.001976966,0.002596934,0.000115451,7.12e-05,0.761269257,0.15413044,79.72224984,5.179664862,6.383907006,0.331612558,2076.682979,27.7663764,22.49381989,311.5024469,CI,BEL,-999.0,875,-0.094624701,0.085610816,0.178235409,-0.180235516,CI.BEL,875,-0.094624701,14.83349991,1330.719971,1.703959942,-0.09462470051323102,875,784.8031774572261,880.6912561401781,820.0635184202596,840.9576578271448
100091,RSN16245,49,16245, BEL,3.64,33.223,-116.7186,8.687,109.12,796,34.0006,-115.9982,33.04,33.23,-0.000377779,-0.00045958,8.69e-06,7e-06,0.822009379,0.162036228,85.89086652,5.179664862,6.155594857,0.34906585,2083.802438,53.96842857,52.88607595,312.5703657,CI,BEL,-999.0,877,-0.096907807,0.085610816,0.178235409,-0.182518622,CI.BEL,877,-0.096907807,14.83349991,1330.719971,1.703959942,-0.09690780652779996,877,717.1384692720834,871.1072013445583,930.4801309052499,834.4795876885449
100091,RSN10400,49,10400, BEL,4.45,34.1081,-117.3062,14.795,121.35,796,34.0006,-115.9982,11.7,11.83,0.001540626,0.002543127,0.000122497,2.71e-05,0.605799883,0.157350974,83.44215977,5.179664862,6.313637877,0.27925268,1711.9446,56.8496679,20.76072883,256.79169,CI,BEL,-999.0,754,0.054206818,0.085610816,0.178235409,-0.031403998,CI.BEL,754,0.054206818,14.83349991,1330.719971,1.703959942,0.05420681783642678,754,706.4455853882546,771.7754672319619,725.0122608285662,723.1703772758262
100091,RSN15889,49,15889, BEL,3.96,32.6554,-116.1347,12.336,149.73,796,34.0006,-115.9982,23.37,23.51,-0.000146619,-0.00024733,1.05e-05,1.22e-05,0.592806736,0.159296408,85.62000506,5.179664862,6.25927157,0.261799388,1657.693718,12.01795082,23.5552381,248.6540577,CI,BEL,-999.0,736,0.078369067,0.085610816,0.178235409,-0.007241748,CI.BEL,736,0.078369067,14.83349991,1330.719971,1.703959942,0.0783690671155064,736,730.7848792151061,777.1720352498576,757.5984955574061,724.206844695024
100091,RSN15612,49,15612, BEL,3.87,33.7513,-116.0218,8.756,27.74,796,34.0006,-115.9982,17.42,17.49,0.007904897,0.014574904,0.000694721,0.000514365,0.542363621,0.155603612,73.38975319,5.179664862,6.158414042,0.244346095,1579.212124,15.36826378,20.97950688,236.8818186,CI,BEL,-999.0,736,0.078369067,0.085610816,0.178235409,-0.007241748,CI.BEL,736,0.078369067,14.83349991,1330.719971,1.703959942,0.0783690671155064,736,631.3080809303237,735.2403585602394,643.3013552970923,690.8583176412205
100091,RSN16700,49,16700, BEL,3.73,33.5058,-116.7636,16.276,89.67,796,34.0006,-115.9982,18.8,18.87,0.000339583,0.000409755,0.000145861,6.25e-05,0.82874655,0.155038001,80.15210912,5.179664862,6.3549922,0.34906585,2189.039083,5.433328,2.809215623,328.3558625,CI,BEL,-999.0,911,-0.134943711,0.085610816,0.178235409,-0.220554527,CI.BEL,911,-0.134943711,14.83349991,1330.719971,1.703959942,-0.13494371141557515,911,661.4970441972711,876.3981636304746,806.7608871596827,852.0552607780955
100091,RSN8986,49,8986, BEL,5.2,33.5328,-116.5697,15.48,74.13,796,34.0006,-115.9982,20.59,20.74,0.03164686,0.034853301,0.000366791,9.17e-05,0.908001804,0.154867122,78.78065844,5.179664862,6.333749326,0.366519143,2325.528975,345.1129771,95.0222361,348.8293463,CI,BEL,-999.0,955,-0.182112155,0.085610816,0.178235409,-0.26772297,CI.BEL,955,-0.182112155,14.83349991,1330.719971,1.703959942,-0.18211215463634733,955,716.9061166285167,896.697727056573,789.6487473143858,875.359333634275
100091,RSN14983,49,14983, BEL,3.74,34.1651,-117.4332,7.875,133.7,796,34.0006,-115.9982,21.5,21.73,0.000262273,0.000293764,2e-05,7.05e-06,0.892799055,0.163123129,87.01853878,5.179664862,6.12204057,0.366519143,2185.896164,37.20184397,14.6882,327.8844246,CI,BEL,-999.0,910,-0.133845414,0.085610816,0.178235409,-0.219456229,CI.BEL,910,-0.133845414,14.83349991,1330.719971,1.703959942,-0.1338454136665126,910,790.7199613820791,916.3495008688589,1014.0260414153349,880.3281953012072
100091,RSN16812,49,16812, BEL,3.49,34.309,-116.9297,9.684,92.46,796,34.0006,-115.9982,13.12,13.21,0.00018882,0.000733542,1.47e-05,4.08e-06,0.257408391,0.16076376,84.54885278,5.179664862,6.192176404,0.122173048,781.151101,46.27941176,49.90081633,117.1726652,CI,BEL,-999.0,491,0.483155058,0.085610816,0.178235409,0.397544242,CI.BEL,491,0.483155058,14.83349991,1330.719971,1.703959942,0.4831550580498627,491,458.5565330705272,549.5550167049295,442.2544081538557,488.73941618621444
100091,RSN17313,49,17313, BEL,3.56,33.4509,-116.5827,10.563,81.56,796,34.0006,-115.9982,28.47,28.57,0.000315302,0.000395782,4.55e-05,3.8e-05,0.796657261,0.159677172,83.18335114,5.179664862,6.218365755,0.331612558,2064.760615,8.297421053,8.698505495,309.7140923,CI,BEL,-999.0,871,-0.090042791,0.085610816,0.178235409,-0.175653607,CI.BEL,871,-0.090042791,14.83349991,1330.719971,1.703959942,-0.09004279100811985,871,696.3427710073836,863.2312355233018,836.7177665531894,822.9866254843798
100091,RSN16934,49,16934, BEL,3.63,34.1242,-116.405,9.555,39.98,796,34.0006,-115.9982,11.86,11.92,0.00215355,0.009053399,0.000466745,9.37e-05,0.23787202,0.15765964,77.31244106,5.179664862,6.187901101,0.122173048,739.3930905,22.98345784,19.39688481,110.9089636,CI,BEL,-999.0,473,0.520503797,0.085610816,0.178235409,0.434892982,CI.BEL,473,0.520503797,14.83349991,1330.719971,1.703959942,0.5205037973524504,473,427.68604954189004,504.68238532588634,414.32990647830644,465.9660090446055
100091,RSN17480,49,17480, BEL,3.62,33.9521,-116.3635,9.067,34.18,796,34.0006,-115.9982,16.25,16.32,0.005188963,0.016751483,0.000211041,6.29e-06,0.309761417,0.157424619,76.26318558,5.179664862,6.170551665,0.157079633,951.4133125,824.954372,79.37549102,142.7119969,CI,BEL,-999.0,575,0.325229145,0.085610816,0.178235409,0.239618329,CI.BEL,575,0.325229145,14.83349991,1330.719971,1.703959942,0.3252291450470324,575,493.01316220766756,583.1627953747887,489.0204131785892,536.6176637063385
100091,RSN10910,49,10910, BEL,4.26,33.8776,-116.2019,10.062,23.25,796,34.0006,-115.9982,16.26,16.32,-0.008873149,-0.024717884,0.000913813,6.7e-05,0.358976908,0.149037077,67.61279194,5.179664862,6.204033973,0.174532925,1150.935996,132.4350597,27.04917089,172.6403994,CI,BEL,-999.0,645,0.210348869,0.085610816,0.178235409,0.124738053,CI.BEL,645,0.210348869,14.83349991,1330.719971,1.703959942,0.2103488690486106,645,557.4779090485935,656.333982604481,558.4924857521697,607.9451921199721
100091,RSN17647,49,17647, BEL,3.47,33.8029,-116.1786,7.366,27.55,796,34.0006,-115.9982,19.1,19.17,0.004367615,0.007289641,9.78e-05,5.24e-05,0.599153641,0.158962062,76.2420152,5.179664862,6.110319177,0.261799388,1674.563842,83.3514313,74.53620654,251.1845763,CI,BEL,-999.0,742,0.070249943,0.085610816,0.178235409,-0.015360873,CI.BEL,742,0.070249943,14.83349991,1330.719971,1.703959942,0.07024994267700269,742,638.0504130621455,741.3617865658674,654.6718242689283,697.7041594109442
100091,RSN15251,49,15251, BEL,3.86,34.1976,-117.3882,14.177,130.12,796,34.0006,-115.9982,24.05,24.23,0.00042843,0.000888782,4.54e-06,1.23e-05,0.482041712,0.158063409,84.16762059,5.179664862,6.293825021,0.226892803,1409.575426,34.83170732,195.7669604,211.4363139,CI,BEL,-999.0,738,0.075655361,0.085610816,0.178235409,-0.009955454,CI.BEL,738,0.075655361,14.83349991,1330.719971,1.703959942,0.07565536124391059,738,658.7550399920839,759.3147658103475,698.6124535678701,717.0630677392331
100091,RSN17362,49,17362, BEL,3.56,33.0804,-116.4826,10.835,111.54,796,34.0006,-115.9982,31.75,31.79,-0.000800639,-0.001206113,0.000390972,0.000176838,0.663817917,0.159989915,84.89082177,5.179664862,6.225560001,0.296705973,1806.803,4.52752802,3.084908894,271.02045,CI,BEL,-999.0,786,0.012642393,0.085610816,0.178235409,-0.072968422,CI.BEL,786,0.012642393,14.83349991,1330.719971,1.703959942,0.012642393415176478,786,719.3509288100176,796.7427546247939,771.2621289576364,756.972607293789
100091,RSN17070,49,17070, BEL,3.52,34.2098,-116.4371,4.645,46.68,796,34.0006,-115.9982,18.13,18.2,0.000339044,0.001103762,0.000187027,2.81e-05,0.307171067,0.16627241,85.36915187,5.179664862,5.994593769,0.157079633,893.893077,12.06562278,5.901618483,134.0839616,CI,BEL,-999.0,544,0.380649939,0.085610816,0.178235409,0.295039123,CI.BEL,544,0.380649939,14.83349991,1330.719971,1.703959942,0.3806499389884408,544,491.22330755096914,570.957029720618,472.92551287075685,518.0651187223865
100091,RSN15522,49,15522, BEL,3.68,34.7251,-116.0506,2.727,80.51,796,34.0006,-115.9982,22.15,22.23,-0.000137241,-0.000173142,4.62e-05,1.85e-05,0.792650961,0.168365961,88.74767021,5.179664862,5.93802414,0.331612558,1951.859857,7.418432432,3.747662338,292.7789786,CI,BEL,-999.0,834,-0.046634217,0.085610816,0.178235409,-0.132245032,CI.BEL,834,-0.046634217,14.83349991,1330.719971,1.703959942,-0.046634216514363835,834,765.3506404052941,855.4037596038422,856.2344570091523,795.959572981284
100091,RSN17833,49,17833, BEL,3.14,33.0622,-115.8937,7.729,104.53,796,34.0006,-115.9982,30.4,30.55,-0.000106884,-0.000133529,8.62e-06,5.03e-06,0.80045582,0.163081612,86.26217283,5.179664862,6.11885537,0.331612558,2027.840156,21.24930417,15.49060325,304.1760234,CI,BEL,-999.0,859,-0.076169736,0.085610816,0.178235409,-0.161780552,CI.BEL,859,-0.076169736,14.83349991,1330.719971,1.703959942,-0.07616973613987188,859,737.403690692839,863.7966794386741,886.7650861944285,816.7361620526551
100091,RSN14285,49,14285, BEL,4.19,33.4453,-116.439,8.875,73.91,796,34.0006,-115.9982,21.82,21.87,-0.000710782,-0.001216282,7.76e-05,3.48e-05,0.584389148,0.16129238,83.75808565,5.179664862,6.16316588,0.261799388,1619.539037,20.42477011,15.67373711,242.9308556,CI,BEL,-999.0,723,0.096189964,0.085610816,0.178235409,0.010579148,CI.BEL,723,0.096189964,14.83349991,1330.719971,1.703959942,0.09618996368561827,723,650.0563848101574,745.5434290575894,651.5372221381352,684.3377881631435
100091,RSN17896,49,17896, BEL,4.04,36.3911,-117.8665,9.439,315.1,796,34.0006,-115.9982,11.73,11.86,9.72e-05,0.000194976,8.39e-06,7.22e-06,0.498431691,0.161650189,88.45558475,5.179664862,6.183950287,0.226892803,1416.365808,13.46260388,23.23909416,212.4548712,CI,BEL,-999.0,741,0.071598561,0.085610816,0.178235409,-0.014012255,CI.BEL,741,0.071598561,14.83349991,1330.719971,1.703959942,0.0715985605482965,741,734.6836465753013,751.0111810085367,717.9845170795554,718.110932514568
100091,RSN14217,49,14217, BEL,3.94,32.7219,-116.8133,20.237,160.83,796,34.0006,-115.9982,15.23,15.34,-0.000188375,-0.000229188,6.13e-06,3.49e-06,0.821923696,0.15414492,83.10146116,5.179664862,6.440435438,0.34906585,2190.337255,53.9756447,37.38792822,328.5505883,CI,BEL,-999.0,912,-0.136040804,0.085610816,0.178235409,-0.22165162,CI.BEL,912,-0.136040804,14.83349991,1330.719971,1.703959942,-0.1360408042299479,912,799.3659535839597,931.8456526131567,936.8158064984026,917.9934056424787
100091,RSN18321,49,18321, BEL,3.05,33.5043,-116.561,11.461,75.82,796,34.0006,-115.9982,14.6,14.66,3.44e-05,6.45e-05,1.36e-05,1.6e-05,0.533002884,0.158659651,81.9537063,5.179664862,6.240750508,0.244346095,1527.715046,2.15,4.742647059,229.1572569,CI,BEL,-999.0,779,0.02158814,0.085610816,0.178235409,-0.064022676,CI.BEL,779,0.02158814,14.83349991,1330.719971,1.703959942,0.021588139973634846,779,673.1936226333324,796.7831411418363,678.6224389599439,737.4973742224762
100091,RSN9862,49,9862, BEL,4.59,34.9977,-119.1926,10.662,313.53,796,34.0006,-115.9982,9.3,9.57,8.4e-05,0.000137217,8.81e-06,3.38e-06,0.612149718,0.160668083,88.22623412,5.179664862,6.221029194,0.27925268,1689.671782,24.85207101,15.57514188,253.4507673,CI,BEL,-999.0,747,0.063534001,0.085610816,0.178235409,-0.022076815,CI.BEL,747,0.063534001,14.83349991,1330.719971,1.703959942,0.06353400071156567,747,652.1525150912579,745.1288062200292,704.5890772348167,724.3017468198442
100091,RSN15097,49,15097, BEL,3.78,34.1353,-117.4476,5.857,134.63,796,34.0006,-115.9982,20.59,20.71,0.00014137,0.000311114,7.71e-06,3.93e-06,0.454399594,0.164862584,87.90855646,5.179664862,6.061617088,0.20943951,1282.862053,35.97201018,40.35201038,192.429308,CI,BEL,-999.0,694,0.137127225,0.085610816,0.178235409,0.05151641,CI.BEL,694,0.137127225,14.83349991,1330.719971,1.703959942,0.13712722533757837,694,821.1066896323653,756.7965356238833,738.1430295719236,692.5898593889148
100091,RSN15728,49,15728, BEL,3.81,32.9942,-116.2977,5.726,115.04,796,34.0006,-115.9982,12.88,13.01,-0.000798524,-0.000837847,0.00027603,0.000289031,0.953066783,0.164982015,87.60511381,5.179664862,6.055972626,0.383972435,2253.797652,2.762762472,3.035347607,338.0696478,CI,BEL,-999.0,932,-0.157733629,0.085610816,0.178235409,-0.243344444,CI.BEL,932,-0.157733629,14.83349991,1330.719971,1.703959942,-0.1577336288412079,932,767.7458030845513,946.630629370713,1007.1272731128099,897.4890817407235
100091,RSN14428,49,14428, BEL,4.05,32.7091,-116.0396,7.817,143.29,796,34.0006,-115.9982,36.48,36.58,-0.000401207,-0.000577669,2.62e-05,9.55e-06,0.694527426,0.163189631,87.25150926,5.179664862,6.120791156,0.296705973,1828.815197,42.01120419,22.04843511,274.3222796,CI,BEL,-999.0,794,0.002515725,0.085610816,0.178235409,-0.083095091,CI.BEL,794,0.002515725,14.83349991,1330.719971,1.703959942,0.0025157245972469156,794,882.7007173282063,833.1448656628565,904.4725459822337,798.6148661561299
100091,RSN17238,49,17238, BEL,3.53,34.2894,-116.8271,6.278,82.89,796,34.0006,-115.9982,29.39,29.47,0.00043056,0.001486827,7.72e-05,2.42e-05,0.289583218,0.164181828,86.27184919,5.179664862,6.07791863,0.13962634,855.4317189,17.79173554,19.2594171,128.3147578,CI,BEL,-999.0,524,0.418107502,0.085610816,0.178235409,0.332496686,CI.BEL,524,0.418107502,14.83349991,1330.719971,1.703959942,0.4181075015233411,524,475.86333933723137,569.1634364070882,457.2211790921026,512.0069677180858
100091,RSN15346,49,15346, BEL,3.87,33.928,-116.7858,18.501,73.24,796,34.0006,-115.9982,21.44,21.52,0.002318641,0.005232752,0.000181805,4.42e-05,0.443101609,0.151718388,76.33809491,5.179664862,6.40467109,0.20943951,1364.868016,52.45794118,28.78222271,204.7302024,CI,BEL,-999.0,723,0.096189964,0.085610816,0.178235409,0.010579148,CI.BEL,723,0.096189964,14.83349991,1330.719971,1.703959942,0.09618996368561827,723,805.6607775093995,768.5221510248587,684.0496587749254,710.3403391513606
100091,RSN13371,49,13371, BEL,3.9,34.4032,-118.651,13.612,248.54,796,34.0006,-115.9982,9.52,9.64,-1.88e-05,-3.17e-05,1.02e-05,8.55e-06,0.593227502,0.15898238,87.07697428,5.179664862,6.281821568,0.261799388,1661.858193,2.198830409,3.107843137,249.278729,CI,BEL,-999.0,737,0.077011294,0.085610816,0.178235409,-0.008599522,CI.BEL,737,0.077011294,14.83349991,1330.719971,1.703959942,0.07701129365504666,737,730.719472390215,778.1958361402642,758.8419467760326,737.8499105826353
100091,RSN10030,49,10030, BEL,4.18,34.3617,-118.6637,11.151,248.97,796,34.0006,-115.9982,16.7,16.95,-0.000225176,-0.000367357,7.22e-05,5.36e-05,0.612962075,0.160289423,87.64663017,5.179664862,6.233452986,0.27925268,1695.332731,4.201044776,5.088047091,254.2999097,CI,BEL,-999.0,749,0.060860202,0.085610816,0.178235409,-0.024750613,CI.BEL,749,0.060860202,14.83349991,1330.719971,1.703959942,0.060860202327163826,749,741.2486805848785,779.0129745479896,773.7234650019423,743.2010504109486
100091,RSN17742,49,17742, BEL,3.63,32.7081,-116.029,7.885,143.38,796,34.0006,-115.9982,37.0,37.09,-0.00012732,-0.000209137,6.63e-06,1.1e-05,0.608787592,0.16314688,87.22413556,5.179664862,6.12225391,0.27925268,1657.195226,11.57454545,31.54404223,248.5792839,CI,BEL,-999.0,736,0.078369067,0.085610816,0.178235409,-0.007241748,CI.BEL,736,0.078369067,14.83349991,1330.719971,1.703959942,0.0783690671155064,736,892.0096705253743,803.8465006957708,830.3784112871086,743.4870770884639
100091,RSN12830,49,12830, BEL,4.02,33.7129,-116.0516,12.808,32.29,796,34.0006,-115.9982,19.68,19.72,-0.007033751,-0.015715847,0.003087571,0.001031057,0.447557852,0.149087258,69.14800146,5.179664862,6.268161535,0.20943951,1400.690964,6.821883756,5.090035824,210.1036446,CI,BEL,-999.0,735,0.079728687,0.085610816,0.178235409,-0.005882129,CI.BEL,735,0.079728687,14.83349991,1330.719971,1.703959942,0.07972868663154653,735,608.6487284618694,737.2857041637851,623.6048456197121,696.508512817927
100091,RSN13209,49,13209, BEL,4.19,34.3571,-116.8418,9.486,87.25,796,34.0006,-115.9982,18.55,18.65,0.000697535,0.001613375,0.000128032,4.94e-05,0.432345251,0.160885415,84.36461493,5.179664862,6.185563454,0.20943951,1260.647663,14.1201417,12.60134185,189.0971495,CI,BEL,-999.0,685,0.150180348,0.085610816,0.178235409,0.064569532,CI.BEL,685,0.150180348,14.83349991,1330.719971,1.703959942,0.15018034758215748,685,633.9373017919061,712.1045501431951,619.4431713202227,651.6107841159413
100091,RSN14529,49,14529, BEL,3.78,34.0294,-116.7534,14.93,69.83,796,34.0006,-115.9982,19.96,20.02,0.000180707,0.000908461,3.93e-05,1.03e-05,0.198915173,0.155064086,78.42296004,5.179664862,6.317747533,0.104719755,632.5212695,17.54436893,23.11605598,94.87819043,CI,BEL,-999.0,427,0.622815173,0.085610816,0.178235409,0.537204357,CI.BEL,427,0.622815173,14.83349991,1330.719971,1.703959942,0.6228151726157583,427,413.92243906984027,474.0359350959309,393.3421887463296,433.67795728165527
100091,RSN13179,49,13179, BEL,4.11,33.7104,-116.0457,12.559,32.49,796,34.0006,-115.9982,16.1,16.17,-0.02185078,-0.042952438,0.001281012,0.000380705,0.508720365,0.149592809,69.55097494,5.179664862,6.263559029,0.226892803,1555.983371,57.39556875,33.53008247,233.3975057,CI,BEL,-999.0,759,0.047597408,0.085610816,0.178235409,-0.038013407,CI.BEL,759,0.047597408,14.83349991,1330.719971,1.703959942,0.04759740844875271,759,629.7354344802993,754.7921419221622,648.3615818413854,713.4051808577725
100091,RSN12732,49,12732, BEL,4.26,33.9538,-116.3912,7.696,36.69,796,34.0006,-115.9982,23.22,23.27,0.007094904,0.014368909,0.005116951,0.001327009,0.493767803,0.160537465,79.16937116,5.179664862,6.118116656,0.226892803,1415.343695,5.346537966,2.808099784,212.3015543,CI,BEL,-999.0,740,0.072949,0.085610816,0.178235409,-0.012661816,CI.BEL,740,0.072949,14.83349991,1330.719971,1.703959942,0.07294899964616786,740,659.7781265725741,741.5153724695224,661.2354555522319,691.5824378682915
100111,RSN17426,59,17426, GSC,3.73,35.2675,-117.3498,7.92,49.64,679,35.3018,-116.8057,22.11,22.19,0.000356791,0.000722486,2.57e-05,1.15e-05,0.493838086,0.161647541,81.79638158,5.179664862,6.122995859,0.226892803,1405.786787,31.02530435,28.11229572,210.8680181,CI,GSC,-999.0,737,-0.081966765,-0.035106954,0.05751764,-0.046859811,CI.GSC,737,-0.081966765,38.9856987,1000.460022,7.605160236,-0.08196676463064012,737,662.2572348022114,607.483788909164,682.5531067514969,608.6680759670496
100111,RSN12403,59,12403, GSC,4.27,36.1466,-118.0613,4.057,147.28,679,35.3018,-116.8057,20.73,20.84,0.000132309,0.000334305,1.48e-05,7.4e-06,0.395772896,0.168201354,88.79222583,5.179664862,5.943934512,0.191986218,1114.301118,17.87959459,22.58817568,167.1451677,CI,GSC,-999.0,636,0.065422564,-0.035106954,0.05751764,0.100529518,CI.GSC,636,0.065422564,38.9856987,1000.460022,7.605160236,0.06542256421857395,636,788.7301460262175,575.2902634361474,740.3903211908288,568.6626001939112
100111,RSN14728,59,14728, GSC,3.84,34.2268,-117.4407,8.593,132.67,679,35.3018,-116.8057,21.7,21.84,-0.000485584,-0.000874491,1.87e-05,1.48e-05,0.555275911,0.162284948,86.68274318,5.179664862,6.151676073,0.261799388,1547.690092,32.80972973,46.7642246,232.1535138,CI,GSC,-999.0,767,-0.121865674,-0.035106954,0.05751764,-0.08675872,CI.GSC,767,-0.121865674,38.9856987,1000.460022,7.605160236,-0.12186567380855973,767,878.3945963157985,657.1278596453026,841.3493085179553,654.5914531145701
100111,RSN15526,59,15526, GSC,3.68,34.7251,-116.0506,2.727,94.04,679,35.3018,-116.8057,22.36,22.52,0.00017141,0.000333339,1.8e-05,9.33e-06,0.51422162,0.168376523,88.92458488,5.179664862,5.93802414,0.244346095,1399.078683,18.37191854,18.51883333,209.8618025,CI,GSC,-999.0,734,-0.077887901,-0.035106954,0.05751764,-0.042780947,CI.GSC,734,-0.077887901,38.9856987,1000.460022,7.605160236,-0.07788790105581889,734,668.3806923366799,607.849349913871,688.4023977954018,607.0553753715526
100111,RSN16880,59,16880, GSC,3.6,34.2088,-117.5824,7.536,140.57,679,35.3018,-116.8057,14.02,14.11,-0.000147057,-0.000280919,1.2e-05,9.49e-06,0.523484458,0.163366986,87.30784474,5.179664862,6.114431914,0.244346095,1462.660926,15.49599579,23.40991667,219.3991389,CI,GSC,-999.0,757,-0.108742126,-0.035106954,0.05751764,-0.073635172,CI.GSC,757,-0.108742126,38.9856987,1000.460022,7.605160236,-0.1087421258787522,757,896.0377890481382,658.8396184347678,852.7092247164903,658.1137229220318
100111,RSN15164,59,15164, GSC,3.9,33.867,-117.1038,11.856,161.5,679,35.3018,-116.8057,26.01,26.16,-0.000274417,-0.00067043,1.9e-05,9.84e-06,0.409314631,0.15964658,86.11843049,5.179664862,6.24946745,0.191986218,1208.682401,27.8879065,35.28578947,181.3023602,CI,GSC,-999.0,665,0.020834087,-0.035106954,0.05751764,0.055941041,CI.GSC,665,0.020834087,38.9856987,1000.460022,7.605160236,0.020834086902842053,665,634.7719667760567,550.8265415545135,653.3187680756354,556.2444754594835
100111,RSN8798,59,8798, GSC,5.39,33.9465,-117.7667,14.89,174.27,679,35.3018,-116.8057,25.11,25.37,-0.012073135,-0.020617921,0.001107724,0.000733796,0.585565108,0.15780676,85.40962495,5.179664862,6.31653763,0.261799388,1657.840545,16.45298557,18.61286837,248.6760818,CI,GSC,-999.0,736,-0.080608991,-0.035106954,0.05751764,-0.045502037,CI.GSC,736,-0.080608991,38.9856987,1000.460022,7.605160236,-0.08060899117018039,736,773.8791587675262,596.4503159324659,759.2414772897146,602.7413038732792
100111,RSN16012,59,16012, GSC,3.73,35.6346,-117.5657,2.693,78.24,679,35.3018,-116.8057,32.26,32.33,0.000111411,0.000268476,6.32e-05,1.94e-05,0.414975271,0.168364417,88.72387218,5.179664862,5.93802414,0.191986218,1159.712849,5.742835052,4.248037975,173.9569274,CI,GSC,-999.0,647,0.048274833,-0.035106954,0.05751764,0.083381787,CI.GSC,647,0.048274833,38.9856987,1000.460022,7.605160236,0.04827483305779534,647,590.9483043957385,545.7630638777206,607.2040429596551,544.3800008441946
100111,RSN10069,59,10069, GSC,4.18,34.3617,-118.6637,11.151,199.41,679,35.3018,-116.8057,6.58,6.74,7e-05,0.000193462,1.68e-05,1.14e-05,0.361995096,0.160214315,87.06514799,5.179664862,6.233452986,0.174532925,1078.632087,6.140350877,11.51559524,161.7948131,CI,GSC,-999.0,627,0.079674587,-0.035106954,0.05751764,0.114781541,CI.GSC,627,0.079674587,38.9856987,1000.460022,7.605160236,0.07967458692577534,627,589.2489898460619,522.9420917705417,619.8267475819247,526.6734152076531
100111,RSN13997,59,13997, GSC,4.15,33.638,-116.7082,12.649,184.78,679,35.3018,-116.8057,14.92,15.06,-7.52e-05,-0.000184399,1.45e-05,1.44e-05,0.407887925,0.159288294,86.35770917,5.179664862,6.265244507,0.191986218,1207.761407,5.222222222,12.71717241,181.1642111,CI,GSC,-999.0,665,0.020834087,-0.035106954,0.05751764,0.055941041,CI.GSC,665,0.020834087,38.9856987,1000.460022,7.605160236,0.020834086902842053,665,629.1149873621288,546.9272005900714,651.0791061800375,551.7048338074623
100111,RSN18014,59,18014, GSC,5.0,36.3864,-117.8583,7.408,153.38,679,35.3018,-116.8057,13.1,13.31,0.001196209,0.001736223,0.000234607,0.000139816,0.688971737,0.163484617,87.58596003,5.179664862,6.11135504,0.296705973,1815.295248,8.555594496,7.400559233,272.2942872,CI,GSC,-999.0,789,-0.150145193,-0.035106954,0.05751764,-0.115038239,CI.GSC,789,-0.150145193,38.9856987,1000.460022,7.605160236,-0.15014519328717757,789,825.0207673247813,660.9682913801138,815.8794884420014,667.5686881781533
100114,RSN11196,61,11196, LDR,4.42,34.0665,-118.8938,12.827,114.36,378,34.9906,-118.3416,26.27,26.46,-0.001263289,-0.001899452,3.03e-05,4.39e-05,0.665080929,0.158661011,84.02496521,5.179664862,6.268505043,0.296705973,1824.408237,28.77651481,62.68818482,273.6612356,CI,LDR,-999.0,792,-0.739667196,-0.735366324,-0.642741731,-0.004300872,CI.LDR,792,-0.739667196,7.184519768,1117.209961,6.364550114,-0.739667196194838,792,743.4056632875106,729.4032473076982,703.8345823167431,706.9557408316147
100114,RSN17569,61,17569, LDR,3.4,34.0733,-118.867,10.648,112.61,378,34.9906,-118.3416,20.46,20.59,-0.000121918,-0.000215417,1.23e-05,1.27e-05,0.565961273,0.160150933,85.03239759,5.179664862,6.220655727,0.261799388,1591.590567,9.59984252,17.51357724,238.7385851,CI,LDR,-999.0,724,-0.649897197,-0.735366324,-0.642741731,0.085469128,CI.LDR,724,-0.649897197,7.184519768,1117.209961,6.364550114,-0.649897196766128,724,672.1811306596178,652.5925202789557,645.6711112497301,645.2665082469185
100114,RSN9211,61,9211, LDR,5.03,35.3852,-118.6292,7.3,51.02,378,34.9906,-118.3416,15.05,15.26,-0.058446611,-0.073784971,0.000395975,9.45e-05,0.79212081,0.162365411,82.67359334,5.179664862,6.108664217,0.331612558,2023.121799,618.4826561,186.3374481,303.4682699,CI,LDR,-999.0,858,-0.819709904,-0.735366324,-0.642741731,-0.084343579,CI.LDR,858,-0.819709904,7.184519768,1117.209961,6.364550114,-0.8197099038683744,858,738.089285454235,791.9921364087055,731.357669030235,766.6378058958551
100114,RSN16017,61,16017, LDR,3.73,35.6346,-117.5657,2.693,100.42,378,34.9906,-118.3416,34.86,35.09,-0.000196621,-0.000307846,2.09e-05,1.21e-05,0.638697907,0.168381062,89.01028463,5.179664862,5.93802414,0.27925268,1663.443094,16.24966942,14.72947368,249.5164641,CI,LDR,-999.0,738,-0.669049629,-0.735366324,-0.642741731,0.066316695,CI.LDR,738,-0.669049629,7.184519768,1117.209961,6.364550114,-0.6690496289808845,738,668.6663263895231,664.9729803289877,641.8716940997091,658.5872020864647
100114,RSN18215,61,18215, LDR,4.36,36.3932,-117.8644,8.798,161.5,378,34.9906,-118.3416,12.16,12.33,-0.001559587,-0.00205685,9.78e-05,3.87e-05,0.758240674,0.162142388,87.20975481,5.179664862,6.160106881,0.331612558,1968.876022,40.29940568,21.03118609,295.3314033,CI,LDR,-999.0,840,-0.798507696,-0.735366324,-0.642741731,-0.063141372,CI.LDR,840,-0.798507696,7.184519768,1117.209961,6.364550114,-0.7985076962177713,840,849.9061242809155,812.0179339074115,820.8184973785897,792.7375647710525
100115,RSN10084,62,10084, LEV,4.18,34.3617,-118.6637,11.151,44.26,505,34.6146,-118.291,6.46,6.62,-0.002787935,-0.005374672,0.000200076,0.000208375,0.518717253,0.156133142,76.71737727,5.179664862,6.233452986,0.244346095,1519.318652,13.37941212,26.863152,227.8977978,,,-1.0,776,-0.429594091,-0.342913119,-0.250288525,-0.086680972,NA.NA,776,-0.429594091,2.213140011,967.0469971,3.833169937,-0.4295940909078588,776,663.8526716279464,724.2265525394205,667.6161226809483,709.7087128473743
100115,RSN8807,62,8807, LEV,5.39,33.9465,-117.7667,14.89,88.45,505,34.6146,-118.291,22.21,22.6,0.04247563,0.042084395,0.002425734,0.001053653,1.009296431,0.15633465,80.92898812,5.179664862,6.31653763,0.401425728,2465.117699,40.31273104,17.34913845,369.7676549,,,-1.0,999,-0.682196349,-0.342913119,-0.250288525,-0.339283231,NA.NA,999,-0.682196349,2.213140011,967.0469971,3.833169937,-0.6821963493731937,999,748.7638585936814,948.6106599786489,852.8602559841362,940.7879756375
100115,RSN9921,62,9921, LEV,4.59,34.9977,-119.1926,10.662,92.8,505,34.6146,-118.291,3.94,4.08,0.003128385,0.006010452,0.000281253,0.000115998,0.520490841,0.159846632,83.93928011,5.179664862,6.221029194,0.244346095,1488.066124,26.96930119,21.37026805,223.2099186,,,-1.0,766,-0.41662374,-0.342913119,-0.250288525,-0.073710622,NA.NA,766,-0.41662374,2.213140011,967.0469971,3.833169937,-0.4166237404652309,766,682.5013417179241,719.0025007979569,669.3619825811863,707.4155545290066
100115,RSN10459,62,10459, LEV,4.45,34.1081,-117.3062,14.795,106.6,505,34.6146,-118.291,14.15,14.23,-0.002580233,-0.0061157,0.0022709,0.000248721,0.421903173,0.157037779,82.51529386,5.179664862,6.313637877,0.191986218,1261.115355,10.37400541,2.693073231,189.1673033,,,-1.0,686,-0.306319198,-0.342913119,-0.250288525,0.03659392,NA.NA,686,-0.306319198,2.213140011,967.0469971,3.833169937,-0.3063191984505247,686,596.8671520722028,655.4239933462826,586.7552063423838,636.9429380260514
100115,RSN9212,62,9212, LEV,5.03,35.3852,-118.6292,7.3,90.89,505,34.6146,-118.291,9.5,9.72,-0.008501908,-0.014240742,0.000304725,0.000287644,0.597012982,0.163293312,85.95098517,5.179664862,6.108664217,0.261799388,1625.763439,29.55704969,46.73309377,243.8645159,,,-1.0,725,-0.361613226,-0.342913119,-0.250288525,-0.018700107,NA.NA,725,-0.361613226,2.213140011,967.0469971,3.833169937,-0.3616132255793145,725,634.4133548557435,686.508483148228,631.0205856881087,680.3364472555378
100115,RSN10225,62,10225, LEV,4.34,35.0174,-119.1492,9.557,90.34,505,34.6146,-118.291,7.84,7.9,-0.000499439,-0.003114033,0.000601485,0.000247623,0.160383442,0.16086213,84.50811705,5.179664862,6.187968323,0.087266463,494.0938631,2.016932999,5.177241328,74.11407947,,,-1.0,371,0.308356367,-0.342913119,-0.250288525,0.651269485,NA.NA,371,0.308356367,2.213140011,967.0469971,3.833169937,0.3083563666679252,371,364.233313700541,377.2076564203973,364.1243392410237,370.96422194369705
100115,RSN10735,62,10735, LEV,4.66,34.2983,-118.6255,8.038,46.65,505,34.6146,-118.291,20.04,20.15,0.002945436,0.004496194,0.000619738,0.000327186,0.655095357,0.161264261,81.1109515,5.179664862,6.126524324,0.296705973,1775.630838,9.002328951,7.254991625,266.3446257,,,-1.0,776,-0.429594091,-0.342913119,-0.250288525,-0.086680972,NA.NA,776,-0.429594091,2.213140011,967.0469971,3.833169937,-0.4295940909078588,776,657.8082254961291,735.1152828615828,664.4670766060325,724.7803795702011
100115,RSN11729,62,11729, LEV,4.5,34.3365,-116.8617,8.94,134.88,505,34.6146,-118.291,16.15,16.26,0.003153062,0.005857322,0.001570835,0.000298575,0.538311221,0.161899226,86.58353995,5.179664862,6.165704274,0.244346095,1508.886287,10.56036842,3.728795195,226.3329431,,,-1.0,773,-0.425720619,-0.342913119,-0.250288525,-0.082807501,NA.NA,773,-0.425720619,2.213140011,967.0469971,3.833169937,-0.4257206193120622,773,965.5002625933552,780.2893510743436,850.0538532095908,773.9205799168387
100118,RSN16616,64,16616, LUG,3.69,33.735,-117.4936,9.693,70.92,365,34.3656,-117.3668,16.91,17.07,-0.002194666,-0.007397474,4.67e-05,5.92e-05,0.296677722,0.160219919,82.8193937,5.179664862,6.192470162,0.13962634,896.375952,37.07206081,158.4041542,134.4563928,CI,LUG,0.32,545,-0.400888441,-0.170436382,-0.077811789,-0.230452059,CI.LUG,545,-0.400888441,3.733690023,1137.849976,3.054860115,-0.4008884410807525,545,495.78512697958337,503.22427077342644,471.24357915066486,493.5050131479702
100118,RSN16955,64,16955, LUG,3.63,34.1242,-116.405,9.555,92.56,365,34.3656,-117.3668,12.09,12.24,0.000476428,0.003206456,3.72e-05,4.2e-05,0.148584098,0.160896244,84.62935203,5.179664862,6.187901101,0.06981317,457.842839,11.34352381,86.19505376,68.67642585,CI,LUG,0.32,355,0.027779564,-0.170436382,-0.077811789,0.198215946,CI.LUG,355,0.027779564,3.733690023,1137.849976,3.054860115,0.027779564107075494,355,392.17450996484456,384.3554425008717,366.85847882991726,364.1555031276876
100118,RSN10092,64,10092, LUG,4.18,34.3617,-118.6637,11.151,119.3,365,34.3656,-117.3668,10.9,11.04,0.002539354,0.007876768,0.001910305,0.000526346,0.32238528,0.159834401,85.08321114,5.179664862,6.233452986,0.157079633,971.7992807,4.824495674,4.12330387,145.7698921,CI,LUG,0.32,586,-0.473422436,-0.170436382,-0.077811789,-0.302986054,CI.LUG,586,-0.473422436,3.733690023,1137.849976,3.054860115,-0.4734224359945207,586,540.0043965954164,540.1618265777453,519.2825001972678,533.6467691949767
100118,RSN12618,64,12618, LUG,4.11,33.5089,-116.8485,12.274,106.42,365,34.3656,-117.3668,14.4,14.55,-0.000345138,-0.001265736,0.000225477,7.49e-05,0.272678015,0.158880958,83.8715492,5.179664862,6.258050482,0.13962634,835.9791904,4.607983979,5.613592517,125.3968786,CI,LUG,0.32,513,-0.340378492,-0.170436382,-0.077811789,-0.169942109,CI.LUG,513,-0.340378492,3.733690023,1137.849976,3.054860115,-0.34037849158827793,513,464.4243854125902,470.2916289557495,448.08779860909135,465.2589493465808
100118,RSN19382,64,19382, LUG,3.43,34.1381,-117.4717,5.767,27.02,365,34.3656,-117.3668,22.06,22.17,-0.00476975,-0.017380498,0.000214609,2.78e-05,0.274431129,0.162155631,79.20443397,5.179664862,6.057771424,0.13962634,824.0009702,171.573741,80.98680857,123.6001455,CI,LUG,0.32,508,-0.330584094,-0.170436382,-0.077811789,-0.160147712,CI.LUG,508,-0.330584094,3.733690023,1137.849976,3.054860115,-0.33058409399599054,508,458.89670066503135,484.7968062901307,448.49983588296556,472.00344470017285
100118,RSN17466,64,17466, LUG,3.59,34.0938,-117.4347,3.015,30.79,365,34.3656,-117.3668,31.35,31.42,-0.001068728,-0.006081341,0.000183272,4.74e-05,0.175738938,0.168001132,86.02531936,5.179664862,5.93802414,0.087266463,517.1021093,22.54700422,33.18205181,77.5653164,CI,LUG,0.32,381,-0.042902022,-0.170436382,-0.077811789,0.127534361,CI.LUG,381,-0.042902022,3.733690023,1137.849976,3.054860115,-0.042902021544209745,381,368.25927087720777,384.38048953716765,357.6692125968691,371.8781304684277
100118,RSN15001,64,15001, LUG,3.74,34.1651,-117.4332,7.875,23.07,365,34.3656,-117.3668,21.67,21.74,-0.002515957,-0.017263309,0.000204029,0.00053141,0.145740139,0.155908797,72.64597536,5.179664862,6.12204057,0.06981317,463.634191,4.734493141,84.61203554,69.54512865,CI,LUG,0.32,358,0.019364367,-0.170436382,-0.077811789,0.18980075,CI.LUG,358,0.019364367,3.733690023,1137.849976,3.054860115,0.01936436718179113,358,368.7811861550654,382.45146263385067,359.6202157472775,366.5786051283655
100118,RSN14509,64,14509, LUG,4.01,33.2617,-116.0659,5.761,171.75,365,34.3656,-117.3668,42.6,42.8,-0.000251522,-0.000870649,0.00011483,0.000117453,0.288890023,0.16501963,88.39580046,5.179664862,6.057510055,0.13962634,849.2055436,2.141469354,7.582069146,127.3808315,CI,LUG,0.32,520,-0.353931458,-0.170436382,-0.077811789,-0.183495076,CI.LUG,520,-0.353931458,3.733690023,1137.849976,3.054860115,-0.35393145799298154,520,682.8862481735925,524.7330247072726,587.5959104553473,524.2806921885773
100118,RSN13731,64,13731, LUG,3.97,33.9535,-117.7457,11.873,57.54,365,34.3656,-117.3668,13.55,13.61,-0.000903953,-0.003351229,0.000225456,0.000240037,0.269737732,0.157071106,79.01212428,5.179664862,6.249828919,0.13962634,837.1059142,3.765890259,14.86422628,125.5658871,CI,LUG,0.32,514,-0.342325912,-0.170436382,-0.077811789,-0.17188953,CI.LUG,514,-0.342325912,3.733690023,1137.849976,3.054860115,-0.342325911872674,514,466.98765697928076,475.172079562526,448.02905233871655,465.6077852219754
100118,RSN17091,64,17091, LUG,3.52,34.2098,-116.4371,4.645,87.33,365,34.3656,-117.3668,25.7,25.79,0.000304348,0.0023459,0.000128071,7.82e-05,0.129736252,0.166663807,87.54452654,5.179664862,5.994593769,0.06981317,386.9209219,3.891918159,18.31718344,58.03813829,CI,LUG,0.32,319,0.134706251,-0.170436382,-0.077811789,0.305142633,CI.LUG,319,0.134706251,3.733690023,1137.849976,3.054860115,0.1347062507976471,319,395.8122098171646,373.3768528122201,337.3140651052907,344.30396287486536
100118,RSN9374,64,9374, LUG,4.88,34.0655,-117.0011,17.501,47.37,365,34.3656,-117.3668,17.0,17.1,-0.018375533,-0.145316042,0.00328511,0.000559436,0.126452197,0.147444435,70.26620694,5.179664862,6.383907006,0.06981317,426.4610037,32.84653294,44.23475683,63.96915056,CI,LUG,0.32,340,0.070951736,-0.170436382,-0.077811789,0.241388118,CI.LUG,340,0.070951736,3.733690023,1137.849976,3.054860115,0.07095173597228399,340,356.5792834935071,364.63509171666794,348.1875892459222,360.9039908572157
100118,RSN16676,64,16676, LUG,3.79,34.0456,-117.2248,15.927,37.83,365,34.3656,-117.3668,33.19,33.34,0.002427908,0.016734132,5.9e-05,4.28e-05,0.145087163,0.146136743,68.0292536,5.179664862,6.345939946,0.06981317,492.4664201,56.72682243,283.6293559,73.86996302,CI,LUG,0.32,370,-0.013605652,-0.170436382,-0.077811789,0.15683073,CI.LUG,370,-0.013605652,3.733690023,1137.849976,3.054860115,-0.01360565205577835,370,377.160433591168,387.2765685819577,371.39874830079964,376.2066753340202
100119,RSN12767,65,12767, MCT,4.26,33.9538,-116.3912,7.696,44.29,1188,34.2265,-116.0407,20.4,20.46,-0.000633295,-0.002046011,0.000324419,4.41e-05,0.309526776,0.161502582,81.14893426,5.179664862,6.118116656,0.157079633,926.7477688,14.36043084,6.306692888,139.0121653,CI,MCT,-999.0,562,0.74852465,0.441615991,0.534240584,0.306908659,CI.MCT,562,0.74852465,24.11910057,615.335022,8.528459549,0.7485246500288998,562,509.60175499723834,577.068061004406,536.874438511345,607.5527443653415
100119,RSN14597,65,14597, MCT,4.11,35.6211,-117.5805,9.045,209.12,1188,34.2265,-116.0407,48.75,48.91,8.2e-05,0.00010083,5.36e-06,4.42e-06,0.813300626,0.161959576,87.7743349,5.179664862,6.169722379,0.34906585,2070.831625,18.5520362,18.81156716,310.6247438,CI,MCT,-999.0,873,0.308090944,0.441615991,0.534240584,-0.133525047,CI.MCT,873,0.308090944,24.11910057,615.335022,8.528459549,0.30809094408298865,873,854.0882258536208,957.6021992002384,935.2293211303472,979.9237100198156
100119,RSN16618,65,16618, MCT,3.69,33.735,-117.4936,9.693,144.91,1188,34.2265,-116.0407,11.48,11.63,5.49e-05,9.7e-05,5.28e-06,3.64e-06,0.565351943,0.161188888,86.5212585,5.179664862,6.192470162,0.261799388,1580.030336,15.08241758,18.37121212,237.0045504,CI,MCT,-999.0,735,0.480156001,0.441615991,0.534240584,0.03854001,CI.MCT,735,0.480156001,24.11910057,615.335022,8.528459549,0.48015600070975406,735,816.7098546634543,809.4515684910073,809.4979175777177,829.611980672497
100119,RSN15633,65,15633, MCT,3.87,33.7513,-116.0218,8.756,52.74,1188,34.2265,-116.0407,22.85,22.93,0.001067178,0.003121836,8.79e-05,1.79e-05,0.341843123,0.160533681,81.35280516,5.179664862,6.158414042,0.157079633,1020.156354,59.61888268,35.51576792,153.0234531,CI,MCT,-999.0,609,0.668208232,0.441615991,0.534240584,0.226592241,CI.MCT,609,0.668208232,24.11910057,615.335022,8.528459549,0.6682082322126934,609,543.8663818354552,633.510069341324,581.8877269451939,652.5173862983875
100119,RSN14510,65,14510, MCT,4.01,33.2617,-116.0659,5.761,107.04,1188,34.2265,-116.0407,30.8,30.98,-0.000730291,-0.000614926,1.47e-05,1.13e-05,1.1876091,0.164914888,87.4038239,5.179664862,6.057510055,0.436332313,2558.414323,64.62752212,41.83170068,383.7621485,CI,MCT,-999.0,1027,0.14562929,0.441615991,0.534240584,-0.295986701,CI.MCT,1027,0.14562929,24.11910057,615.335022,8.528459549,0.1456292899940328,1027,853.4468025967832,1027.5546839562444,895.6617904446142,1032.0067715189707
100119,RSN13258,65,13258, MCT,4.19,34.3571,-116.8418,9.486,75.16,1188,34.2265,-116.0407,18.45,18.52,0.002363354,0.003583455,0.000149676,9.75e-06,0.659518303,0.16061413,83.45814414,5.179664862,6.185563454,0.296705973,1791.441152,242.3952821,23.94141345,268.7161728,CI,MCT,-999.0,781,0.41945135,0.441615991,0.534240584,-0.022164641,CI.MCT,781,0.41945135,24.11910057,615.335022,8.528459549,0.41945135008290446,781,667.6449467087396,801.6416774186449,713.6390643381849,816.9479655360713
100119,RSN16764,65,16764, MCT,3.72,33.1099,-116.0467,7.494,123.85,1188,34.2265,-116.0407,36.08,36.15,-0.000108628,-0.000182579,8.61e-06,5.45e-06,0.594963464,0.163342909,86.95304939,5.179664862,6.113435346,0.261799388,1621.064005,19.93174312,21.20545877,243.1596008,CI,MCT,-999.0,723,0.496617278,0.441615991,0.534240584,0.055001287,CI.MCT,723,0.496617278,24.11910057,615.335022,8.528459549,0.4966172777638258,723,756.0066236131119,776.4862608281076,724.8426534259328,786.4396395184638
100119,RSN16271,65,16271, MCT,3.64,33.223,-116.7186,8.687,127.81,1188,34.2265,-116.0407,27.75,27.82,-0.000104347,-0.00021071,6.63e-05,3.98e-05,0.495215608,0.162152354,86.50882977,5.179664862,6.155594857,0.226892803,1404.585211,2.62178392,3.178129713,210.6877817,CI,MCT,-999.0,736,0.478796381,0.441615991,0.534240584,0.03718039,CI.MCT,736,0.478796381,24.11910057,615.335022,8.528459549,0.4787963811937139,736,844.7749165009103,799.2362148932427,806.7226639842595,816.911473216991
100119,RSN17269,65,17269, MCT,3.53,34.2894,-116.8271,6.278,72.77,1188,34.2265,-116.0407,25.81,25.89,0.00045162,0.000826224,3.2e-05,1.53e-05,0.546606978,0.164077275,85.74856457,5.179664862,6.07791863,0.244346095,1506.825372,29.51764706,25.8195,226.0238058,CI,MCT,-999.0,772,0.43104195,0.441615991,0.534240584,-0.010574041,CI.MCT,772,0.43104195,24.11910057,615.335022,8.528459549,0.4310419498978142,772,714.1696129646077,803.0812298109229,729.5810122546604,821.2567505530378
100119,RSN14245,65,14245, MCT,3.94,32.7219,-116.8133,20.237,181.67,1188,34.2265,-116.0407,18.8,18.96,-0.000108013,-0.000141593,1.16e-05,9.01e-06,0.762844094,0.154389813,83.89982713,5.179664862,6.440435438,0.331612558,2076.021661,11.98812431,12.2062931,311.4032492,CI,MCT,-999.0,875,0.305802614,0.441615991,0.534240584,-0.135813377,CI.MCT,875,0.305802614,24.11910057,615.335022,8.528459549,0.3058026135649765,875,933.6501417427663,964.9171439658666,913.1326457514933,975.3591669153628
100119,RSN8812,65,8812, MCT,5.39,33.9465,-117.7667,14.89,162.3,1188,34.2265,-116.0407,24.2,24.32,0.007491962,0.00879588,0.002823714,0.001967212,0.851758102,0.157728674,85.06911396,5.179664862,6.31653763,0.34906585,2188.564604,3.808416175,3.115003857,328.2846906,CI,MCT,-999.0,911,0.265483603,0.441615991,0.534240584,-0.176132388,CI.MCT,911,0.265483603,24.11910057,615.335022,8.528459549,0.2654836026626324,911,776.0531018098189,923.4436874670016,872.4990332045786,966.0706910500148
100119,RSN10095,65,10095, MCT,4.18,34.3617,-118.6637,11.151,241.95,1188,34.2265,-116.0407,5.42,5.73,5.35e-05,8.75e-05,7.24e-06,3.78e-06,0.612003673,0.160281425,87.5780708,5.179664862,6.233452986,0.27925268,1693.447602,14.15343915,12.08563536,254.0171403,CI,MCT,-999.0,748,0.462623522,0.441615991,0.534240584,0.021007531,CI.MCT,748,0.462623522,24.11910057,615.335022,8.528459549,0.46262352194811296,748,743.7585494794355,795.365720396534,777.5287572814797,832.3814523568635
100119,RSN13192,65,13192, MCT,4.11,33.7104,-116.0457,12.559,57.25,1188,34.2265,-116.0407,16.02,16.09,-0.011037422,-0.013103069,0.001072599,0.000580947,0.842353911,0.156357545,78.33732717,5.179664862,6.263559029,0.34906585,2192.67978,18.99901712,12.2161861,328.901967,CI,MCT,-999.0,913,0.263290619,0.441615991,0.534240584,-0.178325372,CI.MCT,913,0.263290619,24.11910057,615.335022,8.528459549,0.26329061932762254,913,671.2491833536002,902.5746583537335,768.4003094344865,923.0935628499407
100119,RSN16831,65,16831, MCT,3.49,34.309,-116.9297,9.684,82.38,1188,34.2265,-116.0407,9.54,9.61,0.000505833,0.001361029,6.54e-05,7.94e-06,0.371655163,0.160573929,83.88070011,5.179664862,6.192176404,0.174532925,1101.587648,63.70692695,20.81084098,165.2381472,CI,MCT,-999.0,633,0.629556078,0.441615991,0.534240584,0.187940087,CI.MCT,633,0.629556078,24.11910057,615.335022,8.528459549,0.6295560777784148,633,593.6447075279023,676.1948692250262,627.5892446495953,688.3486676770136
100119,RSN11410,65,11410, MCT,4.73,33.7328,-117.4921,10.018,144.87,1188,34.2265,-116.0407,22.6,22.7,0.000355639,0.000583643,0.000177005,6.22e-05,0.609343391,0.160900419,86.39153834,5.179664862,6.202702587,0.27925268,1681.475049,5.71766881,3.297324934,252.2212574,CI,MCT,-999.0,744,0.467985465,0.441615991,0.534240584,0.026369474,CI.MCT,744,0.467985465,24.11910057,615.335022,8.528459549,0.467985465089499,744,807.7766403668259,811.9933619831401,810.233522793455,833.4700944749997
100119,RSN17508,65,17508, MCT,3.62,33.9521,-116.3635,9.067,42.59,1188,34.2265,-116.0407,21.7,21.76,-0.001258982,-0.003075167,0.000138325,6.48e-06,0.409402731,0.159011389,78.86889188,5.179664862,6.170551665,0.191986218,1213.735614,194.2873457,22.23146214,182.0603421,CI,MCT,-999.0,667,0.577236454,0.441615991,0.534240584,0.135620463,CI.MCT,667,0.577236454,24.11910057,615.335022,8.528459549,0.5772364540069672,667,582.2480299089243,668.1830056333446,618.249230173175,705.1069455180052
100119,RSN15530,65,15530, MCT,3.68,34.7251,-116.0506,2.727,55.32,1188,34.2265,-116.0407,21.65,21.72,-0.000330897,-0.000354732,5.65e-05,5.28e-05,0.932810443,0.168316853,88.13368278,5.179664862,5.93802414,0.383972435,2182.215206,6.266988636,6.278442478,327.3322809,CI,MCT,-999.0,909,0.267681406,0.441615991,0.534240584,-0.173934585,CI.MCT,909,0.267681406,24.11910057,615.335022,8.528459549,0.2676814057451118,909,709.0521587805981,939.1206970264438,799.5709048224421,933.9192712447135
100119,RSN13859,65,13859, MCT,4.17,34.3277,-116.829,4.957,73.45,1188,34.2265,-116.0407,21.47,21.54,0.001561862,0.002934758,0.000173622,1.56e-05,0.532194582,0.165983678,86.85428403,5.179664862,6.015610792,0.244346095,1458.555018,100.119359,16.90314591,218.7832527,CI,MCT,-999.0,756,0.451985124,0.441615991,0.534240584,0.010369133,CI.MCT,756,0.451985124,24.11910057,615.335022,8.528459549,0.4519851237430572,756,692.9834298613712,784.8725893242764,711.4566648173015,806.9442815498122
100119,RSN14740,65,14740, MCT,3.84,34.2268,-117.4407,8.593,128.99,1188,34.2265,-116.0407,20.88,20.96,0.000592405,0.000845113,0.000144411,3.99e-05,0.700977579,0.162267567,86.57850709,5.179664862,6.151676073,0.314159265,1858.153577,14.84724311,5.852137303,278.7230366,CI,MCT,-999.0,803,0.391671786,0.441615991,0.534240584,-0.049944205,CI.MCT,803,0.391671786,24.11910057,615.335022,8.528459549,0.39167178597582897,803,769.8421765996106,862.5864049693672,816.4622517476034,870.584893658793
100119,RSN15708,65,15708, MCT,3.81,32.4923,-116.8468,13.18,206.45,1188,34.2265,-116.0407,21.93,22.08,-3.59e-05,-5.72e-05,6.98e-06,4.03e-06,0.627883934,0.159089651,86.59978949,5.179664862,6.274698597,0.27925268,1738.734133,8.908188586,8.194842407,260.81012,CI,MCT,-999.0,763,0.442768469,0.441615991,0.534240584,0.001152478,CI.MCT,763,0.442768469,24.11910057,615.335022,8.528459549,0.4427684686381337,763,770.1264937524556,822.9447686321881,786.7852995590594,853.6194263549824
100119,RSN8239,65,8239, MCT,4.92,33.5083,-116.5143,15.2,91.04,1188,34.2264,-116.0407,17.43,17.64,-0.007139734,-0.009417326,0.000140028,4.25e-05,0.758148752,0.15615241,81.03391176,5.179664862,6.325747735,0.331612558,2044.237816,167.9937412,67.25316365,306.6356724,CI,MCT,-999.0,865,0.317296993,0.441615991,0.534240584,-0.124318998,CI.MCT,865,0.317296993,24.11910057,615.335022,8.528459549,0.3172969929907117,865,677.8678449099993,858.2403457567902,747.3370183485196,877.6023198412285
100119,RSN16723,65,16723, MCT,3.73,33.5058,-116.7636,16.276,104.23,1188,34.2265,-116.0407,22.17,22.24,7.51e-05,0.000144863,1.7e-05,1.14e-05,0.518661779,0.155654029,81.56391882,5.179664862,6.3549922,0.244346095,1523.865193,6.587719298,8.521352941,228.579779,CI,MCT,-999.0,777,0.42458615,0.441615991,0.534240584,-0.017029841,CI.MCT,777,0.42458615,24.11910057,615.335022,8.528459549,0.4245861495549432,777,763.1713365777489,795.5502957933701,759.9877958331847,822.5603982419979
100119,RSN18103,65,18103, MCT,5.19,36.4034,-117.8499,9.418,292.23,1188,34.2265,-116.0407,9.7,9.75,-4.39e-05,-7.38e-05,3.25e-05,1.42e-05,0.594368133,0.161660302,88.34301924,5.179664862,6.183223963,0.261799388,1636.70026,3.091549296,2.270769231,245.505039,CI,MCT,-999.0,729,0.488352768,0.441615991,0.534240584,0.046736777,CI.MCT,729,0.488352768,24.11910057,615.335022,8.528459549,0.48835276791393234,729,796.4832616793107,769.977121192521,773.0105173936496,815.6010625466214
100119,RSN14550,65,14550, MCT,3.78,34.0294,-116.7534,14.93,69.28,1188,34.2265,-116.0407,24.2,24.25,0.00019718,0.000464638,4.61e-05,2.06e-05,0.424373357,0.155064086,78.42296004,5.179664862,6.317747533,0.191986218,1283.549204,9.57184466,10.0789154,192.5323806,CI,MCT,-999.0,694,0.537554539,0.441615991,0.534240584,0.095938549,CI.MCT,694,0.537554539,24.11910057,615.335022,8.528459549,0.5375545394157859,694,603.9734104428857,712.4223831419456,640.991489399176,737.9651863011375
100119,RSN18357,65,18357, MCT,3.34,33.5022,-116.5193,11.15,91.74,1188,34.2265,-116.0407,14.56,14.64,-9.51e-05,-0.000168081,1.35e-05,1.5e-05,0.566027971,0.15941477,83.56549717,5.179664862,6.233428753,0.261799388,1599.085476,6.34,12.45044444,239.8628214,CI,MCT,-999.0,717,0.504950659,0.441615991,0.534240584,0.063334668,CI.MCT,717,0.504950659,24.11910057,615.335022,8.528459549,0.5049506593229705,717,632.3909622001477,735.9610093625067,673.0430010858107,758.4234557150519
100119,RSN17331,65,17331, MCT,3.56,33.4509,-116.5827,10.563,99.59,1188,34.2265,-116.0407,27.1,27.2,0.000145245,0.000261232,3.05e-05,5.94e-05,0.555999957,0.160053732,84.4266298,5.179664862,6.218365755,0.261799388,1570.85263,2.44520202,8.564983607,235.6278945,CI,MCT,-999.0,744,0.467985465,0.441615991,0.534240584,0.026369474,CI.MCT,744,0.467985465,24.11910057,615.335022,8.528459549,0.467985465089499,744,664.1503965822692,759.4813592281756,701.4068611070917,791.457542228735
100119,RSN14320,65,14320, MCT,4.19,33.4453,-116.439,8.875,94.17,1188,34.2265,-116.0407,16.94,17.09,-0.000938704,-0.001302699,2.14e-05,2.15e-05,0.720583967,0.161663102,85.10753159,5.179664862,6.16316588,0.314159265,1900.800981,43.66065116,60.87378505,285.1201472,CI,MCT,-999.0,818,0.373164163,0.441615991,0.534240584,-0.068451828,CI.MCT,818,0.373164163,24.11910057,615.335022,8.528459549,0.3731641633198439,818,690.5592969273042,836.2009445953984,744.5859725169195,849.3620280600277
100119,RSN13140,65,13140, MCT,4.06,33.2394,-116.2082,10.532,110.58,1188,34.2265,-116.0407,17.8,17.91,-0.00021087,-0.000348576,1.11e-05,5.16e-06,0.6049468,0.160224325,85.00222452,5.179664862,6.217520851,0.27925268,1679.475495,40.86627907,31.40324324,251.9213243,CI,MCT,-999.0,743,0.469330455,0.441615991,0.534240584,0.027714464,CI.MCT,743,0.469330455,24.11910057,615.335022,8.528459549,0.4693304552048314,743,717.1276130746731,778.9576372472103,730.2558354370848,797.2114069289889
100119,RSN10469,65,10469, MCT,4.45,34.1081,-117.3062,14.795,117.42,1188,34.2265,-116.0407,15.35,15.47,0.00125353,0.001988624,3.1e-05,1.09e-05,0.630350624,0.157279033,83.21809901,5.179664862,6.313637877,0.27925268,1763.818796,115.0027523,64.14916129,264.5728194,CI,MCT,-999.0,772,0.43104195,0.441615991,0.534240584,-0.010574041,CI.MCT,772,0.43104195,24.11910057,615.335022,8.528459549,0.4310419498978142,772,715.08553307386,790.8891924610255,736.7923197480288,815.91989579758
100119,RSN15174,65,15174, MCT,3.9,33.867,-117.1038,11.856,105.95,1188,34.2265,-116.0407,20.08,20.16,0.0002889,0.000459548,5e-05,1.24e-05,0.628661819,0.159148928,84.04078373,5.179664862,6.24946745,0.27925268,1739.667539,23.2983871,9.19096,260.9501309,CI,MCT,-999.0,764,0.441458711,0.441615991,0.534240584,-0.00015728,CI.MCT,764,0.441458711,24.11910057,615.335022,8.528459549,0.4414587107560699,764,655.5384736964522,777.2112620925226,702.2693209955657,808.7667988073288
100119,RSN9933,65,9933, MCT,4.59,34.9977,-119.1926,10.662,301.47,1188,34.2265,-116.0407,8.5,8.93,8.18e-05,9.1e-05,5.19e-06,3.72e-06,0.899832105,0.160661803,88.15533156,5.179664862,6.221029194,0.366519143,2229.735392,21.98924731,17.53371869,334.4603088,CI,MCT,-999.0,924,0.251314428,0.441615991,0.534240584,-0.190301563,CI.MCT,924,0.251314428,24.11910057,615.335022,8.528459549,0.25131442828090655,924,833.7428502472208,942.2444800176484,922.3852655292684,996.6008215985568
100119,RSN9050,65,9050, MCT,5.2,33.5328,-116.5697,15.48,91.19,1188,34.2265,-116.0407,13.4,13.49,-0.003414119,-0.005331497,0.001366905,0.000299274,0.64036768,0.155879764,80.86007165,5.179664862,6.333749326,0.27925268,1800.268526,11.40800404,3.900415172,270.0402789,CI,MCT,-999.0,784,0.41561748,0.441615991,0.534240584,-0.025998511,CI.MCT,784,0.41561748,24.11910057,615.335022,8.528459549,0.415617479572183,784,640.7249395258536,777.0264843641567,695.2710489003961,804.6542378275088
100119,RSN12699,65,12699, MCT,4.34,35.8373,-117.678,6.864,232.93,1188,34.2265,-116.0407,24.75,24.92,0.000127959,0.000148218,7.58e-06,6.13e-06,0.863315528,0.163967062,88.54584282,5.179664862,6.096821743,0.34906585,2122.748678,20.87422512,19.55382586,318.4123017,CI,MCT,-999.0,890,0.288805037,0.441615991,0.534240584,-0.152810954,CI.MCT,890,0.288805037,24.11910057,615.335022,8.528459549,0.28880503719640505,890,918.6321451141748,960.9264749625239,984.5919698081501,990.66156577129
100119,RSN14407,65,14407, MCT,4.14,34.8632,-116.3444,6.474,75.93,1188,34.2265,-116.0407,18.02,18.14,0.000435286,0.00037936,5.07e-06,7.64e-06,1.14742114,0.163899413,85.7693663,5.179664862,6.084678138,0.41887902,2522.13818,56.97460733,74.82445759,378.320727,CI,MCT,-999.0,1016,0.156397872,0.441615991,0.534240584,-0.285218119,CI.MCT,1016,0.156397872,24.11910057,615.335022,8.528459549,0.1563978717841632,1016,836.2759094660255,1024.7963912951564,890.4919067852343,1011.4767099635728
100119,RSN17928,65,17928, MCT,4.04,36.3911,-117.8665,9.439,291.96,1188,34.2265,-116.0407,12.41,12.52,0.000103207,0.000130054,5.41e-06,6.04e-06,0.793567951,0.161640508,88.33316321,5.179664862,6.183950287,0.331612558,2034.587432,17.08725166,24.03955638,305.1881148,CI,MCT,-999.0,861,0.321931995,0.441615991,0.534240584,-0.119683995,CI.MCT,861,0.321931995,24.11910057,615.335022,8.528459549,0.32193199549486007,861,737.821152243791,906.1963549971732,853.0337667277554,932.3380075412049
100119,RSN14455,65,14455, MCT,4.05,32.7091,-116.0396,7.817,168.3,1188,34.2265,-116.0407,42.85,42.94,-0.00035748,-0.000593958,9.59e-06,6.09e-06,0.601861408,0.163241624,87.66246347,5.179664862,6.120791156,0.27925268,1642.141199,58.69950739,61.93514077,246.3211799,CI,MCT,-999.0,731,0.48561304,0.441615991,0.534240584,0.043997049,CI.MCT,731,0.48561304,24.11910057,615.335022,8.528459549,0.4856130401728125,731,919.1707580314065,820.7586885627902,864.1864622090858,840.7818070304213
100119,RSN16891,65,16891, MCT,3.6,34.2088,-117.5824,7.536,142.08,1188,34.2265,-116.0407,12.8,12.86,0.000139083,0.000252029,9.29e-05,1.36e-05,0.551854575,0.163369552,87.32704643,5.179664862,6.114431914,0.244346095,1524.683309,10.22669118,2.712906351,228.7024964,CI,MCT,-999.0,778,0.423299976,0.441615991,0.534240584,-0.018316015,CI.MCT,778,0.423299976,24.11910057,615.335022,8.528459549,0.4232999757441993,778,935.0395712791022,859.4111458760325,898.346615303027,889.0101896035407
100119,RSN15364,65,15364, MCT,3.87,33.928,-116.7858,18.501,76.33,1188,34.2265,-116.0407,21.45,21.54,0.000766588,0.001601455,0.000122707,2.96e-05,0.478681889,0.152051264,76.8652532,5.179664862,6.40467109,0.226892803,1456.927156,25.89824324,13.05104843,218.5390734,CI,MCT,-999.0,755,0.453308751,0.441615991,0.534240584,0.01169276,CI.MCT,755,0.453308751,24.11910057,615.335022,8.528459549,0.4533087506735658,755,840.0607270045911,805.877679300636,758.7073803183687,816.417060827723
100119,RSN16108,65,16108, MCT,3.58,33.827,-117.0296,15.131,101.52,1188,34.2265,-116.0407,18.1,18.2,-7.51e-05,-0.000156728,8.77e-06,1.51e-05,0.478892759,0.156578912,81.95678826,5.179664862,6.323730411,0.226892803,1415.310328,4.973509934,17.8709236,212.2965492,CI,MCT,-999.0,740,0.473376314,0.441615991,0.534240584,0.031760323,CI.MCT,740,0.473376314,24.11910057,615.335022,8.528459549,0.4733763137243754,740,636.5379052783053,744.0606541200507,686.8509605205065,777.4361482046166
100119,RSN16956,65,16956, MCT,3.63,34.1242,-116.405,9.555,35.45,1188,34.2265,-116.0407,11.8,11.84,0.003221873,0.009095924,0.001132805,0.000120241,0.354210636,0.156720711,75.87655746,5.179664862,6.187901101,0.174532925,1081.564,26.79512812,8.029558485,162.2346,CI,MCT,-999.0,628,0.637486333,0.441615991,0.534240584,0.195870343,CI.MCT,628,0.637486333,24.11910057,615.335022,8.528459549,0.6374863334543921,628,539.2352059557406,640.7965546203656,582.4898442606284,666.6909942653199
100119,RSN9376,65,9376, MCT,4.88,34.0655,-117.0011,17.501,90.36,1188,34.2265,-116.0407,15.05,15.26,0.002578163,0.004312784,3.15e-05,1.33e-05,0.59779549,0.154019063,79.4963746,5.179664862,6.383907006,0.261799388,1725.358928,193.8468421,136.9137778,258.8038392,CI,MCT,-999.0,759,0.448024723,0.441615991,0.534240584,0.006408732,CI.MCT,759,0.448024723,24.11910057,615.335022,8.528459549,0.44802472252696024,759,829.6279551386781,806.40362140464,764.1125466848488,810.497277514931
100119,RSN10745,65,10745, MCT,4.66,34.2983,-118.6255,8.038,238.19,1188,34.2265,-116.0407,9.83,9.9,4.95e-05,0.000108431,3.59e-05,2.47e-05,0.456444907,0.163152151,88.29182959,5.179664862,6.126524324,0.20943951,1301.182651,2.004048583,3.020362117,195.1773977,CI,MCT,-999.0,701,0.527518613,0.441615991,0.534240584,0.085902622,CI.MCT,701,0.527518613,24.11910057,615.335022,8.528459549,0.5275186128880005,701,955.566624887334,788.329034182591,828.9947157757433,813.7557330580008
100119,RSN17379,65,17379, MCT,3.56,33.0804,-116.4826,10.835,133.56,1188,34.2265,-116.0407,30.93,30.99,-5.76e-05,-0.000142178,1.7e-05,9.34e-06,0.40487489,0.160184114,85.73890372,5.179664862,6.225560001,0.191986218,1193.347076,6.167023555,8.363411765,179.0020614,CI,MCT,-999.0,659,0.589302965,0.441615991,0.534240584,0.147686975,CI.MCT,659,0.589302965,24.11910057,615.335022,8.528459549,0.5893029654200834,659,616.2107855459029,694.9703990254516,652.1677334527836,721.9591723873655
100119,RSN13538,65,13538, MCT,4.06,32.7797,-117.3507,7.174,201.41,1188,34.2265,-116.0407,11.05,11.22,-0.000177144,-0.000258526,5.62e-05,2.98e-05,0.685208022,0.163711202,88.2318408,5.179664862,6.105409111,0.296705973,1805.830819,5.94442953,4.600106762,270.8746229,CI,MCT,-999.0,786,0.413069707,0.441615991,0.534240584,-0.028546283,CI.MCT,786,0.413069707,24.11910057,615.335022,8.528459549,0.413069707493384,786,923.7105783121606,859.0873042613784,894.1208586390961,889.9908067076542
100119,RSN12853,65,12853, MCT,4.02,33.7129,-116.0516,12.808,56.98,1188,34.2265,-116.0407,23.88,23.97,-0.002601977,-0.004384052,8.73e-05,7.79e-06,0.593509655,0.155982128,77.88304805,5.179664862,6.268161535,0.261799388,1694.43149,334.0150193,50.21823597,254.1647235,CI,MCT,-999.0,748,0.462623522,0.441615991,0.534240584,0.021007531,CI.MCT,748,0.462623522,24.11910057,615.335022,8.528459549,0.46262352194811296,748,620.4668426973379,768.0674886832956,675.9552025462111,784.5146803156589
100119,RSN17092,65,17092, MCT,3.52,34.2098,-116.4371,4.645,36.57,1188,34.2265,-116.0407,19.93,19.99,0.000418975,0.00132751,9.97e-05,1.05e-05,0.315610078,0.165919641,84.05448649,5.179664862,5.994593769,0.157079633,918.2447498,39.90238095,13.31504514,137.7367125,CI,MCT,-999.0,557,0.75746126,0.441615991,0.534240584,0.315845269,CI.MCT,557,0.75746126,24.11910057,615.335022,8.528459549,0.7574612599953063,557,497.8206804620391,586.2440698261717,525.2537907535412,608.2495465503935
100119,RSN12619,65,12619, MCT,4.11,33.5089,-116.8485,12.274,109.19,1188,34.2265,-116.0407,13.48,13.52,0.000140366,0.000243002,8.9e-05,2.78e-05,0.57763389,0.158930583,84.04054151,5.179664862,6.258050482,0.261799388,1629.114586,5.049136691,2.730359551,244.3671879,CI,MCT,-999.0,726,0.492476485,0.441615991,0.534240584,0.050860494,CI.MCT,726,0.492476485,24.11910057,615.335022,8.528459549,0.49247648509779474,726,650.9444694823253,746.0915924953613,684.7141853323876,767.8728451117366
100133,RSN17595,66,17595, TEH,3.4,34.0733,-118.867,10.648,141.17,895,35.2913,-118.4208,19.34,19.49,-5.65e-05,-8.29e-05,4.02e-06,4.63e-06,0.681517165,0.160374385,86.05773524,5.179664862,6.220655727,0.296705973,1836.413945,12.20302376,20.62189055,275.4620918,CI,TEH,-999.0,796,0.117224532,0.128041945,0.220666538,-0.010817413,CI.TEH,796,0.117224532,14.38210011,873.9069824,3.575030088,0.11722453243047237,796,763.1307513888752,726.3217674241728,911.194964624535,779.1850128337205
100133,RSN14610,66,14610, TEH,4.11,35.6211,-117.5805,9.045,84.6,895,35.2913,-118.4208,20.91,20.99,-0.001069154,-0.00191922,0.000123779,3.83e-05,0.557077597,0.161325792,84.46374569,5.179664862,6.169722379,0.261799388,1560.80756,27.91524804,15.50521494,234.121134,CI,TEH,-999.0,754,0.17143135,0.128041945,0.220666538,0.043389405,CI.TEH,754,0.17143135,14.38210011,873.9069824,3.575030088,0.17143135026689915,754,700.8544991520561,668.6135404249346,705.2292683720354,685.0487980349583
100133,RSN15341,66,15341, TEH,3.74,34.8437,-119.6912,11.07,126.07,895,35.2913,-118.4208,22.08,22.26,-0.000134037,-0.000171784,4.35e-06,6.84e-06,0.780264264,0.15994908,85.35721674,5.179664862,6.231475121,0.331612558,2033.717623,19.59605263,39.49057471,305.0576435,CI,TEH,-999.0,861,0.038729214,0.128041945,0.220666538,-0.089312731,CI.TEH,861,0.038729214,14.38210011,873.9069824,3.575030088,0.03872921384712491,861,772.4293731988379,770.6660194000314,957.9163117453535,821.4586840323261
100133,RSN13349,66,13349, TEH,4.2,34.3768,-117.6461,8.934,123.75,895,35.2913,-118.4208,15.7,15.79,-0.000234742,-0.000382457,2.97e-05,1.17e-05,0.613772731,0.161851698,86.27913538,5.179664862,6.165471616,0.27925268,1680.616732,20.0634188,12.87734007,252.0925098,CI,TEH,-999.0,744,0.184782683,0.128041945,0.220666538,0.056740738,CI.TEH,744,0.184782683,14.38210011,873.9069824,3.575030088,0.18478268344176385,744,785.6366490629752,669.7466215306739,762.1546021950583,698.3530239816157
100165,RSN14202,71,14202, CLC,4.02,36.0735,-117.8947,7.001,39.21,1464,35.8157,-117.5975,8.3,8.43,0.001334305,0.001488721,1.72e-05,7.13e-06,0.896276147,0.161908503,81.02590228,5.179664862,6.100723215,0.366519143,2207.383533,187.1395512,86.55354651,331.10753,CI,CLC,-999.0,917,0.467820222,0.53413576,0.626760353,-0.066315537,CI.CLC,917,0.467820222,18.78919983,767.2020264,12.03999996,0.46782022226479203,917,728.0806351822498,754.4859729312992,801.4368721196165,777.4970781543536
100165,RSN15351,71,15351, CLC,3.87,33.928,-116.7858,18.501,222.18,1464,35.8157,-117.5975,23.65,23.78,7.03e-05,9.08e-05,3.58e-06,1.15e-06,0.774637708,0.155648764,85.47219357,5.179664862,6.40467109,0.331612558,2080.067111,61.13043478,25.36312849,312.0100667,CI,CLC,-999.0,876,0.513561604,0.53413576,0.626760353,-0.020574156,CI.CLC,876,0.513561604,18.78919983,767.2020264,12.03999996,0.5135616035848649,876,974.0484823710134,765.6484082348052,898.4857817480791,784.4081499931618
100165,RSN13221,71,13221, CLC,4.19,34.3571,-116.8418,9.486,175.88,1464,35.8157,-117.5975,20.45,20.53,-0.000524552,-0.000485676,6.47e-05,8.5e-05,1.080044992,0.161474838,87.20789054,5.179664862,6.185563454,0.41887902,2483.423261,6.1712,7.506584235,372.5134892,CI,CLC,-999.0,1004,0.377180394,0.53413576,0.626760353,-0.156955365,CI.CLC,1004,0.377180394,18.78919983,767.2020264,12.03999996,0.3771803942695824,1004,737.6843412776354,853.8068375564569,945.8911843563249,882.4425856190574
100165,RSN10043,71,10043, CLC,4.18,34.3617,-118.6637,11.151,188.34,1464,35.8157,-117.5975,19.18,19.36,0.000156614,0.000214545,1.42e-05,1.61e-05,0.729984673,0.160188888,86.89283855,5.179664862,6.233452986,0.314159265,1935.274483,9.72757764,15.10880282,290.2911725,CI,CLC,-999.0,829,0.568707539,0.53413576,0.626760353,0.03457178,CI.CLC,829,0.568707539,18.78919983,767.2020264,12.03999996,0.5687075393859615,829,795.7273901311551,709.1122156339255,808.132470716748,722.8966141992679
100165,RSN9682,71,9682, CLC,4.69,35.0172,-119.0247,9.251,157.0,1464,35.8157,-117.5975,9.16,9.39,-0.000103963,-0.000206259,1.78e-05,4.86e-05,0.504038515,0.161653554,86.95289228,5.179664862,6.177322679,0.226892803,1429.206178,2.139156379,11.58758427,214.3809267,CI,CLC,-999.0,745,0.675543476,0.53413576,0.626760353,0.141407717,CI.CLC,745,0.675543476,18.78919983,767.2020264,12.03999996,0.675543476141697,745,948.251079690946,681.6348352863458,862.354251437084,695.1775808478641
100165,RSN14708,71,14708, CLC,3.84,34.2268,-117.4407,8.593,176.85,1464,35.8157,-117.5975,25.0,25.1,-0.000171314,-0.000251433,1.68e-05,5.93e-06,0.681349046,0.162404527,87.51557623,5.179664862,6.151676073,0.296705973,1813.142686,28.88937605,14.96625,271.9714029,CI,CLC,-999.0,788,0.619429605,0.53413576,0.626760353,0.085293845,CI.CLC,788,0.619429605,18.78919983,767.2020264,12.03999996,0.6194296046633774,788,867.830310348628,711.332455744619,846.9316068967078,729.7149059288255
100165,RSN14585,71,14585, CLC,4.11,35.6211,-117.5805,9.045,21.65,1464,35.8157,-117.5975,20.83,20.88,-0.004063556,-0.004705729,2.66e-05,8.68e-06,0.863533865,0.150372266,68.08754276,5.179664862,6.169722379,0.34906585,2315.01829,468.1516129,176.9071053,347.2527435,CI,CLC,-999.0,951,0.431413632,0.53413576,0.626760353,-0.102722128,CI.CLC,951,0.431413632,18.78919983,767.2020264,12.03999996,0.43141363197586635,951,714.8234731890894,764.6470238523351,762.1788779496047,792.8575482819527
100165,RSN12074,71,12074, CLC,4.42,34.8927,-119.0292,16.97,165.59,1464,35.8157,-117.5975,23.76,23.9,0.000114103,0.000175968,2.83e-05,1.1e-05,0.648431854,0.156200565,84.4381845,5.179664862,6.371886121,0.27925268,1812.961712,10.373,6.21795053,271.9442568,CI,CLC,-999.0,788,0.619429605,0.53413576,0.626760353,0.085293845,CI.CLC,788,0.619429605,18.78919983,767.2020264,12.03999996,0.6194296046633774,788,898.2063893620876,683.0965149150069,839.2754873975103,707.236852828441
100180,RSN18019,78,18019, LJR,5.0,36.3864,-117.8583,7.408,197.62,303,34.8076,-118.8678,11.93,12.35,-0.000818858,-0.001977359,0.000221282,0.000100994,0.414117154,0.163542451,88.12744579,5.179664862,6.11135504,0.191986218,1191.786477,8.107986613,8.935923392,178.7679716,CI,LJR,1.566666667,659,-0.776990729,-0.583633785,-0.491009192,-0.193356944,CI.LJR,280,0.078943202,6.779809952,1416.219971,9.977410316,0.07894320234011953,280,326.6324303831047,286.78965962327396,317.26657304256844,280.18166562020923
100180,RSN9730,78,9730, LJR,4.69,35.0172,-119.0247,9.251,27.32,303,34.8076,-118.8678,14.1,14.34,-0.025268091,-0.093291064,0.000307106,0.000440197,0.270852217,0.154299151,72.39336458,5.179664862,6.177322679,0.13962634,855.4285252,57.4017792,303.7748009,128.3142788,CI,LJR,1.566666667,524,-0.547758879,-0.583633785,-0.491009192,0.035874906,CI.LJR,524,-0.547758879,6.779809952,1416.219971,9.977410316,-0.5477588788116732,524,474.7842265810705,478.7337401802051,460.42303974282385,474.64858474431804
100180,RSN13329,78,13329, LJR,4.2,34.3768,-117.6461,8.934,121.84,303,34.8076,-118.8678,18.37,18.52,-0.000431139,-0.001811652,0.000377306,0.00018132,0.237981113,0.161840244,86.21729955,5.179664862,6.165471616,0.122173048,720.6061768,2.377779616,4.801545695,108.0909265,CI,LJR,1.566666667,464,-0.426151747,-0.583633785,-0.491009192,0.157482038,CI.LJR,464,-0.426151747,6.779809952,1416.219971,9.977410316,-0.4261517467168865,464,483.78079033872746,433.6817946011991,455.22172356428666,432.8710539009176
100193,RSN18312,81,18312, CWC,3.47,36.3879,-117.8711,9.151,19.62,580,36.4399,-118.0802,11.1375,11.225,0.004615961,0.01295591,0.000438149,0.000102935,0.356282296,0.147554339,65.63739747,5.179664862,6.173678858,0.174532925,1154.735904,44.84345461,29.56964412,173.2103856,CI,CWC,4.476666667,646,-0.1077714,-0.327516162,-0.234891569,0.219744762,CI.CWC,441,0.273983228,65.97869873,1687.25,27.37660027,0.27398322809361897,441,375.48337065287234,392.9898479979997,424.36937381917556,417.52747947443777
100193,RSN17907,81,17907, CWC,4.04,36.3911,-117.8665,9.439,19.92,580,36.4399,-118.0802,10.875,11.0375,0.032846565,0.045606087,4.57e-05,0.000137847,0.72022327,0.147787203,66.05122243,5.179664862,6.183950287,0.314159265,2078.558946,238.28277,997.9450109,311.7838419,CI,CWC,4.476666667,876,-0.412337987,-0.327516162,-0.234891569,-0.084821825,CI.CWC,599,-0.032233495,65.97869873,1687.25,27.37660027,-0.032233494574984256,599,465.5766717903648,521.5527169679303,454.80425134309763,514.313056006026
100193,RSN18305,81,18305, CWC,3.05,36.3904,-117.8704,9.371,19.6,580,36.4399,-118.0802,11.4625,11.5125,0.001187815,0.004449262,0.000203266,5.27e-05,0.266969127,0.146684394,65.0589552,5.179664862,6.181585801,0.122173048,885.8827985,22.53918406,21.88886484,132.8824198,CI,CWC,4.476666667,540,0.071458964,-0.327516162,-0.234891569,0.398975126,CI.CWC,540,0.071458964,65.97869873,1687.25,27.37660027,0.07145896398214457,540,477.0246915208787,484.166668371621,541.8052127705508,512.4399910946214
100193,RSN9881,81,9881, CWC,4.59,34.9977,-119.1926,10.662,189.04,580,36.4399,-118.0802,9.8,9.8875,-0.001253383,-0.001042209,0.000294109,0.000205861,1.202622367,0.16053097,87.04224609,5.179664862,6.221029194,0.436332313,2643.931554,6.088491749,3.543614782,396.5897331,CI,CWC,4.476666667,1054,-0.597319626,-0.327516162,-0.234891569,-0.269803463,CI.CWC,720,-0.216223108,65.97869873,1687.25,27.37660027,-0.21622310846963622,720,495.3129708206938,703.3147210928709,410.626226397822,608.1212386163992
100193,RSN14630,81,14630, CWC,3.9,35.3429,-118.5645,9.906,129.33,580,36.4399,-118.0802,35.6875,35.775,-0.000963378,-0.00080937,3.25e-05,2.67e-05,1.190280658,0.160920609,86.01988156,5.179664862,6.199256899,0.436332313,2624.714665,36.08157303,24.90369231,393.7071998,CI,CWC,4.476666667,1048,-0.591610761,-0.327516162,-0.234891569,-0.264094599,CI.CWC,716,-0.210652063,65.97869873,1687.25,27.37660027,-0.21065206342018072,716,451.8711020409838,661.4033924440564,410.8520854914133,586.7332486569377
100195,RSN10439,83,10439, GRA,4.45,34.1081,-117.3062,14.795,320.47,386,36.9961,-117.3662,15.62,15.76,0.000194851,0.000549316,8.97e-05,3.75e-05,0.354715236,0.158239399,87.52381465,5.179664862,6.313637877,0.174532925,1072.543619,5.196026667,6.123924192,160.8815429,CI,GRA,0.145362,625,-0.48191428,-0.263488365,-0.170863772,-0.218425915,CI.GRA,90,1.456027699,4.468639851,697.4530029,9.097610474,1.456027699134566,90,75.4281229673803,79.93067831325703,84.1572664340473,80.73354469043967
100195,RSN17990,83,17990, GRA,3.67,36.403,-117.8749,7.11,79.99,386,36.9961,-117.3662,14.09,14.23,0.000385533,0.001621183,2.2e-05,1.38e-05,0.237809838,0.163334545,85.52097692,5.179664862,6.103705693,0.122173048,713.5268725,27.93717391,73.69013636,107.0290309,CI,GRA,0.145362,461,-0.177560674,-0.263488365,-0.170863772,0.085927692,CI.GRA,461,-0.177560674,4.468639851,697.4530029,9.097610474,-0.1775606735318176,461,421.4773689285103,402.11786925886855,441.6391524891025,407.1547071150014
100195,RSN18257,83,18257, GRA,4.2,36.3905,-117.8695,8.829,80.87,386,36.9961,-117.3662,10.86,11.03,-0.001983629,-0.007280291,9.65e-05,5.62e-05,0.272465609,0.16151105,84.34039522,5.179664862,6.161345296,0.13962634,821.7688926,35.29588968,75.44343005,123.2653339,CI,GRA,0.145362,507,-0.272673634,-0.263488365,-0.170863772,-0.009185269,CI.GRA,507,-0.272673634,4.468639851,697.4530029,9.097610474,-0.2726736341263525,507,465.81523923736034,438.0291422107095,490.53703702852965,446.8827778263264
100195,RSN18089,83,18089, GRA,5.19,36.4034,-117.8499,9.418,78.7,386,36.9961,-117.3662,14.9,14.99,-0.000609107,-0.002824558,0.000628934,0.000283134,0.215646797,0.160770029,83.76093497,5.179664862,6.183223963,0.104719755,659.2136783,2.151302917,4.491024495,98.88205175,CI,GRA,0.145362,436,-0.121804874,-0.263488365,-0.170863772,0.141683492,CI.GRA,436,-0.121804874,4.468639851,697.4530029,9.097610474,-0.12180487388420325,436,411.5079409864308,385.8073757014964,428.2685585477875,397.291286436273
100200,RSN13195,85,13195, PFO,4.11,33.7104,-116.0457,12.559,39.9,763,33.6117,-116.4594,14.75,14.84,0.003224845,0.0029844,6.56e-05,9.92e-05,1.080567225,0.152743427,73.08106709,5.179664862,6.263559029,0.41887902,2626.036842,32.50851815,45.49390244,393.9055263,AZ,PFO,-1.0,1048,-0.317380834,-0.318076587,-0.225451994,0.000695753,AZ.PFO,1048,-0.317380834,10.1232996,1285.910034,6.906630039,-0.31738083359653047,1048,690.2969911414402,722.2380448481279,802.7536856397185,764.4053899716932
100200,RSN17280,85,17280, PFO,3.53,34.2894,-116.8271,6.278,82.5,763,33.6117,-116.4594,24.69,24.77,-0.000439847,-0.000320215,1.65e-05,7.31e-06,1.373599412,0.164181828,86.27184919,5.179664862,6.07791863,0.471238898,2762.838986,60.17058824,19.4069697,414.4258479,AZ,PFO,-1.0,1090,-0.356674944,-0.318076587,-0.225451994,-0.038598357,AZ.PFO,1090,-0.356674944,10.1232996,1285.910034,6.906630039,-0.35667494393873245,1090,917.1336963818264,784.1032644228022,907.6120386406134,819.0901332710131
100200,RSN14254,85,14254, PFO,3.94,32.7219,-116.8133,20.237,104.06,763,33.6117,-116.4594,25.36,25.51,-0.001168651,-0.000983777,3.01e-05,1.9e-05,1.187922202,0.152629813,79.42092211,5.179664862,6.440435438,0.436332313,2764.685486,61.50794737,32.68362126,414.7028229,AZ,PFO,-1.0,1091,-0.357591955,-0.318076587,-0.225451994,-0.039515368,AZ.PFO,1091,-0.357591955,10.1232996,1285.910034,6.906630039,-0.3575919545486137,1091,723.8121866250609,739.5254903412996,796.2876354675184,776.2284228784806
100200,RSN18123,85,18123, PFO,5.19,36.4034,-117.8499,9.418,334.71,763,33.6117,-116.4594,12.67,12.73,-4.69e-05,-4.56e-05,2.2e-05,1.16e-05,1.02818718,0.161676277,88.5519124,5.179664862,6.183223963,0.401425728,2407.591411,4.043103448,2.072727273,361.1387117,AZ,PFO,-1.0,981,-0.251314428,-0.318076587,-0.225451994,0.066762159,AZ.PFO,981,-0.251314428,10.1232996,1285.910034,6.906630039,-0.25131442828090655,981,869.7929316735999,695.5188282394416,934.4928456790777,752.6569455775095
100200,RSN17515,85,17515, PFO,3.62,33.9521,-116.3635,9.067,38.79,763,33.6117,-116.4594,19.01,19.12,-0.00749394,-0.005773561,7.5e-06,1.02e-05,1.297975364,0.15834034,77.70045033,5.179664862,6.170551665,0.453785606,2785.720743,734.7,769.8081333,417.8581115,AZ,PFO,-1.0,1097,-0.363076429,-0.318076587,-0.225451994,-0.044999842,AZ.PFO,1097,-0.363076429,10.1232996,1285.910034,6.906630039,-0.3630764289907731,1097,726.5573562653592,755.4880171719533,822.367968683982,797.9272986111266
100200,RSN11432,85,11432, PFO,4.73,33.7328,-117.4921,10.018,96.71,763,33.6117,-116.4594,30.6,30.67,0.000544914,0.000441792,6.11e-05,7.42e-05,1.233416076,0.160498542,84.57737156,5.179664862,6.202702587,0.436332313,2675.784072,7.343854447,7.230638298,401.3676108,AZ,PFO,-1.0,1064,-0.332532639,-0.318076587,-0.225451994,-0.014456052,AZ.PFO,1064,-0.332532639,10.1232996,1285.910034,6.906630039,-0.332532638617133,1064,754.3578581213056,713.0749319061297,815.0812174981724,761.5540526190806
100200,RSN16839,85,16839, PFO,3.49,34.309,-116.9297,9.684,88.72,763,33.6117,-116.4594,14.1,14.14,-0.00252852,-0.001863172,0.000293795,0.000433251,1.357104739,0.160695566,84.29983988,5.179664862,6.192176404,0.471238898,2808.525733,5.836155023,6.341741691,421.27886,AZ,PFO,-1.0,1104,-0.369437196,-0.318076587,-0.225451994,-0.051360609,AZ.PFO,1104,-0.369437196,10.1232996,1285.910034,6.906630039,-0.3694371955525835,1104,694.6398282924044,750.0069158795391,799.8953281945239,799.2628826586158
100200,RSN19388,85,19388, PFO,3.43,34.1381,-117.4717,5.767,110.37,763,33.6117,-116.4594,37.88,37.99,-8.25e-05,-7.88e-05,3.41e-05,1.62e-05,1.046694831,0.164919567,87.49582526,5.179664862,6.057771424,0.401425728,2382.729501,5.092592593,2.31085044,357.4094252,AZ,PFO,-1.0,973,-0.243126051,-0.318076587,-0.225451994,0.074950536,AZ.PFO,973,-0.243126051,10.1232996,1285.910034,6.906630039,-0.24312605090154804,973,830.4055722338705,718.080231287628,848.8500282054877,753.7017996490657
100200,RSN18375,85,18375, PFO,3.96,34.0609,-117.0231,12.849,72.15,763,33.6117,-116.4594,16.5,16.55,0.001264888,0.000996664,0.00040049,0.000630942,1.269121345,0.15734154,80.5253772,5.179664862,6.26890146,0.453785606,2775.576723,2.004761135,2.488611451,416.3365085,AZ,PFO,-1.0,1094,-0.360337952,-0.318076587,-0.225451994,-0.042261365,AZ.PFO,1094,-0.360337952,10.1232996,1285.910034,6.906630039,-0.3603379516974696,1094,678.6371058100593,726.8548403340908,785.8199089211353,775.2091285778013
100200,RSN15744,85,15744, PFO,3.81,32.9942,-116.2977,5.726,70.12,763,33.6117,-116.4594,24.14,24.29,-0.002558531,-0.001907586,1.56e-05,1.36e-05,1.341239637,0.16472888,86.02433625,5.179664862,6.055972626,0.471238898,2726.161984,188.1272794,122.2811538,408.9242976,AZ,PFO,-1.0,1079,-0.346531934,-0.318076587,-0.225451994,-0.028455347,AZ.PFO,1079,-0.346531934,10.1232996,1285.910034,6.906630039,-0.34653193397367765,1079,871.682969149999,762.6287343798687,882.1857791303978,804.3973647315258
100200,RSN9071,85,9071, PFO,5.2,33.5328,-116.5697,15.48,13.47,763,33.6117,-116.4594,20.74,20.78,0.092131884,0.147265824,0.000261906,0.000123243,0.62561619,0.105475551,41.91717949,5.179664862,6.333749326,0.27925268,2615.580358,747.5628149,562.2850336,392.3370537,AZ,PFO,-1.0,1045,-0.314514133,-0.318076587,-0.225451994,0.003562454,AZ.PFO,1045,-0.314514133,10.1232996,1285.910034,6.906630039,-0.31451413311445453,1045,795.5183237971954,775.0493191899365,837.8236247328377,805.578231039074
100200,RSN12778,85,12778, PFO,4.26,33.9538,-116.3912,7.696,38.47,763,33.6117,-116.4594,23.09,23.17,-0.007967131,-0.006877664,0.000190851,0.000139352,1.158406582,0.160836417,79.74203773,5.179664862,6.118116656,0.436332313,2592.161044,57.17270653,36.03682454,388.8241566,AZ,PFO,-1.0,1038,-0.307793032,-0.318076587,-0.225451994,0.010283554,AZ.PFO,1038,-0.307793032,10.1232996,1285.910034,6.906630039,-0.3077930324413769,1038,787.9714198754216,728.876715867697,808.60659549713,765.979690877475
100200,RSN9389,85,9389, PFO,4.88,34.0655,-117.0011,17.501,71.05,763,33.6117,-116.4594,16.2,16.34,-0.013244702,-0.010851769,0.001420914,0.001540409,1.220510924,0.152465067,76.73589583,5.179664862,6.383907006,0.436332313,2803.089668,8.598172304,7.637175086,420.4634502,AZ,PFO,-1.0,1102,-0.367623958,-0.318076587,-0.225451994,-0.049547372,AZ.PFO,1102,-0.367623958,10.1232996,1285.910034,6.906630039,-0.36762395842840245,1102,760.450789708627,735.5507589150881,815.5775840421255,770.0184696467304
100200,RSN21189,85,21189, PFO,3.4,37.1173,-121.5231,7.213,602.53,763,33.6117,-116.4594,15.19,15.25,0.000177355,-0.000202179,7.23e-06,6.15e-06,0.877214592,0.163753045,89.40771049,5.179664862,6.106430378,0.366519143,2154.68054,28.83821138,27.96390041,323.202081,AZ,PFO,-1.0,900,-0.165136732,-0.318076587,-0.225451994,0.152939855,AZ.PFO,900,-0.165136732,10.1232996,1285.910034,6.906630039,-0.16513673203985402,900,800.7932506518052,673.868173989098,859.8162645092204,714.0168548802744
100219,RSN15884,87,15884, SHD,3.6,35.492,-120.7845,4.912,35.99,818,35.1682,-120.7613,16.13,16.24,-0.000322249,0.000743887,0.000126164,0.000118051,0.433195501,0.165222426,83.43647727,5.179664862,6.012777814,0.20943951,1229.602464,2.729743924,5.896190672,184.4403696,PG,SHD,14.2707,674,0.193632226,0.056241076,0.148865669,0.13739115,PG.SHD,779,0.048851291,25.35289955,148.2359924,18.68289948,0.048851290731998454,779,705.8949722321147,642.3542085950834,847.5296261705371,673.5725689142976
100219,RSN14977,87,14977, SHD,3.7,35.6371,-120.7559,6.53,52.02,818,35.1682,-120.7613,20.75,20.81,0.001212095,-0.002822576,0.000203818,0.000250229,0.429428495,0.163301642,83.68873726,5.179664862,6.086524027,0.20943951,1234.879577,4.843942948,13.84851191,185.2319366,PG,SHD,14.2707,676,0.190669261,0.056241076,0.148865669,0.134428185,PG.SHD,782,0.045007596,25.35289955,148.2359924,18.68289948,0.04500759605743543,782,717.8192150653146,649.2790480400876,848.9650462757262,678.1327655995934
100219,RSN8743,87,8743, SHD,5.45,37.4317,-121.7767,7.486,267.21,818,35.1682,-120.7613,11.33,11.67,0.002990495,-0.00228993,0.000351218,0.000547638,1.305932646,0.163530295,88.59793869,5.179664862,6.113244097,0.453785606,2704.551861,5.460714925,6.519967655,405.6827792,PG,SHD,14.2707,1072,-0.270419005,0.056241076,0.148865669,-0.326660081,PG.SHD,1240,-0.416004322,25.35289955,148.2359924,18.68289948,-0.4160043219963363,1240,1018.8824582047122,1076.229652478115,823.2384166783304,981.9580488542521
100219,RSN19044,87,19044, SHD,4.39,35.6421,-120.9543,5.902,55.42,818,35.1682,-120.7613,22.5,22.55,-0.00046673,0.000766183,0.000169905,0.000184755,0.60916221,0.164246201,84.8130332,5.179664862,6.063488731,0.27925268,1646.857781,2.526210387,4.509478826,247.0286672,PG,SHD,14.2707,732,0.111081823,0.056241076,0.148865669,0.054840747,PG.SHD,846,-0.033657023,25.35289955,148.2359924,18.68289948,-0.03365702300347628,846,745.7292511100568,687.5807568208033,866.9822555386144,707.0853841009533
100263,RSN11270,89,11270, NJQ,4.39,35.6421,-120.9543,5.902,141.88,297,34.5341,-120.1774,14.35,14.5,0.00021947,0.00107149,0.000212471,6.57e-05,0.204827037,0.164820553,87.99464846,5.179664862,6.063488731,0.104719755,612.0693794,3.340487062,5.042994103,91.81040691,CI,NJQ,-999.0,420,-0.346522572,-0.33344628,-0.240821687,-0.013076292,CI.NJQ,420,-0.346522572,5.659100056,241.9720001,9.653369904,-0.3465225724747141,420,500.2078239707107,387.09147000282604,485.2202432285277,390.50340708720586
100263,RSN16346,89,16346, NJQ,3.74,34.8456,-119.2446,12.927,92.19,297,34.5341,-120.1774,19.85,19.96,0.000140196,0.000562098,0.000137672,5.26e-05,0.249414715,0.158129701,82.53303754,5.179664862,6.270295551,0.122173048,770.944866,2.665323194,4.082878145,115.6417299,CI,NJQ,-999.0,486,-0.492476485,-0.33344628,-0.240821687,-0.159030205,CI.NJQ,486,-0.492476485,5.659100056,241.9720001,9.653369904,-0.49247648509779385,486,446.9684141510857,420.7647941636621,441.00745950830685,417.1940544711708
100263,RSN19350,89,19350, NJQ,3.19,35.2167,-120.7957,8.83,94.5,297,34.5341,-120.1774,12.6,12.72,-9.42e-05,-0.000648589,0.000106147,3.31e-05,0.145186581,0.161728969,85.18741502,5.179664862,6.16138509,0.06981317,445.2865897,2.84592145,6.110290446,66.79298846,CI,NJQ,-999.0,349,-0.161339783,-0.33344628,-0.240821687,0.172106497,CI.NJQ,349,-0.161339783,5.659100056,241.9720001,9.653369904,-0.1613397833997272,349,398.5010438386077,366.5612371899988,382.02173217636454,361.3873891019811
100283,RSN16659,96,16659, VCS,3.69,33.735,-117.4936,9.693,101.05,405,34.4836,-118.1178,12.55,12.61,-0.000161951,-0.000313866,8.36e-05,3.8e-05,0.51598735,0.160867472,84.98183826,5.179664862,6.192470162,0.244346095,1468.405416,4.261868421,3.75437799,220.2608124,CI,VCS,3.2625,759,-0.62811471,-0.641257946,-0.548633353,0.013143236,CI.VCS,449,-0.103135821,3.069080114,997.302002,5.126949787,-0.1031358206357158,449,413.99091539752936,432.8447549202431,407.41330790454833,422.0152403872501
100283,RSN13474,96,13474, VCS,3.9,34.4032,-118.651,13.612,49.81,405,34.4836,-118.1178,17.36,17.42,-0.000718206,-0.002608049,0.000494046,0.000272436,0.275380635,0.153963552,75.27829636,5.179664862,6.281821568,0.13962634,870.6389877,2.636237502,5.278959854,130.5958482,CI,VCS,3.2625,532,-0.272756422,-0.641257946,-0.548633353,0.368501524,CI.VCS,532,-0.272756422,3.069080114,997.302002,5.126949787,-0.27275642223510577,532,470.6810522224258,507.61474143399556,466.28929512104577,495.09938099565954
100283,RSN10826,96,10826, VCS,4.66,34.2983,-118.6255,8.038,51.01,405,34.4836,-118.1178,14.89,15.04,-0.001900035,-0.003928195,0.000169831,6.26e-05,0.48369155,0.161566606,81.82635759,5.179664862,6.126524324,0.226892803,1382.875961,30.35199681,23.13002338,207.4313942,CI,VCS,3.2625,729,-0.587786665,-0.641257946,-0.548633353,0.053471281,CI.VCS,432,-0.064538521,3.069080114,997.302002,5.126949787,-0.06453852113757197,432,394.5249681382337,419.77619654660907,382.43301337796123,409.1011297852297
100283,RSN16376,96,16376, VCS,3.74,34.8456,-119.2446,12.927,110.81,405,34.4836,-118.1178,23.02,23.09,-0.000807693,-0.002921681,0.000326183,0.000169995,0.276447973,0.158535851,83.75542356,5.179664862,6.270295551,0.13962634,848.5776549,4.751275038,8.957183544,127.2866482,CI,VCS,3.2625,520,-0.249941744,-0.641257946,-0.548633353,0.391316202,CI.VCS,520,-0.249941744,3.069080114,997.302002,5.126949787,-0.24994174446893425,520,484.19139439156015,496.9708831543119,466.9028332984116,487.0000719112341
100283,RSN13100,96,13100, VCS,4.11,34.373,-117.6258,8.33,46.86,405,34.4836,-118.1178,12.82,12.88,0.000502541,0.001070073,4.62e-05,4.42e-05,0.469632671,0.160742458,80.74840664,5.179664862,6.140206558,0.226892803,1356.654305,11.36970588,23.16175325,203.4981458,CI,VCS,3.2625,720,-0.575364145,-0.641257946,-0.548633353,0.065893801,CI.VCS,426,-0.050552279,3.069080114,997.302002,5.126949787,-0.050552279162832114,426,384.60078683964775,409.51873665799997,378.19172619949217,400.8241270880138
100283,RSN11480,96,11480, VCS,4.73,33.7328,-117.4921,10.018,101.33,405,34.4836,-118.1178,25.1,25.28,-0.005262961,-0.005410223,0.000493612,0.000273408,0.972780786,0.160568463,84.84700523,5.179664862,6.202702587,0.383972435,2342.586585,19.24947697,10.96047705,351.3879878,CI,VCS,3.2625,960,-0.863046217,-0.641257946,-0.548633353,-0.221788271,CI.VCS,568,-0.338234352,3.069080114,997.302002,5.126949787,-0.3382343516146129,568,483.54722265244396,553.4623188125152,494.32783641470087,531.6794491748616
100283,RSN16694,96,16694, VCS,3.79,34.0456,-117.2248,15.927,95.52,405,34.4836,-118.1178,42.51,42.62,0.000534506,0.000936513,3.11e-05,2.53e-05,0.5707406,0.15563103,80.97689325,5.179664862,6.345939946,0.261799388,1648.435276,21.12671937,30.1129582,247.2652914,CI,VCS,3.2625,733,-0.593258635,-0.641257946,-0.548633353,0.047999312,CI.VCS,434,-0.069157467,3.069080114,997.302002,5.126949787,-0.06915746699386638,434,429.3696430430219,412.2940753071784,399.6931277793699,405.26564306566166
100283,RSN17202,96,17202, VCS,3.53,33.9634,-117.8198,13.862,63.9,405,34.4836,-118.1178,25.57,25.6,-0.000390343,-0.000568245,0.000244506,0.000171172,0.686926334,0.155773816,78.28013699,5.179664862,6.285731951,0.296705973,1901.185759,2.280413853,2.324053397,285.1778639,CI,VCS,3.2625,818,-0.702975269,-0.641257946,-0.548633353,-0.061717323,CI.VCS,484,-0.17819784,3.069080114,997.302002,5.126949787,-0.1781978396100934,484,375.3619424120391,451.75339143404165,406.10823772003397,443.63294446475055
100283,RSN15015,96,15015, VCS,3.74,34.1651,-117.4332,7.875,72.23,405,34.4836,-118.1178,24.77,24.89,0.001039285,0.001351065,0.000103454,8.2e-05,0.769234125,0.162583796,84.46923609,5.179664862,6.12204057,0.331612558,1982.236365,12.67420732,13.05957237,297.3354548,CI,VCS,3.2625,844,-0.734265427,-0.641257946,-0.548633353,-0.093007481,CI.VCS,500,-0.210721031,3.069080114,997.302002,5.126949787,-0.21072103131565267,500,418.53417512331225,481.6793476659691,436.7467116269424,467.7149085976009
100283,RSN17475,96,17475, VCS,3.59,34.0938,-117.4347,3.015,76.32,405,34.4836,-118.1178,14.57,14.63,0.000243717,0.00046361,9.73e-05,2.44e-05,0.52569453,0.168343788,88.44023683,5.179664862,5.93802414,0.244346095,1424.178258,9.988401639,4.764748201,213.6267387,CI,VCS,3.2625,743,-0.606808978,-0.641257946,-0.548633353,0.034448969,CI.VCS,440,-0.08288766,3.069080114,997.302002,5.126949787,-0.08288765980576773,440,399.7091570726182,425.8026097185474,389.06441536317175,414.12789679754485
100283,RSN9423,96,9423, VCS,4.88,34.0655,-117.0011,17.501,112.81,405,34.4836,-118.1178,14.85,14.94,-0.002522158,-0.00406287,0.000826736,0.000756969,0.620782426,0.154941211,81.5444673,5.179664862,6.383907006,0.27925268,1770.39428,3.331917159,4.914349925,265.559142,CI,VCS,3.2625,774,-0.647684806,-0.641257946,-0.548633353,-0.00642686,CI.VCS,458,-0.122982117,3.069080114,997.302002,5.126949787,-0.12298211700764661,458,535.6168866646303,447.9743577639764,461.07756076323983,439.0849730662108
100283,RSN19407,96,19407, VCS,3.43,34.1381,-117.4717,5.767,70.75,405,34.4836,-118.1178,27.82,27.89,0.001218298,0.001668383,0.000403329,0.000244413,0.730227076,0.164684656,86.04788881,5.179664862,6.057771424,0.314159265,1882.866409,4.984587563,4.136531219,282.4299614,CI,VCS,3.2625,812,-0.695613273,-0.641257946,-0.548633353,-0.054355327,CI.VCS,481,-0.171980203,3.069080114,997.302002,5.126949787,-0.17198020299922234,481,428.2089696741954,468.27502239265476,428.14863402548394,452.4205704131086
100283,RSN16925,96,16925, VCS,3.6,34.2088,-117.5824,7.536,57.93,405,34.4836,-118.1178,12.38,12.44,0.001165709,0.004187942,7.77e-05,6.04e-05,0.278348806,0.162444804,83.34288324,5.179664862,6.114431914,0.13962634,833.4508817,19.29981788,53.89886744,125.0176323,CI,VCS,3.2625,512,-0.234437558,-0.641257946,-0.548633353,0.406820388,CI.VCS,512,-0.234437558,3.069080114,997.302002,5.126949787,-0.23443755793296894,512,464.33702874622975,500.5303220665568,456.1316090245853,484.25499873397575
100283,RSN14690,96,14690, VCS,3.9,35.3429,-118.5645,9.906,103.7,405,34.4836,-118.1178,21.8,21.86,-0.00023212,-0.000791453,6.69e-05,2.28e-05,0.293282961,0.160698263,85.00994722,5.179664862,6.199256899,0.13962634,884.2792578,10.18070175,11.83038864,132.6418887,CI,VCS,3.2625,539,-0.285828504,-0.641257946,-0.548633353,0.355429442,CI.VCS,539,-0.285828504,3.069080114,997.302002,5.126949787,-0.28582850380245883,539,505.52216505681736,520.7610416953439,490.1985169867629,508.3841175814115
100283,RSN17030,96,17030, VCS,3.45,33.6767,-117.9697,9.542,90.54,405,34.4836,-118.1178,38.68,38.74,-0.000193875,-0.000426003,3.98e-05,3.19e-05,0.455103091,0.160877837,84.51768535,5.179664862,6.187463428,0.20943951,1316.337406,6.077586207,10.70359296,197.4506109,CI,VCS,3.2625,706,-0.55572817,-0.641257946,-0.548633353,0.085529776,CI.VCS,418,-0.031594365,3.069080114,997.302002,5.126949787,-0.031594365418217585,418,380.5574289179176,401.7340745270195,372.69621117874107,393.40133844362947
100283,RSN17063,96,17063, VCS,3.43,34.0052,-118.2218,6.093,53.92,405,34.4836,-118.1178,36.05,36.1,-0.000628477,-0.001142728,0.00042226,0.000118676,0.549979461,0.16393104,84.40616027,5.179664862,6.071076522,0.244346095,1515.433827,5.295737976,2.706218917,227.3150741,CI,VCS,3.2625,775,-0.648975962,-0.641257946,-0.548633353,-0.007718016,CI.VCS,459,-0.125163143,3.069080114,997.302002,5.126949787,-0.12516314295400655,459,420.6717000636762,447.9144657089448,408.67175295380605,436.6263292622115
100283,RSN9298,96,9298, VCS,5.03,35.3852,-118.6292,7.3,110.4,405,34.4836,-118.1178,11.17,11.3,-0.002466162,-0.003205276,0.00093129,0.000292899,0.769407023,0.16342916,86.6920893,5.179664862,6.108664217,0.331612558,1972.273656,8.419837555,3.44175928,295.8410484,CI,VCS,3.2625,841,-0.730704593,-0.641257946,-0.548633353,-0.089446647,CI.VCS,498,-0.20671301,3.069080114,997.302002,5.126949787,-0.20671300991811403,498,464.50033031566795,491.91093637094264,458.44565455342183,474.3789702063314
100283,RSN15201,96,15201, VCS,3.9,33.867,-117.1038,11.856,115.83,405,34.4836,-118.1178,22.56,22.65,0.000559532,0.000830406,2.68e-05,3.3e-05,0.673804989,0.159292999,84.5602372,5.179664862,6.24946745,0.296705973,1834.077536,16.95551515,30.98529851,275.1116304,CI,VCS,3.2625,795,-0.674455048,-0.641257946,-0.548633353,-0.033197101,CI.VCS,471,-0.150971027,3.069080114,997.302002,5.126949787,-0.15097102690987896,471,424.10971675613223,451.6907177612256,426.9239538498946,440.1149355001253
100283,RSN14772,96,14772, VCS,3.84,34.2268,-117.4407,8.593,68.5,405,34.4836,-118.1178,24.2,24.38,0.002998583,0.003432807,0.000221243,0.00010572,0.873507803,0.161523385,83.53434934,5.179664862,6.151676073,0.366519143,2178.86111,28.36344117,15.51600277,326.8291665,CI,VCS,3.2625,908,-0.807357311,-0.641257946,-0.548633353,-0.166099365,CI.VCS,538,-0.283971493,3.069080114,997.302002,5.126949787,-0.2839714930552457,538,401.6934303679865,517.5178873968982,456.62709854481943,501.7195504474295
100283,RSN9813,96,9813, VCS,4.69,35.0172,-119.0247,9.251,101.98,405,34.4836,-118.1178,5.45,5.56,-0.000590406,-0.001112231,0.000239823,0.000128011,0.530830538,0.161334187,85.28320968,5.179664862,6.177322679,0.244346095,1497.54783,4.612150518,4.637716149,224.6321745,CI,VCS,3.2625,769,-0.641203902,-0.641257946,-0.548633353,5.4e-05,CI.VCS,455,-0.116410352,3.069080114,997.302002,5.126949787,-0.11641035184441151,455,420.46313638376324,443.62319965355056,404.8304871046779,432.9012959944562
100283,RSN13743,96,13743, VCS,3.97,33.9535,-117.7457,11.873,68.07,405,34.4836,-118.1178,11.0,11.04,-0.001115999,-0.001875493,0.000404781,0.000156195,0.595042787,0.157876335,80.64498236,5.179664862,6.249828919,0.261799388,1677.363038,7.144908608,4.633352356,251.6044557,CI,VCS,3.2625,743,-0.606808978,-0.641257946,-0.548633353,0.034448969,CI.VCS,440,-0.08288766,3.069080114,997.302002,5.126949787,-0.08288765980576773,440,366.1036961210856,411.40377452090416,374.91925840589556,406.1303408744684
100283,RSN11240,96,11240, VCS,4.42,34.0665,-118.8938,12.827,85.13,405,34.4836,-118.1178,23.6,23.69,-0.001365393,-0.00274755,0.000179573,0.000129903,0.496949491,0.157969562,81.98557282,5.179664862,6.268505043,0.226892803,1445.871752,10.5108658,15.30046276,216.8807628,CI,VCS,3.2625,751,-0.617518585,-0.641257946,-0.548633353,0.023739362,CI.VCS,445,-0.094187215,3.069080114,997.302002,5.126949787,-0.0941872150597014,445,390.3271235982215,420.1660550293344,386.0149748993289,414.1518698556146
100283,RSN17598,96,17598, VCS,3.4,34.0733,-118.867,10.648,82.65,405,34.4836,-118.1178,22.0,22.05,-0.000157246,-0.000410911,0.00012882,7.78e-05,0.382677206,0.159626399,83.20743846,5.179664862,6.220655727,0.174532925,1136.972818,2.021156812,3.189807483,170.5459227,CI,VCS,3.2625,642,-0.460701237,-0.641257946,-0.548633353,0.18055671,CI.VCS,380,0.063715814,3.069080114,997.302002,5.126949787,0.06371581438610718,380,340.171644181433,369.2023362872886,332.556793036751,358.8182387581295
100283,RSN9116,96,9116, VCS,5.2,33.5328,-116.5697,15.48,177.69,405,34.4836,-118.1178,16.6,16.68,-0.008388168,-0.015385115,0.002219817,0.002725344,0.545213228,0.15735272,85.29671274,5.179664862,6.333749326,0.244346095,1568.084483,3.077838247,6.930803305,235.2126725,CI,VCS,3.2625,747,-0.612178118,-0.641257946,-0.548633353,0.029079828,CI.VCS,442,-0.087422815,3.069080114,997.302002,5.126949787,-0.08742281497115911,442,485.6803450111898,441.0686028624012,465.08226049533425,436.1599842277259
100283,RSN17886,96,17886, VCS,3.14,33.909,-118.1836,6.769,64.02,405,34.4836,-118.1178,14.28,14.35,-0.000106131,-0.000139928,1.85e-05,1.59e-05,0.758468672,0.163389755,84.68402677,5.179664862,6.094010642,0.331612558,1954.233528,6.67490566,7.563675676,293.1350292,CI,VCS,3.2625,835,-0.723544658,-0.641257946,-0.548633353,-0.082286711,CI.VCS,494,-0.19864845,3.069080114,997.302002,5.126949787,-0.1986484500813841,494,445.81993091595433,480.68342962646193,445.75449117313303,466.91727007458053
100283,RSN12799,96,12799, VCS,4.26,33.9538,-116.3912,7.696,169.61,405,34.4836,-118.1178,24.02,24.43,0.000929802,0.000989246,4.17e-05,2.44e-05,0.939909425,0.16331932,87.71756204,5.179664862,6.118116656,0.383972435,2258.791437,38.10663934,23.72292566,338.8187156,CI,VCS,3.2625,934,-0.835589371,-0.641257946,-0.548633353,-0.194331425,CI.VCS,553,-0.311470934,3.069080114,997.302002,5.126949787,-0.3114709344157962,553,531.5335324006157,562.4285207652156,531.6867846196182,549.0071566126527
100283,RSN16568,96,16568, VCS,3.61,34.2449,-117.4464,12.48,67.2,405,34.4836,-118.1178,14.91,14.97,0.000527982,0.000877416,0.000126388,6.92e-05,0.601746998,0.157329633,80.13272762,5.179664862,6.262058538,0.27925268,1703.605592,7.629797688,6.942241352,255.5408388,CI,VCS,3.2625,751,-0.617518585,-0.641257946,-0.548633353,0.023739362,CI.VCS,445,-0.094187215,3.069080114,997.302002,5.126949787,-0.0941872150597014,445,366.2278381225661,416.5878103172699,378.2646600084979,409.46193932432084
100283,RSN14572,96,14572, VCS,3.78,34.0294,-116.7534,14.93,135.39,405,34.4836,-118.1178,17.75,17.84,0.000480007,0.000662182,0.000115056,9.55e-05,0.72488742,0.157435867,84.06512194,5.179664862,6.317747533,0.314159265,1959.771576,5.026251309,5.755301766,293.9657364,CI,VCS,3.2625,837,-0.725937003,-0.641257946,-0.548633353,-0.084679057,CI.VCS,496,-0.20268886,3.069080114,997.302002,5.126949787,-0.20268885961838912,496,435.46354844650904,478.9066323108527,463.55175778301145,470.7312964362331
100283,RSN11338,96,11338, VCS,4.78,34.1228,-116.9226,5.969,117.08,405,34.4836,-118.1178,17.1,17.17,0.00049317,0.000649347,0.00028941,0.000139726,0.759486582,0.164693778,87.52586307,5.179664862,6.066214653,0.331612558,1940.479682,3.529550692,2.24369234,291.0719523,CI,VCS,3.2625,831,-0.718742728,-0.641257946,-0.548633353,-0.077484781,CI.VCS,492,-0.194591649,3.069080114,997.302002,5.126949787,-0.19459164938576912,492,462.68111927410865,490.6005085626613,456.66767544325995,473.6038166798084
100283,RSN17442,96,17442, VCS,3.73,35.2675,-117.3498,7.92,111.77,405,34.4836,-118.1178,32.01,32.1,-0.000235325,-0.000342712,0.000103594,4.72e-05,0.686655886,0.16299653,86.40031824,5.179664862,6.122995859,0.296705973,1816.438365,4.985699153,3.308222484,272.4657548,CI,VCS,3.2625,789,-0.666879254,-0.641257946,-0.548633353,-0.025621307,CI.VCS,467,-0.142442191,3.069080114,997.302002,5.126949787,-0.14244219056235874,467,455.2555115312166,457.6744903226585,433.4227980073956,442.2690714657727
100283,RSN8872,96,8872, VCS,5.39,33.9465,-117.7667,14.89,67.8,405,34.4836,-118.1178,21.19,21.49,-0.128392663,-0.146842207,0.009533862,0.003256057,0.87435803,0.154920939,78.11527963,5.179664862,6.31653763,0.366519143,2273.052673,39.43194576,15.40217459,340.957901,CI,VCS,3.2625,938,-0.839862882,-0.641257946,-0.548633353,-0.198604936,CI.VCS,555,-0.315081047,3.069080114,997.302002,5.126949787,-0.31508104663989567,555,412.17312032314214,522.9369892392804,437.52878034722704,514.6074084185324
100283,RSN11866,96,11866, VCS,4.26,34.2844,-118.4129,8.031,35.0,405,34.4836,-118.1178,30.81,30.93,-0.01540967,-0.023253145,0.000142132,7.33e-05,0.662691846,0.159650341,77.9723716,5.179664862,6.126183158,0.296705973,1808.452725,210.2274216,163.6024611,271.2679088,CI,VCS,3.2625,787,-0.664341181,-0.641257946,-0.548633353,-0.023083235,CI.VCS,466,-0.140298567,3.069080114,997.302002,5.126949787,-0.1402985670191068,466,381.5902831614368,438.54304745042293,395.7399377926198,433.9830204930548
100283,RSN17702,96,17702, VCS,3.59,34.3463,-118.5806,6.999,45.19,405,34.4836,-118.1178,13.33,13.44,0.00152744,0.003378306,4.57e-05,2.72e-05,0.452132064,0.16234421,82.05783521,5.179664862,6.100667506,0.20943951,1297.322865,56.15588235,73.92354486,194.5984298,CI,VCS,3.2625,699,-0.545763675,-0.641257946,-0.548633353,0.095494271,CI.VCS,414,-0.021978907,3.069080114,997.302002,5.126949787,-0.02197890671877545,414,382.00498501049435,405.2682435390647,365.4784130138731,393.6685800323993
100283,RSN15313,96,15313, VCS,3.86,34.1976,-117.3882,14.177,74.25,405,34.4836,-118.1178,24.9,25.14,0.00493389,0.009191597,2.24e-05,2.39e-05,0.536782744,0.156359009,79.76789982,5.179664862,6.293825021,0.244346095,1558.857104,206.4389121,410.3391518,233.8285656,CI,VCS,3.2625,756,-0.624154309,-0.641257946,-0.548633353,0.017103637,CI.VCS,448,-0.100906165,3.069080114,997.302002,5.126949787,-0.1009061653084462,448,384.7053661155976,420.7302538741284,387.2048560874522,411.80944820193315
100283,RSN13308,96,13308, VCS,4.19,34.3571,-116.8418,9.486,118.14,405,34.4836,-118.1178,18.8,18.93,0.000921004,0.001102858,0.000196329,5.6e-05,0.835106942,0.161235894,85.81597061,5.179664862,6.185563454,0.34906585,2114.959789,16.4465,5.617397328,317.2439684,CI,VCS,3.2625,888,-0.785084676,-0.641257946,-0.548633353,-0.14382673,CI.VCS,526,-0.261414146,3.069080114,997.302002,5.126949787,-0.2614141456311714,526,518.51074386488,517.4591178568259,487.0216799520246,501.57293107350216
100283,RSN10152,96,10152, VCS,4.18,34.3617,-118.6637,11.151,51.97,405,34.4836,-118.1178,10.0,10.08,-0.001865442,-0.002511342,0.000667955,0.000197972,0.742806776,0.157217419,78.52378644,5.179664862,6.233452986,0.314159265,1995.142217,9.422756753,3.759747288,299.2713326,CI,VCS,3.2625,849,-0.740172119,-0.641257946,-0.548633353,-0.098914173,CI.VCS,503,-0.216703103,3.069080114,997.302002,5.126949787,-0.2167031029932005,503,390.9931280793443,471.5234128806938,421.0548706432852,462.31477176212474
100283,RSN11760,96,11760, VCS,4.5,34.3365,-116.8617,8.94,116.63,405,34.4836,-118.1178,15.6,15.72,0.002890974,0.002976613,0.001064492,0.000562773,0.971229194,0.161802276,86.0503681,5.179664862,6.165704274,0.383972435,2322.649155,5.137016168,2.796275594,348.3973733,CI,VCS,3.2625,954,-0.856776604,-0.641257946,-0.548633353,-0.215518658,CI.VCS,565,-0.332938664,3.069080114,997.302002,5.126949787,-0.3329386640399026,565,528.5900823284883,560.4817124963541,495.7970064065794,536.9200931194767
100283,RSN13908,96,13908, VCS,4.17,34.3277,-116.829,4.957,119.75,405,34.4836,-118.1178,20.3,20.44,0.001164926,0.001458979,2.31e-05,2.7e-05,0.798453146,0.166140771,88.07936887,5.179664862,6.015610792,0.331612558,1987.305149,43.14540741,63.15926407,298.0957724,CI,VCS,3.2625,846,-0.736632292,-0.641257946,-0.548633353,-0.095374346,CI.VCS,501,-0.212719034,3.069080114,997.302002,5.126949787,-0.2127190339783258,501,506.5430763272622,496.61609564829615,479.51446509959254,481.66109156764134
100283,RSN13351,96,13351, VCS,4.2,34.3768,-117.6461,8.934,44.95,405,34.4836,-118.1178,13.19,13.25,0.002401683,0.003374533,0.001301179,0.00069505,0.711708241,0.159501244,79.5458399,5.179664862,6.165471616,0.314159265,1910.287912,3.455410402,2.593442562,286.5431868,CI,VCS,3.2625,821,-0.706636042,-0.641257946,-0.548633353,-0.065378096,CI.VCS,486,-0.182321557,3.069080114,997.302002,5.126949787,-0.1823215567939549,486,388.2655037838937,454.7038359854989,407.6711703450728,448.88301604388334
100283,RSN14174,96,14174, VCS,3.81,33.8204,-117.7145,10.077,82.43,405,34.4836,-118.1178,14.98,15.1,-0.00087741,-0.001127431,7.3e-05,9.15e-05,0.778238196,0.160171167,83.60601175,5.179664862,6.204485033,0.331612558,2027.462303,9.589180328,15.44426027,304.1193455,CI,VCS,3.2625,859,-0.751881855,-0.641257946,-0.548633353,-0.110623909,CI.VCS,509,-0.228560949,3.069080114,997.302002,5.126949787,-0.22856094944398375,509,442.0173594131655,484.6563379870124,458.46916429223046,477.6314033417064
100283,RSN17828,96,17828, VCS,3.25,33.9806,-118.6693,13.117,75.46,405,34.4836,-118.1178,13.88,13.96,-0.000154363,-0.000252032,0.000110395,7.16e-05,0.612476543,0.157302794,80.70072745,5.179664862,6.273618806,0.27925268,1726.504665,2.155907821,2.283001948,258.9756998,CI,VCS,3.2625,759,-0.62811471,-0.641257946,-0.548633353,0.013143236,CI.VCS,449,-0.103135821,3.069080114,997.302002,5.126949787,-0.1031358206357158,449,370.17500813928564,419.5604582949379,382.6165330957445,412.49407899153795
100283,RSN15451,96,15451, VCS,3.99,34.0514,-117.2429,14.998,93.76,405,34.4836,-118.1178,25.07,25.19,0.000633122,0.00089504,4.1e-05,4.75e-05,0.707367668,0.156432746,81.34867558,5.179664862,6.319789549,0.314159265,1939.579566,13.32888421,21.8302439,290.9369349,CI,VCS,3.2625,830,-0.717538634,-0.641257946,-0.548633353,-0.076280687,CI.VCS,491,-0.192557061,3.069080114,997.302002,5.126949787,-0.19255706068798162,491,381.2183044347354,455.83705749838185,413.7852060634345,452.2307761282981
100283,RSN10307,96,10307, VCS,4.34,35.0174,-119.1492,9.557,111.47,405,34.4836,-118.1178,13.18,13.29,-0.000162826,-0.000298789,4.98e-05,6.2e-05,0.544953694,0.161117171,85.55186731,5.179664862,6.187968323,0.244346095,1530.875867,2.626225806,5.999779116,229.6313801,CI,VCS,3.2625,780,-0.655406853,-0.641257946,-0.548633353,-0.014148906,CI.VCS,462,-0.131677824,3.069080114,997.302002,5.126949787,-0.1316778239751999,462,474.2531284734725,455.0209151557219,443.89730037832345,445.05949334457597
100286,RSN9974,97,9974, SCZ2,4.59,34.9977,-119.1926,10.662,118.38,313,33.9954,-119.6351,9.8,10.05,0.002134143,0.010966234,0.001193991,0.000113677,0.194610392,0.160199781,85.27915803,5.179664862,6.221029194,0.104719755,599.4789941,18.77374491,9.184519816,89.92184912,CI,SCZ2,1.0,415,-0.28207533,-0.249759413,-0.157134819,-0.032315917,CI.SCZ2,415,-0.28207533,11.46700001,402.6470032,9.571990013,-0.28207532969054494,415,392.22080448368075,395.7940036262113,402.6882740668421,391.4309276896182
100286,RSN11221,97,11221, SCZ2,4.42,34.0665,-118.8938,12.827,68.91,313,33.9954,-119.6351,19.11,19.28,0.000868215,0.00334661,8.2e-05,0.000220534,0.259431162,0.157098833,79.98914195,5.179664862,6.268505043,0.122173048,805.2677575,3.936875947,40.81231707,120.7901636,CI,SCZ2,1.0,501,-0.470402911,-0.249759413,-0.157134819,-0.220643498,CI.SCZ2,501,-0.470402911,11.46700001,402.6470032,9.571990013,-0.4704029105447116,501,463.8183092408996,463.0679252995916,454.0552478163057,451.96479320769964
100286,RSN15075,97,15075, SCZ2,3.52,34.2871,-119.6948,5.225,32.82,313,33.9954,-119.6351,16.82,16.92,-0.002988509,-0.024216172,0.000167968,0.000202996,0.123409634,0.164283492,82.23895791,5.179664862,6.0312809,0.06981317,373.6788794,14.7220093,144.1713422,56.05183191,CI,SCZ2,1.0,312,0.003200003,-0.249759413,-0.157134819,0.252959415,CI.SCZ2,312,0.003200003,11.46700001,402.6470032,9.571990013,0.003200002730670448,312,401.2923625846729,373.7276866646016,352.71283054527515,364.82090244081314
100325,RSN11275,103,11275, SMR,4.39,35.6421,-120.9543,5.902,42.74,847,35.377,-120.6125,14.44,14.61,0.054854667,0.089993449,6.53e-05,3.19e-05,0.609540673,0.163755283,83.18202504,5.179664862,6.063488731,0.27925268,1652.558925,1719.582038,1378.15389,247.8838388,CI,SMR,-999.0,734,0.143191666,0.168038928,0.260663522,-0.024847262,CI.SMR,734,0.143191666,9.207229614,340.428009,4.764039993,0.14319166603753963,734,650.2486067802729,597.3555431707864,645.8863994644189,599.5148582160532
100325,RSN8858,103,8858, SMR,5.39,33.9465,-117.7667,14.89,305.33,847,35.377,-120.6125,24.47,24.89,0.002578163,0.005730122,0.000104349,3.21e-05,0.44993154,0.158149585,87.38393007,5.179664862,6.31653763,0.20943951,1326.300629,80.31660436,54.91305139,198.9450944,CI,SMR,-999.0,710,0.176435725,0.168038928,0.260663522,0.008396796,CI.SMR,710,0.176435725,9.207229614,340.428009,4.764039993,0.17643572461669343,710,622.3241310578061,593.5785441699031,649.3470937935173,598.5648955485706
100325,RSN11225,103,11225, SMR,4.42,34.0665,-118.8938,12.827,214.29,847,35.377,-120.6125,21.66,21.93,1.58e-05,4.01e-05,5.8e-06,2.16e-06,0.392589156,0.159282315,86.82186827,5.179664862,6.268505043,0.191986218,1168.461136,7.314814815,6.913793103,175.2691704,CI,SMR,-999.0,649,0.266267978,0.168038928,0.260663522,0.09822905,CI.SMR,649,0.266267978,9.207229614,340.428009,4.764039993,0.2662679779479644,649,603.2479853627395,543.8811224362472,633.6889271274553,547.5861390911665
100325,RSN10530,103,10530, SMR,4.45,34.1081,-117.3062,14.795,333.89,847,35.377,-120.6125,17.3,17.66,0.000348186,0.000541454,1.94e-05,1.99e-05,0.64305682,0.15825074,87.62066001,5.179664862,6.313637877,0.27925268,1778.707914,17.49678392,27.91,266.8061871,CI,SMR,-999.0,777,0.086260344,0.168038928,0.260663522,-0.081778584,CI.SMR,777,0.086260344,9.207229614,340.428009,4.764039993,0.08626034428440743,777,695.8231939777652,634.0404329392949,717.0627426625497,642.5796492270769
100326,RSN11263,104,11263, BCW,4.39,35.6421,-120.9543,5.902,160.37,305,34.9401,-119.4131,14.72,15.4,0.000290026,0.00135915,6.37e-05,2.32e-05,0.213387508,0.164843233,88.23411966,5.179664862,6.063488731,0.104719755,636.4806102,12.50112069,21.33673469,95.47209153,CI,BCW,-999.0,428,-0.338811419,-0.155243589,-0.062618996,-0.18356783,CI.BCW,428,-0.338811419,12.65410042,1082.400024,7.314340115,-0.3388114189743847,428,540.323835161769,412.11795833046165,507.5740974468334,418.58334067524737
100326,RSN17894,104,17894, BCW,4.04,36.3911,-117.8665,9.439,213.37,305,34.9401,-119.4131,12.87,13.16,-2.88e-05,-0.000375462,1.31e-05,9.88e-06,0.076788211,0.161580965,87.72045313,5.179664862,6.183950287,0.034906585,237.0624022,2.914979757,28.66122137,35.55936033,CI,BCW,-999.0,229,0.286589773,-0.155243589,-0.062618996,0.441833362,CI.BCW,229,0.286589773,12.65410042,1082.400024,7.314340115,0.2865897730531719,229,370.6178017011274,365.5270666779785,376.9828850938522,368.82808783937645
100326,RSN18243,104,18243, BCW,4.2,36.3905,-117.8695,8.829,213.14,305,34.9401,-119.4131,12.9,13.07,-5.64e-05,-0.000569845,6.95e-05,1.86e-05,0.098904253,0.162190609,87.87505699,5.179664862,6.161345296,0.052359878,303.8368058,3.032258065,8.199208633,45.57552087,CI,BCW,-999.0,272,0.11450971,-0.155243589,-0.062618996,0.2697533,CI.BCW,272,0.11450971,12.65410042,1082.400024,7.314340115,0.1145097103114141,272,417.9811753226204,386.99695807718655,410.68600409417803,383.76668138181077
100326,RSN10399,104,10399, BCW,4.45,34.1081,-117.3062,14.795,214.33,305,34.9401,-119.4131,13.09,13.49,0.000443556,0.00133939,1.41e-05,3.25e-05,0.331162912,0.158056152,86.29439936,5.179664862,6.313637877,0.157079633,1006.93755,13.64787692,94.99219858,151.0406325,CI,BCW,-999.0,604,-0.683262421,-0.155243589,-0.062618996,-0.528018832,CI.BCW,604,-0.683262421,12.65410042,1082.400024,7.314340115,-0.6832624213274032,604,549.8524745713429,536.3113301955636,548.7094486993017,538.0783801458351
100361,RSN18456,111,18456, PAGB,3.45,35.8887,-120.4353,8.049,24.25,473,35.7307,-120.2499,22.26,22.3,-0.000262621,-0.001389691,0.000232588,4.07e-05,0.18897784,0.156046264,72.96083648,5.179664862,6.12705915,0.087266463,597.2716177,6.452604423,5.974904122,89.59074266,NC,PAGB,8.69501,414,0.133229415,0.049513515,0.142138109,0.083715899,NC.PAGB,414,0.133229415,20.99570084,479.0830078,7.364409924,0.13322941466661842,414,393.7266398885663,365.6784973283747,388.71528782298844,369.9857204192329
100361,RSN15078,111,15078, PAGB,3.56,36.0672,-120.1861,14.523,37.78,473,35.7307,-120.2499,19.94,20.02,-0.000725389,-0.00309905,0.000163876,6.91e-05,0.234068068,0.148471652,69.41186891,5.179664862,6.305125515,0.122173048,773.2433987,10.49767004,18.91094486,115.9865098,NC,PAGB,8.69501,487,-0.029168735,0.049513515,0.142138109,-0.07868225,NC.PAGB,487,-0.029168735,20.99570084,479.0830078,7.364409924,-0.029168734590657053,487,434.7075996691004,417.11087845063895,434.1280256997833,419.6200064547753
100361,RSN20286,111,20286, PAGB,3.9,37.5893,-118.8176,11.872,242.77,473,35.7307,-120.2499,4.8,5.01,9.04e-05,0.000304608,2.32e-05,4.85e-06,0.296729013,0.159842359,87.41702215,5.179664862,6.249807686,0.13962634,898.636287,18.63917526,13.12965517,134.7954431,NC,PAGB,8.69501,546,-0.143523587,0.049513515,0.142138109,-0.193037103,NC.PAGB,546,-0.143523587,20.99570084,479.0830078,7.364409924,-0.14352358725297254,546,525.9276373055204,452.11983310881124,510.0735568818908,455.4208260033519
100361,RSN12065,111,12065, PAGB,4.05,35.7241,-121.0951,7.275,76.47,473,35.7307,-120.2499,22.2,22.4,-0.000168669,-0.001025433,2.73e-05,7.06e-06,0.164485386,0.163148914,85.21739195,5.179664862,6.108028485,0.087266463,499.3055931,23.8907932,37.56164835,74.89583897,NC,PAGB,8.69501,373,0.237516969,0.049513515,0.142138109,0.188003453,NC.PAGB,373,0.237516969,20.99570084,479.0830078,7.364409924,0.23751696884811668,373,371.4048239650238,337.8772199800767,362.769216080978,338.9275633235989
100373,RSN10297,112,10297, SYP,4.34,35.0174,-119.1492,9.557,93.33,440,34.5278,-119.9783,9.7,9.9,0.000478394,0.001784917,9.51e-05,0.000106933,0.268020252,0.160909413,84.68615792,5.179664862,6.187968323,0.13962634,812.2795705,4.473773297,18.76884332,121.8419356,CI,SYP,1.21579,504,-0.135801541,-0.059099244,0.03352535,-0.076702297,CI.SYP,504,-0.135801541,43.68880081,1185.349976,12.22700024,-0.1358015411590623,504,470.2102510786331,437.44747734964164,478.0379955312462,439.1800384361654
100373,RSN16372,112,16372, SYP,3.74,34.8456,-119.2446,12.927,75.92,440,34.5278,-119.9783,20.43,20.53,0.000141954,0.001731389,9.37e-05,3.61e-05,0.08198845,0.157450139,80.8440553,5.179664862,6.270295551,0.034906585,259.6510769,3.932243767,18.47800427,38.94766154,CI,SYP,1.21579,244,0.589606502,-0.059099244,0.03352535,0.648705745,CI.SYP,244,0.589606502,43.68880081,1185.349976,12.22700024,0.5896065016191043,244,343.1437962570774,355.8025603756403,369.64413516594755,362.61167784127923
100373,RSN11235,112,11235, SYP,4.42,34.0665,-118.8938,12.827,112.19,440,34.5278,-119.9783,21.87,22.1,0.000236219,0.001066606,2.43e-05,5.71e-05,0.221467594,0.158629764,83.91810675,5.179664862,6.268505043,0.104719755,685.3188279,4.136935201,43.89325103,102.7978242,CI,SYP,1.21579,448,-0.018018506,-0.059099244,0.03352535,0.041080738,CI.SYP,448,-0.018018506,43.68880081,1185.349976,12.22700024,-0.018018505502678472,448,428.46102101747033,398.6783108485695,441.1271637731955,406.38070662734845
100373,RSN8866,112,8866, SYP,5.39,33.9465,-117.7667,14.89,213.71,440,34.5278,-119.9783,17.24,17.64,0.006702995,0.01507775,0.000797044,0.000113599,0.444562026,0.15797587,86.25140316,5.179664862,6.31653763,0.20943951,1314.440197,59.00575709,18.91708613,197.1660296,CI,SYP,1.21579,705,-0.471423076,-0.059099244,0.03352535,-0.412323832,CI.SYP,267,0.499526069,43.68880081,1185.349976,12.22700024,0.49952606851205683,267,252.64760676329243,228.77576514029744,261.4737887144761,229.281854946885
100373,RSN10543,112,10543, SYP,4.45,34.1081,-117.3062,14.795,250.31,440,34.5278,-119.9783,16.5,16.64,0.000219478,0.000889897,0.000117478,4.2e-05,0.246633256,0.158144777,86.82896345,5.179664862,6.313637877,0.122173048,762.7633025,5.225666667,7.575009789,114.4144954,CI,SYP,1.21579,483,-0.093241927,-0.059099244,0.03352535,-0.034142683,CI.SYP,483,-0.093241927,43.68880081,1185.349976,12.22700024,-0.09324192674026577,483,456.0456873715539,429.7208900867727,492.2473834664718,426.82321840429245
100373,RSN14196,112,14196, SYP,3.69,34.7697,-120.4993,10.11,54.78,440,34.5278,-119.9783,19.69,19.93,0.001396053,0.008147169,6.12e-05,0.00016428,0.171354344,0.158819006,80.24691879,5.179664862,6.205472367,0.087266463,533.7424335,8.498009496,133.1236765,80.06136503,CI,SYP,1.21579,389,0.123195383,-0.059099244,0.03352535,0.182294627,CI.SYP,389,0.123195383,43.68880081,1185.349976,12.22700024,0.1231953832938606,389,384.7083581978744,367.56084280629403,398.37167172127664,379.21748894419903
100373,RSN13465,112,13465, SYP,3.9,34.4032,-118.651,13.612,122.73,440,34.5278,-119.9783,18.59,18.75,0.000125381,0.000650996,2.23e-05,3.17e-05,0.192598654,0.158331745,84.04946756,5.179664862,6.281821568,0.087266463,599.5328547,3.955236593,29.19264574,89.92992821,CI,SYP,1.21579,415,0.058496207,-0.059099244,0.03352535,0.11759545,CI.SYP,415,0.058496207,43.68880081,1185.349976,12.22700024,0.0584962066816086,415,391.60803263483257,372.2269595367904,410.81605664620486,380.56259362994194
100373,RSN10145,112,10145, SYP,4.18,34.3617,-118.6637,11.151,122.21,440,34.5278,-119.9783,8.2,8.41,0.000390803,0.001766113,8.95e-05,9.78e-05,0.221278365,0.159863159,85.20453932,5.179664862,6.233452986,0.104719755,679.4771368,3.995940695,19.73310615,101.9215705,CI,SYP,1.21579,445,-0.011299555,-0.059099244,0.03352535,0.047799689,CI.SYP,445,-0.011299555,43.68880081,1185.349976,12.22700024,-0.011299555253933669,445,429.4450248356421,395.10244759926076,441.86945412685196,402.83942815261764
100373,RSN17972,112,17972, SYP,4.04,36.3911,-117.8665,9.439,281.93,440,34.5278,-119.9783,14.9,15.08,0.000165468,0.000754832,0.000115223,7.72e-05,0.219212338,0.161635536,88.27366872,5.179664862,6.183950287,0.104719755,666.0374351,2.143367876,6.551053175,99.90561527,CI,SYP,1.21579,438,0.004555817,-0.059099244,0.03352535,0.06365506,CI.SYP,438,0.004555817,43.68880081,1185.349976,12.22700024,0.004555816535860124,438,427.5660245812138,410.8526380204955,467.41238241522655,408.3955860358933
100373,RSN8431,112,8431, SYP,4.92,34.31,-116.848,6.3,288.15,440,34.5277,-119.9783,5.62,5.8,0.000129481,0.000728148,0.000107354,2.01e-05,0.177822717,0.164480578,88.93834658,5.179664862,6.078701489,0.087266463,534.243402,6.441840796,6.782681595,80.1365103,CI,SYP,1.21579,389,0.123195383,-0.059099244,0.03352535,0.182294627,CI.SYP,389,0.123195383,43.68880081,1185.349976,12.22700024,0.1231953832938606,389,443.9865058042029,374.19869284290024,455.9295341982764,373.01819794877304
100373,RSN11987,112,11987, SYP,4.27,34.3874,-119.4398,6.219,51.87,440,34.5278,-119.9783,13.9,13.98,-8.98e-05,-0.000477198,0.000148165,3.26e-05,0.188086815,0.16369837,84.04104532,5.179664862,6.075787581,0.087266463,566.7586481,2.754601227,3.220720143,85.01379722,CI,SYP,1.21579,402,0.090322638,-0.059099244,0.03352535,0.149421882,CI.SYP,402,0.090322638,43.68880081,1185.349976,12.22700024,0.09032263829328535,402,381.0931553588339,367.2352194459371,383.25826817133736,376.58482632411756
100373,RSN10818,112,10818, SYP,4.66,34.2983,-118.6255,8.038,126.95,440,34.5278,-119.9783,21.36,21.75,0.002212874,0.005195564,0.000137485,4.62e-05,0.425916038,0.162966575,86.7774209,5.179664862,6.126524324,0.20943951,1228.804697,47.89770563,37.79004255,184.3207046,CI,SYP,1.21579,673,-0.424970603,-0.059099244,0.03352535,-0.365871359,CI.SYP,255,0.545511182,43.68880081,1185.349976,12.22700024,0.5455111817538807,255,271.07098599759155,225.3742762776768,260.0571324338997,221.727209908197
100373,RSN9289,112,9289, SYP,5.03,35.3852,-118.6292,7.3,155.67,440,34.5278,-119.9783,17.53,17.89,0.001683159,0.005027295,0.000135324,4.33e-05,0.334804023,0.1635651,87.65738799,5.179664862,6.108664217,0.157079633,982.6751747,38.87203233,37.15006207,147.4012762,CI,SYP,1.21579,592,-0.296731908,-0.059099244,0.03352535,-0.237632664,CI.SYP,592,-0.296731908,43.68880081,1185.349976,12.22700024,-0.296731907971699,592,627.8063971883232,552.5611257560488,674.3085324831236,544.052488840677
100373,RSN9996,112,9996, SYP,4.59,34.9977,-119.1926,10.662,88.83,440,34.5278,-119.9783,7.3,7.52,0.000795528,0.002144767,0.000243244,6.84e-05,0.370915983,0.159762887,83.66284413,5.179664862,6.221029194,0.174532925,1105.236552,11.63052632,8.817348013,165.7854828,CI,SYP,1.21579,634,-0.365274228,-0.059099244,0.03352535,-0.306174984,CI.SYP,240,0.606135804,43.68880081,1185.349976,12.22700024,0.6061358035703153,240,218.37326820697024,211.83721513235875,220.04070773245365,209.22545279018107
100390,RSN14167,118,14167, SAN,3.81,33.8204,-117.7145,10.077,20.44,222,33.7043,-117.8858,12.3,12.45,0.002920405,0.051238669,0.001181329,0.000318588,0.05699611,0.145429988,64.46447519,5.179664862,6.204485033,0.034906585,195.7588183,9.166713749,43.37375024,29.36382275,CI,SAN,0.15,197,0.119473653,-0.267811403,-0.17518681,0.387285056,CI.SAN,197,0.119473653,4.910520077,14.29300022,0.386303991,0.11947365313429081,197,274.5818094213858,272.0336100461782,253.63010635955385,251.9887853792125
100390,RSN10516,118,10516, SAN,4.45,34.1081,-117.3062,14.795,69.86,222,33.7043,-117.8858,14.4,14.52,-0.005244816,-0.045965004,0.003483986,0.000279633,0.114104546,0.155225325,78.53217032,5.179664862,6.313637877,0.052359878,365.6775867,18.75606956,13.19322293,54.85163801,CI,SAN,0.15,307,-0.324170366,-0.267811403,-0.17518681,-0.056358963,CI.SAN,307,-0.324170366,4.910520077,14.29300022,0.386303991,-0.32417036571491753,307,299.54139443973315,318.20985751770866,282.6113999018014,304.00182059618686
100390,RSN12032,118,12032, SAN,4.37,34.0559,-117.2442,15.833,71.02,222,33.7043,-117.8858,20.48,20.59,-0.000633091,-0.003559356,0.000604299,0.000249974,0.177866764,0.154219008,78.03599688,5.179664862,6.343433553,0.087266463,569.9282383,2.532627393,5.890057736,85.48923575,CI,SAN,0.15,404,-0.598737496,-0.267811403,-0.17518681,-0.330926093,CI.SAN,404,-0.598737496,4.910520077,14.29300022,0.386303991,-0.5987374960888712,404,417.81973455876556,406.2758426980828,373.5736393127289,377.89389668237476
100393,RSN16641,119,16641, SBB2,3.69,33.735,-117.4936,9.693,110.07,1131,34.6885,-117.8245,12.86,12.97,-0.000231711,-0.00020115,8.51e-06,6.48e-06,1.151928447,0.160965859,85.39814127,5.179664862,6.192470162,0.436332313,2583.039677,35.75787037,23.63689777,387.4559516,CI,SBB2,-999.0,1035,0.08870077,0.072209132,0.164833726,0.016491638,CI.SBB2,1035,0.08870077,2.604199886,820.1699829,4.39688015,0.08870077041665159,1035,697.8004035120009,973.5007024730713,784.4854570374132,928.3104371640861
100393,RSN14675,119,14675, SBB2,3.9,35.3429,-118.5645,9.906,99.16,1131,34.6885,-117.8245,27.88,28.0,-0.000101333,-6.39e-05,6.12e-06,1.25e-05,1.584592709,0.160647648,84.80736339,5.179664862,6.199256899,0.506145483,3007.063855,8.10664,10.44117647,451.0595783,CI,SBB2,-999.0,1163,-0.027900676,0.072209132,0.164833726,-0.100109809,CI.SBB2,1163,-0.027900676,2.604199886,820.1699829,4.39688015,-0.027900676402543567,1163,741.6086084102352,1063.0753216519959,823.5244398221577,1011.1568382752256
100393,RSN19401,119,19401, SBB2,3.43,34.1381,-117.4717,5.767,69.14,1131,34.6885,-117.8245,29.5,29.58,-0.002751328,-0.002264044,6.32e-05,4.79e-05,1.215227093,0.164660961,85.93030602,5.179664862,6.057771424,0.436332313,2590.235534,57.43899791,35.82348101,388.5353301,CI,SBB2,-999.0,1037,0.086770268,0.072209132,0.164833726,0.014561135,CI.SBB2,1037,0.086770268,2.604199886,820.1699829,4.39688015,0.08677026788659337,1037,848.343290430462,993.4452163008008,850.6324327967383,940.1903282391957
100393,RSN9969,119,9969, SBB2,4.59,34.9977,-119.1926,10.662,129.75,1131,34.6885,-117.8245,9.47,9.68,-0.00901152,-0.008873494,0.001303626,0.001207204,1.015554798,0.1602891,85.68325026,5.179664862,6.221029194,0.401425728,2412.352285,7.464786399,6.806778938,361.8528428,CI,SBB2,-999.0,982,0.141266168,0.072209132,0.164833726,0.069057035,CI.SBB2,982,0.141266168,2.604199886,820.1699829,4.39688015,0.14126616776165513,982,801.3323942609994,973.8500922504358,874.34278098246,933.5103649327341
100429,RSN8754,126,8754, RAMR,5.45,37.4317,-121.7767,7.486,215.18,300,35.636,-120.8698,18.12,18.41,-0.002251018,-0.01128927,0.000616852,0.000126274,0.199394476,0.163503483,88.25584212,5.179664862,6.113244097,0.104719755,601.2637368,17.82645675,18.301424,90.18956052,BK,RAMR,0.6844795,416,-0.326902786,-0.386309912,-0.293685319,0.059407127,BK.RAMR,416,-0.326902786,14.27700043,431.9190063,7.236629963,-0.32690278560506236,416,482.77362269656146,379.25101868330614,483.46766813634747,374.4754090243025
100429,RSN15081,126,15081, RAMR,3.56,36.0672,-120.1861,14.523,78.12,300,35.636,-120.8698,19.98,20.06,-0.000117905,-0.000484134,2.55e-05,3.75e-05,0.243537742,0.156210377,80.03910264,5.179664862,6.305125515,0.122173048,763.0554067,3.144133333,18.98564706,114.458311,BK,RAMR,0.6844795,483,-0.476234179,-0.386309912,-0.293685319,-0.089924267,BK.RAMR,483,-0.476234179,14.27700043,431.9190063,7.236629963,-0.4762341789963713,483,449.2018456331207,409.37519379377005,436.05558179011155,408.69218199896153
100429,RSN14108,126,14108, RAMR,3.8,35.632,-120.7532,6.775,10.57,300,35.636,-120.8698,28.62,28.72,0.091834787,0.584537881,0.000735552,0.000885032,0.157106647,0.138104296,57.31306346,5.179664862,6.094190843,0.06981317,563.284965,103.764369,794.6928035,84.49274475,BK,RAMR,0.6844795,401,-0.290178953,-0.386309912,-0.293685319,0.09613096,BK.RAMR,401,-0.290178953,14.27700043,431.9190063,7.236629963,-0.2901789526503684,401,402.6441044884192,401.75274754748693,399.3514233668708,396.043166857872
100429,RSN18424,126,18424, RAMR,3.72,35.86,-120.4076,9.04,48.64,300,35.636,-120.8698,21.05,21.13,0.000879902,0.003495984,0.000224903,2.64e-05,0.251689279,0.159766066,80.29272422,5.179664862,6.169533303,0.122173048,769.6005287,33.32962121,15.54440803,115.4400793,BK,RAMR,0.6844795,486,-0.482426149,-0.386309912,-0.293685319,-0.096116237,BK.RAMR,486,-0.482426149,14.27700043,431.9190063,7.236629963,-0.4824261492442927,486,433.54324995967744,412.15201177210884,428.4947314494374,413.37272405522964
100429,RSN18513,126,18513, RAMR,3.4,36.0805,-120.1706,12.646,80.13,300,35.636,-120.8698,20.35,20.45,-0.000107706,-0.000355129,2.93e-05,4.38e-05,0.303285616,0.157905533,81.61398687,5.179664862,6.265188729,0.13962634,928.1181545,2.459041096,12.12044369,139.2177232,BK,RAMR,0.6844795,562,-0.627719375,-0.386309912,-0.293685319,-0.241409463,BK.RAMR,562,-0.627719375,14.27700043,431.9190063,7.236629963,-0.6277193752374899,562,505.1199346571014,460.7347539496632,492.4470957481619,465.09425377406484
100429,RSN19021,126,19021, RAMR,3.9,35.6721,-121.0963,5.807,20.9,300,35.636,-120.8698,21.26,21.33,-0.000872069,-0.007323907,0.000413402,9.88e-05,0.119071535,0.159989219,75.80209476,5.179664862,6.059497783,0.052359878,370.0224404,8.826609312,17.71618667,55.50336606,BK,RAMR,0.6844795,310,-0.032789823,-0.386309912,-0.293685319,0.35352009,BK.RAMR,310,-0.032789823,14.27700043,431.9190063,7.236629963,-0.032789822822991255,310,355.8149457069609,382.07759134856434,346.91818790908405,366.4574147093339
100429,RSN18521,126,18521, RAMR,3.48,35.8309,-120.3782,6.939,49.45,300,35.636,-120.8698,20.65,20.72,0.000675081,0.002692159,0.000203347,3.22e-05,0.250758342,0.162721053,82.94668801,5.179664862,6.098979266,0.122173048,752.9930573,20.96524845,13.23923638,112.9489586,BK,RAMR,0.6844795,479,-0.467918123,-0.386309912,-0.293685319,-0.08160821,BK.RAMR,479,-0.467918123,14.27700043,431.9190063,7.236629963,-0.467918122754714,479,439.47725539287234,409.23333972155393,425.14199552099353,405.2510699934166
100453,RSN16379,135,16379, WGR,3.74,34.8456,-119.2446,12.927,37.23,660,34.5109,-119.2741,14.15,14.26,-0.000433137,-0.006933009,6.88e-05,6.49e-05,0.062474535,0.151389863,71.66967951,5.179664862,6.270295551,0.034906585,206.0605171,6.673913713,100.7704797,30.90907757,CI,WGR,-999.0,205,1.169229856,0.347849698,0.440474291,0.821380158,CI.WGR,205,1.169229856,46.75080109,625.0280151,10.37559986,1.1692298558820626,205,304.3063368547681,305.90736512201954,319.8224840475949,316.3618055139527
100453,RSN10832,135,10832, WGR,4.66,34.2983,-118.6255,8.038,64.13,660,34.5109,-119.2741,9.58,9.95,0.004606597,0.007867195,5.35e-05,2.76e-05,0.585545066,0.162183091,83.52372751,5.179664862,6.126524324,0.261799388,1613.063639,166.9056884,147.0503738,241.9595459,CI,WGR,-999.0,721,-0.088399302,0.347849698,0.440474291,-0.436249,CI.WGR,721,-0.088399302,46.75080109,625.0280151,10.37559986,-0.08839930226447823,721,652.81071289717,676.7494372047773,635.27898475946,664.1871460084047
100453,RSN9820,135,9820, WGR,4.69,35.0172,-119.0247,9.251,60.63,660,34.5109,-119.2741,9.2,9.34,-0.00161224,-0.006256511,0.000314002,0.000241108,0.257689886,0.160322284,82.03896181,5.179664862,6.177322679,0.122173048,784.1062749,6.686795959,19.92506736,117.6159412,CI,WGR,-999.0,492,0.293761119,0.347849698,0.440474291,-0.054088579,CI.WGR,492,0.293761119,46.75080109,625.0280151,10.37559986,0.2937611185281632,492,457.70878493250916,465.73225053646377,451.49473850071035,459.14277326394995
100453,RSN15077,135,15077, WGR,3.52,34.2871,-119.6948,5.225,45.96,660,34.5109,-119.2741,19.81,19.88,-0.000265153,-0.000649683,4.51e-05,4.46e-05,0.408126478,0.165043126,84.51511927,5.179664862,6.0312809,0.191986218,1166.236079,5.945134529,14.40538803,174.9354119,CI,WGR,-999.0,649,0.016807118,0.347849698,0.440474291,-0.331042579,CI.WGR,649,0.016807118,46.75080109,625.0280151,10.37559986,0.01680711831638071,649,591.0975017693318,630.3220456397665,574.0599590327745,618.8612891973647
100473,RSN11244,138,11244, WNS,4.42,34.0665,-118.8938,12.827,47.72,1043,34.115,-118.38,23.15,23.23,-0.00080334,-0.001297869,9.46e-05,3.63e-05,0.618968451,0.154502693,75.5810628,5.179664862,6.268505043,0.27925268,1771.584378,22.13057851,13.71954545,265.7376567,CI,WNS,9.911153333,774,0.298284581,0.287426849,0.380051442,0.010857732,CI.WNS,759,0.317854678,36.26190186,328.7860107,8.08286953,0.3178546776051423,759,620.3448764410351,660.5372077035352,677.3130864423168,676.3455819324763
100473,RSN10159,138,10159, WNS,4.18,34.3617,-118.6637,11.151,37.84,1043,34.115,-118.38,4.0,4.06,-0.001254291,-0.002555481,0.000490146,0.000171031,0.490823704,0.154403916,74.25302241,5.179664862,6.233452986,0.226892803,1464.423809,7.333705586,5.213713873,219.6635714,CI,WNS,9.911153333,758,0.319173069,0.287426849,0.380051442,0.03174622,CI.WNS,743,0.33916041,36.26190186,328.7860107,8.08286953,0.33916041028301347,743,627.383863135774,651.195967974626,678.6694628388241,667.5824512043579
100473,RSN17797,138,17797, WNS,3.08,33.974,-118.4283,11.329,16.26,1043,34.115,-118.38,20.75,20.82,-0.005834966,-0.016380922,0.000960093,0.000272736,0.356204996,0.132038965,55.44870193,5.179664862,6.237694647,0.174532925,1290.17508,21.39419072,17.06180755,193.526262,CI,WNS,9.911153333,697,0.403071044,0.287426849,0.380051442,0.115644195,CI.WNS,683,0.423361595,36.26190186,328.7860107,8.08286953,0.42336159542998253,683,560.8535871501185,626.2255795944959,613.1974775764809,636.1420394127301
100473,RSN8437,138,8437, WNS,4.92,34.31,-116.848,6.3,142.53,1043,34.115,-118.38,20.2,20.55,0.006999469,0.0067633,0.001090353,0.000907787,1.03491922,0.164392724,87.84734231,5.179664862,6.078701489,0.401425728,2376.068536,7.710475034,6.202853571,356.4102804,CI,WNS,9.911153333,971,0.071529987,0.287426849,0.380051442,-0.215896862,CI.WNS,952,0.09129142,36.26190186,328.7860107,8.08286953,0.09129142020940773,952,774.6427315924767,898.2173763730982,910.727060875756,895.3323875356377
100473,RSN8877,138,8877, WNS,5.39,33.9465,-117.7667,14.89,59.64,1043,34.115,-118.38,19.6,19.75,0.00935776,0.012871278,0.004758481,0.003180194,0.727026454,0.15396114,76.5322917,5.179664862,6.31653763,0.314159265,2008.018184,2.942512312,2.704913186,301.2027276,CI,WNS,9.911153333,853,0.201096908,0.287426849,0.380051442,-0.086329942,CI.WNS,836,0.221227842,36.26190186,328.7860107,8.08286953,0.22122784191607092,836,622.7244885227323,715.040787745672,678.0566201293468,732.3776941978232
100473,RSN16001,138,16001, WNS,3.64,33.8726,-117.7125,2.161,67.28,1043,34.115,-118.38,24.05,24.25,0.000337155,0.000478014,9.14e-05,5.12e-05,0.70532562,0.168379329,88.97671804,5.179664862,5.93802414,0.314159265,1798.377016,6.585058594,5.229912473,269.7565524,CI,WNS,9.911153333,783,0.286723759,0.287426849,0.380051442,-0.00070309,CI.WNS,767,0.307369654,36.26190186,328.7860107,8.08286953,0.30736965363351665,767,683.4816713356912,687.8979457202844,708.3619167493388,697.4664113615049
100473,RSN8358,138,8358, WNS,4.27,33.9173,-117.7758,7.0,59.87,1043,34.115,-118.38,13.56,13.61,0.00076197,0.001624454,0.000538837,0.000173751,0.469062048,0.163045642,84.09385889,5.179664862,6.100695365,0.226892803,1336.146971,4.385413609,3.014741007,200.4220457,CI,WNS,9.911153333,713,0.380375035,0.287426849,0.380051442,0.092948185,CI.WNS,699,0.400205713,36.26190186,328.7860107,8.08286953,0.4002057127669625,699,638.9622342695386,642.9764098531358,660.6226035685432,644.9175349128642
100473,RSN12041,138,12041, WNS,4.37,34.0559,-117.2442,15.833,105.03,1043,34.115,-118.38,19.4,19.47,-0.000234244,-0.000399304,9.2e-05,5.87e-05,0.586630478,0.156033659,81.8051917,5.179664862,6.343433553,0.261799388,1678.994068,3.990528109,4.34026087,251.8491102,CI,WNS,9.911153333,743,0.33916041,0.287426849,0.380051442,0.051733561,CI.WNS,728,0.359555407,36.26190186,328.7860107,8.08286953,0.3595554068040867,728,713.1736427376229,651.3767386445148,711.8572418930327,661.0950196773142
100537,RSN18628,142,18628, HCAB,3.69,37.4342,-121.7815,7.42,52.47,646,37.0254,-121.4845,21.15,21.22,-0.001992017,-0.006223658,0.000794573,0.000445362,0.320071742,0.162340773,82.82521174,5.179664862,6.111648575,0.157079633,950.5555971,4.472804146,7.83270763,142.5833396,NC,HCAB,-999.0,575,0.116429463,0.032942719,0.125567312,0.083486744,NC.HCAB,575,0.116429463,14.84619999,287.9559937,4.530789852,0.11642946298525114,575,518.2598430232666,476.990908069119,507.92240259341196,471.06804709247143
100537,RSN21427,142,21427, HCAB,4.1,37.862,-121.9995,13.322,103.43,646,37.0254,-121.4845,6.2,6.3,-0.000583266,-0.00186015,0.000517181,0.000163569,0.31355834,0.158159529,83.11182347,5.179664862,6.277093244,0.157079633,957.5871006,3.565871284,3.596709856,143.6380651,NC,HCAB,-999.0,578,0.111225635,0.032942719,0.125567312,0.078282916,NC.HCAB,578,0.111225635,14.84619999,287.9559937,4.530789852,0.1112256351102241,578,495.59567450244606,471.68418360220426,495.7935678847674,469.2480429486704
100537,RSN21248,142,21248, HCAB,4.6,37.5255,-118.8612,10.217,239.19,646,37.0254,-121.4845,4.58,5.12,0.002191396,0.00266555,0.000182295,0.000188438,0.822117679,0.160945556,87.78222088,5.179664862,6.208627201,0.34906585,2098.097392,11.62926798,14.62217834,314.7146088,NC,HCAB,-999.0,882,-0.311392552,0.032942719,0.125567312,-0.344335271,NC.HCAB,882,-0.311392552,14.84619999,287.9559937,4.530789852,-0.3113925522241896,882,865.9976503421078,753.6600546885089,899.7394678148819,755.967979063636
100537,RSN19193,142,19193, HCAB,3.8,36.6888,-121.3205,4.454,40.11,646,37.0254,-121.4845,21.35,21.44,-0.000706258,-0.001600379,0.000638618,0.000203414,0.441307021,0.166539176,84.80638678,5.179664862,5.979941298,0.20943951,1239.160403,3.472022575,2.506003589,185.8740605,NC,HCAB,-999.0,677,-0.046871769,0.032942719,0.125567312,-0.079814488,NC.HCAB,677,-0.046871769,14.84619999,287.9559937,4.530789852,-0.04687176912967317,677,617.2990717710761,555.9445514131136,594.5434848675794,550.5082015076803
100537,RSN21317,142,21317, HCAB,4.2,36.8832,-121.619,7.507,19.81,646,37.0254,-121.4845,14.17,14.29,-0.00578204,-0.040721653,0.000400645,0.000206308,0.141989325,0.153823391,70.12507677,5.179664862,6.113745147,0.06981317,458.0665744,28.02625201,101.6402376,68.70998616,NC,HCAB,-999.0,355,0.598681714,0.032942719,0.125567312,0.565738995,NC.HCAB,355,0.598681714,14.84619999,287.9559937,4.530789852,0.5986817143071859,355,355.42990998073486,356.7362228281551,363.34934745440216,351.310599055831
100537,RSN11670,142,11670, HCAB,4.3,37.2793,-121.6191,3.442,30.61,646,37.0254,-121.4845,19.14,19.2,0.004963011,0.010390392,0.001930913,0.000613028,0.477653853,0.167812276,85.18665561,5.179664862,5.93802414,0.226892803,1317.76228,8.095896109,5.381077242,197.664342,NC,HCAB,-999.0,707,-0.090231162,0.032942719,0.125567312,-0.123173881,NC.HCAB,707,-0.090231162,14.84619999,287.9559937,4.530789852,-0.09023116211397131,707,624.8893075599607,576.8255486047952,620.232746826819,573.9762092776093
100537,RSN19063,142,19063, HCAB,4.0,36.6775,-121.3009,6.377,41.94,646,37.0254,-121.4845,16.63,16.89,-0.002186481,-0.004821947,0.00034271,0.000207262,0.453443631,0.162970171,82.34391009,5.179664862,6.081392586,0.20943951,1295.475717,10.54935782,14.07005048,194.3213576,NC,HCAB,-999.0,698,-0.077419599,0.032942719,0.125567312,-0.110362318,NC.HCAB,698,-0.077419599,14.84619999,287.9559937,4.530789852,-0.07741959897977058,698,642.7672985615209,578.7650090690847,615.3309731509484,568.4835316409736
100537,RSN19081,142,19081, HCAB,3.6,36.6809,-121.3013,6.35,41.57,646,37.0254,-121.4845,21.65,21.78,-0.001088104,-0.002430251,0.000455131,0.000411702,0.447733304,0.163009726,82.38190167,5.179664862,6.080457504,0.20943951,1281.481192,2.642940768,5.339673632,192.2221788,NC,HCAB,-999.0,693,-0.070230495,0.032942719,0.125567312,-0.103173214,NC.HCAB,693,-0.070230495,14.84619999,287.9559937,4.530789852,-0.07023049540730142,693,639.6855560012748,573.9637348098904,610.4416945551329,565.5412169360087
100537,RSN8686,142,8686, HCAB,5.45,37.4317,-121.7767,7.486,52.02,646,37.0254,-121.4845,16.63,16.87,-0.148096708,-0.307994936,0.011303743,0.009541669,0.480841373,0.162220101,82.60886464,5.179664862,6.113244097,0.226892803,1370.652701,15.52104857,27.2471637,205.5979052,NC,HCAB,-999.0,725,-0.115372151,0.032942719,0.125567312,-0.14831487,NC.HCAB,725,-0.115372151,14.84619999,287.9559937,4.530789852,-0.11537215107207288,725,656.8740554341133,606.8976627553359,632.8497642891081,597.1234304199156
100537,RSN18829,142,18829, HCAB,4.05,37.4812,-121.7987,11.01,57.76,646,37.0254,-121.4845,41.1,41.22,-0.006554579,-0.016050106,0.003635299,0.001239602,0.408382296,0.15800942,79.86541344,5.179664862,6.229990225,0.191986218,1218.808589,5.287647971,4.415071773,182.8212884,NC,HCAB,-999.0,669,-0.034984556,0.032942719,0.125567312,-0.067927275,NC.HCAB,669,-0.034984556,14.84619999,287.9559937,4.530789852,-0.03498455634562703,669,574.7851038125526,553.7724439442993,573.1475431050613,550.7882814889733
100537,RSN19147,142,19147, HCAB,3.9,36.6979,-121.3332,5.002,38.77,646,37.0254,-121.4845,15.88,15.93,-0.000582161,-0.002227442,0.000954543,0.000246591,0.261358471,0.1651941,83.82676363,5.179664862,6.018382641,0.122173048,771.1385923,2.360836365,2.333516667,115.6707888,NC,HCAB,-999.0,487,0.282535381,0.032942719,0.125567312,0.249592662,NC.HCAB,487,0.282535381,14.84619999,287.9559937,4.530789852,0.28253538070001216,487,437.01022203732975,405.0751600866566,433.3452459144306,402.2402263282204
