SSN,File.name,Code,RSN,SID,Mw,E.Lat,E.Long,E.Dep,EpiD,Vs30_mea,S.Lat,S.Long,p.ver,peak.time,Ur,Uz,max.noise.ver.05,max.noise.rad.05,U.ratio,ray.p,i2.angle,Vp_1,Vp_2,j.angle,Vsz,SNRrad,SNRver,z_0.15,network,station,f0,Vs30_est,Res,y_bar,eta,within_res,station2,Vs30_f0,Res_f0,slope,mean_ele_500m,slope_500m,log_res,P-wave_pred,Set1_pred,Set2_pred,Set3_pred,Set4_pred
1351,RSN1951,5,1951,13929,4.92,33.5083,-116.5143,15.2,65.92,503,33.649,-117.205,4.58,4.6,0.013662115,0.016909889,0.006138521,0.002215037,0.807936389,0.154330971,77.49015185,5.179664862,6.325747735,0.331612558,2155.600389,6.167894712,2.754717138,323.3400584,CE,13929,7.184183333,901,-0.582915088,-0.580605638,-0.487981045,-0.002309449,CE.13929,763,-0.416667861,1.941050053,487.243988,2.926919937,-0.41666786118471766,763,690.7207218448118,631.9500826793106,666.1855962509808,609.9146017311301
1351,RSN11527,5,11527,13929,4.73,33.7328,-117.4921,10.018,28.2,503,33.649,-117.205,21.75,21.785,0.008833822,0.014812484,0.002248369,0.000547137,0.596376841,0.152916155,71.53068059,5.179664862,6.202702587,0.261799388,1734.697277,16.14553942,6.588101864,260.2045916,CE,13929,7.184183333,762,-0.415356386,-0.580605638,-0.487981045,0.165249253,CE.13929,645,-0.248660147,1.941050053,487.243988,2.926919937,-0.2486601466960332,645,635.3419778933288,590.6559970645355,584.0157009974843,544.3152720275614
1351,RSN10593,5,10593,13929,4.45,34.1081,-117.3062,14.795,51.78,503,33.649,-117.205,18.8,18.89,-0.023438044,-0.021218101,0.000507133,0.000449873,1.104624955,0.152682695,74.5758191,5.179664862,6.313637877,0.41887902,2656.689032,52.09924579,41.83932223,398.5033548,CE,13929,7.184183333,1058,-0.743545442,-0.580605638,-0.487981045,-0.162939804,CE.13929,896,-0.577350243,1.941050053,487.243988,2.926919937,-0.5773502428751911,896,576.1403412959061,668.3984972317422,651.7626936549855,660.0973951234852
3039,RSN16086,8,16086, BBS,3.58,33.827,-117.0296,15.131,11.35,341,33.921,-116.981,16.83,16.89,-0.007772645,-0.085597566,0.003359039,0.000330356,0.090804508,0.097135931,37.89827473,5.179664862,6.323730411,0.052359878,466.1318062,23.52808788,25.48275444,69.91977093,CI,BBS,0.377483,359,-0.051439911,-0.115453137,-0.022828543,0.064013225,CI.BBS,359,-0.051439911,3.129859924,781.7869873,1.160560012,-0.05143991120476166,359,402.3685629576906,420.110722078724,388.4681027646199,407.5930958588886
3039,RSN15250,8,15250, BBS,3.86,34.1976,-117.3882,14.177,48.52,341,33.921,-116.981,22.42,22.48,0.001507103,0.012208178,0.000734883,0.000138907,0.12345029,0.152987021,74.33853798,5.179664862,6.293825021,0.06981317,401.4013243,10.8497268,16.61241041,60.21019865,CI,BBS,0.377483,327,0.041922306,-0.115453137,-0.022828543,0.157375443,CI.BBS,327,0.041922306,3.129859924,781.7869873,1.160560012,0.041922306386263486,327,333.0915130181355,305.0907103800495,312.13889785723023,303.15690872268823
3039,RSN19359,8,19359, BBS,3.43,34.1381,-117.4717,5.767,51.32,341,33.921,-116.981,25.92,26.03,0.000821836,0.003270244,0.000545698,0.000134952,0.251307356,0.164332033,84.55388179,5.179664862,6.057771424,0.122173048,747.1483026,6.08983935,5.992772559,112.0722454,CI,BBS,0.377483,476,-0.333535377,-0.115453137,-0.022828543,-0.21808224,CI.BBS,476,-0.333535377,3.129859924,781.7869873,1.160560012,-0.3335353769479035,476,481.7416160648327,425.30516942138536,448.97603225670343,413.7604375888644
3039,RSN16243,8,16243, BBS,3.64,33.223,-116.7186,8.687,81.16,341,33.921,-116.981,26.16,26.23,-0.000622381,-0.00308716,0.000141253,0.000218438,0.201603095,0.161690196,84.44239885,5.179664862,6.155594857,0.104719755,614.4818615,2.849234108,21.85553581,92.17227923,CI,BBS,0.377483,421,-0.210750356,-0.115453137,-0.022828543,-0.09529722,CI.BBS,421,-0.210750356,3.129859924,781.7869873,1.160560012,-0.2107503563988642,421,435.65413935862136,377.11356901805425,393.73645304643065,371.94804907468955
3039,RSN16511,8,16511, BBS,3.61,34.2449,-117.4464,12.48,56.0,341,33.921,-116.981,16.7,16.74,-0.000416302,-0.00226758,0.000252515,0.000206404,0.183588682,0.1562011,77.99802483,5.179664862,6.262058538,0.087266463,580.2213898,2.016927967,8.979981387,87.03320847,CI,BBS,0.377483,408,-0.179384697,-0.115453137,-0.022828543,-0.063931561,CI.BBS,408,-0.179384697,3.129859924,781.7869873,1.160560012,-0.17938469712064453,408,422.87872891553934,368.753786437864,384.85134224866437,361.622077945141
3039,RSN13775,8,13775, BBS,4.06,34.1614,-116.9872,11.361,26.67,341,33.921,-116.981,15.99,16.04,-0.002676964,-0.031051377,0.001018655,0.000258481,0.08621079,0.148082728,67.48892695,5.179664862,6.238442335,0.034906585,290.1916671,10.35652137,30.48272182,43.52875007,CI,BBS,0.377483,264,0.255933374,-0.115453137,-0.022828543,0.371386511,CI.BBS,264,0.255933374,3.129859924,781.7869873,1.160560012,0.25593337413720096,264,312.7232624525831,336.23367078683515,297.9896912776726,321.5484666339514
3039,RSN18058,8,18058, BBS,5.19,36.4034,-117.8499,9.418,286.55,341,33.921,-116.981,11.58,11.7,-0.000304904,-0.001364563,0.000195453,0.000136365,0.223444183,0.161657426,88.3081555,5.179664862,6.183223963,0.104719755,678.2047939,2.235940307,6.981540319,101.7307191,CI,BBS,0.377483,444,-0.263942085,-0.115453137,-0.022828543,-0.148488949,CI.BBS,444,-0.263942085,3.129859924,781.7869873,1.160560012,-0.26394208514870776,444,517.8815030983088,414.2228191212346,476.2146026695778,405.3301289944828
3039,RSN10908,8,10908, BBS,4.26,33.8776,-116.2019,10.062,72.22,341,33.921,-116.981,26.27,26.35,0.00334383,0.0183787,0.000827985,0.000612502,0.181940494,0.159888388,82.72644798,5.179664862,6.204033973,0.087266463,561.9140435,5.459296459,22.1968997,84.28710653,CI,BBS,0.377483,400,-0.15958207,-0.115453137,-0.022828543,-0.044128933,CI.BBS,400,-0.15958207,3.129859924,781.7869873,1.160560012,-0.15958206982446477,400,397.039688264531,355.54310207757834,365.44828743882056,347.19804185450045
3039,RSN8177,8,8177, BBS,4.92,33.5083,-116.5143,15.2,63.0,341,33.921,-116.981,24.15,24.23,-0.003700095,-0.022031987,0.000858653,0.00019411,0.167941965,0.154094168,77.09990833,5.179664862,6.325747735,0.087266463,539.4546444,19.06184638,25.65877834,80.91819666,CI,BBS,0.377483,391,-0.136825083,-0.115453137,-0.022828543,-0.021371946,CI.BBS,391,-0.136825083,3.129859924,781.7869873,1.160560012,-0.1368250827018489,391,366.55276823806724,340.3489458678516,340.0058592460964,339.1672454990319
3039,RSN16699,8,16699, BBS,3.73,33.5058,-116.7636,16.276,50.27,341,33.921,-116.981,23.35,23.48,-0.001249306,-0.005822795,0.000346509,0.00029685,0.214554387,0.150225553,72.68486601,5.179664862,6.3549922,0.104719755,702.066637,4.208543035,16.8041667,105.3099956,CI,BBS,0.377483,456,-0.290610332,-0.115453137,-0.022828543,-0.175157196,CI.BBS,456,-0.290610332,3.129859924,781.7869873,1.160560012,-0.2906103322308695,456,483.31373875697057,421.04954239008134,436.33653940013863,403.3870770949063
3039,RSN17479,8,17479, BBS,3.62,33.9521,-116.3635,9.067,57.2,341,33.921,-116.981,19.1,19.16,0.001911262,0.012637582,0.000475287,0.000189247,0.151236329,0.160404301,81.80272963,5.179664862,6.170551665,0.06981317,467.2639386,10.0992988,26.58937021,70.08959079,CI,BBS,0.377483,359,-0.051439911,-0.115453137,-0.022828543,0.064013225,CI.BBS,359,-0.051439911,3.129859924,781.7869873,1.160560012,-0.05143991120476166,359,370.13751136665996,327.3758804406999,334.4051800418349,323.78928281965864
3039,RSN15147,8,15147, BBS,3.9,33.867,-117.1038,11.856,12.84,341,33.921,-116.981,17.41,17.5,0.045101032,0.239691391,0.007986142,0.000632484,0.188162922,0.118661457,47.8654059,5.179664862,6.24946745,0.087266463,782.1725661,71.30778328,30.01341461,117.3258849,CI,BBS,0.377483,491,-0.364561651,-0.115453137,-0.022828543,-0.249108514,CI.BBS,491,-0.364561651,3.129859924,781.7869873,1.160560012,-0.3645616505110034,491,472.35241500921364,460.66957790315627,462.5783422004399,456.34907701011474
3039,RSN16577,8,16577, BBS,3.69,33.735,-117.4936,9.693,51.74,341,33.921,-116.981,13.07,13.12,0.000614017,0.002851385,0.000937265,0.000297973,0.215339753,0.159099769,80.13714303,5.179664862,6.192470162,0.104719755,665.2273617,2.060646434,3.042239921,99.78410426,CI,BBS,0.377483,438,-0.250336433,-0.115453137,-0.022828543,-0.134883297,CI.BBS,438,-0.250336433,3.129859924,781.7869873,1.160560012,-0.2503364330929294,438,440.8439340172529,393.16295695093487,407.45975294072974,382.21058495911757
3039,RSN14982,8,14982, BBS,3.74,34.1651,-117.4332,7.875,49.77,341,33.921,-116.981,21.65,21.71,0.000872126,0.006100136,0.00052289,0.000196546,0.142968276,0.161694105,81.84900965,5.179664862,6.12204057,0.06981317,438.7142211,4.437261506,11.66619365,65.80713317,CI,BBS,0.377483,346,-0.014556298,-0.115453137,-0.022828543,0.100896839,CI.BBS,346,-0.014556298,3.129859924,781.7869873,1.160560012,-0.01455629777420775,346,355.16441665594584,321.1968691313294,324.33221016607854,314.96088809048763
3039,RSN13815,8,13815, BBS,4.17,34.3277,-116.829,4.957,47.24,341,33.921,-116.981,21.4,21.52,-0.004108067,-0.02381155,0.000200358,0.000172586,0.172524131,0.165595178,84.97471681,5.179664862,6.015610792,0.087266463,515.2962416,23.80301415,118.8450174,77.29443624,CI,BBS,0.377483,380,-0.108288775,-0.115453137,-0.022828543,0.007164361,CI.BBS,380,-0.108288775,3.129859924,781.7869873,1.160560012,-0.10828877543691462,380,389.0853395145077,350.50227409599853,354.45918363975153,336.5105654052651
3039,RSN12730,8,12730, BBS,4.26,33.9538,-116.3912,7.696,54.65,341,33.921,-116.981,22.9,22.95,0.004516857,0.027069604,0.005790719,0.001022789,0.166860859,0.162159941,82.79942227,5.179664862,6.118116656,0.087266463,509.4115666,4.416215857,4.674653355,76.41173499,CI,BBS,0.377483,378,-0.103011718,-0.115453137,-0.022828543,0.012441418,CI.BBS,378,-0.103011718,3.129859924,781.7869873,1.160560012,-0.10301171833607103,378,379.5154656196068,343.26083165004076,345.51937909597353,330.95782177302215
3039,RSN10397,8,10397, BBS,4.45,34.1081,-117.3062,14.795,36.51,341,33.921,-116.981,18.42,18.52,0.029182618,0.202208245,0.00103687,0.000113556,0.144319624,0.147354638,68.48847488,5.179664862,6.313637877,0.06981317,485.8650155,256.9887809,195.0179338,72.87975233,CI,BBS,0.377483,368,-0.076200461,-0.115453137,-0.022828543,0.039252676,CI.BBS,368,-0.076200461,3.129859924,781.7869873,1.160560012,-0.07620046088541432,368,343.77634179837025,337.28053624437104,328.3142677553107,334.60031831542915
3039,RSN9320,8,9320, BBS,4.88,34.0655,-117.0011,17.501,16.13,341,33.921,-116.981,15.0,15.07,-0.003975128,-0.04803923,0.00118358,0.000844664,0.082747542,0.105366584,42.27196068,5.179664862,6.383907006,0.034906585,391.5667346,4.706164818,40.58807178,58.73501019,CI,BBS,0.377483,322,0.057330932,-0.115453137,-0.022828543,0.172784068,CI.BBS,322,0.057330932,3.129859924,781.7869873,1.160560012,0.057330931739108415,322,395.8640523442558,402.8537145600605,362.9141363380394,392.07295233583363
3039,RSN8983,8,8983, BBS,5.2,33.5328,-116.5697,15.48,57.51,341,33.921,-116.981,18.82,18.95,-0.006704236,-0.03398514,9.24e-05,0.000441042,0.197269636,0.152857087,75.50247877,5.179664862,6.333749326,0.104719755,636.5437375,15.2009015,367.8045455,95.48156063,CI,BBS,0.377483,428,-0.227240718,-0.115453137,-0.022828543,-0.111787582,CI.BBS,428,-0.227240718,3.129859924,781.7869873,1.160560012,-0.22724071829827963,428,390.63852186197005,376.7437577440732,369.52869852371595,371.3054389031493
3039,RSN8764,8,8764, BBS,5.39,33.9465,-117.7667,14.89,72.7,341,33.921,-116.981,27.25,27.35,0.010280593,0.05601769,0.009086797,0.00116139,0.183524047,0.155369304,78.9308112,5.179664862,6.31653763,0.087266463,583.1289726,8.851973067,6.164734394,87.46934589,CI,BBS,0.377483,409,-0.181832679,-0.115453137,-0.022828543,-0.066379542,CI.BBS,409,-0.181832679,3.129859924,781.7869873,1.160560012,-0.18183267875928522,409,367.42121445839734,352.7635753393198,350.93270572029274,349.6524504233974
3039,RSN11346,8,11346, BBS,4.73,33.7328,-117.4921,10.018,51.71,341,33.921,-116.981,19.0,19.09,0.002023055,0.00785909,0.001937239,0.000338199,0.257415895,0.158660113,79.77604838,5.179664862,6.202702587,0.122173048,791.5299085,5.981847965,4.056851013,118.7294863,CI,BBS,0.377483,495,-0.372675285,-0.115453137,-0.022828543,-0.257222149,CI.BBS,495,-0.372675285,3.129859924,781.7869873,1.160560012,-0.37267528528517335,495,480.4915303750038,432.10488415120403,436.5049697577954,418.3863875310476
3039,RSN17237,8,17237, BBS,3.53,34.2894,-116.8271,6.278,43.26,341,33.921,-116.981,20.85,20.92,-0.001183659,-0.010261277,0.000721597,0.000186572,0.115351989,0.163246057,82.8373772,5.179664862,6.07791863,0.052359878,351.4626999,6.344247797,14.22023235,52.71940499,CI,BBS,0.377483,299,0.131438904,-0.115453137,-0.022828543,0.24689204,CI.BBS,299,0.131438904,3.129859924,781.7869873,1.160560012,0.13143890389283008,299,318.3980005096691,292.4109716041688,288.3243367006491,287.50852352184614
3039,RSN12592,8,12592, BBS,4.11,33.5089,-116.8485,12.274,47.33,341,33.921,-116.981,15.01,15.06,-0.001963953,-0.01064954,0.000869111,0.000273715,0.184416673,0.155200871,76.22899929,5.179664862,6.258050482,0.087266463,586.5087621,7.175174908,12.25337155,87.97631432,CI,BBS,0.377483,410,-0.184274682,-0.115453137,-0.022828543,-0.068821546,CI.BBS,410,-0.184274682,3.129859924,781.7869873,1.160560012,-0.1842746824148369,410,415.0629067387761,375.623028875249,382.61991054674075,364.4566132796976
3039,RSN15383,8,15383, BBS,3.99,34.0514,-117.2429,14.998,28.19,341,33.921,-116.981,22.38,22.42,0.001031329,0.009035383,0.000949184,0.000260281,0.114143351,0.140476419,62.5957695,5.179664862,6.319789549,0.052359878,404.2064804,3.962367595,9.519105885,60.63097206,CI,BBS,0.377483,329,0.035824727,-0.115453137,-0.022828543,0.151277863,CI.BBS,329,0.035824727,3.129859924,781.7869873,1.160560012,0.035824726518145056,329,330.2943339998481,318.6993535321212,316.25791337382844,320.30966201666376
3039,RSN16811,8,16811, BBS,3.49,34.309,-116.9297,9.684,43.3,341,33.921,-116.981,11.5,11.54,-0.003394256,-0.031197516,0.003237696,0.00053623,0.108798904,0.158149011,78.31802904,5.179664862,6.192176404,0.052359878,342.4276385,6.329850997,9.635715027,51.36414578,CI,BBS,0.377483,293,0.151709868,-0.115453137,-0.022828543,0.267163005,CI.BBS,293,0.151709868,3.129859924,781.7869873,1.160560012,0.15170986826644928,293,310.55443318621275,286.7498014898399,284.1441684954417,285.01680338407294
3040,RSN15554,9,15554, BC3,4.06,32.6823,-116.088,9.762,123.02,763,33.655,-115.454,28.26,28.35,0.000146056,0.000289651,6.57e-05,6.11e-05,0.504247262,0.161006654,85.85825716,5.179664862,6.194703173,0.226892803,1435.428096,2.390441899,4.40869102,215.3142144,CI,BC3,-999.0,748,0.019855053,-0.025573256,0.067051337,0.045428309,CI.BC3,748,0.019855053,15.84070015,1060.959961,9.405750275,0.019855053309979276,748,800.1819905423591,851.0471582306221,788.5122921467292,917.2954218429093
3040,RSN14284,9,14284, BC3,4.19,33.4453,-116.439,8.875,94.39,763,33.655,-115.454,14.8,14.87,0.001769217,0.002475585,0.000817163,0.000357958,0.714666327,0.16167568,85.15988751,5.179664862,6.16316588,0.314159265,1889.96605,4.942526777,3.029487385,283.4949075,CI,BC3,-999.0,814,-0.064702335,-0.025573256,0.067051337,-0.039129079,CI.BC3,814,-0.064702335,15.84070015,1060.959961,9.405750275,-0.06470233471808307,814,749.8487110828238,848.5124355319557,803.4550972510298,933.3485269060932
3040,RSN10909,9,10909, BC3,4.26,33.8776,-116.2019,10.062,73.55,763,33.655,-115.454,23.0,23.08,0.003483602,0.008826659,0.000996026,0.000142921,0.39466821,0.159923748,82.82640983,5.179664862,6.204033973,0.191986218,1169.133769,24.37431868,8.861876096,175.3700654,CI,BC3,-999.0,650,0.160285668,-0.025573256,0.067051337,0.185858924,CI.BC3,650,0.160285668,15.84070015,1060.959961,9.405750275,0.1602856683947742,650,647.5356371946409,745.0135224162635,666.2697025958274,819.2404606046446
3040,RSN11707,9,11707, BC3,4.5,34.3365,-116.8617,8.94,150.43,763,33.655,-115.454,15.88,16.18,0.000606897,0.001008103,2.83e-05,4.31e-06,0.602018592,0.161957683,86.94967379,5.179664862,6.165704274,0.27925268,1655.48309,140.8113689,35.62201413,248.3224635,CI,BC3,-999.0,735,0.037387532,-0.025573256,0.067051337,0.062960788,CI.BC3,735,0.037387532,15.84070015,1060.959961,9.405750275,0.03738753207162038,735,880.7803081998959,847.5896165187228,867.9759407029028,921.2217798931297
3040,RSN11564,9,11564, BC3,4.51,32.8882,-115.5018,9.4,85.16,763,33.655,-115.454,22.53,22.58,5.5e-05,0.000137829,5.11e-05,2.55e-05,0.398730589,0.160922269,84.22106746,5.179664862,6.182598645,0.191986218,1172.255579,2.156862745,2.697240705,175.8383369,CI,BC3,-999.0,651,0.158748389,-0.025573256,0.067051337,0.184321645,CI.BC3,651,0.158748389,15.84070015,1060.959961,9.405750275,0.15874838907588806,651,650.7016257543461,743.8126800869763,675.9802949112436,828.4321561786148
3040,RSN14215,9,14215, BC3,3.94,32.7219,-116.8133,20.237,163.64,763,33.655,-115.454,20.58,20.65,-9.53e-05,-0.000110915,2.54e-05,2.17e-05,0.859483165,0.154185737,83.22801441,5.179664862,6.440435438,0.34906585,2251.28699,4.391705069,4.366732283,337.6930485,CI,BC3,-999.0,931,-0.199001246,-0.025573256,0.067051337,-0.17342799,CI.BC3,931,-0.199001246,15.84070015,1060.959961,9.405750275,-0.19900124599261027,931,976.1837862146565,942.2618591168996,1028.9940192170845,1007.661037589046
3040,RSN16933,9,16933, BC3,3.63,34.1242,-116.405,9.555,102.21,763,33.655,-115.454,14.03,14.15,0.000259206,0.000510766,2.4e-05,2.48e-05,0.507484945,0.161029059,85.15843398,5.179664862,6.187901101,0.226892803,1442.651928,10.45185484,21.28191667,216.3977892,CI,BC3,-999.0,750,0.017184825,-0.025573256,0.067051337,0.042758081,CI.BC3,750,0.017184825,15.84070015,1060.959961,9.405750275,0.01718482475410088,750,769.7394229508984,850.0837065918466,784.8665926075855,922.651844050302
3040,RSN9321,9,9321, BC3,4.88,34.0655,-117.0011,17.501,150.23,763,33.655,-115.454,16.48,16.54,0.001003995,0.001976442,0.000510922,0.000415282,0.507980667,0.155692057,83.68053179,5.179664862,6.383907006,0.226892803,1493.278134,2.417622242,3.868383041,223.9917201,CI,BC3,-999.0,768,-0.006531702,-0.025573256,0.067051337,0.019041554,CI.BC3,768,-0.006531702,15.84070015,1060.959961,9.405750275,-0.006531701863215389,768,1018.6389427145511,891.7120573348043,924.963083863737,965.1856402582594
3040,RSN15727,9,15727, BC3,3.81,32.9942,-116.2977,5.726,107.43,763,33.655,-115.454,17.9,18.02,6.95e-05,8.08e-05,8.23e-06,9.96e-06,0.860438609,0.164962366,87.4471637,5.179664862,6.055972626,0.34906585,2105.645241,6.977911647,9.817739976,315.8467862,CI,BC3,-999.0,885,-0.148329614,-0.025573256,0.067051337,-0.122756358,CI.BC3,885,-0.148329614,15.84070015,1060.959961,9.405750275,-0.14832961372347242,885,808.7377195056637,863.4144796145878,893.531704621771,949.0874131218261
3040,RSN16745,9,16745, BC3,3.72,33.1099,-116.0467,7.494,81.83,763,33.655,-115.454,28.62,28.68,0.000501853,0.000781654,5.08e-05,3.23e-05,0.64204007,0.163037874,85.3591906,5.179664862,6.113435346,0.27925268,1724.49717,15.53724458,15.38688976,258.6745755,CI,BC3,-999.0,759,0.005256254,-0.025573256,0.067051337,0.03082951,CI.BC3,759,0.005256254,15.84070015,1060.959961,9.405750275,0.005256253888826556,759,713.2353551662455,828.3582099678127,781.1790220061124,913.7373500259283
3040,RSN16244,9,16244, BC3,3.64,33.223,-116.7186,8.687,126.98,763,33.655,-115.454,30.65,30.7,0.000168385,0.000218223,8.4e-05,4.49e-05,0.771618832,0.162147524,86.48097032,5.179664862,6.155594857,0.331612558,1991.606085,3.750222717,2.597892857,298.7409128,CI,BC3,-999.0,847,-0.104442663,-0.025573256,0.067051337,-0.078869407,CI.BC3,847,-0.104442663,15.84070015,1060.959961,9.405750275,-0.10444266336759789,847,804.5966463010442,875.4548784005824,853.7348161114649,943.9606932981567
3040,RSN18059,9,18059, BC3,5.19,36.4034,-117.8499,9.418,375.2,763,33.655,-115.454,9.46,9.63,-8.39e-05,-0.000111328,1.3e-05,2e-05,0.753378047,0.161686977,88.71060308,5.179664862,6.183223963,0.314159265,1958.40446,4.195,8.563692308,293.760669,CI,BC3,-999.0,837,-0.092566039,-0.025573256,0.067051337,-0.066992783,CI.BC3,837,-0.092566039,15.84070015,1060.959961,9.405750275,-0.09256603920501849,837,773.5398753553114,846.340510652187,859.9740321485496,934.2361367147147
3040,RSN15384,9,15384, BC3,3.99,34.0514,-117.2429,14.998,171.29,763,33.655,-115.454,25.11,25.15,2.69e-05,4.67e-05,2.29e-05,1.09e-05,0.576072859,0.157699414,85.29281728,5.179664862,6.319789549,0.261799388,1638.442322,2.467889908,2.03930131,245.7663483,CI,BC3,-999.0,729,0.045584299,-0.025573256,0.067051337,0.071157555,CI.BC3,729,0.045584299,15.84070015,1060.959961,9.405750275,0.045584299275798656,729,832.5721675285158,837.6362675252718,836.0509791827224,899.7912259594357
3040,RSN17646,9,17646, BC3,3.47,33.8029,-116.1786,7.366,69.13,763,33.655,-115.454,19.06,19.15,0.000636366,0.001196984,5.08e-05,3.81e-05,0.531641325,0.1629238,84.57233999,5.179664862,6.110319177,0.244346095,1484.727227,16.70251969,23.56267717,222.7090841,CI,BC3,-999.0,765,-0.002617803,-0.025573256,0.067051337,0.022955454,CI.BC3,765,-0.002617803,15.84070015,1060.959961,9.405750275,-0.002617802542078884,765,770.4572476799933,861.6741900123617,779.079024331012,946.45860023755
3040,RSN13816,9,13816, BC3,4.17,34.3277,-116.829,4.957,147.34,763,33.655,-115.454,21.4,21.6,0.001014807,0.001311335,0.000349507,0.000135788,0.773873152,0.166172294,88.43680591,5.179664862,6.015610792,0.331612558,1947.081467,7.473465991,3.751956327,292.0622201,CI,BC3,-999.0,833,-0.087775611,-0.025573256,0.067051337,-0.062202355,CI.BC3,833,-0.087775611,15.84070015,1060.959961,9.405750275,-0.08777561088238617,833,864.4051995097446,864.587084122471,899.4374929156817,935.1116092019914
3040,RSN13207,9,13207, BC3,4.19,34.3571,-116.8418,9.486,150.01,763,33.655,-115.454,15.95,16.11,0.000234451,0.000568559,7.52e-05,3.37e-05,0.412360056,0.161401663,86.71837699,5.179664862,6.185563454,0.191986218,1203.190041,6.957002967,7.560625,180.4785062,CI,BC3,-999.0,663,0.140483041,-0.025573256,0.067051337,0.166056297,CI.BC3,663,0.140483041,15.84070015,1060.959961,9.405750275,0.14048304109859444,663,750.3177075574981,762.3200308239992,765.9722056976157,835.8198346843993
3040,RSN16789,9,16789, BC3,3.87,34.1402,-116.7627,11.324,132.48,763,33.655,-115.454,16.62,16.68,-3.28e-05,-9.49e-05,2.72e-05,5.54e-06,0.345412002,0.159823098,85.49388132,5.179664862,6.237577418,0.174532925,1036.99643,5.920577617,3.488970588,155.5494645,CI,BC3,-999.0,614,0.217263103,-0.025573256,0.067051337,0.242836359,CI.BC3,614,0.217263103,15.84070015,1060.959961,9.405750275,0.21726310313731467,614,645.1779150372212,724.8879299190058,683.7601126621569,785.4232273402472
3040,RSN13108,9,13108, BC3,4.06,33.2394,-116.2082,10.532,83.92,763,33.655,-115.454,12.0,12.08,0.000528801,0.000637207,0.000136817,7.97e-05,0.829873775,0.159760041,83.36947345,5.179664862,6.217520851,0.34906585,2126.14371,6.63489335,4.65736714,318.9215565,CI,BC3,-999.0,891,-0.155086396,-0.025573256,0.067051337,-0.12951314,CI.BC3,891,-0.155086396,15.84070015,1060.959961,9.405750275,-0.155086396186352,891,780.5292833671274,867.6097503035405,881.9793206459914,954.755579647147
3040,RSN11287,9,11287, BC3,4.78,34.1228,-116.9226,5.969,145.43,763,33.655,-115.454,16.99,17.18,0.000998119,0.001732632,1.44e-05,2.78e-05,0.576071109,0.16474939,88.02368189,5.179664862,6.066214653,0.261799388,1568.32625,35.90356115,120.3216667,235.2489375,CI,BC3,-999.0,747,0.021192846,-0.025573256,0.067051337,0.046766102,CI.BC3,747,0.021192846,15.84070015,1060.959961,9.405750275,0.02119284615163952,747,840.4100196897326,854.828966495801,863.9929070792749,939.8218939815177
3040,RSN17832,9,17832, BC3,3.14,33.0622,-115.8937,7.729,77.44,763,33.655,-115.454,26.56,26.63,-0.000109554,-0.000163927,1.51e-05,2.13e-05,0.668311235,0.162792421,84.94025583,5.179664862,6.11885537,0.296705973,1784.253296,5.143380282,10.85609272,267.6379944,CI,BC3,-999.0,779,-0.020753015,-0.025573256,0.067051337,0.004820242,CI.BC3,779,-0.020753015,15.84070015,1060.959961,9.405750275,-0.020753014586291307,779,712.2749756036687,815.5985612669666,789.0436210691606,919.9407847996719
3040,RSN9458,9,9458, BC3,4.93,34.0669,-116.3681,2.241,96.14,763,33.655,-115.454,44.26,44.38,0.000864465,0.001580211,0.000256,0.0002561,0.547056811,0.168391512,89.24361775,5.179664862,5.93802414,0.244346095,1469.164891,3.375497852,6.172699219,220.3747337,CI,BC3,-999.0,760,0.003939598,-0.025573256,0.067051337,0.029512854,CI.BC3,760,0.003939598,15.84070015,1060.959961,9.405750275,0.003939598004079947,760,682.7853331926202,845.8777492789435,769.335649933622,938.8715214187391
3040,RSN12829,9,12829, BC3,4.02,33.7129,-116.0516,12.808,55.78,763,33.655,-115.454,23.2,23.3,0.003387715,0.005180392,0.000656674,0.000285111,0.653949632,0.155853834,77.66546941,5.179664862,6.268161535,0.296705973,1834.961991,11.88209154,7.888833729,275.2442987,CI,BC3,-999.0,796,-0.042341155,-0.025573256,0.067051337,-0.016767898,CI.BC3,796,-0.042341155,15.84070015,1060.959961,9.405750275,-0.04234115455992615,796,751.7262537541781,860.93967029128,771.6353685974357,938.8497655720057
3040,RSN10324,9,10324, BC3,4.63,32.3362,-115.2425,17.16,147.59,763,33.655,-115.454,20.35,20.43,-0.000300046,-0.00039755,0.000123722,8.23e-05,0.75473687,0.155879486,83.68392989,5.179664862,6.37627289,0.331612558,2041.709203,3.645759417,3.213252291,306.2563805,CI,BC3,-999.0,864,-0.124314738,-0.025573256,0.067051337,-0.098741481,CI.BC3,864,-0.124314738,15.84070015,1060.959961,9.405750275,-0.12431473751959832,864,912.6710714421356,893.7432614044261,933.8729774514813,973.6748660715205
3040,RSN9859,9,9859, BC3,4.59,34.9977,-119.1926,10.662,374.92,763,33.655,-115.454,8.6,8.83,0.000150555,0.000238498,8.23e-06,1.3e-05,0.631263777,0.160691204,88.51617144,5.179664862,6.221029194,0.27925268,1728.198031,11.58115385,28.97910085,259.2297047,CI,BC3,-999.0,760,0.003939598,-0.025573256,0.067051337,0.029512854,CI.BC3,760,0.003939598,15.84070015,1060.959961,9.405750275,0.003939598004079947,760,778.5653665223377,790.1146338815934,818.6812320352908,896.6500395511017
3040,RSN8984,9,8984, BC3,5.2,33.5328,-116.5697,15.48,104.44,763,33.655,-115.454,21.58,21.76,0.006701273,0.008188704,0.000459619,0.000192217,0.81835578,0.156346948,81.99765764,5.179664862,6.333749326,0.34906585,2153.582127,34.86306102,17.81628697,323.0373191,CI,BC3,-999.0,900,-0.165136732,-0.025573256,0.067051337,-0.139563476,CI.BC3,900,-0.165136732,15.84070015,1060.959961,9.405750275,-0.16513673203985402,900,812.0028969156766,874.5634306797787,873.453215748099,960.1915527920114
3040,RSN13486,9,13486, BC3,4.29,33.2262,-116.1472,10.889,80.1,763,33.655,-115.454,12.67,12.87,0.004365187,0.004065665,4.3e-05,5.73e-05,1.073671257,0.15931714,82.77447261,5.179664862,6.226943092,0.41887902,2509.405157,76.181274,94.55034884,376.4107736,CI,BC3,-999.0,1012,-0.282425819,-0.025573256,0.067051337,-0.256852562,CI.BC3,1012,-0.282425819,15.84070015,1060.959961,9.405750275,-0.28242581856295423,1012,581.5810248305344,931.3969395192648,886.4394507426621,989.3069460855039
3042,RSN9325,10,9325, BLA2,4.88,34.0655,-117.0011,17.501,56.41,524,34.069,-116.39,17.3,17.49,0.007241619,0.010710347,0.000536433,0.000363197,0.676133006,0.15003688,73.29980004,5.179664862,6.383907006,0.296705973,1951.985171,19.93854299,19.96586153,292.7977757,CI,BLA2,-999.0,834,-0.464741718,-0.396256054,-0.30363146,-0.068485665,CI.BLA2,834,-0.464741718,7.391310215,1259.880005,9.323880196,-0.4647417180377049,834,896.8192924708928,717.6324392938556,853.9083164036765,767.9605128859057
3042,RSN15150,10,15150, BLA2,3.9,33.867,-117.1038,11.856,69.67,524,34.069,-116.39,20.27,20.35,0.002107176,0.003141326,0.000194997,5.44e-05,0.670792079,0.158012655,80.92944144,5.179664862,6.24946745,0.296705973,1843.071925,38.73485294,16.10961194,276.4607888,CI,BLA2,-999.0,798,-0.420616913,-0.396256054,-0.30363146,-0.02436086,CI.BLA2,798,-0.420616913,7.391310215,1259.880005,9.323880196,-0.42061691312876714,798,725.5093864368656,652.5885737388776,799.9335575518073,708.0646849198879
3042,RSN16090,10,16090, BLA2,3.58,33.827,-117.0296,15.131,64.93,524,34.069,-116.39,15.91,15.98,-0.000447484,-0.000706926,4.72e-05,3.56e-05,0.632999493,0.154300614,77.3577101,5.179664862,6.323730411,0.27925268,1803.396359,12.56977528,14.97724576,270.5094539,CI,BLA2,-999.0,785,-0.404192033,-0.396256054,-0.30363146,-0.00793598,CI.BLA2,785,-0.404192033,7.391310215,1259.880005,9.323880196,-0.40419203346136623,785,804.5125302259783,658.1363795532408,792.7953773684593,705.9960042266224
3042,RSN8182,10,8182, BLA2,4.92,33.5083,-116.5143,15.2,63.4,524,34.069,-116.39,22.82,22.9,-0.044306273,-0.067171536,0.002922215,0.000345875,0.659598925,0.154094168,77.09990833,5.179664862,6.325747735,0.296705973,1867.403186,128.0990907,22.986514,280.1104779,CI,BLA2,-999.0,806,-0.430592058,-0.396256054,-0.30363146,-0.034336005,CI.BLA2,806,-0.430592058,7.391310215,1259.880005,9.323880196,-0.430592058185586,806,757.2262146910265,655.3933626676787,794.2883101675342,715.434347312426
3042,RSN9865,10,9865, BLA2,4.59,34.9977,-119.1926,10.662,277.15,524,34.069,-116.39,11.5,11.72,0.000615346,0.000818042,3.69e-05,4.45e-05,0.752218189,0.160645983,87.98776655,5.179664862,6.221029194,0.314159265,1969.072814,13.828,22.16915989,295.3609221,CI,BLA2,-999.0,840,-0.471910208,-0.396256054,-0.30363146,-0.075654154,CI.BLA2,840,-0.471910208,7.391310215,1259.880005,9.323880196,-0.4719102075163173,840,890.1264117268429,696.5222758378786,941.3830911526583,761.3530435132302
3042,RSN13180,10,13180, BLA2,4.11,33.7104,-116.0457,12.559,50.96,524,34.069,-116.39,17.06,17.12,-0.000851716,-0.002635884,8.96e-05,0.0001084,0.323123391,0.155388649,76.72670188,5.179664862,6.263559029,0.157079633,1001.680259,7.857158672,29.41834821,150.2520389,CI,BLA2,-999.0,603,-0.140425512,-0.396256054,-0.30363146,0.255830541,CI.BLA2,603,-0.140425512,7.391310215,1259.880005,9.323880196,-0.14042551240614376,603,596.9094435468991,527.1376650831243,611.4726718382144,564.8743766906379
3042,RSN8988,10,8988, BLA2,5.2,33.5328,-116.5697,15.48,61.76,524,34.069,-116.39,17.55,17.64,-0.08305987,-0.101254021,5.09e-05,8.48e-05,0.820311815,0.153478193,76.4320549,5.179664862,6.333749326,0.34906585,2197.137509,979.4795991,1989.273497,329.5706264,CI,BLA2,-999.0,914,-0.556338887,-0.396256054,-0.30363146,-0.160082834,CI.BLA2,914,-0.556338887,7.391310215,1259.880005,9.323880196,-0.5563388871331076,914,818.6817370368186,720.1564020021132,870.0684219922188,796.9190064152695
3042,RSN14530,10,14530, BLA2,3.78,34.0294,-116.7534,14.93,33.84,524,34.069,-116.39,20.14,20.2,0.00415506,0.010002485,5.16e-05,6.01e-05,0.415402728,0.145824584,67.11436034,5.179664862,6.317747533,0.191986218,1340.151063,69.13577371,193.8466085,201.0226595,CI,BLA2,-999.0,714,-0.309391278,-0.396256054,-0.30363146,0.086864775,CI.BLA2,714,-0.309391278,7.391310215,1259.880005,9.323880196,-0.30939127801854216,714,716.0852487678897,626.4252439225623,701.6129454272299,663.9394586247123
3042,RSN12595,10,12595, BLA2,4.11,33.5089,-116.8485,12.274,75.25,524,34.069,-116.39,12.5,12.52,-0.000829125,-0.002145224,0.000667071,0.000306075,0.386497889,0.157971358,81.3375221,5.179664862,6.258050482,0.191986218,1162.200801,2.708894879,3.215885565,174.3301202,CI,BLA2,-999.0,648,-0.212399012,-0.396256054,-0.30363146,0.183857041,CI.BLA2,648,-0.212399012,7.391310215,1259.880005,9.323880196,-0.21239901203123246,648,634.9055478504393,551.633870293801,671.1726476587786,598.0268166567827
3042,RSN8769,10,8769, BLA2,5.39,33.9465,-117.7667,14.89,127.9,524,34.069,-116.39,27.21,27.38,0.005385704,0.00636295,0.000462061,0.000277411,0.846416233,0.157361305,83.7092231,5.179664862,6.31653763,0.34906585,2185.184946,19.41416887,13.77080082,327.7777419,CI,BLA2,-999.0,910,-0.551952915,-0.396256054,-0.30363146,-0.155696862,CI.BLA2,910,-0.551952915,7.391310215,1259.880005,9.323880196,-0.5519529151898537,910,810.9059233313731,708.1703387751977,898.5343026348787,781.5470022706868
3054,RSN16099,15,16099, DNR,3.58,33.827,-117.0296,15.131,46.88,361,33.567,-116.631,17.25,17.33,0.000134656,0.001133367,6.02e-05,1.71e-05,0.118810846,0.150870694,72.56655244,5.179664862,6.323730411,0.052359878,391.5392027,7.874619883,18.82669435,58.73088041,CI,DNR,-999.0,322,0.114326413,-0.162157535,-0.069532941,0.276483948,CI.DNR,322,0.114326413,7.391310215,1272.319946,5.659110069,0.114326412788472,322,340.86514455653924,303.18965153848313,345.23471471757875,315.99554591875324
3054,RSN13389,15,13389, DNR,3.9,34.4032,-118.651,13.612,208.43,361,33.567,-116.631,16.3,16.55,-6.86e-05,-0.000210166,1.89e-05,9.52e-06,0.326439255,0.158894846,86.51341931,5.179664862,6.281821568,0.157079633,988.6876505,7.205882353,11.11989418,148.3031476,CI,DNR,-999.0,596,-0.501362709,-0.162157535,-0.069532941,-0.339205174,CI.DNR,596,-0.501362709,7.391310215,1272.319946,5.659110069,-0.5013627087324695,596,643.7291713208467,515.6585763424441,583.4413326530037,511.7449511959086
3054,RSN12684,15,12684, DNR,4.34,35.8373,-117.678,6.864,269.5,361,33.567,-116.631,21.4,21.45,1.47e-05,5.95e-05,2.74e-05,5.4e-06,0.246215253,0.163980636,88.74653415,5.179664862,6.096821743,0.122173048,734.4411395,2.722222222,2.171532847,110.1661709,CI,DNR,-999.0,470,-0.263854736,-0.162157535,-0.069532941,-0.101697202,CI.DNR,470,-0.263854736,7.391310215,1272.319946,5.659110069,-0.2638547363712238,470,608.518814546494,429.0795112002372,526.9791968317933,425.1486750797103
3054,RSN17911,15,17911, DNR,4.04,36.3911,-117.8665,9.439,333.0,361,33.567,-116.631,11.1,11.15,-2.61e-05,-7.29e-05,2.79e-05,7.88e-06,0.357988974,0.161656401,88.53953366,5.179664862,6.183950287,0.174532925,1058.494134,3.312182741,2.612903226,158.7741201,CI,DNR,-999.0,621,-0.542453124,-0.162157535,-0.069532941,-0.380295589,CI.DNR,621,-0.542453124,7.391310215,1272.319946,5.659110069,-0.5424531236005983,621,653.121026382981,555.5962851887491,610.2337032749208,560.650306309956
3054,RSN18326,15,18326, DNR,3.05,33.5043,-116.561,11.461,9.52,361,33.567,-116.631,14.13,14.17,-0.000633154,-0.005548436,0.00015563,4.44e-05,0.114113958,0.104504533,40.70667477,5.179664862,6.240750508,0.052359878,543.2017399,14.26022523,35.65145537,81.48026099,CI,DNR,-999.0,393,-0.084931654,-0.162157535,-0.069532941,0.077225881,CI.DNR,393,-0.084931654,7.391310215,1272.319946,5.659110069,-0.08493165353638066,393,400.60628730067873,384.3933924347756,419.91447250474096,399.3781716778974
3054,RSN11372,15,11372, DNR,4.73,33.7328,-117.4921,10.018,81.97,361,33.567,-116.631,27.54,27.63,-0.000166098,-0.002010053,0.000324771,5.81e-05,0.082633683,0.160205401,83.56848316,5.179664862,6.202702587,0.034906585,257.1802401,2.858829604,6.189139424,38.57703602,CI,DNR,-999.0,243,0.395816515,-0.162157535,-0.069532941,0.55797405,CI.DNR,243,0.395816515,7.391310215,1272.319946,5.659110069,0.3958165149923323,243,328.0454678896,284.15568853874464,308.74055970719627,277.49737156124837
3054,RSN8787,15,8787, DNR,5.39,33.9465,-117.7667,14.89,113.33,361,33.567,-116.631,25.56,25.7,0.001126973,0.006130913,0.000166563,0.000141055,0.183818148,0.157110973,82.93039724,5.179664862,6.31653763,0.087266463,577.5588338,7.989599801,36.80837281,86.63382507,CI,DNR,-999.0,407,-0.119935227,-0.162157535,-0.069532941,0.042222308,CI.DNR,407,-0.119935227,7.391310215,1272.319946,5.659110069,-0.11993522710971405,407,363.58556678094834,350.13706799410335,384.3632895002741,360.03951120217073
3054,RSN18350,15,18350, DNR,3.34,33.5022,-116.5193,11.15,12.62,361,33.567,-116.631,14.34,14.4,-0.002487305,-0.016722756,0.001539975,0.000202343,0.148737715,0.12248587,49.77434518,5.179664862,6.233428753,0.06981317,602.0263062,12.29251815,10.85910875,90.30394593,CI,DNR,-999.0,416,-0.141807302,-0.162157535,-0.069532941,0.020350233,CI.DNR,416,-0.141807302,7.391310215,1272.319946,5.659110069,-0.14180730192838276,416,425.7543482551173,390.45193995480207,436.3238176094401,402.59914740639226
3054,RSN16941,15,16941, DNR,3.63,34.1242,-116.405,9.555,65.25,361,33.567,-116.631,12.27,12.34,-0.00054837,-0.001575053,5.28e-05,2.49e-05,0.348159993,0.160180952,82.38629928,5.179664862,6.187901101,0.174532925,1042.045123,22.02289157,29.83054924,156.3067685,CI,DNR,-999.0,616,-0.534369005,-0.162157535,-0.069532941,-0.37221147,CI.DNR,616,-0.534369005,7.391310215,1272.319946,5.659110069,-0.5343690052006389,616,637.9243791014713,531.7825876734479,556.4540382221642,523.5681152982492
3054,RSN16327,15,16327, DNR,3.74,34.8456,-119.2446,12.927,279.53,361,33.567,-116.631,26.87,26.99,6.58e-06,4.78e-05,8.61e-06,3.22e-06,0.137744775,0.159335542,87.54335272,5.179664862,6.270295551,0.06981317,429.2491571,2.043478261,5.551684088,64.38737357,CI,DNR,-999.0,341,0.056995481,-0.162157535,-0.069532941,0.219153016,CI.DNR,341,0.056995481,7.391310215,1272.319946,5.659110069,0.05699548104936358,341,356.58658815446245,309.2145808933392,372.1700430208413,325.071984223585
3082,RSN14517,27,14517, RXH,4.01,33.2617,-116.0659,5.761,42.2,309,33.183,-115.623,20.3,20.43,0.000677085,0.00305885,0.000302922,0.000242409,0.221352841,0.163927241,83.21230329,5.179664862,6.057510055,0.104719755,662.8442834,2.793151244,10.09781396,99.42664251,CI,RXH,4.186403333,437,-0.346591918,-0.407405332,-0.314780739,0.060813414,CI.RXH,437,-0.346591918,0.0,-70.9733963,0.0122753,-0.3465919181978441,437,447.2259806563503,472.81622129235353,402.42760268642866,434.59686391894894
3082,RSN9085,27,9085, RXH,5.2,33.5328,-116.5697,15.48,96.28,309,33.183,-115.623,12.58,12.78,-0.012905,-0.043378445,0.000213116,0.000286978,0.297497988,0.156081717,81.33361914,5.179664862,6.333749326,0.13962634,922.4833249,44.96860387,203.5438212,138.3724987,CI,RXH,4.186403333,559,-0.592808196,-0.407405332,-0.314780739,-0.185402864,CI.RXH,559,-0.592808196,0.0,-70.9733963,0.0122753,-0.5928081962573533,559,507.265752942424,595.1633244455207,477.8023701194608,552.3792286034691
3082,RSN16777,27,16777, RXH,3.72,33.1099,-116.0467,7.494,40.35,309,33.183,-115.623,13.45,13.54,0.00218657,0.011382116,0.001006174,0.000662202,0.192105745,0.161352573,80.54625451,5.179664862,6.113435346,0.087266463,586.8559378,3.301968282,11.31227402,88.02839067,CI,RXH,4.186403333,410,-0.282815883,-0.407405332,-0.314780739,0.12458945,CI.RXH,410,-0.282815883,0.0,-70.9733963,0.0122753,-0.282815882800608,410,420.2784590208294,437.83529882725617,373.7537524569763,408.3661957663814
3084,RSN9972,28,9972, SBPX,4.59,34.9977,-119.1926,10.662,198.62,393,34.232,-117.235,5.9,6.03,0.000483913,0.001146323,0.000161787,7.63e-05,0.422143197,0.16055212,87.1921392,5.179664862,6.221029194,0.191986218,1234.110271,6.342241153,7.085383869,185.1165407,CI,SBPX,-999.0,675,-0.540903079,-0.515604608,-0.422980015,-0.025298471,CI.SBPX,675,-0.540903079,20.3302002,1777.27002,20.0333004,-0.540903079003269,675,721.4831800196795,683.1158106235464,731.758430220865,692.3728699041528
3084,RSN15131,28,15131, SBPX,3.78,34.1353,-117.4476,5.857,22.34,393,34.232,-117.235,19.74,19.83,0.002506836,0.01058135,0.00027005,0.00018995,0.236910778,0.160729524,76.9772903,5.179664862,6.061617088,0.122173048,722.4943092,13.19734667,39.18292909,108.3741464,CI,SBPX,-999.0,465,-0.168227794,-0.515604608,-0.422980015,0.347376815,CI.SBPX,465,-0.168227794,20.3302002,1777.27002,20.0333004,-0.1682277937180947,465,466.76642230265287,450.00133932523414,513.435487876183,467.04844386636194
3084,RSN10984,28,10984, SBPX,4.26,33.8776,-116.2019,10.062,103.17,393,34.232,-117.235,28.12,28.18,0.000632676,0.001397883,0.000257405,8.26e-05,0.452596052,0.160553063,84.92299298,5.179664862,6.204033973,0.20943951,1312.92247,7.659515738,5.430675395,196.9383705,CI,SBPX,-999.0,705,-0.584388191,-0.515604608,-0.422980015,-0.068783583,CI.SBPX,705,-0.584388191,20.3302002,1777.27002,20.0333004,-0.5843881909430078,705,720.3608798426574,672.8884529747535,771.2679783013444,701.0398461598123
3084,RSN11748,28,11748, SBPX,4.5,34.3365,-116.8617,8.94,36.27,393,34.232,-117.235,14.1,14.24,0.029571091,0.049302182,0.005362034,0.001828394,0.599792739,0.158168528,77.21837769,5.179664862,6.165704274,0.261799388,1684.314181,16.1732597,9.194679109,252.6471272,CI,SBPX,-999.0,745,-0.639574607,-0.515604608,-0.422980015,-0.123969998,CI.SBPX,745,-0.639574607,20.3302002,1777.27002,20.0333004,-0.6395746065102985,745,728.6213139394949,705.650330689438,755.5356023641713,713.6053081654767
3084,RSN13449,28,13449, SBPX,3.9,34.4032,-118.651,13.612,131.7,393,34.232,-117.235,17.85,17.94,-0.000392152,-0.000789693,0.000201702,5.34e-05,0.496588649,0.158445597,84.45876915,5.179664862,6.281821568,0.226892803,1440.678669,7.343670412,3.915147098,216.1018004,CI,SBPX,-999.0,749,-0.644929372,-0.515604608,-0.422980015,-0.129324763,CI.SBPX,749,-0.644929372,20.3302002,1777.27002,20.0333004,-0.644929371647958,749,762.955824254611,701.3745303403474,803.0511751248343,729.5870120197118
3088,RSN16968,30,16968, SLR,3.63,34.1242,-116.405,9.555,48.46,499,33.834,-116.797,13.85,13.9,0.001075287,0.003165633,5.62e-05,1.05e-05,0.33967532,0.158993285,79.68388983,5.179664862,6.187901101,0.157079633,1024.167659,102.4082857,56.32798932,153.6251489,CI,SLR,-999.0,610,-0.200852861,-0.371471551,-0.278846958,0.170618689,CI.SLR,610,-0.200852861,12.81680012,1560.819946,7.582159996,-0.20085286141583847,610,628.3450637751225,536.6650686245002,578.2575338340648,577.7356773990167
3088,RSN15306,30,15306, SLR,3.86,34.1976,-117.3882,14.177,67.89,499,33.834,-116.797,19.66,19.74,0.001727035,0.004431614,0.000134679,2.39e-05,0.389707943,0.155810868,78.70926757,5.179664862,6.293825021,0.191986218,1186.853439,72.26087866,32.90501117,178.0280159,CI,SLR,-999.0,657,-0.275077923,-0.371471551,-0.278846958,0.096393628,CI.SLR,657,-0.275077923,12.81680012,1560.819946,7.582159996,-0.2750779227330913,657,661.6878835570334,563.0223262957716,619.5464626864652,607.2635248872027
3088,RSN11462,30,11462, SLR,4.73,33.7328,-117.4921,10.018,65.35,499,33.834,-116.797,18.15,18.33,0.003220704,0.005755018,2.89e-05,4.37e-05,0.559633938,0.159643014,81.97946981,5.179664862,6.202702587,0.261799388,1582.860603,73.70032037,199.1355709,237.4290905,CI,SLR,-999.0,733,-0.384539606,-0.371471551,-0.278846958,-0.013068055,CI.SLR,733,-0.384539606,12.81680012,1560.819946,7.582159996,-0.3845396061351325,733,736.2256993851962,618.55147857869,659.302040905168,670.4157114810865
3088,RSN18341,30,18341, SLR,3.05,33.5043,-116.561,11.461,42.62,499,33.834,-116.797,14.37,14.43,-0.001275146,-0.002577898,0.000195539,7.67e-05,0.494645735,0.15526303,75.68657561,5.179664862,6.240750508,0.226892803,1465.538262,16.62511082,13.18354906,219.8307393,CI,SLR,-999.0,758,-0.41807729,-0.371471551,-0.278846958,-0.046605739,CI.SLR,758,-0.41807729,12.81680012,1560.819946,7.582159996,-0.4180772898908529,758,762.7268959589469,657.6289969203182,708.5798241910904,701.402499815891
3088,RSN15918,30,15918, SLR,3.96,32.6554,-116.1347,12.336,144.55,499,33.834,-116.797,23.58,23.64,-0.000753375,-0.001043456,0.000403514,0.000347035,0.722000102,0.159263364,85.46748579,5.179664862,6.25927157,0.314159265,1932.026733,2.170890544,2.585922669,289.80401,CI,SLR,-999.0,828,-0.506407059,-0.371471551,-0.278846958,-0.134935508,CI.SLR,828,-0.506407059,12.81680012,1560.819946,7.582159996,-0.5064070586337408,828,843.191188487242,683.4559913796054,779.4530072629075,733.741788298012
3088,RSN12641,30,12641, SLR,4.11,33.5089,-116.8485,12.274,36.37,499,33.834,-116.797,12.39,12.44,-0.006136538,-0.014203182,0.00071193,0.000475956,0.432053766,0.152098203,72.14550871,5.179664862,6.258050482,0.20943951,1332.716965,12.89307835,19.95025073,199.9075448,CI,SLR,-999.0,712,-0.355471816,-0.371471551,-0.278846958,0.015999735,CI.SLR,712,-0.355471816,12.81680012,1560.819946,7.582159996,-0.35547181566045705,712,697.5665422103839,614.9600323167418,662.8475103811724,659.675062502444
3088,RSN14479,30,14479, SLR,4.05,32.7091,-116.0396,7.817,143.33,499,33.834,-116.797,36.85,36.91,-0.000146537,-0.000306751,7.5e-05,3.97e-05,0.477708615,0.163189631,87.25150926,5.179664862,6.120791156,0.226892803,1355.217979,3.691108312,4.090013333,203.2826969,CI,SLR,-999.0,720,-0.366645116,-0.371471551,-0.278846958,0.004826435,CI.SLR,720,-0.366645116,12.81680012,1560.819946,7.582159996,-0.3666451162585824,720,876.9778349511296,649.3015106344546,712.4789547924848,678.9530281088247
3088,RSN18367,30,18367, SLR,3.34,33.5022,-116.5193,11.15,44.92,499,33.834,-116.797,15.55,15.61,-0.001485551,-0.002320246,0.00066218,0.000253651,0.640255561,0.156134561,76.7186394,5.179664862,6.233428753,0.27925268,1797.101595,5.856673145,3.503950587,269.5652393,CI,SLR,-999.0,783,-0.4505266,-0.371471551,-0.278846958,-0.079055049,CI.SLR,783,-0.4505266,12.81680012,1560.819946,7.582159996,-0.45052660023928404,783,744.6043267390227,661.0010447962607,696.779059021096,702.9784088422534
3088,RSN13454,30,13454, SLR,3.9,34.4032,-118.651,13.612,182.33,499,33.834,-116.797,9.5,9.66,-0.00020475,-0.000432545,9.76e-06,9.95e-06,0.473360691,0.158804444,86.01409791,5.179664862,6.281821568,0.226892803,1382.200359,20.57788945,44.31813525,207.3300539,CI,SLR,-999.0,729,-0.379067636,-0.371471551,-0.278846958,-0.007596085,CI.SLR,729,-0.379067636,12.81680012,1560.819946,7.582159996,-0.37906763625713946,729,775.6408190234088,636.1605592919028,691.1465378604502,679.8377888542598
3088,RSN17852,30,17852, SLR,3.14,33.0622,-115.8937,7.729,119.92,499,33.834,-116.797,33.08,33.17,-0.000270799,-0.000355893,7.88e-05,6.82e-05,0.760901477,0.163164178,86.73621866,5.179664862,6.11885537,0.331612558,1961.079955,3.970659824,4.516408629,294.1619933,CI,SLR,-999.0,837,-0.517217975,-0.371471551,-0.278846958,-0.145746424,CI.SLR,837,-0.517217975,12.81680012,1560.819946,7.582159996,-0.5172179747379566,837,809.5252363417095,677.138692706841,765.7616596960889,740.5509858541805
3088,RSN16736,30,16736, SLR,3.73,33.5058,-116.7636,16.276,36.53,499,33.834,-116.797,20.67,20.73,-0.004823463,-0.013368432,0.000148734,4.08e-05,0.360809971,0.144218582,66.42079339,5.179664862,6.3549922,0.174532925,1194.783927,118.2221324,89.88147969,179.2175891,CI,SLR,-999.0,660,-0.279633739,-0.371471551,-0.278846958,0.091837812,CI.SLR,660,-0.279633739,12.81680012,1560.819946,7.582159996,-0.2796337392689523,660,664.1614317040005,591.1586380107289,629.587691755855,639.1178631239715
3088,RSN17354,30,17354, SLR,3.56,33.4509,-116.5827,10.563,46.91,499,33.834,-116.797,22.35,22.38,-0.002526741,-0.004745618,9.67e-05,0.000251218,0.532436589,0.15730124,78.00249158,5.179664862,6.218365755,0.244346095,1539.614711,10.05796161,49.07567735,230.9422067,CI,SLR,-999.0,774,-0.438965778,-0.371471551,-0.278846958,-0.067494227,CI.SLR,774,-0.438965778,12.81680012,1560.819946,7.582159996,-0.43896577783820856,774,778.5206555518631,663.0589096946044,720.899340470003,706.4781045394317
3088,RSN15194,30,15194, SLR,3.9,33.867,-117.1038,11.856,28.63,499,33.834,-116.797,19.14,19.22,0.015963749,0.029929098,0.000635806,0.00015861,0.53338558,0.148462513,68.09621928,5.179664862,6.24946745,0.244346095,1633.571586,100.6478091,47.07268884,245.0357379,CI,SLR,-999.0,728,-0.377694952,-0.371471551,-0.278846958,-0.006223402,CI.SLR,728,-0.377694952,12.81680012,1560.819946,7.582159996,-0.37769495244516715,728,710.7295522735498,629.2233606164385,672.304793270345,667.1637080538306
3088,RSN13895,30,13895, SLR,4.17,34.3277,-116.829,4.957,54.84,499,33.834,-116.797,17.65,17.72,-0.008560207,-0.021616927,0.001247383,0.00031429,0.395995569,0.165772778,85.73019726,5.179664862,6.015610792,0.191986218,1131.178208,27.23665086,17.32982332,169.6767312,CI,SLR,-999.0,641,-0.250423361,-0.371471551,-0.278846958,0.12104819,CI.SLR,641,-0.250423361,12.81680012,1560.819946,7.582159996,-0.2504233611691511,641,653.9890303362996,563.9739484661526,609.704411640916,605.0041767304508
100045,RSN19287,34,19287, BJOB,3.8,36.6652,-121.2928,7.59,5.58,486,36.6181,-121.3147,21.08,21.15,-0.053946388,-0.120436422,0.005970016,0.000694123,0.447924204,0.09883413,37.18851209,5.179664862,6.115695017,0.20943951,2114.337009,77.71877319,20.17355096,317.1505514,NC,BJOB,4.73946,887,-0.601636358,-0.212709852,-0.120085258,-0.388926507,NC.BJOB,622,-0.246731469,20.3302002,927.7979736,16.2276001,-0.24673146883868569,622,582.5798641108238,580.7689733421563,650.3750825166309,585.5599248268564
100045,RSN8669,34,8669, BJOB,5.45,37.4317,-121.7767,7.486,99.21,486,36.6181,-121.3147,12.36,12.59,-0.017057175,-0.022609105,0.005674942,0.002639234,0.754438335,0.163214804,86.17455607,5.179664862,6.113244097,0.331612558,1949.437687,6.462926364,3.984023978,292.4156531,NC,BJOB,4.73946,834,-0.540024778,-0.212709852,-0.120085258,-0.327314927,NC.BJOB,585,-0.185403223,20.3302002,927.7979736,16.2276001,-0.18540322333136317,585,476.52943025181787,478.28981736936646,495.61391893465213,494.79399074905933
100045,RSN19109,34,19109, BJOB,3.54,36.6863,-121.3159,5.804,7.57,486,36.6181,-121.3147,14.72,14.75,-0.014420573,-0.172526339,0.000863137,0.001248124,0.08358476,0.128827746,51.31690835,5.179664862,6.059369269,0.034906585,323.4754407,11.55379834,199.8829143,48.52131611,NC,BJOB,4.73946,282,0.544301553,-0.212709852,-0.120085258,0.757011405,NC.BJOB,282,0.544301553,20.3302002,927.7979736,16.2276001,0.5443015529623798,282,391.0804767533449,454.02611200313055,360.3469772644298,397.57196103768376
100045,RSN19053,34,19053, BJOB,3.36,36.661,-121.2879,7.341,5.33,486,36.6181,-121.3147,14.62,14.67,-0.006424538,-0.0545002,0.0006081,0.000256332,0.117881004,0.101344226,38.25645618,5.179664862,6.109696246,0.052359878,578.3833788,25.06334753,89.62374609,86.75750682,NC,BJOB,4.73946,407,0.177395438,-0.212709852,-0.120085258,0.39010529,NC.BJOB,407,0.177395438,20.3302002,927.7979736,16.2276001,0.17739543845789907,407,412.3401469571549,443.1437305287447,453.4298736222139,437.8243314012945
100045,RSN14133,34,14133, BJOB,3.8,36.6815,-121.3092,5.568,7.05,486,36.6181,-121.3147,20.2,20.26,-0.143794882,-0.21177662,0.010396753,0.010885442,0.678993184,0.131539725,52.71677269,5.179664862,6.048749462,0.296705973,2233.122959,13.20983402,20.36949613,334.9684439,NC,BJOB,4.73946,925,-0.643585114,-0.212709852,-0.120085258,-0.430875262,NC.BJOB,649,-0.289224093,20.3302002,927.7979736,16.2276001,-0.28922409280359673,649,593.3784877562318,582.6748946168212,605.6675216149589,579.2375912111879
100055,RSN9299,38,9299, VES,5.03,35.3852,-118.6292,7.3,65.26,393,35.8409,-119.0847,12.6,12.82,-0.015579371,-0.069899528,9.49e-05,0.000101544,0.222882352,0.162914497,84.37805878,5.179664862,6.108664217,0.104719755,671.3587122,153.4248306,736.5598314,100.7038068,CI,VES,0.23,441,-0.115235264,-0.142908487,-0.050283894,0.027673224,CI.VES,441,-0.115235264,6.998569965,152.6029968,0.573539019,-0.11523526357758485,441,392.31520060276836,396.48916294927227,371.69589228424934,376.49907916524126
100055,RSN10550,38,10550, VES,4.45,34.1081,-117.3062,14.795,251.66,393,35.8409,-119.0847,14.12,14.47,0.000174953,0.000870198,1.19e-05,1.63e-05,0.201049909,0.158146709,86.84162187,5.179664862,6.313637877,0.104719755,626.5927565,10.73331288,73.12588235,93.98891348,CI,VES,0.23,425,-0.078279557,-0.142908487,-0.050283894,0.06462893,CI.VES,425,-0.078279557,6.998569965,152.6029968,0.573539019,-0.07827955705515599,425,413.97531688669756,392.92964201947336,412.36603663895426,377.8749849580525
100055,RSN18050,38,18050, VES,4.5,36.3915,-117.8683,9.117,125.4,393,35.8409,-119.0847,12.32,12.39,0.002230651,0.006867874,0.000704437,0.000845404,0.324795017,0.161665002,86.25478004,5.179664862,6.172420506,0.157079633,967.3091519,2.638562155,9.74945098,145.0963728,CI,VES,0.23,584,-0.396091371,-0.142908487,-0.050283894,-0.253182884,CI.VES,584,-0.396091371,6.998569965,152.6029968,0.573539019,-0.39609137095896596,584,609.3423829657534,524.5667160835037,535.5853046752891,486.5042846849356
100055,RSN12911,38,12911, VES,4.11,36.0312,-117.7658,4.03,120.87,393,35.8409,-119.0847,21.99,22.08,0.000321155,0.001783328,0.000137785,5.38e-05,0.180087527,0.168262731,88.54143942,5.179664862,5.941161117,0.087266463,528.6801837,5.969423792,12.94283122,79.30202756,CI,VES,0.23,386,0.017972242,-0.142908487,-0.050283894,0.16088073,CI.VES,386,0.017972242,6.998569965,152.6029968,0.573539019,0.017972242404430183,386,423.11308111907647,358.1438272397843,358.1630803815853,338.8476250179191
100058,RSN16061,39,16061, JBMB,3.71,37.7173,-121.8076,16.702,53.77,584,37.3186,-122.1531,33.13,33.22,-0.00030377,-0.002151997,0.000265024,0.000123773,0.141157424,0.150389379,73.19770337,5.179664862,6.365528716,0.06981317,465.8346009,2.454250927,8.120007999,69.87519014,NC,JBMB,-999.0,359,0.486578594,0.357566142,0.450190736,0.129012452,NC.JBMB,359,0.486578594,7.979599953,783.901001,7.634349823,0.48657859433994854,359,402.9286315205168,373.5521728579386,385.7952260005471,371.6169461336051
100058,RSN8689,39,8689, JBMB,5.45,37.4317,-121.7767,7.486,35.62,584,37.3186,-122.1531,15.03,15.17,0.017050601,0.062126057,0.010275147,0.002590543,0.274451678,0.160681697,79.19975102,5.179664862,6.113244097,0.13962634,831.6175075,6.581863725,6.04624508,124.7426261,NC,JBMB,-999.0,511,0.133531393,0.357566142,0.450190736,-0.22403475,NC.JBMB,511,0.133531393,7.979599953,783.901001,7.634349823,0.13353139262452274,511,466.72970336220106,456.93730550927785,455.6996901095138,453.24618720415276
100058,RSN18851,39,18851, JBMB,4.05,37.4812,-121.7987,11.01,36.2,584,37.3186,-122.1531,40.6,40.66,-0.004816486,-0.021192898,0.001039499,0.000354639,0.227268883,0.154326302,74.03947051,5.179664862,6.229990225,0.104719755,721.9978258,13.58137712,20.38760788,108.2996739,NC,JBMB,-999.0,465,0.227863577,0.357566142,0.450190736,-0.129702565,NC.JBMB,465,0.227863577,7.979599953,783.901001,7.634349823,0.22786357724087125,465,472.2670888123236,419.6656520965157,452.2816262691477,420.928470180902
100058,RSN12293,39,12293, JBMB,4.23,37.901,-122.1038,14.378,64.79,584,37.3186,-122.1531,15.49,15.59,-0.001580634,-0.008088683,0.000563441,0.000333952,0.195412967,0.155256831,78.0113675,5.179664862,6.300455998,0.104719755,621.0227715,4.733117334,14.35586512,93.15341573,NC,JBMB,-999.0,423,0.322528804,0.357566142,0.450190736,-0.035037339,NC.JBMB,423,0.322528804,7.979599953,783.901001,7.634349823,0.3225288037819496,423,418.7606541458429,383.6013413163936,424.8894831402971,389.0634034454054
100058,RSN12527,39,12527, JBMB,4.1,37.862,-121.9995,13.322,61.82,584,37.3186,-122.1531,19.8,19.9,-0.002173951,-0.018241601,0.00049012,0.000365179,0.119175431,0.156052596,78.39471405,5.179664862,6.277093244,0.052359878,379.6831167,5.953110666,37.21864237,56.95246751,NC,JBMB,-999.0,315,0.617328344,0.357566142,0.450190736,0.259762202,NC.JBMB,315,0.617328344,7.979599953,783.901001,7.634349823,0.6173283440025941,315,323.37371520441917,319.7197026920921,330.76733702241074,325.5621457921496
100061,RSN14064,41,14064, JFP,3.7,37.8077,-122.0707,11.554,50.74,437,37.3605,-122.1899,35.82,35.98,-0.001276256,-0.005401324,0.000247597,0.000127405,0.236285826,0.156591891,77.84488639,5.179664862,6.242859346,0.122173048,739.7309305,10.01731486,21.8149816,110.9596396,NC,JFP,4.586666667,473,-0.079162193,-0.147989208,-0.055364615,0.068827015,NC.JFP,473,-0.079162193,12.65410042,276.7990112,16.2343998,-0.07916219339634267,473,480.1283378817248,416.6017627301229,509.9088189591998,424.0210809569075
100061,RSN11109,41,11109, JFP,4.5,38.3669,-122.5881,6.985,117.07,437,37.3605,-122.1899,20.1,20.23,0.000597232,0.002358286,0.001033856,0.000138202,0.253248111,0.163705445,87.02081613,5.179664862,6.100276528,0.122173048,755.457406,4.321442526,2.281058484,113.3186109,NC,JFP,4.586666667,480,-0.093852909,-0.147989208,-0.055364615,0.054136299,NC.JFP,480,-0.093852909,12.65410042,276.7990112,16.2343998,-0.09385290880634667,480,464.43136799787305,417.71091636739084,578.8805429831224,436.50136719171513
100061,RSN17725,41,17725, JFP,3.41,37.8651,-122.2381,9.076,56.17,437,37.3605,-122.1899,20.61,20.67,-0.000305946,-0.00097177,0.000104935,9.1e-05,0.314834012,0.160331953,81.64659047,5.179664862,6.170889681,0.157079633,948.1163157,3.362043956,9.260685186,142.2174474,NC,JFP,4.586666667,573,-0.270952522,-0.147989208,-0.055364615,-0.122963314,NC.JFP,573,-0.270952522,12.65410042,276.7990112,16.2343998,-0.27095252161914996,573,579.3338987631237,508.0111468285429,630.084067197257,518.6452455590404
100070,RSN10276,43,10276, SBI,4.34,35.0174,-119.1492,9.557,170.83,854,33.4805,-119.0299,6.93,7.0,-0.000135845,-0.00024051,0.000111705,5.46e-05,0.564818698,0.161397174,87.10141036,5.179664862,6.187968323,0.261799388,1576.844379,2.488003663,2.153081778,236.5266569,CI,SBI,-999.0,738,0.145987369,0.157690748,0.250315341,-0.011703378,CI.SBI,738,0.145987369,22.78569984,50.11539841,14.87709999,0.14598736918809774,738,853.5512244169903,683.9669125830407,751.7839130209031,665.6314194400675
100070,RSN9268,43,9268, SBI,5.03,35.3852,-118.6292,7.3,214.47,854,33.4805,-119.0299,24.3,24.7,0.003978902,0.00595647,0.00131234,0.001195113,0.667996658,0.163630352,88.30583002,5.179664862,6.108664217,0.296705973,1774.521955,3.329310283,4.53881616,266.1782933,CI,SBI,-999.0,775,0.097068164,0.157690748,0.250315341,-0.060622583,CI.SBI,775,0.097068164,22.78569984,50.11539841,14.87709999,0.09706816443522293,775,889.1986774823763,713.7330407211707,809.082499089921,692.5317185920584
100070,RSN11450,43,11450, SBI,4.73,33.7328,-117.4921,10.018,145.44,854,33.4805,-119.0299,17.4,17.56,0.000860096,0.002236932,0.00055523,0.000149929,0.384498069,0.16090483,86.41653158,5.179664862,6.202702587,0.191986218,1135.849655,5.736688699,4.028838499,170.3774483,CI,SBI,-999.0,642,0.28534289,0.157690748,0.250315341,0.127652143,CI.SBI,642,0.28534289,22.78569984,50.11539841,14.87709999,0.285342890098609,642,725.5898806200457,614.2465894379583,686.6801803985571,620.677112424365
100070,RSN10795,43,10795, SBI,4.66,34.2983,-118.6255,8.038,98.12,854,33.4805,-119.0299,12.88,12.94,0.001686696,0.002986638,0.000858089,0.000620034,0.564747414,0.162787801,85.80700449,5.179664862,6.126524324,0.261799388,1563.222011,2.72032824,3.480569032,234.4833017,CI,SBI,-999.0,752,0.12719487,0.157690748,0.250315341,-0.030495878,CI.SBI,752,0.12719487,22.78569984,50.11539841,14.87709999,0.12719486983873018,752,731.3370133978348,670.4566133170737,715.8966375352765,680.3041281916722
100070,RSN11968,43,11968, SBI,4.27,34.3874,-119.4398,6.219,107.5,854,33.4805,-119.0299,16.56,16.81,-0.001377506,-0.002506384,8.52e-05,0.000131,0.549598844,0.164388584,87.18126987,5.179664862,6.075787581,0.244346095,1510.399704,10.51531298,29.41765258,226.5599556,CI,SBI,-999.0,773,0.099652145,0.157690748,0.250315341,-0.058038602,CI.SBI,773,0.099652145,22.78569984,50.11539841,14.87709999,0.09965214520114785,773,755.1945839356816,694.9134775578435,743.8376737926756,701.9573055692382
100070,RSN9971,43,9971, SBI,4.59,34.9977,-119.1926,10.662,168.96,854,33.4805,-119.0299,7.5,7.66,0.001394023,0.002897292,0.001093998,0.000439605,0.481146791,0.160476745,86.68877024,5.179664862,6.221029194,0.226892803,1386.264505,3.171080857,2.648352191,207.9396758,CI,SBI,-999.0,730,0.15688666,0.157690748,0.250315341,-0.000804088,CI.SBI,730,0.15688666,22.78569984,50.11539841,14.87709999,0.15688665964613335,730,791.1233928855428,682.67367651658,767.9339077587159,685.1876578805051
100070,RSN8847,43,8847, SBI,5.39,33.9465,-117.7667,14.89,127.99,854,33.4805,-119.0299,27.06,27.56,0.031140635,0.063656462,0.000797034,0.000223158,0.489198337,0.157361305,83.7092231,5.179664862,6.31653763,0.226892803,1433.023155,139.5452325,79.86668323,214.9534733,CI,SBI,-999.0,747,0.133866009,0.157690748,0.250315341,-0.023824739,CI.SBI,747,0.133866009,22.78569984,50.11539841,14.87709999,0.13386600865575282,747,711.1661859500584,674.1553296803532,716.425090535797,695.7313721551475
100070,RSN16183,43,16183, SBI,3.64,33.8455,-118.7007,12.777,50.71,854,33.4805,-119.0299,18.8,18.95,-0.00161057,-0.002752061,0.000168524,8.65e-05,0.585223179,0.155132888,76.48547269,5.179664862,6.267598776,0.261799388,1685.667345,18.61930636,16.33038024,252.8501018,CI,SBI,-999.0,745,0.136546975,0.157690748,0.250315341,-0.021143772,CI.SBI,745,0.136546975,22.78569984,50.11539841,14.87709999,0.1365469754090105,745,754.1201753978718,676.1033662475596,654.4676985802839,668.0293806813326
100070,RSN13448,43,13448, SBI,3.9,34.4032,-118.651,13.612,108.17,854,33.4805,-119.0299,15.79,15.98,-0.000288735,-0.000599261,1.79e-05,1.44e-05,0.481818676,0.158095064,83.27761185,5.179664862,6.281821568,0.226892803,1408.758843,20.05104167,33.47826816,211.3138265,CI,SBI,-999.0,738,0.145987369,0.157690748,0.250315341,-0.011703378,CI.SBI,738,0.145987369,22.78569984,50.11539841,14.87709999,0.14598736918809774,738,711.247310754531,651.7832418977479,685.2516442300241,675.6325758803728
100070,RSN10519,43,10519, SBI,4.45,34.1081,-117.3062,14.795,174.15,854,33.4805,-119.0299,14.33,14.45,0.000137639,0.000420358,0.000175207,5.77e-05,0.327433827,0.157886131,85.4408878,5.179664862,6.313637877,0.157079633,997.7494282,2.38542461,2.399207794,149.6624142,CI,SBI,-999.0,601,0.351336259,0.157690748,0.250315341,0.193645512,CI.SBI,601,0.351336259,22.78569984,50.11539841,14.87709999,0.35133625925336265,601,575.687355447635,545.8704687260907,620.2623278909981,563.3728105417051
100070,RSN11220,43,11220, SBI,4.42,34.0665,-118.8938,12.827,66.21,854,33.4805,-119.0299,22.24,22.38,-0.00419703,-0.006873548,0.000163956,0.000114048,0.610606043,0.156950725,79.68762945,5.179664862,6.268505043,0.27925268,1726.447424,36.80055766,41.92312572,258.9671136,CI,SBI,-999.0,759,0.117929416,0.157690748,0.250315341,-0.039761331,CI.SBI,759,0.117929416,22.78569984,50.11539841,14.87709999,0.11792941639293986,759,741.6084410585698,671.71695762318,670.6213778321636,671.867254405875
100070,RSN9089,43,9089, SBI,5.2,33.5328,-116.5697,15.48,228.66,854,33.4805,-119.0299,16.35,17.07,0.001162574,0.001818397,0.000153043,5.52e-05,0.639339983,0.157564129,86.35013057,5.179664862,6.333749326,0.27925268,1778.941929,21.06112319,11.88160844,266.8412894,CI,SBI,-999.0,777,0.094490843,0.157690748,0.250315341,-0.063199904,CI.SBI,777,0.094490843,22.78569984,50.11539841,14.87709999,0.09449084342092284,777,896.8416171155077,731.1225078748259,796.1861409551702,705.9999539835436
100092,RSN12733,50,12733, BFS,4.26,33.9538,-116.3912,7.696,121.15,500,34.2388,-117.6585,20.1,20.33,0.000641681,0.000913666,3.91e-05,3.06e-05,0.702315044,0.16319085,86.7794252,5.179664862,6.118116656,0.314159265,1850.079353,20.96996732,23.36741688,277.511903,CI,BFS,7.46331,801,-0.471252849,-0.416344151,-0.323719558,-0.054908697,CI.BFS,690,-0.322083499,17.23060036,1379.599976,23.80999947,-0.3220834991691133,690,657.5450434147459,631.9829341173901,718.4939200930788,655.7331986674401
100092,RSN16813,50,16813, BFS,3.49,34.309,-116.9297,9.684,67.56,500,34.2388,-117.6585,13.18,13.24,0.001542725,0.003769449,0.000251235,4.63e-05,0.409270663,0.160114092,82.50432201,5.179664862,6.192176404,0.191986218,1205.041693,33.32019438,15.00367783,180.756254,CI,BFS,7.46331,664,-0.283674051,-0.416344151,-0.323719558,0.1326701,CI.BFS,572,-0.134530893,17.23060036,1379.599976,23.80999947,-0.13453089295760634,572,585.9082363859414,562.0812467845814,631.9168925817752,598.410446236258
100092,RSN11347,50,11347, BFS,4.73,33.7328,-117.4921,10.018,58.19,500,34.2388,-117.6585,22.85,23.05,-0.008444107,-0.014796207,0.000161057,0.000321603,0.570694039,0.159239437,81.00972095,5.179664862,6.202702587,0.261799388,1610.98045,26.25630669,91.86938165,241.6470675,CI,BFS,7.46331,720,-0.364643114,-0.416344151,-0.323719558,0.051701038,CI.BFS,620,-0.21511138,17.23060036,1379.599976,23.80999947,-0.21511137961694615,620,629.521047618095,592.1105286037543,650.5875437956073,615.7842308848327
100092,RSN14380,50,14380, BFS,4.14,34.8632,-116.3444,6.474,139.09,500,34.2388,-117.6585,17.55,17.61,-0.000218027,-0.000268729,0.000110132,9.26e-05,0.811327462,0.164216197,87.71189526,5.179664862,6.084678138,0.34906585,2039.236058,2.35450324,2.440062834,305.8854087,CI,BFS,7.46331,863,-0.545806593,-0.416344151,-0.323719558,-0.129462441,CI.BFS,744,-0.397432936,17.23060036,1379.599976,23.80999947,-0.39743293641090016,744,754.1635093238119,684.9475505480472,680.9702064052078,677.300694595363
100095,RSN9675,52,9675, CAC,4.69,35.0172,-119.0247,9.251,128.06,399,34.1368,-118.122,13.13,13.33,0.002119666,0.005478296,0.00141462,0.001027059,0.386920731,0.161536452,86.25338516,5.179664862,6.177322679,0.191986218,1137.637294,2.063821066,3.872627278,170.6455941,CI,CAC,0.57,642,-0.475626887,0.164249416,0.256874009,-0.639876303,CI.CAC,172,0.84146694,5.490129948,232.727005,1.846899986,0.841466940076411,172,184.73318565607525,169.24995832669015,166.8314163109267,154.09522488518053
100095,RSN8774,52,8774, CAC,5.39,33.9465,-117.7667,14.89,39.01,399,34.1368,-118.122,21.8,21.97,-0.002928313,-0.035878819,0.004755755,0.000942712,0.081616754,0.148692539,69.92131188,5.179664862,6.31653763,0.034906585,273.7056313,3.106264692,7.54429507,41.0558447,CI,CAC,0.57,253,0.455571928,0.164249416,0.256874009,0.291322512,CI.CAC,253,0.455571928,5.490129948,232.727005,1.846899986,0.4555719281623434,253,326.2039557310992,349.66307605360123,298.9946023546064,329.7528109531176
100095,RSN11354,52,11354, CAC,4.73,33.7328,-117.4921,10.018,73.48,399,34.1368,-118.122,24.76,24.93,0.000777649,0.01118745,0.002921447,0.000330273,0.069510831,0.159970158,82.86088051,5.179664862,6.202702587,0.034906585,216.870989,2.354564254,3.829420832,32.53064835,CI,CAC,0.57,214,0.622985402,0.164249416,0.256874009,0.458735986,CI.CAC,214,0.622985402,5.490129948,232.727005,1.846899986,0.6229854018680125,214,294.59191515837296,294.2673045602447,268.3241691327185,271.80194814658665
100095,RSN9870,52,9870, CAC,4.59,34.9977,-119.1926,10.662,137.01,399,34.1368,-118.122,6.2,6.39,0.000622212,0.003776926,0.00097038,0.000231185,0.164740312,0.160334988,85.90630006,5.179664862,6.221029194,0.087266463,508.8353047,2.691402989,3.89221336,76.32529571,CI,CAC,0.57,378,0.054067221,0.164249416,0.256874009,-0.110182195,CI.CAC,378,0.054067221,5.490129948,232.727005,1.846899986,0.054067221270275745,378,388.3963015122892,359.70837901742345,374.4118318691325,346.53519913438225
100106,RSN18206,57,18206, EDW2,4.36,36.3932,-117.8644,8.798,168.18,1242,34.8811,-117.9939,11.53,11.7,-0.000539415,-0.000603606,5.84e-05,4.47e-05,0.893654976,0.162156027,87.31045619,5.179664862,6.160106881,0.366519143,2200.185616,12.06744966,10.33571918,330.0278424,CI,EDW2,-999.0,915,0.305554197,0.233151859,0.325776452,0.072402338,CI.EDW2,915,0.305554197,3.305500031,773.6849976,3.443459988,0.3055541972179032,915,800.5847533286334,772.7159639766247,925.5360866970983,748.6731019321044
100106,RSN9013,57,9013, EDW2,5.2,33.5328,-116.5697,15.48,198.99,1242,34.8811,-117.9939,21.77,21.89,-0.002213986,-0.00236591,0.000636633,0.000664221,0.935786349,0.157459592,85.79617447,5.179664862,6.333749326,0.383972435,2336.956564,3.333206869,3.716285521,350.5434846,CI,EDW2,-999.0,958,0.259630485,0.233151859,0.325776452,0.026478625,CI.EDW2,958,0.259630485,3.305500031,773.6849976,3.443459988,0.2596304845225639,958,904.2965920164622,818.4418271897202,943.1300766660696,791.6981235889816
100106,RSN12608,57,12608, EDW2,4.11,33.5089,-116.8485,12.274,185.24,1242,34.8811,-117.9939,13.23,13.27,-1.6e-05,-2.17e-05,3.81e-06,4.39e-06,0.737148552,0.159495063,86.49377129,5.179664862,6.258050482,0.314159265,1956.562871,3.644646925,5.695538058,293.4844307,CI,EDW2,-999.0,836,0.395849649,0.233151859,0.325776452,0.16269779,CI.EDW2,836,0.395849649,3.305500031,773.6849976,3.443459988,0.39584964940872247,836,902.7012713747056,746.8620410937106,900.8961514798123,702.1929150918322
100106,RSN11186,57,11186, EDW2,4.42,34.0665,-118.8938,12.827,122.48,1242,34.8811,-117.9939,22.3,22.46,-0.000789122,-0.000996836,0.000144942,4.97e-05,0.791627046,0.158771035,84.41742598,5.179664862,6.268505043,0.331612558,2068.090654,15.87770624,6.877482027,310.2135981,CI,EDW2,-999.0,872,0.353688839,0.233151859,0.325776452,0.120536979,CI.EDW2,872,0.353688839,3.305500031,773.6849976,3.443459988,0.35368883858444455,872,774.0646925709094,712.7808156101288,801.9702738012293,695.5620718259215
100106,RSN14588,57,14588, EDW2,4.11,35.6211,-117.5805,9.045,90.31,1242,34.8811,-117.9939,30.64,30.82,-0.001233601,-0.000940845,7.84e-06,5.02e-06,1.311162824,0.161423697,84.83488522,5.179664862,6.169722379,0.453785606,2744.635071,245.737251,120.0057398,411.6952607,CI,EDW2,-999.0,1085,0.135142997,0.233151859,0.325776452,-0.098008863,CI.EDW2,1085,0.135142997,3.305500031,773.6849976,3.443459988,0.13514299651886397,1085,753.4456005687504,853.9245721689126,846.2087379455662,861.2868652177699
100106,RSN12884,57,12884, EDW2,4.11,36.0312,-117.7658,4.03,129.27,1242,34.8811,-117.9939,20.55,20.68,-0.000102949,-7.98e-05,1.03e-05,1.15e-05,1.289308356,0.168269383,88.63328123,5.179664862,5.941161117,0.453785606,2613.61162,8.952086957,7.747572816,392.041743,CI,EDW2,-999.0,1045,0.172706098,0.233151859,0.325776452,-0.060445761,CI.EDW2,1045,0.172706098,3.305500031,773.6849976,3.443459988,0.17270609809451276,1045,842.9550726817747,844.4210806944794,878.9231604482919,854.0976994413239
100106,RSN12686,57,12686, EDW2,4.34,35.8373,-117.678,6.864,109.9,1242,34.8811,-117.9939,23.59,23.65,-9.53e-05,-7.11e-05,3.43e-05,4.26e-05,1.339999171,0.163778646,86.8921031,5.179664862,6.096821743,0.471238898,2740.900115,2.237089202,2.072886297,411.1350173,CI,EDW2,-999.0,1083,0.136988015,0.233151859,0.325776452,-0.096163844,CI.EDW2,1083,0.136988015,3.305500031,773.6849976,3.443459988,0.13698801549243367,1083,789.92097759781,852.6064989053688,895.9170879242674,871.1603848061869
100106,RSN18082,57,18082, EDW2,5.19,36.4034,-117.8499,9.418,169.4,1242,34.8811,-117.9939,13.57,13.66,-0.001098699,-0.000999556,0.000237039,0.000263201,1.099187515,0.161525282,87.13147128,5.179664862,6.183223963,0.41887902,2504.991186,4.174372438,4.216841954,375.7486779,CI,EDW2,-999.0,1011,0.205783043,0.233151859,0.325776452,-0.027368816,CI.EDW2,1011,0.205783043,3.305500031,773.6849976,3.443459988,0.20578304347295262,1011,777.6196224606463,839.7081327656663,897.4753932824956,825.1671002856689
100106,RSN11376,57,11376, EDW2,4.73,33.7328,-117.4921,10.018,135.49,1242,34.8811,-117.9939,29.4,29.48,-0.000981991,-0.001185412,0.000180478,8.94e-05,0.828396356,0.160856192,86.14988506,5.179664862,6.202702587,0.34906585,2109.303419,10.98423937,6.568180055,316.3955129,CI,EDW2,-999.0,886,0.337761312,0.233151859,0.325776452,0.104609453,CI.EDW2,886,0.337761312,3.305500031,773.6849976,3.443459988,0.33776131188834313,886,782.6749392713918,738.3177171685753,862.8418500259337,714.131231193276
100106,RSN9187,57,9187, EDW2,5.03,35.3852,-118.6292,7.3,80.5,1242,34.8811,-117.9939,11.89,12.16,-0.010298235,-0.008284991,0.000315958,0.000235557,1.242998933,0.163183844,85.44049205,5.179664862,6.108664217,0.453785606,2651.193005,43.71865408,26.22181113,397.6789508,CI,EDW2,-999.0,1056,0.162234798,0.233151859,0.325776452,-0.070917061,CI.EDW2,1056,0.162234798,3.305500031,773.6849976,3.443459988,0.16223479822721742,1056,781.3881311619448,821.4608583065134,856.9541325626163,831.8938930780349
100106,RSN13233,57,13233, EDW2,4.19,34.3571,-116.8418,9.486,120.59,1242,34.8811,-117.9939,20.73,20.8,0.001964312,0.001734238,7.09e-05,3.99e-05,1.132665336,0.161257263,85.92108974,5.179664862,6.185563454,0.41887902,2547.157303,49.23087719,24.4603385,382.0735955,CI,EDW2,-999.0,1024,0.193006457,0.233151859,0.325776452,-0.040145402,CI.EDW2,1024,0.193006457,3.305500031,773.6849976,3.443459988,0.1930064568939711,1024,731.7269624964457,828.5897791873007,858.8561424320706,836.0408081082574
100106,RSN10710,57,10710, EDW2,4.66,34.2983,-118.6255,8.038,86.82,1242,34.8811,-117.9939,9.36,9.69,-0.002688006,-0.002779998,0.00019187,8.74e-05,0.966909557,0.162668024,85.26670665,5.179664862,6.126524324,0.383972435,2304.524223,30.75521739,14.48896649,345.6786335,CI,EDW2,-999.0,948,0.27012376,0.233151859,0.325776452,0.036971901,CI.EDW2,948,0.27012376,3.305500031,773.6849976,3.443459988,0.2701237602384028,948,697.9246124705905,756.4253456664746,820.1275145831714,753.6307073757467
100106,RSN13840,57,13840, EDW2,4.17,34.3277,-116.829,4.957,123.23,1242,34.8811,-117.9939,26.83,26.91,0.002772653,0.002358114,9.42e-05,4.81e-05,1.17579225,0.16614534,88.12695348,5.179664862,6.015610792,0.436332313,2527.389487,57.64351351,25.03305732,379.1084231,CI,EDW2,-999.0,1018,0.198883065,0.233151859,0.325776452,-0.034268794,CI.EDW2,1018,0.198883065,3.305500031,773.6849976,3.443459988,0.1988830653829563,1018,883.9700973908667,830.9099184710041,899.2371044237457,848.5434938714109
100106,RSN13323,57,13323, EDW2,4.2,34.3768,-117.6461,8.934,64.39,1242,34.8811,-117.9939,16.07,16.16,-0.008409708,-0.008407232,0.000413067,0.00040435,1.00029454,0.160922498,82.82215731,5.179664862,6.165471616,0.401425728,2383.20137,20.79809076,20.3531921,357.4802055,CI,EDW2,-999.0,973,0.24409418,0.233151859,0.325776452,0.010942321,CI.EDW2,973,0.24409418,3.305500031,773.6849976,3.443459988,0.24409418030741925,973,735.7442546439296,784.863539231195,854.0749540557016,784.7748740587234
100106,RSN9699,57,9699, EDW2,4.69,35.0172,-119.0247,9.251,95.36,1242,34.8811,-117.9939,8.52,8.65,-0.001778682,-0.002001814,0.000192225,0.000214,0.888535241,0.161262379,84.98362842,5.179664862,6.177322679,0.366519143,2204.824474,8.311598131,10.41391078,330.7236711,CI,EDW2,-999.0,916,0.304461898,0.233151859,0.325776452,0.071310039,CI.EDW2,916,0.304461898,3.305500031,773.6849976,3.443459988,0.30446189781929434,916,796.1240700980676,757.545451769032,831.9314727526803,735.582610475617
100106,RSN12750,57,12750, EDW2,4.26,33.9538,-116.3912,7.696,179.69,1242,34.8811,-117.9939,24.1,24.19,7.16e-05,0.000102355,4.7e-05,2.33e-05,0.699956002,0.163333465,87.84566448,5.179664862,6.118116656,0.296705973,1837.135943,3.072961373,2.177765957,275.5703915,CI,EDW2,-999.0,796,0.444879077,0.233151859,0.325776452,0.211727218,CI.EDW2,796,0.444879077,3.305500031,773.6849976,3.443459988,0.44487907664904114,796,902.5818972009479,713.9504389971981,891.071652743001,674.4550851832005
100106,RSN9892,57,9892, EDW2,4.59,34.9977,-119.1926,10.662,110.27,1242,34.8811,-117.9939,3.8,3.97,0.000728129,0.000595659,0.000200769,0.000160866,1.222391472,0.160117281,84.93441577,5.179664862,6.221029194,0.436332313,2671.036263,4.52630761,2.966887318,400.6554395,CI,EDW2,-999.0,1062,0.156569061,0.233151859,0.325776452,-0.076582798,CI.EDW2,1062,0.156569061,3.305500031,773.6849976,3.443459988,0.15656906069153997,1062,680.5103213578063,832.2637398087444,804.507730952274,840.024176358337
100106,RSN8791,57,8791, EDW2,5.39,33.9465,-117.7667,14.89,105.76,1242,34.8811,-117.9939,22.52,22.93,-0.056796136,-0.048419396,0.004982872,0.004192867,1.173003806,0.156921212,82.39272672,5.179664862,6.31653763,0.436332313,2672.912503,13.54589497,9.717166325,400.9368755,CI,EDW2,-999.0,1063,0.155627884,0.233151859,0.325776452,-0.077523975,CI.EDW2,1063,0.155627884,3.305500031,773.6849976,3.443459988,0.15562788415147644,1063,667.1821473990525,787.5408825280246,756.3830321614755,799.8627852144143
100106,RSN11915,57,11915, EDW2,4.27,34.3874,-119.4398,6.219,143.44,1242,34.8811,-117.9939,14.5,14.65,0.000380242,0.000544436,8.26e-05,3.4e-05,0.698414942,0.164476664,87.89512579,5.179664862,6.075787581,0.296705973,1821.573602,11.18358824,6.591234867,273.2360403,CI,EDW2,-999.0,791,0.451180295,0.233151859,0.325776452,0.218028436,CI.EDW2,791,0.451180295,3.305500031,773.6849976,3.443459988,0.4511802947257699,791,826.5473436488626,675.1256576317337,845.3455029194379,654.6301915805341
100106,RSN18253,57,18253, EDW2,4.2,36.3905,-117.8695,8.829,167.85,1242,34.8811,-117.9939,11.79,11.89,-0.001336798,-0.000913206,0.000170236,0.000126275,1.46385097,0.162122012,87.29978003,5.179664862,6.161345296,0.488692191,2881.476167,10.58640269,5.364353016,432.2214251,CI,EDW2,-999.0,1126,0.098051454,0.233151859,0.325776452,-0.135100405,CI.EDW2,1126,0.098051454,3.305500031,773.6849976,3.443459988,0.09805145379378821,1126,816.7823740019335,900.7134556275172,921.2330718309395,916.6355484197717
100106,RSN13126,57,13126, EDW2,4.06,33.2394,-116.2082,10.532,245.64,1242,34.8811,-117.9939,10.97,11.12,-0.000138271,-0.00014132,4.08e-05,3.32e-05,0.978422638,0.160713223,87.76284509,5.179664862,6.217520851,0.383972435,2348.038086,4.164789157,3.46372549,352.2057129,CI,EDW2,-999.0,962,0.255463812,0.233151859,0.325776452,0.022311953,CI.EDW2,962,0.255463812,3.305500031,773.6849976,3.443459988,0.2554638118277177,962,875.1420916386326,838.5464070889483,997.5643398732777,838.4410588901105
100106,RSN9347,57,9347, EDW2,4.88,34.0655,-117.0011,17.501,128.47,1242,34.8811,-117.9939,13.41,13.51,-0.004979342,-0.004531964,0.000121769,5.58e-05,1.098716186,0.155338196,82.59708076,5.179664862,6.383907006,0.41887902,2604.198378,89.23551971,37.21771551,390.6297567,CI,EDW2,-999.0,1042,0.17558104,0.233151859,0.325776452,-0.057570819,CI.EDW2,1042,0.17558104,3.305500031,773.6849976,3.443459988,0.1755810401801119,1042,629.3795445039764,847.7227188517107,780.1466274248735,830.8132325487286
100106,RSN18012,57,18012, EDW2,5.0,36.3864,-117.8583,7.408,167.46,1242,34.8811,-117.9939,15.19,15.3,-0.001593058,-0.001348272,0.000254834,0.000168545,1.181555602,0.163508052,87.78934248,5.179664862,6.11135504,0.436332313,2574.16016,9.451825922,5.290785374,386.124024,CI,EDW2,-999.0,1032,0.185224316,0.233151859,0.325776452,-0.047927543,CI.EDW2,1032,0.185224316,3.305500031,773.6849976,3.443459988,0.18522431645191606,1032,781.3280243813348,838.0209122039771,907.4876971886166,838.2342490372719
100106,RSN12399,57,12399, EDW2,4.27,36.1466,-118.0613,4.057,140.54,1242,34.8811,-117.9939,19.3,19.49,-0.000302488,-0.000204121,2.93e-05,3.31e-05,1.481903242,0.168198059,88.74010815,5.179664862,5.943934512,0.488692191,2790.702256,9.138610272,6.966587031,418.6053384,CI,EDW2,-999.0,1099,0.122322308,0.233151859,0.325776452,-0.110829551,CI.EDW2,1099,0.122322308,3.305500031,773.6849976,3.443459988,0.12232230808980304,1099,891.3316925143544,881.6739260173131,945.4343133121474,898.181194991504
100106,RSN10428,57,10428, EDW2,4.45,34.1081,-117.3062,14.795,106.5,1242,34.8811,-117.9939,17.15,17.25,0.008227332,0.00810818,0.001759375,0.001297624,1.014695292,0.157037779,82.51529386,5.179664862,6.313637877,0.401425728,2461.172735,6.34030505,4.608557016,369.1759103,CI,EDW2,-999.0,997,0.219727493,0.233151859,0.325776452,-0.013424367,CI.EDW2,997,0.219727493,3.305500031,773.6849976,3.443459988,0.21972749253158597,997,630.6585508922498,773.1914103511432,785.3702386855614,777.6549224235582
100106,RSN17912,57,17912, EDW2,4.04,36.3911,-117.8665,9.439,167.93,1242,34.8811,-117.9939,12.85,12.94,-0.000822472,-0.000605562,6.78e-05,6.97e-05,1.358196899,0.161500374,87.08973984,5.179664862,6.183950287,0.471238898,2795.47643,11.80017217,8.93159292,419.3214645,CI,EDW2,-999.0,1100,0.121412804,0.233151859,0.325776452,-0.111739055,CI.EDW2,1100,0.121412804,3.305500031,773.6849976,3.443459988,0.12141280370696261,1100,749.7961747531335,884.3022369288515,860.0580725791028,894.3018723470207
100109,RSN9020,58,9020, GOR,5.2,33.5328,-116.5697,15.48,74.41,559,33.1537,-117.2292,19.41,19.58,0.02369514,0.016729279,0.000658687,0.000186635,1.416387415,0.154867122,78.78065844,5.179664862,6.333749326,0.471238898,2966.234543,126.9597878,25.39791889,444.9351815,CI,GOR,5.44,1151,-0.722236936,-0.63447892,-0.541854327,-0.087758015,CI.GOR,859,-0.429619449,9.207229614,125.9499969,2.980380058,-0.4296194488291558,859,563.9028716065579,605.2127198651567,613.4554450834719,609.7326828995205
100109,RSN15358,58,15358, GOR,3.87,33.928,-116.7858,18.501,95.24,559,33.1537,-117.2292,22.24,22.33,-0.000399698,-0.000342551,3.3e-05,1.69e-05,1.166826816,0.153498326,79.45337688,5.179664862,6.40467109,0.436332313,2725.593783,23.65076923,10.38033333,408.8390675,CI,GOR,5.44,1079,-0.657640492,-0.63447892,-0.541854327,-0.023161572,CI.GOR,806,-0.365934269,9.207229614,125.9499969,2.980380058,-0.36593426935152884,806,509.2271183640256,602.3234629372961,600.2582444580989,600.7801830099161
100109,RSN13996,58,13996, GOR,4.15,33.638,-116.7082,12.649,72.35,559,33.1537,-117.2292,13.76,13.82,-0.002755463,-0.003088443,0.000237066,6.99e-05,0.892184971,0.157504824,80.6824719,5.179664862,6.265244507,0.366519143,2262.942485,39.42007153,13.02777707,339.4413728,CI,GOR,5.44,935,-0.514397056,-0.63447892,-0.541854327,0.120081864,CI.GOR,698,-0.22206963,9.207229614,125.9499969,2.980380058,-0.22206962960727328,698,599.4662667372336,563.1236515509268,645.7556188264113,559.3303891650303
100109,RSN12846,58,12846, GOR,4.02,33.7129,-116.0516,12.808,125.85,559,33.1537,-117.2292,24.8,24.88,0.001286684,0.001064527,0.000177449,0.000262076,1.208690747,0.15881796,84.56036574,5.179664862,6.268161535,0.436332313,2678.769856,4.90958348,5.999058885,401.8154784,CI,GOR,5.44,1064,-0.643641197,-0.63447892,-0.541854327,-0.009162277,CI.GOR,794,-0.350933988,9.207229614,125.9499969,2.980380058,-0.350933988092037,794,469.6956145261975,571.0465861766749,589.5694395469795,581.6448627883827
100172,RSN18017,75,18017, JRC2,5.0,36.3864,-117.8583,7.408,45.04,623,35.9825,-117.8089,11.9,11.96,-0.005279313,-0.017955662,0.003030054,0.000739247,0.294019426,0.161842606,81.52397407,5.179664862,6.11135504,0.13962634,880.0598364,7.141473689,5.925855447,132.0089755,CI,JRC2,5.246016667,537,0.148548424,-0.125458709,-0.032834115,0.274007133,CI.JRC2,537,0.148548424,13.04990005,1420.880005,9.128740311,0.14854842427858816,537,478.16378778914054,474.55738485139386,544.8316605081536,516.0368754165565
100172,RSN18043,75,18043, JRC2,4.5,36.3915,-117.8683,9.117,45.7,623,35.9825,-117.8089,10.31,10.45,-0.016569592,-0.028627639,0.001876735,0.002011774,0.578797019,0.159322655,79.54774351,5.179664862,6.172420506,0.261799388,1627.602499,8.23630885,15.25395914,244.1403749,CI,JRC2,5.246016667,726,-0.153003496,-0.125458709,-0.032834115,-0.027544787,CI.JRC2,533,0.156025095,13.04990005,1420.880005,9.128740311,0.15602509462160885,533,529.2128257187067,467.22396556895046,534.0974684405829,513.2711791488099
100172,RSN12693,75,12693, JRC2,4.34,35.8373,-117.678,6.864,19.98,623,35.9825,-117.8089,19.81,19.96,0.068244611,0.144159652,4.47e-05,2.91e-05,0.473396059,0.155952805,71.95554156,5.179664862,6.096821743,0.226892803,1407.560947,2345.175636,3225.048143,211.1341421,CI,JRC2,5.246016667,737,-0.168041373,-0.125458709,-0.032834115,-0.042582665,CI.JRC2,541,0.14112724,13.04990005,1420.880005,9.128740311,0.14112723994097198,541,521.7346980781114,496.13441979396634,523.212131409055,526.9104124071467
100172,RSN14643,75,14643, JRC2,3.9,35.3429,-118.5645,9.906,98.57,623,35.9825,-117.8089,20.21,20.35,0.00039111,0.000492824,7.14e-06,1.04e-05,0.793608856,0.160634014,84.75412821,5.179664862,6.199256899,0.331612558,2047.403659,37.60673077,69.02296919,307.1105489,CI,JRC2,5.246016667,866,-0.32933839,-0.125458709,-0.032834115,-0.203879681,CI.JRC2,636,-0.020652045,13.04990005,1420.880005,9.128740311,-0.020652044552669224,636,589.059847806274,564.1541256877674,640.6556333185652,619.1360595348598
100184,RSN13341,80,13341, RRX,4.2,34.3768,-117.6461,8.934,81.26,372,34.8753,-116.9968,19.02,19.15,-0.001076819,-0.006240503,0.000243165,4.79e-05,0.172553317,0.161401788,84.33621168,5.179664862,6.165471616,0.087266463,528.7710562,22.48056367,25.66365637,79.31565843,CI,RRX,0.89,386,-0.036943515,-0.084162364,0.008462229,0.047218849,CI.RRX,386,-0.036943515,4.117599964,682.3309937,3.888880014,-0.03694351519168482,386,394.3170256719851,351.5024071533688,396.665298918886,357.546989525098
100184,RSN12635,80,12635, RRX,4.11,33.5089,-116.8485,12.274,152.18,372,34.8753,-116.9968,15.5,15.57,-0.001252368,-0.005411491,0.000877775,0.000205118,0.231427429,0.159350644,85.73009047,5.179664862,6.258050482,0.122173048,712.7366017,6.105597753,6.165009256,106.9104903,CI,RRX,0.89,460,-0.212332635,-0.084162364,0.008462229,-0.128170271,CI.RRX,460,-0.212332635,4.117599964,682.3309937,3.888880014,-0.2123326352099948,460,484.0230608485929,402.90908012736674,473.5816683591525,390.13090598605487
100184,RSN17521,80,17521, RRX,3.62,33.9521,-116.3635,9.067,117.8,372,34.8753,-116.9968,21.73,21.81,0.000112177,0.000470396,8.12e-05,4.76e-05,0.23847438,0.161669599,86.02187848,5.179664862,6.170551665,0.122173048,722.7825588,2.356659664,5.793054187,108.4173838,CI,RRX,0.89,465,-0.223143551,-0.084162364,0.008462229,-0.138981187,CI.RRX,465,-0.223143551,4.117599964,682.3309937,3.888880014,-0.2231435513142097,465,498.5996264008271,403.6274136179702,455.8495446239882,394.87488965547635
100184,RSN12901,80,12901, RRX,4.11,36.0312,-117.7658,4.03,146.01,372,34.8753,-116.9968,23.0,23.16,0.000706034,0.002252281,0.000186584,0.000197976,0.313475179,0.168280018,88.79457919,5.179664862,5.941161117,0.157079633,899.7793206,3.566260557,12.07113686,134.9668981,CI,RRX,0.89,547,-0.385554948,-0.084162364,0.008462229,-0.301392584,CI.RRX,547,-0.385554948,4.117599964,682.3309937,3.888880014,-0.38555494814883495,547,678.2297225559934,489.66156920618903,573.3764800423043,462.4429422534689
100184,RSN10509,80,10509, RRX,4.45,34.1081,-117.3062,14.795,89.72,372,34.8753,-116.9968,16.26,16.4,-0.004533557,-0.024636091,0.000131974,5.25e-05,0.184020942,0.156476325,81.09074236,5.179664862,6.313637877,0.087266463,580.5203398,86.35346667,186.6738221,87.07805097,CI,RRX,0.89,408,-0.09237332,-0.084162364,0.008462229,-0.008210956,CI.RRX,408,-0.09237332,4.117599964,682.3309937,3.888880014,-0.09237332013101529,408,381.96933866063216,361.825040577293,394.016534079871,367.5073646673823
100184,RSN17435,80,17435, RRX,3.73,35.2675,-117.3498,7.92,54.13,372,34.8753,-116.9968,25.34,25.41,-0.000134658,-0.000527076,5.83e-05,3.47e-05,0.255481443,0.16189153,82.41979173,5.179664862,6.122995859,0.122173048,770.2539631,3.880634006,9.040754717,115.5380945,CI,RRX,0.89,486,-0.26731477,-0.084162364,0.008462229,-0.183152406,CI.RRX,486,-0.26731477,4.117599964,682.3309937,3.888880014,-0.26731476962734746,486,484.1857254248974,427.9922216970422,461.6139294339093,416.60770174496525
100184,RSN15187,80,15187, RRX,3.9,33.867,-117.1038,11.856,112.28,372,34.8753,-116.9968,22.3,22.38,-0.000273046,-0.001341329,8.07e-05,6.39e-05,0.203563971,0.1592538,84.41413429,5.179664862,6.24946745,0.104719755,629.7126243,4.273020344,16.6211772,94.45689365,CI,RRX,0.89,426,-0.135545492,-0.084162364,0.008462229,-0.051383128,CI.RRX,426,-0.135545492,4.117599964,682.3309937,3.888880014,-0.13554549199622468,426,431.4382455708699,381.32912219190945,428.98856848477067,389.00028511708774
100184,RSN13280,80,13280, RRX,4.19,34.3571,-116.8418,9.486,59.22,372,34.8753,-116.9968,20.03,20.16,-0.00251467,-0.01231966,7.72e-05,3.42e-05,0.204118436,0.159963677,81.67609526,5.179664862,6.185563454,0.104719755,628.5581185,73.52836257,159.5810881,94.28371778,CI,RRX,0.89,426,-0.135545492,-0.084162364,0.008462229,-0.051383128,CI.RRX,426,-0.135545492,4.117599964,682.3309937,3.888880014,-0.13554549199622468,426,425.7624026631985,388.402351775911,430.54786429683463,392.5205767883554
100184,RSN10121,80,10121, RRX,4.18,34.3617,-118.6637,11.151,163.14,372,34.8753,-116.9968,7.85,7.97,0.000138173,0.001022358,0.000158777,6.15e-05,0.135150799,0.16010681,86.39229436,5.179664862,6.233452986,0.06981317,419.2818409,2.246715447,6.438955264,62.89227614,CI,RRX,0.89,336,0.101782694,-0.084162364,0.008462229,0.185945058,CI.RRX,336,0.101782694,4.117599964,682.3309937,3.888880014,0.10178269430994202,336,352.2889211917749,314.176484181328,370.05907125523373,320.73963812107723
100184,RSN13882,80,13882, RRX,4.17,34.3277,-116.829,4.957,62.67,372,34.8753,-116.9968,19.34,19.41,-0.001302655,-0.005860034,5.85e-05,3.42e-05,0.222294761,0.165885505,86.28848868,5.179664862,6.015610792,0.104719755,657.6773919,38.08932749,100.1715214,98.65160879,CI,RRX,0.89,436,-0.158748389,-0.084162364,0.008462229,-0.074586025,CI.RRX,436,-0.158748389,4.117599964,682.3309937,3.888880014,-0.15874838907588806,436,446.62306306132893,392.60811989491214,426.33840334794,384.07848802306665
100184,RSN9260,80,9260, RRX,5.03,35.3852,-118.6292,7.3,159.18,372,34.8753,-116.9968,12.2,12.41,0.000661508,0.003816797,0.000143287,6.28e-05,0.173315062,0.163570272,87.70210283,5.179664862,6.108664217,0.087266463,523.9978057,10.53356688,26.63742698,78.59967086,CI,RRX,0.89,384,-0.031748698,-0.084162364,0.008462229,0.052413666,CI.RRX,384,-0.031748698,4.117599964,682.3309937,3.888880014,-0.031748698314580714,384,403.92778321423486,349.1574354765524,409.9359807275933,350.3090135594917
100184,RSN14757,80,14757, RRX,3.84,34.2268,-117.4407,8.593,82.67,372,34.8753,-116.9968,21.2,21.28,-0.001461291,-0.009324578,0.000884312,0.000122378,0.156713933,0.161847775,84.64470085,5.179664862,6.151676073,0.06981317,479.4768007,11.94079818,10.54444359,71.92152011,CI,RRX,0.89,365,0.018996501,-0.084162364,0.008462229,0.103158865,CI.RRX,365,0.018996501,4.117599964,682.3309937,3.888880014,0.018996500690654727,365,377.06054776188324,338.4160365128772,376.0047365567012,346.40209365309704
100184,RSN15298,80,15298, RRX,3.86,34.1976,-117.3882,14.177,83.32,372,34.8753,-116.9968,23.19,23.28,-0.001119126,-0.006946115,0.000151882,2.82e-05,0.161115366,0.156873337,80.87089388,5.179664862,6.293825021,0.087266463,508.9112029,39.68531915,45.73362874,76.33668044,CI,RRX,0.89,378,-0.016000341,-0.084162364,0.008462229,0.068162023,CI.RRX,378,-0.016000341,4.117599964,682.3309937,3.888880014,-0.016000341346441793,378,377.9764194328229,341.51922290758716,387.3228163309849,347.99813338489884
100184,RSN16962,80,16962, RRX,3.63,34.1242,-116.405,9.555,99.48,372,34.8753,-116.9968,12.6,12.67,-0.000172695,-0.000884028,9.08e-05,4.95e-05,0.195349558,0.160993418,85.01095978,5.179664862,6.187901101,0.104719755,598.7069754,3.488787879,9.735991189,89.80604631,CI,RRX,0.89,415,-0.109384666,-0.084162364,0.008462229,-0.025222302,CI.RRX,415,-0.109384666,4.117599964,682.3309937,3.888880014,-0.1093846659575517,415,433.41415590356894,375.9507004140141,427.24362189137435,383.01206671566234
100184,RSN18228,80,18228, RRX,4.36,36.3932,-117.8644,8.798,185.84,372,34.8753,-116.9968,11.55,11.64,-0.000123719,-0.000608109,0.000150977,2.35e-05,0.203448638,0.162189257,87.57323216,5.179664862,6.160106881,0.104719755,617.9789678,5.264638298,4.02782543,92.69684517,CI,RRX,0.89,422,-0.12611146,-0.084162364,0.008462229,-0.041949096,CI.RRX,422,-0.12611146,4.117599964,682.3309937,3.888880014,-0.12611145976286586,422,510.9832270279957,390.8988536636863,494.39262921958846,388.1083826499256
100184,RSN13969,80,13969, RRX,3.79,34.2691,-117.4608,11.018,79.59,372,34.8753,-116.9968,15.5,15.65,-0.000721552,-0.004723771,3.74e-05,4.07e-05,0.152749159,0.159201067,82.68123255,5.179664862,6.230189198,0.06981317,475.3987271,17.72855037,126.3040374,71.30980907,CI,RRX,0.89,363,0.02449102,-0.084162364,0.008462229,0.108653384,CI.RRX,363,0.02449102,4.117599964,682.3309937,3.888880014,0.024491020008295727,363,375.80704734742767,337.3781703085773,373.853953147736,347.2512515846847
100184,RSN15982,80,15982, RRX,3.64,33.8726,-117.7125,2.161,129.25,372,34.8753,-116.9968,32.95,33.03,-7.81e-05,-0.000616937,0.000151366,1.91e-05,0.126538774,0.16839915,89.47623191,5.179664862,5.93802414,0.06981317,373.6460469,4.089005236,4.075796414,56.04690704,CI,RRX,0.89,312,0.175890666,-0.084162364,0.008462229,0.260053031,CI.RRX,312,0.175890666,4.117599964,682.3309937,3.888880014,0.1758906664636637,312,364.9075370260364,294.7817758216624,345.335132217142,298.6966911208763
100184,RSN16638,80,16638, RRX,3.69,33.735,-117.4936,9.693,134.5,372,34.8753,-116.9968,15.68,15.77,-0.000343262,-0.001892836,0.000261498,6.61e-05,0.181347944,0.161142609,86.26041533,5.179664862,6.192470162,0.087266463,555.7821098,5.193071104,7.238433946,83.36731647,CI,RRX,0.89,398,-0.067558151,-0.084162364,0.008462229,0.016604213,CI.RRX,398,-0.067558151,4.117599964,682.3309937,3.888880014,-0.06755815101129148,398,448.66374309320923,366.52944399709,435.19359458772465,371.0034475262677
100184,RSN15437,80,15437, RRX,3.99,34.0514,-117.2429,14.998,94.15,372,34.8753,-116.9968,21.0,21.12,-0.00098263,-0.005299101,0.000152815,3.3e-05,0.185433302,0.156470615,81.4403153,5.179664862,6.319789549,0.087266463,584.850909,29.77666667,34.67657625,87.72763635,CI,RRX,0.89,410,-0.097263305,-0.084162364,0.008462229,-0.013100941,CI.RRX,410,-0.097263305,4.117599964,682.3309937,3.888880014,-0.09726330542520767,410,422.2434330059895,369.7308331588822,418.8313922900439,374.79414477809246
100184,RSN17287,80,17287, RRX,3.53,34.2894,-116.8271,6.278,66.83,372,34.8753,-116.9968,25.8,25.85,-0.000416982,-0.001784949,0.000221247,5.69e-05,0.233610273,0.163990266,85.35776759,5.179664862,6.07791863,0.122173048,698.7712879,7.328330404,8.067675494,104.8156932,CI,RRX,0.89,454,-0.199203344,-0.084162364,0.008462229,-0.11504098,CI.RRX,454,-0.199203344,4.117599964,682.3309937,3.888880014,-0.19920334376820215,454,467.06903130943533,399.4982695133567,437.78933841283424,389.1674473162138
100184,RSN14417,80,14417, RRX,4.14,34.8632,-116.3444,6.474,59.67,372,34.8753,-116.9968,22.43,22.54,0.000516297,0.003757804,0.000583997,6.67e-05,0.137393349,0.163620127,84.60843437,5.179664862,6.084678138,0.06981317,416.9620024,7.740584708,6.434628945,62.54430036,CI,RRX,0.89,335,0.104763322,-0.084162364,0.008462229,0.188925687,CI.RRX,335,0.104763322,4.117599964,682.3309937,3.888880014,0.10476332244807995,335,350.482650654746,320.5080300331396,348.9462254576121,323.6506570367527
100184,RSN11443,80,11443, RRX,4.73,33.7328,-117.4921,10.018,134.69,372,34.8753,-116.9968,27.9,28.03,-0.002502558,-0.013496668,0.001051652,0.000141467,0.185420399,0.160850719,86.12102487,5.179664862,6.202702587,0.087266463,568.8866291,17.69004786,12.83377771,85.33299437,CI,RRX,0.89,403,-0.080042708,-0.084162364,0.008462229,0.004119656,CI.RRX,403,-0.080042708,4.117599964,682.3309937,3.888880014,-0.08004270767353638,403,418.31088463149405,364.8973809499913,411.1312498890965,369.29850488919567
100184,RSN15008,80,15008, RRX,3.74,34.1651,-117.4332,7.875,88.39,372,34.8753,-116.9968,24.87,24.93,-0.000208485,-0.001489709,0.000262013,3.17e-05,0.139950432,0.162836593,85.48170569,5.179664862,6.12204057,0.06981317,426.6181458,6.57681388,5.685630102,63.99272187,CI,RRX,0.89,340,0.089948237,-0.084162364,0.008462229,0.174110601,CI.RRX,340,0.089948237,4.117599964,682.3309937,3.888880014,0.08994823666293872,340,356.0488127772973,318.1692838136684,352.65062889557163,326.1501493296662
100184,RSN9397,80,9397, RRX,4.88,34.0655,-117.0011,17.501,89.83,372,34.8753,-116.9968,13.59,13.71,-0.016486866,-0.088270406,0.000441828,0.000478606,0.186776821,0.153960602,79.37971575,5.179664862,6.383907006,0.087266463,598.5488479,34.4476793,199.7845451,89.78232719,CI,RRX,0.89,415,-0.109384666,-0.084162364,0.008462229,-0.025222302,CI.RRX,415,-0.109384666,4.117599964,682.3309937,3.888880014,-0.1093846659575517,415,512.3267223319987,395.013705312221,429.4929096718437,388.218641430893
100184,RSN14563,80,14563, RRX,3.78,34.0294,-116.7534,14.93,96.46,372,34.8753,-116.9968,23.68,23.84,-0.000352782,-0.001572171,7.52e-05,5.29e-05,0.22439133,0.156609598,81.65807647,5.179664862,6.317747533,0.104719755,702.8919501,6.668846881,20.90652926,105.4337925,CI,RRX,0.89,456,-0.203598955,-0.084162364,0.008462229,-0.119436591,CI.RRX,456,-0.203598955,4.117599964,682.3309937,3.888880014,-0.20359895524124028,456,470.51348194695214,400.56061165971994,447.39301981206216,392.11438110936257
100184,RSN16908,80,16908, RRX,3.6,34.2088,-117.5824,7.536,91.41,372,34.8753,-116.9968,12.8,12.87,-0.000178984,-0.001492106,9.16e-05,6.15e-05,0.119954145,0.163117916,85.84634503,5.179664862,6.114431914,0.052359878,365.5774942,2.910308943,16.28936681,54.83662413,CI,RRX,0.89,307,0.192046107,-0.084162364,0.008462229,0.276208471,CI.RRX,307,0.192046107,4.117599964,682.3309937,3.888880014,0.19204610668594935,307,330.63543103484,301.9005944165143,322.6630788974775,310.83788250651526
100184,RSN14615,80,14615, RRX,4.11,35.6211,-117.5805,9.045,98.33,372,34.8753,-116.9968,22.98,23.07,0.000277339,0.001599901,0.000101488,7.4e-05,0.173347673,0.161527248,85.25884555,5.179664862,6.169722379,0.087266463,530.7223701,3.747824324,15.7644352,79.60835552,CI,RRX,0.89,387,-0.039530839,-0.084162364,0.008462229,0.044631525,CI.RRX,387,-0.039530839,4.117599964,682.3309937,3.888880014,-0.03953083875663577,387,399.64395913097076,354.0553876935683,398.1252174068155,358.89557412731074
100184,RSN15375,80,15375, RRX,3.87,33.928,-116.7858,18.501,106.86,372,34.8753,-116.9968,22.9,23.02,-0.000467953,-0.002046859,0.000366585,5.93e-05,0.228620052,0.154011406,80.53714687,5.179664862,6.40467109,0.104719755,727.5651023,7.891281619,5.583586344,109.1347653,CI,RRX,0.89,467,-0.227435403,-0.084162364,0.008462229,-0.143273039,CI.RRX,467,-0.227435403,4.117599964,682.3309937,3.888880014,-0.2274354033957513,467,571.9824517291895,439.53100227807835,476.9445014404506,412.96683475778036
100184,RSN16121,80,16121, RRX,3.58,33.827,-117.0296,15.131,116.32,372,34.8753,-116.9968,22.34,22.41,-0.000448311,-0.002279425,0.000161776,4.58e-05,0.196677284,0.156954018,82.99471118,5.179664862,6.323730411,0.104719755,618.1355927,9.788449782,14.09000717,92.72033891,CI,RRX,0.89,422,-0.12611146,-0.084162364,0.008462229,-0.041949096,CI.RRX,422,-0.12611146,4.117599964,682.3309937,3.888880014,-0.12611145976286586,422,441.9500431712924,378.33964834054206,435.6348435329669,382.85171886771866
100184,RSN16843,80,16843, RRX,3.49,34.309,-116.9297,9.684,63.12,372,34.8753,-116.9968,12.47,12.53,-0.002176491,-0.011424661,0.000379814,8.06e-05,0.190508102,0.159882104,81.89777727,5.179664862,6.192176404,0.087266463,587.499394,27.00361042,30.07962055,88.1249091,CI,RRX,0.89,411,-0.09969936,-0.084162364,0.008462229,-0.015536996,CI.RRX,411,-0.09969936,4.117599964,682.3309937,3.888880014,-0.09969936022308801,411,421.71932917156965,376.9709037528214,417.68080974243986,383.045994629667
100184,RSN19396,80,19396, RRX,3.43,34.1381,-117.4717,5.767,92.68,372,34.8753,-116.9968,32.75,32.82,-0.000339968,-0.002304956,0.000487127,5.91e-05,0.147494351,0.164851176,87.00132356,5.179664862,6.057771424,0.06981317,443.6510345,5.752419628,4.731735256,66.54765518,CI,RRX,0.89,349,0.063821932,-0.084162364,0.008462229,0.147984296,CI.RRX,349,0.063821932,4.117599964,682.3309937,3.888880014,0.06382193207071918,349,369.72814966228043,326.48247863422233,358.22588316657436,332.3894623571522
100184,RSN17101,80,17101, RRX,3.52,34.2098,-116.4371,4.645,89.94,372,34.8753,-116.9968,28.43,28.5,0.000862103,0.004221531,0.000342712,6.03e-05,0.204215802,0.166674059,87.62813858,5.179664862,5.994593769,0.104719755,603.5283933,14.29689884,12.31801338,90.529259,CI,RRX,0.89,417,-0.114192368,-0.084162364,0.008462229,-0.030030003,CI.RRX,417,-0.114192368,4.117599964,682.3309937,3.888880014,-0.11419236752565531,417,440.6239188154184,381.9673333157204,424.08333633284855,381.67692882724174
100184,RSN18133,80,18133, RRX,5.19,36.4034,-117.8499,9.418,186.32,372,34.8753,-116.9968,12.4,12.57,-0.00049407,-0.001946825,0.000192411,0.000100747,0.253782242,0.161560759,87.39468429,5.179664862,6.183223963,0.122173048,767.0043281,4.904066622,10.11805458,115.0506492,CI,RRX,0.89,485,-0.265255037,-0.084162364,0.008462229,-0.181092673,CI.RRX,485,-0.265255037,4.117599964,682.3309937,3.888880014,-0.26525503666433714,485,524.0158762280772,439.5372426245853,522.2795392050833,421.75319912539555
100184,RSN9080,80,9080, RRX,5.2,33.5328,-116.5697,15.48,154.03,372,34.8753,-116.9968,13.7,13.82,-0.001612936,-0.007865066,0.001155469,0.000728051,0.205075997,0.1571728,84.5582449,5.179664862,6.333749326,0.104719755,642.6005692,2.215416228,6.806816972,96.39008538,CI,RRX,0.89,431,-0.147214236,-0.084162364,0.008462229,-0.063051872,CI.RRX,431,-0.147214236,4.117599964,682.3309937,3.888880014,-0.14721423583060123,431,426.4056544569674,383.67330449191456,436.40230919640794,385.33242784517944
100184,RSN15127,80,15127, RRX,3.78,34.1353,-117.4476,5.857,91.94,372,34.8753,-116.9968,24.8,24.87,-0.000681327,-0.004444737,0.000473636,6.59e-05,0.153288458,0.16473277,86.91093431,5.179664862,6.061617088,0.06981317,461.0200621,10.33880121,9.384288779,69.15300932,CI,RRX,0.89,357,0.041158072,-0.084162364,0.008462229,0.125320437,CI.RRX,357,0.041158072,4.117599964,682.3309937,3.888880014,0.04115807249350745,357,369.52504724661287,333.1177585739331,365.8758117546534,337.8564449922226
100184,RSN18280,80,18280, RRX,4.2,36.3905,-117.8695,8.829,185.77,372,34.8753,-116.9968,14.88,14.93,-0.000384624,-0.001406052,0.000384833,0.000163789,0.273549026,0.162155499,87.56359645,5.179664862,6.161345296,0.13962634,821.5348782,2.348289568,3.653667955,123.2302317,CI,RRX,0.89,507,-0.309617149,-0.084162364,0.008462229,-0.225454785,CI.RRX,507,-0.309617149,4.117599964,682.3309937,3.888880014,-0.3096171493180373,507,617.7598573481293,459.81596668838915,546.9921062743648,436.4582105030996
100184,RSN16555,80,16555, RRX,3.61,34.2449,-117.4464,12.48,81.2,372,34.8753,-116.9968,14.55,14.63,-0.000492368,-0.003632957,0.000397171,0.000173023,0.13552825,0.158072654,81.83380456,5.179664862,6.262058538,0.06981317,425.8421358,2.845679476,9.147085261,63.87632037,CI,RRX,0.89,340,0.089948237,-0.084162364,0.008462229,0.174110601,CI.RRX,340,0.089948237,4.117599964,682.3309937,3.888880014,0.08994823666293872,340,353.70040638750135,315.9133064501847,354.0065565099732,326.9969027357925
100194,RSN9897,82,9897, FUR,4.59,34.9977,-119.1926,10.662,266.45,433,36.4672,-116.8632,9.4,9.62,0.000434415,0.001317815,0.000309843,0.000127316,0.329647795,0.160638369,87.91189921,5.179664862,6.221029194,0.157079633,986.6529741,3.4121006,4.253170154,147.9979461,CI,FUR,-999.0,595,-0.317823678,-0.233518182,-0.140893589,-0.084305495,CI.FUR,595,-0.317823678,8.073479652,-42.94779968,5.473599911,-0.31782367754314045,595,595.6582076186083,529.1761068318588,574.3708980248341,522.155483419851
100194,RSN12885,82,12885, FUR,4.11,36.0312,-117.7658,4.03,94.46,433,36.4672,-116.8632,21.8,21.92,0.000407275,0.001538627,0.000126063,6.56e-05,0.264700371,0.168228003,88.13392663,5.179664862,5.941161117,0.122173048,766.2944958,6.208460366,12.20522279,114.9441744,CI,FUR,-999.0,484,-0.111347179,-0.233518182,-0.140893589,0.122171004,CI.FUR,484,-0.111347179,8.073479652,-42.94779968,5.473599911,-0.11134717871414246,484,487.745169941988,426.40411080859656,454.55760014063736,418.15000169960234
100194,RSN18013,82,18013, FUR,5.0,36.3864,-117.8583,7.408,89.69,433,36.4672,-116.8632,11.4,11.53,0.002227212,0.007017166,0.002271511,0.000489223,0.317394764,0.163197727,85.83517644,5.179664862,6.11135504,0.157079633,938.3669122,4.552549655,3.08920626,140.7550368,CI,FUR,-999.0,568,-0.271383691,-0.233518182,-0.140893589,-0.037865508,CI.FUR,568,-0.271383691,8.073479652,-42.94779968,5.473599911,-0.271383690718662,568,511.7938677719184,489.6194839166112,481.0206744918535,475.9122978493769
100195,RSN10439,83,10439, GRA,4.45,34.1081,-117.3062,14.795,320.47,386,36.9961,-117.3662,15.62,15.76,0.000194851,0.000549316,8.97e-05,3.75e-05,0.354715236,0.158239399,87.52381465,5.179664862,6.313637877,0.174532925,1072.543619,5.196026667,6.123924192,160.8815429,CI,GRA,0.145362,625,-0.48191428,-0.263488365,-0.170863772,-0.218425915,CI.GRA,90,1.456027699,4.468639851,697.4530029,9.097610474,1.456027699134566,90,81.51873232737275,82.74232856797711,97.54566893652878,92.1987776359632
100195,RSN17990,83,17990, GRA,3.67,36.403,-117.8749,7.11,79.99,386,36.9961,-117.3662,14.09,14.23,0.000385533,0.001621183,2.2e-05,1.38e-05,0.237809838,0.163334545,85.52097692,5.179664862,6.103705693,0.122173048,713.5268725,27.93717391,73.69013636,107.0290309,CI,GRA,0.145362,461,-0.177560674,-0.263488365,-0.170863772,0.085927692,CI.GRA,461,-0.177560674,4.468639851,697.4530029,9.097610474,-0.1775606735318176,461,476.28593546687154,409.925506707774,507.5179195783144,445.21749965137974
100195,RSN18257,83,18257, GRA,4.2,36.3905,-117.8695,8.829,80.87,386,36.9961,-117.3662,10.86,11.03,-0.001983629,-0.007280291,9.65e-05,5.62e-05,0.272465609,0.16151105,84.34039522,5.179664862,6.161345296,0.13962634,821.7688926,35.29588968,75.44343005,123.2653339,CI,GRA,0.145362,507,-0.272673634,-0.263488365,-0.170863772,-0.009185269,CI.GRA,507,-0.272673634,4.468639851,697.4530029,9.097610474,-0.2726736341263525,507,504.284087857517,448.4209833392484,539.8202228664851,485.06219077908514
100195,RSN18089,83,18089, GRA,5.19,36.4034,-117.8499,9.418,78.7,386,36.9961,-117.3662,14.9,14.99,-0.000609107,-0.002824558,0.000628934,0.000283134,0.215646797,0.160770029,83.76093497,5.179664862,6.183223963,0.104719755,659.2136783,2.151302917,4.491024495,98.88205175,CI,GRA,0.145362,436,-0.121804874,-0.263488365,-0.170863772,0.141683492,CI.GRA,436,-0.121804874,4.468639851,697.4530029,9.097610474,-0.12180487388420325,436,403.7292224976282,388.4220724878411,457.1964544725159,427.0131208904888
100278,RSN9281,94,9281, SNCC,5.03,35.3852,-118.6292,7.3,250.99,541,33.2479,-119.5244,10.6,10.8375,0.000180457,0.000277856,4.43e-05,3.44e-05,0.649462897,0.163649538,88.55065696,5.179664862,6.108664217,0.296705973,1738.909227,5.245843023,6.27214447,260.8363841,CI,SNCC,6.697955,763,-0.343838752,-0.223899145,-0.131274551,-0.119939608,CI.SNCC,626,-0.145931092,3.930330038,266.0889893,2.341279984,-0.14593109225361722,626,750.5558987759117,579.4343286416016,709.3479809855976,554.7850232243029
100278,RSN13767,94,13767, SNCC,3.88,34.3922,-118.6127,7.9,152.43,541,33.2479,-119.5244,50.4625,50.5375,0.000136332,0.000422779,0.00014869,6.75e-05,0.322466001,0.163159775,87.3836685,5.179664862,6.122572788,0.157079633,952.2093665,2.019733333,2.843358666,142.831405,CI,SNCC,6.697955,575,-0.060950762,-0.223899145,-0.131274551,0.162948383,CI.SNCC,575,-0.060950762,3.930330038,266.0889893,2.341279984,-0.06095076195086957,575,693.2062301293662,534.6620383144862,601.5681023753859,500.67247878743996
100278,RSN16191,94,16191, SNCC,3.64,33.8455,-118.7007,12.777,101.22,541,33.2479,-119.5244,31.2,31.2625,-0.000289041,-0.000795462,0.000200803,4.38e-05,0.363362594,0.158455649,83.28321544,5.179664862,6.267598776,0.174532925,1094.256877,6.599109589,3.961404959,164.1385316,CI,SNCC,6.697955,631,-0.153886584,-0.223899145,-0.131274551,0.070012561,CI.SNCC,518,0.043444037,3.930330038,266.0889893,2.341279984,0.04344403658699836,518,523.1032000393817,476.45383057723427,495.90319255254195,438.76506517217405
100278,RSN9987,94,9987, SNCC,4.59,34.9977,-119.1926,10.662,196.49,541,33.2479,-119.5244,9.8,10.1,0.001043034,0.002132555,0.000160588,4.95e-05,0.489100614,0.160548148,87.16338743,5.179664862,6.221029194,0.226892803,1404.349193,21.07139394,13.27966598,210.652379,CI,SNCC,6.697955,736,-0.30781084,-0.223899145,-0.131274551,-0.083911695,CI.SNCC,604,-0.110154919,3.930330038,266.0889893,2.341279984,-0.11015491908833397,604,644.1395891675488,569.9680185593941,621.0366643156494,521.9952024158436
100278,RSN13458,94,13458, SNCC,3.9,34.4032,-118.651,13.612,151.52,541,33.2479,-119.5244,6.775,7.0,-0.000173811,-0.000439647,3.57e-05,3.44e-05,0.395341346,0.15862977,85.19387513,5.179664862,6.281821568,0.191986218,1180.417665,5.052645349,12.31504202,177.0626498,CI,SNCC,6.697955,654,-0.189688073,-0.223899145,-0.131274551,0.034211072,CI.SNCC,537,0.007421184,3.930330038,266.0889893,2.341279984,0.007421184337616182,537,560.2514593323042,494.18393315021086,539.6684377920475,455.2487710970107
100278,RSN10289,94,10289, SNCC,4.34,35.0174,-119.1492,9.557,199.31,541,33.2479,-119.5244,14.4,14.625,-0.000505565,-0.000866814,0.000110911,4.82e-05,0.5832452,0.161453225,87.52537833,5.179664862,6.187968323,0.261799388,1615.517557,10.48890041,7.815401538,242.3276336,CI,SNCC,6.697955,721,-0.287219858,-0.223899145,-0.131274551,-0.063320714,CI.SNCC,592,-0.090087356,3.930330038,266.0889893,2.341279984,-0.09008735603752438,592,692.6865789701458,554.4093993551154,673.605605762992,515.842746972891
100282,RSN11428,95,11428, PASC,4.73,33.7328,-117.4921,10.018,80.45,714,34.1714,-118.1852,26.2,26.36,-0.000651642,-0.000819784,3.67e-05,2.4e-05,0.794894631,0.1601798,83.48776658,5.179664862,6.202702587,0.331612558,2055.351004,27.15175,22.33743869,308.3026506,CI,PASC,10.46789333,868,-0.195308752,-0.149843307,-0.057218713,-0.045465446,CI.PASC,872,-0.199906462,35.96979904,367.8280029,12.48719978,-0.1999064615693955,872,758.4976889162408,773.3394976896116,722.5339070857997,800.4171506699366
100282,RSN13335,95,13335, PASC,4.2,34.3768,-117.6461,8.934,54.62,714,34.1714,-118.1852,15.68,15.78,-0.000203603,-0.000353343,6.41e-06,5.64e-06,0.576217506,0.160406238,81.48615136,5.179664862,6.165471616,0.261799388,1611.10307,36.0998227,55.12371295,241.6654605,CI,PASC,10.46789333,720,-0.00836825,-0.149843307,-0.057218713,0.141475057,CI.PASC,723,-0.01252626,35.96979904,367.8280029,12.48719978,-0.012526259819180652,723,739.7858779472131,696.2028179343071,693.0836991002215,713.3843216471141
100282,RSN10766,95,10766, PASC,4.66,34.2983,-118.6255,8.038,42.94,714,34.1714,-118.1852,10.25,10.38,0.000218427,0.000248603,5.66e-06,3.98e-06,0.878616494,0.160871717,80.25962207,5.179664862,6.126524324,0.366519143,2195.378311,54.88115578,43.92279152,329.3067467,CI,PASC,10.46789333,913,-0.245852918,-0.149843307,-0.057218713,-0.096009612,CI.PASC,917,-0.25022451,35.96979904,367.8280029,12.48719978,-0.2502245099168805,917,758.7425130676892,819.2109263608595,749.1474640779492,850.052950699753
100325,RSN11275,103,11275, SMR,4.39,35.6421,-120.9543,5.902,42.74,847,35.377,-120.6125,14.44,14.61,0.054854667,0.089993449,6.53e-05,3.19e-05,0.609540673,0.163755283,83.18202504,5.179664862,6.063488731,0.27925268,1652.558925,1719.582038,1378.15389,247.8838388,CI,SMR,-999.0,734,0.143191666,0.168038928,0.260663522,-0.024847262,CI.SMR,734,0.143191666,9.207229614,340.428009,4.764039993,0.14319166603753963,734,701.2598423247631,641.788609583963,647.6338808677372,617.8886466231688
100325,RSN8858,103,8858, SMR,5.39,33.9465,-117.7667,14.89,305.33,847,35.377,-120.6125,24.47,24.89,0.002578163,0.005730122,0.000104349,3.21e-05,0.44993154,0.158149585,87.38393007,5.179664862,6.31653763,0.20943951,1326.300629,80.31660436,54.91305139,198.9450944,CI,SMR,-999.0,710,0.176435725,0.168038928,0.260663522,0.008396796,CI.SMR,710,0.176435725,9.207229614,340.428009,4.764039993,0.17643572461669343,710,699.2969421854881,692.3571175825676,734.9968066959578,661.0919815264608
100325,RSN11225,103,11225, SMR,4.42,34.0665,-118.8938,12.827,214.29,847,35.377,-120.6125,21.66,21.93,1.58e-05,4.01e-05,5.8e-06,2.16e-06,0.392589156,0.159282315,86.82186827,5.179664862,6.268505043,0.191986218,1168.461136,7.314814815,6.913793103,175.2691704,CI,SMR,-999.0,649,0.266267978,0.168038928,0.260663522,0.09822905,CI.SMR,649,0.266267978,9.207229614,340.428009,4.764039993,0.2662679779479644,649,637.2069291428783,600.1182012192164,656.761117662513,571.5501778468677
100325,RSN10530,103,10530, SMR,4.45,34.1081,-117.3062,14.795,333.89,847,35.377,-120.6125,17.3,17.66,0.000348186,0.000541454,1.94e-05,1.99e-05,0.64305682,0.15825074,87.62066001,5.179664862,6.313637877,0.27925268,1778.707914,17.49678392,27.91,266.8061871,CI,SMR,-999.0,777,0.086260344,0.168038928,0.260663522,-0.081778584,CI.SMR,777,0.086260344,9.207229614,340.428009,4.764039993,0.08626034428440743,777,763.2374399702956,705.7769217387903,755.0652851252887,678.8730140726799
100345,RSN18998,109,18998, PMPB,3.81,35.6791,-121.1053,4.962,65.57,308,36.2159,-120.8013,21.15,21.23,-0.000506542,-0.002820391,0.000229412,5.56e-05,0.179600117,0.165907959,86.45755387,5.179664862,6.015921757,0.087266463,534.7777247,9.110467626,12.29399944,80.21665871,NC,PMPB,-999.0,389,-0.233479561,-0.253455769,-0.160831176,0.019976209,NC.PMPB,389,-0.233479561,6.045380116,778.3729858,6.695789814,-0.23347956064487185,389,401.4982027628872,365.68685830017597,377.19379680907923,357.1907683836473
100345,RSN18467,109,18467, PMPB,4.48,35.9278,-120.4785,9.525,43.21,308,36.2159,-120.8013,24.6,24.79,0.005995635,0.02906932,1.16e-05,5.68e-05,0.20625302,0.158402023,78.52619719,5.179664862,6.186889166,0.104719755,641.1259158,105.5569542,2505.975862,96.16888737,NC,PMPB,-999.0,430,-0.333685426,-0.253455769,-0.160831176,-0.080229656,NC.PMPB,430,-0.333685426,6.045380116,778.3729858,6.695789814,-0.3336854257140338,430,413.3356717519866,398.95903203825867,395.8429222320373,396.91067357427045
100345,RSN19032,109,19032, PMPB,3.67,35.7257,-121.0955,7.298,60.52,308,36.2159,-120.8013,18.18,18.28,-0.000281498,-0.002042035,8.06e-05,2.56e-05,0.13785145,0.162778492,83.906991,5.179664862,6.108613539,0.06981317,420.489406,10.99601563,25.33542184,63.0734109,NC,PMPB,-999.0,337,-0.089983147,-0.253455769,-0.160831176,0.163472622,NC.PMPB,337,-0.089983147,6.045380116,778.3729858,6.695789814,-0.08998314737878754,337,349.3297143995813,332.53689194597234,338.5481061933163,332.4166696470125
100345,RSN14106,109,14106, PMPB,3.8,35.632,-120.7532,6.775,64.93,308,36.2159,-120.8013,37.81,37.9,-0.000704579,-0.003161425,0.000323942,0.000160921,0.222867472,0.163405599,84.76252393,5.179664862,6.094190843,0.104719755,669.2984012,4.378415496,9.759231591,100.3947602,NC,PMPB,-999.0,440,-0.356674944,-0.253455769,-0.160831176,-0.103219175,NC.PMPB,440,-0.356674944,6.045380116,778.3729858,6.695789814,-0.35667494393873245,440,449.6004817887599,403.4856240000601,410.33103818299185,387.3296632029546
100356,RSN11955,110,11955, PHL,4.27,34.3874,-119.4398,6.219,151.75,384,35.4077,-120.5456,14.3125,14.5375,0.000222028,0.00022696,6.41e-06,6.25e-06,0.978272522,0.164488183,88.00729269,5.179664862,6.075787581,0.383972435,2293.955276,35.52448,35.40717629,344.0932914,CI,PHL,4.276666667,945,-0.900542375,-0.918401194,-0.8257766,0.017858819,CI.PHL,633,-0.49982787,3.069080114,387.6669922,3.995280027,-0.49982786955644887,633,489.48147525501497,516.9563035181947,600.5477131964508,523.8724707553246
100356,RSN10773,110,10773, PHL,4.66,34.2983,-118.6255,8.038,214.43,384,35.4077,-120.5456,17.0,17.2,0.00034967,0.000451155,0.00011968,9.52e-05,0.775055494,0.163135654,88.10750686,5.179664862,6.126524324,0.331612558,1985.30443,3.673004202,3.769677473,297.7956645,CI,PHL,4.276666667,845,-0.788694075,-0.918401194,-0.8257766,0.129707119,CI.PHL,566,-0.387951526,3.069080114,387.6669922,3.995280027,-0.3879515256154562,566,590.2128763723047,485.3154007748929,587.1866293446527,470.8586849588533
100356,RSN14666,110,14666, PHL,3.9,35.3429,-118.5645,9.906,180.16,384,35.4077,-120.5456,23.0625,23.1875,9.68e-05,6.88e-05,2.02e-05,1.74e-05,1.407610254,0.161108126,87.13566827,5.179664862,6.199256899,0.471238898,2844.115456,5.563218391,3.405940594,426.6173184,CI,PHL,4.276666667,1115,-1.065967131,-0.918401194,-0.8257766,-0.147565938,CI.PHL,746,-0.664083048,3.069080114,387.6669922,3.995280027,-0.6640830476160335,746,487.8159465583277,619.2043694966402,584.3851751994899,622.2639456515565
100361,RSN18456,111,18456, PAGB,3.45,35.8887,-120.4353,8.049,24.25,473,35.7307,-120.2499,22.26,22.3,-0.000262621,-0.001389691,0.000232588,4.07e-05,0.18897784,0.156046264,72.96083648,5.179664862,6.12705915,0.087266463,597.2716177,6.452604423,5.974904122,89.59074266,NC,PAGB,8.69501,414,0.133229415,0.049513515,0.142138109,0.083715899,NC.PAGB,414,0.133229415,20.99570084,479.0830078,7.364409924,0.13322941466661842,414,426.4391223054254,400.35286306971364,409.8537290310465,396.27558388463365
100361,RSN15078,111,15078, PAGB,3.56,36.0672,-120.1861,14.523,37.78,473,35.7307,-120.2499,19.94,20.02,-0.000725389,-0.00309905,0.000163876,6.91e-05,0.234068068,0.148471652,69.41186891,5.179664862,6.305125515,0.122173048,773.2433987,10.49767004,18.91094486,115.9865098,NC,PAGB,8.69501,487,-0.029168735,0.049513515,0.142138109,-0.07868225,NC.PAGB,487,-0.029168735,20.99570084,479.0830078,7.364409924,-0.029168734590657053,487,491.14236881912905,447.319410074506,453.0788857325627,425.4569202410062
100361,RSN20286,111,20286, PAGB,3.9,37.5893,-118.8176,11.872,242.77,473,35.7307,-120.2499,4.8,5.01,9.04e-05,0.000304608,2.32e-05,4.85e-06,0.296729013,0.159842359,87.41702215,5.179664862,6.249807686,0.13962634,898.636287,18.63917526,13.12965517,134.7954431,NC,PAGB,8.69501,546,-0.143523587,0.049513515,0.142138109,-0.193037103,NC.PAGB,546,-0.143523587,20.99570084,479.0830078,7.364409924,-0.14352358725297254,546,583.6658406136312,497.2460880933018,508.96812897852203,468.25554371757875
100361,RSN12065,111,12065, PAGB,4.05,35.7241,-121.0951,7.275,76.47,473,35.7307,-120.2499,22.2,22.4,-0.000168669,-0.001025433,2.73e-05,7.06e-06,0.164485386,0.163148914,85.21739195,5.179664862,6.108028485,0.087266463,499.3055931,23.8907932,37.56164835,74.89583897,NC,PAGB,8.69501,373,0.237516969,0.049513515,0.142138109,0.188003453,NC.PAGB,373,0.237516969,20.99570084,479.0830078,7.364409924,0.23751696884811668,373,379.52378203529463,346.37736634863097,359.622236186125,343.5464226761894
100376,RSN15882,113,15882, PSM,3.6,35.492,-120.7845,4.912,66.22,560,36.0688,-120.5962,13.32,13.4,-0.000232211,-0.001868592,0.000123985,6.71e-05,0.124270648,0.166002656,86.50214745,5.179664862,6.012777814,0.06981317,372.3500836,3.460670641,15.07111344,55.85251254,NC,PSM,-999.0,311,0.588143872,0.060134419,0.152759012,0.528009453,NC.PSM,311,0.588143872,8.348790169,964.5969849,26.01779938,0.5881438715499607,311,328.155901452467,302.40638446046904,403.1275060816386,335.1804850577232
100376,RSN18526,113,18526, PSM,3.3,35.9396,-120.4864,10.321,17.42,560,36.0688,-120.5962,21.17,21.24,0.000836065,0.001710332,0.000102373,0.000159904,0.488831965,0.139105041,59.77652639,5.179664862,6.21162714,0.226892803,1620.104225,5.228543376,16.70686607,243.0156338,NC,PSM,-999.0,723,-0.255472438,0.060134419,0.152759012,-0.315606857,NC.PSM,723,-0.255472438,8.348790169,964.5969849,26.01779938,-0.2554724384295701,723,716.1394693216839,675.6993364334829,731.9574580522667,698.289123324862
100376,RSN18538,113,18538, PSM,3.4,35.9513,-120.5082,9.77,15.26,560,36.0688,-120.5962,40.9,40.95,0.012140716,0.027604151,0.001761725,0.002496586,0.439814872,0.136797293,57.93579535,5.179664862,6.194959903,0.20943951,1504.270051,4.862927213,15.66881948,225.6405077,NC,PSM,-999.0,771,-0.31975159,0.060134419,0.152759012,-0.379886009,NC.PSM,771,-0.31975159,8.348790169,964.5969849,26.01779938,-0.31975158983413454,771,752.9996016951262,725.112197193209,786.6735434157093,751.4983012239517
100376,RSN14107,113,14107, PSM,3.8,35.632,-120.7532,6.775,50.5,560,36.0688,-120.5962,33.03,33.1,-0.004516639,-0.019953179,0.000823117,0.000769226,0.226361863,0.162962795,83.27829088,5.179664862,6.094190843,0.104719755,681.1370463,5.871667104,24.24099976,102.1705569,NC,PSM,-999.0,446,0.227617832,0.060134419,0.152759012,0.167483413,NC.PSM,446,0.227617832,8.348790169,964.5969849,26.01779938,0.2276178317091304,446,450.4178746745324,410.7400466467049,532.7138209577233,446.72084096147637
100385,RSN17283,116,17283, PMD,3.53,34.2894,-116.8271,6.278,82.39,786,33.6479,-116.3777,25.02,25.08,-8.76e-05,-0.000133736,1.26e-05,9.43e-06,0.655276727,0.164181828,86.27184919,5.179664862,6.07791863,0.296705973,1744.424047,9.289501591,10.61396825,261.6636071,CI,PMD,-999.0,765,0.027080959,-0.045160485,0.047464109,0.072241443,CI.PMD,765,0.027080959,19.11720085,316.875,7.515870094,0.02708095860267079,765,741.3950271015171,627.8685308932933,685.1949906196456,654.8300293334304
100385,RSN10501,116,10501, PMD,4.45,34.1081,-117.3062,14.795,99.92,786,33.6479,-116.3777,16.58,16.8,0.028021836,0.017951974,8.61e-05,6.31e-05,1.560933414,0.156841021,81.98738824,5.179664862,6.313637877,0.506145483,3063.137172,444.086149,208.5014402,459.4705758,CI,PMD,-999.0,1180,-0.406312925,-0.045160485,0.047464109,-0.36115244,CI.PMD,1180,-0.406312925,19.11720085,316.875,7.515870094,-0.40631292503050354,1180,706.0009927638298,776.6364063064239,883.5985865593552,847.9699377769351
100385,RSN12632,116,12632, PMD,4.11,33.5089,-116.8485,12.274,46.35,786,33.6479,-116.3777,13.91,13.97,0.003642621,0.00354114,0.000297002,0.000306043,1.02865782,0.155003647,75.93499991,5.179664862,6.258050482,0.401425728,2511.848591,11.90231765,11.92295001,376.7772887,CI,PMD,-999.0,1013,-0.253714712,-0.045160485,0.047464109,-0.208554227,CI.PMD,1013,-0.253714712,19.11720085,316.875,7.515870094,-0.2537147118194767,1013,664.6728769932598,713.455199917285,852.6731641012283,784.3245881226622
100385,RSN15184,116,15184, PMD,3.9,33.867,-117.1038,11.856,71.53,786,33.6479,-116.3777,17.75,17.81,0.000725539,0.004252115,0.000477826,6.04e-05,0.170630127,0.158123374,81.18447123,5.179664862,6.24946745,0.087266463,533.8885843,12.0122351,8.898877416,80.08328765,CI,PMD,-999.0,389,0.703377449,-0.045160485,0.047464109,0.748537933,CI.PMD,389,0.703377449,19.11720085,316.875,7.515870094,0.7033774488107607,389,387.13502067298197,345.6740151870071,388.30435124202245,363.21489711478813
100385,RSN17759,116,17759, PMD,3.63,32.7081,-116.029,7.885,109.19,786,33.6479,-116.3777,32.75,32.86,-0.000512018,-0.000412115,1.96e-05,2.77e-05,1.242415229,0.163001442,86.31833312,5.179664862,6.12225391,0.453785606,2653.59216,18.48440433,21.02627551,398.038824,CI,PMD,-999.0,1057,-0.296233193,-0.045160485,0.047464109,-0.251072709,CI.PMD,1057,-0.296233193,19.11720085,316.875,7.515870094,-0.29623319344103116,1057,786.4045875079912,733.0481825063252,871.9179513656012,802.8360427811783
100386,RSN16960,117,16960, PLC,3.63,34.1242,-116.405,9.555,34.69,346,33.8244,-116.512,13.55,13.59,-0.004190631,-0.026782796,0.003642416,0.000835154,0.156467276,0.156434442,75.46644875,5.179664862,6.187901101,0.06981317,495.306609,5.017794323,7.353030516,74.29599135,CI,PLC,0.396666667,372,-0.072455079,0.065877002,0.158501596,-0.138332082,CI.PLC,372,-0.072455079,0.868066013,129.1329956,0.829178989,-0.07245507921542149,372,392.93686481039833,341.9415437398049,345.29744479076146,334.1335415936529
100386,RSN14560,117,14560, PLC,3.78,34.0294,-116.7534,14.93,31.86,346,33.8244,-116.512,19.5,19.55,-0.003417477,-0.019584898,0.003486009,0.001063166,0.174495543,0.144377658,65.80300224,5.179664862,6.317747533,0.087266463,597.579859,3.214434058,5.618143269,89.63697885,CI,PLC,0.396666667,414,-0.179427199,0.065877002,0.158501596,-0.245304201,CI.PLC,414,-0.179427199,0.868066013,129.1329956,0.829178989,-0.1794271987675895,414,414.2868020493163,379.91091626486883,382.1947478273965,370.116276009158
100386,RSN17675,117,17675, PLC,3.47,33.8029,-116.1786,7.366,30.96,346,33.8244,-116.512,19.35,19.38,0.004568692,0.036848676,0.008539541,0.00064877,0.123985253,0.159851439,77.61896723,5.179664862,6.110319177,0.06981317,385.8038192,7.04208271,4.315065177,57.87057288,CI,PLC,0.396666667,319,0.081247672,0.065877002,0.158501596,0.01537067,CI.PLC,319,0.081247672,0.868066013,129.1329956,0.829178989,0.08124767227288032,319,333.0642856719268,298.2522446492511,294.46015029825577,290.096016092533
100386,RSN8257,117,8257, PLC,4.92,33.5083,-116.5143,15.2,35.14,346,33.8244,-116.512,18.74,18.8,-0.073974467,-0.819302351,0.01690899,0.001266148,0.090289583,0.14587294,67.3322889,5.179664862,6.325747735,0.052359878,308.6485229,58.42481843,48.453654,46.29727844,CI,PLC,0.396666667,274,0.233310669,0.065877002,0.158501596,0.167433666,CI.PLC,274,0.233310669,0.868066013,129.1329956,0.829178989,0.23331066866965422,274,296.3718662374164,286.1782388083315,271.05921686745376,277.9199859873526
100386,RSN12859,117,12859, PLC,4.02,33.7129,-116.0516,12.808,44.41,346,33.8244,-116.512,21.58,21.63,0.001852618,0.020520825,0.000829543,0.000468249,0.090279886,0.153841408,74.6448101,5.179664862,6.268161535,0.052359878,292.6303886,3.95648042,24.73750607,43.89455829,CI,PLC,0.396666667,265,0.266708949,0.065877002,0.158501596,0.200831947,CI.PLC,265,0.266708949,0.868066013,129.1329956,0.829178989,0.26670894907150267,265,309.98481687284936,286.1784309441088,277.0812497850671,276.1756917173593
100395,RSN19405,120,19405, TA2,3.43,34.1381,-117.4717,5.767,33.07,586,34.382,-117.6782,21.9,21.96,-0.0020055,-0.015538119,0.000937401,7.55e-05,0.129069688,0.163159406,81.25786547,5.179664862,6.057771424,0.06981317,393.2339712,26.56291391,16.575744,58.98509568,CI,TA2,3.9829,323,0.595667466,0.329491476,0.42211607,0.26617599,CI.TA2,323,0.595667466,18.78919983,2190.179932,14.25450039,0.5956674663543557,323,338.6711544679914,318.7320193998929,337.84121079601624,340.00011098853116
100395,RSN9417,120,9417, TA2,4.88,34.0655,-117.0011,17.501,71.59,586,34.382,-117.6782,15.3,15.39,-0.002125695,-0.011452525,0.000750093,4.08e-05,0.185609325,0.152465067,76.73589583,5.179664862,6.383907006,0.087266463,600.7670163,52.10036765,15.26814008,90.11505245,CI,TA2,3.9829,416,0.342634529,0.329491476,0.42211607,0.013143053,CI.TA2,416,0.342634529,18.78919983,2190.179932,14.25450039,0.3426345293157489,416,483.9893339814269,415.6838131091825,426.6913064816978,427.41866647742
100395,RSN16655,120,16655, TA2,3.69,33.735,-117.4936,9.693,73.76,586,34.382,-117.6782,9.6,9.63,-0.000176474,-0.001250091,0.000432463,7.65e-05,0.141168973,0.160322149,83.11565287,5.179664862,6.192470162,0.06981317,437.0088417,2.306849673,2.890631106,65.55132626,CI,TA2,3.9829,345,0.529775373,0.329491476,0.42211607,0.200283896,CI.TA2,345,0.529775373,18.78919983,2190.179932,14.25450039,0.529775372545652,345,356.47480568469524,334.4414550468253,358.8065361609664,356.3336406672031
100395,RSN14422,120,14422, TA2,4.14,34.8632,-116.3444,6.474,133.46,586,34.382,-117.6782,20.1,20.19,-0.000247848,-0.000682113,0.000123795,7.73e-05,0.363353957,0.164206096,87.62532204,5.179664862,6.084678138,0.174532925,1055.914085,3.206313066,5.510020599,158.3871128,CI,TA2,3.9829,620,-0.056399688,0.329491476,0.42211607,-0.385891165,CI.TA2,402,0.376867701,18.78919983,2190.179932,14.25450039,0.37686770095799105,402,467.4784989155604,380.59226489310066,431.8514707426091,404.88812331763273
100395,RSN16030,120,16030, TA2,3.73,35.6346,-117.5657,2.693,139.34,586,34.382,-117.6782,35.16,35.22,-3.59e-05,-8.67e-05,2.68e-05,1.09e-05,0.413675597,0.168393329,89.29199403,5.179664862,5.93802414,0.191986218,1156.394804,3.293577982,3.235074627,173.4592206,CI,TA2,3.9829,646,-0.097479714,0.329491476,0.42211607,-0.42697119,CI.TA2,419,0.33544887,18.78919983,2190.179932,14.25450039,0.33544886965487475,419,470.93851239041834,394.00328440321096,444.45443828326705,419.5154886187725
100395,RSN17534,120,17534, TA2,3.62,33.9521,-116.3635,9.067,130.26,586,34.382,-117.6782,22.23,22.34,9.98e-05,0.000626735,2.22e-05,1.12e-05,0.159223781,0.161744114,86.42167472,5.179664862,6.170551665,0.087266463,487.9342351,8.910714286,28.23130631,73.19013527,CI,TA2,3.9829,368,0.465236851,0.329491476,0.42211607,0.135745375,CI.TA2,368,0.465236851,18.78919983,2190.179932,14.25450039,0.4652368514080809,368,428.3387807203891,353.49000225974777,400.2847835932257,365.12667713922446
100395,RSN17300,120,17300, TA2,3.53,34.2894,-116.8271,6.278,78.99,586,34.382,-117.6782,25.35,25.42,0.00078519,0.003042582,0.000573738,7.35e-05,0.258066916,0.164144844,86.07876835,5.179664862,6.07791863,0.122173048,766.8979439,10.68285714,5.303086078,115.0346916,CI,TA2,3.9829,485,0.189170899,0.329491476,0.42211607,-0.140320578,CI.TA2,485,0.189170899,18.78919983,2190.179932,14.25450039,0.18917089863952885,485,500.33708889318154,438.8966412985272,481.2936774387019,472.80462071488483
100395,RSN17110,120,17110, TA2,3.52,34.2098,-116.4371,4.645,115.85,586,34.382,-117.6782,30.58,30.73,0.000310021,0.001314637,3.6e-05,2.57e-05,0.235822927,0.166731771,88.16866674,5.179664862,5.994593769,0.122173048,693.4537061,12.06307393,36.51769444,104.0180559,CI,TA2,3.9829,451,0.26185245,0.329491476,0.42211607,-0.067639026,CI.TA2,451,0.26185245,18.78919983,2190.179932,14.25450039,0.26185245007433355,451,491.6920832753382,406.9924828154659,458.75670276845324,439.27124117393464
100395,RSN15136,120,15136, TA2,3.78,34.1353,-117.4476,5.857,34.64,586,34.382,-117.6782,23.44,23.49,0.000193118,0.00183496,5.54e-05,2.31e-05,0.105243597,0.163214139,81.6272161,5.179664862,6.061617088,0.052359878,321.0787574,8.36008658,33.12202166,48.16181361,CI,TA2,3.9829,281,0.73496512,0.329491476,0.42211607,0.405473644,CI.TA2,281,0.73496512,18.78919983,2190.179932,14.25450039,0.7349651202432668,281,294.3636131634269,290.5466623473732,296.1767761521282,310.83335417219797
100403,RSN19249,122,19249, BBGB,3.17,36.6767,-121.301,4.82,25.8,285,36.5785,-121.0396,41.5,41.54,-0.001286186,-0.004941004,0.001025134,0.000332163,0.260308552,0.164408808,80.95628381,5.179664862,6.006787029,0.122173048,771.9039272,3.87215313,4.819861599,115.7855891,NC,BBGB,-999.0,487,-0.535774943,-0.469534877,-0.376910283,-0.066240066,NC.BBGB,487,-0.535774943,19.65169907,1062.589966,9.263990402,-0.5357749428139389,487,491.77536450669203,448.698985408579,511.2471322036815,450.1692208389183
100403,RSN18527,122,18527, BBGB,3.43,35.9148,-120.4658,7.18,89.91,285,36.5785,-121.0396,41.45,41.49,3.05e-05,0.00010785,3.76e-05,9.54e-06,0.283154463,0.163382556,85.98286899,5.179664862,6.105567046,0.13962634,841.938281,3.19706499,2.868351064,126.2907422,NC,BBGB,-999.0,516,-0.593617585,-0.469534877,-0.376910283,-0.124082709,NC.BBGB,516,-0.593617585,19.65169907,1062.589966,9.263990402,-0.593617585212912,516,526.8294657469877,464.6145644035292,563.6332848955107,469.3080447435912
100403,RSN19207,122,19207, BBGB,3.5,36.6973,-121.3339,5.677,29.44,285,36.5785,-121.0396,21.45,21.5,-0.001613244,-0.008462836,0.002218623,0.000320302,0.190626879,0.162928676,80.51710564,5.179664862,6.053782917,0.087266463,576.8608223,5.036634176,3.814454281,86.52912335,NC,BBGB,-999.0,406,-0.353863979,-0.469534877,-0.376910283,0.115670897,NC.BBGB,406,-0.353863979,19.65169907,1062.589966,9.263990402,-0.3538639793330818,406,415.1838735786972,387.49364225502114,438.69511352885917,385.5976875122566
100403,RSN14966,122,14966, BBGB,3.7,35.6371,-120.7559,6.53,107.54,285,36.5785,-121.0396,16.18,16.23,-4.41e-05,-0.00021334,8.13e-05,1.86e-05,0.206750502,0.16407426,87.01359738,5.179664862,6.086524027,0.104719755,620.3938319,2.370967742,2.624108241,93.05907479,NC,BBGB,-999.0,423,-0.394882999,-0.469534877,-0.376910283,0.074651878,NC.BBGB,423,-0.394882999,19.65169907,1062.589966,9.263990402,-0.3948829987776268,423,435.13473205120494,390.8905866305797,468.2949392114754,392.2020768831922
100429,RSN8754,126,8754, RAMR,5.45,37.4317,-121.7767,7.486,215.18,300,35.636,-120.8698,18.12,18.41,-0.002251018,-0.01128927,0.000616852,0.000126274,0.199394476,0.163503483,88.25584212,5.179664862,6.113244097,0.104719755,601.2637368,17.82645675,18.301424,90.18956052,BK,RAMR,0.6844795,416,-0.326902786,-0.386309912,-0.293685319,0.059407127,BK.RAMR,416,-0.326902786,14.27700043,431.9190063,7.236629963,-0.32690278560506236,416,501.65208207099397,397.9039693529237,436.32008650003,384.7000799542139
100429,RSN15081,126,15081, RAMR,3.56,36.0672,-120.1861,14.523,78.12,300,35.636,-120.8698,19.98,20.06,-0.000117905,-0.000484134,2.55e-05,3.75e-05,0.243537742,0.156210377,80.03910264,5.179664862,6.305125515,0.122173048,763.0554067,3.144133333,18.98564706,114.458311,BK,RAMR,0.6844795,483,-0.476234179,-0.386309912,-0.293685319,-0.089924267,BK.RAMR,483,-0.476234179,14.27700043,431.9190063,7.236629963,-0.4762341789963713,483,491.0805187569555,429.48193613905545,434.26576442730556,402.08946932887704
100429,RSN14108,126,14108, RAMR,3.8,35.632,-120.7532,6.775,10.57,300,35.636,-120.8698,28.62,28.72,0.091834787,0.584537881,0.000735552,0.000885032,0.157106647,0.138104296,57.31306346,5.179664862,6.094190843,0.06981317,563.284965,103.764369,794.6928035,84.49274475,BK,RAMR,0.6844795,401,-0.290178953,-0.386309912,-0.293685319,0.09613096,BK.RAMR,401,-0.290178953,14.27700043,431.9190063,7.236629963,-0.2901789526503684,401,403.325166461908,407.2765169258949,405.3759913138242,403.91558756156184
100429,RSN18424,126,18424, RAMR,3.72,35.86,-120.4076,9.04,48.64,300,35.636,-120.8698,21.05,21.13,0.000879902,0.003495984,0.000224903,2.64e-05,0.251689279,0.159766066,80.29272422,5.179664862,6.169533303,0.122173048,769.6005287,33.32962121,15.54440803,115.4400793,BK,RAMR,0.6844795,486,-0.482426149,-0.386309912,-0.293685319,-0.096116237,BK.RAMR,486,-0.482426149,14.27700043,431.9190063,7.236629963,-0.4824261492442927,486,482.4258761899721,441.7458099665504,434.60562301523237,414.53500323090685
100429,RSN18513,126,18513, RAMR,3.4,36.0805,-120.1706,12.646,80.13,300,35.636,-120.8698,20.35,20.45,-0.000107706,-0.000355129,2.93e-05,4.38e-05,0.303285616,0.157905533,81.61398687,5.179664862,6.265188729,0.13962634,928.1181545,2.459041096,12.12044369,139.2177232,BK,RAMR,0.6844795,562,-0.627719375,-0.386309912,-0.293685319,-0.241409463,BK.RAMR,562,-0.627719375,14.27700043,431.9190063,7.236629963,-0.6277193752374899,562,559.3570299690281,496.7871389868565,477.3016089842291,455.4832351312539
100429,RSN19021,126,19021, RAMR,3.9,35.6721,-121.0963,5.807,20.9,300,35.636,-120.8698,21.26,21.33,-0.000872069,-0.007323907,0.000413402,9.88e-05,0.119071535,0.159989219,75.80209476,5.179664862,6.059497783,0.052359878,370.0224404,8.826609312,17.71618667,55.50336606,BK,RAMR,0.6844795,310,-0.032789823,-0.386309912,-0.293685319,0.35352009,BK.RAMR,310,-0.032789823,14.27700043,431.9190063,7.236629963,-0.032789822822991255,310,320.1217107813495,326.5894409350752,318.1843861788964,331.48938752755754
100429,RSN18521,126,18521, RAMR,3.48,35.8309,-120.3782,6.939,49.45,300,35.636,-120.8698,20.65,20.72,0.000675081,0.002692159,0.000203347,3.22e-05,0.250758342,0.162721053,82.94668801,5.179664862,6.098979266,0.122173048,752.9930573,20.96524845,13.23923638,112.9489586,BK,RAMR,0.6844795,479,-0.467918123,-0.386309912,-0.293685319,-0.08160821,BK.RAMR,479,-0.467918123,14.27700043,431.9190063,7.236629963,-0.467918122754714,479,484.8558877266584,438.37632987403987,431.7999874829662,410.96067366598953
100452,RSN18047,134,18047, RCT,4.5,36.3915,-117.8683,9.117,123.84,282,36.3052,-119.2438,10.67,10.82,0.008545547,0.046019592,0.001395475,0.001429802,0.185693682,0.161653603,86.19356204,5.179664862,6.172420506,0.087266463,566.8678937,5.976734541,32.97772586,85.03018406,CI,RCT,3.7,402,-0.354545018,-0.356168493,-0.263543899,0.001623475,CI.RCT,402,-0.354545018,5.659100056,108.0770035,0.161065996,-0.3545450176809073,402,403.1310524578528,372.0894790752825,352.52763435417074,352.515103226938
100452,RSN18187,134,18187, RCT,4.08,36.3983,-117.8495,7.662,125.58,282,36.3052,-119.2438,10.8,10.9,0.000721735,0.003909779,0.001164321,0.000161988,0.18459726,0.163234112,86.92469468,5.179664862,6.117348091,0.087266463,558.1731387,4.455484357,3.357990623,83.72597081,CI,RCT,3.7,399,-0.347054346,-0.356168493,-0.263543899,0.009114147,CI.RCT,399,-0.347054346,5.659100056,108.0770035,0.161065996,-0.3470543459517499,399,464.23159772775085,374.197936991856,379.1065226050977,352.8555869363366
100452,RSN9769,134,9769, RCT,4.69,35.0172,-119.0247,9.251,144.28,282,36.3052,-119.2438,8.5,8.69,-0.001611656,-0.008486225,0.000302358,0.000148191,0.18991437,0.16161363,86.69773499,5.179664862,6.177322679,0.087266463,579.4561065,10.87553225,28.06681153,86.91841598,CI,RCT,3.7,407,-0.366906115,-0.356168493,-0.263543899,-0.010737622,CI.RCT,407,-0.366906115,5.659100056,108.0770035,0.161065996,-0.36690611450448074,407,465.953579497443,382.1100142770041,391.0818989055185,359.184567890677
100458,RSN17929,136,17929, MDPB,4.04,36.3911,-117.8665,9.439,175.0,580,37.6323,-119.0794,12.45,12.72,3.74e-05,0.000489813,1.1e-05,1.37e-06,0.076258853,0.16151688,87.20730569,5.179664862,6.183950287,0.034906585,235.5310357,27.29927007,44.52845455,35.32965536,NC,MDPB,4.121806667,227,0.938078086,0.704825117,0.79744971,0.233252969,NC.MDPB,227,0.938078086,13.47599983,2372.969971,5.602079868,0.9380780860590621,227,289.0156730452183,322.12722584672804,301.32446708767384,304.80216124706214
100458,RSN18218,136,18218, MDPB,4.36,36.3932,-117.8644,8.798,174.94,580,37.6323,-119.0794,12.5,12.57,-3.48e-05,-0.000300236,0.000108841,2.87e-06,0.116007697,0.162170183,87.41913142,5.179664862,6.160106881,0.052359878,355.7789671,12.12543554,2.758482557,53.36684507,NC,MDPB,4.121806667,301,0.655917839,0.704825117,0.79744971,-0.048907278,NC.MDPB,301,0.655917839,13.47599983,2372.969971,5.602079868,0.6559178387915896,301,357.80022618803963,297.26601961299525,345.9026770472471,308.6494391831661
100458,RSN18104,136,18104, MDPB,5.19,36.4034,-117.8499,9.418,174.85,580,37.6323,-119.0794,11.63,11.77,-0.000365045,-0.002279665,0.000481261,0.000111922,0.160130863,0.161536806,87.2142442,5.179664862,6.183223963,0.087266463,491.2746474,3.26160183,4.736857963,73.69119711,NC,MDPB,4.121806667,370,0.449525098,0.704825117,0.79744971,-0.255300019,NC.MDPB,370,0.449525098,13.47599983,2372.969971,5.602079868,0.4495250979021952,370,390.7162576655117,348.6212699210888,394.99388335932485,352.8703001915917
100458,RSN18267,136,18267, MDPB,4.2,36.3905,-117.8695,8.829,174.89,580,37.6323,-119.0794,11.92,11.99,6.16e-05,0.000640058,7.58e-05,1.14e-05,0.096248184,0.162136278,87.40888545,5.179664862,6.161345296,0.052359878,295.8521559,5.403508772,8.444036939,44.37782339,NC,MDPB,4.121806667,267,0.775779445,0.704825117,0.79744971,0.070954328,NC.MDPB,267,0.775779445,13.47599983,2372.969971,5.602079868,0.7757794451402154,267,335.27289138191617,284.3871306172771,319.84312741906297,289.57365538342816
100522,RSN17543,140,17543, SMV,3.37,34.0531,-118.8243,10.415,25.27,260,34.2709,-118.7441,19.63,19.72,-0.001548493,-0.021145052,0.000417766,0.000232022,0.073231917,0.149804955,68.58033662,5.179664862,6.214284019,0.034906585,243.9200919,6.673905923,50.61458328,36.58801379,CI,SMV,1.013574333,233,0.109643177,-0.179620587,-0.086995994,0.289263764,CI.SMV,233,0.109643177,2.530819893,277.7080078,1.301259995,0.10964317744982743,233,332.0041456683846,369.62674851871844,294.281007531033,328.60170602010004
100522,RSN8430,140,8430, SMV,4.92,34.31,-116.848,6.3,174.24,260,34.2709,-118.7441,18.95,19.04,-0.003299754,-0.028571822,0.006752863,0.001035396,0.115489815,0.164430774,88.23504898,5.179664862,6.078701489,0.052359878,349.341876,3.186948762,4.231067919,52.4012814,CI,SMV,1.013574333,297,-0.133050508,-0.179620587,-0.086995994,0.046570079,CI.SMV,297,-0.133050508,2.530819893,277.7080078,1.301259995,-0.1330505077871722,297,346.90310975132667,303.4884779304202,308.94296884455537,285.1470321089763
100522,RSN13457,140,13457, SMV,3.9,34.4032,-118.651,13.612,16.99,260,34.2709,-118.7441,19.68,19.83,0.004865558,0.035780116,0.000421001,0.000191147,0.135984967,0.125019459,51.75305435,5.179664862,6.281821568,0.06981317,540.2098525,25.45453499,84.98819718,81.03147788,CI,SMV,1.013574333,391,-0.408025929,-0.179620587,-0.086995994,-0.228405342,CI.SMV,391,-0.408025929,2.530819893,277.7080078,1.301259995,-0.40802592896983825,391,391.3120899884537,409.73775901456196,370.4536583779141,384.81101664137867
100522,RSN9986,140,9986, SMV,4.59,34.9977,-119.1926,10.662,90.51,260,34.2709,-118.7441,7.7,7.91,0.00211093,0.012033203,0.000671439,0.000191183,0.175425491,0.159806154,83.80413195,5.179664862,6.221029194,0.087266463,542.6786535,11.04141059,17.92151335,81.40179803,CI,SMV,1.013574333,392,-0.410580209,-0.179620587,-0.086995994,-0.230959622,CI.SMV,392,-0.410580209,2.530819893,277.7080078,1.301259995,-0.4105802087749346,392,385.1355088943751,383.4398444325532,345.70894500750086,352.8848169963842
100522,RSN10809,140,10809, SMV,4.66,34.2983,-118.6255,8.038,11.34,260,34.2709,-118.7441,18.84,18.9,-0.017939486,-0.216047683,0.012590459,0.000621069,0.083034844,0.133480145,54.86211705,5.179664862,6.126524324,0.034906585,310.1608957,28.88485176,17.15963517,46.52413436,CI,SMV,1.013574333,275,-0.056089467,-0.179620587,-0.086995994,0.12353112,CI.SMV,275,-0.056089467,2.530819893,277.7080078,1.301259995,-0.056089466651044084,275,330.5694674531325,394.2382226774868,306.7680656410632,361.58765384001765
100543,RSN17416,145,17416, BBR,3.73,35.2675,-117.3498,7.92,118.23,356,34.2623,-116.9208,33.47,33.53,-0.000224257,-0.00081855,6.84e-05,3.44e-05,0.273968308,0.163028914,86.58605634,5.179664862,6.122995859,0.13962634,818.2999892,6.519098837,11.96710526,122.7449984,CI,BBR,0.933333333,506,-0.351605938,0.470744315,0.563368909,-0.822350254,CI.BBR,506,-0.351605938,4.674680233,2075.679932,6.031939983,-0.3516059384354353,506,537.9410814111457,460.64060489110864,444.1514704737917,429.1634788697278
100543,RSN19358,145,19358, BBR,3.43,34.1381,-117.4717,5.767,52.61,356,34.2623,-116.9208,26.21,26.29,0.000280176,0.004912846,0.000136795,3.56e-05,0.057029164,0.164360781,84.660045,5.179664862,6.057771424,0.034906585,173.3117792,7.87011236,35.9139296,25.99676688,CI,BBR,0.933333333,180,0.68197388,0.470744315,0.563368909,0.211229565,CI.BBR,180,0.68197388,4.674680233,2075.679932,6.031939983,0.68197387996182,180,294.56558676522195,265.6827371458682,261.707446140532,243.72077869300125
100543,RSN16863,145,16863, BBR,3.6,34.2088,-117.5824,7.536,61.24,356,34.2623,-116.9208,12.52,12.61,0.000320049,0.004439229,0.000170917,8.61e-05,0.072095687,0.162585677,83.78309333,5.179664862,6.114431914,0.034906585,221.2768446,3.7171777,25.97301029,33.19152669,CI,BBR,0.933333333,217,0.495033377,0.470744315,0.563368909,0.024289062,CI.BBR,217,0.495033377,4.674680233,2075.679932,6.031939983,0.4950333773115707,217,341.1431973568677,317.94946904827754,306.6938498085365,291.2122496386514
100543,RSN10396,145,10396, BBR,4.45,34.1081,-117.3062,14.795,39.43,356,34.2623,-116.9208,15.38,15.46,-0.001373567,-0.025169707,0.000778015,6.98e-05,0.054572214,0.148880483,70.04777057,5.179664862,6.313637877,0.034906585,183.1143642,19.67861032,32.35118475,27.46715463,CI,BBR,0.933333333,187,0.643822114,0.470744315,0.563368909,0.173077799,CI.BBR,187,0.643822114,4.674680233,2075.679932,6.031939983,0.6438221139974436,187,268.14749439997274,251.31159049147882,250.59506825287954,241.10661130776543
100543,RSN14526,145,14526, BBR,3.78,34.0294,-116.7534,14.93,30.1,356,34.2623,-116.9208,19.61,19.67,0.000450125,-0.011838103,6.46e-05,6.35e-05,0.038023399,0.142677712,64.34293882,5.179664862,6.317747533,0.017453293,133.1733279,7.088582677,183.2523684,19.97599919,CI,BBR,0.933333333,147,0.884498144,0.470744315,0.563368909,0.413753829,CI.BBR,147,0.884498144,4.674680233,2075.679932,6.031939983,0.8844981440732944,147,216.1940050962022,204.35586041513113,208.0572177910905,196.29856330944972
