SSN,File.name,Code,RSN,SID,Mw,E.Lat,E.Long,E.Dep,EpiD,Vs30_mea,S.Lat,S.Long,p.ver,peak.time,Ur,Uz,max.noise.ver.05,max.noise.rad.05,U.ratio,ray.p,i2.angle,Vp_1,Vp_2,j.angle,Vsz,SNRrad,SNRver,z_0.15,network,station,f0,Vs30_est,Res,y_bar,eta,within_res,station2,Vs30_f0,Res_f0,slope,mean_ele_500m,slope_500m,log_res,P-wave_pred,Set1_pred,Set2_pred,Set3_pred,Set4_pred
1351,RSN1951,5,1951,13929,4.92,33.5083,-116.5143,15.2,65.92,503,33.649,-117.205,4.58,4.6,0.013662115,0.016909889,0.006138521,0.002215037,0.807936389,0.154330971,77.49015185,5.179664862,6.325747735,0.331612558,2155.600389,6.167894712,2.754717138,323.3400584,CE,13929,7.184183333,901,-0.582915088,-0.580605638,-0.487981045,-0.002309449,CE.13929,763,-0.416667861,1.941050053,487.243988,2.926919937,-0.41666786118471766,763,703.0116797253419,659.4239794281639,723.9311966461289,682.6024001779789
1351,RSN11527,5,11527,13929,4.73,33.7328,-117.4921,10.018,28.2,503,33.649,-117.205,21.75,21.785,0.008833822,0.014812484,0.002248369,0.000547137,0.596376841,0.152916155,71.53068059,5.179664862,6.202702587,0.261799388,1734.697277,16.14553942,6.588101864,260.2045916,CE,13929,7.184183333,762,-0.415356386,-0.580605638,-0.487981045,0.165249253,CE.13929,645,-0.248660147,1.941050053,487.243988,2.926919937,-0.2486601466960332,645,604.9703162945677,598.9274818785342,608.3306599108265,601.9208164430175
1351,RSN10593,5,10593,13929,4.45,34.1081,-117.3062,14.795,51.78,503,33.649,-117.205,18.8,18.89,-0.023438044,-0.021218101,0.000507133,0.000449873,1.104624955,0.152682695,74.5758191,5.179664862,6.313637877,0.41887902,2656.689032,52.09924579,41.83932223,398.5033548,CE,13929,7.184183333,1058,-0.743545442,-0.580605638,-0.487981045,-0.162939804,CE.13929,896,-0.577350243,1.941050053,487.243988,2.926919937,-0.5773502428751911,896,763.2435422428811,754.8725358574684,853.0225817222006,795.5465429557474
1592,RSN16013,7,16013,-999,3.73,35.6346,-117.5657,2.693,143.29,726,34.8294,-116.335,36.08,36.33,0.000118602,0.000294744,1.03e-05,1.53e-05,0.402390633,0.168394048,89.31207735,5.179664862,5.93802414,0.191986218,1129.142565,7.751764706,28.61592233,169.3713848,,,-1.0,640,0.126081838,0.103498702,0.196123295,0.022583137,NA.NA,640,0.126081838,44.26279831,898.9589844,9.174039841,0.12608183847107846,640,762.9615473596525,683.9825485590819,818.7598397121276,701.475580263326
1592,RSN14590,7,14590,-999,4.11,35.6211,-117.5805,9.045,143.43,726,34.8294,-116.335,39.99,40.09,0.000213611,0.001516939,4.06e-05,1.21e-05,0.140817422,0.161822348,86.75737805,5.179664862,6.169722379,0.06981317,431.9001847,17.65380165,37.36302956,64.78502771,,,-1.0,343,0.749819568,0.103498702,0.196123295,0.646320866,NA.NA,343,0.749819568,44.26279831,898.9589844,9.174039841,0.7498195676588564,343,366.47650325683054,390.4272478826416,386.61068355860357,397.1247083004201
1592,RSN12691,7,12691,-999,4.34,35.8373,-117.678,6.864,165.57,726,34.8294,-116.335,25.01,25.13,0.000140563,0.000960378,1.71e-05,1.22e-05,0.146361817,0.163915136,87.95219892,5.179664862,6.096821743,0.06981317,442.8302046,11.52155738,56.16245614,66.42453069,,,-1.0,348,0.735347535,0.103498702,0.196123295,0.631848833,NA.NA,348,0.735347535,44.26279831,898.9589844,9.174039841,0.7353475350503214,348,409.05461160521037,390.5874408770201,404.1248864217355,397.2483697763501
1592,RSN8219,7,8219,-999,4.92,33.5083,-116.5143,15.2,147.82,726,34.8294,-116.335,26.3,26.5,-0.003064116,-0.003293982,0.000370207,0.000354905,0.930216542,0.157341639,84.44486918,5.179664862,6.325747735,0.366519143,2321.460886,8.633623082,8.897676165,348.2191329,,,-1.0,953,-0.272064889,0.103498702,0.196123295,-0.375563591,NA.NA,953,-0.272064889,44.26279831,898.9589844,9.174039841,-0.27206488882940594,953,926.8550281665441,907.2078024197109,993.3040235002009,956.3768125409725
1592,RSN14238,7,14238,-999,3.94,32.7219,-116.8133,20.237,237.92,726,34.8294,-116.335,25.95,26.06,-2.71e-05,-6.08e-05,7.5e-06,2.6e-06,0.445965928,0.154755732,85.33996833,5.179664862,6.440435438,0.20943951,1345.352857,10.42307692,8.106666667,201.8029286,,,-1.0,716,0.013869848,0.103498702,0.196123295,-0.089628854,NA.NA,716,0.013869848,44.26279831,898.9589844,9.174039841,0.013869847864150131,716,1049.3040300227578,772.1916014302919,1076.411372089722,861.7129695107656
1592,RSN14729,7,14729,-999,3.84,34.2268,-117.4407,8.593,121.55,726,34.8294,-116.335,20.95,21.03,4.71e-05,0.000116053,2.25e-05,6.26e-06,0.406227975,0.16223288,86.37943632,5.179664862,6.151676073,0.191986218,1181.676041,7.523961661,5.157911111,177.2514062,,,-1.0,655,0.102914779,0.103498702,0.196123295,-0.000583923,NA.NA,655,0.102914779,44.26279831,898.9589844,9.174039841,0.10291477918954417,655,752.6661529742765,667.5401633142124,805.8096496099495,695.8767463329677
1592,RSN18015,7,18015,-999,5.0,36.3864,-117.8583,7.408,221.12,726,34.8294,-116.335,11.18,11.24,4.71e-05,0.000218673,3.43e-05,1.85e-05,0.215608623,0.16355983,88.323988,5.179664862,6.11135504,0.104719755,647.8599628,2.545945946,6.375306122,97.17899442,,,-1.0,432,0.519124427,0.103498702,0.196123295,0.415625725,NA.NA,432,0.519124427,44.26279831,898.9589844,9.174039841,0.5191244265806851,432,417.2743693357231,450.8195197522625,459.0041701349037,456.0813922072132
1592,RSN13241,7,13241,-999,4.19,34.3571,-116.8418,9.486,70.05,726,34.8294,-116.335,12.38,12.47,-0.002350667,-0.0068097,0.000204123,9.05e-06,0.345193954,0.160422411,82.88659866,5.179664862,6.185563454,0.174532925,1032.53807,259.7422099,33.36076777,154.8807105,,,-1.0,613,0.169185079,0.103498702,0.196123295,0.065686377,NA.NA,613,0.169185079,44.26279831,898.9589844,9.174039841,0.16918507888858425,613,725.3207412730028,635.2967106086589,739.8236329802689,666.4376178363401
1592,RSN17257,7,17257,-999,3.53,34.2894,-116.8271,6.278,75.02,726,34.8294,-116.335,26.68,26.78,-0.000325428,-0.000736611,5.61e-06,8.97e-06,0.441791556,0.164101647,85.8646325,5.179664862,6.07791863,0.20943951,1258.730323,36.27959866,131.3032086,188.8095485,,,-1.0,685,0.058131177,0.103498702,0.196123295,-0.045367525,NA.NA,685,0.058131177,44.26279831,898.9589844,9.174039841,0.058131176562570275,685,733.7088647988609,685.7001348508795,769.2685499453652,712.5985643875192
1592,RSN16795,7,16795,-999,3.87,34.1402,-116.7627,11.324,85.96,726,34.8294,-116.335,14.74,14.82,0.000176751,0.000423454,2.68e-05,2.46e-05,0.417403003,0.159121346,82.99321538,5.179664862,6.237577418,0.191986218,1233.232771,7.185,15.80052239,184.9849157,,,-1.0,675,0.072837324,0.103498702,0.196123295,-0.030661378,NA.NA,675,0.072837324,44.26279831,898.9589844,9.174039841,0.07283732395226572,675,725.1374719096405,677.2637255924858,780.0007195447636,709.3156927411077
1592,RSN13941,7,13941,-999,3.79,34.2691,-117.4608,11.018,120.58,726,34.8294,-116.335,20.87,21.09,-0.000451952,-0.000688561,9.04e-06,6.43e-06,0.656371476,0.159943004,85.18790853,5.179664862,6.230189198,0.296705973,1792.801917,70.28802488,76.16825221,268.9202876,,,-1.0,782,-0.074304726,0.103498702,0.196123295,-0.177803428,NA.NA,782,-0.074304726,44.26279831,898.9589844,9.174039841,-0.07430472572051539,782,801.5127399194987,748.7950522123816,883.5051626924785,796.8867224186249
1592,RSN18259,7,18259,-999,4.2,36.3905,-117.8695,8.829,222.1,726,34.8294,-116.335,9.88,10.01,3.73e-05,0.000129027,4.46e-06,1.07e-05,0.289337983,0.162199545,87.9619116,5.179664862,6.161345296,0.13962634,865.2084883,3.485981308,28.92982063,129.7812732,,,-1.0,529,0.316561583,0.103498702,0.196123295,0.213062881,NA.NA,529,0.316561583,44.26279831,898.9589844,9.174039841,0.3165615829664965,529,586.5428438863322,537.8492908335148,593.9721765626514,558.5670104829852
1592,RSN12757,7,12757,-999,4.26,33.9538,-116.3912,7.696,97.27,726,34.8294,-116.335,23.1,23.16,-0.000339154,-0.000606615,0.000162027,7.82e-05,0.559092267,0.163052842,86.01008141,5.179664862,6.118116656,0.261799388,1548.598542,4.337007673,3.743913052,232.2897813,,,-1.0,766,-0.053632155,0.103498702,0.196123295,-0.157130857,NA.NA,766,-0.053632155,44.26279831,898.9589844,9.174039841,-0.053632154915795205,766,814.2260537412582,756.9503979294119,864.6763325574708,788.383894923303
1592,RSN17500,7,17500,-999,3.62,33.9521,-116.3635,9.067,97.35,726,34.8294,-116.335,20.11,20.2,-0.000115983,-0.000246289,1.94e-05,1.49e-05,0.470921563,0.161490903,85.19664871,5.179664862,6.170551665,0.226892803,1353.426993,7.78409396,12.69530928,203.014049,,,-1.0,719,0.009688657,0.103498702,0.196123295,-0.093810045,NA.NA,719,0.009688657,44.26279831,898.9589844,9.174039841,0.009688657103748888,719,765.7103047620441,705.9862756323787,816.3667927786869,736.116297738938
1592,RSN9023,7,9023,-999,5.2,33.5328,-116.5697,15.48,145.44,726,34.8294,-116.335,20.95,21.1,-0.003391675,-0.004682369,0.000754472,0.000226709,0.724350181,0.157092152,84.25789277,5.179664862,6.333749326,0.314159265,1963.069207,14.96047797,6.206153442,294.4603811,,,-1.0,838,-0.143468086,0.103498702,0.196123295,-0.246966788,NA.NA,838,-0.143468086,44.26279831,898.9589844,9.174039841,-0.14346808565728697,838,782.238602396368,802.9529266581364,898.281657520307,867.5744230870937
1592,RSN18091,7,18091,-999,5.19,36.4034,-117.8499,9.418,222.11,726,34.8294,-116.335,12.55,12.63,-4.79e-05,-0.000106717,3.15e-05,1.66e-05,0.449219971,0.161609664,87.80872413,5.179664862,6.183223963,0.20943951,1296.183155,2.885542169,3.38784127,194.4274733,,,-1.0,699,0.037899273,0.103498702,0.196123295,-0.065599429,NA.NA,699,0.037899273,44.26279831,898.9589844,9.174039841,0.03789927259098569,699,921.7681052845413,734.4876316099779,966.8266430202034,791.0950813748998
1592,RSN16825,7,16825,-999,3.49,34.309,-116.9297,9.684,79.44,726,34.8294,-116.335,10.45,10.51,0.000447665,0.001824093,0.000133799,8.76e-06,0.245417916,0.160502448,83.64723144,5.179664862,6.192176404,0.122173048,748.0633886,51.1033105,13.63308395,112.2095083,,,-1.0,476,0.422132161,0.103498702,0.196123295,0.318633459,NA.NA,476,0.422132161,44.26279831,898.9589844,9.174039841,0.42213216059337544,476,452.40225754606837,481.9953764779819,437.65502658769293,472.6279397364378
1592,RSN10070,7,10070,-999,4.18,34.3617,-118.6637,11.151,219.83,726,34.8294,-116.335,6.5,6.67,0.000158484,0.000423788,3.27e-05,9.18e-06,0.373969449,0.160251092,87.33399243,5.179664862,6.233452986,0.174532925,1109.864259,17.26405229,12.95987768,166.4796389,,,-1.0,635,0.133925016,0.103498702,0.196123295,0.030426314,NA.NA,635,0.133925016,44.26279831,898.9589844,9.174039841,0.13392501593210415,635,879.4947593574839,685.993367236356,936.9581194132388,755.4611410066057
1592,RSN8328,7,8328,-999,4.27,33.9173,-117.7758,7.0,166.65,726,34.8294,-116.335,10.3,10.55,0.000653785,0.001130951,0.000102579,3.22e-05,0.578084235,0.163807474,87.91743472,5.179664862,6.100695365,0.261799388,1581.553122,20.30388199,11.02517084,237.2329683,,,-1.0,734,-0.010959014,0.103498702,0.196123295,-0.114457716,NA.NA,734,-0.010959014,44.26279831,898.9589844,9.174039841,-0.010959013789719307,734,879.3955669409174,768.4640676936423,993.1864443575173,811.888093762021
1592,RSN9355,7,9355,-999,4.88,34.0655,-117.0011,17.501,104.54,726,34.8294,-116.335,13.0,13.12,-0.002092937,-0.003807435,0.000481575,8.36e-05,0.54969731,0.154671615,80.89833336,5.179664862,6.383907006,0.244346095,1605.512329,25.03513158,7.906213985,240.8268494,,,-1.0,718,0.011080446,0.103498702,0.196123295,-0.092418256,NA.NA,718,0.011080446,44.26279831,898.9589844,9.174039841,0.011080445776571857,718,939.7666604469008,725.5503482631563,879.8699758130412,775.3366402358246
1592,RSN17084,7,17084,-999,3.52,34.2098,-116.4371,4.645,69.37,726,34.8294,-116.335,24.76,24.85,0.000365149,0.000793139,3.61e-05,6.49e-06,0.460384929,0.166577835,86.93171413,5.179664862,5.994593769,0.20943951,1283.586827,56.2633282,21.97060942,192.5380241,,,-1.0,694,0.045078054,0.103498702,0.196123295,-0.058420648,NA.NA,694,0.045078054,44.26279831,898.9589844,9.174039841,0.04507805431799117,694,731.7141761179266,695.9774285516203,774.0469848463381,720.6385705623417
1592,RSN15527,7,15527,-999,3.68,34.7251,-116.0506,2.727,28.49,726,34.8294,-116.335,17.52,17.68,0.001090494,0.003133314,0.00011733,1.99e-05,0.348032094,0.168062743,86.34017784,5.179664862,5.93802414,0.174532925,992.8490299,54.79869347,26.70513935,148.9273545,,,-1.0,598,0.193959261,0.103498702,0.196123295,0.090460559,NA.NA,598,0.193959261,44.26279831,898.9589844,9.174039841,0.19395926087416449,598,627.7618133229439,623.1372782081673,640.3529529003772,647.164566615184
1592,RSN11388,7,11388,-999,4.73,33.7328,-117.4921,10.018,161.71,726,34.8294,-116.335,23.18,23.33,-0.000102887,-0.000222363,5.76e-05,1.38e-05,0.462697486,0.160964579,86.7740797,5.179664862,6.202702587,0.20943951,1333.896691,7.45557971,3.86046875,200.0845037,,,-1.0,712,0.019472103,0.103498702,0.196123295,-0.084026599,NA.NA,712,0.019472103,44.26279831,898.9589844,9.174039841,0.01947210341282002,712,794.1986767976765,715.0937369599372,892.3770269495384,768.1033620043602
1592,RSN16265,7,16265,-999,3.64,33.223,-116.7186,8.687,181.67,726,34.8294,-116.335,38.05,38.2,-0.000148161,-0.000179965,2.19e-05,2.07e-05,0.823275643,0.1623059,87.55463777,5.179664862,6.155594857,0.34906585,2082.353263,7.157536232,8.217579909,312.3529895,,,-1.0,877,-0.188956978,0.103498702,0.196123295,-0.292455679,NA.NA,877,-0.188956978,44.26279831,898.9589844,9.174039841,-0.18895697754738716,877,918.9111441512034,866.2825155771113,974.363542804664,913.8659494977334
1592,RSN11726,7,11726,-999,4.5,34.3365,-116.8617,8.94,72.97,726,34.8294,-116.335,12.94,13.08,-0.002605827,-0.005105863,4.03e-05,5.69e-06,0.510359732,0.161182716,83.61906869,5.179664862,6.165704274,0.244346095,1452.719834,457.9660808,126.6963524,217.9079751,,,-1.0,754,-0.037842353,0.103498702,0.196123295,-0.141341055,NA.NA,754,-0.037842353,44.26279831,898.9589844,9.174039841,-0.037842353183160427,754,781.8775491787615,735.9737582972364,837.4065947183292,771.5401640846615
1592,RSN14545,7,14545,-999,3.78,34.0294,-116.7534,14.93,96.72,726,34.8294,-116.335,19.85,19.91,-0.000126756,-0.00028677,2.38e-05,1.22e-05,0.442013253,0.156609598,81.65807647,5.179664862,6.317747533,0.20943951,1319.504474,10.38983607,12.04915966,197.9256711,,,-1.0,707,0.026519349,0.103498702,0.196123295,-0.076979353,NA.NA,707,0.026519349,44.26279831,898.9589844,9.174039841,0.02651934892822272,707,735.7430977621977,691.8924219356919,800.4508267663571,749.9133424186554
1592,RSN13531,7,13531,-999,4.06,32.7797,-117.3507,7.174,246.03,726,34.8294,-116.335,16.18,16.27,-2.95e-05,-6.07e-05,1.68e-05,8.94e-06,0.486524709,0.16373678,88.55053821,5.179664862,6.105409111,0.226892803,1371.07904,3.299776286,3.613095238,205.661856,,,-1.0,725,0.00137836,0.103498702,0.196123295,-0.102120342,NA.NA,725,0.00137836,44.26279831,898.9589844,9.174039841,0.0013783599701211457,725,1197.1474295866249,766.3383777386236,1105.2611654355835,817.3899137841773
1592,RSN13847,7,13847,-999,4.17,34.3277,-116.829,4.957,71.78,726,34.8294,-116.335,20.94,21.07,-0.003214915,-0.008687706,3.35e-05,2.77e-05,0.370053432,0.165969195,86.76459473,5.179664862,6.015610792,0.174532925,1061.722477,116.0619134,259.3345075,159.2583716,,,-1.0,622,0.154609922,0.103498702,0.196123295,0.05111122,NA.NA,622,0.154609922,44.26279831,898.9589844,9.174039841,0.15460992208561652,622,716.1317562526685,652.2460253571585,749.5042989008484,676.7010370093354
1592,RSN12404,7,12404,-999,4.27,36.1466,-118.0613,4.057,214.23,726,34.8294,-116.335,29.61,29.74,2.3e-05,0.000112059,7.73e-06,4.7e-06,0.204983758,0.168221243,89.17386293,5.179664862,5.943934512,0.104719755,600.136565,4.893617021,14.49663648,90.02048475,,,-1.0,415,0.559271495,0.103498702,0.196123295,0.455772793,NA.NA,415,0.559271495,44.26279831,898.9589844,9.174039841,0.559271494594098,415,485.8898849764404,441.1283418439139,459.8994886576303,446.42582392989556
1592,RSN10442,7,10442,-999,4.45,34.1081,-117.3062,14.795,119.85,726,34.8294,-116.335,15.42,15.66,-0.006005411,-0.008511933,0.000722021,9.78e-05,0.705528429,0.157315906,83.33200261,5.179664862,6.313637877,0.314159265,1925.231848,61.40502045,11.78903799,288.7847772,,,-1.0,826,-0.129044759,0.103498702,0.196123295,-0.232543461,NA.NA,826,-0.129044759,44.26279831,898.9589844,9.174039841,-0.12904475869618182,826,791.6955612424761,777.8859811939674,884.9047680330756,846.4626383353974
1592,RSN17663,7,17663,-999,3.47,33.8029,-116.1786,7.366,114.77,726,34.8294,-116.335,22.85,22.92,-4.46e-05,-9.56e-05,1.31e-05,9.08e-06,0.466046103,0.163398482,86.77557706,5.179664862,6.110319177,0.20943951,1321.91819,4.911894273,7.297709924,198.2877285,,,-1.0,708,0.025105921,0.103498702,0.196123295,-0.078392781,NA.NA,708,0.025105921,44.26279831,898.9589844,9.174039841,0.025105921131076236,708,770.9926217171175,701.6243792017389,828.9179977503452,733.0588839710867
1592,RSN16949,7,16949,-999,3.63,34.1242,-116.405,9.555,78.49,726,34.8294,-116.335,12.54,12.6,-0.000579033,-0.001449631,9.77e-05,1.42e-05,0.399434656,0.16061739,83.6602166,5.179664862,6.187901101,0.191986218,1176.278391,40.77697183,14.83757421,176.4417587,,,-1.0,653,0.105972886,0.103498702,0.196123295,0.002474184,NA.NA,653,0.105972886,44.26279831,898.9589844,9.174039841,0.10597288554836481,653,724.5472204896746,662.856261386132,758.7020081246799,685.2512409161657
1592,RSN13070,7,13070,-999,4.11,34.373,-117.6258,8.33,128.77,726,34.8294,-116.335,18.0,18.13,-0.000185377,-0.000439077,0.00010338,1.93e-05,0.422195747,0.162590385,86.69675079,5.179664862,6.140206558,0.191986218,1218.768829,9.605025907,4.247214161,182.8153244,,,-1.0,669,0.081765955,0.103498702,0.196123295,-0.021732747,NA.NA,669,0.081765955,44.26279831,898.9589844,9.174039841,0.081765954696567,669,847.7005578102423,707.759461459123,866.5328234303335,727.8850042988506
1592,RSN13998,7,13998,-999,4.15,33.638,-116.7082,12.649,136.56,726,34.8294,-116.335,15.28,15.41,-0.000212392,-0.000458729,2.68e-05,4.59e-06,0.463001572,0.159019776,85.06822693,5.179664862,6.265244507,0.20943951,1350.947602,46.27276688,17.11675373,202.6421403,,,-1.0,718,0.011080446,0.103498702,0.196123295,-0.092418256,NA.NA,718,0.011080446,44.26279831,898.9589844,9.174039841,0.011080445776571857,718,778.6325021797023,713.9799366304761,879.1061181181498,762.0975461062142
1592,RSN9198,7,9198,-999,5.03,35.3852,-118.6292,7.3,218.06,726,34.8294,-116.335,6.1,6.37,0.000533187,0.002057459,4.52e-05,2.27e-05,0.259148094,0.163632324,88.32934673,5.179664862,6.108664217,0.122173048,772.3238196,23.4884141,45.51900442,115.8485729,,,-1.0,487,0.399285892,0.103498702,0.196123295,0.29578719,NA.NA,487,0.399285892,44.26279831,898.9589844,9.174039841,0.3992858917422062,487,469.48179322616517,501.5642056304763,509.9060865836079,510.9677825907292
1592,RSN18210,7,18210,-999,4.36,36.3932,-117.8644,8.798,222.05,726,34.8294,-116.335,10.8,10.85,-8.18e-05,-0.000283877,3.39e-05,1.55e-05,0.288074424,0.162232965,87.96997493,5.179664862,6.160106881,0.13962634,861.5372396,5.277419355,8.373952802,129.2305859,,,-1.0,527,0.320349466,0.103498702,0.196123295,0.216850764,NA.NA,527,0.320349466,44.26279831,898.9589844,9.174039841,0.3203494662834334,527,557.9239872876832,533.4706733772933,581.577018691665,556.7401649399717
1592,RSN16102,7,16102,-999,3.58,33.827,-117.0296,15.131,128.26,726,34.8294,-116.335,26.32,26.46,-0.000336604,-0.000674022,1.85e-05,1.29e-05,0.499395746,0.157164613,83.650945,5.179664862,6.323730411,0.226892803,1459.07153,26.09333333,36.43362162,218.8607295,,,-1.0,756,-0.040491361,0.103498702,0.196123295,-0.143990063,NA.NA,756,-0.040491361,44.26279831,898.9589844,9.174039841,-0.04049136135473752,756,833.2107728136967,759.0654621161576,905.8045575232898,815.3360080066441
1592,RSN8799,7,8799,-999,5.39,33.9465,-117.7667,14.89,164.09,726,34.8294,-116.335,21.0,21.21,-0.001724868,-0.003387746,0.000598498,0.000151794,0.509149304,0.157742887,85.12932278,5.179664862,6.31653763,0.226892803,1476.59129,11.36321594,5.660413234,221.4886935,,,-1.0,762,-0.048396541,0.103498702,0.196123295,-0.151895243,NA.NA,762,-0.048396541,44.26279831,898.9589844,9.174039841,-0.048396540861850745,762,790.6363460803825,756.8602934434846,958.0107139644979,837.946125085211
1592,RSN16673,7,16673,-999,3.79,34.0456,-117.2248,15.927,119.36,726,34.8294,-116.335,45.67,45.77,6.21e-05,0.000163403,3.24e-05,1.21e-05,0.379949589,0.156335176,82.79037787,5.179664862,6.345939946,0.174532925,1153.647794,5.132231405,5.043302469,173.0471691,,,-1.0,646,0.116750511,0.103498702,0.196123295,0.013251809,NA.NA,646,0.116750511,44.26279831,898.9589844,9.174039841,0.11675051104219403,646,746.8476633484009,661.3873914429058,821.3798602737934,725.8347266582929
1592,RSN11305,7,11305,-999,4.78,34.1228,-116.9226,5.969,95.17,726,34.8294,-116.335,19.2,19.31,-0.004109972,-0.006483535,0.000612155,0.000236187,0.633909057,0.164612649,86.94158849,5.179664862,6.066214653,0.27925268,1692.200577,17.40134724,10.59132899,253.8300866,,,-1.0,748,-0.029852963,0.103498702,0.196123295,-0.133351665,NA.NA,748,-0.029852963,44.26279831,898.9589844,9.174039841,-0.029852963149681777,748,777.7487436875631,736.9825918308004,831.6507512566876,764.35185208282
1592,RSN17919,7,17919,-999,4.04,36.3911,-117.8665,9.439,221.99,726,34.8294,-116.335,10.43,10.51,9.75e-05,0.000333875,2.24e-05,1.65e-05,0.292061292,0.161590093,87.803263,5.179664862,6.183950287,0.13962634,876.0185077,5.909090909,14.90513393,131.4027762,,,-1.0,534,0.307154176,0.103498702,0.196123295,0.203655474,NA.NA,534,0.307154176,44.26279831,898.9589844,9.174039841,0.3071541758646008,534,586.5990250272965,542.688962401871,584.3740670641207,566.033258225081
1592,RSN15407,7,15407,-999,3.99,34.0514,-117.2429,14.998,120.04,726,34.8294,-116.335,20.54,20.67,-0.000347121,-0.000783153,4.96e-05,3.28e-05,0.443236106,0.157131372,83.23478281,5.179664862,6.319789549,0.20943951,1318.186776,10.58295732,15.789375,197.7280164,,,-1.0,707,0.026519349,0.103498702,0.196123295,-0.076979353,NA.NA,707,0.026519349,44.26279831,898.9589844,9.174039841,0.02651934892822272,707,742.3482280496349,686.2750655303638,830.7918205645502,753.8437534582939
1592,RSN12888,7,12888,-999,4.11,36.0312,-117.7658,4.03,186.17,726,34.8294,-116.335,20.95,21.13,0.000144755,0.000273,2.02e-05,9.21e-06,0.53024,0.16829445,89.05657325,5.179664862,5.941161117,0.244346095,1434.3492,15.71715527,13.51485149,215.15238,,,-1.0,747,-0.02851517,0.103498702,0.196123295,-0.132013872,NA.NA,747,-0.02851517,44.26279831,898.9589844,9.174039841,-0.02851517030802153,747,948.739882249609,784.7824581322279,1034.6384061363894,838.4461214649778
1592,RSN17464,7,17464,-999,3.59,34.0938,-117.4347,3.015,129.88,726,34.8294,-116.335,15.98,16.07,0.000107422,0.000364574,1.49e-05,1.79e-05,0.294649874,0.168385323,89.09811359,5.179664862,5.93802414,0.13962634,847.5364456,6.00122905,24.46805369,127.1304668,,,-1.0,519,0.335646132,0.103498702,0.196123295,0.23214743,NA.NA,519,0.335646132,44.26279831,898.9589844,9.174039841,0.33564613165890744,519,584.6976609595406,546.6754083707432,534.5183447076813,528.3801206761842
1592,RSN16534,7,16534,-999,3.61,34.2449,-117.4464,12.48,120.89,726,34.8294,-116.335,19.85,19.9,-2.95e-05,-9.29e-05,2.17e-05,1.04e-05,0.317357912,0.15895395,84.48969425,5.179664862,6.262058538,0.157079633,963.3177366,2.836538462,4.281105991,144.4976605,,,-1.0,582,0.221079567,0.103498702,0.196123295,0.117580865,NA.NA,582,0.221079567,44.26279831,898.9589844,9.174039841,0.22107956709335763,582,573.8915873323148,583.8270705256862,655.0829440546147,612.6935405585632
1592,RSN8394,7,8394,-999,4.92,34.31,-116.848,6.3,74.44,726,34.8294,-116.335,2.15,2.2,-0.001549194,-0.003684612,0.001508762,0.000347637,0.420449841,0.164076949,85.84745544,5.179664862,6.078701489,0.191986218,1203.455942,4.456355336,2.442142631,180.5183913,,,-1.0,663,0.090775025,0.103498702,0.196123295,-0.012723677,NA.NA,663,0.090775025,44.26279831,898.9589844,9.174039841,0.09077502463893339,663,701.3664718052212,673.0694099072012,760.2534680368975,698.7262987357616
1592,RSN15165,7,15165,-999,3.9,33.867,-117.1038,11.856,128.06,726,34.8294,-116.335,20.35,20.4,-0.000150403,-0.000277352,0.000119223,6.49e-05,0.542282436,0.159423004,85.07562944,5.179664862,6.24946745,0.244346095,1541.196983,2.317457627,2.326329651,231.1795475,,,-1.0,773,-0.062729034,0.103498702,0.196123295,-0.166227736,NA.NA,773,-0.062729034,44.26279831,898.9589844,9.174039841,-0.06272903376262651,773,831.3114620098988,771.1047060247287,924.5664582127168,812.4302010368192
1592,RSN15625,7,15625,-999,3.87,33.7513,-116.0218,8.756,123.02,726,34.8294,-116.335,22.98,23.1,0.000170671,0.000284841,2.23e-05,1.29e-05,0.599178074,0.162046909,86.33240541,5.179664862,6.158414042,0.261799388,1642.735946,13.23031008,12.77313901,246.4103919,,,-1.0,731,-0.006863445,0.103498702,0.196123295,-0.110362147,NA.NA,731,-0.006863445,44.26279831,898.9589844,9.174039841,-0.006863444924982254,731,803.1718642588756,718.3580683605409,873.1989995248729,757.6492847510023
1592,RSN15359,7,15359,-999,3.87,33.928,-116.7858,18.501,108.24,726,34.8294,-116.335,22.75,22.86,-0.000533435,-0.001175413,9.52e-05,1.89e-05,0.453827621,0.154088549,80.71091094,5.179664862,6.40467109,0.20943951,1371.116745,28.22407407,12.34677521,205.6675118,,,-1.0,725,0.00137836,0.103498702,0.196123295,-0.102120342,NA.NA,725,0.00137836,44.26279831,898.9589844,9.174039841,0.0013783599701211457,725,965.8807279900885,742.067505911919,910.8865607375868,786.9548252316214
1592,RSN10943,7,10943,-999,4.26,33.8776,-116.2019,10.062,106.29,726,34.8294,-116.335,25.21,25.31,-0.000215693,-0.000419647,3.04e-05,2.3e-05,0.513986571,0.160588486,85.06732419,5.179664862,6.204033973,0.244346095,1466.39298,9.377956522,13.80417763,219.958947,,,-1.0,759,-0.044451763,0.103498702,0.196123295,-0.147950464,NA.NA,759,-0.044451763,44.26279831,898.9589844,9.174039841,-0.0444517625708345,759,791.1882888033841,738.8887098212366,855.995369559019,773.126536988416
1592,RSN14398,7,14398,-999,4.14,34.8632,-116.3444,6.474,3.85,726,34.8294,-116.335,14.47,14.51,-0.007145952,-0.024515459,0.000892908,0.000514514,0.291487573,0.078985634,28.72473754,5.179664862,6.084678138,0.13962634,1788.922964,13.88874161,27.4557502,268.3384446,,,-1.0,780,-0.071743905,0.103498702,0.196123295,-0.175242607,NA.NA,780,-0.071743905,44.26279831,898.9589844,9.174039841,-0.07174390485884174,780,696.7274632370084,795.2637253147847,702.8815300727501,780.282245694969
3042,RSN9325,10,9325, BLA2,4.88,34.0655,-117.0011,17.501,56.41,524,34.069,-116.39,17.3,17.49,0.007241619,0.010710347,0.000536433,0.000363197,0.676133006,0.15003688,73.29980004,5.179664862,6.383907006,0.296705973,1951.985171,19.93854299,19.96586153,292.7977757,CI,BLA2,-999.0,834,-0.464741718,-0.396256054,-0.30363146,-0.068485665,CI.BLA2,834,-0.464741718,7.391310215,1259.880005,9.323880196,-0.4647417180377049,834,928.0584270951631,828.5296942146674,883.6937956060685,831.7030701362523
3042,RSN15150,10,15150, BLA2,3.9,33.867,-117.1038,11.856,69.67,524,34.069,-116.39,20.27,20.35,0.002107176,0.003141326,0.000194997,5.44e-05,0.670792079,0.158012655,80.92944144,5.179664862,6.24946745,0.296705973,1843.071925,38.73485294,16.10961194,276.4607888,CI,BLA2,-999.0,798,-0.420616913,-0.396256054,-0.30363146,-0.02436086,CI.BLA2,798,-0.420616913,7.391310215,1259.880005,9.323880196,-0.42061691312876714,798,765.6093404367513,771.7714989371269,766.6684776006099,762.746404633189
3042,RSN16090,10,16090, BLA2,3.58,33.827,-117.0296,15.131,64.93,524,34.069,-116.39,15.91,15.98,-0.000447484,-0.000706926,4.72e-05,3.56e-05,0.632999493,0.154300614,77.3577101,5.179664862,6.323730411,0.27925268,1803.396359,12.56977528,14.97724576,270.5094539,CI,BLA2,-999.0,785,-0.404192033,-0.396256054,-0.30363146,-0.00793598,CI.BLA2,785,-0.404192033,7.391310215,1259.880005,9.323880196,-0.40419203346136623,785,802.8616102337611,787.4935781947756,777.2081282687042,766.5886362996248
3042,RSN8182,10,8182, BLA2,4.92,33.5083,-116.5143,15.2,63.4,524,34.069,-116.39,22.82,22.9,-0.044306273,-0.067171536,0.002922215,0.000345875,0.659598925,0.154094168,77.09990833,5.179664862,6.325747735,0.296705973,1867.403186,128.0990907,22.986514,280.1104779,CI,BLA2,-999.0,806,-0.430592058,-0.396256054,-0.30363146,-0.034336005,CI.BLA2,806,-0.430592058,7.391310215,1259.880005,9.323880196,-0.430592058185586,806,787.5200940323657,784.6161873554462,794.0857675988395,777.9162531959804
3042,RSN9865,10,9865, BLA2,4.59,34.9977,-119.1926,10.662,277.15,524,34.069,-116.39,11.5,11.72,0.000615346,0.000818042,3.69e-05,4.45e-05,0.752218189,0.160645983,87.98776655,5.179664862,6.221029194,0.314159265,1969.072814,13.828,22.16915989,295.3609221,CI,BLA2,-999.0,840,-0.471910208,-0.396256054,-0.30363146,-0.075654154,CI.BLA2,840,-0.471910208,7.391310215,1259.880005,9.323880196,-0.4719102075163173,840,858.2557212954463,811.5866346370518,907.5364379793939,823.8764989826593
3042,RSN13180,10,13180, BLA2,4.11,33.7104,-116.0457,12.559,50.96,524,34.069,-116.39,17.06,17.12,-0.000851716,-0.002635884,8.96e-05,0.0001084,0.323123391,0.155388649,76.72670188,5.179664862,6.263559029,0.157079633,1001.680259,7.857158672,29.41834821,150.2520389,CI,BLA2,-999.0,603,-0.140425512,-0.396256054,-0.30363146,0.255830541,CI.BLA2,603,-0.140425512,7.391310215,1259.880005,9.323880196,-0.14042551240614376,603,569.6134215981496,641.0051368906156,578.5707493655794,606.9298147923068
3042,RSN8988,10,8988, BLA2,5.2,33.5328,-116.5697,15.48,61.76,524,34.069,-116.39,17.55,17.64,-0.08305987,-0.101254021,5.09e-05,8.48e-05,0.820311815,0.153478193,76.4320549,5.179664862,6.333749326,0.34906585,2197.137509,979.4795991,1989.273497,329.5706264,CI,BLA2,-999.0,914,-0.556338887,-0.396256054,-0.30363146,-0.160082834,CI.BLA2,914,-0.556338887,7.391310215,1259.880005,9.323880196,-0.5563388871331076,914,844.0665087290403,836.9126773568453,848.0656573975435,835.0181669606626
3042,RSN14530,10,14530, BLA2,3.78,34.0294,-116.7534,14.93,33.84,524,34.069,-116.39,20.14,20.2,0.00415506,0.010002485,5.16e-05,6.01e-05,0.415402728,0.145824584,67.11436034,5.179664862,6.317747533,0.191986218,1340.151063,69.13577371,193.8466085,201.0226595,CI,BLA2,-999.0,714,-0.309391278,-0.396256054,-0.30363146,0.086864775,CI.BLA2,714,-0.309391278,7.391310215,1259.880005,9.323880196,-0.30939127801854216,714,699.390496537097,750.9657970848237,692.5817649665427,718.7562162251191
3042,RSN12595,10,12595, BLA2,4.11,33.5089,-116.8485,12.274,75.25,524,34.069,-116.39,12.5,12.52,-0.000829125,-0.002145224,0.000667071,0.000306075,0.386497889,0.157971358,81.3375221,5.179664862,6.258050482,0.191986218,1162.200801,2.708894879,3.215885565,174.3301202,CI,BLA2,-999.0,648,-0.212399012,-0.396256054,-0.30363146,0.183857041,CI.BLA2,648,-0.212399012,7.391310215,1259.880005,9.323880196,-0.21239901203123246,648,704.6715584187089,681.268177421364,678.522389361865,641.9641985355719
3042,RSN8769,10,8769, BLA2,5.39,33.9465,-117.7667,14.89,127.9,524,34.069,-116.39,27.21,27.38,0.005385704,0.00636295,0.000462061,0.000277411,0.846416233,0.157361305,83.7092231,5.179664862,6.31653763,0.34906585,2185.184946,19.41416887,13.77080082,327.7777419,CI,BLA2,-999.0,910,-0.551952915,-0.396256054,-0.30363146,-0.155696862,CI.BLA2,910,-0.551952915,7.391310215,1259.880005,9.323880196,-0.5519529151898537,910,906.7407331780679,842.2553480970253,880.1694358063053,840.7821663052666
3044,RSN14495,11,14495, BLY,4.01,33.2617,-116.0659,5.761,153.16,1029,33.75,-114.524,36.97,37.12,0.012430865,0.023073498,0.003158004,0.001174953,0.538750791,0.165002335,88.19407374,5.179664862,6.057510055,0.244346095,1481.460381,10.57988277,7.3063549,222.2190572,CI,BLY,-999.0,764,0.297774947,0.291630497,0.384255091,0.006144449,CI.BLY,764,0.297774947,47.8932991,146.9880066,7.737730026,0.2977749466675288,764,867.9188567084605,1321.8288067758779,1067.1255367690774,1258.4801568202815
3044,RSN10913,11,10913, BLY,4.26,33.8776,-116.2019,10.062,155.99,1029,33.75,-114.524,20.65,20.71,9.27e-05,0.000173515,7.07e-05,3.53e-05,0.534354698,0.160907108,86.63236161,5.179664862,6.204033973,0.244346095,1509.391635,2.626062323,2.454243281,226.4087453,CI,BLY,-999.0,773,0.286063687,0.291630497,0.384255091,-0.00556681,CI.BLY,773,0.286063687,47.8932991,146.9880066,7.737730026,0.2860636872466271,773,830.7319135144055,1333.0139037012893,1070.7456061262615,1272.7512322952155
3044,RSN8989,11,8989, BLY,5.2,33.5328,-116.5697,15.48,191.3,1029,33.75,-114.524,14.61,14.75,0.001995832,0.00362756,0.000176971,5.96e-05,0.550185957,0.157427854,85.64188284,5.179664862,6.333749326,0.244346095,1578.497108,33.48711409,20.4980477,236.7745662,CI,BLY,-999.0,737,0.333754844,0.291630497,0.384255091,0.042124346,CI.BLY,737,0.333754844,47.8932991,146.9880066,7.737730026,0.3337548436447131,737,810.2604282693324,1230.4868966337856,994.2526126139676,1193.2770965537234
3044,RSN14381,11,14381, BLY,4.14,34.8632,-116.3444,6.474,208.15,1029,33.75,-114.524,25.4,25.47,0.000144945,0.000275394,0.000114407,6.8e-05,0.526319687,0.164289237,88.47784802,5.179664862,6.084678138,0.244346095,1460.703132,2.131544118,2.40714292,219.1054698,CI,BLY,-999.0,757,0.306979482,0.291630497,0.384255091,0.015348985,CI.BLY,757,0.306979482,47.8932991,146.9880066,7.737730026,0.306979482396601,757,1024.7162255101898,1378.2707909604278,1079.3367245328902,1290.9917767573168
3044,RSN15557,11,15557, BLY,4.06,32.6823,-116.088,9.762,187.83,1029,33.75,-114.524,28.83,28.88,2.5e-05,5e-05,1.26e-05,1.11e-05,0.499663965,0.161249418,87.30293139,5.179664862,6.194703173,0.226892803,1422.728347,2.252252252,3.968253968,213.4092521,CI,BLY,-999.0,743,0.325646691,0.291630497,0.384255091,0.034016194,CI.BLY,743,0.325646691,47.8932991,146.9880066,7.737730026,0.3256466911162903,743,794.5546161174233,1263.6037208654955,974.2810115503648,1211.3242843039409
3044,RSN13111,11,13111, BLY,4.06,33.2394,-116.2082,10.532,166.44,1029,33.75,-114.524,13.02,13.11,0.000105775,0.000197129,2.89e-05,1.99e-05,0.536576829,0.160568098,86.69371498,5.179664862,6.217520851,0.244346095,1517.534957,5.315326633,6.821072664,227.6302436,CI,BLY,-999.0,775,0.283479706,0.291630497,0.384255091,-0.008150791,CI.BLY,775,0.283479706,47.8932991,146.9880066,7.737730026,0.2834797064807022,775,842.1504345187914,1307.076054956531,1042.5366602816346,1261.094884480178
3044,RSN10402,11,10402, BLY,4.45,34.1081,-117.3062,14.795,260.3,1029,33.75,-114.524,16.65,16.71,0.000122428,0.000167946,2.83e-05,5.6e-05,0.728973707,0.158163104,86.95116168,5.179664862,6.313637877,0.314159265,1958.221532,2.186214286,5.934487633,293.7332298,CI,BLY,-999.0,836,0.207714123,0.291630497,0.384255091,-0.083916374,CI.BLY,836,0.207714123,47.8932991,146.9880066,7.737730026,0.20771412274934775,836,914.8305261355671,1205.7970793427087,1007.6320913986021,1227.2321905107901
3054,RSN16099,15,16099, DNR,3.58,33.827,-117.0296,15.131,46.88,361,33.567,-116.631,17.25,17.33,0.000134656,0.001133367,6.02e-05,1.71e-05,0.118810846,0.150870694,72.56655244,5.179664862,6.323730411,0.052359878,391.5392027,7.874619883,18.82669435,58.73088041,CI,DNR,-999.0,322,0.114326413,-0.162157535,-0.069532941,0.276483948,CI.DNR,322,0.114326413,7.391310215,1272.319946,5.659110069,0.114326412788472,322,374.9095658301303,352.8098783204469,388.1141318381206,369.21846063565806
3054,RSN13389,15,13389, DNR,3.9,34.4032,-118.651,13.612,208.43,361,33.567,-116.631,16.3,16.55,-6.86e-05,-0.000210166,1.89e-05,9.52e-06,0.326439255,0.158894846,86.51341931,5.179664862,6.281821568,0.157079633,988.6876505,7.205882353,11.11989418,148.3031476,CI,DNR,-999.0,596,-0.501362709,-0.162157535,-0.069532941,-0.339205174,CI.DNR,596,-0.501362709,7.391310215,1272.319946,5.659110069,-0.5013627087324695,596,635.7788636575959,519.9911197087566,610.789132617969,542.5579678835928
3054,RSN12684,15,12684, DNR,4.34,35.8373,-117.678,6.864,269.5,361,33.567,-116.631,21.4,21.45,1.47e-05,5.95e-05,2.74e-05,5.4e-06,0.246215253,0.163980636,88.74653415,5.179664862,6.096821743,0.122173048,734.4411395,2.722222222,2.171532847,110.1661709,CI,DNR,-999.0,470,-0.263854736,-0.162157535,-0.069532941,-0.101697202,CI.DNR,470,-0.263854736,7.391310215,1272.319946,5.659110069,-0.2638547363712238,470,581.4961588049406,436.36663843554106,552.5675090951237,445.8526630938629
3054,RSN17911,15,17911, DNR,4.04,36.3911,-117.8665,9.439,333.0,361,33.567,-116.631,11.1,11.15,-2.61e-05,-7.29e-05,2.79e-05,7.88e-06,0.357988974,0.161656401,88.53953366,5.179664862,6.183950287,0.174532925,1058.494134,3.312182741,2.612903226,158.7741201,CI,DNR,-999.0,621,-0.542453124,-0.162157535,-0.069532941,-0.380295589,CI.DNR,621,-0.542453124,7.391310215,1272.319946,5.659110069,-0.5424531236005983,621,1059.1441720888026,636.7202829865565,744.6228603456416,621.832178249425
3054,RSN18326,15,18326, DNR,3.05,33.5043,-116.561,11.461,9.52,361,33.567,-116.631,14.13,14.17,-0.000633154,-0.005548436,0.00015563,4.44e-05,0.114113958,0.104504533,40.70667477,5.179664862,6.240750508,0.052359878,543.2017399,14.26022523,35.65145537,81.48026099,CI,DNR,-999.0,393,-0.084931654,-0.162157535,-0.069532941,0.077225881,CI.DNR,393,-0.084931654,7.391310215,1272.319946,5.659110069,-0.08493165353638066,393,433.4428866623641,424.23250173016413,461.67037806808787,453.24679456379397
3054,RSN11372,15,11372, DNR,4.73,33.7328,-117.4921,10.018,81.97,361,33.567,-116.631,27.54,27.63,-0.000166098,-0.002010053,0.000324771,5.81e-05,0.082633683,0.160205401,83.56848316,5.179664862,6.202702587,0.034906585,257.1802401,2.858829604,6.189139424,38.57703602,CI,DNR,-999.0,243,0.395816515,-0.162157535,-0.069532941,0.55797405,CI.DNR,243,0.395816515,7.391310215,1272.319946,5.659110069,0.3958165149923323,243,345.5913927708258,314.4799544112549,344.6753566414434,318.4338795340781
3054,RSN8787,15,8787, DNR,5.39,33.9465,-117.7667,14.89,113.33,361,33.567,-116.631,25.56,25.7,0.001126973,0.006130913,0.000166563,0.000141055,0.183818148,0.157110973,82.93039724,5.179664862,6.31653763,0.087266463,577.5588338,7.989599801,36.80837281,86.63382507,CI,DNR,-999.0,407,-0.119935227,-0.162157535,-0.069532941,0.042222308,CI.DNR,407,-0.119935227,7.391310215,1272.319946,5.659110069,-0.11993522710971405,407,360.2748307975645,349.57278955442007,371.89037459684243,362.3487332447527
3054,RSN18350,15,18350, DNR,3.34,33.5022,-116.5193,11.15,12.62,361,33.567,-116.631,14.34,14.4,-0.002487305,-0.016722756,0.001539975,0.000202343,0.148737715,0.12248587,49.77434518,5.179664862,6.233428753,0.06981317,602.0263062,12.29251815,10.85910875,90.30394593,CI,DNR,-999.0,416,-0.141807302,-0.162157535,-0.069532941,0.020350233,CI.DNR,416,-0.141807302,7.391310215,1272.319946,5.659110069,-0.14180730192838276,416,412.7226675214183,409.3642235020202,429.7152661171418,422.396132256603
3054,RSN16941,15,16941, DNR,3.63,34.1242,-116.405,9.555,65.25,361,33.567,-116.631,12.27,12.34,-0.00054837,-0.001575053,5.28e-05,2.49e-05,0.348159993,0.160180952,82.38629928,5.179664862,6.187901101,0.174532925,1042.045123,22.02289157,29.83054924,156.3067685,CI,DNR,-999.0,616,-0.534369005,-0.162157535,-0.069532941,-0.37221147,CI.DNR,616,-0.534369005,7.391310215,1272.319946,5.659110069,-0.5343690052006389,616,701.2184634694961,548.1001586281645,573.4088103528437,544.5019128190398
3054,RSN16327,15,16327, DNR,3.74,34.8456,-119.2446,12.927,279.53,361,33.567,-116.631,26.87,26.99,6.58e-06,4.78e-05,8.61e-06,3.22e-06,0.137744775,0.159335542,87.54335272,5.179664862,6.270295551,0.06981317,429.2491571,2.043478261,5.551684088,64.38737357,CI,DNR,-999.0,341,0.056995481,-0.162157535,-0.069532941,0.219153016,CI.DNR,341,0.056995481,7.391310215,1272.319946,5.659110069,0.05699548104936358,341,391.89603034289536,355.3148381526503,434.42737695334375,373.64338605197776
3055,RSN18327,16,18327, DPP,3.05,33.5043,-116.561,11.461,66.34,611,32.999,-116.942,13.55,13.61,0.00017045,0.000203671,2.93e-05,3.51e-05,0.836886682,0.158201433,80.85730303,5.179664862,6.240750508,0.34906585,2158.383988,4.856125356,6.951228669,323.7575982,CI,DPP,-999.0,902,-0.389517561,-0.419009726,-0.326385133,0.029492165,CI.DPP,902,-0.389517561,2.213140011,484.9679871,5.799489975,-0.3895175608910284,902,817.2049633221804,797.9938875952492,595.0424303982087,727.791900008957
3055,RSN17371,16,17371, DPP,3.56,33.0804,-116.4826,10.835,43.85,611,32.999,-116.942,19.03,19.08,0.004652712,0.007829562,4.8e-05,0.000104188,0.594249305,0.156397394,76.82070488,5.179664862,6.225560001,0.261799388,1691.521485,44.65688947,163.115875,253.7282228,CI,DPP,-999.0,747,-0.200968226,-0.419009726,-0.326385133,0.2180415,CI.DPP,747,-0.200968226,2.213140011,484.9679871,5.799489975,-0.20096822596122177,747,728.617794097478,706.3527742451699,525.1638832078323,624.7275392065922
3055,RSN13230,16,13230, DPP,4.19,34.3571,-116.8418,9.486,150.92,611,32.999,-116.942,22.37,22.47,-0.000929605,-0.000768645,2.29e-05,1.57e-05,1.209407695,0.161405201,86.74035365,5.179664862,6.185563454,0.436332313,2636.562678,59.21050955,33.56528384,395.4844017,CI,DPP,-999.0,1052,-0.543351434,-0.419009726,-0.326385133,-0.124341708,CI.DPP,1052,-0.543351434,2.213140011,484.9679871,5.799489975,-0.5433514341260599,1052,943.1902090452319,926.5482728765495,713.9604416869488,862.7930602202204
3055,RSN16712,16,16712, DPP,3.73,33.5058,-116.7636,16.276,58.61,611,32.999,-116.942,21.65,21.78,-0.002660067,-0.00209031,1.79e-05,1.58e-05,1.272570716,0.151992878,74.99728398,5.179664862,6.3549922,0.453785606,2876.740171,168.3586709,116.777095,431.5110257,CI,DPP,-999.0,1125,-0.610441355,-0.419009726,-0.326385133,-0.19143163,CI.DPP,1125,-0.610441355,2.213140011,484.9679871,5.799489975,-0.610441355466925,1125,818.972514423837,943.1302509149052,727.5550028277206,887.6721695670167
3055,RSN10933,16,10933, DPP,4.26,33.8776,-116.2019,10.062,119.3,611,32.999,-116.942,33.4,33.52,-0.003456136,-0.003099219,0.000148267,7e-05,1.115163658,0.160712228,85.6084981,5.179664862,6.204033973,0.41887902,2536.039244,49.37337143,20.90295885,380.4058866,CI,DPP,-999.0,1021,-0.513440859,-0.419009726,-0.326385133,-0.094431133,CI.DPP,1021,-0.513440859,2.213140011,484.9679871,5.799489975,-0.5134408589930697,1021,937.9881391705661,912.527142049831,676.604519785801,832.3321706220165
3055,RSN8788,16,8788, DPP,5.39,33.9465,-117.7667,14.89,130.08,611,32.999,-116.942,29.11,29.53,-0.044895346,-0.031483761,0.001451065,0.001400032,1.425984239,0.157404751,83.85438756,5.179664862,6.31653763,0.471238898,2926.411746,32.06737132,21.69700255,438.9617619,CI,DPP,-999.0,1139,-0.622809004,-0.419009726,-0.326385133,-0.203799278,CI.DPP,1139,-0.622809004,2.213140011,484.9679871,5.799489975,-0.6228090042755863,1139,894.0143662328866,980.1469548013993,744.3669703861419,923.1138156587818
3055,RSN16942,16,16942, DPP,3.63,34.1242,-116.405,9.555,134.39,611,32.999,-116.942,13.49,13.57,-0.000387818,-0.000302063,1.3e-05,1.11e-05,1.283899883,0.161272399,86.31961617,5.179664862,6.187901101,0.453785606,2721.933824,34.93855856,23.23561538,408.2900736,CI,DPP,-999.0,1078,-0.567765792,-0.419009726,-0.326385133,-0.148756066,CI.DPP,1078,-0.567765792,2.213140011,484.9679871,5.799489975,-0.5677657922973465,1078,904.8795357346255,943.6729986683303,725.3648086301064,870.5719263161367
3055,RSN16256,16,16256, DPP,3.64,33.223,-116.7186,8.687,32.43,611,32.999,-116.942,16.87,16.93,-0.007829933,-0.010309267,0.000212187,1.38e-05,0.759504371,0.157678481,76.07339924,5.179664862,6.155594857,0.331612558,2026.845225,567.3864493,48.58576162,304.0267838,CI,DPP,-999.0,859,-0.340671963,-0.419009726,-0.326385133,0.078337763,CI.DPP,859,-0.340671963,2.213140011,484.9679871,5.799489975,-0.3406719628126593,859,774.2918845707602,769.8680100128558,574.9692202814987,704.8017918488907
3055,RSN15944,16,15944, DPP,3.64,33.8726,-117.7125,2.161,120.51,611,32.999,-116.942,34.05,34.15,-0.00013362,-0.000112093,3.72e-05,3.4e-05,1.19204789,0.168398172,89.44102278,5.179664862,5.93802414,0.436332313,2509.93034,3.93,3.013252688,376.489551,CI,DPP,-999.0,1012,-0.504586891,-0.419009726,-0.326385133,-0.085577165,CI.DPP,1012,-0.504586891,2.213140011,484.9679871,5.799489975,-0.5045868906758155,1012,983.3224122639788,931.5044880687797,699.6800601632555,838.2965535144828
3055,RSN19335,16,19335, DPP,3.09,33.9522,-117.7991,13.107,132.38,611,32.999,-116.942,13.61,13.65,-4.5e-05,-7.81e-05,2.2e-05,1.11e-05,0.575920403,0.158725585,84.71973239,5.179664862,6.273446412,0.261799388,1627.520346,4.054054054,3.55,244.1280519,CI,DPP,-999.0,726,-0.172453056,-0.419009726,-0.326385133,0.24655667,CI.DPP,726,-0.172453056,2.213140011,484.9679871,5.799489975,-0.17245305565320024,726,771.3913556305259,719.7544121350369,521.105029683006,623.5761173016093
3055,RSN17839,16,17839, DPP,3.14,33.0622,-115.8937,7.729,98.19,611,32.999,-116.942,29.43,29.5,0.000266355,0.000577959,2.39e-05,7.23e-06,0.460853818,0.163029258,85.99048181,5.179664862,6.11885537,0.20943951,1312.637704,36.84024896,24.18238494,196.8956556,CI,DPP,-999.0,705,-0.143100844,-0.419009726,-0.326385133,0.275908882,CI.DPP,705,-0.143100844,2.213140011,484.9679871,5.799489975,-0.14310084364067333,705,740.2552467693621,702.7195742726333,492.999528527094,605.632337200603
3057,RSN16259,18,16259, EML,3.64,33.223,-116.7186,8.687,38.69,805,32.891,-116.846,20.01,20.07,-0.003172855,-0.003332414,4.23e-05,1.78e-05,0.952119143,0.159057412,78.26337593,5.179664862,6.155594857,0.383972435,2336.429448,178.2502809,78.78047281,350.4644172,CI,EML,10.210785,958,-0.174005501,-0.269563321,-0.176938728,0.095557821,CI.EML,952,-0.167722757,8.073479652,181.2330017,6.086840153,-0.1677227573728013,952,872.5599274909256,795.026175363301,631.4441810871654,731.0587379016524
3057,RSN17749,18,17749, EML,3.63,32.7081,-116.029,7.885,79.17,805,32.891,-116.846,27.28,27.38,0.000374191,0.000253674,1.19e-05,1.09e-05,1.475087241,0.162689469,84.89045267,5.179664862,6.12225391,0.488692191,2880.024428,34.32944954,21.31714286,432.0036642,CI,EML,10.210785,1125,-0.334696037,-0.269563321,-0.176938728,-0.065132716,CI.EML,1118,-0.328454376,8.073479652,181.2330017,6.086840153,-0.3284543762964809,1118,895.539820569923,906.5654751164114,718.6429689758714,836.3741920644266
3057,RSN17842,18,17842, EML,3.14,33.0622,-115.8937,7.729,91.02,805,32.891,-116.846,28.15,28.22,0.000520227,0.000420615,4.34e-05,5.53e-05,1.236823546,0.16296414,85.67627896,5.179664862,6.11885537,0.453785606,2648.742941,9.407359855,9.691589862,397.3114412,CI,EML,10.210785,1055,-0.270453768,-0.269563321,-0.176938728,-0.000890447,CI.EML,1048,-0.263796587,8.073479652,181.2330017,6.086840153,-0.26379658746242374,1048,843.4632541582275,850.0478525852138,679.147191208602,786.023649887939
3057,RSN15699,18,15699, EML,3.81,32.4923,-116.8468,13.18,44.21,805,32.891,-116.846,18.65,18.71,-0.01244177,-0.011878485,1.49e-05,2.33e-05,1.047420649,0.153337451,74.18491761,5.179664862,6.274698597,0.401425728,2563.643482,533.9815451,797.2137584,384.5465223,CI,EML,10.210785,1029,-0.245500458,-0.269563321,-0.176938728,0.024062863,CI.EML,1022,-0.238674493,8.073479652,181.2330017,6.086840153,-0.23867449334508617,1022,841.3550645452292,830.9231595833872,678.7250269432825,774.2788861726175
3057,RSN15900,18,15900, EML,3.96,32.6554,-116.1347,12.336,71.58,805,32.891,-116.846,22.1,22.14,0.001994341,0.001705951,0.000546799,0.000522423,1.169049307,0.157708393,80.80121718,5.179664862,6.25927157,0.436332313,2655.262849,3.817483151,3.119886832,398.2894274,CI,EML,10.210785,1057,-0.272347708,-0.269563321,-0.176938728,-0.002784387,CI.EML,1050,-0.265703166,8.073479652,181.2330017,6.086840153,-0.26570316573300534,1050,805.5006709324591,832.1981437959098,674.6462233409378,788.4480258122894
3057,RSN16713,18,16713, EML,3.73,33.5058,-116.7636,16.276,68.62,805,32.891,-116.846,25.61,25.69,-0.000986064,-0.000857696,5.23e-05,2.99e-05,1.149665994,0.153419446,77.15611715,5.179664862,6.3549922,0.41887902,2697.006404,32.9787291,16.39954111,404.5509606,CI,EML,10.210785,1070,-0.28457165,-0.269563321,-0.176938728,-0.015008329,CI.EML,1063,-0.278008101,8.073479652,181.2330017,6.086840153,-0.2780081009233841,1063,897.5027159572198,864.2519560625977,699.372932117528,801.5034112128957
3057,RSN8209,18,8209, EML,4.92,33.5083,-116.5143,15.2,75.26,805,32.891,-116.846,24.1,24.15,-0.004387959,-0.003310823,0.001155954,0.000894352,1.325337775,0.155251543,79.1374487,5.179664862,6.325747735,0.453785606,2867.10797,4.906299757,2.864147708,430.0661955,CI,EML,10.210785,1122,-0.332025809,-0.269563321,-0.176938728,-0.062462487,CI.EML,1115,-0.325767406,8.073479652,181.2330017,6.086840153,-0.3257674064756557,1115,814.5122964412479,872.5492345307913,695.8696212130438,836.2477627352686
3057,RSN11377,18,11377, EML,4.73,33.7328,-117.4921,10.018,111.07,805,32.891,-116.846,30.35,30.57,-0.005659209,-0.004480937,0.000120919,9.7e-05,1.262952197,0.160671095,85.27046558,5.179664862,6.202702587,0.453785606,2712.123426,58.34236082,37.05734417,406.8185139,CI,EML,10.210785,1075,-0.289233663,-0.269563321,-0.176938728,-0.019670342,CI.EML,1068,-0.282700742,8.073479652,181.2330017,6.086840153,-0.2827007421015768,1068,794.4095603136848,851.60146524571,653.1960933132831,808.465853575149
3057,RSN13234,18,13234, EML,4.19,34.3571,-116.8418,9.486,162.61,805,32.891,-116.846,18.43,18.5,-0.000361012,-0.000232224,4.6e-05,4.42e-05,1.554582165,0.16144266,86.98284175,5.179664862,6.185563454,0.506145483,2971.354172,8.167692308,5.048347826,445.7031258,CI,EML,10.210785,1153,-0.359280243,-0.269563321,-0.176938728,-0.089716922,CI.EML,1145,-0.352317639,8.073479652,181.2330017,6.086840153,-0.3523176385697768,1145,1028.7286935530458,948.3523691713839,767.8185141897454,880.0926290720754
3057,RSN14306,18,14306, EML,4.19,33.4453,-116.439,8.875,72.25,805,32.891,-116.846,17.39,17.45,-0.000717965,-0.000568465,1.32e-05,1.4e-05,1.262988859,0.161265342,83.6708799,5.179664862,6.16316588,0.453785606,2702.164772,51.28321429,43.0655303,405.3247158,CI,EML,10.210785,1072,-0.286439064,-0.269563321,-0.176938728,-0.016875743,CI.EML,1065,-0.279887801,8.073479652,181.2330017,6.086840153,-0.27988780072496144,1065,837.578698254131,848.8395815350486,672.1878769708726,796.7868808569295
3057,RSN18352,18,18352, EML,3.34,33.5022,-116.5193,11.15,74.32,805,32.891,-116.846,14.3,14.38,-0.000262722,-0.000261848,5.92e-05,3.15e-05,1.003338032,0.158896774,82.0842817,5.179664862,6.233428753,0.401425728,2417.582203,8.340380952,4.423108108,362.6373305,CI,EML,10.210785,984,-0.20078362,-0.269563321,-0.176938728,0.068779702,CI.EML,978,-0.194667393,8.073479652,181.2330017,6.086840153,-0.1946673926162541,978,842.2268924489015,803.2044090625068,635.5789402606202,740.2655163769672
3057,RSN12844,18,12844, EML,4.02,33.7129,-116.0516,12.808,117.4,805,32.891,-116.846,22.9,22.97,-0.000189767,-0.000194778,4.43e-05,2.64e-05,0.974269518,0.158716235,84.18770497,5.179664862,6.268161535,0.383972435,2371.949963,7.188143939,4.396794582,355.7924945,CI,EML,10.210785,969,-0.185422334,-0.269563321,-0.176938728,0.084140987,CI.EML,963,-0.179211134,8.073479652,181.2330017,6.086840153,-0.17921113437956215,963,852.0556764708687,798.3961338949032,620.4809955810939,737.9219211422835
3063,RSN15410,20,15410, JEM,3.99,34.0514,-117.2429,14.998,123.17,501,33.081,-116.598,21.46,21.55,0.000418924,0.000370539,3.42e-05,2.98e-05,1.130581979,0.15720174,83.45463629,5.179664862,6.319789549,0.41887902,2610.485715,14.05785235,10.83447368,391.5728573,CI,JEM,-999.0,1044,-0.734208667,-0.674489071,-0.581864478,-0.059719596,CI.JEM,1044,-0.734208667,20.58799934,1314.609985,6.39854002,-0.7342086673577191,1044,948.0929992005925,850.3469086307919,694.0904442188032,816.6903671178467
3063,RSN12612,20,12612, JEM,4.11,33.5089,-116.8485,12.274,52.88,501,33.081,-116.598,13.93,14.01,-0.00232323,-0.002130054,5.47e-05,5.08e-05,1.090690348,0.156027348,77.53472891,5.179664862,6.258050482,0.41887902,2583.053669,45.73287402,38.94065814,387.4580504,CI,JEM,-999.0,1035,-0.725550605,-0.674489071,-0.581864478,-0.051061534,CI.JEM,1035,-0.725550605,20.58799934,1314.609985,6.39854002,-0.7255506046146047,1035,868.6139075953503,838.8550002738609,675.6492759667615,805.638420475273
3063,RSN9491,20,9491, JEM,4.7,33.9275,-118.3536,11.588,188.21,501,33.081,-116.598,14.2,14.42,0.001671329,0.001225986,7.52e-05,9.66e-05,1.363252569,0.159907343,86.75935464,5.179664862,6.243621422,0.471238898,2827.736451,17.30154244,16.30300532,424.1604677,CI,JEM,-999.0,1110,-0.795509193,-0.674489071,-0.581864478,-0.121020122,CI.JEM,1110,-0.795509193,20.58799934,1314.609985,6.39854002,-0.7955091932215153,1110,986.4253349303217,928.2500593182623,800.0184749161099,903.3237527231023
3063,RSN10354,20,10354, JEM,4.63,32.3362,-115.2425,17.16,151.57,501,33.081,-116.598,22.65,22.75,-5.57e-05,-8.78e-05,2.24e-05,1.22e-05,0.634662654,0.155929148,83.8510507,5.179664862,6.37627289,0.27925268,1787.989578,4.56557377,3.919642857,268.1984367,CI,JEM,-999.0,780,-0.442687819,-0.674489071,-0.581864478,0.231801252,CI.JEM,780,-0.442687819,20.58799934,1314.609985,6.39854002,-0.44268781859877304,780,959.9293625426882,788.4213231359447,538.1531918230162,673.3257417894469
3070,RSN17510,22,17510, MSJ,3.62,33.9521,-116.3635,9.067,58.17,244,33.808,-116.968,22.95,23.02,0.000829241,0.005166883,0.00021937,0.000220993,0.160491578,0.160461039,81.94463729,5.179664862,6.170551665,0.087266463,495.6545362,3.752340572,23.55327985,74.34818043,CI,MSJ,3.83695,372,-0.421725629,-0.157974621,-0.065350028,-0.263751008,CI.MSJ,372,-0.421725629,3.882110119,465.3540039,0.641624987,-0.42172562897994403,372,374.8883880535779,357.6715083401822,336.03814331325185,343.56772098796176
3070,RSN15905,22,15905, MSJ,3.96,32.6554,-116.1347,12.336,149.58,244,33.808,-116.968,23.4,23.45,0.000295587,0.005533121,0.000866148,0.00011429,0.053421453,0.159296408,85.62000506,5.179664862,6.25927157,0.034906585,167.542589,2.586289264,6.388193473,25.13138835,CI,MSJ,3.83695,175,0.332382251,-0.157974621,-0.065350028,0.490356873,CI.MSJ,175,0.332382251,3.882110119,465.3540039,0.641624987,0.3323822513696877,175,260.3462149211289,234.92720247225517,235.2699296086573,224.2997250607327
3070,RSN15176,22,15176, MSJ,3.9,33.867,-117.1038,11.856,14.17,244,33.808,-116.968,17.84,17.93,0.003283293,0.051895716,0.001663043,0.000458906,0.063267124,0.122820495,50.13552187,5.179664862,6.24946745,0.034906585,257.2019501,7.154609005,31.20527611,38.58029252,CI,MSJ,3.83695,243,0.004106782,-0.157974621,-0.065350028,0.162081403,CI.MSJ,243,0.004106782,3.882110119,465.3540039,0.641624987,0.004106781952653904,243,328.9787219709582,312.20260383444764,315.96032868436004,302.33813498079184
3070,RSN8817,22,8817, MSJ,5.39,33.9465,-117.7667,14.89,75.47,244,33.808,-116.968,18.43,18.62,0.00776537,0.06292734,0.001909414,0.000228019,0.123402167,0.155597281,79.36912556,5.179664862,6.31653763,0.06981317,394.5159711,34.05580237,32.95636253,59.17739567,CI,MSJ,3.83695,323,-0.280484098,-0.157974621,-0.065350028,-0.122509476,CI.MSJ,323,-0.280484098,3.882110119,465.3540039,0.641624987,-0.2804840979294543,323,328.38989080712895,323.38308871192135,292.4762405057365,304.5351090263755
3070,RSN12770,22,12770, MSJ,4.26,33.9538,-116.3912,7.696,55.76,244,33.808,-116.968,21.1,21.2,0.001767725,0.011547597,0.000540267,0.000111061,0.153081655,0.162206704,82.93140488,5.179664862,6.118116656,0.06981317,467.5823122,15.91670343,21.3738707,70.13734683,CI,MSJ,3.83695,360,-0.388935806,-0.157974621,-0.065350028,-0.230961185,CI.MSJ,360,-0.388935806,3.882110119,465.3540039,0.641624987,-0.38893580615695367,360,363.14142873680896,356.61822777421423,328.12980919779517,340.57088628118896
3070,RSN10479,22,10479, MSJ,4.45,34.1081,-117.3062,14.795,45.66,244,33.808,-116.968,15.12,15.23,0.009423811,0.089536295,0.002736777,0.000175078,0.105251296,0.151133427,72.5926063,5.179664862,6.313637877,0.052359878,346.768981,53.82635739,32.71596297,52.01534715,CI,MSJ,3.83695,296,-0.193191229,-0.157974621,-0.065350028,-0.035216608,CI.MSJ,296,-0.193191229,3.882110119,465.3540039,0.641624987,-0.19319122903085795,296,327.6117563862811,322.65287405405394,296.2556388185021,308.11704025175186
3076,RSN8824,24,8824, OLP,5.39,33.9465,-117.7667,14.89,167.67,489,32.608,-116.93,23.2,23.47,-0.027611841,-0.017841234,0.004725599,0.005757088,1.547641887,0.157763257,85.21693495,5.179664862,6.31653763,0.506145483,3035.61838,4.796147115,3.775443917,455.342757,CI,OLP,3.996666667,1172,-0.874104481,-0.368398253,-0.27577366,-0.505706227,CI.OLP,761,-0.442270868,6.639430046,149.1390076,3.718270063,-0.44227086838681373,761,652.9902990364188,640.3978760996084,691.0243823744945,671.3615014343602
3076,RSN15711,24,15711, OLP,3.81,32.4923,-116.8468,13.18,15.02,489,32.608,-116.93,13.62,13.64,0.000750021,0.005573737,0.001212168,0.000150141,0.134563314,0.120235748,48.97673098,5.179664862,6.274698597,0.06981317,555.9349307,4.995444282,4.598155536,83.39023961,CI,OLP,3.996666667,398,0.205910484,-0.368398253,-0.27577366,0.574308738,CI.OLP,398,0.205910484,6.639430046,149.1390076,3.718270063,0.20591048419043467,398,392.84453046551346,398.85994587433265,395.50466887407475,399.82024901054916
3076,RSN13543,24,13543, OLP,4.06,32.7797,-117.3507,7.174,43.81,489,32.608,-116.93,13.61,13.68,0.001131411,0.002184074,0.000204122,0.000186768,0.518027657,0.162047701,81.6374129,5.179664862,6.105409111,0.244346095,1462.31227,6.057841814,10.69984617,219.3468405,CI,OLP,3.996666667,757,-0.437000764,-0.368398253,-0.27577366,-0.06860251,CI.OLP,491,-0.004081638,6.639430046,149.1390076,3.718270063,-0.004081638319648029,491,486.8551997293771,456.5998007017672,459.3710319958421,441.56304440154565
3079,RSN16902,25,16902, PLM,3.6,34.2088,-117.5824,7.536,115.88,465,33.354,-116.863,14.32,14.39,8.41e-05,0.000171191,5.41e-06,1.61e-05,0.491053724,0.163279353,86.71863423,5.179664862,6.114431914,0.226892803,1385.35009,5.223602484,31.64343808,207.8025135,CI,PLM,-999.0,730,-0.451007129,-0.335573349,-0.242948756,-0.115433779,CI.PLM,730,-0.451007129,6.259709835,1675.150024,4.301589966,-0.45100712855508096,730,808.9568901228214,620.7819119769216,684.4616002508639,634.8282048367704
3079,RSN16729,25,16729, PLM,3.73,33.5058,-116.7636,16.276,19.21,465,33.354,-116.863,20.04,20.09,0.002296094,0.007441843,0.000143672,6.19e-05,0.308538347,0.119975087,49.67984349,5.179664862,6.3549922,0.157079633,1243.883394,37.09360258,51.79744835,186.5825091,CI,PLM,-999.0,679,-0.378583722,-0.335573349,-0.242948756,-0.043010373,CI.PLM,679,-0.378583722,6.259709835,1675.150024,4.301589966,-0.3785837219713404,679,654.2081368759178,588.394637372657,627.5832492424383,591.8945025161014
3079,RSN15123,25,15123, PLM,3.78,34.1353,-117.4476,5.857,102.2,465,33.354,-116.863,23.63,23.76,-0.000333858,-0.000775802,1.02e-05,6.85e-06,0.430339678,0.164778234,87.21932919,5.179664862,6.061617088,0.20943951,1226.01883,48.73839416,76.05901961,183.9028245,CI,PLM,-999.0,672,-0.368220935,-0.335573349,-0.242948756,-0.032647586,CI.PLM,672,-0.368220935,6.259709835,1675.150024,4.301589966,-0.36822093493579366,672,710.0534301859747,581.6127548702468,627.3975497289293,588.7698051857024
3079,RSN9072,25,9072, PLM,5.2,33.5328,-116.5697,15.48,33.72,465,33.354,-116.863,16.12,16.24,0.029248173,0.067399015,0.003927509,0.001523372,0.433955502,0.143843266,65.65324815,5.179664862,6.333749326,0.20943951,1414.455185,19.19962622,17.1607538,212.1682778,CI,PLM,-999.0,740,-0.464612781,-0.335573349,-0.242948756,-0.129039431,CI.PLM,740,-0.464612781,6.259709835,1675.150024,4.301589966,-0.4646127806108593,740,676.7016327305367,611.9765188138033,663.6044690546362,631.7633909810221
3079,RSN12860,25,12860, PLM,4.02,33.7129,-116.0516,12.808,85.23,465,33.354,-116.863,23.82,23.91,0.001235693,0.002690317,0.000101675,4.45e-05,0.459311318,0.157983148,81.99828106,5.179664862,6.268161535,0.20943951,1350.78844,27.76838202,26.45996558,202.618266,CI,PLM,-999.0,718,-0.434432163,-0.335573349,-0.242948756,-0.098858814,CI.PLM,718,-0.434432163,6.259709835,1675.150024,4.301589966,-0.4344321634608681,718,736.3995151583741,588.2817336620701,668.1797561568677,613.775598384737
3079,RSN17625,25,17625, PLM,3.52,33.5309,-117.6639,9.734,77.01,465,33.354,-116.863,35.16,35.2,6.58e-05,0.000201029,6.13e-05,3.23e-05,0.327467227,0.160368002,83.35763421,5.179664862,6.193801083,0.157079633,982.3988806,2.037151703,3.279429038,147.3598321,CI,PLM,-999.0,592,-0.241469229,-0.335573349,-0.242948756,0.09410412,CI.PLM,592,-0.241469229,6.259709835,1675.150024,4.301589966,-0.2414692292966496,592,602.2745266648377,510.90942935036685,553.98581269646,517.3629691562676
3079,RSN17470,25,17470, PLM,3.59,34.0938,-117.4347,3.015,97.68,465,33.354,-116.863,42.01,42.1,-0.00011663,-0.000289544,2.04e-05,7.82e-06,0.402804845,0.168369102,88.79756202,5.179664862,5.93802414,0.191986218,1130.315374,14.91432225,14.19333333,169.5473061,CI,PLM,-999.0,640,-0.319430771,-0.335573349,-0.242948756,0.016142578,CI.PLM,640,-0.319430771,6.259709835,1675.150024,4.301589966,-0.3194307707663615,640,687.1395031491635,573.2878397272978,606.5053883283483,567.5854786317129
3079,RSN16119,25,16119, PLM,3.58,33.827,-117.0296,15.131,54.69,465,33.354,-116.863,15.01,15.05,-6.38e-05,-0.000310278,1.28e-05,1.44e-05,0.205464122,0.152796762,75.07093784,5.179664862,6.323730411,0.104719755,662.2052449,4.430555556,24.24046875,99.33078674,CI,PLM,-999.0,437,0.06210421,-0.335573349,-0.242948756,0.39767756,CI.PLM,437,0.06210421,6.259709835,1675.150024,4.301589966,0.062104210491765954,437,418.01899547263747,374.02011135834624,411.28333447232825,382.37892814783527
3079,RSN14005,25,14005, PLM,4.15,33.638,-116.7082,12.649,34.63,465,33.354,-116.863,13.29,13.38,-0.013323514,-0.029004204,0.000773091,0.000330259,0.459364905,0.150508559,70.55696822,5.179664862,6.265244507,0.20943951,1418.009391,40.342622,37.51719267,212.7014087,CI,PLM,-999.0,741,-0.46596322,-0.335573349,-0.242948756,-0.13038987,CI.PLM,741,-0.46596322,6.259709835,1675.150024,4.301589966,-0.46596321970873067,741,711.3930808273027,610.9511384567838,687.6515933417666,636.8932507644922
3079,RSN16550,25,16550, PLM,3.61,34.2449,-117.4464,12.48,112.62,465,33.354,-116.863,18.25,18.31,-0.000127251,-0.000314631,9.47e-05,3.95e-05,0.404443628,0.158844622,84.09526775,5.179664862,6.262058538,0.191986218,1202.302759,3.221544304,3.322397043,180.3454139,CI,PLM,-999.0,663,-0.354737585,-0.335573349,-0.242948756,-0.019164235,CI.PLM,663,-0.354737585,6.259709835,1675.150024,4.301589966,-0.3547375845985066,663,709.7451035751434,564.1744030448003,619.3193294334374,573.6917534251224
3079,RSN18125,25,18125, PLM,5.19,36.4034,-117.8499,9.418,350.12,465,33.354,-116.863,13.8,13.86,-5.63e-05,-0.000152753,5.83e-05,2.11e-05,0.368401928,0.161680632,88.61430508,5.179664862,6.183223963,0.174532925,1085.586115,2.668246445,2.620120069,162.8379173,CI,PLM,-999.0,629,-0.302093851,-0.335573349,-0.242948756,0.033479498,CI.PLM,629,-0.302093851,6.259709835,1675.150024,4.301589966,-0.30209385111308507,629,1141.2278895612012,645.6345432874937,730.0759783819911,616.4796421656781
3079,RSN19389,25,19389, PLM,3.43,34.1381,-117.4717,5.767,103.66,465,33.354,-116.863,34.58,34.7,-0.000336064,-0.000876985,5.99e-05,4.02e-05,0.383203807,0.164897224,87.3242119,5.179664862,6.057771424,0.174532925,1101.9573,8.359800995,14.64081803,165.293595,CI,PLM,-999.0,633,-0.308433017,-0.335573349,-0.242948756,0.027140333,CI.PLM,633,-0.308433017,6.259709835,1675.150024,4.301589966,-0.3084330165568199,633,725.4735963008499,572.8258541421376,597.5326872311228,566.9743479180233
3089,RSN11229,31,11229, SNO,4.42,34.0665,-118.8938,12.827,192.62,503,34.035,-116.808,23.3,23.54,0.000268571,0.000508684,3.69e-05,3.82e-05,0.527972087,0.15922271,86.45668539,5.179664862,6.268505043,0.244346095,1510.934279,7.03065445,13.78547425,226.6401419,CI,SNO,-999.0,773,-0.429688878,-0.275087077,-0.182462483,-0.154601802,CI.SNO,773,-0.429688878,32.69390106,2231.169922,21.4654007,-0.4296888784876831,773,824.1654128218959,688.7362348219558,805.1985185350699,665.0297189943857
3089,RSN18231,31,18231, SNO,4.36,36.3932,-117.8644,8.798,278.75,503,34.035,-116.808,11.0,11.2,-5.71e-05,-0.000151359,1.98e-05,7.97e-06,0.377442226,0.162270558,88.38745662,5.179664862,6.160106881,0.174532925,1105.004631,7.164366374,7.644393939,165.7506947,CI,SNO,-999.0,634,-0.231458784,-0.275087077,-0.182462483,0.043628292,CI.SNO,634,-0.231458784,32.69390106,2231.169922,21.4654007,-0.23145878433748646,634,1125.5093345587413,664.6579749772711,1010.8718315228181,625.9455643285411
3089,RSN10534,31,10534, SNO,4.45,34.1081,-117.3062,14.795,46.7,503,34.035,-116.808,15.1,15.33,0.010901374,0.027917331,0.00010209,0.000103484,0.390487694,0.151431552,72.95678817,5.179664862,6.313637877,0.191986218,1223.306367,105.34357,273.458037,183.4959551,CI,SNO,-999.0,671,-0.288178967,-0.275087077,-0.182462483,-0.01309189,CI.SNO,671,-0.288178967,32.69390106,2231.169922,21.4654007,-0.2881789668719428,671,672.7466735661387,603.9983063471876,716.3191907554885,600.5672338183334
3089,RSN18144,31,18144, SNO,5.19,36.4034,-117.8499,9.418,279.36,503,34.035,-116.808,14.22,14.56,-0.000181704,-0.000558646,4.68e-05,2.86e-05,0.32525841,0.161653834,88.26558079,5.179664862,6.183223963,0.157079633,968.6272083,6.353286713,11.93688034,145.2940812,CI,SNO,-999.0,585,-0.151021677,-0.275087077,-0.182462483,0.1240654,CI.SNO,585,-0.151021677,32.69390106,2231.169922,21.4654007,-0.15102167713211756,585,627.0417667840238,570.5254513217495,747.4093214360634,554.9568618075958
100047,RSN8670,35,8670, CADB,5.45,37.4317,-121.7767,7.486,32.61,600,37.1635,-121.6265,17.25,17.52,-0.163214037,-0.42095793,0.001236583,0.005385702,0.387720542,0.160112311,78.18271195,5.179664862,6.113244097,0.191986218,1149.827711,30.30506274,340.4202791,172.4741567,NC,CADB,7.89435,645,-0.072320662,-0.095500777,-0.002876184,0.023180115,NC.CADB,570,0.051293294,14.11769962,200.9049988,11.85639954,0.05129329438755015,570,584.1442394429076,505.6094970628095,585.9282745104201,513.0283701923822
100047,RSN17443,35,17443, CADB,3.4,37.1173,-121.5231,7.213,10.52,600,37.1635,-121.6265,19.6,19.63,0.010075207,0.02281542,0.004434571,0.001118589,0.441596377,0.134768075,55.38138791,5.179664862,6.106430378,0.20943951,1532.134419,9.007067833,5.144899022,229.8201629,NC,CADB,7.89435,780,-0.262364264,-0.095500777,-0.002876184,-0.166863487,NC.CADB,689,-0.138311616,14.11769962,200.9049988,11.85639954,-0.1383116157975124,689,606.0337450433528,594.1623726133397,635.1787610138316,600.2760814311158
100047,RSN12442,35,12442, CADB,4.0,37.7338,-121.9354,14.029,68.94,600,37.1635,-121.6265,23.05,23.2,0.000689241,0.002608995,0.000630496,0.000338453,0.264178572,0.156088405,78.99545203,5.179664862,6.288820984,0.122173048,824.3685742,2.036445238,4.138004048,123.6552861,NC,CADB,7.89435,508,0.166448208,-0.095500777,-0.002876184,0.261948985,NC.CADB,508,0.166448208,14.11769962,200.9049988,11.85639954,0.16644820763766432,508,467.1158896205084,439.963823044902,491.63100389588016,458.3734448247748
100047,RSN14855,35,14855, CADB,3.68,36.9659,-121.5943,6.068,22.12,600,37.1635,-121.6265,22.41,22.49,-0.012185797,-0.021951311,0.000432836,0.000103011,0.555128433,0.159694187,75.78055722,5.179664862,6.070114836,0.261799388,1572.474531,118.2960752,50.71507684,235.8711797,NC,CADB,7.89435,743,-0.21376639,-0.095500777,-0.002876184,-0.118265613,NC.CADB,657,-0.090754363,14.11769962,200.9049988,11.85639954,-0.09075436326846376,657,636.073761176109,571.1136134774024,614.7204049559128,573.7017107562878
100061,RSN14064,41,14064, JFP,3.7,37.8077,-122.0707,11.554,50.74,437,37.3605,-122.1899,35.82,35.98,-0.001276256,-0.005401324,0.000247597,0.000127405,0.236285826,0.156591891,77.84488639,5.179664862,6.242859346,0.122173048,739.7309305,10.01731486,21.8149816,110.9596396,NC,JFP,4.586666667,473,-0.079162193,-0.147989208,-0.055364615,0.068827015,NC.JFP,473,-0.079162193,12.65410042,276.7990112,16.2343998,-0.07916219339634267,473,440.57742910473326,412.69871191462653,531.4603707404367,434.31356187635504
100061,RSN11109,41,11109, JFP,4.5,38.3669,-122.5881,6.985,117.07,437,37.3605,-122.1899,20.1,20.23,0.000597232,0.002358286,0.001033856,0.000138202,0.253248111,0.163705445,87.02081613,5.179664862,6.100276528,0.122173048,755.457406,4.321442526,2.281058484,113.3186109,NC,JFP,4.586666667,480,-0.093852909,-0.147989208,-0.055364615,0.054136299,NC.JFP,480,-0.093852909,12.65410042,276.7990112,16.2343998,-0.09385290880634667,480,424.2632176259629,418.4417253727864,593.979046193176,436.01538417945216
100061,RSN17725,41,17725, JFP,3.41,37.8651,-122.2381,9.076,56.17,437,37.3605,-122.1899,20.61,20.67,-0.000305946,-0.00097177,0.000104935,9.1e-05,0.314834012,0.160331953,81.64659047,5.179664862,6.170889681,0.157079633,948.1163157,3.362043956,9.260685186,142.2174474,NC,JFP,4.586666667,573,-0.270952522,-0.147989208,-0.055364615,-0.122963314,NC.JFP,573,-0.270952522,12.65410042,276.7990112,16.2343998,-0.27095252161914996,573,563.7318651598715,491.662088503604,677.8044712878063,518.5704787283994
100070,RSN10276,43,10276, SBI,4.34,35.0174,-119.1492,9.557,170.83,854,33.4805,-119.0299,6.93,7.0,-0.000135845,-0.00024051,0.000111705,5.46e-05,0.564818698,0.161397174,87.10141036,5.179664862,6.187968323,0.261799388,1576.844379,2.488003663,2.153081778,236.5266569,CI,SBI,-999.0,738,0.145987369,0.157690748,0.250315341,-0.011703378,CI.SBI,738,0.145987369,22.78569984,50.11539841,14.87709999,0.14598736918809774,738,791.9832543163043,710.297564276597,919.0018108541947,708.8075294191555
100070,RSN9268,43,9268, SBI,5.03,35.3852,-118.6292,7.3,214.47,854,33.4805,-119.0299,24.3,24.7,0.003978902,0.00595647,0.00131234,0.001195113,0.667996658,0.163630352,88.30583002,5.179664862,6.108664217,0.296705973,1774.521955,3.329310283,4.53881616,266.1782933,CI,SBI,-999.0,775,0.097068164,0.157690748,0.250315341,-0.060622583,CI.SBI,775,0.097068164,22.78569984,50.11539841,14.87709999,0.09706816443522293,775,879.6032147386675,743.2285149009446,1000.3247039995247,750.8618776844122
100070,RSN11450,43,11450, SBI,4.73,33.7328,-117.4921,10.018,145.44,854,33.4805,-119.0299,17.4,17.56,0.000860096,0.002236932,0.00055523,0.000149929,0.384498069,0.16090483,86.41653158,5.179664862,6.202702587,0.191986218,1135.849655,5.736688699,4.028838499,170.3774483,CI,SBI,-999.0,642,0.28534289,0.157690748,0.250315341,0.127652143,CI.SBI,642,0.28534289,22.78569984,50.11539841,14.87709999,0.285342890098609,642,865.5991268835579,665.326784884493,874.5623709766942,644.9421328461153
100070,RSN10795,43,10795, SBI,4.66,34.2983,-118.6255,8.038,98.12,854,33.4805,-119.0299,12.88,12.94,0.001686696,0.002986638,0.000858089,0.000620034,0.564747414,0.162787801,85.80700449,5.179664862,6.126524324,0.261799388,1563.222011,2.72032824,3.480569032,234.4833017,CI,SBI,-999.0,752,0.12719487,0.157690748,0.250315341,-0.030495878,CI.SBI,752,0.12719487,22.78569984,50.11539841,14.87709999,0.12719486983873018,752,790.9111683483154,718.7417472626411,896.6720047974424,708.043215457414
100070,RSN11968,43,11968, SBI,4.27,34.3874,-119.4398,6.219,107.5,854,33.4805,-119.0299,16.56,16.81,-0.001377506,-0.002506384,8.52e-05,0.000131,0.549598844,0.164388584,87.18126987,5.179664862,6.075787581,0.244346095,1510.399704,10.51531298,29.41765258,226.5599556,CI,SBI,-999.0,773,0.099652145,0.157690748,0.250315341,-0.058038602,CI.SBI,773,0.099652145,22.78569984,50.11539841,14.87709999,0.09965214520114785,773,814.1387776605609,743.0843289906444,924.8605604119873,734.8189359163257
100070,RSN9971,43,9971, SBI,4.59,34.9977,-119.1926,10.662,168.96,854,33.4805,-119.0299,7.5,7.66,0.001394023,0.002897292,0.001093998,0.000439605,0.481146791,0.160476745,86.68877024,5.179664862,6.221029194,0.226892803,1386.264505,3.171080857,2.648352191,207.9396758,CI,SBI,-999.0,730,0.15688666,0.157690748,0.250315341,-0.000804088,CI.SBI,730,0.15688666,22.78569984,50.11539841,14.87709999,0.15688665964613335,730,753.9579512496595,699.126116817847,902.884672878887,699.9348324688663
100070,RSN8847,43,8847, SBI,5.39,33.9465,-117.7667,14.89,127.99,854,33.4805,-119.0299,27.06,27.56,0.031140635,0.063656462,0.000797034,0.000223158,0.489198337,0.157361305,83.7092231,5.179664862,6.31653763,0.226892803,1433.023155,139.5452325,79.86668323,214.9534733,CI,SBI,-999.0,747,0.133866009,0.157690748,0.250315341,-0.023824739,CI.SBI,747,0.133866009,22.78569984,50.11539841,14.87709999,0.13386600865575282,747,794.9809670237463,722.1654421077454,887.2972818761316,698.7601848964496
100070,RSN16183,43,16183, SBI,3.64,33.8455,-118.7007,12.777,50.71,854,33.4805,-119.0299,18.8,18.95,-0.00161057,-0.002752061,0.000168524,8.65e-05,0.585223179,0.155132888,76.48547269,5.179664862,6.267598776,0.261799388,1685.667345,18.61930636,16.33038024,252.8501018,CI,SBI,-999.0,745,0.136546975,0.157690748,0.250315341,-0.021143772,CI.SBI,745,0.136546975,22.78569984,50.11539841,14.87709999,0.1365469754090105,745,743.9256007385508,692.9931745058988,763.2250185605225,689.1945160777892
100070,RSN13448,43,13448, SBI,3.9,34.4032,-118.651,13.612,108.17,854,33.4805,-119.0299,15.79,15.98,-0.000288735,-0.000599261,1.79e-05,1.44e-05,0.481818676,0.158095064,83.27761185,5.179664862,6.281821568,0.226892803,1408.758843,20.05104167,33.47826816,211.3138265,CI,SBI,-999.0,738,0.145987369,0.157690748,0.250315341,-0.011703378,CI.SBI,738,0.145987369,22.78569984,50.11539841,14.87709999,0.14598736918809774,738,738.8363618912979,686.3301389752967,805.8044020870968,676.0096247735278
100070,RSN10519,43,10519, SBI,4.45,34.1081,-117.3062,14.795,174.15,854,33.4805,-119.0299,14.33,14.45,0.000137639,0.000420358,0.000175207,5.77e-05,0.327433827,0.157886131,85.4408878,5.179664862,6.313637877,0.157079633,997.7494282,2.38542461,2.399207794,149.6624142,CI,SBI,-999.0,601,0.351336259,0.157690748,0.250315341,0.193645512,CI.SBI,601,0.351336259,22.78569984,50.11539841,14.87709999,0.35133625925336265,601,562.9272536856441,561.6596311177456,781.8683103778715,587.8356772442913
100070,RSN11220,43,11220, SBI,4.42,34.0665,-118.8938,12.827,66.21,854,33.4805,-119.0299,22.24,22.38,-0.00419703,-0.006873548,0.000163956,0.000114048,0.610606043,0.156950725,79.68762945,5.179664862,6.268505043,0.27925268,1726.447424,36.80055766,41.92312572,258.9671136,CI,SBI,-999.0,759,0.117929416,0.157690748,0.250315341,-0.039761331,CI.SBI,759,0.117929416,22.78569984,50.11539841,14.87709999,0.11792941639293986,759,763.6568312398451,705.5876130172161,786.286400449426,692.7244416205637
100070,RSN9089,43,9089, SBI,5.2,33.5328,-116.5697,15.48,228.66,854,33.4805,-119.0299,16.35,17.07,0.001162574,0.001818397,0.000153043,5.52e-05,0.639339983,0.157564129,86.35013057,5.179664862,6.333749326,0.27925268,1778.941929,21.06112319,11.88160844,266.8412894,CI,SBI,-999.0,777,0.094490843,0.157690748,0.250315341,-0.063199904,CI.SBI,777,0.094490843,22.78569984,50.11539841,14.87709999,0.09449084342092284,777,885.1119865176563,760.011338574377,982.2645394153915,753.7251586268176
100085,RSN19291,45,19291, PHSB,3.8,36.6652,-121.2928,7.59,95.78,422,35.824,-121.0539,22.28,22.37,-0.000419541,-0.002688038,0.000174684,4.54e-05,0.156077036,0.163113361,85.98976153,5.179664862,6.115695017,0.06981317,473.8688099,9.240991189,15.38800348,71.08032149,NC,PHSB,-999.0,362,0.153361102,0.10773133,0.200355924,0.045629772,NC.PHSB,362,0.153361102,15.38220024,456.9030151,7.475399971,0.15336110221024057,362,374.18148112345943,341.1504248004487,365.2208151718951,343.8634210552653
100085,RSN14139,45,14139, PHSB,3.8,36.6815,-121.3092,5.568,97.88,422,35.824,-121.0539,20.25,20.31,-0.000573134,-0.003708485,0.000496725,0.000174029,0.154546587,0.165136585,87.27573066,5.179664862,6.048749462,0.06981317,463.5802015,3.293324676,7.465871458,69.53703023,NC,PHSB,-999.0,358,0.164472328,0.10773133,0.200355924,0.056740997,NC.PHSB,358,0.164472328,15.38220024,456.9030151,7.475399971,0.16447232763531172,358,372.56289217182666,340.0090600748877,359.6190756205184,341.3552120870039
100085,RSN14974,45,14974, PHSB,3.7,35.6371,-120.7559,6.53,34.01,422,35.824,-121.0539,20.48,20.54,0.003099906,0.014588228,0.00142569,0.000289612,0.21249365,0.161897703,80.1954097,5.179664862,6.086524027,0.104719755,645.4622031,10.70365178,10.23239835,96.81933047,NC,PHSB,-999.0,432,-0.023420274,0.10773133,0.200355924,-0.131151605,NC.PHSB,432,-0.023420274,15.38220024,456.9030151,7.475399971,-0.023420274208098668,432,410.9804252261566,371.9697777191273,353.2845869769848,356.3087578967059
100085,RSN18518,45,18518, PHSB,3.48,35.8309,-120.3782,6.939,61.06,422,35.824,-121.0539,20.63,20.69,0.000452394,0.005290147,0.000295072,6.07e-05,0.085516394,0.163137439,84.25191083,5.179664862,6.098979266,0.034906585,261.3058298,7.452948929,17.92832597,39.19587447,NC,PHSB,-999.0,245,0.543747103,0.10773133,0.200355924,0.436015773,NC.PHSB,245,0.543747103,15.38220024,456.9030151,7.475399971,0.5437471034912846,245,358.8271660210328,371.9738247952295,311.9970999706659,334.67756065427244
100085,RSN8736,45,8736, PHSB,5.45,37.4317,-121.7767,7.486,189.76,422,35.824,-121.0539,15.6,15.92,-0.002652344,-0.010814911,0.000812348,0.000357271,0.245248773,0.163482006,88.0240793,5.179664862,6.113244097,0.122173048,733.9516547,7.423899505,13.31315028,110.0927482,NC,PHSB,-999.0,470,-0.107727381,0.10773133,0.200355924,-0.215458711,NC.PHSB,470,-0.107727381,15.38220024,456.9030151,7.475399971,-0.10772738066809229,470,468.9976540807659,419.48205395548996,408.9660870203966,399.92316333759373
100085,RSN18487,45,18487, PHSB,4.01,35.8628,-120.4101,9.132,58.32,422,35.824,-121.0539,20.15,20.28,0.002910752,0.012537299,0.000716518,0.00021136,0.232167378,0.160372522,81.88059314,5.179664862,6.172976895,0.122173048,710.3450366,13.77153671,17.4975353,106.5517555,NC,PHSB,-999.0,459,-0.084044896,0.10773133,0.200355924,-0.191776226,NC.PHSB,459,-0.084044896,15.38220024,456.9030151,7.475399971,-0.08404489602453324,459,432.06009894372175,386.9153094691129,361.7311277309944,371.7426815131554
100092,RSN12733,50,12733, BFS,4.26,33.9538,-116.3912,7.696,121.15,500,34.2388,-117.6585,20.1,20.33,0.000641681,0.000913666,3.91e-05,3.06e-05,0.702315044,0.16319085,86.7794252,5.179664862,6.118116656,0.314159265,1850.079353,20.96996732,23.36741688,277.511903,CI,BFS,7.46331,801,-0.471252849,-0.416344151,-0.323719558,-0.054908697,CI.BFS,690,-0.322083499,17.23060036,1379.599976,23.80999947,-0.3220834991691133,690,685.2089041428609,707.5930947995193,684.1020492452354,667.6457744618831
100092,RSN16813,50,16813, BFS,3.49,34.309,-116.9297,9.684,67.56,500,34.2388,-117.6585,13.18,13.24,0.001542725,0.003769449,0.000251235,4.63e-05,0.409270663,0.160114092,82.50432201,5.179664862,6.192176404,0.191986218,1205.041693,33.32019438,15.00367783,180.756254,CI,BFS,7.46331,664,-0.283674051,-0.416344151,-0.323719558,0.1326701,CI.BFS,572,-0.134530893,17.23060036,1379.599976,23.80999947,-0.13453089295760634,572,611.914585747259,579.2139993946897,601.4563740604593,561.094131191821
100092,RSN11347,50,11347, BFS,4.73,33.7328,-117.4921,10.018,58.19,500,34.2388,-117.6585,22.85,23.05,-0.008444107,-0.014796207,0.000161057,0.000321603,0.570694039,0.159239437,81.00972095,5.179664862,6.202702587,0.261799388,1610.98045,26.25630669,91.86938165,241.6470675,CI,BFS,7.46331,720,-0.364643114,-0.416344151,-0.323719558,0.051701038,CI.BFS,620,-0.21511138,17.23060036,1379.599976,23.80999947,-0.21511137961694615,620,614.1406127278954,614.4652032624873,595.4522801026532,577.8296628928364
100092,RSN14380,50,14380, BFS,4.14,34.8632,-116.3444,6.474,139.09,500,34.2388,-117.6585,17.55,17.61,-0.000218027,-0.000268729,0.000110132,9.26e-05,0.811327462,0.164216197,87.71189526,5.179664862,6.084678138,0.34906585,2039.236058,2.35450324,2.440062834,305.8854087,CI,BFS,7.46331,863,-0.545806593,-0.416344151,-0.323719558,-0.129462441,CI.BFS,744,-0.397432936,17.23060036,1379.599976,23.80999947,-0.39743293641090016,744,726.8317231611308,789.6118621407928,679.31847261251,713.702215809852
100097,RSN17778,54,17778, CIA,3.08,33.974,-118.4283,11.329,63.47,505,33.4019,-118.415,19.58,19.63,-0.000111991,-0.000243718,2.48e-05,2.87e-05,0.459512586,0.158136164,80.54157415,5.179664862,6.237694647,0.20943951,1349.973951,3.902125436,9.82733871,202.4960927,CI,CIA,-999.0,718,-0.35191114,-0.322735427,-0.230110834,-0.029175712,CI.CIA,718,-0.35191114,5.790719986,455.6470032,8.358940125,-0.3519111397728638,718,704.9913635746304,672.9806052776476,1009.0073195584754,798.9748039453574
100097,RSN9170,54,9170, CIA,5.03,35.3852,-118.6292,7.3,220.88,505,33.4019,-118.415,6.3,6.55,-0.000394075,-0.000666098,6.74e-05,3.99e-05,0.591616776,0.163634216,88.35221969,5.179664862,6.108664217,0.261799388,1611.301568,9.876566416,9.882759644,241.6952352,CI,CIA,-999.0,720,-0.354692783,-0.322735427,-0.230110834,-0.031957355,CI.CIA,720,-0.354692783,5.790719986,455.6470032,8.358940125,-0.35469278273474103,720,874.7677676475621,712.2976994507384,1041.9661326212356,818.6308249896064
100097,RSN10692,54,10692, CIA,4.66,34.2983,-118.6255,8.038,101.32,505,33.4019,-118.415,22.15,22.2,-0.000376887,-0.000921577,0.00015689,6.6e-05,0.408959207,0.162821926,85.9741614,5.179664862,6.126524324,0.191986218,1184.224145,5.710409091,5.874032762,177.6336218,CI,CIA,-999.0,656,-0.26160236,-0.322735427,-0.230110834,0.061133068,CI.CIA,656,-0.26160236,5.790719986,455.6470032,8.358940125,-0.26160235966872847,656,723.7469114261974,651.7572717938581,996.4334614473445,758.9148797995168
100103,RSN16943,55,16943, DSC,3.63,34.1242,-116.405,9.555,116.3,1329,35.1426,-116.104,13.2,13.24,-0.000280987,-0.000414002,0.000105044,5.59e-05,0.678708127,0.161160365,85.74552885,5.179664862,6.187901101,0.296705973,1822.143707,5.026601073,3.94122463,273.3215561,CI,DSC,-999.0,791,0.518884091,0.482118683,0.574743277,0.036765408,CI.DSC,791,0.518884091,2.530819893,290.0480042,3.527889967,0.5188840909455914,791,808.0109098269553,830.318914363949,744.9990054642813,802.9399881954255
100103,RSN8789,55,8789, DSC,5.39,33.9465,-117.7667,14.89,202.23,1329,35.1426,-116.104,27.7,27.9,-0.001160704,-0.002048783,0.000319441,0.000154255,0.566533589,0.157937918,86.04688969,5.179664862,6.31653763,0.261799388,1615.148071,7.52457943,6.413650721,242.2722107,CI,DSC,-999.0,721,0.611542921,0.482118683,0.574743277,0.129424238,CI.DSC,721,0.611542921,2.530819893,290.0480042,3.527889967,0.6115429214282964,721,795.3194949280328,806.6091720848483,741.5697716963658,761.7047049726605
100103,RSN13839,55,13839, DSC,4.17,34.3277,-116.829,4.957,112.16,1329,35.1426,-116.104,12.92,13.04,-0.000666138,-0.000804251,2.57e-05,2.02e-05,0.828270884,0.166126707,87.9398029,5.179664862,6.015610792,0.34906585,2042.190359,32.97712871,31.29381323,306.3285539,CI,DSC,-999.0,864,0.43060929,0.482118683,0.574743277,-0.051509393,CI.DSC,864,0.43060929,2.530819893,290.0480042,3.527889967,0.43060928990919045,864,794.9465638775879,884.8366165463946,813.7992663653504,850.2183985500145
100103,RSN14393,55,14393, DSC,4.14,34.8632,-116.3444,6.474,37.98,1329,35.1426,-116.104,20.8,20.91,-0.013816608,-0.017521968,0.000565755,0.000313272,0.788530595,0.162479627,81.35408623,5.179664862,6.084678138,0.331612558,2015.776784,44.10419061,30.97094679,302.3665176,CI,DSC,-999.0,855,0.44108059,0.482118683,0.574743277,-0.041038094,CI.DSC,855,0.44108059,2.530819893,290.0480042,3.527889967,0.4410805897764858,855,760.8346360100452,881.4677815149545,786.0376851618831,841.5031008117098
100103,RSN14587,55,14587, DSC,4.11,35.6211,-117.5805,9.045,144.28,1329,35.1426,-116.104,39.46,39.53,0.000210519,0.00036551,2.91e-05,1.13e-05,0.575959408,0.161825956,86.78000585,5.179664862,6.169722379,0.261799388,1596.421859,18.63,12.5604811,239.4632789,CI,DSC,-999.0,720,0.612930847,0.482118683,0.574743277,0.130812163,CI.DSC,720,0.612930847,2.530819893,290.0480042,3.527889967,0.6129308467031445,720,841.4117491677041,821.5314007179713,728.1549573894123,766.6976675447123
100103,RSN17252,55,17252, DSC,3.53,34.2894,-116.8271,6.278,115.52,1329,35.1426,-116.104,31.17,31.23,-0.000108095,-0.000107177,2.41e-05,4.42e-05,1.00856429,0.164353954,87.34919887,5.179664862,6.07791863,0.401425728,2343.915242,2.445588235,4.447178423,351.5872863,CI,DSC,-999.0,961,0.32420765,0.482118683,0.574743277,-0.157911034,CI.DSC,961,0.32420765,2.530819893,290.0480042,3.527889967,0.32420764974295313,961,884.1555023759516,965.8207529365578,922.9880041073268,941.5611681795709
100103,RSN13231,55,13231, DSC,4.19,34.3571,-116.8418,9.486,110.26,1329,35.1426,-116.104,17.76,17.85,-0.000836656,-0.0010604,0.000106047,4.77e-05,0.789000399,0.161179035,85.54831916,5.179664862,6.185563454,0.331612558,2032.825316,17.53995807,9.999339915,304.9237974,CI,DSC,-999.0,861,0.434087554,0.482118683,0.574743277,-0.048031129,CI.DSC,861,0.434087554,2.530819893,290.0480042,3.527889967,0.43408755428551515,861,806.942912117603,871.9292547170326,821.6590268564667,845.022629184299
100103,RSN14233,55,14233, DSC,3.94,32.7219,-116.8133,20.237,276.4,1329,35.1426,-116.104,23.34,23.49,-3.71e-05,-4.99e-05,9.58e-06,8.56e-06,0.743807644,0.154890498,85.99852239,5.179664862,6.440435438,0.314159265,2026.945519,4.33411215,5.208768267,304.0418279,CI,DSC,-999.0,859,0.436413137,0.482118683,0.574743277,-0.045705547,CI.DSC,859,0.436413137,2.530819893,290.0480042,3.527889967,0.43641313672899074,859,1045.4254611261185,977.1423490459398,922.8661310563167,914.462902047159
100103,RSN10934,55,10934, DSC,4.26,33.8776,-116.2019,10.062,140.61,1329,35.1426,-116.104,18.06,18.15,-0.0003212,-0.000365403,7.12e-05,4.1e-05,0.879030122,0.160843994,86.26992359,5.179664862,6.204033973,0.366519143,2196.377473,7.834146341,5.132064607,329.456621,CI,DSC,-999.0,914,0.374351487,0.482118683,0.574743277,-0.107767196,CI.DSC,914,0.374351487,2.530819893,290.0480042,3.527889967,0.37435148725909606,914,890.5572395560472,949.8380181391827,917.9342364061614,910.1214743869936
100103,RSN16822,55,16822, DSC,3.49,34.309,-116.9297,9.684,119.46,1329,35.1426,-116.104,10.15,10.26,8.35e-05,0.000105048,7.9e-06,7.24e-06,0.795045981,0.161058553,85.79100671,5.179664862,6.192176404,0.331612558,2044.3873,11.53314917,13.29721519,306.658095,CI,DSC,-999.0,865,0.429452552,0.482118683,0.574743277,-0.052666132,CI.DSC,865,0.429452552,2.530819893,290.0480042,3.527889967,0.42945255178136676,865,796.1109079882141,877.1060329855638,817.3873907929911,850.4171967999728
100103,RSN9345,55,9345, DSC,4.88,34.0655,-117.0011,17.501,145.08,1329,35.1426,-116.104,14.75,14.87,-0.000958955,-0.001732738,0.000153266,4.17e-05,0.553433467,0.155625464,83.46297362,5.179664862,6.383907006,0.244346095,1604.118296,22.99652278,11.30542978,240.6177444,CI,DSC,-999.0,717,0.617106218,0.482118683,0.574743277,0.134987535,CI.DSC,717,0.617106218,2.530819893,290.0480042,3.527889967,0.6171062181136255,717,917.5926182764613,828.786210494011,701.8222062152578,743.9169010096016
100103,RSN9185,55,9185, DSC,5.03,35.3852,-118.6292,7.3,231.35,1329,35.1426,-116.104,17.05,17.42,0.001392641,0.00227109,8.51e-05,4.19e-05,0.613203796,0.163640533,88.43098619,5.179664862,6.108664217,0.27925268,1661.101135,33.23725537,26.68730905,249.1651703,CI,DSC,-999.0,737,0.589594167,0.482118683,0.574743277,0.107475483,CI.DSC,737,0.589594167,2.530819893,290.0480042,3.527889967,0.5895941665239093,737,984.1520766859046,841.5022165217773,772.7706346744471,792.7961667639444
100103,RSN18252,55,18252, DSC,4.2,36.3905,-117.8695,8.829,211.33,1329,35.1426,-116.104,10.19,10.38,0.000132919,0.000202021,8.49e-06,4.69e-06,0.657947435,0.162189545,87.86494755,5.179664862,6.161345296,0.296705973,1771.012388,28.34093817,23.79517079,265.6518582,CI,DSC,-999.0,774,0.540610185,0.482118683,0.574743277,0.058491502,CI.DSC,774,0.540610185,2.530819893,290.0480042,3.527889967,0.5406101851235183,774,969.543268667469,869.1273980405552,827.5507438338446,840.401147082608
100103,RSN18205,55,18205, DSC,4.36,36.3932,-117.8644,8.798,211.18,1329,35.1426,-116.104,9.85,10.02,0.000102242,0.000163685,1.86e-05,1.18e-05,0.624630037,0.162221969,87.86322807,5.179664862,6.160106881,0.27925268,1698.657901,8.664576271,8.800268817,254.7986852,CI,DSC,-999.0,750,0.572108852,0.482118683,0.574743277,0.089990169,CI.DSC,750,0.572108852,2.530819893,290.0480042,3.527889967,0.5721088521828896,750,918.1103201298502,852.1534628406238,785.6419427302244,813.7480337520152
100103,RSN15621,55,15621, DSC,3.87,33.7513,-116.0218,8.756,154.52,1329,35.1426,-116.104,23.88,23.94,-0.000158719,-0.000163418,6.82e-05,6.11e-05,0.971244781,0.162171232,87.09800002,5.179664862,6.158414042,0.383972435,2317.38571,2.597692308,2.396158358,347.6078565,CI,DSC,-999.0,952,0.333617024,0.482118683,0.574743277,-0.148501659,CI.DSC,952,0.333617024,2.530819893,290.0480042,3.527889967,0.33361702392188075,952,868.5218961630593,971.7430660501167,931.710167908799,945.4028338354145
100103,RSN14635,55,14635, DSC,3.9,35.3429,-118.5645,9.906,225.05,1329,35.1426,-116.104,24.23,24.28,-5.81e-05,-0.000122845,2.31e-05,1.43e-05,0.473114216,0.161181167,87.71298126,5.179664862,6.199256899,0.226892803,1361.234384,4.062937063,5.317965368,204.1851576,CI,DSC,-999.0,722,0.61015692,0.482118683,0.574743277,0.128038237,CI.DSC,722,0.61015692,2.530819893,290.0480042,3.527889967,0.6101569198204198,722,803.323822636944,819.6611402684813,763.7078468982513,783.6846178519802
100103,RSN12749,55,12749, DSC,4.26,33.9538,-116.3912,7.696,134.48,1329,35.1426,-116.104,19.78,19.83,-0.000344049,-0.000381404,8.6e-05,8.77e-05,0.902060512,0.163242237,87.11782795,5.179664862,6.118116656,0.366519143,2197.699534,3.923021665,4.434930233,329.6549301,CI,DSC,-999.0,914,0.374351487,0.482118683,0.574743277,-0.107767196,CI.DSC,914,0.374351487,2.530819893,290.0480042,3.527889967,0.37435148725909606,914,874.3911472637045,952.3738253413583,908.7907278724942,914.9359014703274
100103,RSN10426,55,10426, DSC,4.45,34.1081,-117.3062,14.795,159.13,1329,35.1426,-116.104,13.23,13.38,-0.000840627,-0.001368817,0.000100877,0.000186331,0.614126475,0.157787023,85.01015187,5.179664862,6.313637877,0.27925268,1724.647554,4.511471521,13.56916839,258.6971331,CI,DSC,-999.0,759,0.560180281,0.482118683,0.574743277,0.078061598,CI.DSC,759,0.560180281,2.530819893,290.0480042,3.527889967,0.5601802813176153,759,807.1611820221889,833.0777618470042,722.4458008656694,778.3139331616973
100103,RSN15525,55,15525, DSC,3.68,34.7251,-116.0506,2.727,46.57,1329,35.1426,-116.104,22.21,22.28,-0.000371157,-0.000482006,5.8e-05,3.52e-05,0.770024808,0.168282304,87.8021939,5.179664862,5.93802414,0.331612558,1916.403046,10.54423295,8.310448276,287.4604569,CI,DSC,-999.0,823,0.479225858,0.482118683,0.574743277,-0.002892825,CI.DSC,823,0.479225858,2.530819893,290.0480042,3.527889967,0.4792258580361759,823,712.6961259317395,839.1098057806562,745.8741455007388,810.8206691607198
100103,RSN12685,55,12685, DSC,4.34,35.8373,-117.678,6.864,162.3,1329,35.1426,-116.104,23.1,23.28,0.00042104,0.00075607,9.88e-06,4.49e-06,0.556879686,0.163911199,87.91407454,5.179664862,6.096821743,0.261799388,1535.765633,93.77282851,76.52530364,230.364845,CI,DSC,-999.0,778,0.535455535,0.482118683,0.574743277,0.053336851,CI.DSC,778,0.535455535,2.530819893,290.0480042,3.527889967,0.5354555345348544,778,881.7992139647762,894.6568932908652,781.8488706607852,832.6619515382839
100103,RSN10342,55,10342, DSC,4.63,32.3362,-115.2425,17.16,321.35,1329,35.1426,-116.104,54.45,54.63,-0.000188635,-0.000190342,6.83e-05,6.6e-05,0.991032197,0.156631833,87.10901904,5.179664862,6.37627289,0.383972435,2426.379782,2.858106061,2.786852123,363.9569673,CI,DSC,-999.0,986,0.298525704,0.482118683,0.574743277,-0.183592979,CI.DSC,986,0.298525704,2.530819893,290.0480042,3.527889967,0.2985257041106104,986,1028.1571857592128,1075.863607169636,1044.4826223213938,1027.927499419483
100109,RSN9020,58,9020, GOR,5.2,33.5328,-116.5697,15.48,74.41,559,33.1537,-117.2292,19.41,19.58,0.02369514,0.016729279,0.000658687,0.000186635,1.416387415,0.154867122,78.78065844,5.179664862,6.333749326,0.471238898,2966.234543,126.9597878,25.39791889,444.9351815,CI,GOR,5.44,1151,-0.722236936,-0.63447892,-0.541854327,-0.087758015,CI.GOR,859,-0.429619449,9.207229614,125.9499969,2.980380058,-0.4296194488291558,859,637.5956880260069,689.9865129393839,786.2584602956947,754.5754981529815
100109,RSN15358,58,15358, GOR,3.87,33.928,-116.7858,18.501,95.24,559,33.1537,-117.2292,22.24,22.33,-0.000399698,-0.000342551,3.3e-05,1.69e-05,1.166826816,0.153498326,79.45337688,5.179664862,6.40467109,0.436332313,2725.593783,23.65076923,10.38033333,408.8390675,CI,GOR,5.44,1079,-0.657640492,-0.63447892,-0.541854327,-0.023161572,CI.GOR,806,-0.365934269,9.207229614,125.9499969,2.980380058,-0.36593426935152884,806,661.385393834993,684.7225774908021,777.687920439797,723.3938919652309
100109,RSN13996,58,13996, GOR,4.15,33.638,-116.7082,12.649,72.35,559,33.1537,-117.2292,13.76,13.82,-0.002755463,-0.003088443,0.000237066,6.99e-05,0.892184971,0.157504824,80.6824719,5.179664862,6.265244507,0.366519143,2262.942485,39.42007153,13.02777707,339.4413728,CI,GOR,5.44,935,-0.514397056,-0.63447892,-0.541854327,0.120081864,CI.GOR,698,-0.22206963,9.207229614,125.9499969,2.980380058,-0.22206962960727328,698,644.8344976570638,607.7678656844114,682.5840545263687,634.2539751453875
100109,RSN12846,58,12846, GOR,4.02,33.7129,-116.0516,12.808,125.85,559,33.1537,-117.2292,24.8,24.88,0.001286684,0.001064527,0.000177449,0.000262076,1.208690747,0.15881796,84.56036574,5.179664862,6.268161535,0.436332313,2678.769856,4.90958348,5.999058885,401.8154784,CI,GOR,5.44,1064,-0.643641197,-0.63447892,-0.541854327,-0.009162277,CI.GOR,794,-0.350933988,9.207229614,125.9499969,2.980380058,-0.350933988092037,794,650.3275503228914,667.9509945051777,796.8537740994135,717.7327469475341
100111,RSN17426,59,17426, GSC,3.73,35.2675,-117.3498,7.92,49.64,679,35.3018,-116.8057,22.11,22.19,0.000356791,0.000722486,2.57e-05,1.15e-05,0.493838086,0.161647541,81.79638158,5.179664862,6.122995859,0.226892803,1405.786787,31.02530435,28.11229572,210.8680181,CI,GSC,-999.0,737,-0.081966765,-0.035106954,0.05751764,-0.046859811,CI.GSC,737,-0.081966765,38.9856987,1000.460022,7.605160236,-0.08196676463064012,737,736.0491817702887,632.8579884928836,554.9078618579532,563.2148111048215
100111,RSN12403,59,12403, GSC,4.27,36.1466,-118.0613,4.057,147.28,679,35.3018,-116.8057,20.73,20.84,0.000132309,0.000334305,1.48e-05,7.4e-06,0.395772896,0.168201354,88.79222583,5.179664862,5.943934512,0.191986218,1114.301118,17.87959459,22.58817568,167.1451677,CI,GSC,-999.0,636,0.065422564,-0.035106954,0.05751764,0.100529518,CI.GSC,636,0.065422564,38.9856987,1000.460022,7.605160236,0.06542256421857395,636,746.6659587987978,602.6749862122214,524.1077931467689,516.0796429622028
100111,RSN14728,59,14728, GSC,3.84,34.2268,-117.4407,8.593,132.67,679,35.3018,-116.8057,21.7,21.84,-0.000485584,-0.000874491,1.87e-05,1.48e-05,0.555275911,0.162284948,86.68274318,5.179664862,6.151676073,0.261799388,1547.690092,32.80972973,46.7642246,232.1535138,CI,GSC,-999.0,767,-0.121865674,-0.035106954,0.05751764,-0.08675872,CI.GSC,767,-0.121865674,38.9856987,1000.460022,7.605160236,-0.12186567380855973,767,913.5840586035421,701.4018911632505,609.4665093303594,596.0723580247083
100111,RSN15526,59,15526, GSC,3.68,34.7251,-116.0506,2.727,94.04,679,35.3018,-116.8057,22.36,22.52,0.00017141,0.000333339,1.8e-05,9.33e-06,0.51422162,0.168376523,88.92458488,5.179664862,5.93802414,0.244346095,1399.078683,18.37191854,18.51883333,209.8618025,CI,GSC,-999.0,734,-0.077887901,-0.035106954,0.05751764,-0.042780947,CI.GSC,734,-0.077887901,38.9856987,1000.460022,7.605160236,-0.07788790105581889,734,755.8306070211393,638.741873243481,566.6958775063925,565.2699135293894
100111,RSN16880,59,16880, GSC,3.6,34.2088,-117.5824,7.536,140.57,679,35.3018,-116.8057,14.02,14.11,-0.000147057,-0.000280919,1.2e-05,9.49e-06,0.523484458,0.163366986,87.30784474,5.179664862,6.114431914,0.244346095,1462.660926,15.49599579,23.40991667,219.3991389,CI,GSC,-999.0,757,-0.108742126,-0.035106954,0.05751764,-0.073635172,CI.GSC,757,-0.108742126,38.9856987,1000.460022,7.605160236,-0.1087421258787522,757,893.5851788210508,694.8079684353771,604.2845740231293,594.0774999487242
100111,RSN15164,59,15164, GSC,3.9,33.867,-117.1038,11.856,161.5,679,35.3018,-116.8057,26.01,26.16,-0.000274417,-0.00067043,1.9e-05,9.84e-06,0.409314631,0.15964658,86.11843049,5.179664862,6.24946745,0.191986218,1208.682401,27.8879065,35.28578947,181.3023602,CI,GSC,-999.0,665,0.020834087,-0.035106954,0.05751764,0.055941041,CI.GSC,665,0.020834087,38.9856987,1000.460022,7.605160236,0.020834086902842053,665,764.8518092386046,602.6198644715535,522.9084051480276,528.0813763098809
100111,RSN8798,59,8798, GSC,5.39,33.9465,-117.7667,14.89,174.27,679,35.3018,-116.8057,25.11,25.37,-0.012073135,-0.020617921,0.001107724,0.000733796,0.585565108,0.15780676,85.40962495,5.179664862,6.31653763,0.261799388,1657.840545,16.45298557,18.61286837,248.6760818,CI,GSC,-999.0,736,-0.080608991,-0.035106954,0.05751764,-0.045502037,CI.GSC,736,-0.080608991,38.9856987,1000.460022,7.605160236,-0.08060899117018039,736,787.7449722812155,674.480591664152,588.530982730092,588.5761615209357
100111,RSN16012,59,16012, GSC,3.73,35.6346,-117.5657,2.693,78.24,679,35.3018,-116.8057,32.26,32.33,0.000111411,0.000268476,6.32e-05,1.94e-05,0.414975271,0.168364417,88.72387218,5.179664862,5.93802414,0.191986218,1159.712849,5.742835052,4.248037975,173.9569274,CI,GSC,-999.0,647,0.048274833,-0.035106954,0.05751764,0.083381787,CI.GSC,647,0.048274833,38.9856987,1000.460022,7.605160236,0.04827483305779534,647,680.7724164364807,572.056367931939,506.89627320018025,504.8458354801867
100111,RSN10069,59,10069, GSC,4.18,34.3617,-118.6637,11.151,199.41,679,35.3018,-116.8057,6.58,6.74,7e-05,0.000193462,1.68e-05,1.14e-05,0.361995096,0.160214315,87.06514799,5.179664862,6.233452986,0.174532925,1078.632087,6.140350877,11.51559524,161.7948131,CI,GSC,-999.0,627,0.079674587,-0.035106954,0.05751764,0.114781541,CI.GSC,627,0.079674587,38.9856987,1000.460022,7.605160236,0.07967458692577534,627,880.9293734415579,619.7532235165753,560.0959250288273,535.8578563232647
100111,RSN13997,59,13997, GSC,4.15,33.638,-116.7082,12.649,184.78,679,35.3018,-116.8057,14.92,15.06,-7.52e-05,-0.000184399,1.45e-05,1.44e-05,0.407887925,0.159288294,86.35770917,5.179664862,6.265244507,0.191986218,1207.761407,5.222222222,12.71717241,181.1642111,CI,GSC,-999.0,665,0.020834087,-0.035106954,0.05751764,0.055941041,CI.GSC,665,0.020834087,38.9856987,1000.460022,7.605160236,0.020834086902842053,665,807.465216465269,632.0243181256591,571.598667432977,551.9850132709494
100111,RSN18014,59,18014, GSC,5.0,36.3864,-117.8583,7.408,153.38,679,35.3018,-116.8057,13.1,13.31,0.001196209,0.001736223,0.000234607,0.000139816,0.688971737,0.163484617,87.58596003,5.179664862,6.11135504,0.296705973,1815.295248,8.555594496,7.400559233,272.2942872,CI,GSC,-999.0,789,-0.150145193,-0.035106954,0.05751764,-0.115038239,CI.GSC,789,-0.150145193,38.9856987,1000.460022,7.605160236,-0.15014519328717757,789,838.3084935340182,714.2635150187124,603.2195251934268,611.1916127835092
100115,RSN10084,62,10084, LEV,4.18,34.3617,-118.6637,11.151,44.26,505,34.6146,-118.291,6.46,6.62,-0.002787935,-0.005374672,0.000200076,0.000208375,0.518717253,0.156133142,76.71737727,5.179664862,6.233452986,0.244346095,1519.318652,13.37941212,26.863152,227.8977978,,,-1.0,776,-0.429594091,-0.342913119,-0.250288525,-0.086680972,NA.NA,776,-0.429594091,2.213140011,967.0469971,3.833169937,-0.4295940909078588,776,750.0702340876234,722.1907728685615,716.7680957878482,702.1388398322288
100115,RSN8807,62,8807, LEV,5.39,33.9465,-117.7667,14.89,88.45,505,34.6146,-118.291,22.21,22.6,0.04247563,0.042084395,0.002425734,0.001053653,1.009296431,0.15633465,80.92898812,5.179664862,6.31653763,0.401425728,2465.117699,40.31273104,17.34913845,369.7676549,,,-1.0,999,-0.682196349,-0.342913119,-0.250288525,-0.339283231,NA.NA,999,-0.682196349,2.213140011,967.0469971,3.833169937,-0.6821963493731937,999,937.6183012037519,906.8392518142758,884.357250322542,893.6824717374262
100115,RSN9921,62,9921, LEV,4.59,34.9977,-119.1926,10.662,92.8,505,34.6146,-118.291,3.94,4.08,0.003128385,0.006010452,0.000281253,0.000115998,0.520490841,0.159846632,83.93928011,5.179664862,6.221029194,0.244346095,1488.066124,26.96930119,21.37026805,223.2099186,,,-1.0,766,-0.41662374,-0.342913119,-0.250288525,-0.073710622,NA.NA,766,-0.41662374,2.213140011,967.0469971,3.833169937,-0.4166237404652309,766,790.3671923280771,714.6738821463689,696.5714715124886,691.8163651629361
100115,RSN10459,62,10459, LEV,4.45,34.1081,-117.3062,14.795,106.6,505,34.6146,-118.291,14.15,14.23,-0.002580233,-0.0061157,0.0022709,0.000248721,0.421903173,0.157037779,82.51529386,5.179664862,6.313637877,0.191986218,1261.115355,10.37400541,2.693073231,189.1673033,,,-1.0,686,-0.306319198,-0.342913119,-0.250288525,0.03659392,NA.NA,686,-0.306319198,2.213140011,967.0469971,3.833169937,-0.3063191984505247,686,714.3818536370677,645.8797219185573,618.7323407493618,620.6587286716721
100115,RSN9212,62,9212, LEV,5.03,35.3852,-118.6292,7.3,90.89,505,34.6146,-118.291,9.5,9.72,-0.008501908,-0.014240742,0.000304725,0.000287644,0.597012982,0.163293312,85.95098517,5.179664862,6.108664217,0.261799388,1625.763439,29.55704969,46.73309377,243.8645159,,,-1.0,725,-0.361613226,-0.342913119,-0.250288525,-0.018700107,NA.NA,725,-0.361613226,2.213140011,967.0469971,3.833169937,-0.3616132255793145,725,752.1453578143797,675.0423085123026,662.1192365398884,659.1200595627206
100115,RSN10225,62,10225, LEV,4.34,35.0174,-119.1492,9.557,90.34,505,34.6146,-118.291,7.84,7.9,-0.000499439,-0.003114033,0.000601485,0.000247623,0.160383442,0.16086213,84.50811705,5.179664862,6.187968323,0.087266463,494.0938631,2.016932999,5.177241328,74.11407947,,,-1.0,371,0.308356367,-0.342913119,-0.250288525,0.651269485,NA.NA,371,0.308356367,2.213140011,967.0469971,3.833169937,0.3083563666679252,371,361.33515944538277,355.3918074456876,360.69741986242616,349.43001836540884
100115,RSN10735,62,10735, LEV,4.66,34.2983,-118.6255,8.038,46.65,505,34.6146,-118.291,20.04,20.15,0.002945436,0.004496194,0.000619738,0.000327186,0.655095357,0.161264261,81.1109515,5.179664862,6.126524324,0.296705973,1775.630838,9.002328951,7.254991625,266.3446257,,,-1.0,776,-0.429594091,-0.342913119,-0.250288525,-0.086680972,NA.NA,776,-0.429594091,2.213140011,967.0469971,3.833169937,-0.4295940909078588,776,733.8514576207814,711.302242978537,692.8914068411678,698.1425154687807
100115,RSN11729,62,11729, LEV,4.5,34.3365,-116.8617,8.94,134.88,505,34.6146,-118.291,16.15,16.26,0.003153062,0.005857322,0.001570835,0.000298575,0.538311221,0.161899226,86.58353995,5.179664862,6.165704274,0.244346095,1508.886287,10.56036842,3.728795195,226.3329431,,,-1.0,773,-0.425720619,-0.342913119,-0.250288525,-0.082807501,NA.NA,773,-0.425720619,2.213140011,967.0469971,3.833169937,-0.4257206193120622,773,876.5005878405492,755.9845743224847,747.2874879727126,718.368485149437
100118,RSN16616,64,16616, LUG,3.69,33.735,-117.4936,9.693,70.92,365,34.3656,-117.3668,16.91,17.07,-0.002194666,-0.007397474,4.67e-05,5.92e-05,0.296677722,0.160219919,82.8193937,5.179664862,6.192470162,0.13962634,896.375952,37.07206081,158.4041542,134.4563928,CI,LUG,0.32,545,-0.400888441,-0.170436382,-0.077811789,-0.230452059,CI.LUG,545,-0.400888441,3.733690023,1137.849976,3.054860115,-0.4008884410807525,545,527.693631857579,514.8763220889032,517.6960817679245,507.16763607305626
100118,RSN16955,64,16955, LUG,3.63,34.1242,-116.405,9.555,92.56,365,34.3656,-117.3668,12.09,12.24,0.000476428,0.003206456,3.72e-05,4.2e-05,0.148584098,0.160896244,84.62935203,5.179664862,6.187901101,0.06981317,457.842839,11.34352381,86.19505376,68.67642585,CI,LUG,0.32,355,0.027779564,-0.170436382,-0.077811789,0.198215946,CI.LUG,355,0.027779564,3.733690023,1137.849976,3.054860115,0.027779564107075494,355,371.0295221191549,371.8811629434828,357.75273114310954,357.9021067777954
100118,RSN10092,64,10092, LUG,4.18,34.3617,-118.6637,11.151,119.3,365,34.3656,-117.3668,10.9,11.04,0.002539354,0.007876768,0.001910305,0.000526346,0.32238528,0.159834401,85.08321114,5.179664862,6.233452986,0.157079633,971.7992807,4.824495674,4.12330387,145.7698921,CI,LUG,0.32,586,-0.473422436,-0.170436382,-0.077811789,-0.302986054,CI.LUG,586,-0.473422436,3.733690023,1137.849976,3.054860115,-0.4734224359945207,586,563.4968245669761,553.2722903105838,545.3859260944615,550.1402736342189
100118,RSN12618,64,12618, LUG,4.11,33.5089,-116.8485,12.274,106.42,365,34.3656,-117.3668,14.4,14.55,-0.000345138,-0.001265736,0.000225477,7.49e-05,0.272678015,0.158880958,83.8715492,5.179664862,6.258050482,0.13962634,835.9791904,4.607983979,5.613592517,125.3968786,CI,LUG,0.32,513,-0.340378492,-0.170436382,-0.077811789,-0.169942109,CI.LUG,513,-0.340378492,3.733690023,1137.849976,3.054860115,-0.34037849158827793,513,467.41371311475694,477.9945658985273,478.1902492134578,476.3692366616226
100118,RSN19382,64,19382, LUG,3.43,34.1381,-117.4717,5.767,27.02,365,34.3656,-117.3668,22.06,22.17,-0.00476975,-0.017380498,0.000214609,2.78e-05,0.274431129,0.162155631,79.20443397,5.179664862,6.057771424,0.13962634,824.0009702,171.573741,80.98680857,123.6001455,CI,LUG,0.32,508,-0.330584094,-0.170436382,-0.077811789,-0.160147712,CI.LUG,508,-0.330584094,3.733690023,1137.849976,3.054860115,-0.33058409399599054,508,470.95297311564104,489.59128898296717,491.6691707607647,482.00254709316926
100118,RSN17466,64,17466, LUG,3.59,34.0938,-117.4347,3.015,30.79,365,34.3656,-117.3668,31.35,31.42,-0.001068728,-0.006081341,0.000183272,4.74e-05,0.175738938,0.168001132,86.02531936,5.179664862,5.93802414,0.087266463,517.1021093,22.54700422,33.18205181,77.5653164,CI,LUG,0.32,381,-0.042902022,-0.170436382,-0.077811789,0.127534361,CI.LUG,381,-0.042902022,3.733690023,1137.849976,3.054860115,-0.042902021544209745,381,374.58282808069026,376.6184774640847,374.4592143163962,369.7341109375955
100118,RSN15001,64,15001, LUG,3.74,34.1651,-117.4332,7.875,23.07,365,34.3656,-117.3668,21.67,21.74,-0.002515957,-0.017263309,0.000204029,0.00053141,0.145740139,0.155908797,72.64597536,5.179664862,6.12204057,0.06981317,463.634191,4.734493141,84.61203554,69.54512865,CI,LUG,0.32,358,0.019364367,-0.170436382,-0.077811789,0.18980075,CI.LUG,358,0.019364367,3.733690023,1137.849976,3.054860115,0.01936436718179113,358,372.33159382283475,374.2586352930354,365.3592678453782,364.80603344776904
100118,RSN14509,64,14509, LUG,4.01,33.2617,-116.0659,5.761,171.75,365,34.3656,-117.3668,42.6,42.8,-0.000251522,-0.000870649,0.00011483,0.000117453,0.288890023,0.16501963,88.39580046,5.179664862,6.057510055,0.13962634,849.2055436,2.141469354,7.582069146,127.3808315,CI,LUG,0.32,520,-0.353931458,-0.170436382,-0.077811789,-0.183495076,CI.LUG,520,-0.353931458,3.733690023,1137.849976,3.054860115,-0.35393145799298154,520,659.9475978772562,532.1113175821522,555.658020220649,514.1612504441516
100118,RSN13731,64,13731, LUG,3.97,33.9535,-117.7457,11.873,57.54,365,34.3656,-117.3668,13.55,13.61,-0.000903953,-0.003351229,0.000225456,0.000240037,0.269737732,0.157071106,79.01212428,5.179664862,6.249828919,0.13962634,837.1059142,3.765890259,14.86422628,125.5658871,CI,LUG,0.32,514,-0.342325912,-0.170436382,-0.077811789,-0.17188953,CI.LUG,514,-0.342325912,3.733690023,1137.849976,3.054860115,-0.342325911872674,514,471.34667577646843,478.3457599144324,482.244996432994,477.7020462525216
100118,RSN17091,64,17091, LUG,3.52,34.2098,-116.4371,4.645,87.33,365,34.3656,-117.3668,25.7,25.79,0.000304348,0.0023459,0.000128071,7.82e-05,0.129736252,0.166663807,87.54452654,5.179664862,5.994593769,0.06981317,386.9209219,3.891918159,18.31718344,58.03813829,CI,LUG,0.32,319,0.134706251,-0.170436382,-0.077811789,0.305142633,CI.LUG,319,0.134706251,3.733690023,1137.849976,3.054860115,0.1347062507976471,319,366.776283460569,359.82668130929557,330.525339739861,334.4965159701342
100118,RSN9374,64,9374, LUG,4.88,34.0655,-117.0011,17.501,47.37,365,34.3656,-117.3668,17.0,17.1,-0.018375533,-0.145316042,0.00328511,0.000559436,0.126452197,0.147444435,70.26620694,5.179664862,6.383907006,0.06981317,426.4610037,32.84653294,44.23475683,63.96915056,CI,LUG,0.32,340,0.070951736,-0.170436382,-0.077811789,0.241388118,CI.LUG,340,0.070951736,3.733690023,1137.849976,3.054860115,0.07095173597228399,340,381.59313841769824,378.2335076278347,355.2419781528035,362.1631128524162
100118,RSN16676,64,16676, LUG,3.79,34.0456,-117.2248,15.927,37.83,365,34.3656,-117.3668,33.19,33.34,0.002427908,0.016734132,5.9e-05,4.28e-05,0.145087163,0.146136743,68.0292536,5.179664862,6.345939946,0.06981317,492.4664201,56.72682243,283.6293559,73.86996302,CI,LUG,0.32,370,-0.013605652,-0.170436382,-0.077811789,0.15683073,CI.LUG,370,-0.013605652,3.733690023,1137.849976,3.054860115,-0.01360565205577835,370,375.42009517777143,381.7493690526111,372.4420926735029,373.29456409367515
100166,RSN14388,72,14388, DAN,4.14,34.8632,-116.3444,6.474,91.68,477,34.6375,-115.3812,22.67,22.83,0.002522245,0.013427693,6.05e-05,5.04e-05,0.18783904,0.164044083,86.51943108,5.179664862,6.084678138,0.087266463,564.844366,50.04454365,221.9453388,84.7266549,CI,DAN,2.67374,402,0.171064402,0.086409594,0.179034187,0.084654808,CI.DAN,402,0.171064402,0.61381501,427.5369873,2.447570086,0.1710644022693204,402,385.60315444439505,539.5173273144001,387.19913008177934,471.8962832296418
100166,RSN12810,72,12810, DAN,3.81,34.1053,-117.0048,2.878,160.58,477,34.6375,-115.3812,19.65,19.72,5.84e-05,0.000588939,8.98e-05,2e-05,0.099189412,0.168394441,89.32329264,5.179664862,5.93802414,0.052359878,293.4786848,2.92,6.558340757,44.02180272,CI,DAN,2.67374,266,0.584020182,0.086409594,0.179034187,0.497610588,CI.DAN,266,0.584020182,0.61381501,427.5369873,2.447570086,0.5840201821066424,266,330.3464202926561,362.31383234513964,300.8959427670166,329.1387594516516
100166,RSN13832,72,13832, DAN,4.17,34.3277,-116.829,4.957,137.36,477,34.6375,-115.3812,18.43,18.53,0.00015843,0.00057396,0.00020196,4.48e-05,0.276029024,0.16616384,88.33341577,5.179664862,6.015610792,0.13962634,808.4810626,3.536383929,2.841948901,121.2721594,CI,DAN,2.67374,502,-0.051083629,0.086409594,0.179034187,-0.137493223,CI.DAN,502,-0.051083629,0.61381501,427.5369873,2.447570086,-0.05108362880338735,502,525.8172933652027,684.4311218330204,503.17351408547415,591.9869808671758
100166,RSN9176,72,9176, DAN,5.03,35.3852,-118.6292,7.3,307.86,477,34.6375,-115.3812,7.75,7.88,8.46e-05,0.000451803,0.000133934,1.37e-05,0.187287408,0.163667226,88.82054764,5.179664862,6.108664217,0.087266463,564.5382497,6.175182482,3.373325668,84.68073746,CI,DAN,2.67374,401,0.173555064,0.086409594,0.179034187,0.08714547,CI.DAN,401,0.173555064,0.61381501,427.5369873,2.447570086,0.1735550635817722,401,438.12986966653716,567.4970947407664,442.2875843660272,509.06724559735534
100166,RSN12679,72,12679, DAN,4.34,35.8373,-117.678,6.864,247.84,477,34.6375,-115.3812,19.79,19.92,7.84e-05,0.000520499,1.39e-05,1.15e-05,0.150704893,0.163973305,88.63447628,5.179664862,6.096821743,0.06981317,455.52289,6.817391304,37.44597122,68.3284335,CI,DAN,2.67374,354,0.298219578,0.086409594,0.179034187,0.211809984,CI.DAN,354,0.298219578,0.61381501,427.5369873,2.447570086,0.2982195777545673,354,446.1662776301566,494.89481110065714,412.5106728576478,446.55847930915525
100166,RSN12838,72,12838, DAN,4.02,33.7129,-116.0516,12.808,119.74,477,34.6375,-115.3812,23.95,24.11,-0.00046703,-0.000977336,0.000273665,0.000113484,0.477860815,0.158743597,84.28556089,5.179664862,6.268161535,0.226892803,1393.539179,4.115381904,3.571286061,209.0308769,CI,DAN,2.67374,732,-0.428264023,0.086409594,0.179034187,-0.514673617,CI.DAN,396,0.18610228,0.61381501,427.5369873,2.447570086,0.18610227963386095,396,405.1958238230606,467.89533959109747,380.68884342051365,416.95232843500594
100166,RSN13224,72,13224, DAN,4.19,34.3571,-116.8418,9.486,137.7,477,34.6375,-115.3812,17.6,17.65,7.2e-05,0.000591098,0.000255332,1.3e-05,0.121879062,0.16135296,86.42954081,5.179664862,6.185563454,0.052359878,375.4212389,5.538461538,2.315017311,56.31318584,CI,DAN,2.67374,313,0.4213133,0.086409594,0.179034187,0.334903707,CI.DAN,313,0.4213133,0.61381501,427.5369873,2.447570086,0.4213133003481886,313,353.5874669881123,412.13148152197124,343.1565759477608,373.6571113422455
100166,RSN12742,72,12742, DAN,4.26,33.9538,-116.3912,7.696,119.99,477,34.6375,-115.3812,22.8,22.88,0.000173367,0.000694006,0.000132369,2.04e-05,0.249806302,0.163186466,86.75219037,5.179664862,6.118116656,0.122173048,748.1601287,8.498382353,5.242964743,112.2240193,CI,DAN,2.67374,477,0.0,0.086409594,0.179034187,-0.086409594,CI.DAN,477,0.0,0.61381501,427.5369873,2.447570086,0.0,477,450.5938727355325,649.3256813995642,450.73241004897136,562.6044685926646
100166,RSN13184,72,13184, DAN,4.11,33.7104,-116.0457,12.559,119.7,477,34.6375,-115.3812,14.25,14.34,-0.000535019,-0.0017849,0.000349953,0.000123242,0.299747522,0.158893115,84.40529088,5.179664862,6.263559029,0.13962634,912.4620589,4.341206731,5.100399196,136.8693088,CI,DAN,2.67374,554,-0.149648196,0.086409594,0.179034187,-0.23605779,CI.DAN,554,-0.149648196,0.61381501,427.5369873,2.447570086,-0.1496481958589424,554,518.3288963779338,733.511090597742,518.7875783565677,634.8661523447186
100166,RSN18076,72,18076, DAN,5.19,36.4034,-117.8499,9.418,297.54,477,34.6375,-115.3812,9.88,9.95,-9e-05,-0.000376735,0.000122637,4.32e-05,0.238854754,0.161662566,88.37099357,5.179664862,6.183223963,0.122173048,723.9054829,2.083333333,3.071952184,108.5858224,CI,DAN,2.67374,466,0.023330857,0.086409594,0.179034187,-0.063078737,CI.DAN,466,0.023330857,0.61381501,427.5369873,2.447570086,0.023330856762695973,466,504.8345104315893,656.3522990733992,499.8718524570516,577.5036417149963
100166,RSN10927,72,10927, DAN,4.26,33.8776,-116.2019,10.062,113.22,477,34.6375,-115.3812,26.4,26.44,-0.000281759,-0.00065704,0.000315979,0.000111912,0.428831095,0.160660421,85.37423425,5.179664862,6.204033973,0.20943951,1253.696795,2.517683537,2.079378693,188.0545193,CI,DAN,2.67374,683,-0.358978369,0.086409594,0.179034187,-0.445387962,CI.DAN,369,0.256719847,0.61381501,427.5369873,2.447570086,0.25671984684781446,369,389.0754736255523,444.5318994176264,354.9420319894436,393.1530525908225
100166,RSN16939,72,16939, DAN,3.63,34.1242,-116.405,9.555,110.04,477,34.6375,-115.3812,13.16,13.22,0.000348445,0.002581513,0.000297366,4.03e-05,0.134976985,0.161101046,85.47088867,5.179664862,6.187901101,0.06981317,416.1678969,8.646277916,8.681264839,62.42518454,CI,DAN,2.67374,335,0.353385959,0.086409594,0.179034187,0.266976365,CI.DAN,335,0.353385959,0.61381501,427.5369873,2.447570086,0.3533859590632753,335,363.58045309624305,441.4987922884953,340.04070857230727,396.0343676381497
100167,RSN17750,73,17750, ERR,3.63,32.7081,-116.029,7.885,49.26,238,33.1168,-115.8227,22.98,23.04,-0.000293418,-0.003032312,0.000348536,0.000128505,0.096763777,0.16168374,81.83731332,5.179664862,6.12225391,0.052359878,298.2548328,2.283319715,8.700140014,44.73822492,CI,ERR,0.146666667,268,-0.118716307,-0.107137855,-0.014513262,-0.011578451,CI.ERR,268,-0.118716307,7.979599953,-59.80690002,0.576366007,-0.1187163068393815,268,333.80211891213173,294.6576488206595,282.27499436938587,273.123018641005
100167,RSN14446,73,14446, ERR,4.05,32.7091,-116.0396,7.817,49.56,238,33.1168,-115.8227,23.42,23.5,-0.000869507,-0.008302256,0.000225396,0.000250418,0.104731352,0.161754429,81.9168618,5.179664862,6.120791156,0.052359878,322.4164821,3.472222444,36.83408756,48.36247232,CI,ERR,0.146666667,282,-0.169636397,-0.107137855,-0.014513262,-0.062498542,CI.ERR,282,-0.169636397,7.979599953,-59.80690002,0.576366007,-0.16963639726663882,282,327.68992303676356,304.6761186551419,278.75431494616004,279.7878046141865
100167,RSN16758,73,16758, ERR,3.72,33.1099,-116.0467,7.494,20.92,238,33.1168,-115.8227,12.71,12.82,0.009728025,0.119637427,0.000308404,0.000330158,0.081312555,0.154782935,71.13011189,5.179664862,6.113435346,0.034906585,261.9622979,29.46475627,387.9243687,39.29434469,CI,ERR,0.146666667,246,-0.033060862,-0.107137855,-0.014513262,0.074076993,CI.ERR,246,-0.033060862,7.979599953,-59.80690002,0.576366007,-0.03306086226088745,246,368.3589506479029,286.30581088215246,312.25688401651706,272.8311775748559
100172,RSN18017,75,18017, JRC2,5.0,36.3864,-117.8583,7.408,45.04,623,35.9825,-117.8089,11.9,11.96,-0.005279313,-0.017955662,0.003030054,0.000739247,0.294019426,0.161842606,81.52397407,5.179664862,6.11135504,0.13962634,880.0598364,7.141473689,5.925855447,132.0089755,CI,JRC2,5.246016667,537,0.148548424,-0.125458709,-0.032834115,0.274007133,CI.JRC2,537,0.148548424,13.04990005,1420.880005,9.128740311,0.14854842427858816,537,479.65573256230243,479.50414445886554,508.93342367723045,504.939477386692
100172,RSN18043,75,18043, JRC2,4.5,36.3915,-117.8683,9.117,45.7,623,35.9825,-117.8089,10.31,10.45,-0.016569592,-0.028627639,0.001876735,0.002011774,0.578797019,0.159322655,79.54774351,5.179664862,6.172420506,0.261799388,1627.602499,8.23630885,15.25395914,244.1403749,CI,JRC2,5.246016667,726,-0.153003496,-0.125458709,-0.032834115,-0.027544787,CI.JRC2,533,0.156025095,13.04990005,1420.880005,9.128740311,0.15602509462160885,533,507.6351135737662,495.04830005036547,584.7464748110981,535.4114077383266
100172,RSN12693,75,12693, JRC2,4.34,35.8373,-117.678,6.864,19.98,623,35.9825,-117.8089,19.81,19.96,0.068244611,0.144159652,4.47e-05,2.91e-05,0.473396059,0.155952805,71.95554156,5.179664862,6.096821743,0.226892803,1407.560947,2345.175636,3225.048143,211.1341421,CI,JRC2,5.246016667,737,-0.168041373,-0.125458709,-0.032834115,-0.042582665,CI.JRC2,541,0.14112724,13.04990005,1420.880005,9.128740311,0.14112723994097198,541,512.9620446083027,505.63902515129615,545.1296012159771,540.7876821362039
100172,RSN14643,75,14643, JRC2,3.9,35.3429,-118.5645,9.906,98.57,623,35.9825,-117.8089,20.21,20.35,0.00039111,0.000492824,7.14e-06,1.04e-05,0.793608856,0.160634014,84.75412821,5.179664862,6.199256899,0.331612558,2047.403659,37.60673077,69.02296919,307.1105489,CI,JRC2,5.246016667,866,-0.32933839,-0.125458709,-0.032834115,-0.203879681,CI.JRC2,636,-0.020652045,13.04990005,1420.880005,9.128740311,-0.020652044552669224,636,584.415691506976,589.9649232502874,640.2928458627584,616.2389186259695
100177,RSN15529,77,15529, LDF,3.68,34.7251,-116.0506,2.727,91.06,448,35.1307,-115.1842,21.13,21.24,-5.6e-05,-0.00013766,1.62e-05,6.21e-06,0.407014761,0.16837449,88.88834388,5.179664862,5.93802414,0.191986218,1140.47585,9.017713366,8.497530864,171.0713775,CI,LDF,-999.0,643,-0.361351492,-0.407031705,-0.314407112,0.045680213,CI.LDF,643,-0.361351492,2.213140011,1239.449951,2.034770012,-0.36135149182263415,643,687.3182559174891,790.8541505306991,640.0665379481429,703.2683645216902
100177,RSN13535,77,13535, LDF,4.06,32.7797,-117.3507,7.174,328.8,448,35.1307,-115.1842,8.81,9.0,-3.68e-05,-9.75e-05,8.88e-06,4.43e-06,0.377384109,0.163760002,88.91834215,5.179664862,6.105409111,0.174532925,1094.806069,8.306997743,10.97972973,164.2209104,CI,LDF,-999.0,631,-0.34251263,-0.407031705,-0.314407112,0.064519075,CI.LDF,631,-0.34251263,2.213140011,1239.449951,2.034770012,-0.3425126301262278,631,1160.2991928987703,874.4999973171599,759.497172593938,752.7514601934796
100177,RSN10082,77,10082, LDF,4.18,34.3617,-118.6637,11.151,329.84,448,35.1307,-115.1842,14.0,14.12,6.45e-05,0.000122018,1.46e-05,1.34e-05,0.528879473,0.160347957,88.22736623,5.179664862,6.233452986,0.244346095,1502.373733,4.813432836,8.35739726,225.35606,CI,LDF,-999.0,771,-0.542895141,-0.407031705,-0.314407112,-0.135863436,CI.LDF,771,-0.542895141,2.213140011,1239.449951,2.034770012,-0.5428951411483443,771,977.4985905975448,944.7937823756594,842.0554397328478,858.23583370944
100177,RSN9210,77,9210, LDF,5.03,35.3852,-118.6292,7.3,314.77,448,35.1307,-115.1842,8.85,9.12,0.000934692,0.002270309,4.43e-05,2.44e-05,0.411702354,0.16366876,88.84691796,5.179664862,6.108664217,0.191986218,1184.896233,38.30704918,51.24851016,177.734435,CI,LDF,-999.0,656,-0.381367557,-0.407031705,-0.314407112,0.025664148,CI.LDF,656,-0.381367557,2.213140011,1239.449951,2.034770012,-0.3813675565291037,656,1068.7644647298587,877.5889125148194,775.7819025104741,766.4424953996569
100269,RSN14608,92,14608, SLA,4.11,35.6211,-117.5805,9.045,40.24,482,35.891,-117.2833,21.17,21.23,-0.001614225,-0.021344272,0.000603852,0.000536848,0.075628012,0.158739664,78.34439795,5.179664862,6.169722379,0.034906585,237.6805657,3.006856689,35.34685983,35.65208486,CI,SLA,-999.0,229,0.74422211,-0.245484331,-0.152859738,0.989706442,CI.SLA,229,0.74422211,8.788499832,1108.48999,5.750790119,0.7442221104963602,229,348.8363418417101,361.29272981621324,311.4165754431534,321.82342688214914
100269,RSN18284,92,18284, SLA,4.2,36.3905,-117.8695,8.829,76.52,482,35.891,-117.2833,10.32,10.61,0.00153778,0.002396246,4.24e-05,6.33e-05,0.641745299,0.161425109,84.04066746,5.179664862,6.161345296,0.27925268,1741.144845,24.29352291,56.51523585,261.1717268,CI,SLA,-999.0,764,-0.460623675,-0.245484331,-0.152859738,-0.215139344,CI.SLA,764,-0.460623675,8.788499832,1108.48999,5.750790119,-0.4606236751159205,764,800.2677436526133,727.981490081799,519.4623094448515,580.4347947477429
100269,RSN18189,92,18189, SLA,4.08,36.3983,-117.8495,7.662,75.93,482,35.891,-117.2833,11.4,11.63,0.000802153,0.001116569,0.000131434,5.17e-05,0.718408611,0.162811078,84.85569935,5.179664862,6.117348091,0.314159265,1883.505904,15.51553191,8.495282804,282.5258856,CI,SLA,-999.0,812,-0.521556226,-0.245484331,-0.152859738,-0.276071895,CI.SLA,812,-0.521556226,8.788499832,1108.48999,5.750790119,-0.5215562261110778,812,765.6896870246105,780.3588437843318,529.1017218206664,607.2788595156801
100269,RSN9409,92,9409, SLA,4.88,34.0655,-117.0011,17.501,204.15,482,35.891,-117.2833,13.3,13.41,-0.000693149,-0.001612478,0.000464114,0.000154813,0.42986582,0.156128934,85.35288872,5.179664862,6.383907006,0.20943951,1292.728333,4.477330715,3.4743145,193.90925,CI,SLA,-999.0,697,-0.368841297,-0.245484331,-0.152859738,-0.123356965,CI.SLA,697,-0.368841297,8.788499832,1108.48999,5.750790119,-0.36884129670992394,697,961.057552322929,830.2964473499069,589.6425698578038,623.0854971206569
100269,RSN8856,92,8856, SLA,5.39,33.9465,-117.7667,14.89,220.19,482,35.891,-117.2833,28.44,28.7,-0.004318474,-0.008798355,0.000555974,0.00011522,0.490827444,0.157997112,86.37089585,5.179664862,6.31653763,0.226892803,1431.128528,37.48024648,15.82511952,214.6692792,CI,SLA,-999.0,746,-0.436781486,-0.245484331,-0.152859738,-0.191297155,CI.SLA,746,-0.436781486,8.788499832,1108.48999,5.750790119,-0.43678148615316026,746,836.9847272200958,819.8929596565678,587.646397042649,641.5352198097406
100269,RSN12423,92,12423, SLA,4.27,36.1466,-118.0613,4.057,75.65,482,35.891,-117.2833,26.42,26.61,0.000747836,0.00172361,1.74e-05,9.14e-06,0.433877713,0.168095358,87.63440997,5.179664862,5.943934512,0.20943951,1210.199737,81.82013129,99.05804598,181.5299606,CI,SLA,-999.0,666,-0.323345556,-0.245484331,-0.152859738,-0.077861225,CI.SLA,666,-0.323345556,8.788499832,1108.48999,5.750790119,-0.32334555648978913,666,680.5892590081514,629.7452858796935,476.91574476562727,517.7892174182875
100269,RSN16999,92,16999, SLA,3.59,35.7823,-117.6639,7.014,36.44,482,35.891,-117.2833,12.98,13.11,0.000605243,0.00307201,5.93e-05,9.03e-05,0.197018717,0.161537926,80.25015891,5.179664862,6.101084446,0.104719755,601.5989753,6.702580288,51.80455312,90.2398463,CI,SLA,-999.0,416,0.147258854,-0.245484331,-0.152859738,0.392743185,CI.SLA,416,0.147258854,8.788499832,1108.48999,5.750790119,0.1472588537893369,416,400.88184303049246,389.9759291999865,322.57827212271746,340.5067644667267
100269,RSN14678,92,14678, SLA,3.9,35.3429,-118.5645,9.906,131.04,482,35.891,-117.2833,28.02,28.16,4.77e-05,0.00013491,2.31e-05,1.09e-05,0.353679806,0.160926596,86.05063717,5.179664862,6.199256899,0.174532925,1051.889585,4.376146789,5.84025974,157.7834378,CI,SLA,-999.0,619,-0.250161159,-0.245484331,-0.152859738,-0.004676827,CI.SLA,619,-0.250161159,8.788499832,1108.48999,5.750790119,-0.250161158633996,619,836.8991329661347,656.0476881442612,477.1954588603906,509.296891101424
100269,RSN12714,92,12714, SLA,4.34,35.8373,-117.678,6.864,36.14,482,35.891,-117.2833,23.5,23.73,0.009917468,0.033307446,3.16e-05,5.69e-05,0.297755272,0.161633517,80.21443282,5.179664862,6.096821743,0.13962634,891.5067722,174.2964499,1054.033101,133.7260158,CI,SLA,-999.0,543,-0.119165206,-0.245484331,-0.152859738,0.126319125,CI.SLA,543,-0.119165206,8.788499832,1108.48999,5.750790119,-0.11916520588333501,543,516.2092276545692,499.4909771811386,391.13314495765604,426.1204641626439
100269,RSN9276,92,9276, SLA,5.03,35.3852,-118.6292,7.3,134.2,482,35.891,-117.2833,23.09,23.44,0.006321186,0.012215287,0.000210871,6.66e-05,0.51748161,0.16351578,87.26750223,5.179664862,6.108664217,0.244346095,1447.963855,94.9127027,57.92777101,217.1945783,CI,SLA,-999.0,752,-0.44479221,-0.245484331,-0.152859738,-0.199307879,CI.SLA,752,-0.44479221,8.788499832,1108.48999,5.750790119,-0.44479220989923984,752,837.3096443307181,770.4676005144888,554.8296876282333,600.918003466601
100269,RSN9453,92,9453, SLA,4.73,36.4011,-117.8397,7.419,75.57,482,35.891,-117.2833,23.21,23.49,0.002516828,0.003660453,0.000226299,0.000173652,0.687572747,0.163010499,85.04238775,5.179664862,6.111624155,0.296705973,1817.983471,14.49351577,16.17529463,272.6975207,CI,SLA,-999.0,790,-0.494088831,-0.245484331,-0.152859738,-0.2486045,CI.SLA,790,-0.494088831,8.788499832,1108.48999,5.750790119,-0.4940888314104672,790,786.8568660539056,750.831023450418,520.8198276783507,595.22622620792
100269,RSN14762,92,14762, SLA,3.84,34.2268,-117.4407,8.593,185.18,482,35.891,-117.2833,26.92,27.04,0.000471448,0.002054696,0.000294765,0.000212983,0.229448877,0.162417577,87.62405761,5.179664862,6.151676073,0.104719755,692.2868413,2.21354756,6.970624056,103.8430262,CI,SLA,-999.0,451,0.066476775,-0.245484331,-0.152859738,0.311961106,CI.SLA,451,0.066476775,8.788499832,1108.48999,5.750790119,0.06647677454792156,451,546.3767052492603,474.8042236666625,413.3280291535523,397.61586063675793
100269,RSN17960,92,17960, SLA,4.04,36.3911,-117.8665,9.439,76.38,482,35.891,-117.2833,12.0,12.19,0.002201332,0.003625159,0.000357612,0.000110371,0.607237318,0.160694873,83.58008168,5.179664862,6.183950287,0.27925268,1679.287667,19.94484058,10.13712907,251.8931501,CI,SLA,-999.0,743,-0.432751931,-0.245484331,-0.152859738,-0.187267599,CI.SLA,743,-0.432751931,8.788499832,1108.48999,5.750790119,-0.432751930667159,743,795.0668436034548,703.6542330866633,517.2196213664395,569.5964312920838
100269,RSN18142,92,18142, SLA,5.19,36.4034,-117.8499,9.418,76.37,482,35.891,-117.2833,12.45,12.77,0.009611885,0.020839968,0.002653098,0.002156286,0.461223588,0.160718744,83.59592441,5.179664862,6.183223963,0.20943951,1332.397253,4.457611374,7.85495598,199.859588,CI,SLA,-999.0,712,-0.390133797,-0.245484331,-0.152859738,-0.144649466,CI.SLA,712,-0.390133797,8.788499832,1108.48999,5.750790119,-0.39013379736137566,712,735.8671459228965,669.7560317651132,496.24116132568133,553.6321648551498
100269,RSN11461,92,11461, SLA,4.73,33.7328,-117.4921,10.018,240.18,482,35.891,-117.2833,24.1,24.23,-8.62e-05,-0.000254889,3.7e-05,1.34e-05,0.338026853,0.161105403,87.83912828,5.179664862,6.202702587,0.157079633,1006.326395,6.432835821,6.888891892,150.9489593,CI,SLA,-999.0,604,-0.225630084,-0.245484331,-0.152859738,0.019854247,CI.SLA,604,-0.225630084,8.788499832,1108.48999,5.750790119,-0.2256300838842149,604,661.8921457615174,640.5741752432715,485.81137423393847,523.5212869687305
100269,RSN10527,92,10527, SLA,4.45,34.1081,-117.3062,14.795,197.8,482,35.891,-117.2833,16.5,16.62,0.000362616,0.001255673,0.000229272,1.79e-05,0.288782456,0.15799644,85.97401014,5.179664862,6.313637877,0.13962634,886.6487601,20.25787709,5.476783035,132.997314,CI,SLA,-999.0,540,-0.113625026,-0.245484331,-0.152859738,0.131859306,CI.SLA,540,-0.113625026,8.788499832,1108.48999,5.750790119,-0.11362502550772025,540,503.8923936975234,539.7956649668611,410.46318933213576,454.04098809181653
100269,RSN16562,92,16562, SLA,3.61,34.2449,-117.4464,12.48,183.22,482,35.891,-117.2833,18.9,19.02,0.000387388,0.000937599,0.00017122,0.000152917,0.413169932,0.159375158,86.39074017,5.179664862,6.262058538,0.191986218,1220.545603,2.533321998,5.475989954,183.0818405,CI,SLA,-999.0,670,-0.329333598,-0.245484331,-0.152859738,-0.083849267,CI.SLA,670,-0.329333598,8.788499832,1108.48999,5.750790119,-0.32933359833441145,670,795.1913330950815,741.1116259995299,555.165466281384,580.0313125661404
100269,RSN18029,92,18029, SLA,5.0,36.3864,-117.8583,7.408,75.5,482,35.891,-117.2833,11.92,12.05,0.005782364,0.008858811,0.001369205,0.001322844,0.652724687,0.163019762,85.05084119,5.179664862,6.11135504,0.296705973,1751.937956,4.371160923,6.470039914,262.7906934,CI,SLA,-999.0,768,-0.465845619,-0.245484331,-0.152859738,-0.220361288,CI.SLA,768,-0.465845619,8.788499832,1108.48999,5.750790119,-0.4658456190970721,768,768.2846079627099,731.3456439301893,512.9788023905294,580.038709716775
100393,RSN16641,119,16641, SBB2,3.69,33.735,-117.4936,9.693,110.07,1131,34.6885,-117.8245,12.86,12.97,-0.000231711,-0.00020115,8.51e-06,6.48e-06,1.151928447,0.160965859,85.39814127,5.179664862,6.192470162,0.436332313,2583.039677,35.75787037,23.63689777,387.4559516,CI,SBB2,-999.0,1035,0.08870077,0.072209132,0.164833726,0.016491638,CI.SBB2,1035,0.08870077,2.604199886,820.1699829,4.39688015,0.08870077041665159,1035,872.2531742200465,1007.8058555084842,902.8708633094232,956.6753078966173
100393,RSN14675,119,14675, SBB2,3.9,35.3429,-118.5645,9.906,99.16,1131,34.6885,-117.8245,27.88,28.0,-0.000101333,-6.39e-05,6.12e-06,1.25e-05,1.584592709,0.160647648,84.80736339,5.179664862,6.199256899,0.506145483,3007.063855,8.10664,10.44117647,451.0595783,CI,SBB2,-999.0,1163,-0.027900676,0.072209132,0.164833726,-0.100109809,CI.SBB2,1163,-0.027900676,2.604199886,820.1699829,4.39688015,-0.027900676402543567,1163,840.8147896609744,1082.6264821485843,963.7444460524945,1049.515663600441
100393,RSN19401,119,19401, SBB2,3.43,34.1381,-117.4717,5.767,69.14,1131,34.6885,-117.8245,29.5,29.58,-0.002751328,-0.002264044,6.32e-05,4.79e-05,1.215227093,0.164660961,85.93030602,5.179664862,6.057771424,0.436332313,2590.235534,57.43899791,35.82348101,388.5353301,CI,SBB2,-999.0,1037,0.086770268,0.072209132,0.164833726,0.014561135,CI.SBB2,1037,0.086770268,2.604199886,820.1699829,4.39688015,0.08677026788659337,1037,872.5172345739932,1003.1374080676537,895.4140018395572,959.0821084030583
100393,RSN9969,119,9969, SBB2,4.59,34.9977,-119.1926,10.662,129.75,1131,34.6885,-117.8245,9.47,9.68,-0.00901152,-0.008873494,0.001303626,0.001207204,1.015554798,0.1602891,85.68325026,5.179664862,6.221029194,0.401425728,2412.352285,7.464786399,6.806778938,361.8528428,CI,SBB2,-999.0,982,0.141266168,0.072209132,0.164833726,0.069057035,CI.SBB2,982,0.141266168,2.604199886,820.1699829,4.39688015,0.14126616776165513,982,958.8643536725655,1018.2993895773526,911.7681523824494,941.191556083462
100427,RSN11078,125,11078, JSGB,4.35,36.6065,-121.2101,6.13,106.08,376,37.284,-122.0502,22.6,22.8,-0.000783358,-0.003218388,0.000685811,0.000300638,0.243400792,0.164477301,87.17606436,5.179664862,6.072483163,0.122173048,724.3178489,2.60565198,4.692820617,108.6476773,NC,JSGB,-999.0,466,-0.214596491,0.037488864,0.130113457,-0.252085355,NC.JSGB,466,-0.214596491,19.41049957,188.0809937,4.954850197,-0.21459649073575093,466,430.33548512988125,409.27425214282937,431.33136368163497,410.31637782132873
100427,RSN20898,125,20898, JSGB,3.7,37.8077,-122.0707,11.554,58.15,376,37.284,-122.0502,10.11,10.25,-0.001021126,-0.011072038,0.000138207,0.000107528,0.092225701,0.157505841,79.51003478,5.179664862,6.242859346,0.052359878,291.9312588,9.496373038,80.11199143,43.78968882,NC,JSGB,-999.0,265,0.349859317,0.037488864,0.130113457,0.312370453,NC.JSGB,265,0.349859317,19.41049957,188.0809937,4.954850197,0.3498593174036726,265,331.6997251010505,400.05652023882425,331.89248150283595,362.43447092472877
100427,RSN15821,125,15821, JSGB,3.57,37.0656,-122.2831,5.852,31.86,376,37.284,-122.0502,22.03,22.1,-0.001230108,-0.005675539,0.000365523,0.000137952,0.216738457,0.162861902,80.81291561,5.179664862,6.061407057,0.104719755,653.8948941,8.916927627,15.52717339,98.08423412,NC,JSGB,-999.0,434,-0.143455391,0.037488864,0.130113457,-0.180944255,NC.JSGB,434,-0.143455391,19.41049957,188.0809937,4.954850197,-0.1434553907105105,434,416.10688392653446,390.3139024364291,416.17947088693757,388.30225855792185
100427,RSN20102,125,20102, JSGB,4.2,37.8056,-122.1853,4.131,59.11,376,37.284,-122.0502,4.0,4.24,-0.000691396,-0.005250697,5.25e-05,0.000118563,0.131676947,0.167777503,86.85591255,5.179664862,5.951303027,0.06981317,390.0050718,5.831465128,100.0132762,58.50076077,NC,JSGB,-999.0,321,0.15814802,0.037488864,0.130113457,0.120659156,NC.JSGB,321,0.15814802,19.41049957,188.0809937,4.954850197,0.15814802025987884,321,348.192300617374,363.1038942180056,336.4245422771249,341.33047486861363
100438,RSN12905,130,12905, SPG2,4.11,36.0312,-117.7658,4.03,92.01,924,36.2006,-118.7662,21.05,21.16,0.000667862,0.000475134,0.000111442,8.3e-05,1.405627847,0.168221959,88.07177038,5.179664862,5.941161117,0.471238898,2722.27367,8.04653012,4.263509269,408.3410505,CI,SPG2,-999.0,1078,-0.15415068,-0.028416479,0.064208115,-0.125734201,CI.SPG2,1078,-0.15415068,11.80700016,657.5360107,10.30140018,-0.15415067982725805,1078,968.5690587374801,927.271785874082,977.8598632484561,1010.4755919830068
100438,RSN18030,130,18030, SPG2,5.0,36.3864,-117.8583,7.408,84.12,924,36.2006,-118.7662,10.5,10.55,0.003711946,0.003218238,0.000413858,0.000230387,1.153409668,0.163132478,85.53162558,5.179664862,6.11135504,0.436332313,2550.325433,16.11178582,7.776188934,382.548815,CI,SPG2,-999.0,1025,-0.10373582,-0.028416479,0.064208115,-0.075319341,CI.SPG2,1025,-0.10373582,11.80700016,657.5360107,10.30140018,-0.10373581993082492,1025,913.5106092429124,855.717006332383,933.5511935194497,947.1861502080484
100438,RSN17000,130,17000, SPG2,3.59,35.7823,-117.6639,7.014,109.7,924,36.2006,-118.7662,13.25,13.31,0.000705232,0.000512872,0.000130628,9.78e-05,1.375064426,0.163651755,86.81276556,5.179664862,6.101084446,0.471238898,2773.01948,7.210961145,3.926202652,415.952922,CI,SPG2,-999.0,1093,-0.167969417,-0.028416479,0.064208115,-0.139552938,CI.SPG2,1093,-0.167969417,11.80700016,657.5360107,10.30140018,-0.16796941653485487,1093,943.8056881712123,933.9174422246795,988.727214141896,1014.0039642097796
100438,RSN18318,130,18318, SPG2,3.47,36.3879,-117.8711,9.151,83.05,924,36.2006,-118.7662,10.63,10.67,0.00059717,0.001071702,3.01e-05,1.39e-05,0.557216569,0.161164031,84.25369115,5.179664862,6.173678858,0.261799388,1562.676167,42.9618705,35.60471761,234.4014251,CI,SPG2,-999.0,752,0.205975748,-0.028416479,0.064208115,0.234392226,CI.SPG2,752,0.205975748,11.80700016,657.5360107,10.30140018,0.205975747691844,752,796.3955539709352,660.3056461073875,788.537495550992,719.292029821179
100438,RSN18048,130,18048, SPG2,4.5,36.3915,-117.8683,9.117,83.39,924,36.2006,-118.7662,11.5,11.57,0.02937272,0.020196343,0.00072842,0.001232424,1.454358351,0.161223044,84.3468329,5.179664862,6.172420506,0.488692191,2890.136757,23.83329114,27.72623349,433.5205136,CI,SPG2,-999.0,1129,-0.200375493,-0.028416479,0.064208115,-0.171959014,CI.SPG2,1129,-0.200375493,11.80700016,657.5360107,10.30140018,-0.2003754925079777,1129,867.3588934850262,919.7715223885496,950.0529880200526,1024.8724016983206
100438,RSN17967,130,17967, SPG2,4.04,36.3911,-117.8665,9.439,83.53,924,36.2006,-118.7662,10.42,10.44,0.000120656,0.000130121,4.74e-05,2.16e-05,0.927259893,0.160859312,84.12411221,5.179664862,6.183950287,0.366519143,2266.510995,5.585925926,2.745168776,339.9766493,CI,SPG2,-999.0,936,-0.012903405,-0.028416479,0.064208115,0.015513074,CI.SPG2,936,-0.012903405,11.80700016,657.5360107,10.30140018,-0.012903404835907573,936,887.1420395022884,793.3222207431378,907.5236574535395,882.5430905650985
100438,RSN14609,130,14609, SPG2,4.11,35.6211,-117.5805,9.045,124.86,924,36.2006,-118.7662,25.91,26.02,0.004309066,0.004804831,1.19e-05,9.96e-06,0.896819507,0.161736262,86.25781366,5.179664862,6.169722379,0.366519143,2210.528487,432.6371486,403.7673109,331.5792731,CI,SPG2,-999.0,918,0.006514681,-0.028416479,0.064208115,0.03493116,CI.SPG2,918,0.006514681,11.80700016,657.5360107,10.30140018,0.006514681021193347,918,892.8909141533754,778.4161901744799,925.3534839712913,876.4437220363835
100438,RSN10811,130,10811, SPG2,4.66,34.2983,-118.6255,8.038,211.44,924,36.2006,-118.7662,14.11,14.2,-0.000103049,-0.000161096,4.72e-05,3.02e-05,0.639673505,0.163133094,88.08049133,5.179664862,6.126524324,0.27925268,1718.865976,3.412218543,3.413050847,257.8298964,CI,SPG2,-999.0,757,0.199348818,-0.028416479,0.064208115,0.227765297,CI.SPG2,757,0.199348818,11.80700016,657.5360107,10.30140018,0.19934881820423556,757,908.4786813079131,737.4815928894573,981.1549763842381,816.2753076004095
100438,RSN18146,130,18146, SPG2,5.19,36.4034,-117.8499,9.418,85.32,924,36.2006,-118.7662,12.17,12.21,0.003091365,0.002400174,0.000816964,0.000863103,1.287975085,0.160921885,84.27725101,5.179664862,6.183223963,0.453785606,2731.695528,3.581687238,2.937918929,409.7543292,CI,SPG2,-999.0,1081,-0.156929746,-0.028416479,0.064208115,-0.128513267,CI.SPG2,1081,-0.156929746,11.80700016,657.5360107,10.30140018,-0.15692974599752407,1081,809.7520647705771,883.0982875826631,902.395001202695,976.0360066600705
100438,RSN18232,130,18232, SPG2,4.36,36.3932,-117.8644,8.798,83.78,924,36.2006,-118.7662,12.15,12.23,0.013870601,0.009324181,0.000234595,0.000144948,1.487594605,0.161605746,84.56764772,5.179664862,6.160106881,0.488692191,2908.861093,95.69363496,39.74586415,436.329164,CI,SPG2,-999.0,1134,-0.204794413,-0.028416479,0.064208115,-0.176377934,CI.SPG2,1134,-0.204794413,11.80700016,657.5360107,10.30140018,-0.20479441264601306,1134,895.7126793636835,928.0509217473438,954.7034871856491,1034.0579481864172
100438,RSN10536,130,10536, SPG2,4.45,34.1081,-117.3062,14.795,267.56,924,36.2006,-118.7662,15.4,15.54,0.000498187,0.000588923,0.00011419,0.000108171,0.845928236,0.158174724,87.03124881,5.179664862,6.313637877,0.34906585,2173.173388,4.605550471,5.157395569,325.9760082,CI,SPG2,-999.0,906,0.019672766,-0.028416479,0.064208115,0.048089244,CI.SPG2,906,0.019672766,11.80700016,657.5360107,10.30140018,0.019672765598704345,906,975.0199965807236,879.2259631899357,1001.9124393708718,976.3943576925396
100438,RSN16650,130,16650, SPG2,3.69,33.735,-117.4936,9.693,297.2,924,36.2006,-118.7662,10.98,11.08,1.19e-05,1.22e-05,2.21e-06,1.53e-06,0.977695138,0.161416851,88.31780713,5.179664862,6.192470162,0.383972435,2336.834786,7.777777778,5.520361991,350.5252179,CI,SPG2,-999.0,958,-0.036135706,-0.028416479,0.064208115,-0.007719228,CI.SPG2,958,-0.036135706,11.80700016,657.5360107,10.30140018,-0.03613570632917629,958,1026.8212484663004,988.6862488056564,1040.7835548045728,1022.0796074319458
100438,RSN16368,130,16368, SPG2,3.74,34.8456,-119.2446,12.927,156.47,924,36.2006,-118.7662,35.3,35.37,-0.000297381,-0.000411554,7.65e-05,2.79e-05,0.722580006,0.159012051,85.59985301,5.179664862,6.270295551,0.314159265,1936.139211,10.6588172,5.37979085,290.4208817,CI,SPG2,-999.0,829,0.108491917,-0.028416479,0.064208115,0.136908395,CI.SPG2,829,0.108491917,11.80700016,657.5360107,10.30140018,0.1084919165063889,829,762.2806398414313,742.4815340890823,864.6263161065738,836.8586607844785
100438,RSN18190,130,18190, SPG2,4.08,36.3983,-117.8495,7.662,85.21,924,36.2006,-118.7662,12.35,12.38,0.000692062,0.00076874,0.000148094,0.000205059,0.900254131,0.162945483,85.4109888,5.179664862,6.117348091,0.366519143,2199.095426,3.374940871,5.190892271,329.8643139,CI,SPG2,-999.0,915,0.009788006,-0.028416479,0.064208115,0.038204485,CI.SPG2,915,0.009788006,11.80700016,657.5360107,10.30140018,0.00978800636616306,915,854.8306310166968,772.6098121060697,900.2269111018531,868.843507163201
100438,RSN12716,130,12716, SPG2,4.34,35.8373,-117.678,6.864,106.06,924,36.2006,-118.7662,22.93,23.06,0.004231387,0.004402535,1.74e-05,2.91e-05,0.961125127,0.163759777,86.77281659,5.179664862,6.096821743,0.383972435,2281.448967,145.408488,253.0192529,342.2173451,CI,SPG2,-999.0,941,-0.018231068,-0.028416479,0.064208115,0.010185411,CI.SPG2,941,-0.018231068,11.80700016,657.5360107,10.30140018,-0.018231067943695223,941,862.9384344305153,786.1072858141636,897.1688850080913,886.1033442915434
100438,RSN11466,130,11466, SPG2,4.73,33.7328,-117.4921,10.018,297.48,924,36.2006,-118.7662,60.43,60.57,0.000101807,9.92e-05,1.78e-05,1.61e-05,1.02656678,0.161145277,88.25495417,5.179664862,6.202702587,0.401425728,2413.48673,6.323416149,5.573033708,362.0230095,CI,SPG2,-999.0,982,-0.060879237,-0.028416479,0.064208115,-0.032462758,CI.SPG2,982,-0.060879237,11.80700016,657.5360107,10.30140018,-0.060879236712781726,982,971.6113751815599,992.0109186866662,1042.0502567663907,1049.7755691095144
100438,RSN18287,130,18287, SPG2,4.2,36.3905,-117.8695,8.829,83.26,924,36.2006,-118.7662,12.9,12.93,0.005058509,0.004350124,0.001593172,0.0012291,1.16284258,0.161567496,84.54618202,5.179664862,6.161345296,0.436332313,2585.203481,4.115620373,2.730479823,387.7805222,CI,SPG2,-999.0,1036,-0.114410351,-0.028416479,0.064208115,-0.085993873,CI.SPG2,1036,-0.114410351,11.80700016,657.5360107,10.30140018,-0.11441035117774412,1036,895.2399892436762,867.1096119535213,935.8224320782882,960.4224567663468
100438,RSN18308,130,18308, SPG2,3.05,36.3904,-117.8704,9.371,83.18,924,36.2006,-118.7662,7.18,7.21,0.001804253,0.001767525,0.000196888,0.000346601,1.020779227,0.160934378,84.17113179,5.179664862,6.181585801,0.401425728,2409.329514,5.205562015,8.977311974,361.3994271,CI,SPG2,-999.0,981,-0.059860388,-0.028416479,0.064208115,-0.031443909,CI.SPG2,981,-0.059860388,11.80700016,657.5360107,10.30140018,-0.059860387923679426,981,877.3101602671198,826.7503749538732,924.009199000442,917.8727551990961
100438,RSN14682,130,14682, SPG2,3.9,35.3429,-118.5645,9.906,96.9,924,36.2006,-118.7662,20.51,20.57,-0.004582885,-0.007328044,0.000532145,9.43e-05,0.625390033,0.160605454,84.64432442,5.179664862,6.199256899,0.27925268,1717.291559,48.59899258,13.77076549,257.5937339,CI,SPG2,-999.0,756,0.200670695,-0.028416479,0.064208115,0.229087174,CI.SPG2,756,0.200670695,11.80700016,657.5360107,10.30140018,0.20067069546215066,756,799.5103810342996,661.429225884113,781.8547874048049,717.8851719219758
100461,RSN9068,137,9068, PDM,5.2,33.5328,-116.5697,15.48,240.27,1312,34.3034,-114.1415,13.2,13.3,0.000527413,0.000512903,8.16e-05,0.00013247,1.028289394,0.157595394,86.53292882,5.179664862,6.333749326,0.401425728,2470.066566,3.981376916,6.28557598,370.5099849,CI,PDM,-999.0,1000,0.271552691,0.269239266,0.361863859,0.002313425,CI.PDM,1000,0.271552691,17.89559937,155.1119995,8.612790108,0.27155269052189723,1000,1078.4493993238086,1493.9721746916055,1182.223988164696,1531.177576350055
100461,RSN12775,137,12775, PDM,4.26,33.9538,-116.3912,7.696,211.12,1312,34.3034,-114.1415,22.8,22.9,-0.001079785,-0.001270342,0.000394694,0.000496607,0.849995751,0.16336517,88.1649696,5.179664862,6.118116656,0.34906585,2110.361806,2.174324969,3.218549053,316.5542709,CI,PDM,-999.0,886,0.392591019,0.269239266,0.361863859,0.123351753,CI.PDM,886,0.392591019,17.89559937,155.1119995,8.612790108,0.392591018898953,886,927.3121335221531,1395.3117968545723,1038.6415985523515,1376.5770610866286
100461,RSN10493,137,10493, PDM,4.45,34.1081,-117.3062,14.795,292.47,1312,34.3034,-114.1415,14.03,14.12,0.000164163,0.000155223,4.06e-05,3.54e-05,1.057595243,0.15820962,87.28589692,5.179664862,6.313637877,0.401425728,2497.360348,4.637372881,3.823226601,374.6040522,CI,PDM,-999.0,1009,0.262592949,0.269239266,0.361863859,-0.006646317,CI.PDM,1009,0.262592949,17.89559937,155.1119995,8.612790108,0.2625929491504255,1009,1098.3092089178112,1520.1027945381022,1190.7410244559271,1539.3232221141411
100461,RSN14413,137,14413, PDM,4.14,34.8632,-116.3444,6.474,211.44,1312,34.3034,-114.1415,29.25,29.33,-0.002085112,-0.001364886,0.000324569,0.00042163,1.527682302,0.164291424,88.50682814,5.179664862,6.084678138,0.488692191,2890.572064,4.945359676,4.205226007,433.5858096,CI,PDM,-999.0,1129,0.150220405,0.269239266,0.361863859,-0.119018861,CI.PDM,1129,0.150220405,17.89559937,155.1119995,8.612790108,0.1502204053543723,1129,1220.571634841599,1725.1412580861224,1262.9802285970252,1726.2739518316375
100533,RSN19345,141,19345, FIG,2.99,35.2117,-120.7977,8.96,91.34,489,34.7283,-119.988,13.1,13.27,5.66e-05,9.04e-05,1.03e-05,1.59e-05,0.625756726,0.161536567,84.94565829,5.179664862,6.166477393,0.27925268,1708.129489,3.559748428,8.776699029,256.2194234,CI,FIG,11.41846667,753,-0.431702738,-0.454797294,-0.3621727,0.023094555,CI.FIG,787,-0.475865759,31.3586998,953.3779907,13.5788002,-0.4758657589425308,787,824.168255350283,723.1321573028558,819.8475195711619,761.8912209942126
100533,RSN10060,141,10060, FIG,4.18,34.3617,-118.6637,11.151,128.18,489,34.7283,-119.988,11.0,11.29,0.001679887,0.002360424,0.000510185,0.000252241,0.711688636,0.15991472,85.43011327,5.179664862,6.233452986,0.314159265,1905.312612,6.659849113,4.626604075,285.7968918,CI,FIG,11.41846667,819,-0.515721594,-0.454797294,-0.3621727,-0.060924301,CI.FIG,856,-0.559907887,31.3586998,953.3779907,13.5788002,-0.5599078866668696,856,847.36577993044,775.3742833726508,796.6832305620529,810.286764197188
100533,RSN14178,141,14178, FIG,3.69,34.7697,-120.4993,10.11,47.04,489,34.7283,-119.988,18.28,18.41,0.000823661,0.002317106,5.62e-05,1.76e-05,0.355469629,0.157944017,78.55546148,5.179664862,6.205472367,0.174532925,1076.58512,46.79892045,41.22964413,161.487768,CI,FIG,11.41846667,626,-0.246987882,-0.454797294,-0.3621727,0.207809412,CI.FIG,654,-0.290744862,31.3586998,953.3779907,13.5788002,-0.2907448619823265,654,702.8350640517596,620.7768989764817,723.1368648392549,651.3642582366058
100533,RSN12400,141,12400, FIG,4.27,36.1466,-118.0613,4.057,235.3,489,34.7283,-119.988,25.6,26.08,0.000287586,0.00027678,2.02e-05,2.03e-05,1.039044634,0.168224253,89.24831267,5.179664862,5.943934512,0.401425728,2326.866544,14.16679803,13.7019802,349.0299816,CI,FIG,11.41846667,955,-0.669348851,-0.454797294,-0.3621727,-0.214551557,CI.FIG,998,-0.713390787,31.3586998,953.3779907,13.5788002,-0.7133907868365919,998,1123.9509204527471,932.09142571046,949.1852510686439,967.6727100394342
100533,RSN16329,141,16329, FIG,3.74,34.8456,-119.2446,12.927,69.27,489,34.7283,-119.988,19.5,19.65,0.00063932,0.001096753,7.44e-06,1.14e-05,0.5829208,0.15708414,80.0516822,5.179664862,6.270295551,0.261799388,1659.748567,56.08070175,147.4130376,248.9622851,CI,FIG,11.41846667,737,-0.410225403,-0.454797294,-0.3621727,0.044571891,CI.FIG,770,-0.454028025,31.3586998,953.3779907,13.5788002,-0.4540280253728568,770,782.4218429296359,703.3595210664256,760.0923193311716,736.5964356502194
100542,RSN8174,144,8174, BAR,4.92,33.5083,-116.5143,15.2,93.26,511,32.6801,-116.6722,27.95,28.025,-0.007474087,-0.007544349,0.00035106,0.000230456,0.990686817,0.156234031,81.22576075,5.179664862,6.325747735,0.383972435,2432.089976,32.431731,21.49019826,364.8134964,CI,BAR,-999.0,988,-0.659313108,-0.652094039,-0.559469445,-0.007219069,CI.BAR,988,-0.659313108,33.28779984,528.697998,12.70170021,-0.6593131075441638,988,918.9217039066763,808.1724465123957,803.4948721723737,805.4926086350189
100542,RSN17740,144,17740, BAR,3.63,32.7081,-116.029,7.885,60.4,511,32.6801,-116.6722,26.2375,26.3375,0.003377054,0.003335397,2.18e-05,1.23e-05,1.012489474,0.162237621,83.34397817,5.179664862,6.12225391,0.401425728,2379.490485,274.5572358,152.9998624,356.9235728,CI,BAR,-999.0,972,-0.642986214,-0.652094039,-0.559469445,0.009107824,CI.BAR,972,-0.642986214,33.28779984,528.697998,12.70170021,-0.6429862142567346,972,879.3583829190087,800.43541514975,835.0278700911498,824.9989240615688
100542,RSN14490,144,14490, BAR,4.01,33.2617,-116.0659,5.761,85.87,511,32.6801,-116.6722,30.15,30.3,0.006380578,0.006434909,2.36e-05,1.88e-05,0.991556776,0.164819806,86.75602781,5.179664862,6.057510055,0.383972435,2306.514505,339.3924468,272.6656356,345.9771758,CI,BAR,-999.0,949,-0.619039208,-0.652094039,-0.559469445,0.03305483,CI.BAR,949,-0.619039208,33.28779984,528.697998,12.70170021,-0.6190392084062237,949,833.1945584365274,799.4818913491692,831.713691688619,819.6203178204566
100542,RSN13366,144,13366, BAR,3.9,34.4032,-118.651,13.612,265.14,511,32.6801,-116.6722,11.8625,12.075,0.00013434,0.000132701,1.74e-05,3.45e-05,1.01235138,0.159008151,87.2649038,5.179664862,6.281821568,0.401425728,2427.639073,3.893913043,7.626494253,364.145861,CI,BAR,-999.0,987,-0.658300449,-0.652094039,-0.559469445,-0.006206411,CI.BAR,987,-0.658300449,33.28779984,528.697998,12.70170021,-0.6583004492297775,987,1080.2729359513885,860.1768478533592,923.7277538262036,867.4078471369974
100542,RSN9660,144,9660, BAR,4.69,35.0172,-119.0247,9.251,338.53,511,32.6801,-116.6722,10.9,11.0625,0.000388198,0.000293876,7.12e-05,6.57e-05,1.320958384,0.161833931,88.5974687,5.179664862,6.177322679,0.453785606,2746.553233,5.908645358,4.12747191,411.982985,CI,BAR,-999.0,1085,-0.752965676,-0.652094039,-0.559469445,-0.100871637,CI.BAR,1085,-0.752965676,33.28779984,528.697998,12.70170021,-0.7529656757708558,1085,949.1874675261485,917.3195955083985,902.56005239187,948.1929313155148
100542,RSN13315,144,13315, BAR,4.2,34.3768,-117.6461,8.934,208.8,511,32.6801,-116.6722,18.7,18.8875,-0.000167279,-0.000138921,1.39e-05,1.16e-05,1.204133932,0.162074588,87.80501302,5.179664862,6.165471616,0.436332313,2620.297077,14.42060345,9.994316547,393.0445616,CI,BAR,-999.0,1047,-0.717314621,-0.652094039,-0.559469445,-0.065220582,CI.BAR,1047,-0.717314621,33.28779984,528.697998,12.70170021,-0.7173146206668326,1047,1108.2000030138925,901.2346115066975,954.7632879468018,917.8560552822765
100542,RSN8306,144,8306, BAR,5.31,32.3188,-115.3215,7.0,132.88,511,32.6801,-116.6722,22.3,22.4375,0.001350812,0.001059825,0.000194451,0.00036102,1.27456166,0.163744081,87.37759854,5.179664862,6.100695365,0.453785606,2672.153597,3.741654202,5.450344817,400.8230396,CI,BAR,-999.0,1062,-0.731539612,-0.652094039,-0.559469445,-0.079445573,CI.BAR,1062,-0.731539612,33.28779984,528.697998,12.70170021,-0.7315396115981798,1062,980.6747036570424,905.6861649344,849.0692258327479,901.5716787374579
100542,RSN8315,144,8315, BAR,4.27,33.9173,-117.7758,7.0,171.6,511,32.6801,-116.6722,13.3,13.375,-0.001380542,-0.001057433,0.000304319,0.000344009,1.305559439,0.163813743,87.97863506,5.179664862,6.100695365,0.453785606,2699.534457,4.013098495,3.474751823,404.9301686,CI,BAR,-999.0,1071,-0.73997848,-0.652094039,-0.559469445,-0.087884442,CI.BAR,1071,-0.73997848,33.28779984,528.697998,12.70170021,-0.7399784802440443,1071,1057.121845539037,946.9174048449725,947.9946565361124,948.7184790960154
100542,RSN16084,144,16084, BAR,3.58,33.827,-117.0296,15.131,131.49,511,32.6801,-116.6722,26.87,26.9375,-0.000133545,-0.000112458,3.16e-05,4.45e-05,1.187505674,0.157208473,83.7963059,5.179664862,6.323730411,0.436332313,2683.717713,3.001011236,3.558797468,402.557657,CI,BAR,-999.0,1066,-0.735299015,-0.652094039,-0.559469445,-0.083204976,CI.BAR,1066,-0.735299015,33.28779984,528.697998,12.70170021,-0.7352990145220852,1066,919.8836469743524,861.5138219450838,831.3246442417085,865.0844740433153
100542,RSN15248,144,15248, BAR,3.86,34.1976,-117.3882,14.177,181.0,511,32.6801,-116.6722,26.5,26.6125,-0.000409385,-0.0003652,7.08e-05,6.36e-05,1.12098814,0.158457124,85.78979262,5.179664862,6.293825021,0.41887902,2578.843122,6.436871069,5.15819209,386.8264683,CI,BAR,-999.0,1034,-0.704820465,-0.652094039,-0.559469445,-0.052726426,CI.BAR,1034,-0.704820465,33.28779984,528.697998,12.70170021,-0.7048204648646701,1034,1096.3514956841782,887.3693515166893,952.3810916044476,898.4113263394078
100542,RSN17405,144,17405, BAR,3.66,34.2987,-116.8617,15.28,180.38,511,32.6801,-116.6722,13.9375,14.0375,-0.000122844,-0.000137978,1.55e-05,6.85e-06,0.890317094,0.157525743,85.43880107,5.179664862,6.328063842,0.366519143,2259.821259,17.93343066,8.901806452,338.9731889,CI,BAR,-999.0,934,-0.603106848,-0.652094039,-0.559469445,0.048987191,CI.BAR,934,-0.603106848,33.28779984,528.697998,12.70170021,-0.6031068480251385,934,1014.3610850093455,812.4255191042336,887.5132966979124,825.6674151402265
100542,RSN14698,144,14698, BAR,3.84,34.2268,-117.4407,8.593,185.83,511,32.6801,-116.6722,26.3,26.4625,-0.000203596,-0.000165458,1.02e-05,1.13e-05,1.230501137,0.16241909,87.63695567,5.179664862,6.151676073,0.436332313,2641.258228,18.01734513,16.22137255,396.1887342,CI,BAR,-999.0,1053,-0.723028922,-0.652094039,-0.559469445,-0.070934883,CI.BAR,1053,-0.723028922,33.28779984,528.697998,12.70170021,-0.723028921930271,1053,1077.3887638673218,909.1959132403392,946.9942823355899,928.2119374156157
100542,RSN11285,144,11285, BAR,4.78,34.1228,-116.9226,5.969,161.7,511,32.6801,-116.6722,17.7,17.8,-0.003040366,-0.003144711,0.000170983,0.000110662,0.966818776,0.164768008,88.22117969,5.179664862,6.066214653,0.383972435,2275.032959,27.4743453,18.39195125,341.2549439,CI,BAR,-999.0,939,-0.608445889,-0.652094039,-0.559469445,0.04364815,CI.BAR,939,-0.608445889,33.28779984,528.697998,12.70170021,-0.6084458890045585,939,894.0839431367581,827.196974898418,845.1722456401739,843.6769142423549
100542,RSN14980,144,14980, BAR,3.74,34.1651,-117.4332,7.875,179.26,511,32.6801,-116.6722,24.1625,24.2125,0.000258707,0.000315319,4.96e-05,0.000103555,0.820462316,0.163222529,87.78813043,5.179664862,6.12204057,0.34906585,2066.207621,2.498256965,6.357237903,309.9311432,CI,BAR,-999.0,872,-0.534419834,-0.652094039,-0.559469445,0.117674205,CI.BAR,872,-0.534419834,33.28779984,528.697998,12.70170021,-0.5344198337052752,872,905.966919204952,763.503898623829,830.6551782148932,805.9330472530468
100542,RSN15095,144,15095, BAR,3.78,34.1353,-117.4476,5.857,176.78,511,32.6801,-116.6722,23.3875,23.45,0.000374563,0.000396151,0.000100048,0.000126415,0.945506517,0.164908977,88.41020469,5.179664862,6.061617088,0.383972435,2244.613825,2.962963256,3.959609387,336.6920738,CI,BAR,-999.0,929,-0.597739149,-0.652094039,-0.559469445,0.05435489,CI.BAR,929,-0.597739149,33.28779984,528.697998,12.70170021,-0.5977391486101338,929,1018.9024157436065,848.7441497125501,905.8100587235771,870.2958379199508
100542,RSN13918,144,13918, BAR,3.79,34.2691,-117.4608,11.018,190.87,511,32.6801,-116.6722,16.4,16.525,-0.000312345,-0.000279671,4.26e-05,3.48e-05,1.116831782,0.160283764,86.96585994,5.179664862,6.230189198,0.41887902,2544.72327,8.975431034,6.565046948,381.7084905,CI,BAR,-999.0,1023,-0.694125176,-0.652094039,-0.559469445,-0.042031137,CI.BAR,1023,-0.694125176,33.28779984,528.697998,12.70170021,-0.6941251757479217,1023,1121.0268232324117,884.1211677600448,961.7069951176476,893.9192626949833
100542,RSN15535,144,15535, BAR,3.75,32.5969,-115.5741,12.269,103.45,511,32.6801,-116.6722,31.45,31.5,-0.001016337,-0.001431778,0.000228902,0.000215766,0.70984298,0.158830307,83.69550755,5.179664862,6.257951442,0.314159265,1914.900597,4.710366786,6.254982482,287.2350896,CI,BAR,-999.0,822,-0.475370805,-0.652094039,-0.559469445,0.176723234,CI.BAR,822,-0.475370805,33.28779984,528.697998,12.70170021,-0.4753708048524752,822,752.358314162731,684.8171467687083,753.5169768632613,713.7343702109567
100542,RSN10166,144,10166, BAR,4.34,35.0174,-119.1492,9.557,346.07,511,32.6801,-116.6722,7.5,7.55,1.98e-05,3.05e-05,1.02e-05,7.86e-06,0.650185066,0.161553956,88.57506134,5.179664862,6.187968323,0.296705973,1762.877371,2.519083969,2.990196078,264.4316057,CI,BAR,-999.0,772,-0.41261496,-0.652094039,-0.559469445,0.239479079,CI.BAR,772,-0.41261496,33.28779984,528.697998,12.70170021,-0.412614959821072,772,919.3570092691905,736.6523325059655,937.2216896154098,770.7680744725034
100542,RSN10395,144,10395, BAR,4.45,34.1081,-117.3062,14.795,169.01,511,32.6801,-116.6722,16.3,16.425,-0.000441505,-0.000332436,2.81e-05,3.63e-05,1.328092231,0.157849659,85.27781536,5.179664862,6.313637877,0.471238898,2833.031916,12.16267218,11.83046263,424.9547874,CI,BAR,-999.0,1111,-0.776646199,-0.652094039,-0.559469445,-0.124552161,CI.BAR,1111,-0.776646199,33.28779984,528.697998,12.70170021,-0.7766461994359259,1111,948.6868813210914,903.5896618180088,902.857410520548,917.6303224375514
100542,RSN11563,144,11563, BAR,4.51,32.8882,-115.5018,9.4,112.05,511,32.6801,-116.6722,20.55,20.6125,-9.52e-05,-0.000181605,7.07e-05,3.36e-05,0.524445548,0.16127474,85.63316104,5.179664862,6.182598645,0.244346095,1483.79777,2.833333333,2.568670438,222.5696655,CI,BAR,-999.0,764,-0.402198199,-0.652094039,-0.559469445,0.24989584,CI.BAR,764,-0.402198199,33.28779984,528.697998,12.70170021,-0.4021981989628163,764,804.7281490783629,705.2323046730921,837.0424417525575,719.6466388657486
100542,RSN16206,144,16206, BAR,3.63,32.6386,-117.3257,13.108,61.48,511,32.6801,-116.6722,22.05,22.1125,0.005958378,0.004914848,0.000529835,0.000160263,1.212321804,0.156251785,78.59093617,5.179664862,6.273463664,0.436332313,2726.588233,37.17874993,9.276185982,408.988235,CI,BAR,-999.0,1079,-0.747420375,-0.652094039,-0.559469445,-0.095326337,CI.BAR,1079,-0.747420375,33.28779984,528.697998,12.70170021,-0.7474203750544302,1079,813.226151742898,838.8746353996438,800.1049798577601,848.4354561304677
100542,RSN16241,144,16241, BAR,3.64,33.223,-116.7186,8.687,60.36,511,32.6801,-116.6722,22.725,22.7875,-0.006008492,-0.007233844,0.000330609,5.84e-05,0.830608488,0.161092319,82.57685388,5.179664862,6.155594857,0.34906585,2109.726175,102.885137,21.88036018,316.4589263,CI,BAR,-999.0,886,-0.55034736,-0.652094039,-0.559469445,0.101746678,CI.BAR,886,-0.55034736,33.28779984,528.697998,12.70170021,-0.5503473604013767,886,848.2117092116058,734.7236008984596,785.8195117864881,757.7122333042392
100542,RSN14426,144,14426, BAR,4.05,32.7091,-116.0396,7.817,59.41,511,32.6801,-116.6722,25.2625,25.325,0.008994042,0.01114028,0.000872108,0.000203689,0.807344403,0.162260653,83.29652535,5.179664862,6.120791156,0.331612558,2049.298066,44.15575706,12.77396836,307.3947099,CI,BAR,-999.0,866,-0.527515318,-0.652094039,-0.559469445,0.12457872,CI.BAR,866,-0.527515318,33.28779984,528.697998,12.70170021,-0.5275153183587307,866,789.2509679661287,718.6199494241162,759.8886563807594,748.3994267900613
100542,RSN19310,144,19310, BAR,3.64,33.938,-117.7504,13.632,171.89,511,32.6801,-116.6722,24.55,24.6125,-4.71e-05,-3.93e-05,1.34e-05,1.65e-05,1.196730658,0.15874379,85.75039627,5.179664862,6.282139913,0.436332313,2667.517867,2.854545455,2.932835821,400.1276801,CI,BAR,-999.0,1061,-0.730597548,-0.652094039,-0.559469445,-0.07850351,CI.BAR,1061,-0.730597548,33.28779984,528.697998,12.70170021,-0.7305975484102785,1061,1021.599484742412,876.9534697583613,937.8993274265374,903.2728747429153
100542,RSN15382,144,15382, BAR,3.99,34.0514,-117.2429,14.998,161.1,511,32.6801,-116.6722,23.2,23.3125,0.000606172,0.00058879,0.000127908,0.000163585,1.029521285,0.157631008,85.00006616,5.179664862,6.319789549,0.401425728,2471.089694,3.705547575,4.603230447,370.6634541,CI,BAR,-999.0,1000,-0.671385689,-0.652094039,-0.559469445,-0.01929165,CI.BAR,1000,-0.671385689,33.28779984,528.697998,12.70170021,-0.6713856887784324,1000,914.4289512004897,823.6863302749599,856.6123653443161,841.1969820698057
100542,RSN8373,144,8373, BAR,4.92,34.31,-116.848,6.3,181.97,511,32.6801,-116.6722,4.01,4.175,-0.003325676,-0.003170369,0.00019937,0.00016721,1.048987073,0.164437552,88.31344489,5.179664862,6.078701489,0.401425728,2392.474037,19.88921715,15.9019361,358.8711056,CI,BAR,-999.0,976,-0.647092996,-0.652094039,-0.559469445,0.005001042,CI.BAR,976,-0.647092996,33.28779984,528.697998,12.70170021,-0.6470929962093876,976,1040.1653923363874,886.4740999217543,918.9045115460082,893.8466693949796
100542,RSN12827,144,12827, BAR,4.02,33.7129,-116.0516,12.808,128.33,511,32.6801,-116.6722,23.92,24.0125,-0.000394199,-0.000422686,8.96e-05,8.65e-05,0.93260517,0.158851286,84.6881172,5.179664862,6.268161535,0.383972435,2311.955548,4.557213873,4.717477679,346.7933322,CI,BAR,-999.0,950,-0.620092394,-0.652094039,-0.559469445,0.032001644,CI.BAR,950,-0.620092394,33.28779984,528.697998,12.70170021,-0.6200923943908823,950,908.2992014912384,791.2426354071771,797.427648824421,796.3263076627773
100542,RSN14212,144,14212, BAR,3.94,32.7219,-116.8133,20.237,14.02,511,32.6801,-116.6722,4.9,4.9625,0.001726269,0.004618046,8.67e-05,7.47e-05,0.373809361,0.08693781,34.05008214,5.179664862,6.440435438,0.174532925,2045.023666,23.10935743,53.26465975,306.7535499,CI,BAR,-999.0,865,-0.526359917,-0.652094039,-0.559469445,0.125734122,CI.BAR,865,-0.526359917,33.28779984,528.697998,12.70170021,-0.5263599167281745,865,993.0288492411079,859.5340955259176,984.4578226822983,889.7118188774492
100542,RSN16662,144,16662, BAR,3.79,34.0456,-117.2248,15.927,159.94,511,32.6801,-116.6722,52.1,52.2,0.000361303,0.000320013,3.77e-05,3.72e-05,1.129023992,0.1568825,84.60301818,5.179664862,6.345939946,0.41887902,2614.007986,9.712446237,8.488408488,392.1011979,CI,BAR,-999.0,1045,-0.715402574,-0.652094039,-0.559469445,-0.063308536,CI.BAR,1045,-0.715402574,33.28779984,528.697998,12.70170021,-0.715402574195207,1045,965.7914261563513,866.9048071867707,891.6019892482403,883.1004002115004
100542,RSN17309,144,17309, BAR,3.56,33.4509,-116.5827,10.563,85.89,511,32.6801,-116.6722,22.075,22.175,-0.000270453,-0.000234053,8.1e-06,1.15e-05,1.155517429,0.159781845,83.50511153,5.179664862,6.218365755,0.436332313,2606.11419,23.51765217,28.8954321,390.9171285,CI,BAR,-999.0,1042,-0.712527632,-0.652094039,-0.559469445,-0.060433594,CI.BAR,1042,-0.712527632,33.28779984,528.697998,12.70170021,-0.7125276321096079,1042,833.7524795117534,821.3039933265842,813.309588545712,835.736708199681
100542,RSN10906,144,10906, BAR,4.26,33.8776,-116.2019,10.062,139.85,511,32.6801,-116.6722,24.93,25.0375,-0.000346078,-0.000400105,9.52e-05,4.47e-05,0.864967671,0.160839044,86.24297119,5.179664862,6.204033973,0.34906585,2166.555624,7.742237136,4.202783613,324.9833436,CI,BAR,-999.0,904,-0.57045977,-0.652094039,-0.559469445,0.081634268,CI.BAR,904,-0.57045977,33.28779984,528.697998,12.70170021,-0.5704597701884717,904,880.2811603662665,763.8762154100438,776.0208618114327,775.5769075028202
100542,RSN11344,144,11344, BAR,4.73,33.7328,-117.4921,10.018,139.55,511,32.6801,-116.6722,25.38,25.5125,-0.004973439,-0.003748127,0.000607637,0.000704112,1.326913092,0.160876913,86.26116135,5.179664862,6.202702587,0.453785606,2768.274879,7.063420308,6.168365323,415.2412319,CI,BAR,-999.0,1092,-0.759396566,-0.652094039,-0.559469445,-0.107302528,CI.BAR,1092,-0.759396566,33.28779984,528.697998,12.70170021,-0.7593965661011461,1092,854.3758481192658,867.3241525600025,809.2649859089267,872.6838542142417
100542,RSN16697,144,16697, BAR,3.73,33.5058,-116.7636,16.276,91.97,511,32.6801,-116.6722,29.6375,29.7625,-0.001839113,-0.00183707,1.9e-05,1.87e-05,1.001112047,0.15513776,80.36680506,5.179664862,6.3549922,0.401425728,2473.166974,98.34828877,96.68789474,370.9750461,CI,BAR,-999.0,1001,-0.672385189,-0.652094039,-0.559469445,-0.020291151,CI.BAR,1001,-0.672385189,33.28779984,528.697998,12.70170021,-0.672385189111516,1001,881.4471723086832,814.4617204399553,828.7824948601157,822.981508391692
100542,RSN17359,144,17359, BAR,3.56,33.0804,-116.4826,10.835,47.81,511,32.6801,-116.6722,21.075,21.1375,-0.008103092,-0.009329986,0.000682508,0.00051132,0.868499911,0.157078038,77.93161495,5.179664862,6.225560001,0.34906585,2223.938073,15.84739889,13.67014892,333.590711,CI,BAR,-999.0,923,-0.591259644,-0.652094039,-0.559469445,0.060834394,CI.BAR,923,-0.591259644,33.28779984,528.697998,12.70170021,-0.5912596442991473,923,822.5910898655015,753.1743263630784,774.4229441443733,770.0820868839612
100542,RSN15145,144,15145, BAR,3.9,33.867,-117.1038,11.856,137.64,511,32.6801,-116.6722,19.3,19.3875,-0.000122283,-0.000122187,2.03e-05,8.95e-06,1.00078656,0.159506271,85.4361256,5.179664862,6.24946745,0.401425728,2405.006224,13.66290503,6.019064039,360.7509336,CI,BAR,-999.0,980,-0.651182981,-0.652094039,-0.559469445,0.000911057,CI.BAR,980,-0.651182981,33.28779984,528.697998,12.70170021,-0.6511829814609129,980,913.207240604034,810.7562068251864,813.2045468286466,818.6673828629415
100542,RSN13484,144,13484, BAR,4.29,33.2262,-116.1472,10.889,77.96,511,32.6801,-116.6722,13.3875,13.4625,-0.002444952,-0.002213609,0.000152123,8.46e-05,1.104509211,0.159249986,82.58641571,5.179664862,6.226943092,0.41887902,2546.995414,28.90014184,14.55144193,382.0493121,CI,BAR,-999.0,1024,-0.695102215,-0.652094039,-0.559469445,-0.043008177,CI.BAR,1024,-0.695102215,33.28779984,528.697998,12.70170021,-0.6951022153957487,1024,897.9136678840108,827.1988589365187,806.6921441710545,828.9560183195182
100542,RSN10322,144,10322, BAR,4.63,32.3362,-115.2425,17.16,139.65,511,32.6801,-116.6722,21.45,21.7625,0.000791537,0.000721255,0.000121327,0.000121397,1.09744331,0.15576707,83.32099949,5.179664862,6.37627289,0.41887902,2595.502257,6.520235261,5.944719642,389.3253386,CI,BAR,-999.0,1039,-0.709644401,-0.652094039,-0.559469445,-0.057550362,CI.BAR,1039,-0.709644401,33.28779984,528.697998,12.70170021,-0.7096444008955229,1039,1019.5163231948386,899.3666647355518,880.6776784891618,886.6308146144141
100542,RSN9856,144,9856, BAR,4.59,34.9977,-119.1926,10.662,347.14,511,32.6801,-116.6722,5.5,5.6875,0.000356567,0.000264081,3.03e-05,3.86e-05,1.350220028,0.160682105,88.39580534,5.179664862,6.221029194,0.471238898,2802.739528,9.237487047,8.715544554,420.4109292,CI,BAR,-999.0,1102,-0.7685124,-0.652094039,-0.559469445,-0.116418361,CI.BAR,1102,-0.7685124,33.28779984,528.697998,12.70170021,-0.768512399509155,1102,963.2714232036046,918.3507728795174,911.3838344764705,932.2146965533559
100542,RSN14281,144,14281, BAR,4.19,33.4453,-116.439,8.875,87.61,511,32.6801,-116.6722,19.2125,19.275,-0.00128078,-0.001610005,6.73e-05,7.3e-06,0.795512681,0.161578269,84.76802964,5.179664862,6.16316588,0.331612558,2038.581222,175.4493151,23.92280832,305.7871833,CI,BAR,-999.0,863,-0.524045101,-0.652094039,-0.559469445,0.128048938,CI.BAR,863,-0.524045101,33.28779984,528.697998,12.70170021,-0.5240451008797233,863,820.0841093788937,711.7184855421714,752.9493338785268,733.9195793111086
100542,RSN17601,144,17601, BAR,3.52,33.5309,-117.6639,9.734,132.18,511,32.6801,-116.6722,44.13,44.1875,-0.000150685,-0.000153099,5.07e-05,4.21e-05,0.984233408,0.161094102,86.18563487,5.179664862,6.193801083,0.383972435,2350.204723,3.579216152,3.019704142,352.5307085,CI,BAR,-999.0,963,-0.633683822,-0.652094039,-0.559469445,0.018410217,CI.BAR,963,-0.633683822,33.28779984,528.697998,12.70170021,-0.6336838215944214,963,901.3523516024017,806.7708089414973,826.681650826622,816.3773366207357
100542,RSN16931,144,16931, BAR,3.63,34.1242,-116.405,9.555,162.08,511,32.6801,-116.6722,13.4,13.4375,-0.000298542,-0.000292189,0.000136862,0.00011304,1.0217415,0.161375172,86.93938074,5.179664862,6.187901101,0.401425728,2403.965575,2.641029724,2.134916924,360.5948363,CI,BAR,-999.0,979,-0.650162052,-0.652094039,-0.559469445,0.001931986,CI.BAR,979,-0.650162052,33.28779984,528.697998,12.70170021,-0.6501620523268059,979,965.1792241594792,816.7256519953461,872.0998180034687,836.0389140070463
100542,RSN15726,144,15726, BAR,3.81,32.9942,-116.2977,5.726,49.42,511,32.6801,-116.6722,21.52,21.55,0.001617796,0.00167685,0.000469028,0.00035787,0.964783105,0.164331644,84.37687658,5.179664862,6.055972626,0.383972435,2278.375266,4.520624808,3.575159692,341.7562899,CI,BAR,-999.0,940,-0.609510285,-0.652094039,-0.559469445,0.042583753,CI.BAR,940,-0.609510285,33.28779984,528.697998,12.70170021,-0.6095102850603453,940,808.3952308070857,798.2603247995265,827.9762887366367,816.4026159205954
100542,RSN18320,144,18320, BAR,3.05,33.5043,-116.561,11.461,91.99,511,32.6801,-116.6722,14.52,14.5875,-0.000285974,-0.000280787,3.41e-05,3.45e-05,1.018472196,0.159165567,83.37007094,5.179664862,6.240750508,0.401425728,2433.140385,8.289101449,8.234222874,364.9710578,CI,BAR,-999.0,989,-0.660324741,-0.652094039,-0.559469445,-0.008230703,CI.BAR,989,-0.660324741,33.28779984,528.697998,12.70170021,-0.6603247414190081,989,859.3809132260448,798.7442436860778,795.2285285105592,806.3948915934458
100542,RSN12913,144,12913, BAR,4.41,32.707,-116.04,10.16,59.36,511,32.6801,-116.6722,22.1,22.1875,0.006573243,0.005798287,0.000216383,0.000142322,1.133652543,0.159137191,81.02534428,5.179664862,6.206955363,0.41887902,2582.205145,46.18571268,26.7964073,387.3307718,CI,BAR,-999.0,1035,-0.705787115,-0.652094039,-0.559469445,-0.053693077,CI.BAR,1035,-0.705787115,33.28779984,528.697998,12.70170021,-0.7057871154957649,1035,907.0455381142062,841.495255601261,817.1611155585081,837.4761035369894
100542,RSN8981,144,8981, BAR,5.2,33.5328,-116.5697,15.48,95.05,511,32.6801,-116.6722,19.4,19.575,-0.034950494,-0.027720375,0.00024097,0.0005413,1.260823297,0.156043831,81.24284539,5.179664862,6.333749326,0.453785606,2790.429317,64.56769629,115.0366228,418.5643976,CI,BAR,-999.0,1098,-0.764876032,-0.652094039,-0.559469445,-0.112781993,CI.BAR,1098,-0.764876032,33.28779984,528.697998,12.70170021,-0.7648760318657715,1098,818.6226484999373,846.6399944451891,783.0216001491146,851.6530847552281
100542,RSN9318,144,9318, BAR,4.88,34.0655,-117.0011,17.501,156.67,511,32.6801,-116.6722,14.7,14.7875,-0.003782654,-0.00294216,0.000896035,0.001183636,1.285672397,0.155763713,83.92328967,5.179664862,6.383907006,0.453785606,2819.921233,3.195791612,3.283532451,422.988185,CI,BAR,-999.0,1107,-0.773039343,-0.652094039,-0.559469445,-0.120945304,CI.BAR,1107,-0.773039343,33.28779984,528.697998,12.70170021,-0.7730393425049327,1107,873.9691100963445,902.1891064520831,886.879758263804,911.2914125329368
100542,RSN15551,144,15551, BAR,4.06,32.6823,-116.088,9.762,54.79,511,32.6801,-116.6722,22.6375,22.7375,0.011962537,0.011192174,6.47e-05,4.31e-05,1.068830542,0.159266454,80.61272501,5.179664862,6.194703173,0.401425728,2494.514489,277.5530626,172.9856878,374.1771734,CI,BAR,-999.0,1008,-0.679353858,-0.652094039,-0.559469445,-0.02725982,CI.BAR,1008,-0.679353858,33.28779984,528.697998,12.70170021,-0.6793538584276098,1008,857.5541330748598,805.4125283346611,819.7278007668688,818.031365275962
100542,RSN15684,144,15684, BAR,3.81,32.4923,-116.8468,13.18,26.5,511,32.6801,-116.6722,15.9125,15.975,-0.005233558,-0.006184334,0.000107345,0.000108726,0.84626061,0.143271042,64.02465619,5.179664862,6.274698597,0.34906585,2399.818601,48.13529423,57.61175649,359.9727902,CI,BAR,-999.0,978,-0.64914008,-0.652094039,-0.559469445,0.002953959,CI.BAR,978,-0.64914008,33.28779984,528.697998,12.70170021,-0.6491400798311133,978,894.8050870726406,802.6218592696938,831.2040231300184,819.7612066971005
100542,RSN16862,144,16862, BAR,3.6,34.2088,-117.5824,7.536,189.5,511,32.6801,-116.6722,12.75,12.8125,-3.61e-05,-3.74e-05,1.21e-05,1.17e-05,0.964012607,0.163448743,88.00885932,5.179664862,6.114431914,0.383972435,2289.653679,3.085470085,3.090909091,343.4480519,CI,BAR,-999.0,943,-0.612696692,-0.652094039,-0.559469445,0.039397346,CI.BAR,943,-0.612696692,33.28779984,528.697998,12.70170021,-0.6126966924297532,943,995.9740123854058,848.4901805016161,899.0778039032581,867.8211993671753
100542,RSN13206,144,13206, BAR,4.19,34.3571,-116.8418,9.486,186.67,511,32.6801,-116.6722,20.1,20.2,-0.000230845,-0.000218612,6.02e-05,4.68e-05,1.055958059,0.161496947,87.37366808,5.179664862,6.185563454,0.401425728,2444.538793,4.93258547,3.631428571,366.680819,CI,BAR,-999.0,992,-0.663353517,-0.652094039,-0.559469445,-0.011259479,CI.BAR,992,-0.663353517,33.28779984,528.697998,12.70170021,-0.663353517081168,992,1088.1750841668475,852.3917842908198,933.1722592705506,860.4314029620408
100542,RSN16743,144,16743, BAR,3.72,33.1099,-116.0467,7.494,75.48,511,32.6801,-116.6722,12.875,12.925,0.001380189,0.001573617,9.16e-05,0.000141608,0.877080738,0.162947904,84.98475643,5.179664862,6.113435346,0.366519143,2165.128335,9.746546805,17.17922489,324.7692503,CI,BAR,-999.0,904,-0.57045977,-0.652094039,-0.559469445,0.081634268,CI.BAR,904,-0.57045977,33.28779984,528.697998,12.70170021,-0.5704597701884717,904,832.0673921732356,752.984484366038,798.0343856972252,787.9708048468993
100542,RSN17831,144,17831, BAR,3.14,33.0622,-115.8937,7.729,84.29,511,32.6801,-116.6722,27.8,27.8875,0.000341337,0.000390956,2e-05,9.5e-06,0.873083551,0.162894805,85.36503702,5.179664862,6.11885537,0.366519143,2159.884332,35.93021053,19.5478,323.9826498,CI,BAR,-999.0,902,-0.56824493,-0.652094039,-0.559469445,0.083849109,CI.BAR,902,-0.56824493,33.28779984,528.697998,12.70170021,-0.5682449298589196,902,826.8378350578255,748.1801215373475,800.28713019002,782.4842630686171
100542,RSN16575,144,16575, BAR,3.69,33.735,-117.4936,9.693,139.83,511,32.6801,-116.6722,11.45,11.5375,0.000582396,0.000536764,0.000153152,0.000218796,1.085013103,0.161167,86.39554364,5.179664862,6.192470162,0.41887902,2494.025088,2.661821971,3.504779565,374.1037632,CI,BAR,-999.0,1008,-0.679353858,-0.652094039,-0.559469445,-0.02725982,CI.BAR,1008,-0.679353858,33.28779984,528.697998,12.70170021,-0.6793538584276098,1008,967.5003110963727,838.3389380826653,855.0930596809312,845.7593664895722
100542,RSN15483,144,15483, BAR,3.88,33.1624,-115.9772,9.013,84.18,511,32.6801,-116.6722,22.7,22.75,0.00050778,0.000468649,0.000161422,0.000156497,1.08349733,0.161363504,84.48563084,5.179664862,6.168508418,0.41887902,2489.206221,3.244662837,2.903253584,373.3809332,CI,BAR,-999.0,1006,-0.67736776,-0.652094039,-0.559469445,-0.025273722,CI.BAR,1006,-0.67736776,33.28779984,528.697998,12.70170021,-0.6773677604559802,1006,911.7274409539292,812.7725206735576,841.1473183773159,833.3844817599538
100542,RSN18343,144,18343, BAR,3.34,33.5022,-116.5193,11.15,92.29,511,32.6801,-116.6722,14.55,14.7,-0.000781467,-0.00057751,2.48e-05,2.15e-05,1.353167201,0.159436655,83.63562262,5.179664862,6.233428753,0.471238898,2827.236388,36.34730233,23.28669355,424.0854582,CI,BAR,-999.0,1110,-0.775745704,-0.652094039,-0.559469445,-0.123651666,CI.BAR,1110,-0.775745704,33.28779984,528.697998,12.70170021,-0.7757457041026754,1110,811.6886400673477,858.5836224184031,819.4137479184643,871.4657461444752
100542,RSN12591,144,12591, BAR,4.11,33.5089,-116.8485,12.274,93.38,511,32.6801,-116.6722,15.38,15.425,-0.005331617,-0.004974718,0.001040867,0.001837066,1.071742569,0.158607712,83.01360826,5.179664862,6.258050482,0.401425728,2508.418667,2.902245755,4.779398329,376.2628001,CI,BAR,-999.0,1012,-0.68331426,-0.652094039,-0.559469445,-0.031220221,CI.BAR,1012,-0.68331426,33.28779984,528.697998,12.70170021,-0.6833142596437067,1012,872.4777370491959,806.1167819219689,794.4643504131262,812.9539712695158
100542,RSN15611,144,15611, BAR,3.87,33.7513,-116.0218,8.756,133.38,511,32.6801,-116.6722,21.9,22.0125,-7.41e-05,-8.2e-05,4.58e-06,7.64e-06,0.904063531,0.162099889,86.63730519,5.179664862,6.158414042,0.366519143,2216.085985,9.69895288,17.90393013,332.4128978,CI,BAR,-999.0,920,-0.58800408,-0.652094039,-0.559469445,0.064089959,CI.BAR,920,-0.58800408,33.28779984,528.697998,12.70170021,-0.588004079839382,920,891.516450288343,777.8858161416555,824.2411919407806,818.5237159976165
100542,RSN12003,144,12003, BAR,4.37,34.0559,-117.2442,15.833,161.61,511,32.6801,-116.6722,20.3,20.425,0.000440498,0.000408443,7.67e-05,4.62e-05,1.078481818,0.156970239,84.70346213,5.179664862,6.343433553,0.41887902,2552.790869,9.534588745,5.325202086,382.9186304,CI,BAR,-999.0,1026,-0.697053436,-0.652094039,-0.559469445,-0.044959397,CI.BAR,1026,-0.697053436,33.28779984,528.697998,12.70170021,-0.6970534355270104,1026,959.5074514937783,856.4660026936687,868.6619911625695,864.167499978151
100543,RSN17416,145,17416, BBR,3.73,35.2675,-117.3498,7.92,118.23,356,34.2623,-116.9208,33.47,33.53,-0.000224257,-0.00081855,6.84e-05,3.44e-05,0.273968308,0.163028914,86.58605634,5.179664862,6.122995859,0.13962634,818.2999892,6.519098837,11.96710526,122.7449984,CI,BBR,0.933333333,506,-0.351605938,0.470744315,0.563368909,-0.822350254,CI.BBR,506,-0.351605938,4.674680233,2075.679932,6.031939983,-0.3516059384354353,506,486.1407043259062,443.1725002825582,345.2351237849408,396.89393655956286
100543,RSN19358,145,19358, BBR,3.43,34.1381,-117.4717,5.767,52.61,356,34.2623,-116.9208,26.21,26.29,0.000280176,0.004912846,0.000136795,3.56e-05,0.057029164,0.164360781,84.660045,5.179664862,6.057771424,0.034906585,173.3117792,7.87011236,35.9139296,25.99676688,CI,BBR,0.933333333,180,0.68197388,0.470744315,0.563368909,0.211229565,CI.BBR,180,0.68197388,4.674680233,2075.679932,6.031939983,0.68197387996182,180,304.5388005226532,267.54188655341545,245.47111872339812,241.51216333289534
100543,RSN16863,145,16863, BBR,3.6,34.2088,-117.5824,7.536,61.24,356,34.2623,-116.9208,12.52,12.61,0.000320049,0.004439229,0.000170917,8.61e-05,0.072095687,0.162585677,83.78309333,5.179664862,6.114431914,0.034906585,221.2768446,3.7171777,25.97301029,33.19152669,CI,BBR,0.933333333,217,0.495033377,0.470744315,0.563368909,0.024289062,CI.BBR,217,0.495033377,4.674680233,2075.679932,6.031939983,0.4950333773115707,217,364.7851222699763,319.4684830954802,294.28038162793877,290.49619451834445
100543,RSN10396,145,10396, BBR,4.45,34.1081,-117.3062,14.795,39.43,356,34.2623,-116.9208,15.38,15.46,-0.001373567,-0.025169707,0.000778015,6.98e-05,0.054572214,0.148880483,70.04777057,5.179664862,6.313637877,0.034906585,183.1143642,19.67861032,32.35118475,27.46715463,CI,BBR,0.933333333,187,0.643822114,0.470744315,0.563368909,0.173077799,CI.BBR,187,0.643822114,4.674680233,2075.679932,6.031939983,0.6438221139974436,187,273.21276279818176,259.60457719688856,247.90441361965136,246.53792018524618
100543,RSN14526,145,14526, BBR,3.78,34.0294,-116.7534,14.93,30.1,356,34.2623,-116.9208,19.61,19.67,0.000450125,-0.011838103,6.46e-05,6.35e-05,0.038023399,0.142677712,64.34293882,5.179664862,6.317747533,0.017453293,133.1733279,7.088582677,183.2523684,19.97599919,CI,BBR,0.933333333,147,0.884498144,0.470744315,0.563368909,0.413753829,CI.BBR,147,0.884498144,4.674680233,2075.679932,6.031939983,0.8844981440732944,147,209.44941643174965,204.02344292184813,194.37678809795338,195.640668127593
100545,RSN15129,146,15129, RSS,3.78,34.1353,-117.4476,5.857,21.15,360,33.9733,-117.3267,20.13,20.2,-0.001949399,-0.011619016,0.0007086,0.00071096,0.16777663,0.16031288,76.34996733,5.179664862,6.061617088,0.087266463,518.0320267,2.741925003,16.39714366,77.70480401,CI,RSS,2.05,382,-0.059316577,0.040539018,0.133163611,-0.099855595,CI.RSS,382,-0.059316577,7.158249855,331.2420044,3.277760029,-0.05931657715641947,382,379.7454348264728,374.59169388278275,382.9475847773026,376.58029913639723
100545,RSN13883,146,13883, RSS,4.17,34.3277,-116.829,4.957,60.43,360,33.9733,-117.3267,19.16,19.22,-0.000816418,-0.00545544,0.000470554,0.000249089,0.149652137,0.165861547,86.16304442,5.179664862,6.015610792,0.06981317,447.2598873,3.277615631,11.59365344,67.0889831,CI,RSS,2.05,350,0.028170877,0.040539018,0.133163611,-0.012368141,CI.RSS,350,0.028170877,7.158249855,331.2420044,3.277760029,0.028170876966696845,350,360.93914962402266,355.49335287913914,347.6136147570394,351.0367797917569
100545,RSN12030,146,12030, RSS,4.37,34.0559,-117.2442,15.833,11.92,360,33.9733,-117.3267,24.6,24.63,-0.001226636,-0.017689204,0.004819569,0.000340156,0.069343769,0.093903052,36.56025077,5.179664862,6.343433553,0.034906585,368.5706049,3.606098378,3.67028753,55.28559074,CI,RSS,2.05,309,0.152762755,0.040539018,0.133163611,0.112223736,CI.RSS,309,0.152762755,7.158249855,331.2420044,3.277760029,0.15276275455240995,309,412.8915899801011,402.43664005092387,439.9460899019962,415.1196359262505
100550,RSN16334,148,16334, LCP,3.74,34.8456,-119.2446,12.927,95.54,259,34.7355,-120.28,22.4,22.56,0.000149974,0.001371996,0.000135852,5.93e-05,0.109310554,0.158213637,82.76878145,5.179664862,6.270295551,0.052359878,343.8785432,2.529072513,10.09919618,51.58178148,CI,LCP,-999.0,294,-0.126751706,-0.453355065,-0.360730472,0.32660336,CI.LCP,294,-0.126751706,13.99709988,229.7550049,7.260879993,-0.12675170563914406,294,328.42920797473784,361.0325189382711,322.0222849416921,346.40429028495095
100550,RSN11929,148,11929, LCP,4.27,34.3874,-119.4398,6.219,86.24,259,34.7355,-120.28,26.3,26.42,0.000965969,0.005449462,0.000579496,0.000161621,0.177259427,0.164270957,86.4447287,5.179664862,6.075787581,0.087266463,533.2819536,5.976754258,9.403795712,79.99229304,CI,LCP,-999.0,388,-0.404177278,-0.453355065,-0.360730472,0.049177788,CI.LCP,388,-0.404177278,13.99709988,229.7550049,7.260879993,-0.40417727792373626,388,373.7610401587827,358.8934067376615,370.1495163314232,353.5389198245857
100550,RSN15065,148,15065, LCP,3.52,34.2871,-119.6948,5.225,73.22,259,34.7355,-120.28,23.4,23.46,0.000267033,0.001047162,0.000381252,0.000105999,0.255005889,0.165509476,86.59451355,5.179664862,6.0312809,0.122173048,752.0985992,2.519203011,2.746640018,112.8147899,CI,LCP,-999.0,478,-0.612782671,-0.453355065,-0.360730472,-0.159427605,CI.LCP,478,-0.612782671,13.99709988,229.7550049,7.260879993,-0.6127826707919191,478,470.69475499699007,431.6091116643436,368.54445846525766,389.9195571024866
100550,RSN10081,148,10081, LCP,4.18,34.3617,-118.6637,11.151,154.04,259,34.7355,-120.28,5.81,6.13,0.000177112,0.000660489,3.19e-05,6.15e-05,0.268152776,0.160068177,86.17929531,5.179664862,6.233452986,0.13962634,816.9255485,2.879869919,20.70498433,122.5388323,CI,LCP,-999.0,506,-0.669708608,-0.453355065,-0.360730472,-0.216353542,CI.LCP,506,-0.669708608,13.99709988,229.7550049,7.260879993,-0.6697086075879284,506,501.7793082262509,451.6979048713776,387.29008196086363,410.42469674262594
